Copyright 1986-2022 Xilinx, Inc. All Rights Reserved. Copyright 2022-2025 Advanced Micro Devices, Inc. All Rights Reserved.
----------------------------------------------------------------------------------------------------------------------------------------------------------------------------------------------------------------------------------------------
| Tool Version      : Vivado v.2025.1 (lin64) Build 6140274 Wed May 21 22:58:25 MDT 2025
| Date              : Mon Sep 22 18:20:21 2025
| Host              : e-ubuntu running 64-bit Ubuntu 24.04.3 LTS
| Command           : report_timing_summary -max_paths 10 -file OSDZU3x_BYOTEE_wrapper_timing_summary_routed.rpt -pb OSDZU3x_BYOTEE_wrapper_timing_summary_routed.pb -rpx OSDZU3x_BYOTEE_wrapper_timing_summary_routed.rpx -warn_on_violation
| Design            : OSDZU3x_BYOTEE_wrapper
| Device            : xczu3eg-sfvc784
| Speed File        : -1  PRODUCTION 1.30 05-15-2022
| Design State      : Routed
| Temperature Grade : E
----------------------------------------------------------------------------------------------------------------------------------------------------------------------------------------------------------------------------------------------

Timing Summary Report

------------------------------------------------------------------------------------------------
| Timer Settings
| --------------
------------------------------------------------------------------------------------------------

  Enable Multi Corner Analysis               :  Yes
  Enable Pessimism Removal                   :  Yes
  Pessimism Removal Resolution               :  Nearest Common Node
  Enable Input Delay Default Clock           :  No
  Enable Preset / Clear Arcs                 :  No
  Disable Flight Delays                      :  Yes
  Ignore I/O Paths                           :  No
  Timing Early Launch at Borrowing Latches   :  No
  Borrow Time for Max Delay Exceptions       :  Yes
  Merge Timing Exceptions                    :  Yes
  Inter-SLR Compensation                     :  Conservative

  Corner  Analyze    Analyze    
  Name    Max Paths  Min Paths  
  ------  ---------  ---------  
  Slow    Yes        Yes        
  Fast    Yes        Yes        


------------------------------------------------------------------------------------------------
| Report Methodology
| ------------------
------------------------------------------------------------------------------------------------

Rule       Severity  Description                                                                                            Violations  
---------  --------  -----------------------------------------------------------------------------------------------------  ----------  
LUTAR-1    Warning   LUT drives async reset alert                                                                           14          
TIMING-9   Warning   Unknown CDC Logic                                                                                      1           
TIMING-10  Warning   Missing property on synchronizer                                                                       1           
TIMING-18  Warning   Missing input or output delay                                                                          16          
TIMING-30  Warning   Sub-optimal master source pin selection for generated clock                                            1           
TIMING-47  Warning   False path, asynchronous clock group or max delay datapath only constraint between synchronous clocks  5           

Note: This report is based on the most recent report_methodology run and may not be up-to-date. Run report_methodology on the current design for the latest report.



check_timing report

Table of Contents
-----------------
1. checking no_clock (0)
2. checking constant_clock (0)
3. checking pulse_width_clock (0)
4. checking unconstrained_internal_endpoints (0)
5. checking no_input_delay (8)
6. checking no_output_delay (8)
7. checking multiple_clock (0)
8. checking generated_clocks (0)
9. checking loops (0)
10. checking partial_input_delay (0)
11. checking partial_output_delay (0)
12. checking latch_loops (0)

1. checking no_clock (0)
------------------------
 There are 0 register/latch pins with no clock.


2. checking constant_clock (0)
------------------------------
 There are 0 register/latch pins with constant_clock.


3. checking pulse_width_clock (0)
---------------------------------
 There are 0 register/latch pins which need pulse_width check


4. checking unconstrained_internal_endpoints (0)
------------------------------------------------
 There are 0 pins that are not constrained for maximum delay.

 There are 0 pins that are not constrained for maximum delay due to constant clock.


5. checking no_input_delay (8)
------------------------------
 There are 8 input ports with no input delay specified. (HIGH)

 There are 0 input ports with no input delay but user has a false path constraint.


6. checking no_output_delay (8)
-------------------------------
 There are 8 ports with no output delay specified. (HIGH)

 There are 0 ports with no output delay but user has a false path constraint

 There are 0 ports with no output delay but with a timing clock defined on it or propagating through it


7. checking multiple_clock (0)
------------------------------
 There are 0 register/latch pins with multiple clocks.


8. checking generated_clocks (0)
--------------------------------
 There are 0 generated clocks that are not connected to a clock source.


9. checking loops (0)
---------------------
 There are 0 combinational loops in the design.


10. checking partial_input_delay (0)
------------------------------------
 There are 0 input ports with partial input delay specified.


11. checking partial_output_delay (0)
-------------------------------------
 There are 0 ports with partial output delay specified.


12. checking latch_loops (0)
----------------------------
 There are 0 combinational latch loops in the design through latch input



------------------------------------------------------------------------------------------------
| Design Timing Summary
| ---------------------
------------------------------------------------------------------------------------------------

    WNS(ns)      TNS(ns)  TNS Failing Endpoints  TNS Total Endpoints      WHS(ns)      THS(ns)  THS Failing Endpoints  THS Total Endpoints     WPWS(ns)     TPWS(ns)  TPWS Failing Endpoints  TPWS Total Endpoints  
    -------      -------  ---------------------  -------------------      -------      -------  ---------------------  -------------------     --------     --------  ----------------------  --------------------  
      4.354        0.000                      0                24041        0.013        0.000                      0                24041        3.500        0.000                       0                  8677  


All user specified timing constraints are met.


------------------------------------------------------------------------------------------------
| Clock Summary
| -------------
------------------------------------------------------------------------------------------------

Clock                                                                                                    Waveform(ns)       Period(ns)      Frequency(MHz)
-----                                                                                                    ------------       ----------      --------------
OSDZU3x_BYOTEE_i/mdm_1/U0/Use_E2.BSCAN_I/Use_E2.BSCANE2_I/INTERNAL_TCK                                   {0.000 16.666}     33.333          30.000          
  OSDZU3x_BYOTEE_i/mdm_1/U0/MDM_Core_I1/JTAG_CONTROL_I/Test_Access_Port.BUFG_UPDATE/Using_FPGA.Native/O  {0.000 33.333}     66.666          15.000          
  OSDZU3x_BYOTEE_i/mdm_1/U0/Use_E2.BSCAN_I/Use_E2.BSCANE2_I/TCK                                          {0.000 16.666}     33.333          30.000          
  OSDZU3x_BYOTEE_i/mdm_1/U0/Use_E2.BSCAN_I/Use_E2.BSCANE2_I/UPDATE                                       {0.000 33.333}     66.666          15.000          
clk_pl_0                                                                                                 {0.000 5.000}      10.000          100.000         


------------------------------------------------------------------------------------------------
| Intra Clock Table
| -----------------
------------------------------------------------------------------------------------------------

Clock                                                                                                        WNS(ns)      TNS(ns)  TNS Failing Endpoints  TNS Total Endpoints      WHS(ns)      THS(ns)  THS Failing Endpoints  THS Total Endpoints     WPWS(ns)     TPWS(ns)  TPWS Failing Endpoints  TPWS Total Endpoints  
-----                                                                                                        -------      -------  ---------------------  -------------------      -------      -------  ---------------------  -------------------     --------     --------  ----------------------  --------------------  
OSDZU3x_BYOTEE_i/mdm_1/U0/Use_E2.BSCAN_I/Use_E2.BSCANE2_I/INTERNAL_TCK                                        25.895        0.000                      0                    1        0.432        0.000                      0                    1                                                                          
  OSDZU3x_BYOTEE_i/mdm_1/U0/MDM_Core_I1/JTAG_CONTROL_I/Test_Access_Port.BUFG_UPDATE/Using_FPGA.Native/O       62.496        0.000                      0                  235        0.044        0.000                      0                  235       33.058        0.000                       0                   185  
  OSDZU3x_BYOTEE_i/mdm_1/U0/Use_E2.BSCAN_I/Use_E2.BSCANE2_I/TCK                                               12.450        0.000                      0                  729        0.025        0.000                      0                  729       16.093        0.000                       0                   433  
  OSDZU3x_BYOTEE_i/mdm_1/U0/Use_E2.BSCAN_I/Use_E2.BSCANE2_I/UPDATE                                                                                                                                                                                        33.058        0.000                       0                    11  
clk_pl_0                                                                                                       4.354        0.000                      0                22692        0.013        0.000                      0                22692        3.500        0.000                       0                  8048  


------------------------------------------------------------------------------------------------
| Inter Clock Table
| -----------------
------------------------------------------------------------------------------------------------

From Clock    To Clock          WNS(ns)      TNS(ns)  TNS Failing Endpoints  TNS Total Endpoints      WHS(ns)      THS(ns)  THS Failing Endpoints  THS Total Endpoints  
----------    --------          -------      -------  ---------------------  -------------------      -------      -------  ---------------------  -------------------  


------------------------------------------------------------------------------------------------
| Other Path Groups Table
| -----------------------
------------------------------------------------------------------------------------------------

Path Group         From Clock         To Clock               WNS(ns)      TNS(ns)  TNS Failing Endpoints  TNS Total Endpoints      WHS(ns)      THS(ns)  THS Failing Endpoints  THS Total Endpoints  
----------         ----------         --------               -------      -------  ---------------------  -------------------      -------      -------  ---------------------  -------------------  
**async_default**  clk_pl_0           clk_pl_0                 8.244        0.000                      0                  384        0.165        0.000                      0                  384  


------------------------------------------------------------------------------------------------
| Timing Details
| --------------
------------------------------------------------------------------------------------------------


---------------------------------------------------------------------------------------------------
From Clock:  OSDZU3x_BYOTEE_i/mdm_1/U0/Use_E2.BSCAN_I/Use_E2.BSCANE2_I/INTERNAL_TCK
  To Clock:  OSDZU3x_BYOTEE_i/mdm_1/U0/Use_E2.BSCAN_I/Use_E2.BSCANE2_I/INTERNAL_TCK

Setup :            0  Failing Endpoints,  Worst Slack       25.895ns,  Total Violation        0.000ns
Hold  :            0  Failing Endpoints,  Worst Slack        0.432ns,  Total Violation        0.000ns
PW    :           NA  Failing Endpoints,  Worst Slack           NA  ,  Total Violation           NA
---------------------------------------------------------------------------------------------------


Max Delay Paths
--------------------------------------------------------------------------------------
Slack (MET) :             25.895ns  (required time - arrival time)
  Source:                 OSDZU3x_BYOTEE_i/mdm_1/U0/Use_E2.BSCAN_I/Use_E2.BSCANE2_I/INTERNAL_TCK
                            (falling edge-triggered cell BSCANE2 clocked by OSDZU3x_BYOTEE_i/mdm_1/U0/Use_E2.BSCAN_I/Use_E2.BSCANE2_I/INTERNAL_TCK  {rise@0.000ns fall@16.667ns period=33.333ns})
  Destination:            OSDZU3x_BYOTEE_i/mdm_1/U0/Use_E2.BSCAN_I/Use_E2.BSCANE2_I/TDO
                            (falling edge-triggered cell BSCANE2 clocked by OSDZU3x_BYOTEE_i/mdm_1/U0/Use_E2.BSCAN_I/Use_E2.BSCANE2_I/INTERNAL_TCK  {rise@0.000ns fall@16.667ns period=33.333ns})
  Path Group:             OSDZU3x_BYOTEE_i/mdm_1/U0/Use_E2.BSCAN_I/Use_E2.BSCANE2_I/INTERNAL_TCK
  Path Type:              Setup (Max at Slow Process Corner)
  Requirement:            33.333ns  (OSDZU3x_BYOTEE_i/mdm_1/U0/Use_E2.BSCAN_I/Use_E2.BSCANE2_I/INTERNAL_TCK fall@50.000ns - OSDZU3x_BYOTEE_i/mdm_1/U0/Use_E2.BSCAN_I/Use_E2.BSCANE2_I/INTERNAL_TCK fall@16.667ns)
  Data Path Delay:        7.403ns  (logic 5.162ns (69.732%)  route 2.241ns (30.268%))
  Logic Levels:           1  (LUT5=1)
  Clock Uncertainty:      0.035ns  ((TSJ^2 + TIJ^2)^1/2 + DJ) / 2 + PE
    Total System Jitter     (TSJ):    0.071ns
    Total Input Jitter      (TIJ):    0.000ns
    Discrete Jitter          (DJ):    0.000ns
    Phase Error              (PE):    0.000ns

    Location             Delay type                Incr(ns)  Path(ns)    Netlist Resource(s)
  -------------------------------------------------------------------    -------------------
                         (clock OSDZU3x_BYOTEE_i/mdm_1/U0/Use_E2.BSCAN_I/Use_E2.BSCANE2_I/INTERNAL_TCK fall edge)
                                                     16.667    16.667 f  
    CONFIG_SITE_X0Y0     BSCANE2                      0.000    16.667 f  OSDZU3x_BYOTEE_i/mdm_1/U0/Use_E2.BSCAN_I/Use_E2.BSCANE2_I/INTERNAL_TCK
  -------------------------------------------------------------------    -------------------
    CONFIG_SITE_X0Y0     BSCANE2 (Prop_BSCAN2_CONFIG_SITE_INTERNAL_TCK_CAPTURE)
                                                      5.100    21.767 r  OSDZU3x_BYOTEE_i/mdm_1/U0/Use_E2.BSCAN_I/Use_E2.BSCANE2_I/CAPTURE
                         net (fo=5, routed)           1.030    22.796    OSDZU3x_BYOTEE_i/mdm_1/U0/Use_E2.BSCAN_I/Use_E2.BSCANE2_I_n_0
    SLICE_X37Y104        LUT5 (Prop_F6LUT_SLICEM_I2_O)
                                                      0.062    22.858 r  OSDZU3x_BYOTEE_i/mdm_1/U0/Use_E2.BSCAN_I/Use_E2.BSCANE2_I_i_1/O
                         net (fo=1, routed)           1.211    24.069    OSDZU3x_BYOTEE_i/mdm_1/U0/Use_E2.BSCAN_I/m_bscan_tdo
    CONFIG_SITE_X0Y0     BSCANE2                                      r  OSDZU3x_BYOTEE_i/mdm_1/U0/Use_E2.BSCAN_I/Use_E2.BSCANE2_I/TDO
  -------------------------------------------------------------------    -------------------

                         (clock OSDZU3x_BYOTEE_i/mdm_1/U0/Use_E2.BSCAN_I/Use_E2.BSCANE2_I/INTERNAL_TCK fall edge)
                                                     50.000    50.000 f  
    CONFIG_SITE_X0Y0     BSCANE2                      0.000    50.000 f  OSDZU3x_BYOTEE_i/mdm_1/U0/Use_E2.BSCAN_I/Use_E2.BSCANE2_I/INTERNAL_TCK
                         clock pessimism              0.000    50.000    
                         clock uncertainty           -0.035    49.964    
    CONFIG_SITE_X0Y0     BSCANE2 (Setup_BSCAN2_CONFIG_SITE_INTERNAL_TCK_TDO)
                                                      0.000    49.964    OSDZU3x_BYOTEE_i/mdm_1/U0/Use_E2.BSCAN_I/Use_E2.BSCANE2_I
  -------------------------------------------------------------------
                         required time                         49.964    
                         arrival time                         -24.069    
  -------------------------------------------------------------------
                         slack                                 25.895    





Min Delay Paths
--------------------------------------------------------------------------------------
Slack (MET) :             0.432ns  (arrival time - required time)
  Source:                 OSDZU3x_BYOTEE_i/mdm_1/U0/Use_E2.BSCAN_I/Use_E2.BSCANE2_I/INTERNAL_TCK
                            (falling edge-triggered cell BSCANE2 clocked by OSDZU3x_BYOTEE_i/mdm_1/U0/Use_E2.BSCAN_I/Use_E2.BSCANE2_I/INTERNAL_TCK  {rise@0.000ns fall@16.667ns period=33.333ns})
  Destination:            OSDZU3x_BYOTEE_i/mdm_1/U0/Use_E2.BSCAN_I/Use_E2.BSCANE2_I/TDO
                            (falling edge-triggered cell BSCANE2 clocked by OSDZU3x_BYOTEE_i/mdm_1/U0/Use_E2.BSCAN_I/Use_E2.BSCANE2_I/INTERNAL_TCK  {rise@0.000ns fall@16.667ns period=33.333ns})
  Path Group:             OSDZU3x_BYOTEE_i/mdm_1/U0/Use_E2.BSCAN_I/Use_E2.BSCANE2_I/INTERNAL_TCK
  Path Type:              Hold (Min at Fast Process Corner)
  Requirement:            0.000ns  (OSDZU3x_BYOTEE_i/mdm_1/U0/Use_E2.BSCAN_I/Use_E2.BSCANE2_I/INTERNAL_TCK fall@16.667ns - OSDZU3x_BYOTEE_i/mdm_1/U0/Use_E2.BSCAN_I/Use_E2.BSCANE2_I/INTERNAL_TCK fall@16.667ns)
  Data Path Delay:        1.432ns  (logic 0.505ns (35.274%)  route 0.927ns (64.726%))
  Logic Levels:           1  (LUT5=1)

    Location             Delay type                Incr(ns)  Path(ns)    Netlist Resource(s)
  -------------------------------------------------------------------    -------------------
                         (clock OSDZU3x_BYOTEE_i/mdm_1/U0/Use_E2.BSCAN_I/Use_E2.BSCANE2_I/INTERNAL_TCK fall edge)
                                                     16.667    16.667 f  
    CONFIG_SITE_X0Y0     BSCANE2                      0.000    16.667 f  OSDZU3x_BYOTEE_i/mdm_1/U0/Use_E2.BSCAN_I/Use_E2.BSCANE2_I/INTERNAL_TCK
  -------------------------------------------------------------------    -------------------
    CONFIG_SITE_X0Y0     BSCANE2 (Prop_BSCAN2_CONFIG_SITE_INTERNAL_TCK_SHIFT)
                                                      0.465    17.132 r  OSDZU3x_BYOTEE_i/mdm_1/U0/Use_E2.BSCAN_I/Use_E2.BSCANE2_I/SHIFT
                         net (fo=9, routed)           0.400    17.531    OSDZU3x_BYOTEE_i/mdm_1/U0/Use_E2.BSCAN_I/Use_E2.BSCANE2_I_1
    SLICE_X37Y104        LUT5 (Prop_F6LUT_SLICEM_I3_O)
                                                      0.040    17.571 r  OSDZU3x_BYOTEE_i/mdm_1/U0/Use_E2.BSCAN_I/Use_E2.BSCANE2_I_i_1/O
                         net (fo=1, routed)           0.527    18.098    OSDZU3x_BYOTEE_i/mdm_1/U0/Use_E2.BSCAN_I/m_bscan_tdo
    CONFIG_SITE_X0Y0     BSCANE2                                      r  OSDZU3x_BYOTEE_i/mdm_1/U0/Use_E2.BSCAN_I/Use_E2.BSCANE2_I/TDO
  -------------------------------------------------------------------    -------------------

                         (clock OSDZU3x_BYOTEE_i/mdm_1/U0/Use_E2.BSCAN_I/Use_E2.BSCANE2_I/INTERNAL_TCK fall edge)
                                                     16.667    16.667 f  
    CONFIG_SITE_X0Y0     BSCANE2                      0.000    16.667 f  OSDZU3x_BYOTEE_i/mdm_1/U0/Use_E2.BSCAN_I/Use_E2.BSCANE2_I/INTERNAL_TCK
                         clock pessimism              0.000    16.667    
    CONFIG_SITE_X0Y0     BSCANE2 (Hold_BSCAN2_CONFIG_SITE_INTERNAL_TCK_TDO)
                                                      1.000    17.667    OSDZU3x_BYOTEE_i/mdm_1/U0/Use_E2.BSCAN_I/Use_E2.BSCANE2_I
  -------------------------------------------------------------------
                         required time                        -17.667    
                         arrival time                          18.098    
  -------------------------------------------------------------------
                         slack                                  0.432    






---------------------------------------------------------------------------------------------------
From Clock:  OSDZU3x_BYOTEE_i/mdm_1/U0/MDM_Core_I1/JTAG_CONTROL_I/Test_Access_Port.BUFG_UPDATE/Using_FPGA.Native/O
  To Clock:  OSDZU3x_BYOTEE_i/mdm_1/U0/MDM_Core_I1/JTAG_CONTROL_I/Test_Access_Port.BUFG_UPDATE/Using_FPGA.Native/O

Setup :            0  Failing Endpoints,  Worst Slack       62.496ns,  Total Violation        0.000ns
Hold  :            0  Failing Endpoints,  Worst Slack        0.044ns,  Total Violation        0.000ns
PW    :            0  Failing Endpoints,  Worst Slack       33.058ns,  Total Violation        0.000ns
---------------------------------------------------------------------------------------------------


Max Delay Paths
--------------------------------------------------------------------------------------
Slack (MET) :             62.496ns  (required time - arrival time)
  Source:                 OSDZU3x_BYOTEE_i/mdm_1/U0/MDM_Core_I1/JTAG_CONTROL_I/command_reg[2]/C
                            (rising edge-triggered cell FDRE clocked by OSDZU3x_BYOTEE_i/mdm_1/U0/MDM_Core_I1/JTAG_CONTROL_I/Test_Access_Port.BUFG_UPDATE/Using_FPGA.Native/O  {rise@0.000ns fall@33.333ns period=66.666ns})
  Destination:            <hidden>
                            (rising edge-triggered cell FDRE clocked by OSDZU3x_BYOTEE_i/mdm_1/U0/MDM_Core_I1/JTAG_CONTROL_I/Test_Access_Port.BUFG_UPDATE/Using_FPGA.Native/O  {rise@0.000ns fall@33.333ns period=66.666ns})
  Path Group:             OSDZU3x_BYOTEE_i/mdm_1/U0/MDM_Core_I1/JTAG_CONTROL_I/Test_Access_Port.BUFG_UPDATE/Using_FPGA.Native/O
  Path Type:              Setup (Max at Slow Process Corner)
  Requirement:            66.666ns  (OSDZU3x_BYOTEE_i/mdm_1/U0/MDM_Core_I1/JTAG_CONTROL_I/Test_Access_Port.BUFG_UPDATE/Using_FPGA.Native/O rise@66.666ns - OSDZU3x_BYOTEE_i/mdm_1/U0/MDM_Core_I1/JTAG_CONTROL_I/Test_Access_Port.BUFG_UPDATE/Using_FPGA.Native/O rise@0.000ns)
  Data Path Delay:        3.924ns  (logic 0.727ns (18.526%)  route 3.197ns (81.474%))
  Logic Levels:           6  (LUT2=1 LUT4=3 LUT5=1 LUT6=1)
  Clock Path Skew:        -0.167ns (DCD - SCD + CPR)
    Destination Clock Delay (DCD):    5.981ns = ( 72.647 - 66.666 ) 
    Source Clock Delay      (SCD):    16.504ns
    Clock Pessimism Removal (CPR):    10.357ns
  Clock Uncertainty:      0.035ns  ((TSJ^2 + TIJ^2)^1/2 + DJ) / 2 + PE
    Total System Jitter     (TSJ):    0.071ns
    Total Input Jitter      (TIJ):    0.000ns
    Discrete Jitter          (DJ):    0.000ns
    Phase Error              (PE):    0.000ns
  Clock Net Delay (Source):      2.119ns (routing 1.180ns, distribution 0.939ns)
  Clock Net Delay (Destination): 1.847ns (routing 1.075ns, distribution 0.772ns)

    Location             Delay type                Incr(ns)  Path(ns)    Netlist Resource(s)
  -------------------------------------------------------------------    -------------------
                         (clock OSDZU3x_BYOTEE_i/mdm_1/U0/MDM_Core_I1/JTAG_CONTROL_I/Test_Access_Port.BUFG_UPDATE/Using_FPGA.Native/O rise edge)
                                                      0.000     0.000 r  
    CONFIG_SITE_X0Y0     BSCANE2                      0.000     0.000 r  OSDZU3x_BYOTEE_i/mdm_1/U0/Use_E2.BSCAN_I/Use_E2.BSCANE2_I/INTERNAL_TCK
    CONFIG_SITE_X0Y0     BSCANE2 (Prop_BSCAN2_CONFIG_SITE_INTERNAL_TCK_TCK)
                                                      5.900     5.900 r  OSDZU3x_BYOTEE_i/mdm_1/U0/Use_E2.BSCAN_I/Use_E2.BSCANE2_I/TCK
                         net (fo=2, routed)           1.564     7.464    OSDZU3x_BYOTEE_i/mdm_1/U0/Use_E2.BSCAN_I/tck
    BUFGCE_X0Y10         BUFGCE (Prop_BUFCE_BUFGCE_I_O)
                                                      0.028     7.492 r  OSDZU3x_BYOTEE_i/mdm_1/U0/Use_E2.BSCAN_I/tck_BUFG_inst/O
                         net (fo=52, routed)          2.090     9.582    OSDZU3x_BYOTEE_i/mdm_1/U0/tck
    SLICE_X37Y100        FDRE (Prop_CFF_SLICEM_C_Q)
                                                      0.095     9.677 f  OSDZU3x_BYOTEE_i/mdm_1/U0/Use_JTAG_BSCAN.tms_ok_reg/Q
                         net (fo=3, routed)           1.158    10.835    OSDZU3x_BYOTEE_i/mdm_1/U0/Use_JTAG_BSCAN.BUFG_JTAG_TCK/Using_FPGA.Native_0
    BUFGCTRL_X0Y16       BUFGCTRL (Prop_BUFGCTRL_CE0_O)
                                                      0.156    10.991 f  OSDZU3x_BYOTEE_i/mdm_1/U0/Use_JTAG_BSCAN.BUFG_JTAG_TCK/Using_FPGA.Native/O
                         net (fo=33, routed)          1.996    12.987    OSDZU3x_BYOTEE_i/mdm_1/U0/MDM_Core_I1/JTAG_CONTROL_I/Use_JTAG_BSCAN.tck_int
    SLICE_X13Y82         FDRE (Prop_EFF_SLICEL_C_Q)
                                                      0.096    13.083 r  OSDZU3x_BYOTEE_i/mdm_1/U0/MDM_Core_I1/JTAG_CONTROL_I/Test_Access_Port.update_unbuf_reg/Q
                         net (fo=1, routed)           1.274    14.357    OSDZU3x_BYOTEE_i/mdm_1/U0/MDM_Core_I1/JTAG_CONTROL_I/Test_Access_Port.BUFG_UPDATE/Test_Access_Port.update_unbuf
    BUFGCE_X0Y24         BUFGCE (Prop_BUFCE_BUFGCE_I_O)
                                                      0.028    14.385 r  OSDZU3x_BYOTEE_i/mdm_1/U0/MDM_Core_I1/JTAG_CONTROL_I/Test_Access_Port.BUFG_UPDATE/Using_FPGA.Native/O
    X0Y0 (CLOCK_ROOT)    net (fo=185, routed)         2.119    16.504    OSDZU3x_BYOTEE_i/mdm_1/U0/MDM_Core_I1/JTAG_CONTROL_I/Using_FPGA.Native_0
    SLICE_X10Y78         FDRE                                         r  OSDZU3x_BYOTEE_i/mdm_1/U0/MDM_Core_I1/JTAG_CONTROL_I/command_reg[2]/C
  -------------------------------------------------------------------    -------------------
    SLICE_X10Y78         FDRE (Prop_DFF2_SLICEL_C_Q)
                                                      0.098    16.602 f  OSDZU3x_BYOTEE_i/mdm_1/U0/MDM_Core_I1/JTAG_CONTROL_I/command_reg[2]/Q
                         net (fo=8, routed)           0.219    16.822    OSDZU3x_BYOTEE_i/mdm_1/U0/MDM_Core_I1/JTAG_CONTROL_I/command[2]
    SLICE_X10Y78         LUT4 (Prop_D5LUT_SLICEL_I3_O)
                                                      0.164    16.986 f  OSDZU3x_BYOTEE_i/mdm_1/U0/MDM_Core_I1/JTAG_CONTROL_I/Dbg_Reg_En_0[5]_INST_0/O
                         net (fo=4, routed)           0.759    17.745    <hidden>
    SLICE_X11Y48         LUT4 (Prop_C6LUT_SLICEL_I2_O)
                                                      0.098    17.843 f  <hidden>
                         net (fo=2, routed)           0.161    18.004    <hidden>
    SLICE_X11Y48         LUT4 (Prop_E6LUT_SLICEL_I0_O)
                                                      0.064    18.068 r  <hidden>
                         net (fo=7, routed)           0.300    18.368    <hidden>
    SLICE_X12Y46         LUT5 (Prop_H5LUT_SLICEL_I4_O)
                                                      0.164    18.532 r  <hidden>
                         net (fo=3, routed)           0.332    18.864    <hidden>
    SLICE_X12Y46         LUT6 (Prop_G6LUT_SLICEL_I2_O)
                                                      0.100    18.964 f  <hidden>
                         net (fo=4, routed)           0.260    19.224    <hidden>
    SLICE_X13Y47         LUT2 (Prop_F6LUT_SLICEL_I1_O)
                                                      0.039    19.263 r  <hidden>
                         net (fo=32, routed)          1.165    20.428    <hidden>
    SLICE_X9Y46          FDRE                                         r  <hidden>
  -------------------------------------------------------------------    -------------------

                         (clock OSDZU3x_BYOTEE_i/mdm_1/U0/MDM_Core_I1/JTAG_CONTROL_I/Test_Access_Port.BUFG_UPDATE/Using_FPGA.Native/O rise edge)
                                                     66.666    66.666 f  
    CONFIG_SITE_X0Y0     BSCANE2                      0.000    66.666 f  OSDZU3x_BYOTEE_i/mdm_1/U0/Use_E2.BSCAN_I/Use_E2.BSCANE2_I/INTERNAL_TCK
    CONFIG_SITE_X0Y0     BSCANE2 (Prop_BSCAN2_CONFIG_SITE_INTERNAL_TCK_TCK)
                                                      0.465    67.131 f  OSDZU3x_BYOTEE_i/mdm_1/U0/Use_E2.BSCAN_I/Use_E2.BSCANE2_I/TCK
                         net (fo=2, routed)           0.879    68.010    OSDZU3x_BYOTEE_i/mdm_1/U0/Use_JTAG_BSCAN.BUFG_JTAG_TCK/lopt
    BUFGCTRL_X0Y16       BUFGCTRL (Prop_BUFGCTRL_I0_O)
                                                      0.078    68.088 f  OSDZU3x_BYOTEE_i/mdm_1/U0/Use_JTAG_BSCAN.BUFG_JTAG_TCK/Using_FPGA.Native/O
                         net (fo=33, routed)          1.757    69.845    OSDZU3x_BYOTEE_i/mdm_1/U0/MDM_Core_I1/JTAG_CONTROL_I/Use_JTAG_BSCAN.tck_int
    SLICE_X13Y82         FDRE (Prop_EFF_SLICEL_C_Q)
                                                      0.070    69.915 r  OSDZU3x_BYOTEE_i/mdm_1/U0/MDM_Core_I1/JTAG_CONTROL_I/Test_Access_Port.update_unbuf_reg/Q
                         net (fo=1, routed)           0.861    70.776    OSDZU3x_BYOTEE_i/mdm_1/U0/MDM_Core_I1/JTAG_CONTROL_I/Test_Access_Port.BUFG_UPDATE/Test_Access_Port.update_unbuf
    BUFGCE_X0Y24         BUFGCE (Prop_BUFCE_BUFGCE_I_O)
                                                      0.024    70.800 r  OSDZU3x_BYOTEE_i/mdm_1/U0/MDM_Core_I1/JTAG_CONTROL_I/Test_Access_Port.BUFG_UPDATE/Using_FPGA.Native/O
    X0Y0 (CLOCK_ROOT)    net (fo=185, routed)         1.847    72.647    <hidden>
    SLICE_X9Y46          FDRE                                         r  <hidden>
                         clock pessimism             10.357    83.003    
                         clock uncertainty           -0.035    82.968    
    SLICE_X9Y46          FDRE (Setup_EFF2_SLICEM_C_CE)
                                                     -0.043    82.925    <hidden>
  -------------------------------------------------------------------
                         required time                         82.925    
                         arrival time                         -20.428    
  -------------------------------------------------------------------
                         slack                                 62.496    

Slack (MET) :             62.496ns  (required time - arrival time)
  Source:                 OSDZU3x_BYOTEE_i/mdm_1/U0/MDM_Core_I1/JTAG_CONTROL_I/command_reg[2]/C
                            (rising edge-triggered cell FDRE clocked by OSDZU3x_BYOTEE_i/mdm_1/U0/MDM_Core_I1/JTAG_CONTROL_I/Test_Access_Port.BUFG_UPDATE/Using_FPGA.Native/O  {rise@0.000ns fall@33.333ns period=66.666ns})
  Destination:            <hidden>
                            (rising edge-triggered cell FDRE clocked by OSDZU3x_BYOTEE_i/mdm_1/U0/MDM_Core_I1/JTAG_CONTROL_I/Test_Access_Port.BUFG_UPDATE/Using_FPGA.Native/O  {rise@0.000ns fall@33.333ns period=66.666ns})
  Path Group:             OSDZU3x_BYOTEE_i/mdm_1/U0/MDM_Core_I1/JTAG_CONTROL_I/Test_Access_Port.BUFG_UPDATE/Using_FPGA.Native/O
  Path Type:              Setup (Max at Slow Process Corner)
  Requirement:            66.666ns  (OSDZU3x_BYOTEE_i/mdm_1/U0/MDM_Core_I1/JTAG_CONTROL_I/Test_Access_Port.BUFG_UPDATE/Using_FPGA.Native/O rise@66.666ns - OSDZU3x_BYOTEE_i/mdm_1/U0/MDM_Core_I1/JTAG_CONTROL_I/Test_Access_Port.BUFG_UPDATE/Using_FPGA.Native/O rise@0.000ns)
  Data Path Delay:        3.923ns  (logic 0.727ns (18.531%)  route 3.196ns (81.469%))
  Logic Levels:           6  (LUT2=1 LUT4=3 LUT5=1 LUT6=1)
  Clock Path Skew:        -0.167ns (DCD - SCD + CPR)
    Destination Clock Delay (DCD):    5.981ns = ( 72.647 - 66.666 ) 
    Source Clock Delay      (SCD):    16.504ns
    Clock Pessimism Removal (CPR):    10.357ns
  Clock Uncertainty:      0.035ns  ((TSJ^2 + TIJ^2)^1/2 + DJ) / 2 + PE
    Total System Jitter     (TSJ):    0.071ns
    Total Input Jitter      (TIJ):    0.000ns
    Discrete Jitter          (DJ):    0.000ns
    Phase Error              (PE):    0.000ns
  Clock Net Delay (Source):      2.119ns (routing 1.180ns, distribution 0.939ns)
  Clock Net Delay (Destination): 1.847ns (routing 1.075ns, distribution 0.772ns)

    Location             Delay type                Incr(ns)  Path(ns)    Netlist Resource(s)
  -------------------------------------------------------------------    -------------------
                         (clock OSDZU3x_BYOTEE_i/mdm_1/U0/MDM_Core_I1/JTAG_CONTROL_I/Test_Access_Port.BUFG_UPDATE/Using_FPGA.Native/O rise edge)
                                                      0.000     0.000 r  
    CONFIG_SITE_X0Y0     BSCANE2                      0.000     0.000 r  OSDZU3x_BYOTEE_i/mdm_1/U0/Use_E2.BSCAN_I/Use_E2.BSCANE2_I/INTERNAL_TCK
    CONFIG_SITE_X0Y0     BSCANE2 (Prop_BSCAN2_CONFIG_SITE_INTERNAL_TCK_TCK)
                                                      5.900     5.900 r  OSDZU3x_BYOTEE_i/mdm_1/U0/Use_E2.BSCAN_I/Use_E2.BSCANE2_I/TCK
                         net (fo=2, routed)           1.564     7.464    OSDZU3x_BYOTEE_i/mdm_1/U0/Use_E2.BSCAN_I/tck
    BUFGCE_X0Y10         BUFGCE (Prop_BUFCE_BUFGCE_I_O)
                                                      0.028     7.492 r  OSDZU3x_BYOTEE_i/mdm_1/U0/Use_E2.BSCAN_I/tck_BUFG_inst/O
                         net (fo=52, routed)          2.090     9.582    OSDZU3x_BYOTEE_i/mdm_1/U0/tck
    SLICE_X37Y100        FDRE (Prop_CFF_SLICEM_C_Q)
                                                      0.095     9.677 f  OSDZU3x_BYOTEE_i/mdm_1/U0/Use_JTAG_BSCAN.tms_ok_reg/Q
                         net (fo=3, routed)           1.158    10.835    OSDZU3x_BYOTEE_i/mdm_1/U0/Use_JTAG_BSCAN.BUFG_JTAG_TCK/Using_FPGA.Native_0
    BUFGCTRL_X0Y16       BUFGCTRL (Prop_BUFGCTRL_CE0_O)
                                                      0.156    10.991 f  OSDZU3x_BYOTEE_i/mdm_1/U0/Use_JTAG_BSCAN.BUFG_JTAG_TCK/Using_FPGA.Native/O
                         net (fo=33, routed)          1.996    12.987    OSDZU3x_BYOTEE_i/mdm_1/U0/MDM_Core_I1/JTAG_CONTROL_I/Use_JTAG_BSCAN.tck_int
    SLICE_X13Y82         FDRE (Prop_EFF_SLICEL_C_Q)
                                                      0.096    13.083 r  OSDZU3x_BYOTEE_i/mdm_1/U0/MDM_Core_I1/JTAG_CONTROL_I/Test_Access_Port.update_unbuf_reg/Q
                         net (fo=1, routed)           1.274    14.357    OSDZU3x_BYOTEE_i/mdm_1/U0/MDM_Core_I1/JTAG_CONTROL_I/Test_Access_Port.BUFG_UPDATE/Test_Access_Port.update_unbuf
    BUFGCE_X0Y24         BUFGCE (Prop_BUFCE_BUFGCE_I_O)
                                                      0.028    14.385 r  OSDZU3x_BYOTEE_i/mdm_1/U0/MDM_Core_I1/JTAG_CONTROL_I/Test_Access_Port.BUFG_UPDATE/Using_FPGA.Native/O
    X0Y0 (CLOCK_ROOT)    net (fo=185, routed)         2.119    16.504    OSDZU3x_BYOTEE_i/mdm_1/U0/MDM_Core_I1/JTAG_CONTROL_I/Using_FPGA.Native_0
    SLICE_X10Y78         FDRE                                         r  OSDZU3x_BYOTEE_i/mdm_1/U0/MDM_Core_I1/JTAG_CONTROL_I/command_reg[2]/C
  -------------------------------------------------------------------    -------------------
    SLICE_X10Y78         FDRE (Prop_DFF2_SLICEL_C_Q)
                                                      0.098    16.602 f  OSDZU3x_BYOTEE_i/mdm_1/U0/MDM_Core_I1/JTAG_CONTROL_I/command_reg[2]/Q
                         net (fo=8, routed)           0.219    16.822    OSDZU3x_BYOTEE_i/mdm_1/U0/MDM_Core_I1/JTAG_CONTROL_I/command[2]
    SLICE_X10Y78         LUT4 (Prop_D5LUT_SLICEL_I3_O)
                                                      0.164    16.986 f  OSDZU3x_BYOTEE_i/mdm_1/U0/MDM_Core_I1/JTAG_CONTROL_I/Dbg_Reg_En_0[5]_INST_0/O
                         net (fo=4, routed)           0.759    17.745    <hidden>
    SLICE_X11Y48         LUT4 (Prop_C6LUT_SLICEL_I2_O)
                                                      0.098    17.843 f  <hidden>
                         net (fo=2, routed)           0.161    18.004    <hidden>
    SLICE_X11Y48         LUT4 (Prop_E6LUT_SLICEL_I0_O)
                                                      0.064    18.068 r  <hidden>
                         net (fo=7, routed)           0.300    18.368    <hidden>
    SLICE_X12Y46         LUT5 (Prop_H5LUT_SLICEL_I4_O)
                                                      0.164    18.532 r  <hidden>
                         net (fo=3, routed)           0.332    18.864    <hidden>
    SLICE_X12Y46         LUT6 (Prop_G6LUT_SLICEL_I2_O)
                                                      0.100    18.964 f  <hidden>
                         net (fo=4, routed)           0.260    19.224    <hidden>
    SLICE_X13Y47         LUT2 (Prop_F6LUT_SLICEL_I1_O)
                                                      0.039    19.263 r  <hidden>
                         net (fo=32, routed)          1.164    20.427    <hidden>
    SLICE_X9Y46          FDRE                                         r  <hidden>
  -------------------------------------------------------------------    -------------------

                         (clock OSDZU3x_BYOTEE_i/mdm_1/U0/MDM_Core_I1/JTAG_CONTROL_I/Test_Access_Port.BUFG_UPDATE/Using_FPGA.Native/O rise edge)
                                                     66.666    66.666 f  
    CONFIG_SITE_X0Y0     BSCANE2                      0.000    66.666 f  OSDZU3x_BYOTEE_i/mdm_1/U0/Use_E2.BSCAN_I/Use_E2.BSCANE2_I/INTERNAL_TCK
    CONFIG_SITE_X0Y0     BSCANE2 (Prop_BSCAN2_CONFIG_SITE_INTERNAL_TCK_TCK)
                                                      0.465    67.131 f  OSDZU3x_BYOTEE_i/mdm_1/U0/Use_E2.BSCAN_I/Use_E2.BSCANE2_I/TCK
                         net (fo=2, routed)           0.879    68.010    OSDZU3x_BYOTEE_i/mdm_1/U0/Use_JTAG_BSCAN.BUFG_JTAG_TCK/lopt
    BUFGCTRL_X0Y16       BUFGCTRL (Prop_BUFGCTRL_I0_O)
                                                      0.078    68.088 f  OSDZU3x_BYOTEE_i/mdm_1/U0/Use_JTAG_BSCAN.BUFG_JTAG_TCK/Using_FPGA.Native/O
                         net (fo=33, routed)          1.757    69.845    OSDZU3x_BYOTEE_i/mdm_1/U0/MDM_Core_I1/JTAG_CONTROL_I/Use_JTAG_BSCAN.tck_int
    SLICE_X13Y82         FDRE (Prop_EFF_SLICEL_C_Q)
                                                      0.070    69.915 r  OSDZU3x_BYOTEE_i/mdm_1/U0/MDM_Core_I1/JTAG_CONTROL_I/Test_Access_Port.update_unbuf_reg/Q
                         net (fo=1, routed)           0.861    70.776    OSDZU3x_BYOTEE_i/mdm_1/U0/MDM_Core_I1/JTAG_CONTROL_I/Test_Access_Port.BUFG_UPDATE/Test_Access_Port.update_unbuf
    BUFGCE_X0Y24         BUFGCE (Prop_BUFCE_BUFGCE_I_O)
                                                      0.024    70.800 r  OSDZU3x_BYOTEE_i/mdm_1/U0/MDM_Core_I1/JTAG_CONTROL_I/Test_Access_Port.BUFG_UPDATE/Using_FPGA.Native/O
    X0Y0 (CLOCK_ROOT)    net (fo=185, routed)         1.847    72.647    <hidden>
    SLICE_X9Y46          FDRE                                         r  <hidden>
                         clock pessimism             10.357    83.003    
                         clock uncertainty           -0.035    82.968    
    SLICE_X9Y46          FDRE (Setup_EFF_SLICEM_C_CE)
                                                     -0.044    82.924    <hidden>
  -------------------------------------------------------------------
                         required time                         82.924    
                         arrival time                         -20.427    
  -------------------------------------------------------------------
                         slack                                 62.496    

Slack (MET) :             62.777ns  (required time - arrival time)
  Source:                 OSDZU3x_BYOTEE_i/mdm_1/U0/MDM_Core_I1/JTAG_CONTROL_I/command_reg[2]/C
                            (rising edge-triggered cell FDRE clocked by OSDZU3x_BYOTEE_i/mdm_1/U0/MDM_Core_I1/JTAG_CONTROL_I/Test_Access_Port.BUFG_UPDATE/Using_FPGA.Native/O  {rise@0.000ns fall@33.333ns period=66.666ns})
  Destination:            <hidden>
                            (rising edge-triggered cell FDCE clocked by OSDZU3x_BYOTEE_i/mdm_1/U0/MDM_Core_I1/JTAG_CONTROL_I/Test_Access_Port.BUFG_UPDATE/Using_FPGA.Native/O  {rise@0.000ns fall@33.333ns period=66.666ns})
  Path Group:             OSDZU3x_BYOTEE_i/mdm_1/U0/MDM_Core_I1/JTAG_CONTROL_I/Test_Access_Port.BUFG_UPDATE/Using_FPGA.Native/O
  Path Type:              Setup (Max at Slow Process Corner)
  Requirement:            66.666ns  (OSDZU3x_BYOTEE_i/mdm_1/U0/MDM_Core_I1/JTAG_CONTROL_I/Test_Access_Port.BUFG_UPDATE/Using_FPGA.Native/O rise@66.666ns - OSDZU3x_BYOTEE_i/mdm_1/U0/MDM_Core_I1/JTAG_CONTROL_I/Test_Access_Port.BUFG_UPDATE/Using_FPGA.Native/O rise@0.000ns)
  Data Path Delay:        3.642ns  (logic 0.890ns (24.434%)  route 2.752ns (75.566%))
  Logic Levels:           6  (LUT2=1 LUT4=3 LUT5=1 LUT6=1)
  Clock Path Skew:        -0.169ns (DCD - SCD + CPR)
    Destination Clock Delay (DCD):    5.979ns = ( 72.645 - 66.666 ) 
    Source Clock Delay      (SCD):    16.504ns
    Clock Pessimism Removal (CPR):    10.357ns
  Clock Uncertainty:      0.035ns  ((TSJ^2 + TIJ^2)^1/2 + DJ) / 2 + PE
    Total System Jitter     (TSJ):    0.071ns
    Total Input Jitter      (TIJ):    0.000ns
    Discrete Jitter          (DJ):    0.000ns
    Phase Error              (PE):    0.000ns
  Clock Net Delay (Source):      2.119ns (routing 1.180ns, distribution 0.939ns)
  Clock Net Delay (Destination): 1.845ns (routing 1.075ns, distribution 0.770ns)

    Location             Delay type                Incr(ns)  Path(ns)    Netlist Resource(s)
  -------------------------------------------------------------------    -------------------
                         (clock OSDZU3x_BYOTEE_i/mdm_1/U0/MDM_Core_I1/JTAG_CONTROL_I/Test_Access_Port.BUFG_UPDATE/Using_FPGA.Native/O rise edge)
                                                      0.000     0.000 r  
    CONFIG_SITE_X0Y0     BSCANE2                      0.000     0.000 r  OSDZU3x_BYOTEE_i/mdm_1/U0/Use_E2.BSCAN_I/Use_E2.BSCANE2_I/INTERNAL_TCK
    CONFIG_SITE_X0Y0     BSCANE2 (Prop_BSCAN2_CONFIG_SITE_INTERNAL_TCK_TCK)
                                                      5.900     5.900 r  OSDZU3x_BYOTEE_i/mdm_1/U0/Use_E2.BSCAN_I/Use_E2.BSCANE2_I/TCK
                         net (fo=2, routed)           1.564     7.464    OSDZU3x_BYOTEE_i/mdm_1/U0/Use_E2.BSCAN_I/tck
    BUFGCE_X0Y10         BUFGCE (Prop_BUFCE_BUFGCE_I_O)
                                                      0.028     7.492 r  OSDZU3x_BYOTEE_i/mdm_1/U0/Use_E2.BSCAN_I/tck_BUFG_inst/O
                         net (fo=52, routed)          2.090     9.582    OSDZU3x_BYOTEE_i/mdm_1/U0/tck
    SLICE_X37Y100        FDRE (Prop_CFF_SLICEM_C_Q)
                                                      0.095     9.677 f  OSDZU3x_BYOTEE_i/mdm_1/U0/Use_JTAG_BSCAN.tms_ok_reg/Q
                         net (fo=3, routed)           1.158    10.835    OSDZU3x_BYOTEE_i/mdm_1/U0/Use_JTAG_BSCAN.BUFG_JTAG_TCK/Using_FPGA.Native_0
    BUFGCTRL_X0Y16       BUFGCTRL (Prop_BUFGCTRL_CE0_O)
                                                      0.156    10.991 f  OSDZU3x_BYOTEE_i/mdm_1/U0/Use_JTAG_BSCAN.BUFG_JTAG_TCK/Using_FPGA.Native/O
                         net (fo=33, routed)          1.996    12.987    OSDZU3x_BYOTEE_i/mdm_1/U0/MDM_Core_I1/JTAG_CONTROL_I/Use_JTAG_BSCAN.tck_int
    SLICE_X13Y82         FDRE (Prop_EFF_SLICEL_C_Q)
                                                      0.096    13.083 r  OSDZU3x_BYOTEE_i/mdm_1/U0/MDM_Core_I1/JTAG_CONTROL_I/Test_Access_Port.update_unbuf_reg/Q
                         net (fo=1, routed)           1.274    14.357    OSDZU3x_BYOTEE_i/mdm_1/U0/MDM_Core_I1/JTAG_CONTROL_I/Test_Access_Port.BUFG_UPDATE/Test_Access_Port.update_unbuf
    BUFGCE_X0Y24         BUFGCE (Prop_BUFCE_BUFGCE_I_O)
                                                      0.028    14.385 r  OSDZU3x_BYOTEE_i/mdm_1/U0/MDM_Core_I1/JTAG_CONTROL_I/Test_Access_Port.BUFG_UPDATE/Using_FPGA.Native/O
    X0Y0 (CLOCK_ROOT)    net (fo=185, routed)         2.119    16.504    OSDZU3x_BYOTEE_i/mdm_1/U0/MDM_Core_I1/JTAG_CONTROL_I/Using_FPGA.Native_0
    SLICE_X10Y78         FDRE                                         r  OSDZU3x_BYOTEE_i/mdm_1/U0/MDM_Core_I1/JTAG_CONTROL_I/command_reg[2]/C
  -------------------------------------------------------------------    -------------------
    SLICE_X10Y78         FDRE (Prop_DFF2_SLICEL_C_Q)
                                                      0.098    16.602 f  OSDZU3x_BYOTEE_i/mdm_1/U0/MDM_Core_I1/JTAG_CONTROL_I/command_reg[2]/Q
                         net (fo=8, routed)           0.219    16.822    OSDZU3x_BYOTEE_i/mdm_1/U0/MDM_Core_I1/JTAG_CONTROL_I/command[2]
    SLICE_X10Y78         LUT4 (Prop_D5LUT_SLICEL_I3_O)
                                                      0.164    16.986 f  OSDZU3x_BYOTEE_i/mdm_1/U0/MDM_Core_I1/JTAG_CONTROL_I/Dbg_Reg_En_0[5]_INST_0/O
                         net (fo=4, routed)           0.759    17.745    <hidden>
    SLICE_X11Y48         LUT4 (Prop_C6LUT_SLICEL_I2_O)
                                                      0.098    17.843 f  <hidden>
                         net (fo=2, routed)           0.161    18.004    <hidden>
    SLICE_X11Y48         LUT4 (Prop_E6LUT_SLICEL_I0_O)
                                                      0.064    18.068 r  <hidden>
                         net (fo=7, routed)           0.300    18.368    <hidden>
    SLICE_X12Y46         LUT5 (Prop_H5LUT_SLICEL_I4_O)
                                                      0.164    18.532 r  <hidden>
                         net (fo=3, routed)           0.332    18.864    <hidden>
    SLICE_X12Y46         LUT6 (Prop_G6LUT_SLICEL_I2_O)
                                                      0.100    18.964 f  <hidden>
                         net (fo=4, routed)           0.187    19.151    <hidden>
    SLICE_X13Y46         LUT2 (Prop_B5LUT_SLICEL_I0_O)
                                                      0.202    19.353 r  <hidden>
                         net (fo=5, routed)           0.794    20.147    <hidden>
    SLICE_X13Y48         FDCE                                         r  <hidden>
  -------------------------------------------------------------------    -------------------

                         (clock OSDZU3x_BYOTEE_i/mdm_1/U0/MDM_Core_I1/JTAG_CONTROL_I/Test_Access_Port.BUFG_UPDATE/Using_FPGA.Native/O rise edge)
                                                     66.666    66.666 f  
    CONFIG_SITE_X0Y0     BSCANE2                      0.000    66.666 f  OSDZU3x_BYOTEE_i/mdm_1/U0/Use_E2.BSCAN_I/Use_E2.BSCANE2_I/INTERNAL_TCK
    CONFIG_SITE_X0Y0     BSCANE2 (Prop_BSCAN2_CONFIG_SITE_INTERNAL_TCK_TCK)
                                                      0.465    67.131 f  OSDZU3x_BYOTEE_i/mdm_1/U0/Use_E2.BSCAN_I/Use_E2.BSCANE2_I/TCK
                         net (fo=2, routed)           0.879    68.010    OSDZU3x_BYOTEE_i/mdm_1/U0/Use_JTAG_BSCAN.BUFG_JTAG_TCK/lopt
    BUFGCTRL_X0Y16       BUFGCTRL (Prop_BUFGCTRL_I0_O)
                                                      0.078    68.088 f  OSDZU3x_BYOTEE_i/mdm_1/U0/Use_JTAG_BSCAN.BUFG_JTAG_TCK/Using_FPGA.Native/O
                         net (fo=33, routed)          1.757    69.845    OSDZU3x_BYOTEE_i/mdm_1/U0/MDM_Core_I1/JTAG_CONTROL_I/Use_JTAG_BSCAN.tck_int
    SLICE_X13Y82         FDRE (Prop_EFF_SLICEL_C_Q)
                                                      0.070    69.915 r  OSDZU3x_BYOTEE_i/mdm_1/U0/MDM_Core_I1/JTAG_CONTROL_I/Test_Access_Port.update_unbuf_reg/Q
                         net (fo=1, routed)           0.861    70.776    OSDZU3x_BYOTEE_i/mdm_1/U0/MDM_Core_I1/JTAG_CONTROL_I/Test_Access_Port.BUFG_UPDATE/Test_Access_Port.update_unbuf
    BUFGCE_X0Y24         BUFGCE (Prop_BUFCE_BUFGCE_I_O)
                                                      0.024    70.800 r  OSDZU3x_BYOTEE_i/mdm_1/U0/MDM_Core_I1/JTAG_CONTROL_I/Test_Access_Port.BUFG_UPDATE/Using_FPGA.Native/O
    X0Y0 (CLOCK_ROOT)    net (fo=185, routed)         1.845    72.645    <hidden>
    SLICE_X13Y48         FDCE                                         r  <hidden>
                         clock pessimism             10.357    83.001    
                         clock uncertainty           -0.035    82.966    
    SLICE_X13Y48         FDCE (Setup_DFF2_SLICEL_C_CE)
                                                     -0.042    82.924    <hidden>
  -------------------------------------------------------------------
                         required time                         82.924    
                         arrival time                         -20.147    
  -------------------------------------------------------------------
                         slack                                 62.777    

Slack (MET) :             62.778ns  (required time - arrival time)
  Source:                 OSDZU3x_BYOTEE_i/mdm_1/U0/MDM_Core_I1/JTAG_CONTROL_I/command_reg[2]/C
                            (rising edge-triggered cell FDRE clocked by OSDZU3x_BYOTEE_i/mdm_1/U0/MDM_Core_I1/JTAG_CONTROL_I/Test_Access_Port.BUFG_UPDATE/Using_FPGA.Native/O  {rise@0.000ns fall@33.333ns period=66.666ns})
  Destination:            <hidden>
                            (rising edge-triggered cell FDCE clocked by OSDZU3x_BYOTEE_i/mdm_1/U0/MDM_Core_I1/JTAG_CONTROL_I/Test_Access_Port.BUFG_UPDATE/Using_FPGA.Native/O  {rise@0.000ns fall@33.333ns period=66.666ns})
  Path Group:             OSDZU3x_BYOTEE_i/mdm_1/U0/MDM_Core_I1/JTAG_CONTROL_I/Test_Access_Port.BUFG_UPDATE/Using_FPGA.Native/O
  Path Type:              Setup (Max at Slow Process Corner)
  Requirement:            66.666ns  (OSDZU3x_BYOTEE_i/mdm_1/U0/MDM_Core_I1/JTAG_CONTROL_I/Test_Access_Port.BUFG_UPDATE/Using_FPGA.Native/O rise@66.666ns - OSDZU3x_BYOTEE_i/mdm_1/U0/MDM_Core_I1/JTAG_CONTROL_I/Test_Access_Port.BUFG_UPDATE/Using_FPGA.Native/O rise@0.000ns)
  Data Path Delay:        3.641ns  (logic 0.890ns (24.440%)  route 2.751ns (75.559%))
  Logic Levels:           6  (LUT2=1 LUT4=3 LUT5=1 LUT6=1)
  Clock Path Skew:        -0.169ns (DCD - SCD + CPR)
    Destination Clock Delay (DCD):    5.979ns = ( 72.645 - 66.666 ) 
    Source Clock Delay      (SCD):    16.504ns
    Clock Pessimism Removal (CPR):    10.357ns
  Clock Uncertainty:      0.035ns  ((TSJ^2 + TIJ^2)^1/2 + DJ) / 2 + PE
    Total System Jitter     (TSJ):    0.071ns
    Total Input Jitter      (TIJ):    0.000ns
    Discrete Jitter          (DJ):    0.000ns
    Phase Error              (PE):    0.000ns
  Clock Net Delay (Source):      2.119ns (routing 1.180ns, distribution 0.939ns)
  Clock Net Delay (Destination): 1.845ns (routing 1.075ns, distribution 0.770ns)

    Location             Delay type                Incr(ns)  Path(ns)    Netlist Resource(s)
  -------------------------------------------------------------------    -------------------
                         (clock OSDZU3x_BYOTEE_i/mdm_1/U0/MDM_Core_I1/JTAG_CONTROL_I/Test_Access_Port.BUFG_UPDATE/Using_FPGA.Native/O rise edge)
                                                      0.000     0.000 r  
    CONFIG_SITE_X0Y0     BSCANE2                      0.000     0.000 r  OSDZU3x_BYOTEE_i/mdm_1/U0/Use_E2.BSCAN_I/Use_E2.BSCANE2_I/INTERNAL_TCK
    CONFIG_SITE_X0Y0     BSCANE2 (Prop_BSCAN2_CONFIG_SITE_INTERNAL_TCK_TCK)
                                                      5.900     5.900 r  OSDZU3x_BYOTEE_i/mdm_1/U0/Use_E2.BSCAN_I/Use_E2.BSCANE2_I/TCK
                         net (fo=2, routed)           1.564     7.464    OSDZU3x_BYOTEE_i/mdm_1/U0/Use_E2.BSCAN_I/tck
    BUFGCE_X0Y10         BUFGCE (Prop_BUFCE_BUFGCE_I_O)
                                                      0.028     7.492 r  OSDZU3x_BYOTEE_i/mdm_1/U0/Use_E2.BSCAN_I/tck_BUFG_inst/O
                         net (fo=52, routed)          2.090     9.582    OSDZU3x_BYOTEE_i/mdm_1/U0/tck
    SLICE_X37Y100        FDRE (Prop_CFF_SLICEM_C_Q)
                                                      0.095     9.677 f  OSDZU3x_BYOTEE_i/mdm_1/U0/Use_JTAG_BSCAN.tms_ok_reg/Q
                         net (fo=3, routed)           1.158    10.835    OSDZU3x_BYOTEE_i/mdm_1/U0/Use_JTAG_BSCAN.BUFG_JTAG_TCK/Using_FPGA.Native_0
    BUFGCTRL_X0Y16       BUFGCTRL (Prop_BUFGCTRL_CE0_O)
                                                      0.156    10.991 f  OSDZU3x_BYOTEE_i/mdm_1/U0/Use_JTAG_BSCAN.BUFG_JTAG_TCK/Using_FPGA.Native/O
                         net (fo=33, routed)          1.996    12.987    OSDZU3x_BYOTEE_i/mdm_1/U0/MDM_Core_I1/JTAG_CONTROL_I/Use_JTAG_BSCAN.tck_int
    SLICE_X13Y82         FDRE (Prop_EFF_SLICEL_C_Q)
                                                      0.096    13.083 r  OSDZU3x_BYOTEE_i/mdm_1/U0/MDM_Core_I1/JTAG_CONTROL_I/Test_Access_Port.update_unbuf_reg/Q
                         net (fo=1, routed)           1.274    14.357    OSDZU3x_BYOTEE_i/mdm_1/U0/MDM_Core_I1/JTAG_CONTROL_I/Test_Access_Port.BUFG_UPDATE/Test_Access_Port.update_unbuf
    BUFGCE_X0Y24         BUFGCE (Prop_BUFCE_BUFGCE_I_O)
                                                      0.028    14.385 r  OSDZU3x_BYOTEE_i/mdm_1/U0/MDM_Core_I1/JTAG_CONTROL_I/Test_Access_Port.BUFG_UPDATE/Using_FPGA.Native/O
    X0Y0 (CLOCK_ROOT)    net (fo=185, routed)         2.119    16.504    OSDZU3x_BYOTEE_i/mdm_1/U0/MDM_Core_I1/JTAG_CONTROL_I/Using_FPGA.Native_0
    SLICE_X10Y78         FDRE                                         r  OSDZU3x_BYOTEE_i/mdm_1/U0/MDM_Core_I1/JTAG_CONTROL_I/command_reg[2]/C
  -------------------------------------------------------------------    -------------------
    SLICE_X10Y78         FDRE (Prop_DFF2_SLICEL_C_Q)
                                                      0.098    16.602 f  OSDZU3x_BYOTEE_i/mdm_1/U0/MDM_Core_I1/JTAG_CONTROL_I/command_reg[2]/Q
                         net (fo=8, routed)           0.219    16.822    OSDZU3x_BYOTEE_i/mdm_1/U0/MDM_Core_I1/JTAG_CONTROL_I/command[2]
    SLICE_X10Y78         LUT4 (Prop_D5LUT_SLICEL_I3_O)
                                                      0.164    16.986 f  OSDZU3x_BYOTEE_i/mdm_1/U0/MDM_Core_I1/JTAG_CONTROL_I/Dbg_Reg_En_0[5]_INST_0/O
                         net (fo=4, routed)           0.759    17.745    <hidden>
    SLICE_X11Y48         LUT4 (Prop_C6LUT_SLICEL_I2_O)
                                                      0.098    17.843 f  <hidden>
                         net (fo=2, routed)           0.161    18.004    <hidden>
    SLICE_X11Y48         LUT4 (Prop_E6LUT_SLICEL_I0_O)
                                                      0.064    18.068 r  <hidden>
                         net (fo=7, routed)           0.300    18.368    <hidden>
    SLICE_X12Y46         LUT5 (Prop_H5LUT_SLICEL_I4_O)
                                                      0.164    18.532 r  <hidden>
                         net (fo=3, routed)           0.332    18.864    <hidden>
    SLICE_X12Y46         LUT6 (Prop_G6LUT_SLICEL_I2_O)
                                                      0.100    18.964 f  <hidden>
                         net (fo=4, routed)           0.187    19.151    <hidden>
    SLICE_X13Y46         LUT2 (Prop_B5LUT_SLICEL_I0_O)
                                                      0.202    19.353 r  <hidden>
                         net (fo=5, routed)           0.793    20.146    <hidden>
    SLICE_X13Y48         FDCE                                         r  <hidden>
  -------------------------------------------------------------------    -------------------

                         (clock OSDZU3x_BYOTEE_i/mdm_1/U0/MDM_Core_I1/JTAG_CONTROL_I/Test_Access_Port.BUFG_UPDATE/Using_FPGA.Native/O rise edge)
                                                     66.666    66.666 f  
    CONFIG_SITE_X0Y0     BSCANE2                      0.000    66.666 f  OSDZU3x_BYOTEE_i/mdm_1/U0/Use_E2.BSCAN_I/Use_E2.BSCANE2_I/INTERNAL_TCK
    CONFIG_SITE_X0Y0     BSCANE2 (Prop_BSCAN2_CONFIG_SITE_INTERNAL_TCK_TCK)
                                                      0.465    67.131 f  OSDZU3x_BYOTEE_i/mdm_1/U0/Use_E2.BSCAN_I/Use_E2.BSCANE2_I/TCK
                         net (fo=2, routed)           0.879    68.010    OSDZU3x_BYOTEE_i/mdm_1/U0/Use_JTAG_BSCAN.BUFG_JTAG_TCK/lopt
    BUFGCTRL_X0Y16       BUFGCTRL (Prop_BUFGCTRL_I0_O)
                                                      0.078    68.088 f  OSDZU3x_BYOTEE_i/mdm_1/U0/Use_JTAG_BSCAN.BUFG_JTAG_TCK/Using_FPGA.Native/O
                         net (fo=33, routed)          1.757    69.845    OSDZU3x_BYOTEE_i/mdm_1/U0/MDM_Core_I1/JTAG_CONTROL_I/Use_JTAG_BSCAN.tck_int
    SLICE_X13Y82         FDRE (Prop_EFF_SLICEL_C_Q)
                                                      0.070    69.915 r  OSDZU3x_BYOTEE_i/mdm_1/U0/MDM_Core_I1/JTAG_CONTROL_I/Test_Access_Port.update_unbuf_reg/Q
                         net (fo=1, routed)           0.861    70.776    OSDZU3x_BYOTEE_i/mdm_1/U0/MDM_Core_I1/JTAG_CONTROL_I/Test_Access_Port.BUFG_UPDATE/Test_Access_Port.update_unbuf
    BUFGCE_X0Y24         BUFGCE (Prop_BUFCE_BUFGCE_I_O)
                                                      0.024    70.800 r  OSDZU3x_BYOTEE_i/mdm_1/U0/MDM_Core_I1/JTAG_CONTROL_I/Test_Access_Port.BUFG_UPDATE/Using_FPGA.Native/O
    X0Y0 (CLOCK_ROOT)    net (fo=185, routed)         1.845    72.645    <hidden>
    SLICE_X13Y48         FDCE                                         r  <hidden>
                         clock pessimism             10.357    83.001    
                         clock uncertainty           -0.035    82.966    
    SLICE_X13Y48         FDCE (Setup_DFF_SLICEL_C_CE)
                                                     -0.042    82.924    <hidden>
  -------------------------------------------------------------------
                         required time                         82.924    
                         arrival time                         -20.146    
  -------------------------------------------------------------------
                         slack                                 62.778    

Slack (MET) :             62.867ns  (required time - arrival time)
  Source:                 OSDZU3x_BYOTEE_i/mdm_1/U0/MDM_Core_I1/JTAG_CONTROL_I/command_reg[2]/C
                            (rising edge-triggered cell FDRE clocked by OSDZU3x_BYOTEE_i/mdm_1/U0/MDM_Core_I1/JTAG_CONTROL_I/Test_Access_Port.BUFG_UPDATE/Using_FPGA.Native/O  {rise@0.000ns fall@33.333ns period=66.666ns})
  Destination:            <hidden>
                            (rising edge-triggered cell FDRE clocked by OSDZU3x_BYOTEE_i/mdm_1/U0/MDM_Core_I1/JTAG_CONTROL_I/Test_Access_Port.BUFG_UPDATE/Using_FPGA.Native/O  {rise@0.000ns fall@33.333ns period=66.666ns})
  Path Group:             OSDZU3x_BYOTEE_i/mdm_1/U0/MDM_Core_I1/JTAG_CONTROL_I/Test_Access_Port.BUFG_UPDATE/Using_FPGA.Native/O
  Path Type:              Setup (Max at Slow Process Corner)
  Requirement:            66.666ns  (OSDZU3x_BYOTEE_i/mdm_1/U0/MDM_Core_I1/JTAG_CONTROL_I/Test_Access_Port.BUFG_UPDATE/Using_FPGA.Native/O rise@66.666ns - OSDZU3x_BYOTEE_i/mdm_1/U0/MDM_Core_I1/JTAG_CONTROL_I/Test_Access_Port.BUFG_UPDATE/Using_FPGA.Native/O rise@0.000ns)
  Data Path Delay:        3.548ns  (logic 0.727ns (20.490%)  route 2.821ns (79.510%))
  Logic Levels:           6  (LUT2=1 LUT4=3 LUT5=1 LUT6=1)
  Clock Path Skew:        -0.174ns (DCD - SCD + CPR)
    Destination Clock Delay (DCD):    5.974ns = ( 72.640 - 66.666 ) 
    Source Clock Delay      (SCD):    16.504ns
    Clock Pessimism Removal (CPR):    10.357ns
  Clock Uncertainty:      0.035ns  ((TSJ^2 + TIJ^2)^1/2 + DJ) / 2 + PE
    Total System Jitter     (TSJ):    0.071ns
    Total Input Jitter      (TIJ):    0.000ns
    Discrete Jitter          (DJ):    0.000ns
    Phase Error              (PE):    0.000ns
  Clock Net Delay (Source):      2.119ns (routing 1.180ns, distribution 0.939ns)
  Clock Net Delay (Destination): 1.840ns (routing 1.075ns, distribution 0.765ns)

    Location             Delay type                Incr(ns)  Path(ns)    Netlist Resource(s)
  -------------------------------------------------------------------    -------------------
                         (clock OSDZU3x_BYOTEE_i/mdm_1/U0/MDM_Core_I1/JTAG_CONTROL_I/Test_Access_Port.BUFG_UPDATE/Using_FPGA.Native/O rise edge)
                                                      0.000     0.000 r  
    CONFIG_SITE_X0Y0     BSCANE2                      0.000     0.000 r  OSDZU3x_BYOTEE_i/mdm_1/U0/Use_E2.BSCAN_I/Use_E2.BSCANE2_I/INTERNAL_TCK
    CONFIG_SITE_X0Y0     BSCANE2 (Prop_BSCAN2_CONFIG_SITE_INTERNAL_TCK_TCK)
                                                      5.900     5.900 r  OSDZU3x_BYOTEE_i/mdm_1/U0/Use_E2.BSCAN_I/Use_E2.BSCANE2_I/TCK
                         net (fo=2, routed)           1.564     7.464    OSDZU3x_BYOTEE_i/mdm_1/U0/Use_E2.BSCAN_I/tck
    BUFGCE_X0Y10         BUFGCE (Prop_BUFCE_BUFGCE_I_O)
                                                      0.028     7.492 r  OSDZU3x_BYOTEE_i/mdm_1/U0/Use_E2.BSCAN_I/tck_BUFG_inst/O
                         net (fo=52, routed)          2.090     9.582    OSDZU3x_BYOTEE_i/mdm_1/U0/tck
    SLICE_X37Y100        FDRE (Prop_CFF_SLICEM_C_Q)
                                                      0.095     9.677 f  OSDZU3x_BYOTEE_i/mdm_1/U0/Use_JTAG_BSCAN.tms_ok_reg/Q
                         net (fo=3, routed)           1.158    10.835    OSDZU3x_BYOTEE_i/mdm_1/U0/Use_JTAG_BSCAN.BUFG_JTAG_TCK/Using_FPGA.Native_0
    BUFGCTRL_X0Y16       BUFGCTRL (Prop_BUFGCTRL_CE0_O)
                                                      0.156    10.991 f  OSDZU3x_BYOTEE_i/mdm_1/U0/Use_JTAG_BSCAN.BUFG_JTAG_TCK/Using_FPGA.Native/O
                         net (fo=33, routed)          1.996    12.987    OSDZU3x_BYOTEE_i/mdm_1/U0/MDM_Core_I1/JTAG_CONTROL_I/Use_JTAG_BSCAN.tck_int
    SLICE_X13Y82         FDRE (Prop_EFF_SLICEL_C_Q)
                                                      0.096    13.083 r  OSDZU3x_BYOTEE_i/mdm_1/U0/MDM_Core_I1/JTAG_CONTROL_I/Test_Access_Port.update_unbuf_reg/Q
                         net (fo=1, routed)           1.274    14.357    OSDZU3x_BYOTEE_i/mdm_1/U0/MDM_Core_I1/JTAG_CONTROL_I/Test_Access_Port.BUFG_UPDATE/Test_Access_Port.update_unbuf
    BUFGCE_X0Y24         BUFGCE (Prop_BUFCE_BUFGCE_I_O)
                                                      0.028    14.385 r  OSDZU3x_BYOTEE_i/mdm_1/U0/MDM_Core_I1/JTAG_CONTROL_I/Test_Access_Port.BUFG_UPDATE/Using_FPGA.Native/O
    X0Y0 (CLOCK_ROOT)    net (fo=185, routed)         2.119    16.504    OSDZU3x_BYOTEE_i/mdm_1/U0/MDM_Core_I1/JTAG_CONTROL_I/Using_FPGA.Native_0
    SLICE_X10Y78         FDRE                                         r  OSDZU3x_BYOTEE_i/mdm_1/U0/MDM_Core_I1/JTAG_CONTROL_I/command_reg[2]/C
  -------------------------------------------------------------------    -------------------
    SLICE_X10Y78         FDRE (Prop_DFF2_SLICEL_C_Q)
                                                      0.098    16.602 f  OSDZU3x_BYOTEE_i/mdm_1/U0/MDM_Core_I1/JTAG_CONTROL_I/command_reg[2]/Q
                         net (fo=8, routed)           0.219    16.822    OSDZU3x_BYOTEE_i/mdm_1/U0/MDM_Core_I1/JTAG_CONTROL_I/command[2]
    SLICE_X10Y78         LUT4 (Prop_D5LUT_SLICEL_I3_O)
                                                      0.164    16.986 f  OSDZU3x_BYOTEE_i/mdm_1/U0/MDM_Core_I1/JTAG_CONTROL_I/Dbg_Reg_En_0[5]_INST_0/O
                         net (fo=4, routed)           0.759    17.745    <hidden>
    SLICE_X11Y48         LUT4 (Prop_C6LUT_SLICEL_I2_O)
                                                      0.098    17.843 f  <hidden>
                         net (fo=2, routed)           0.161    18.004    <hidden>
    SLICE_X11Y48         LUT4 (Prop_E6LUT_SLICEL_I0_O)
                                                      0.064    18.068 r  <hidden>
                         net (fo=7, routed)           0.300    18.368    <hidden>
    SLICE_X12Y46         LUT5 (Prop_H5LUT_SLICEL_I4_O)
                                                      0.164    18.532 r  <hidden>
                         net (fo=3, routed)           0.332    18.864    <hidden>
    SLICE_X12Y46         LUT6 (Prop_G6LUT_SLICEL_I2_O)
                                                      0.100    18.964 f  <hidden>
                         net (fo=4, routed)           0.260    19.224    <hidden>
    SLICE_X13Y47         LUT2 (Prop_F6LUT_SLICEL_I1_O)
                                                      0.039    19.263 r  <hidden>
                         net (fo=32, routed)          0.789    20.052    <hidden>
    SLICE_X12Y45         FDRE                                         r  <hidden>
  -------------------------------------------------------------------    -------------------

                         (clock OSDZU3x_BYOTEE_i/mdm_1/U0/MDM_Core_I1/JTAG_CONTROL_I/Test_Access_Port.BUFG_UPDATE/Using_FPGA.Native/O rise edge)
                                                     66.666    66.666 f  
    CONFIG_SITE_X0Y0     BSCANE2                      0.000    66.666 f  OSDZU3x_BYOTEE_i/mdm_1/U0/Use_E2.BSCAN_I/Use_E2.BSCANE2_I/INTERNAL_TCK
    CONFIG_SITE_X0Y0     BSCANE2 (Prop_BSCAN2_CONFIG_SITE_INTERNAL_TCK_TCK)
                                                      0.465    67.131 f  OSDZU3x_BYOTEE_i/mdm_1/U0/Use_E2.BSCAN_I/Use_E2.BSCANE2_I/TCK
                         net (fo=2, routed)           0.879    68.010    OSDZU3x_BYOTEE_i/mdm_1/U0/Use_JTAG_BSCAN.BUFG_JTAG_TCK/lopt
    BUFGCTRL_X0Y16       BUFGCTRL (Prop_BUFGCTRL_I0_O)
                                                      0.078    68.088 f  OSDZU3x_BYOTEE_i/mdm_1/U0/Use_JTAG_BSCAN.BUFG_JTAG_TCK/Using_FPGA.Native/O
                         net (fo=33, routed)          1.757    69.845    OSDZU3x_BYOTEE_i/mdm_1/U0/MDM_Core_I1/JTAG_CONTROL_I/Use_JTAG_BSCAN.tck_int
    SLICE_X13Y82         FDRE (Prop_EFF_SLICEL_C_Q)
                                                      0.070    69.915 r  OSDZU3x_BYOTEE_i/mdm_1/U0/MDM_Core_I1/JTAG_CONTROL_I/Test_Access_Port.update_unbuf_reg/Q
                         net (fo=1, routed)           0.861    70.776    OSDZU3x_BYOTEE_i/mdm_1/U0/MDM_Core_I1/JTAG_CONTROL_I/Test_Access_Port.BUFG_UPDATE/Test_Access_Port.update_unbuf
    BUFGCE_X0Y24         BUFGCE (Prop_BUFCE_BUFGCE_I_O)
                                                      0.024    70.800 r  OSDZU3x_BYOTEE_i/mdm_1/U0/MDM_Core_I1/JTAG_CONTROL_I/Test_Access_Port.BUFG_UPDATE/Using_FPGA.Native/O
    X0Y0 (CLOCK_ROOT)    net (fo=185, routed)         1.840    72.640    <hidden>
    SLICE_X12Y45         FDRE                                         r  <hidden>
                         clock pessimism             10.357    82.996    
                         clock uncertainty           -0.035    82.961    
    SLICE_X12Y45         FDRE (Setup_AFF2_SLICEL_C_CE)
                                                     -0.042    82.919    <hidden>
  -------------------------------------------------------------------
                         required time                         82.919    
                         arrival time                         -20.052    
  -------------------------------------------------------------------
                         slack                                 62.867    

Slack (MET) :             62.867ns  (required time - arrival time)
  Source:                 OSDZU3x_BYOTEE_i/mdm_1/U0/MDM_Core_I1/JTAG_CONTROL_I/command_reg[2]/C
                            (rising edge-triggered cell FDRE clocked by OSDZU3x_BYOTEE_i/mdm_1/U0/MDM_Core_I1/JTAG_CONTROL_I/Test_Access_Port.BUFG_UPDATE/Using_FPGA.Native/O  {rise@0.000ns fall@33.333ns period=66.666ns})
  Destination:            <hidden>
                            (rising edge-triggered cell FDRE clocked by OSDZU3x_BYOTEE_i/mdm_1/U0/MDM_Core_I1/JTAG_CONTROL_I/Test_Access_Port.BUFG_UPDATE/Using_FPGA.Native/O  {rise@0.000ns fall@33.333ns period=66.666ns})
  Path Group:             OSDZU3x_BYOTEE_i/mdm_1/U0/MDM_Core_I1/JTAG_CONTROL_I/Test_Access_Port.BUFG_UPDATE/Using_FPGA.Native/O
  Path Type:              Setup (Max at Slow Process Corner)
  Requirement:            66.666ns  (OSDZU3x_BYOTEE_i/mdm_1/U0/MDM_Core_I1/JTAG_CONTROL_I/Test_Access_Port.BUFG_UPDATE/Using_FPGA.Native/O rise@66.666ns - OSDZU3x_BYOTEE_i/mdm_1/U0/MDM_Core_I1/JTAG_CONTROL_I/Test_Access_Port.BUFG_UPDATE/Using_FPGA.Native/O rise@0.000ns)
  Data Path Delay:        3.548ns  (logic 0.727ns (20.490%)  route 2.821ns (79.510%))
  Logic Levels:           6  (LUT2=1 LUT4=3 LUT5=1 LUT6=1)
  Clock Path Skew:        -0.174ns (DCD - SCD + CPR)
    Destination Clock Delay (DCD):    5.974ns = ( 72.640 - 66.666 ) 
    Source Clock Delay      (SCD):    16.504ns
    Clock Pessimism Removal (CPR):    10.357ns
  Clock Uncertainty:      0.035ns  ((TSJ^2 + TIJ^2)^1/2 + DJ) / 2 + PE
    Total System Jitter     (TSJ):    0.071ns
    Total Input Jitter      (TIJ):    0.000ns
    Discrete Jitter          (DJ):    0.000ns
    Phase Error              (PE):    0.000ns
  Clock Net Delay (Source):      2.119ns (routing 1.180ns, distribution 0.939ns)
  Clock Net Delay (Destination): 1.840ns (routing 1.075ns, distribution 0.765ns)

    Location             Delay type                Incr(ns)  Path(ns)    Netlist Resource(s)
  -------------------------------------------------------------------    -------------------
                         (clock OSDZU3x_BYOTEE_i/mdm_1/U0/MDM_Core_I1/JTAG_CONTROL_I/Test_Access_Port.BUFG_UPDATE/Using_FPGA.Native/O rise edge)
                                                      0.000     0.000 r  
    CONFIG_SITE_X0Y0     BSCANE2                      0.000     0.000 r  OSDZU3x_BYOTEE_i/mdm_1/U0/Use_E2.BSCAN_I/Use_E2.BSCANE2_I/INTERNAL_TCK
    CONFIG_SITE_X0Y0     BSCANE2 (Prop_BSCAN2_CONFIG_SITE_INTERNAL_TCK_TCK)
                                                      5.900     5.900 r  OSDZU3x_BYOTEE_i/mdm_1/U0/Use_E2.BSCAN_I/Use_E2.BSCANE2_I/TCK
                         net (fo=2, routed)           1.564     7.464    OSDZU3x_BYOTEE_i/mdm_1/U0/Use_E2.BSCAN_I/tck
    BUFGCE_X0Y10         BUFGCE (Prop_BUFCE_BUFGCE_I_O)
                                                      0.028     7.492 r  OSDZU3x_BYOTEE_i/mdm_1/U0/Use_E2.BSCAN_I/tck_BUFG_inst/O
                         net (fo=52, routed)          2.090     9.582    OSDZU3x_BYOTEE_i/mdm_1/U0/tck
    SLICE_X37Y100        FDRE (Prop_CFF_SLICEM_C_Q)
                                                      0.095     9.677 f  OSDZU3x_BYOTEE_i/mdm_1/U0/Use_JTAG_BSCAN.tms_ok_reg/Q
                         net (fo=3, routed)           1.158    10.835    OSDZU3x_BYOTEE_i/mdm_1/U0/Use_JTAG_BSCAN.BUFG_JTAG_TCK/Using_FPGA.Native_0
    BUFGCTRL_X0Y16       BUFGCTRL (Prop_BUFGCTRL_CE0_O)
                                                      0.156    10.991 f  OSDZU3x_BYOTEE_i/mdm_1/U0/Use_JTAG_BSCAN.BUFG_JTAG_TCK/Using_FPGA.Native/O
                         net (fo=33, routed)          1.996    12.987    OSDZU3x_BYOTEE_i/mdm_1/U0/MDM_Core_I1/JTAG_CONTROL_I/Use_JTAG_BSCAN.tck_int
    SLICE_X13Y82         FDRE (Prop_EFF_SLICEL_C_Q)
                                                      0.096    13.083 r  OSDZU3x_BYOTEE_i/mdm_1/U0/MDM_Core_I1/JTAG_CONTROL_I/Test_Access_Port.update_unbuf_reg/Q
                         net (fo=1, routed)           1.274    14.357    OSDZU3x_BYOTEE_i/mdm_1/U0/MDM_Core_I1/JTAG_CONTROL_I/Test_Access_Port.BUFG_UPDATE/Test_Access_Port.update_unbuf
    BUFGCE_X0Y24         BUFGCE (Prop_BUFCE_BUFGCE_I_O)
                                                      0.028    14.385 r  OSDZU3x_BYOTEE_i/mdm_1/U0/MDM_Core_I1/JTAG_CONTROL_I/Test_Access_Port.BUFG_UPDATE/Using_FPGA.Native/O
    X0Y0 (CLOCK_ROOT)    net (fo=185, routed)         2.119    16.504    OSDZU3x_BYOTEE_i/mdm_1/U0/MDM_Core_I1/JTAG_CONTROL_I/Using_FPGA.Native_0
    SLICE_X10Y78         FDRE                                         r  OSDZU3x_BYOTEE_i/mdm_1/U0/MDM_Core_I1/JTAG_CONTROL_I/command_reg[2]/C
  -------------------------------------------------------------------    -------------------
    SLICE_X10Y78         FDRE (Prop_DFF2_SLICEL_C_Q)
                                                      0.098    16.602 f  OSDZU3x_BYOTEE_i/mdm_1/U0/MDM_Core_I1/JTAG_CONTROL_I/command_reg[2]/Q
                         net (fo=8, routed)           0.219    16.822    OSDZU3x_BYOTEE_i/mdm_1/U0/MDM_Core_I1/JTAG_CONTROL_I/command[2]
    SLICE_X10Y78         LUT4 (Prop_D5LUT_SLICEL_I3_O)
                                                      0.164    16.986 f  OSDZU3x_BYOTEE_i/mdm_1/U0/MDM_Core_I1/JTAG_CONTROL_I/Dbg_Reg_En_0[5]_INST_0/O
                         net (fo=4, routed)           0.759    17.745    <hidden>
    SLICE_X11Y48         LUT4 (Prop_C6LUT_SLICEL_I2_O)
                                                      0.098    17.843 f  <hidden>
                         net (fo=2, routed)           0.161    18.004    <hidden>
    SLICE_X11Y48         LUT4 (Prop_E6LUT_SLICEL_I0_O)
                                                      0.064    18.068 r  <hidden>
                         net (fo=7, routed)           0.300    18.368    <hidden>
    SLICE_X12Y46         LUT5 (Prop_H5LUT_SLICEL_I4_O)
                                                      0.164    18.532 r  <hidden>
                         net (fo=3, routed)           0.332    18.864    <hidden>
    SLICE_X12Y46         LUT6 (Prop_G6LUT_SLICEL_I2_O)
                                                      0.100    18.964 f  <hidden>
                         net (fo=4, routed)           0.260    19.224    <hidden>
    SLICE_X13Y47         LUT2 (Prop_F6LUT_SLICEL_I1_O)
                                                      0.039    19.263 r  <hidden>
                         net (fo=32, routed)          0.789    20.052    <hidden>
    SLICE_X12Y45         FDRE                                         r  <hidden>
  -------------------------------------------------------------------    -------------------

                         (clock OSDZU3x_BYOTEE_i/mdm_1/U0/MDM_Core_I1/JTAG_CONTROL_I/Test_Access_Port.BUFG_UPDATE/Using_FPGA.Native/O rise edge)
                                                     66.666    66.666 f  
    CONFIG_SITE_X0Y0     BSCANE2                      0.000    66.666 f  OSDZU3x_BYOTEE_i/mdm_1/U0/Use_E2.BSCAN_I/Use_E2.BSCANE2_I/INTERNAL_TCK
    CONFIG_SITE_X0Y0     BSCANE2 (Prop_BSCAN2_CONFIG_SITE_INTERNAL_TCK_TCK)
                                                      0.465    67.131 f  OSDZU3x_BYOTEE_i/mdm_1/U0/Use_E2.BSCAN_I/Use_E2.BSCANE2_I/TCK
                         net (fo=2, routed)           0.879    68.010    OSDZU3x_BYOTEE_i/mdm_1/U0/Use_JTAG_BSCAN.BUFG_JTAG_TCK/lopt
    BUFGCTRL_X0Y16       BUFGCTRL (Prop_BUFGCTRL_I0_O)
                                                      0.078    68.088 f  OSDZU3x_BYOTEE_i/mdm_1/U0/Use_JTAG_BSCAN.BUFG_JTAG_TCK/Using_FPGA.Native/O
                         net (fo=33, routed)          1.757    69.845    OSDZU3x_BYOTEE_i/mdm_1/U0/MDM_Core_I1/JTAG_CONTROL_I/Use_JTAG_BSCAN.tck_int
    SLICE_X13Y82         FDRE (Prop_EFF_SLICEL_C_Q)
                                                      0.070    69.915 r  OSDZU3x_BYOTEE_i/mdm_1/U0/MDM_Core_I1/JTAG_CONTROL_I/Test_Access_Port.update_unbuf_reg/Q
                         net (fo=1, routed)           0.861    70.776    OSDZU3x_BYOTEE_i/mdm_1/U0/MDM_Core_I1/JTAG_CONTROL_I/Test_Access_Port.BUFG_UPDATE/Test_Access_Port.update_unbuf
    BUFGCE_X0Y24         BUFGCE (Prop_BUFCE_BUFGCE_I_O)
                                                      0.024    70.800 r  OSDZU3x_BYOTEE_i/mdm_1/U0/MDM_Core_I1/JTAG_CONTROL_I/Test_Access_Port.BUFG_UPDATE/Using_FPGA.Native/O
    X0Y0 (CLOCK_ROOT)    net (fo=185, routed)         1.840    72.640    <hidden>
    SLICE_X12Y45         FDRE                                         r  <hidden>
                         clock pessimism             10.357    82.996    
                         clock uncertainty           -0.035    82.961    
    SLICE_X12Y45         FDRE (Setup_BFF2_SLICEL_C_CE)
                                                     -0.042    82.919    <hidden>
  -------------------------------------------------------------------
                         required time                         82.919    
                         arrival time                         -20.052    
  -------------------------------------------------------------------
                         slack                                 62.867    

Slack (MET) :             62.868ns  (required time - arrival time)
  Source:                 OSDZU3x_BYOTEE_i/mdm_1/U0/MDM_Core_I1/JTAG_CONTROL_I/command_reg[2]/C
                            (rising edge-triggered cell FDRE clocked by OSDZU3x_BYOTEE_i/mdm_1/U0/MDM_Core_I1/JTAG_CONTROL_I/Test_Access_Port.BUFG_UPDATE/Using_FPGA.Native/O  {rise@0.000ns fall@33.333ns period=66.666ns})
  Destination:            <hidden>
                            (rising edge-triggered cell FDRE clocked by OSDZU3x_BYOTEE_i/mdm_1/U0/MDM_Core_I1/JTAG_CONTROL_I/Test_Access_Port.BUFG_UPDATE/Using_FPGA.Native/O  {rise@0.000ns fall@33.333ns period=66.666ns})
  Path Group:             OSDZU3x_BYOTEE_i/mdm_1/U0/MDM_Core_I1/JTAG_CONTROL_I/Test_Access_Port.BUFG_UPDATE/Using_FPGA.Native/O
  Path Type:              Setup (Max at Slow Process Corner)
  Requirement:            66.666ns  (OSDZU3x_BYOTEE_i/mdm_1/U0/MDM_Core_I1/JTAG_CONTROL_I/Test_Access_Port.BUFG_UPDATE/Using_FPGA.Native/O rise@66.666ns - OSDZU3x_BYOTEE_i/mdm_1/U0/MDM_Core_I1/JTAG_CONTROL_I/Test_Access_Port.BUFG_UPDATE/Using_FPGA.Native/O rise@0.000ns)
  Data Path Delay:        3.547ns  (logic 0.727ns (20.496%)  route 2.820ns (79.504%))
  Logic Levels:           6  (LUT2=1 LUT4=3 LUT5=1 LUT6=1)
  Clock Path Skew:        -0.174ns (DCD - SCD + CPR)
    Destination Clock Delay (DCD):    5.974ns = ( 72.640 - 66.666 ) 
    Source Clock Delay      (SCD):    16.504ns
    Clock Pessimism Removal (CPR):    10.357ns
  Clock Uncertainty:      0.035ns  ((TSJ^2 + TIJ^2)^1/2 + DJ) / 2 + PE
    Total System Jitter     (TSJ):    0.071ns
    Total Input Jitter      (TIJ):    0.000ns
    Discrete Jitter          (DJ):    0.000ns
    Phase Error              (PE):    0.000ns
  Clock Net Delay (Source):      2.119ns (routing 1.180ns, distribution 0.939ns)
  Clock Net Delay (Destination): 1.840ns (routing 1.075ns, distribution 0.765ns)

    Location             Delay type                Incr(ns)  Path(ns)    Netlist Resource(s)
  -------------------------------------------------------------------    -------------------
                         (clock OSDZU3x_BYOTEE_i/mdm_1/U0/MDM_Core_I1/JTAG_CONTROL_I/Test_Access_Port.BUFG_UPDATE/Using_FPGA.Native/O rise edge)
                                                      0.000     0.000 r  
    CONFIG_SITE_X0Y0     BSCANE2                      0.000     0.000 r  OSDZU3x_BYOTEE_i/mdm_1/U0/Use_E2.BSCAN_I/Use_E2.BSCANE2_I/INTERNAL_TCK
    CONFIG_SITE_X0Y0     BSCANE2 (Prop_BSCAN2_CONFIG_SITE_INTERNAL_TCK_TCK)
                                                      5.900     5.900 r  OSDZU3x_BYOTEE_i/mdm_1/U0/Use_E2.BSCAN_I/Use_E2.BSCANE2_I/TCK
                         net (fo=2, routed)           1.564     7.464    OSDZU3x_BYOTEE_i/mdm_1/U0/Use_E2.BSCAN_I/tck
    BUFGCE_X0Y10         BUFGCE (Prop_BUFCE_BUFGCE_I_O)
                                                      0.028     7.492 r  OSDZU3x_BYOTEE_i/mdm_1/U0/Use_E2.BSCAN_I/tck_BUFG_inst/O
                         net (fo=52, routed)          2.090     9.582    OSDZU3x_BYOTEE_i/mdm_1/U0/tck
    SLICE_X37Y100        FDRE (Prop_CFF_SLICEM_C_Q)
                                                      0.095     9.677 f  OSDZU3x_BYOTEE_i/mdm_1/U0/Use_JTAG_BSCAN.tms_ok_reg/Q
                         net (fo=3, routed)           1.158    10.835    OSDZU3x_BYOTEE_i/mdm_1/U0/Use_JTAG_BSCAN.BUFG_JTAG_TCK/Using_FPGA.Native_0
    BUFGCTRL_X0Y16       BUFGCTRL (Prop_BUFGCTRL_CE0_O)
                                                      0.156    10.991 f  OSDZU3x_BYOTEE_i/mdm_1/U0/Use_JTAG_BSCAN.BUFG_JTAG_TCK/Using_FPGA.Native/O
                         net (fo=33, routed)          1.996    12.987    OSDZU3x_BYOTEE_i/mdm_1/U0/MDM_Core_I1/JTAG_CONTROL_I/Use_JTAG_BSCAN.tck_int
    SLICE_X13Y82         FDRE (Prop_EFF_SLICEL_C_Q)
                                                      0.096    13.083 r  OSDZU3x_BYOTEE_i/mdm_1/U0/MDM_Core_I1/JTAG_CONTROL_I/Test_Access_Port.update_unbuf_reg/Q
                         net (fo=1, routed)           1.274    14.357    OSDZU3x_BYOTEE_i/mdm_1/U0/MDM_Core_I1/JTAG_CONTROL_I/Test_Access_Port.BUFG_UPDATE/Test_Access_Port.update_unbuf
    BUFGCE_X0Y24         BUFGCE (Prop_BUFCE_BUFGCE_I_O)
                                                      0.028    14.385 r  OSDZU3x_BYOTEE_i/mdm_1/U0/MDM_Core_I1/JTAG_CONTROL_I/Test_Access_Port.BUFG_UPDATE/Using_FPGA.Native/O
    X0Y0 (CLOCK_ROOT)    net (fo=185, routed)         2.119    16.504    OSDZU3x_BYOTEE_i/mdm_1/U0/MDM_Core_I1/JTAG_CONTROL_I/Using_FPGA.Native_0
    SLICE_X10Y78         FDRE                                         r  OSDZU3x_BYOTEE_i/mdm_1/U0/MDM_Core_I1/JTAG_CONTROL_I/command_reg[2]/C
  -------------------------------------------------------------------    -------------------
    SLICE_X10Y78         FDRE (Prop_DFF2_SLICEL_C_Q)
                                                      0.098    16.602 f  OSDZU3x_BYOTEE_i/mdm_1/U0/MDM_Core_I1/JTAG_CONTROL_I/command_reg[2]/Q
                         net (fo=8, routed)           0.219    16.822    OSDZU3x_BYOTEE_i/mdm_1/U0/MDM_Core_I1/JTAG_CONTROL_I/command[2]
    SLICE_X10Y78         LUT4 (Prop_D5LUT_SLICEL_I3_O)
                                                      0.164    16.986 f  OSDZU3x_BYOTEE_i/mdm_1/U0/MDM_Core_I1/JTAG_CONTROL_I/Dbg_Reg_En_0[5]_INST_0/O
                         net (fo=4, routed)           0.759    17.745    <hidden>
    SLICE_X11Y48         LUT4 (Prop_C6LUT_SLICEL_I2_O)
                                                      0.098    17.843 f  <hidden>
                         net (fo=2, routed)           0.161    18.004    <hidden>
    SLICE_X11Y48         LUT4 (Prop_E6LUT_SLICEL_I0_O)
                                                      0.064    18.068 r  <hidden>
                         net (fo=7, routed)           0.300    18.368    <hidden>
    SLICE_X12Y46         LUT5 (Prop_H5LUT_SLICEL_I4_O)
                                                      0.164    18.532 r  <hidden>
                         net (fo=3, routed)           0.332    18.864    <hidden>
    SLICE_X12Y46         LUT6 (Prop_G6LUT_SLICEL_I2_O)
                                                      0.100    18.964 f  <hidden>
                         net (fo=4, routed)           0.260    19.224    <hidden>
    SLICE_X13Y47         LUT2 (Prop_F6LUT_SLICEL_I1_O)
                                                      0.039    19.263 r  <hidden>
                         net (fo=32, routed)          0.788    20.051    <hidden>
    SLICE_X12Y45         FDRE                                         r  <hidden>
  -------------------------------------------------------------------    -------------------

                         (clock OSDZU3x_BYOTEE_i/mdm_1/U0/MDM_Core_I1/JTAG_CONTROL_I/Test_Access_Port.BUFG_UPDATE/Using_FPGA.Native/O rise edge)
                                                     66.666    66.666 f  
    CONFIG_SITE_X0Y0     BSCANE2                      0.000    66.666 f  OSDZU3x_BYOTEE_i/mdm_1/U0/Use_E2.BSCAN_I/Use_E2.BSCANE2_I/INTERNAL_TCK
    CONFIG_SITE_X0Y0     BSCANE2 (Prop_BSCAN2_CONFIG_SITE_INTERNAL_TCK_TCK)
                                                      0.465    67.131 f  OSDZU3x_BYOTEE_i/mdm_1/U0/Use_E2.BSCAN_I/Use_E2.BSCANE2_I/TCK
                         net (fo=2, routed)           0.879    68.010    OSDZU3x_BYOTEE_i/mdm_1/U0/Use_JTAG_BSCAN.BUFG_JTAG_TCK/lopt
    BUFGCTRL_X0Y16       BUFGCTRL (Prop_BUFGCTRL_I0_O)
                                                      0.078    68.088 f  OSDZU3x_BYOTEE_i/mdm_1/U0/Use_JTAG_BSCAN.BUFG_JTAG_TCK/Using_FPGA.Native/O
                         net (fo=33, routed)          1.757    69.845    OSDZU3x_BYOTEE_i/mdm_1/U0/MDM_Core_I1/JTAG_CONTROL_I/Use_JTAG_BSCAN.tck_int
    SLICE_X13Y82         FDRE (Prop_EFF_SLICEL_C_Q)
                                                      0.070    69.915 r  OSDZU3x_BYOTEE_i/mdm_1/U0/MDM_Core_I1/JTAG_CONTROL_I/Test_Access_Port.update_unbuf_reg/Q
                         net (fo=1, routed)           0.861    70.776    OSDZU3x_BYOTEE_i/mdm_1/U0/MDM_Core_I1/JTAG_CONTROL_I/Test_Access_Port.BUFG_UPDATE/Test_Access_Port.update_unbuf
    BUFGCE_X0Y24         BUFGCE (Prop_BUFCE_BUFGCE_I_O)
                                                      0.024    70.800 r  OSDZU3x_BYOTEE_i/mdm_1/U0/MDM_Core_I1/JTAG_CONTROL_I/Test_Access_Port.BUFG_UPDATE/Using_FPGA.Native/O
    X0Y0 (CLOCK_ROOT)    net (fo=185, routed)         1.840    72.640    <hidden>
    SLICE_X12Y45         FDRE                                         r  <hidden>
                         clock pessimism             10.357    82.996    
                         clock uncertainty           -0.035    82.961    
    SLICE_X12Y45         FDRE (Setup_AFF_SLICEL_C_CE)
                                                     -0.042    82.919    <hidden>
  -------------------------------------------------------------------
                         required time                         82.919    
                         arrival time                         -20.051    
  -------------------------------------------------------------------
                         slack                                 62.868    

Slack (MET) :             62.868ns  (required time - arrival time)
  Source:                 OSDZU3x_BYOTEE_i/mdm_1/U0/MDM_Core_I1/JTAG_CONTROL_I/command_reg[2]/C
                            (rising edge-triggered cell FDRE clocked by OSDZU3x_BYOTEE_i/mdm_1/U0/MDM_Core_I1/JTAG_CONTROL_I/Test_Access_Port.BUFG_UPDATE/Using_FPGA.Native/O  {rise@0.000ns fall@33.333ns period=66.666ns})
  Destination:            <hidden>
                            (rising edge-triggered cell FDRE clocked by OSDZU3x_BYOTEE_i/mdm_1/U0/MDM_Core_I1/JTAG_CONTROL_I/Test_Access_Port.BUFG_UPDATE/Using_FPGA.Native/O  {rise@0.000ns fall@33.333ns period=66.666ns})
  Path Group:             OSDZU3x_BYOTEE_i/mdm_1/U0/MDM_Core_I1/JTAG_CONTROL_I/Test_Access_Port.BUFG_UPDATE/Using_FPGA.Native/O
  Path Type:              Setup (Max at Slow Process Corner)
  Requirement:            66.666ns  (OSDZU3x_BYOTEE_i/mdm_1/U0/MDM_Core_I1/JTAG_CONTROL_I/Test_Access_Port.BUFG_UPDATE/Using_FPGA.Native/O rise@66.666ns - OSDZU3x_BYOTEE_i/mdm_1/U0/MDM_Core_I1/JTAG_CONTROL_I/Test_Access_Port.BUFG_UPDATE/Using_FPGA.Native/O rise@0.000ns)
  Data Path Delay:        3.547ns  (logic 0.727ns (20.496%)  route 2.820ns (79.504%))
  Logic Levels:           6  (LUT2=1 LUT4=3 LUT5=1 LUT6=1)
  Clock Path Skew:        -0.174ns (DCD - SCD + CPR)
    Destination Clock Delay (DCD):    5.974ns = ( 72.640 - 66.666 ) 
    Source Clock Delay      (SCD):    16.504ns
    Clock Pessimism Removal (CPR):    10.357ns
  Clock Uncertainty:      0.035ns  ((TSJ^2 + TIJ^2)^1/2 + DJ) / 2 + PE
    Total System Jitter     (TSJ):    0.071ns
    Total Input Jitter      (TIJ):    0.000ns
    Discrete Jitter          (DJ):    0.000ns
    Phase Error              (PE):    0.000ns
  Clock Net Delay (Source):      2.119ns (routing 1.180ns, distribution 0.939ns)
  Clock Net Delay (Destination): 1.840ns (routing 1.075ns, distribution 0.765ns)

    Location             Delay type                Incr(ns)  Path(ns)    Netlist Resource(s)
  -------------------------------------------------------------------    -------------------
                         (clock OSDZU3x_BYOTEE_i/mdm_1/U0/MDM_Core_I1/JTAG_CONTROL_I/Test_Access_Port.BUFG_UPDATE/Using_FPGA.Native/O rise edge)
                                                      0.000     0.000 r  
    CONFIG_SITE_X0Y0     BSCANE2                      0.000     0.000 r  OSDZU3x_BYOTEE_i/mdm_1/U0/Use_E2.BSCAN_I/Use_E2.BSCANE2_I/INTERNAL_TCK
    CONFIG_SITE_X0Y0     BSCANE2 (Prop_BSCAN2_CONFIG_SITE_INTERNAL_TCK_TCK)
                                                      5.900     5.900 r  OSDZU3x_BYOTEE_i/mdm_1/U0/Use_E2.BSCAN_I/Use_E2.BSCANE2_I/TCK
                         net (fo=2, routed)           1.564     7.464    OSDZU3x_BYOTEE_i/mdm_1/U0/Use_E2.BSCAN_I/tck
    BUFGCE_X0Y10         BUFGCE (Prop_BUFCE_BUFGCE_I_O)
                                                      0.028     7.492 r  OSDZU3x_BYOTEE_i/mdm_1/U0/Use_E2.BSCAN_I/tck_BUFG_inst/O
                         net (fo=52, routed)          2.090     9.582    OSDZU3x_BYOTEE_i/mdm_1/U0/tck
    SLICE_X37Y100        FDRE (Prop_CFF_SLICEM_C_Q)
                                                      0.095     9.677 f  OSDZU3x_BYOTEE_i/mdm_1/U0/Use_JTAG_BSCAN.tms_ok_reg/Q
                         net (fo=3, routed)           1.158    10.835    OSDZU3x_BYOTEE_i/mdm_1/U0/Use_JTAG_BSCAN.BUFG_JTAG_TCK/Using_FPGA.Native_0
    BUFGCTRL_X0Y16       BUFGCTRL (Prop_BUFGCTRL_CE0_O)
                                                      0.156    10.991 f  OSDZU3x_BYOTEE_i/mdm_1/U0/Use_JTAG_BSCAN.BUFG_JTAG_TCK/Using_FPGA.Native/O
                         net (fo=33, routed)          1.996    12.987    OSDZU3x_BYOTEE_i/mdm_1/U0/MDM_Core_I1/JTAG_CONTROL_I/Use_JTAG_BSCAN.tck_int
    SLICE_X13Y82         FDRE (Prop_EFF_SLICEL_C_Q)
                                                      0.096    13.083 r  OSDZU3x_BYOTEE_i/mdm_1/U0/MDM_Core_I1/JTAG_CONTROL_I/Test_Access_Port.update_unbuf_reg/Q
                         net (fo=1, routed)           1.274    14.357    OSDZU3x_BYOTEE_i/mdm_1/U0/MDM_Core_I1/JTAG_CONTROL_I/Test_Access_Port.BUFG_UPDATE/Test_Access_Port.update_unbuf
    BUFGCE_X0Y24         BUFGCE (Prop_BUFCE_BUFGCE_I_O)
                                                      0.028    14.385 r  OSDZU3x_BYOTEE_i/mdm_1/U0/MDM_Core_I1/JTAG_CONTROL_I/Test_Access_Port.BUFG_UPDATE/Using_FPGA.Native/O
    X0Y0 (CLOCK_ROOT)    net (fo=185, routed)         2.119    16.504    OSDZU3x_BYOTEE_i/mdm_1/U0/MDM_Core_I1/JTAG_CONTROL_I/Using_FPGA.Native_0
    SLICE_X10Y78         FDRE                                         r  OSDZU3x_BYOTEE_i/mdm_1/U0/MDM_Core_I1/JTAG_CONTROL_I/command_reg[2]/C
  -------------------------------------------------------------------    -------------------
    SLICE_X10Y78         FDRE (Prop_DFF2_SLICEL_C_Q)
                                                      0.098    16.602 f  OSDZU3x_BYOTEE_i/mdm_1/U0/MDM_Core_I1/JTAG_CONTROL_I/command_reg[2]/Q
                         net (fo=8, routed)           0.219    16.822    OSDZU3x_BYOTEE_i/mdm_1/U0/MDM_Core_I1/JTAG_CONTROL_I/command[2]
    SLICE_X10Y78         LUT4 (Prop_D5LUT_SLICEL_I3_O)
                                                      0.164    16.986 f  OSDZU3x_BYOTEE_i/mdm_1/U0/MDM_Core_I1/JTAG_CONTROL_I/Dbg_Reg_En_0[5]_INST_0/O
                         net (fo=4, routed)           0.759    17.745    <hidden>
    SLICE_X11Y48         LUT4 (Prop_C6LUT_SLICEL_I2_O)
                                                      0.098    17.843 f  <hidden>
                         net (fo=2, routed)           0.161    18.004    <hidden>
    SLICE_X11Y48         LUT4 (Prop_E6LUT_SLICEL_I0_O)
                                                      0.064    18.068 r  <hidden>
                         net (fo=7, routed)           0.300    18.368    <hidden>
    SLICE_X12Y46         LUT5 (Prop_H5LUT_SLICEL_I4_O)
                                                      0.164    18.532 r  <hidden>
                         net (fo=3, routed)           0.332    18.864    <hidden>
    SLICE_X12Y46         LUT6 (Prop_G6LUT_SLICEL_I2_O)
                                                      0.100    18.964 f  <hidden>
                         net (fo=4, routed)           0.260    19.224    <hidden>
    SLICE_X13Y47         LUT2 (Prop_F6LUT_SLICEL_I1_O)
                                                      0.039    19.263 r  <hidden>
                         net (fo=32, routed)          0.788    20.051    <hidden>
    SLICE_X12Y45         FDRE                                         r  <hidden>
  -------------------------------------------------------------------    -------------------

                         (clock OSDZU3x_BYOTEE_i/mdm_1/U0/MDM_Core_I1/JTAG_CONTROL_I/Test_Access_Port.BUFG_UPDATE/Using_FPGA.Native/O rise edge)
                                                     66.666    66.666 f  
    CONFIG_SITE_X0Y0     BSCANE2                      0.000    66.666 f  OSDZU3x_BYOTEE_i/mdm_1/U0/Use_E2.BSCAN_I/Use_E2.BSCANE2_I/INTERNAL_TCK
    CONFIG_SITE_X0Y0     BSCANE2 (Prop_BSCAN2_CONFIG_SITE_INTERNAL_TCK_TCK)
                                                      0.465    67.131 f  OSDZU3x_BYOTEE_i/mdm_1/U0/Use_E2.BSCAN_I/Use_E2.BSCANE2_I/TCK
                         net (fo=2, routed)           0.879    68.010    OSDZU3x_BYOTEE_i/mdm_1/U0/Use_JTAG_BSCAN.BUFG_JTAG_TCK/lopt
    BUFGCTRL_X0Y16       BUFGCTRL (Prop_BUFGCTRL_I0_O)
                                                      0.078    68.088 f  OSDZU3x_BYOTEE_i/mdm_1/U0/Use_JTAG_BSCAN.BUFG_JTAG_TCK/Using_FPGA.Native/O
                         net (fo=33, routed)          1.757    69.845    OSDZU3x_BYOTEE_i/mdm_1/U0/MDM_Core_I1/JTAG_CONTROL_I/Use_JTAG_BSCAN.tck_int
    SLICE_X13Y82         FDRE (Prop_EFF_SLICEL_C_Q)
                                                      0.070    69.915 r  OSDZU3x_BYOTEE_i/mdm_1/U0/MDM_Core_I1/JTAG_CONTROL_I/Test_Access_Port.update_unbuf_reg/Q
                         net (fo=1, routed)           0.861    70.776    OSDZU3x_BYOTEE_i/mdm_1/U0/MDM_Core_I1/JTAG_CONTROL_I/Test_Access_Port.BUFG_UPDATE/Test_Access_Port.update_unbuf
    BUFGCE_X0Y24         BUFGCE (Prop_BUFCE_BUFGCE_I_O)
                                                      0.024    70.800 r  OSDZU3x_BYOTEE_i/mdm_1/U0/MDM_Core_I1/JTAG_CONTROL_I/Test_Access_Port.BUFG_UPDATE/Using_FPGA.Native/O
    X0Y0 (CLOCK_ROOT)    net (fo=185, routed)         1.840    72.640    <hidden>
    SLICE_X12Y45         FDRE                                         r  <hidden>
                         clock pessimism             10.357    82.996    
                         clock uncertainty           -0.035    82.961    
    SLICE_X12Y45         FDRE (Setup_BFF_SLICEL_C_CE)
                                                     -0.042    82.919    <hidden>
  -------------------------------------------------------------------
                         required time                         82.919    
                         arrival time                         -20.051    
  -------------------------------------------------------------------
                         slack                                 62.868    

Slack (MET) :             62.868ns  (required time - arrival time)
  Source:                 OSDZU3x_BYOTEE_i/mdm_1/U0/MDM_Core_I1/JTAG_CONTROL_I/command_reg[2]/C
                            (rising edge-triggered cell FDRE clocked by OSDZU3x_BYOTEE_i/mdm_1/U0/MDM_Core_I1/JTAG_CONTROL_I/Test_Access_Port.BUFG_UPDATE/Using_FPGA.Native/O  {rise@0.000ns fall@33.333ns period=66.666ns})
  Destination:            <hidden>
                            (rising edge-triggered cell FDRE clocked by OSDZU3x_BYOTEE_i/mdm_1/U0/MDM_Core_I1/JTAG_CONTROL_I/Test_Access_Port.BUFG_UPDATE/Using_FPGA.Native/O  {rise@0.000ns fall@33.333ns period=66.666ns})
  Path Group:             OSDZU3x_BYOTEE_i/mdm_1/U0/MDM_Core_I1/JTAG_CONTROL_I/Test_Access_Port.BUFG_UPDATE/Using_FPGA.Native/O
  Path Type:              Setup (Max at Slow Process Corner)
  Requirement:            66.666ns  (OSDZU3x_BYOTEE_i/mdm_1/U0/MDM_Core_I1/JTAG_CONTROL_I/Test_Access_Port.BUFG_UPDATE/Using_FPGA.Native/O rise@66.666ns - OSDZU3x_BYOTEE_i/mdm_1/U0/MDM_Core_I1/JTAG_CONTROL_I/Test_Access_Port.BUFG_UPDATE/Using_FPGA.Native/O rise@0.000ns)
  Data Path Delay:        3.547ns  (logic 0.727ns (20.496%)  route 2.820ns (79.504%))
  Logic Levels:           6  (LUT2=1 LUT4=3 LUT5=1 LUT6=1)
  Clock Path Skew:        -0.174ns (DCD - SCD + CPR)
    Destination Clock Delay (DCD):    5.974ns = ( 72.640 - 66.666 ) 
    Source Clock Delay      (SCD):    16.504ns
    Clock Pessimism Removal (CPR):    10.357ns
  Clock Uncertainty:      0.035ns  ((TSJ^2 + TIJ^2)^1/2 + DJ) / 2 + PE
    Total System Jitter     (TSJ):    0.071ns
    Total Input Jitter      (TIJ):    0.000ns
    Discrete Jitter          (DJ):    0.000ns
    Phase Error              (PE):    0.000ns
  Clock Net Delay (Source):      2.119ns (routing 1.180ns, distribution 0.939ns)
  Clock Net Delay (Destination): 1.840ns (routing 1.075ns, distribution 0.765ns)

    Location             Delay type                Incr(ns)  Path(ns)    Netlist Resource(s)
  -------------------------------------------------------------------    -------------------
                         (clock OSDZU3x_BYOTEE_i/mdm_1/U0/MDM_Core_I1/JTAG_CONTROL_I/Test_Access_Port.BUFG_UPDATE/Using_FPGA.Native/O rise edge)
                                                      0.000     0.000 r  
    CONFIG_SITE_X0Y0     BSCANE2                      0.000     0.000 r  OSDZU3x_BYOTEE_i/mdm_1/U0/Use_E2.BSCAN_I/Use_E2.BSCANE2_I/INTERNAL_TCK
    CONFIG_SITE_X0Y0     BSCANE2 (Prop_BSCAN2_CONFIG_SITE_INTERNAL_TCK_TCK)
                                                      5.900     5.900 r  OSDZU3x_BYOTEE_i/mdm_1/U0/Use_E2.BSCAN_I/Use_E2.BSCANE2_I/TCK
                         net (fo=2, routed)           1.564     7.464    OSDZU3x_BYOTEE_i/mdm_1/U0/Use_E2.BSCAN_I/tck
    BUFGCE_X0Y10         BUFGCE (Prop_BUFCE_BUFGCE_I_O)
                                                      0.028     7.492 r  OSDZU3x_BYOTEE_i/mdm_1/U0/Use_E2.BSCAN_I/tck_BUFG_inst/O
                         net (fo=52, routed)          2.090     9.582    OSDZU3x_BYOTEE_i/mdm_1/U0/tck
    SLICE_X37Y100        FDRE (Prop_CFF_SLICEM_C_Q)
                                                      0.095     9.677 f  OSDZU3x_BYOTEE_i/mdm_1/U0/Use_JTAG_BSCAN.tms_ok_reg/Q
                         net (fo=3, routed)           1.158    10.835    OSDZU3x_BYOTEE_i/mdm_1/U0/Use_JTAG_BSCAN.BUFG_JTAG_TCK/Using_FPGA.Native_0
    BUFGCTRL_X0Y16       BUFGCTRL (Prop_BUFGCTRL_CE0_O)
                                                      0.156    10.991 f  OSDZU3x_BYOTEE_i/mdm_1/U0/Use_JTAG_BSCAN.BUFG_JTAG_TCK/Using_FPGA.Native/O
                         net (fo=33, routed)          1.996    12.987    OSDZU3x_BYOTEE_i/mdm_1/U0/MDM_Core_I1/JTAG_CONTROL_I/Use_JTAG_BSCAN.tck_int
    SLICE_X13Y82         FDRE (Prop_EFF_SLICEL_C_Q)
                                                      0.096    13.083 r  OSDZU3x_BYOTEE_i/mdm_1/U0/MDM_Core_I1/JTAG_CONTROL_I/Test_Access_Port.update_unbuf_reg/Q
                         net (fo=1, routed)           1.274    14.357    OSDZU3x_BYOTEE_i/mdm_1/U0/MDM_Core_I1/JTAG_CONTROL_I/Test_Access_Port.BUFG_UPDATE/Test_Access_Port.update_unbuf
    BUFGCE_X0Y24         BUFGCE (Prop_BUFCE_BUFGCE_I_O)
                                                      0.028    14.385 r  OSDZU3x_BYOTEE_i/mdm_1/U0/MDM_Core_I1/JTAG_CONTROL_I/Test_Access_Port.BUFG_UPDATE/Using_FPGA.Native/O
    X0Y0 (CLOCK_ROOT)    net (fo=185, routed)         2.119    16.504    OSDZU3x_BYOTEE_i/mdm_1/U0/MDM_Core_I1/JTAG_CONTROL_I/Using_FPGA.Native_0
    SLICE_X10Y78         FDRE                                         r  OSDZU3x_BYOTEE_i/mdm_1/U0/MDM_Core_I1/JTAG_CONTROL_I/command_reg[2]/C
  -------------------------------------------------------------------    -------------------
    SLICE_X10Y78         FDRE (Prop_DFF2_SLICEL_C_Q)
                                                      0.098    16.602 f  OSDZU3x_BYOTEE_i/mdm_1/U0/MDM_Core_I1/JTAG_CONTROL_I/command_reg[2]/Q
                         net (fo=8, routed)           0.219    16.822    OSDZU3x_BYOTEE_i/mdm_1/U0/MDM_Core_I1/JTAG_CONTROL_I/command[2]
    SLICE_X10Y78         LUT4 (Prop_D5LUT_SLICEL_I3_O)
                                                      0.164    16.986 f  OSDZU3x_BYOTEE_i/mdm_1/U0/MDM_Core_I1/JTAG_CONTROL_I/Dbg_Reg_En_0[5]_INST_0/O
                         net (fo=4, routed)           0.759    17.745    <hidden>
    SLICE_X11Y48         LUT4 (Prop_C6LUT_SLICEL_I2_O)
                                                      0.098    17.843 f  <hidden>
                         net (fo=2, routed)           0.161    18.004    <hidden>
    SLICE_X11Y48         LUT4 (Prop_E6LUT_SLICEL_I0_O)
                                                      0.064    18.068 r  <hidden>
                         net (fo=7, routed)           0.300    18.368    <hidden>
    SLICE_X12Y46         LUT5 (Prop_H5LUT_SLICEL_I4_O)
                                                      0.164    18.532 r  <hidden>
                         net (fo=3, routed)           0.332    18.864    <hidden>
    SLICE_X12Y46         LUT6 (Prop_G6LUT_SLICEL_I2_O)
                                                      0.100    18.964 f  <hidden>
                         net (fo=4, routed)           0.260    19.224    <hidden>
    SLICE_X13Y47         LUT2 (Prop_F6LUT_SLICEL_I1_O)
                                                      0.039    19.263 r  <hidden>
                         net (fo=32, routed)          0.788    20.051    <hidden>
    SLICE_X12Y45         FDRE                                         r  <hidden>
  -------------------------------------------------------------------    -------------------

                         (clock OSDZU3x_BYOTEE_i/mdm_1/U0/MDM_Core_I1/JTAG_CONTROL_I/Test_Access_Port.BUFG_UPDATE/Using_FPGA.Native/O rise edge)
                                                     66.666    66.666 f  
    CONFIG_SITE_X0Y0     BSCANE2                      0.000    66.666 f  OSDZU3x_BYOTEE_i/mdm_1/U0/Use_E2.BSCAN_I/Use_E2.BSCANE2_I/INTERNAL_TCK
    CONFIG_SITE_X0Y0     BSCANE2 (Prop_BSCAN2_CONFIG_SITE_INTERNAL_TCK_TCK)
                                                      0.465    67.131 f  OSDZU3x_BYOTEE_i/mdm_1/U0/Use_E2.BSCAN_I/Use_E2.BSCANE2_I/TCK
                         net (fo=2, routed)           0.879    68.010    OSDZU3x_BYOTEE_i/mdm_1/U0/Use_JTAG_BSCAN.BUFG_JTAG_TCK/lopt
    BUFGCTRL_X0Y16       BUFGCTRL (Prop_BUFGCTRL_I0_O)
                                                      0.078    68.088 f  OSDZU3x_BYOTEE_i/mdm_1/U0/Use_JTAG_BSCAN.BUFG_JTAG_TCK/Using_FPGA.Native/O
                         net (fo=33, routed)          1.757    69.845    OSDZU3x_BYOTEE_i/mdm_1/U0/MDM_Core_I1/JTAG_CONTROL_I/Use_JTAG_BSCAN.tck_int
    SLICE_X13Y82         FDRE (Prop_EFF_SLICEL_C_Q)
                                                      0.070    69.915 r  OSDZU3x_BYOTEE_i/mdm_1/U0/MDM_Core_I1/JTAG_CONTROL_I/Test_Access_Port.update_unbuf_reg/Q
                         net (fo=1, routed)           0.861    70.776    OSDZU3x_BYOTEE_i/mdm_1/U0/MDM_Core_I1/JTAG_CONTROL_I/Test_Access_Port.BUFG_UPDATE/Test_Access_Port.update_unbuf
    BUFGCE_X0Y24         BUFGCE (Prop_BUFCE_BUFGCE_I_O)
                                                      0.024    70.800 r  OSDZU3x_BYOTEE_i/mdm_1/U0/MDM_Core_I1/JTAG_CONTROL_I/Test_Access_Port.BUFG_UPDATE/Using_FPGA.Native/O
    X0Y0 (CLOCK_ROOT)    net (fo=185, routed)         1.840    72.640    <hidden>
    SLICE_X12Y45         FDRE                                         r  <hidden>
                         clock pessimism             10.357    82.996    
                         clock uncertainty           -0.035    82.961    
    SLICE_X12Y45         FDRE (Setup_CFF_SLICEL_C_CE)
                                                     -0.042    82.919    <hidden>
  -------------------------------------------------------------------
                         required time                         82.919    
                         arrival time                         -20.051    
  -------------------------------------------------------------------
                         slack                                 62.868    

Slack (MET) :             62.918ns  (required time - arrival time)
  Source:                 OSDZU3x_BYOTEE_i/mdm_1/U0/MDM_Core_I1/JTAG_CONTROL_I/command_reg[2]/C
                            (rising edge-triggered cell FDRE clocked by OSDZU3x_BYOTEE_i/mdm_1/U0/MDM_Core_I1/JTAG_CONTROL_I/Test_Access_Port.BUFG_UPDATE/Using_FPGA.Native/O  {rise@0.000ns fall@33.333ns period=66.666ns})
  Destination:            <hidden>
                            (rising edge-triggered cell FDCE clocked by OSDZU3x_BYOTEE_i/mdm_1/U0/MDM_Core_I1/JTAG_CONTROL_I/Test_Access_Port.BUFG_UPDATE/Using_FPGA.Native/O  {rise@0.000ns fall@33.333ns period=66.666ns})
  Path Group:             OSDZU3x_BYOTEE_i/mdm_1/U0/MDM_Core_I1/JTAG_CONTROL_I/Test_Access_Port.BUFG_UPDATE/Using_FPGA.Native/O
  Path Type:              Setup (Max at Slow Process Corner)
  Requirement:            66.666ns  (OSDZU3x_BYOTEE_i/mdm_1/U0/MDM_Core_I1/JTAG_CONTROL_I/Test_Access_Port.BUFG_UPDATE/Using_FPGA.Native/O rise@66.666ns - OSDZU3x_BYOTEE_i/mdm_1/U0/MDM_Core_I1/JTAG_CONTROL_I/Test_Access_Port.BUFG_UPDATE/Using_FPGA.Native/O rise@0.000ns)
  Data Path Delay:        3.510ns  (logic 0.890ns (25.354%)  route 2.620ns (74.646%))
  Logic Levels:           6  (LUT2=1 LUT4=3 LUT5=1 LUT6=1)
  Clock Path Skew:        -0.159ns (DCD - SCD + CPR)
    Destination Clock Delay (DCD):    5.989ns = ( 72.655 - 66.666 ) 
    Source Clock Delay      (SCD):    16.504ns
    Clock Pessimism Removal (CPR):    10.357ns
  Clock Uncertainty:      0.035ns  ((TSJ^2 + TIJ^2)^1/2 + DJ) / 2 + PE
    Total System Jitter     (TSJ):    0.071ns
    Total Input Jitter      (TIJ):    0.000ns
    Discrete Jitter          (DJ):    0.000ns
    Phase Error              (PE):    0.000ns
  Clock Net Delay (Source):      2.119ns (routing 1.180ns, distribution 0.939ns)
  Clock Net Delay (Destination): 1.855ns (routing 1.075ns, distribution 0.780ns)

    Location             Delay type                Incr(ns)  Path(ns)    Netlist Resource(s)
  -------------------------------------------------------------------    -------------------
                         (clock OSDZU3x_BYOTEE_i/mdm_1/U0/MDM_Core_I1/JTAG_CONTROL_I/Test_Access_Port.BUFG_UPDATE/Using_FPGA.Native/O rise edge)
                                                      0.000     0.000 r  
    CONFIG_SITE_X0Y0     BSCANE2                      0.000     0.000 r  OSDZU3x_BYOTEE_i/mdm_1/U0/Use_E2.BSCAN_I/Use_E2.BSCANE2_I/INTERNAL_TCK
    CONFIG_SITE_X0Y0     BSCANE2 (Prop_BSCAN2_CONFIG_SITE_INTERNAL_TCK_TCK)
                                                      5.900     5.900 r  OSDZU3x_BYOTEE_i/mdm_1/U0/Use_E2.BSCAN_I/Use_E2.BSCANE2_I/TCK
                         net (fo=2, routed)           1.564     7.464    OSDZU3x_BYOTEE_i/mdm_1/U0/Use_E2.BSCAN_I/tck
    BUFGCE_X0Y10         BUFGCE (Prop_BUFCE_BUFGCE_I_O)
                                                      0.028     7.492 r  OSDZU3x_BYOTEE_i/mdm_1/U0/Use_E2.BSCAN_I/tck_BUFG_inst/O
                         net (fo=52, routed)          2.090     9.582    OSDZU3x_BYOTEE_i/mdm_1/U0/tck
    SLICE_X37Y100        FDRE (Prop_CFF_SLICEM_C_Q)
                                                      0.095     9.677 f  OSDZU3x_BYOTEE_i/mdm_1/U0/Use_JTAG_BSCAN.tms_ok_reg/Q
                         net (fo=3, routed)           1.158    10.835    OSDZU3x_BYOTEE_i/mdm_1/U0/Use_JTAG_BSCAN.BUFG_JTAG_TCK/Using_FPGA.Native_0
    BUFGCTRL_X0Y16       BUFGCTRL (Prop_BUFGCTRL_CE0_O)
                                                      0.156    10.991 f  OSDZU3x_BYOTEE_i/mdm_1/U0/Use_JTAG_BSCAN.BUFG_JTAG_TCK/Using_FPGA.Native/O
                         net (fo=33, routed)          1.996    12.987    OSDZU3x_BYOTEE_i/mdm_1/U0/MDM_Core_I1/JTAG_CONTROL_I/Use_JTAG_BSCAN.tck_int
    SLICE_X13Y82         FDRE (Prop_EFF_SLICEL_C_Q)
                                                      0.096    13.083 r  OSDZU3x_BYOTEE_i/mdm_1/U0/MDM_Core_I1/JTAG_CONTROL_I/Test_Access_Port.update_unbuf_reg/Q
                         net (fo=1, routed)           1.274    14.357    OSDZU3x_BYOTEE_i/mdm_1/U0/MDM_Core_I1/JTAG_CONTROL_I/Test_Access_Port.BUFG_UPDATE/Test_Access_Port.update_unbuf
    BUFGCE_X0Y24         BUFGCE (Prop_BUFCE_BUFGCE_I_O)
                                                      0.028    14.385 r  OSDZU3x_BYOTEE_i/mdm_1/U0/MDM_Core_I1/JTAG_CONTROL_I/Test_Access_Port.BUFG_UPDATE/Using_FPGA.Native/O
    X0Y0 (CLOCK_ROOT)    net (fo=185, routed)         2.119    16.504    OSDZU3x_BYOTEE_i/mdm_1/U0/MDM_Core_I1/JTAG_CONTROL_I/Using_FPGA.Native_0
    SLICE_X10Y78         FDRE                                         r  OSDZU3x_BYOTEE_i/mdm_1/U0/MDM_Core_I1/JTAG_CONTROL_I/command_reg[2]/C
  -------------------------------------------------------------------    -------------------
    SLICE_X10Y78         FDRE (Prop_DFF2_SLICEL_C_Q)
                                                      0.098    16.602 f  OSDZU3x_BYOTEE_i/mdm_1/U0/MDM_Core_I1/JTAG_CONTROL_I/command_reg[2]/Q
                         net (fo=8, routed)           0.219    16.822    OSDZU3x_BYOTEE_i/mdm_1/U0/MDM_Core_I1/JTAG_CONTROL_I/command[2]
    SLICE_X10Y78         LUT4 (Prop_D5LUT_SLICEL_I3_O)
                                                      0.164    16.986 f  OSDZU3x_BYOTEE_i/mdm_1/U0/MDM_Core_I1/JTAG_CONTROL_I/Dbg_Reg_En_0[5]_INST_0/O
                         net (fo=4, routed)           0.759    17.745    <hidden>
    SLICE_X11Y48         LUT4 (Prop_C6LUT_SLICEL_I2_O)
                                                      0.098    17.843 f  <hidden>
                         net (fo=2, routed)           0.161    18.004    <hidden>
    SLICE_X11Y48         LUT4 (Prop_E6LUT_SLICEL_I0_O)
                                                      0.064    18.068 r  <hidden>
                         net (fo=7, routed)           0.300    18.368    <hidden>
    SLICE_X12Y46         LUT5 (Prop_H5LUT_SLICEL_I4_O)
                                                      0.164    18.532 r  <hidden>
                         net (fo=3, routed)           0.332    18.864    <hidden>
    SLICE_X12Y46         LUT6 (Prop_G6LUT_SLICEL_I2_O)
                                                      0.100    18.964 f  <hidden>
                         net (fo=4, routed)           0.187    19.151    <hidden>
    SLICE_X13Y46         LUT2 (Prop_B5LUT_SLICEL_I0_O)
                                                      0.202    19.353 r  <hidden>
                         net (fo=5, routed)           0.662    20.014    <hidden>
    SLICE_X14Y46         FDCE                                         r  <hidden>
  -------------------------------------------------------------------    -------------------

                         (clock OSDZU3x_BYOTEE_i/mdm_1/U0/MDM_Core_I1/JTAG_CONTROL_I/Test_Access_Port.BUFG_UPDATE/Using_FPGA.Native/O rise edge)
                                                     66.666    66.666 f  
    CONFIG_SITE_X0Y0     BSCANE2                      0.000    66.666 f  OSDZU3x_BYOTEE_i/mdm_1/U0/Use_E2.BSCAN_I/Use_E2.BSCANE2_I/INTERNAL_TCK
    CONFIG_SITE_X0Y0     BSCANE2 (Prop_BSCAN2_CONFIG_SITE_INTERNAL_TCK_TCK)
                                                      0.465    67.131 f  OSDZU3x_BYOTEE_i/mdm_1/U0/Use_E2.BSCAN_I/Use_E2.BSCANE2_I/TCK
                         net (fo=2, routed)           0.879    68.010    OSDZU3x_BYOTEE_i/mdm_1/U0/Use_JTAG_BSCAN.BUFG_JTAG_TCK/lopt
    BUFGCTRL_X0Y16       BUFGCTRL (Prop_BUFGCTRL_I0_O)
                                                      0.078    68.088 f  OSDZU3x_BYOTEE_i/mdm_1/U0/Use_JTAG_BSCAN.BUFG_JTAG_TCK/Using_FPGA.Native/O
                         net (fo=33, routed)          1.757    69.845    OSDZU3x_BYOTEE_i/mdm_1/U0/MDM_Core_I1/JTAG_CONTROL_I/Use_JTAG_BSCAN.tck_int
    SLICE_X13Y82         FDRE (Prop_EFF_SLICEL_C_Q)
                                                      0.070    69.915 r  OSDZU3x_BYOTEE_i/mdm_1/U0/MDM_Core_I1/JTAG_CONTROL_I/Test_Access_Port.update_unbuf_reg/Q
                         net (fo=1, routed)           0.861    70.776    OSDZU3x_BYOTEE_i/mdm_1/U0/MDM_Core_I1/JTAG_CONTROL_I/Test_Access_Port.BUFG_UPDATE/Test_Access_Port.update_unbuf
    BUFGCE_X0Y24         BUFGCE (Prop_BUFCE_BUFGCE_I_O)
                                                      0.024    70.800 r  OSDZU3x_BYOTEE_i/mdm_1/U0/MDM_Core_I1/JTAG_CONTROL_I/Test_Access_Port.BUFG_UPDATE/Using_FPGA.Native/O
    X0Y0 (CLOCK_ROOT)    net (fo=185, routed)         1.855    72.655    <hidden>
    SLICE_X14Y46         FDCE                                         r  <hidden>
                         clock pessimism             10.357    83.011    
                         clock uncertainty           -0.035    82.976    
    SLICE_X14Y46         FDCE (Setup_HFF2_SLICEM_C_CE)
                                                     -0.043    82.933    <hidden>
  -------------------------------------------------------------------
                         required time                         82.933    
                         arrival time                         -20.014    
  -------------------------------------------------------------------
                         slack                                 62.918    





Min Delay Paths
--------------------------------------------------------------------------------------
Slack (MET) :             0.044ns  (arrival time - required time)
  Source:                 OSDZU3x_BYOTEE_i/mdm_1/U0/MDM_Core_I1/JTAG_CONTROL_I/Use_Dbg_Mem_Access.wr_access_reg/C
                            (rising edge-triggered cell FDRE clocked by OSDZU3x_BYOTEE_i/mdm_1/U0/MDM_Core_I1/JTAG_CONTROL_I/Test_Access_Port.BUFG_UPDATE/Using_FPGA.Native/O  {rise@0.000ns fall@33.333ns period=66.666ns})
  Destination:            OSDZU3x_BYOTEE_i/mdm_1/U0/MDM_Core_I1/JTAG_CONTROL_I/Use_Dbg_Mem_Access.wr_access_reg/D
                            (rising edge-triggered cell FDRE clocked by OSDZU3x_BYOTEE_i/mdm_1/U0/MDM_Core_I1/JTAG_CONTROL_I/Test_Access_Port.BUFG_UPDATE/Using_FPGA.Native/O  {rise@0.000ns fall@33.333ns period=66.666ns})
  Path Group:             OSDZU3x_BYOTEE_i/mdm_1/U0/MDM_Core_I1/JTAG_CONTROL_I/Test_Access_Port.BUFG_UPDATE/Using_FPGA.Native/O
  Path Type:              Hold (Min at Fast Process Corner)
  Requirement:            0.000ns  (OSDZU3x_BYOTEE_i/mdm_1/U0/MDM_Core_I1/JTAG_CONTROL_I/Test_Access_Port.BUFG_UPDATE/Using_FPGA.Native/O rise@0.000ns - OSDZU3x_BYOTEE_i/mdm_1/U0/MDM_Core_I1/JTAG_CONTROL_I/Test_Access_Port.BUFG_UPDATE/Using_FPGA.Native/O rise@0.000ns)
  Data Path Delay:        0.096ns  (logic 0.054ns (56.436%)  route 0.042ns (43.564%))
  Logic Levels:           1  (LUT6=1)
  Clock Path Skew:        0.006ns (DCD - SCD - CPR)
    Destination Clock Delay (DCD):    12.216ns
    Source Clock Delay      (SCD):    3.949ns
    Clock Pessimism Removal (CPR):    8.261ns
  Clock Net Delay (Source):      1.079ns (routing 0.604ns, distribution 0.475ns)
  Clock Net Delay (Destination): 1.218ns (routing 0.671ns, distribution 0.547ns)

    Location             Delay type                Incr(ns)  Path(ns)    Netlist Resource(s)
  -------------------------------------------------------------------    -------------------
                         (clock OSDZU3x_BYOTEE_i/mdm_1/U0/MDM_Core_I1/JTAG_CONTROL_I/Test_Access_Port.BUFG_UPDATE/Using_FPGA.Native/O rise edge)
                                                      0.000     0.000 r  
    CONFIG_SITE_X0Y0     BSCANE2                      0.000     0.000 f  OSDZU3x_BYOTEE_i/mdm_1/U0/Use_E2.BSCAN_I/Use_E2.BSCANE2_I/INTERNAL_TCK
    CONFIG_SITE_X0Y0     BSCANE2 (Prop_BSCAN2_CONFIG_SITE_INTERNAL_TCK_TCK)
                                                      0.465     0.465 f  OSDZU3x_BYOTEE_i/mdm_1/U0/Use_E2.BSCAN_I/Use_E2.BSCANE2_I/TCK
                         net (fo=2, routed)           0.666     1.131    OSDZU3x_BYOTEE_i/mdm_1/U0/Use_JTAG_BSCAN.BUFG_JTAG_TCK/lopt
    BUFGCTRL_X0Y16       BUFGCTRL (Prop_BUFGCTRL_I0_O)
                                                      0.052     1.183 f  OSDZU3x_BYOTEE_i/mdm_1/U0/Use_JTAG_BSCAN.BUFG_JTAG_TCK/Using_FPGA.Native/O
                         net (fo=33, routed)          1.012     2.194    OSDZU3x_BYOTEE_i/mdm_1/U0/MDM_Core_I1/JTAG_CONTROL_I/Use_JTAG_BSCAN.tck_int
    SLICE_X13Y82         FDRE (Prop_EFF_SLICEL_C_Q)
                                                      0.039     2.233 r  OSDZU3x_BYOTEE_i/mdm_1/U0/MDM_Core_I1/JTAG_CONTROL_I/Test_Access_Port.update_unbuf_reg/Q
                         net (fo=1, routed)           0.620     2.853    OSDZU3x_BYOTEE_i/mdm_1/U0/MDM_Core_I1/JTAG_CONTROL_I/Test_Access_Port.BUFG_UPDATE/Test_Access_Port.update_unbuf
    BUFGCE_X0Y24         BUFGCE (Prop_BUFCE_BUFGCE_I_O)
                                                      0.017     2.870 r  OSDZU3x_BYOTEE_i/mdm_1/U0/MDM_Core_I1/JTAG_CONTROL_I/Test_Access_Port.BUFG_UPDATE/Using_FPGA.Native/O
    X0Y0 (CLOCK_ROOT)    net (fo=185, routed)         1.079     3.949    OSDZU3x_BYOTEE_i/mdm_1/U0/MDM_Core_I1/JTAG_CONTROL_I/Using_FPGA.Native_0
    SLICE_X10Y76         FDRE                                         r  OSDZU3x_BYOTEE_i/mdm_1/U0/MDM_Core_I1/JTAG_CONTROL_I/Use_Dbg_Mem_Access.wr_access_reg/C
  -------------------------------------------------------------------    -------------------
    SLICE_X10Y76         FDRE (Prop_BFF_SLICEL_C_Q)
                                                      0.039     3.988 r  OSDZU3x_BYOTEE_i/mdm_1/U0/MDM_Core_I1/JTAG_CONTROL_I/Use_Dbg_Mem_Access.wr_access_reg/Q
                         net (fo=3, routed)           0.027     4.015    OSDZU3x_BYOTEE_i/mdm_1/U0/MDM_Core_I1/JTAG_CONTROL_I/Use_Dbg_Mem_Access.wr_access_reg_0
    SLICE_X10Y76         LUT6 (Prop_B6LUT_SLICEL_I5_O)
                                                      0.015     4.030 r  OSDZU3x_BYOTEE_i/mdm_1/U0/MDM_Core_I1/JTAG_CONTROL_I/Use_Dbg_Mem_Access.wr_access_i_1/O
                         net (fo=1, routed)           0.015     4.045    OSDZU3x_BYOTEE_i/mdm_1/U0/MDM_Core_I1/JTAG_CONTROL_I/Use_Dbg_Mem_Access.wr_access_i_1_n_0
    SLICE_X10Y76         FDRE                                         r  OSDZU3x_BYOTEE_i/mdm_1/U0/MDM_Core_I1/JTAG_CONTROL_I/Use_Dbg_Mem_Access.wr_access_reg/D
  -------------------------------------------------------------------    -------------------

                         (clock OSDZU3x_BYOTEE_i/mdm_1/U0/MDM_Core_I1/JTAG_CONTROL_I/Test_Access_Port.BUFG_UPDATE/Using_FPGA.Native/O rise edge)
                                                      0.000     0.000 r  
    CONFIG_SITE_X0Y0     BSCANE2                      0.000     0.000 r  OSDZU3x_BYOTEE_i/mdm_1/U0/Use_E2.BSCAN_I/Use_E2.BSCANE2_I/INTERNAL_TCK
    CONFIG_SITE_X0Y0     BSCANE2 (Prop_BSCAN2_CONFIG_SITE_INTERNAL_TCK_TCK)
                                                      5.900     5.900 r  OSDZU3x_BYOTEE_i/mdm_1/U0/Use_E2.BSCAN_I/Use_E2.BSCANE2_I/TCK
                         net (fo=2, routed)           1.006     6.906    OSDZU3x_BYOTEE_i/mdm_1/U0/Use_E2.BSCAN_I/tck
    BUFGCE_X0Y10         BUFGCE (Prop_BUFCE_BUFGCE_I_O)
                                                      0.019     6.925 r  OSDZU3x_BYOTEE_i/mdm_1/U0/Use_E2.BSCAN_I/tck_BUFG_inst/O
                         net (fo=52, routed)          1.191     8.116    OSDZU3x_BYOTEE_i/mdm_1/U0/tck
    SLICE_X37Y100        FDRE (Prop_CFF_SLICEM_C_Q)
                                                      0.051     8.167 f  OSDZU3x_BYOTEE_i/mdm_1/U0/Use_JTAG_BSCAN.tms_ok_reg/Q
                         net (fo=3, routed)           0.708     8.875    OSDZU3x_BYOTEE_i/mdm_1/U0/Use_JTAG_BSCAN.BUFG_JTAG_TCK/Using_FPGA.Native_0
    BUFGCTRL_X0Y16       BUFGCTRL (Prop_BUFGCTRL_CE0_O)
                                                      0.091     8.966 f  OSDZU3x_BYOTEE_i/mdm_1/U0/Use_JTAG_BSCAN.BUFG_JTAG_TCK/Using_FPGA.Native/O
                         net (fo=33, routed)          1.142    10.108    OSDZU3x_BYOTEE_i/mdm_1/U0/MDM_Core_I1/JTAG_CONTROL_I/Use_JTAG_BSCAN.tck_int
    SLICE_X13Y82         FDRE (Prop_EFF_SLICEL_C_Q)
                                                      0.052    10.160 r  OSDZU3x_BYOTEE_i/mdm_1/U0/MDM_Core_I1/JTAG_CONTROL_I/Test_Access_Port.update_unbuf_reg/Q
                         net (fo=1, routed)           0.819    10.979    OSDZU3x_BYOTEE_i/mdm_1/U0/MDM_Core_I1/JTAG_CONTROL_I/Test_Access_Port.BUFG_UPDATE/Test_Access_Port.update_unbuf
    BUFGCE_X0Y24         BUFGCE (Prop_BUFCE_BUFGCE_I_O)
                                                      0.019    10.998 r  OSDZU3x_BYOTEE_i/mdm_1/U0/MDM_Core_I1/JTAG_CONTROL_I/Test_Access_Port.BUFG_UPDATE/Using_FPGA.Native/O
    X0Y0 (CLOCK_ROOT)    net (fo=185, routed)         1.218    12.216    OSDZU3x_BYOTEE_i/mdm_1/U0/MDM_Core_I1/JTAG_CONTROL_I/Using_FPGA.Native_0
    SLICE_X10Y76         FDRE                                         r  OSDZU3x_BYOTEE_i/mdm_1/U0/MDM_Core_I1/JTAG_CONTROL_I/Use_Dbg_Mem_Access.wr_access_reg/C
                         clock pessimism             -8.261     3.955    
    SLICE_X10Y76         FDRE (Hold_BFF_SLICEL_C_D)
                                                      0.046     4.001    OSDZU3x_BYOTEE_i/mdm_1/U0/MDM_Core_I1/JTAG_CONTROL_I/Use_Dbg_Mem_Access.wr_access_reg
  -------------------------------------------------------------------
                         required time                         -4.001    
                         arrival time                           4.045    
  -------------------------------------------------------------------
                         slack                                  0.044    

Slack (MET) :             0.046ns  (arrival time - required time)
  Source:                 <hidden>
                            (rising edge-triggered cell FDRE clocked by OSDZU3x_BYOTEE_i/mdm_1/U0/MDM_Core_I1/JTAG_CONTROL_I/Test_Access_Port.BUFG_UPDATE/Using_FPGA.Native/O  {rise@0.000ns fall@33.333ns period=66.666ns})
  Destination:            <hidden>
                            (rising edge-triggered cell FDRE clocked by OSDZU3x_BYOTEE_i/mdm_1/U0/MDM_Core_I1/JTAG_CONTROL_I/Test_Access_Port.BUFG_UPDATE/Using_FPGA.Native/O  {rise@0.000ns fall@33.333ns period=66.666ns})
  Path Group:             OSDZU3x_BYOTEE_i/mdm_1/U0/MDM_Core_I1/JTAG_CONTROL_I/Test_Access_Port.BUFG_UPDATE/Using_FPGA.Native/O
  Path Type:              Hold (Min at Fast Process Corner)
  Requirement:            0.000ns  (OSDZU3x_BYOTEE_i/mdm_1/U0/MDM_Core_I1/JTAG_CONTROL_I/Test_Access_Port.BUFG_UPDATE/Using_FPGA.Native/O rise@0.000ns - OSDZU3x_BYOTEE_i/mdm_1/U0/MDM_Core_I1/JTAG_CONTROL_I/Test_Access_Port.BUFG_UPDATE/Using_FPGA.Native/O rise@0.000ns)
  Data Path Delay:        0.098ns  (logic 0.053ns (54.342%)  route 0.045ns (45.658%))
  Logic Levels:           1  (LUT6=1)
  Clock Path Skew:        0.006ns (DCD - SCD - CPR)
    Destination Clock Delay (DCD):    12.194ns
    Source Clock Delay      (SCD):    3.928ns
    Clock Pessimism Removal (CPR):    8.260ns
  Clock Net Delay (Source):      1.058ns (routing 0.604ns, distribution 0.454ns)
  Clock Net Delay (Destination): 1.195ns (routing 0.671ns, distribution 0.524ns)

    Location             Delay type                Incr(ns)  Path(ns)    Netlist Resource(s)
  -------------------------------------------------------------------    -------------------
                         (clock OSDZU3x_BYOTEE_i/mdm_1/U0/MDM_Core_I1/JTAG_CONTROL_I/Test_Access_Port.BUFG_UPDATE/Using_FPGA.Native/O rise edge)
                                                      0.000     0.000 r  
    CONFIG_SITE_X0Y0     BSCANE2                      0.000     0.000 f  OSDZU3x_BYOTEE_i/mdm_1/U0/Use_E2.BSCAN_I/Use_E2.BSCANE2_I/INTERNAL_TCK
    CONFIG_SITE_X0Y0     BSCANE2 (Prop_BSCAN2_CONFIG_SITE_INTERNAL_TCK_TCK)
                                                      0.465     0.465 f  OSDZU3x_BYOTEE_i/mdm_1/U0/Use_E2.BSCAN_I/Use_E2.BSCANE2_I/TCK
                         net (fo=2, routed)           0.666     1.131    OSDZU3x_BYOTEE_i/mdm_1/U0/Use_JTAG_BSCAN.BUFG_JTAG_TCK/lopt
    BUFGCTRL_X0Y16       BUFGCTRL (Prop_BUFGCTRL_I0_O)
                                                      0.052     1.183 f  OSDZU3x_BYOTEE_i/mdm_1/U0/Use_JTAG_BSCAN.BUFG_JTAG_TCK/Using_FPGA.Native/O
                         net (fo=33, routed)          1.012     2.194    OSDZU3x_BYOTEE_i/mdm_1/U0/MDM_Core_I1/JTAG_CONTROL_I/Use_JTAG_BSCAN.tck_int
    SLICE_X13Y82         FDRE (Prop_EFF_SLICEL_C_Q)
                                                      0.039     2.233 r  OSDZU3x_BYOTEE_i/mdm_1/U0/MDM_Core_I1/JTAG_CONTROL_I/Test_Access_Port.update_unbuf_reg/Q
                         net (fo=1, routed)           0.620     2.853    OSDZU3x_BYOTEE_i/mdm_1/U0/MDM_Core_I1/JTAG_CONTROL_I/Test_Access_Port.BUFG_UPDATE/Test_Access_Port.update_unbuf
    BUFGCE_X0Y24         BUFGCE (Prop_BUFCE_BUFGCE_I_O)
                                                      0.017     2.870 r  OSDZU3x_BYOTEE_i/mdm_1/U0/MDM_Core_I1/JTAG_CONTROL_I/Test_Access_Port.BUFG_UPDATE/Using_FPGA.Native/O
    X0Y0 (CLOCK_ROOT)    net (fo=185, routed)         1.058     3.928    <hidden>
    SLICE_X11Y46         FDRE                                         r  <hidden>
  -------------------------------------------------------------------    -------------------
    SLICE_X11Y46         FDRE (Prop_DFF_SLICEL_C_Q)
                                                      0.039     3.967 r  <hidden>
                         net (fo=9, routed)           0.029     3.996    <hidden>
    SLICE_X11Y46         LUT6 (Prop_D6LUT_SLICEL_I2_O)
                                                      0.014     4.010 r  <hidden>
                         net (fo=1, routed)           0.016     4.026    <hidden>
    SLICE_X11Y46         FDRE                                         r  <hidden>
  -------------------------------------------------------------------    -------------------

                         (clock OSDZU3x_BYOTEE_i/mdm_1/U0/MDM_Core_I1/JTAG_CONTROL_I/Test_Access_Port.BUFG_UPDATE/Using_FPGA.Native/O rise edge)
                                                      0.000     0.000 r  
    CONFIG_SITE_X0Y0     BSCANE2                      0.000     0.000 r  OSDZU3x_BYOTEE_i/mdm_1/U0/Use_E2.BSCAN_I/Use_E2.BSCANE2_I/INTERNAL_TCK
    CONFIG_SITE_X0Y0     BSCANE2 (Prop_BSCAN2_CONFIG_SITE_INTERNAL_TCK_TCK)
                                                      5.900     5.900 r  OSDZU3x_BYOTEE_i/mdm_1/U0/Use_E2.BSCAN_I/Use_E2.BSCANE2_I/TCK
                         net (fo=2, routed)           1.006     6.906    OSDZU3x_BYOTEE_i/mdm_1/U0/Use_E2.BSCAN_I/tck
    BUFGCE_X0Y10         BUFGCE (Prop_BUFCE_BUFGCE_I_O)
                                                      0.019     6.925 r  OSDZU3x_BYOTEE_i/mdm_1/U0/Use_E2.BSCAN_I/tck_BUFG_inst/O
                         net (fo=52, routed)          1.191     8.116    OSDZU3x_BYOTEE_i/mdm_1/U0/tck
    SLICE_X37Y100        FDRE (Prop_CFF_SLICEM_C_Q)
                                                      0.051     8.167 f  OSDZU3x_BYOTEE_i/mdm_1/U0/Use_JTAG_BSCAN.tms_ok_reg/Q
                         net (fo=3, routed)           0.708     8.875    OSDZU3x_BYOTEE_i/mdm_1/U0/Use_JTAG_BSCAN.BUFG_JTAG_TCK/Using_FPGA.Native_0
    BUFGCTRL_X0Y16       BUFGCTRL (Prop_BUFGCTRL_CE0_O)
                                                      0.091     8.966 f  OSDZU3x_BYOTEE_i/mdm_1/U0/Use_JTAG_BSCAN.BUFG_JTAG_TCK/Using_FPGA.Native/O
                         net (fo=33, routed)          1.142    10.108    OSDZU3x_BYOTEE_i/mdm_1/U0/MDM_Core_I1/JTAG_CONTROL_I/Use_JTAG_BSCAN.tck_int
    SLICE_X13Y82         FDRE (Prop_EFF_SLICEL_C_Q)
                                                      0.052    10.160 r  OSDZU3x_BYOTEE_i/mdm_1/U0/MDM_Core_I1/JTAG_CONTROL_I/Test_Access_Port.update_unbuf_reg/Q
                         net (fo=1, routed)           0.819    10.979    OSDZU3x_BYOTEE_i/mdm_1/U0/MDM_Core_I1/JTAG_CONTROL_I/Test_Access_Port.BUFG_UPDATE/Test_Access_Port.update_unbuf
    BUFGCE_X0Y24         BUFGCE (Prop_BUFCE_BUFGCE_I_O)
                                                      0.019    10.998 r  OSDZU3x_BYOTEE_i/mdm_1/U0/MDM_Core_I1/JTAG_CONTROL_I/Test_Access_Port.BUFG_UPDATE/Using_FPGA.Native/O
    X0Y0 (CLOCK_ROOT)    net (fo=185, routed)         1.195    12.194    <hidden>
    SLICE_X11Y46         FDRE                                         r  <hidden>
                         clock pessimism             -8.260     3.934    
    SLICE_X11Y46         FDRE (Hold_DFF_SLICEL_C_D)
                                                      0.046     3.980    <hidden>
  -------------------------------------------------------------------
                         required time                         -3.980    
                         arrival time                           4.026    
  -------------------------------------------------------------------
                         slack                                  0.046    

Slack (MET) :             0.047ns  (arrival time - required time)
  Source:                 OSDZU3x_BYOTEE_i/mdm_1/U0/MDM_Core_I1/JTAG_CONTROL_I/Use_Dbg_Mem_Access.sbaddress_reg[0]/C
                            (rising edge-triggered cell FDRE clocked by OSDZU3x_BYOTEE_i/mdm_1/U0/MDM_Core_I1/JTAG_CONTROL_I/Test_Access_Port.BUFG_UPDATE/Using_FPGA.Native/O  {rise@0.000ns fall@33.333ns period=66.666ns})
  Destination:            OSDZU3x_BYOTEE_i/mdm_1/U0/MDM_Core_I1/JTAG_CONTROL_I/Use_Dbg_Mem_Access.sbaddress_reg[0]/D
                            (rising edge-triggered cell FDRE clocked by OSDZU3x_BYOTEE_i/mdm_1/U0/MDM_Core_I1/JTAG_CONTROL_I/Test_Access_Port.BUFG_UPDATE/Using_FPGA.Native/O  {rise@0.000ns fall@33.333ns period=66.666ns})
  Path Group:             OSDZU3x_BYOTEE_i/mdm_1/U0/MDM_Core_I1/JTAG_CONTROL_I/Test_Access_Port.BUFG_UPDATE/Using_FPGA.Native/O
  Path Type:              Hold (Min at Fast Process Corner)
  Requirement:            0.000ns  (OSDZU3x_BYOTEE_i/mdm_1/U0/MDM_Core_I1/JTAG_CONTROL_I/Test_Access_Port.BUFG_UPDATE/Using_FPGA.Native/O rise@0.000ns - OSDZU3x_BYOTEE_i/mdm_1/U0/MDM_Core_I1/JTAG_CONTROL_I/Test_Access_Port.BUFG_UPDATE/Using_FPGA.Native/O rise@0.000ns)
  Data Path Delay:        0.099ns  (logic 0.054ns (54.345%)  route 0.045ns (45.656%))
  Logic Levels:           1  (LUT4=1)
  Clock Path Skew:        0.006ns (DCD - SCD - CPR)
    Destination Clock Delay (DCD):    12.227ns
    Source Clock Delay      (SCD):    3.958ns
    Clock Pessimism Removal (CPR):    8.263ns
  Clock Net Delay (Source):      1.088ns (routing 0.604ns, distribution 0.484ns)
  Clock Net Delay (Destination): 1.229ns (routing 0.671ns, distribution 0.558ns)

    Location             Delay type                Incr(ns)  Path(ns)    Netlist Resource(s)
  -------------------------------------------------------------------    -------------------
                         (clock OSDZU3x_BYOTEE_i/mdm_1/U0/MDM_Core_I1/JTAG_CONTROL_I/Test_Access_Port.BUFG_UPDATE/Using_FPGA.Native/O rise edge)
                                                      0.000     0.000 r  
    CONFIG_SITE_X0Y0     BSCANE2                      0.000     0.000 f  OSDZU3x_BYOTEE_i/mdm_1/U0/Use_E2.BSCAN_I/Use_E2.BSCANE2_I/INTERNAL_TCK
    CONFIG_SITE_X0Y0     BSCANE2 (Prop_BSCAN2_CONFIG_SITE_INTERNAL_TCK_TCK)
                                                      0.465     0.465 f  OSDZU3x_BYOTEE_i/mdm_1/U0/Use_E2.BSCAN_I/Use_E2.BSCANE2_I/TCK
                         net (fo=2, routed)           0.666     1.131    OSDZU3x_BYOTEE_i/mdm_1/U0/Use_JTAG_BSCAN.BUFG_JTAG_TCK/lopt
    BUFGCTRL_X0Y16       BUFGCTRL (Prop_BUFGCTRL_I0_O)
                                                      0.052     1.183 f  OSDZU3x_BYOTEE_i/mdm_1/U0/Use_JTAG_BSCAN.BUFG_JTAG_TCK/Using_FPGA.Native/O
                         net (fo=33, routed)          1.012     2.194    OSDZU3x_BYOTEE_i/mdm_1/U0/MDM_Core_I1/JTAG_CONTROL_I/Use_JTAG_BSCAN.tck_int
    SLICE_X13Y82         FDRE (Prop_EFF_SLICEL_C_Q)
                                                      0.039     2.233 r  OSDZU3x_BYOTEE_i/mdm_1/U0/MDM_Core_I1/JTAG_CONTROL_I/Test_Access_Port.update_unbuf_reg/Q
                         net (fo=1, routed)           0.620     2.853    OSDZU3x_BYOTEE_i/mdm_1/U0/MDM_Core_I1/JTAG_CONTROL_I/Test_Access_Port.BUFG_UPDATE/Test_Access_Port.update_unbuf
    BUFGCE_X0Y24         BUFGCE (Prop_BUFCE_BUFGCE_I_O)
                                                      0.017     2.870 r  OSDZU3x_BYOTEE_i/mdm_1/U0/MDM_Core_I1/JTAG_CONTROL_I/Test_Access_Port.BUFG_UPDATE/Using_FPGA.Native/O
    X0Y0 (CLOCK_ROOT)    net (fo=185, routed)         1.088     3.958    OSDZU3x_BYOTEE_i/mdm_1/U0/MDM_Core_I1/JTAG_CONTROL_I/Using_FPGA.Native_0
    SLICE_X8Y76          FDRE                                         r  OSDZU3x_BYOTEE_i/mdm_1/U0/MDM_Core_I1/JTAG_CONTROL_I/Use_Dbg_Mem_Access.sbaddress_reg[0]/C
  -------------------------------------------------------------------    -------------------
    SLICE_X8Y76          FDRE (Prop_BFF_SLICEL_C_Q)
                                                      0.039     3.997 r  OSDZU3x_BYOTEE_i/mdm_1/U0/MDM_Core_I1/JTAG_CONTROL_I/Use_Dbg_Mem_Access.sbaddress_reg[0]/Q
                         net (fo=8, routed)           0.030     4.027    OSDZU3x_BYOTEE_i/mdm_1/U0/MDM_Core_I1/JTAG_CONTROL_I/LMB_Data_Addr_0[0]
    SLICE_X8Y76          LUT4 (Prop_B6LUT_SLICEL_I2_O)
                                                      0.015     4.042 r  OSDZU3x_BYOTEE_i/mdm_1/U0/MDM_Core_I1/JTAG_CONTROL_I/Use_Dbg_Mem_Access.sbaddress[0]_i_1/O
                         net (fo=1, routed)           0.015     4.057    OSDZU3x_BYOTEE_i/mdm_1/U0/MDM_Core_I1/JTAG_CONTROL_I/Use_Dbg_Mem_Access.sbaddress[0]_i_1_n_0
    SLICE_X8Y76          FDRE                                         r  OSDZU3x_BYOTEE_i/mdm_1/U0/MDM_Core_I1/JTAG_CONTROL_I/Use_Dbg_Mem_Access.sbaddress_reg[0]/D
  -------------------------------------------------------------------    -------------------

                         (clock OSDZU3x_BYOTEE_i/mdm_1/U0/MDM_Core_I1/JTAG_CONTROL_I/Test_Access_Port.BUFG_UPDATE/Using_FPGA.Native/O rise edge)
                                                      0.000     0.000 r  
    CONFIG_SITE_X0Y0     BSCANE2                      0.000     0.000 r  OSDZU3x_BYOTEE_i/mdm_1/U0/Use_E2.BSCAN_I/Use_E2.BSCANE2_I/INTERNAL_TCK
    CONFIG_SITE_X0Y0     BSCANE2 (Prop_BSCAN2_CONFIG_SITE_INTERNAL_TCK_TCK)
                                                      5.900     5.900 r  OSDZU3x_BYOTEE_i/mdm_1/U0/Use_E2.BSCAN_I/Use_E2.BSCANE2_I/TCK
                         net (fo=2, routed)           1.006     6.906    OSDZU3x_BYOTEE_i/mdm_1/U0/Use_E2.BSCAN_I/tck
    BUFGCE_X0Y10         BUFGCE (Prop_BUFCE_BUFGCE_I_O)
                                                      0.019     6.925 r  OSDZU3x_BYOTEE_i/mdm_1/U0/Use_E2.BSCAN_I/tck_BUFG_inst/O
                         net (fo=52, routed)          1.191     8.116    OSDZU3x_BYOTEE_i/mdm_1/U0/tck
    SLICE_X37Y100        FDRE (Prop_CFF_SLICEM_C_Q)
                                                      0.051     8.167 f  OSDZU3x_BYOTEE_i/mdm_1/U0/Use_JTAG_BSCAN.tms_ok_reg/Q
                         net (fo=3, routed)           0.708     8.875    OSDZU3x_BYOTEE_i/mdm_1/U0/Use_JTAG_BSCAN.BUFG_JTAG_TCK/Using_FPGA.Native_0
    BUFGCTRL_X0Y16       BUFGCTRL (Prop_BUFGCTRL_CE0_O)
                                                      0.091     8.966 f  OSDZU3x_BYOTEE_i/mdm_1/U0/Use_JTAG_BSCAN.BUFG_JTAG_TCK/Using_FPGA.Native/O
                         net (fo=33, routed)          1.142    10.108    OSDZU3x_BYOTEE_i/mdm_1/U0/MDM_Core_I1/JTAG_CONTROL_I/Use_JTAG_BSCAN.tck_int
    SLICE_X13Y82         FDRE (Prop_EFF_SLICEL_C_Q)
                                                      0.052    10.160 r  OSDZU3x_BYOTEE_i/mdm_1/U0/MDM_Core_I1/JTAG_CONTROL_I/Test_Access_Port.update_unbuf_reg/Q
                         net (fo=1, routed)           0.819    10.979    OSDZU3x_BYOTEE_i/mdm_1/U0/MDM_Core_I1/JTAG_CONTROL_I/Test_Access_Port.BUFG_UPDATE/Test_Access_Port.update_unbuf
    BUFGCE_X0Y24         BUFGCE (Prop_BUFCE_BUFGCE_I_O)
                                                      0.019    10.998 r  OSDZU3x_BYOTEE_i/mdm_1/U0/MDM_Core_I1/JTAG_CONTROL_I/Test_Access_Port.BUFG_UPDATE/Using_FPGA.Native/O
    X0Y0 (CLOCK_ROOT)    net (fo=185, routed)         1.229    12.227    OSDZU3x_BYOTEE_i/mdm_1/U0/MDM_Core_I1/JTAG_CONTROL_I/Using_FPGA.Native_0
    SLICE_X8Y76          FDRE                                         r  OSDZU3x_BYOTEE_i/mdm_1/U0/MDM_Core_I1/JTAG_CONTROL_I/Use_Dbg_Mem_Access.sbaddress_reg[0]/C
                         clock pessimism             -8.263     3.964    
    SLICE_X8Y76          FDRE (Hold_BFF_SLICEL_C_D)
                                                      0.046     4.010    OSDZU3x_BYOTEE_i/mdm_1/U0/MDM_Core_I1/JTAG_CONTROL_I/Use_Dbg_Mem_Access.sbaddress_reg[0]
  -------------------------------------------------------------------
                         required time                         -4.010    
                         arrival time                           4.057    
  -------------------------------------------------------------------
                         slack                                  0.047    

Slack (MET) :             0.050ns  (arrival time - required time)
  Source:                 OSDZU3x_BYOTEE_i/mdm_1/U0/MDM_Core_I1/JTAG_CONTROL_I/dmcontrol_dmactive_reg/C
                            (rising edge-triggered cell FDRE clocked by OSDZU3x_BYOTEE_i/mdm_1/U0/MDM_Core_I1/JTAG_CONTROL_I/Test_Access_Port.BUFG_UPDATE/Using_FPGA.Native/O  {rise@0.000ns fall@33.333ns period=66.666ns})
  Destination:            OSDZU3x_BYOTEE_i/mdm_1/U0/MDM_Core_I1/JTAG_CONTROL_I/Use_Dbg_Mem_Access.sbbusy_reg/D
                            (rising edge-triggered cell FDRE clocked by OSDZU3x_BYOTEE_i/mdm_1/U0/MDM_Core_I1/JTAG_CONTROL_I/Test_Access_Port.BUFG_UPDATE/Using_FPGA.Native/O  {rise@0.000ns fall@33.333ns period=66.666ns})
  Path Group:             OSDZU3x_BYOTEE_i/mdm_1/U0/MDM_Core_I1/JTAG_CONTROL_I/Test_Access_Port.BUFG_UPDATE/Using_FPGA.Native/O
  Path Type:              Hold (Min at Fast Process Corner)
  Requirement:            0.000ns  (OSDZU3x_BYOTEE_i/mdm_1/U0/MDM_Core_I1/JTAG_CONTROL_I/Test_Access_Port.BUFG_UPDATE/Using_FPGA.Native/O rise@0.000ns - OSDZU3x_BYOTEE_i/mdm_1/U0/MDM_Core_I1/JTAG_CONTROL_I/Test_Access_Port.BUFG_UPDATE/Using_FPGA.Native/O rise@0.000ns)
  Data Path Delay:        0.131ns  (logic 0.059ns (45.058%)  route 0.072ns (54.942%))
  Logic Levels:           1  (LUT5=1)
  Clock Path Skew:        0.034ns (DCD - SCD - CPR)
    Destination Clock Delay (DCD):    12.216ns
    Source Clock Delay      (SCD):    3.961ns
    Clock Pessimism Removal (CPR):    8.221ns
  Clock Net Delay (Source):      1.091ns (routing 0.604ns, distribution 0.487ns)
  Clock Net Delay (Destination): 1.218ns (routing 0.671ns, distribution 0.547ns)

    Location             Delay type                Incr(ns)  Path(ns)    Netlist Resource(s)
  -------------------------------------------------------------------    -------------------
                         (clock OSDZU3x_BYOTEE_i/mdm_1/U0/MDM_Core_I1/JTAG_CONTROL_I/Test_Access_Port.BUFG_UPDATE/Using_FPGA.Native/O rise edge)
                                                      0.000     0.000 r  
    CONFIG_SITE_X0Y0     BSCANE2                      0.000     0.000 f  OSDZU3x_BYOTEE_i/mdm_1/U0/Use_E2.BSCAN_I/Use_E2.BSCANE2_I/INTERNAL_TCK
    CONFIG_SITE_X0Y0     BSCANE2 (Prop_BSCAN2_CONFIG_SITE_INTERNAL_TCK_TCK)
                                                      0.465     0.465 f  OSDZU3x_BYOTEE_i/mdm_1/U0/Use_E2.BSCAN_I/Use_E2.BSCANE2_I/TCK
                         net (fo=2, routed)           0.666     1.131    OSDZU3x_BYOTEE_i/mdm_1/U0/Use_JTAG_BSCAN.BUFG_JTAG_TCK/lopt
    BUFGCTRL_X0Y16       BUFGCTRL (Prop_BUFGCTRL_I0_O)
                                                      0.052     1.183 f  OSDZU3x_BYOTEE_i/mdm_1/U0/Use_JTAG_BSCAN.BUFG_JTAG_TCK/Using_FPGA.Native/O
                         net (fo=33, routed)          1.012     2.194    OSDZU3x_BYOTEE_i/mdm_1/U0/MDM_Core_I1/JTAG_CONTROL_I/Use_JTAG_BSCAN.tck_int
    SLICE_X13Y82         FDRE (Prop_EFF_SLICEL_C_Q)
                                                      0.039     2.233 r  OSDZU3x_BYOTEE_i/mdm_1/U0/MDM_Core_I1/JTAG_CONTROL_I/Test_Access_Port.update_unbuf_reg/Q
                         net (fo=1, routed)           0.620     2.853    OSDZU3x_BYOTEE_i/mdm_1/U0/MDM_Core_I1/JTAG_CONTROL_I/Test_Access_Port.BUFG_UPDATE/Test_Access_Port.update_unbuf
    BUFGCE_X0Y24         BUFGCE (Prop_BUFCE_BUFGCE_I_O)
                                                      0.017     2.870 r  OSDZU3x_BYOTEE_i/mdm_1/U0/MDM_Core_I1/JTAG_CONTROL_I/Test_Access_Port.BUFG_UPDATE/Using_FPGA.Native/O
    X0Y0 (CLOCK_ROOT)    net (fo=185, routed)         1.091     3.961    OSDZU3x_BYOTEE_i/mdm_1/U0/MDM_Core_I1/JTAG_CONTROL_I/Using_FPGA.Native_0
    SLICE_X8Y76          FDRE                                         r  OSDZU3x_BYOTEE_i/mdm_1/U0/MDM_Core_I1/JTAG_CONTROL_I/dmcontrol_dmactive_reg/C
  -------------------------------------------------------------------    -------------------
    SLICE_X8Y76          FDRE (Prop_HFF2_SLICEL_C_Q)
                                                      0.039     4.000 r  OSDZU3x_BYOTEE_i/mdm_1/U0/MDM_Core_I1/JTAG_CONTROL_I/dmcontrol_dmactive_reg/Q
                         net (fo=85, routed)          0.066     4.066    OSDZU3x_BYOTEE_i/mdm_1/U0/MDM_Core_I1/JTAG_CONTROL_I/dmcontrol[0]
    SLICE_X10Y76         LUT5 (Prop_C5LUT_SLICEL_I3_O)
                                                      0.020     4.086 r  OSDZU3x_BYOTEE_i/mdm_1/U0/MDM_Core_I1/JTAG_CONTROL_I/Use_Dbg_Mem_Access.sbbusy_i_1/O
                         net (fo=1, routed)           0.006     4.092    OSDZU3x_BYOTEE_i/mdm_1/U0/MDM_Core_I1/JTAG_CONTROL_I/Use_Dbg_Mem_Access.sbbusy_i_1_n_0
    SLICE_X10Y76         FDRE                                         r  OSDZU3x_BYOTEE_i/mdm_1/U0/MDM_Core_I1/JTAG_CONTROL_I/Use_Dbg_Mem_Access.sbbusy_reg/D
  -------------------------------------------------------------------    -------------------

                         (clock OSDZU3x_BYOTEE_i/mdm_1/U0/MDM_Core_I1/JTAG_CONTROL_I/Test_Access_Port.BUFG_UPDATE/Using_FPGA.Native/O rise edge)
                                                      0.000     0.000 r  
    CONFIG_SITE_X0Y0     BSCANE2                      0.000     0.000 r  OSDZU3x_BYOTEE_i/mdm_1/U0/Use_E2.BSCAN_I/Use_E2.BSCANE2_I/INTERNAL_TCK
    CONFIG_SITE_X0Y0     BSCANE2 (Prop_BSCAN2_CONFIG_SITE_INTERNAL_TCK_TCK)
                                                      5.900     5.900 r  OSDZU3x_BYOTEE_i/mdm_1/U0/Use_E2.BSCAN_I/Use_E2.BSCANE2_I/TCK
                         net (fo=2, routed)           1.006     6.906    OSDZU3x_BYOTEE_i/mdm_1/U0/Use_E2.BSCAN_I/tck
    BUFGCE_X0Y10         BUFGCE (Prop_BUFCE_BUFGCE_I_O)
                                                      0.019     6.925 r  OSDZU3x_BYOTEE_i/mdm_1/U0/Use_E2.BSCAN_I/tck_BUFG_inst/O
                         net (fo=52, routed)          1.191     8.116    OSDZU3x_BYOTEE_i/mdm_1/U0/tck
    SLICE_X37Y100        FDRE (Prop_CFF_SLICEM_C_Q)
                                                      0.051     8.167 f  OSDZU3x_BYOTEE_i/mdm_1/U0/Use_JTAG_BSCAN.tms_ok_reg/Q
                         net (fo=3, routed)           0.708     8.875    OSDZU3x_BYOTEE_i/mdm_1/U0/Use_JTAG_BSCAN.BUFG_JTAG_TCK/Using_FPGA.Native_0
    BUFGCTRL_X0Y16       BUFGCTRL (Prop_BUFGCTRL_CE0_O)
                                                      0.091     8.966 f  OSDZU3x_BYOTEE_i/mdm_1/U0/Use_JTAG_BSCAN.BUFG_JTAG_TCK/Using_FPGA.Native/O
                         net (fo=33, routed)          1.142    10.108    OSDZU3x_BYOTEE_i/mdm_1/U0/MDM_Core_I1/JTAG_CONTROL_I/Use_JTAG_BSCAN.tck_int
    SLICE_X13Y82         FDRE (Prop_EFF_SLICEL_C_Q)
                                                      0.052    10.160 r  OSDZU3x_BYOTEE_i/mdm_1/U0/MDM_Core_I1/JTAG_CONTROL_I/Test_Access_Port.update_unbuf_reg/Q
                         net (fo=1, routed)           0.819    10.979    OSDZU3x_BYOTEE_i/mdm_1/U0/MDM_Core_I1/JTAG_CONTROL_I/Test_Access_Port.BUFG_UPDATE/Test_Access_Port.update_unbuf
    BUFGCE_X0Y24         BUFGCE (Prop_BUFCE_BUFGCE_I_O)
                                                      0.019    10.998 r  OSDZU3x_BYOTEE_i/mdm_1/U0/MDM_Core_I1/JTAG_CONTROL_I/Test_Access_Port.BUFG_UPDATE/Using_FPGA.Native/O
    X0Y0 (CLOCK_ROOT)    net (fo=185, routed)         1.218    12.216    OSDZU3x_BYOTEE_i/mdm_1/U0/MDM_Core_I1/JTAG_CONTROL_I/Using_FPGA.Native_0
    SLICE_X10Y76         FDRE                                         r  OSDZU3x_BYOTEE_i/mdm_1/U0/MDM_Core_I1/JTAG_CONTROL_I/Use_Dbg_Mem_Access.sbbusy_reg/C
                         clock pessimism             -8.221     3.995    
    SLICE_X10Y76         FDRE (Hold_CFF2_SLICEL_C_D)
                                                      0.047     4.042    OSDZU3x_BYOTEE_i/mdm_1/U0/MDM_Core_I1/JTAG_CONTROL_I/Use_Dbg_Mem_Access.sbbusy_reg
  -------------------------------------------------------------------
                         required time                         -4.042    
                         arrival time                           4.092    
  -------------------------------------------------------------------
                         slack                                  0.050    

Slack (MET) :             0.051ns  (arrival time - required time)
  Source:                 <hidden>
                            (rising edge-triggered cell FDRE clocked by OSDZU3x_BYOTEE_i/mdm_1/U0/MDM_Core_I1/JTAG_CONTROL_I/Test_Access_Port.BUFG_UPDATE/Using_FPGA.Native/O  {rise@0.000ns fall@33.333ns period=66.666ns})
  Destination:            <hidden>
                            (rising edge-triggered cell FDRE clocked by OSDZU3x_BYOTEE_i/mdm_1/U0/MDM_Core_I1/JTAG_CONTROL_I/Test_Access_Port.BUFG_UPDATE/Using_FPGA.Native/O  {rise@0.000ns fall@33.333ns period=66.666ns})
  Path Group:             OSDZU3x_BYOTEE_i/mdm_1/U0/MDM_Core_I1/JTAG_CONTROL_I/Test_Access_Port.BUFG_UPDATE/Using_FPGA.Native/O
  Path Type:              Hold (Min at Fast Process Corner)
  Requirement:            0.000ns  (OSDZU3x_BYOTEE_i/mdm_1/U0/MDM_Core_I1/JTAG_CONTROL_I/Test_Access_Port.BUFG_UPDATE/Using_FPGA.Native/O rise@0.000ns - OSDZU3x_BYOTEE_i/mdm_1/U0/MDM_Core_I1/JTAG_CONTROL_I/Test_Access_Port.BUFG_UPDATE/Using_FPGA.Native/O rise@0.000ns)
  Data Path Delay:        0.103ns  (logic 0.061ns (59.311%)  route 0.042ns (40.689%))
  Logic Levels:           1  (LUT5=1)
  Clock Path Skew:        0.006ns (DCD - SCD - CPR)
    Destination Clock Delay (DCD):    12.198ns
    Source Clock Delay      (SCD):    3.931ns
    Clock Pessimism Removal (CPR):    8.261ns
  Clock Net Delay (Source):      1.061ns (routing 0.604ns, distribution 0.457ns)
  Clock Net Delay (Destination): 1.199ns (routing 0.671ns, distribution 0.528ns)

    Location             Delay type                Incr(ns)  Path(ns)    Netlist Resource(s)
  -------------------------------------------------------------------    -------------------
                         (clock OSDZU3x_BYOTEE_i/mdm_1/U0/MDM_Core_I1/JTAG_CONTROL_I/Test_Access_Port.BUFG_UPDATE/Using_FPGA.Native/O rise edge)
                                                      0.000     0.000 r  
    CONFIG_SITE_X0Y0     BSCANE2                      0.000     0.000 f  OSDZU3x_BYOTEE_i/mdm_1/U0/Use_E2.BSCAN_I/Use_E2.BSCANE2_I/INTERNAL_TCK
    CONFIG_SITE_X0Y0     BSCANE2 (Prop_BSCAN2_CONFIG_SITE_INTERNAL_TCK_TCK)
                                                      0.465     0.465 f  OSDZU3x_BYOTEE_i/mdm_1/U0/Use_E2.BSCAN_I/Use_E2.BSCANE2_I/TCK
                         net (fo=2, routed)           0.666     1.131    OSDZU3x_BYOTEE_i/mdm_1/U0/Use_JTAG_BSCAN.BUFG_JTAG_TCK/lopt
    BUFGCTRL_X0Y16       BUFGCTRL (Prop_BUFGCTRL_I0_O)
                                                      0.052     1.183 f  OSDZU3x_BYOTEE_i/mdm_1/U0/Use_JTAG_BSCAN.BUFG_JTAG_TCK/Using_FPGA.Native/O
                         net (fo=33, routed)          1.012     2.194    OSDZU3x_BYOTEE_i/mdm_1/U0/MDM_Core_I1/JTAG_CONTROL_I/Use_JTAG_BSCAN.tck_int
    SLICE_X13Y82         FDRE (Prop_EFF_SLICEL_C_Q)
                                                      0.039     2.233 r  OSDZU3x_BYOTEE_i/mdm_1/U0/MDM_Core_I1/JTAG_CONTROL_I/Test_Access_Port.update_unbuf_reg/Q
                         net (fo=1, routed)           0.620     2.853    OSDZU3x_BYOTEE_i/mdm_1/U0/MDM_Core_I1/JTAG_CONTROL_I/Test_Access_Port.BUFG_UPDATE/Test_Access_Port.update_unbuf
    BUFGCE_X0Y24         BUFGCE (Prop_BUFCE_BUFGCE_I_O)
                                                      0.017     2.870 r  OSDZU3x_BYOTEE_i/mdm_1/U0/MDM_Core_I1/JTAG_CONTROL_I/Test_Access_Port.BUFG_UPDATE/Using_FPGA.Native/O
    X0Y0 (CLOCK_ROOT)    net (fo=185, routed)         1.061     3.931    <hidden>
    SLICE_X12Y48         FDRE                                         r  <hidden>
  -------------------------------------------------------------------    -------------------
    SLICE_X12Y48         FDRE (Prop_GFF_SLICEL_C_Q)
                                                      0.039     3.970 r  <hidden>
                         net (fo=2, routed)           0.026     3.996    <hidden>
    SLICE_X12Y48         LUT5 (Prop_G6LUT_SLICEL_I4_O)
                                                      0.022     4.018 r  <hidden>
                         net (fo=1, routed)           0.016     4.034    <hidden>
    SLICE_X12Y48         FDRE                                         r  <hidden>
  -------------------------------------------------------------------    -------------------

                         (clock OSDZU3x_BYOTEE_i/mdm_1/U0/MDM_Core_I1/JTAG_CONTROL_I/Test_Access_Port.BUFG_UPDATE/Using_FPGA.Native/O rise edge)
                                                      0.000     0.000 r  
    CONFIG_SITE_X0Y0     BSCANE2                      0.000     0.000 r  OSDZU3x_BYOTEE_i/mdm_1/U0/Use_E2.BSCAN_I/Use_E2.BSCANE2_I/INTERNAL_TCK
    CONFIG_SITE_X0Y0     BSCANE2 (Prop_BSCAN2_CONFIG_SITE_INTERNAL_TCK_TCK)
                                                      5.900     5.900 r  OSDZU3x_BYOTEE_i/mdm_1/U0/Use_E2.BSCAN_I/Use_E2.BSCANE2_I/TCK
                         net (fo=2, routed)           1.006     6.906    OSDZU3x_BYOTEE_i/mdm_1/U0/Use_E2.BSCAN_I/tck
    BUFGCE_X0Y10         BUFGCE (Prop_BUFCE_BUFGCE_I_O)
                                                      0.019     6.925 r  OSDZU3x_BYOTEE_i/mdm_1/U0/Use_E2.BSCAN_I/tck_BUFG_inst/O
                         net (fo=52, routed)          1.191     8.116    OSDZU3x_BYOTEE_i/mdm_1/U0/tck
    SLICE_X37Y100        FDRE (Prop_CFF_SLICEM_C_Q)
                                                      0.051     8.167 f  OSDZU3x_BYOTEE_i/mdm_1/U0/Use_JTAG_BSCAN.tms_ok_reg/Q
                         net (fo=3, routed)           0.708     8.875    OSDZU3x_BYOTEE_i/mdm_1/U0/Use_JTAG_BSCAN.BUFG_JTAG_TCK/Using_FPGA.Native_0
    BUFGCTRL_X0Y16       BUFGCTRL (Prop_BUFGCTRL_CE0_O)
                                                      0.091     8.966 f  OSDZU3x_BYOTEE_i/mdm_1/U0/Use_JTAG_BSCAN.BUFG_JTAG_TCK/Using_FPGA.Native/O
                         net (fo=33, routed)          1.142    10.108    OSDZU3x_BYOTEE_i/mdm_1/U0/MDM_Core_I1/JTAG_CONTROL_I/Use_JTAG_BSCAN.tck_int
    SLICE_X13Y82         FDRE (Prop_EFF_SLICEL_C_Q)
                                                      0.052    10.160 r  OSDZU3x_BYOTEE_i/mdm_1/U0/MDM_Core_I1/JTAG_CONTROL_I/Test_Access_Port.update_unbuf_reg/Q
                         net (fo=1, routed)           0.819    10.979    OSDZU3x_BYOTEE_i/mdm_1/U0/MDM_Core_I1/JTAG_CONTROL_I/Test_Access_Port.BUFG_UPDATE/Test_Access_Port.update_unbuf
    BUFGCE_X0Y24         BUFGCE (Prop_BUFCE_BUFGCE_I_O)
                                                      0.019    10.998 r  OSDZU3x_BYOTEE_i/mdm_1/U0/MDM_Core_I1/JTAG_CONTROL_I/Test_Access_Port.BUFG_UPDATE/Using_FPGA.Native/O
    X0Y0 (CLOCK_ROOT)    net (fo=185, routed)         1.199    12.198    <hidden>
    SLICE_X12Y48         FDRE                                         r  <hidden>
                         clock pessimism             -8.261     3.937    
    SLICE_X12Y48         FDRE (Hold_GFF_SLICEL_C_D)
                                                      0.046     3.983    <hidden>
  -------------------------------------------------------------------
                         required time                         -3.983    
                         arrival time                           4.034    
  -------------------------------------------------------------------
                         slack                                  0.051    

Slack (MET) :             0.083ns  (arrival time - required time)
  Source:                 OSDZU3x_BYOTEE_i/mdm_1/U0/MDM_Core_I1/JTAG_CONTROL_I/Use_Dbg_Mem_Access.sbbusyerror_reg/C
                            (rising edge-triggered cell FDRE clocked by OSDZU3x_BYOTEE_i/mdm_1/U0/MDM_Core_I1/JTAG_CONTROL_I/Test_Access_Port.BUFG_UPDATE/Using_FPGA.Native/O  {rise@0.000ns fall@33.333ns period=66.666ns})
  Destination:            OSDZU3x_BYOTEE_i/mdm_1/U0/MDM_Core_I1/JTAG_CONTROL_I/Use_Dbg_Mem_Access.sbbusyerror_reg/D
                            (rising edge-triggered cell FDRE clocked by OSDZU3x_BYOTEE_i/mdm_1/U0/MDM_Core_I1/JTAG_CONTROL_I/Test_Access_Port.BUFG_UPDATE/Using_FPGA.Native/O  {rise@0.000ns fall@33.333ns period=66.666ns})
  Path Group:             OSDZU3x_BYOTEE_i/mdm_1/U0/MDM_Core_I1/JTAG_CONTROL_I/Test_Access_Port.BUFG_UPDATE/Using_FPGA.Native/O
  Path Type:              Hold (Min at Fast Process Corner)
  Requirement:            0.000ns  (OSDZU3x_BYOTEE_i/mdm_1/U0/MDM_Core_I1/JTAG_CONTROL_I/Test_Access_Port.BUFG_UPDATE/Using_FPGA.Native/O rise@0.000ns - OSDZU3x_BYOTEE_i/mdm_1/U0/MDM_Core_I1/JTAG_CONTROL_I/Test_Access_Port.BUFG_UPDATE/Using_FPGA.Native/O rise@0.000ns)
  Data Path Delay:        0.135ns  (logic 0.074ns (54.899%)  route 0.061ns (45.101%))
  Logic Levels:           1  (LUT6=1)
  Clock Path Skew:        0.006ns (DCD - SCD - CPR)
    Destination Clock Delay (DCD):    12.230ns
    Source Clock Delay      (SCD):    3.959ns
    Clock Pessimism Removal (CPR):    8.265ns
  Clock Net Delay (Source):      1.089ns (routing 0.604ns, distribution 0.485ns)
  Clock Net Delay (Destination): 1.231ns (routing 0.671ns, distribution 0.560ns)

    Location             Delay type                Incr(ns)  Path(ns)    Netlist Resource(s)
  -------------------------------------------------------------------    -------------------
                         (clock OSDZU3x_BYOTEE_i/mdm_1/U0/MDM_Core_I1/JTAG_CONTROL_I/Test_Access_Port.BUFG_UPDATE/Using_FPGA.Native/O rise edge)
                                                      0.000     0.000 r  
    CONFIG_SITE_X0Y0     BSCANE2                      0.000     0.000 f  OSDZU3x_BYOTEE_i/mdm_1/U0/Use_E2.BSCAN_I/Use_E2.BSCANE2_I/INTERNAL_TCK
    CONFIG_SITE_X0Y0     BSCANE2 (Prop_BSCAN2_CONFIG_SITE_INTERNAL_TCK_TCK)
                                                      0.465     0.465 f  OSDZU3x_BYOTEE_i/mdm_1/U0/Use_E2.BSCAN_I/Use_E2.BSCANE2_I/TCK
                         net (fo=2, routed)           0.666     1.131    OSDZU3x_BYOTEE_i/mdm_1/U0/Use_JTAG_BSCAN.BUFG_JTAG_TCK/lopt
    BUFGCTRL_X0Y16       BUFGCTRL (Prop_BUFGCTRL_I0_O)
                                                      0.052     1.183 f  OSDZU3x_BYOTEE_i/mdm_1/U0/Use_JTAG_BSCAN.BUFG_JTAG_TCK/Using_FPGA.Native/O
                         net (fo=33, routed)          1.012     2.194    OSDZU3x_BYOTEE_i/mdm_1/U0/MDM_Core_I1/JTAG_CONTROL_I/Use_JTAG_BSCAN.tck_int
    SLICE_X13Y82         FDRE (Prop_EFF_SLICEL_C_Q)
                                                      0.039     2.233 r  OSDZU3x_BYOTEE_i/mdm_1/U0/MDM_Core_I1/JTAG_CONTROL_I/Test_Access_Port.update_unbuf_reg/Q
                         net (fo=1, routed)           0.620     2.853    OSDZU3x_BYOTEE_i/mdm_1/U0/MDM_Core_I1/JTAG_CONTROL_I/Test_Access_Port.BUFG_UPDATE/Test_Access_Port.update_unbuf
    BUFGCE_X0Y24         BUFGCE (Prop_BUFCE_BUFGCE_I_O)
                                                      0.017     2.870 r  OSDZU3x_BYOTEE_i/mdm_1/U0/MDM_Core_I1/JTAG_CONTROL_I/Test_Access_Port.BUFG_UPDATE/Using_FPGA.Native/O
    X0Y0 (CLOCK_ROOT)    net (fo=185, routed)         1.089     3.959    OSDZU3x_BYOTEE_i/mdm_1/U0/MDM_Core_I1/JTAG_CONTROL_I/Using_FPGA.Native_0
    SLICE_X9Y75          FDRE                                         r  OSDZU3x_BYOTEE_i/mdm_1/U0/MDM_Core_I1/JTAG_CONTROL_I/Use_Dbg_Mem_Access.sbbusyerror_reg/C
  -------------------------------------------------------------------    -------------------
    SLICE_X9Y75          FDRE (Prop_DFF_SLICEM_C_Q)
                                                      0.039     3.998 r  OSDZU3x_BYOTEE_i/mdm_1/U0/MDM_Core_I1/JTAG_CONTROL_I/Use_Dbg_Mem_Access.sbbusyerror_reg/Q
                         net (fo=6, routed)           0.035     4.033    OSDZU3x_BYOTEE_i/mdm_1/U0/MDM_Core_I1/JTAG_CONTROL_I/Use_Dbg_Mem_Access.sbcs_reg[22]
    SLICE_X9Y75          LUT6 (Prop_D6LUT_SLICEM_I5_O)
                                                      0.035     4.068 r  OSDZU3x_BYOTEE_i/mdm_1/U0/MDM_Core_I1/JTAG_CONTROL_I/Use_Dbg_Mem_Access.sbbusyerror_i_1/O
                         net (fo=1, routed)           0.026     4.094    OSDZU3x_BYOTEE_i/mdm_1/U0/MDM_Core_I1/JTAG_CONTROL_I/Use_Dbg_Mem_Access.sbbusyerror_i_1_n_0
    SLICE_X9Y75          FDRE                                         r  OSDZU3x_BYOTEE_i/mdm_1/U0/MDM_Core_I1/JTAG_CONTROL_I/Use_Dbg_Mem_Access.sbbusyerror_reg/D
  -------------------------------------------------------------------    -------------------

                         (clock OSDZU3x_BYOTEE_i/mdm_1/U0/MDM_Core_I1/JTAG_CONTROL_I/Test_Access_Port.BUFG_UPDATE/Using_FPGA.Native/O rise edge)
                                                      0.000     0.000 r  
    CONFIG_SITE_X0Y0     BSCANE2                      0.000     0.000 r  OSDZU3x_BYOTEE_i/mdm_1/U0/Use_E2.BSCAN_I/Use_E2.BSCANE2_I/INTERNAL_TCK
    CONFIG_SITE_X0Y0     BSCANE2 (Prop_BSCAN2_CONFIG_SITE_INTERNAL_TCK_TCK)
                                                      5.900     5.900 r  OSDZU3x_BYOTEE_i/mdm_1/U0/Use_E2.BSCAN_I/Use_E2.BSCANE2_I/TCK
                         net (fo=2, routed)           1.006     6.906    OSDZU3x_BYOTEE_i/mdm_1/U0/Use_E2.BSCAN_I/tck
    BUFGCE_X0Y10         BUFGCE (Prop_BUFCE_BUFGCE_I_O)
                                                      0.019     6.925 r  OSDZU3x_BYOTEE_i/mdm_1/U0/Use_E2.BSCAN_I/tck_BUFG_inst/O
                         net (fo=52, routed)          1.191     8.116    OSDZU3x_BYOTEE_i/mdm_1/U0/tck
    SLICE_X37Y100        FDRE (Prop_CFF_SLICEM_C_Q)
                                                      0.051     8.167 f  OSDZU3x_BYOTEE_i/mdm_1/U0/Use_JTAG_BSCAN.tms_ok_reg/Q
                         net (fo=3, routed)           0.708     8.875    OSDZU3x_BYOTEE_i/mdm_1/U0/Use_JTAG_BSCAN.BUFG_JTAG_TCK/Using_FPGA.Native_0
    BUFGCTRL_X0Y16       BUFGCTRL (Prop_BUFGCTRL_CE0_O)
                                                      0.091     8.966 f  OSDZU3x_BYOTEE_i/mdm_1/U0/Use_JTAG_BSCAN.BUFG_JTAG_TCK/Using_FPGA.Native/O
                         net (fo=33, routed)          1.142    10.108    OSDZU3x_BYOTEE_i/mdm_1/U0/MDM_Core_I1/JTAG_CONTROL_I/Use_JTAG_BSCAN.tck_int
    SLICE_X13Y82         FDRE (Prop_EFF_SLICEL_C_Q)
                                                      0.052    10.160 r  OSDZU3x_BYOTEE_i/mdm_1/U0/MDM_Core_I1/JTAG_CONTROL_I/Test_Access_Port.update_unbuf_reg/Q
                         net (fo=1, routed)           0.819    10.979    OSDZU3x_BYOTEE_i/mdm_1/U0/MDM_Core_I1/JTAG_CONTROL_I/Test_Access_Port.BUFG_UPDATE/Test_Access_Port.update_unbuf
    BUFGCE_X0Y24         BUFGCE (Prop_BUFCE_BUFGCE_I_O)
                                                      0.019    10.998 r  OSDZU3x_BYOTEE_i/mdm_1/U0/MDM_Core_I1/JTAG_CONTROL_I/Test_Access_Port.BUFG_UPDATE/Using_FPGA.Native/O
    X0Y0 (CLOCK_ROOT)    net (fo=185, routed)         1.231    12.230    OSDZU3x_BYOTEE_i/mdm_1/U0/MDM_Core_I1/JTAG_CONTROL_I/Using_FPGA.Native_0
    SLICE_X9Y75          FDRE                                         r  OSDZU3x_BYOTEE_i/mdm_1/U0/MDM_Core_I1/JTAG_CONTROL_I/Use_Dbg_Mem_Access.sbbusyerror_reg/C
                         clock pessimism             -8.265     3.965    
    SLICE_X9Y75          FDRE (Hold_DFF_SLICEM_C_D)
                                                      0.046     4.011    OSDZU3x_BYOTEE_i/mdm_1/U0/MDM_Core_I1/JTAG_CONTROL_I/Use_Dbg_Mem_Access.sbbusyerror_reg
  -------------------------------------------------------------------
                         required time                         -4.011    
                         arrival time                           4.094    
  -------------------------------------------------------------------
                         slack                                  0.083    

Slack (MET) :             0.084ns  (arrival time - required time)
  Source:                 <hidden>
                            (rising edge-triggered cell FDRE clocked by OSDZU3x_BYOTEE_i/mdm_1/U0/MDM_Core_I1/JTAG_CONTROL_I/Test_Access_Port.BUFG_UPDATE/Using_FPGA.Native/O  {rise@0.000ns fall@33.333ns period=66.666ns})
  Destination:            <hidden>
                            (rising edge-triggered cell FDRE clocked by OSDZU3x_BYOTEE_i/mdm_1/U0/MDM_Core_I1/JTAG_CONTROL_I/Test_Access_Port.BUFG_UPDATE/Using_FPGA.Native/O  {rise@0.000ns fall@33.333ns period=66.666ns})
  Path Group:             OSDZU3x_BYOTEE_i/mdm_1/U0/MDM_Core_I1/JTAG_CONTROL_I/Test_Access_Port.BUFG_UPDATE/Using_FPGA.Native/O
  Path Type:              Hold (Min at Fast Process Corner)
  Requirement:            0.000ns  (OSDZU3x_BYOTEE_i/mdm_1/U0/MDM_Core_I1/JTAG_CONTROL_I/Test_Access_Port.BUFG_UPDATE/Using_FPGA.Native/O rise@0.000ns - OSDZU3x_BYOTEE_i/mdm_1/U0/MDM_Core_I1/JTAG_CONTROL_I/Test_Access_Port.BUFG_UPDATE/Using_FPGA.Native/O rise@0.000ns)
  Data Path Delay:        0.136ns  (logic 0.089ns (65.594%)  route 0.047ns (34.406%))
  Logic Levels:           1  (LUT5=1)
  Clock Path Skew:        0.006ns (DCD - SCD - CPR)
    Destination Clock Delay (DCD):    12.197ns
    Source Clock Delay      (SCD):    3.930ns
    Clock Pessimism Removal (CPR):    8.261ns
  Clock Net Delay (Source):      1.060ns (routing 0.604ns, distribution 0.456ns)
  Clock Net Delay (Destination): 1.198ns (routing 0.671ns, distribution 0.527ns)

    Location             Delay type                Incr(ns)  Path(ns)    Netlist Resource(s)
  -------------------------------------------------------------------    -------------------
                         (clock OSDZU3x_BYOTEE_i/mdm_1/U0/MDM_Core_I1/JTAG_CONTROL_I/Test_Access_Port.BUFG_UPDATE/Using_FPGA.Native/O rise edge)
                                                      0.000     0.000 r  
    CONFIG_SITE_X0Y0     BSCANE2                      0.000     0.000 f  OSDZU3x_BYOTEE_i/mdm_1/U0/Use_E2.BSCAN_I/Use_E2.BSCANE2_I/INTERNAL_TCK
    CONFIG_SITE_X0Y0     BSCANE2 (Prop_BSCAN2_CONFIG_SITE_INTERNAL_TCK_TCK)
                                                      0.465     0.465 f  OSDZU3x_BYOTEE_i/mdm_1/U0/Use_E2.BSCAN_I/Use_E2.BSCANE2_I/TCK
                         net (fo=2, routed)           0.666     1.131    OSDZU3x_BYOTEE_i/mdm_1/U0/Use_JTAG_BSCAN.BUFG_JTAG_TCK/lopt
    BUFGCTRL_X0Y16       BUFGCTRL (Prop_BUFGCTRL_I0_O)
                                                      0.052     1.183 f  OSDZU3x_BYOTEE_i/mdm_1/U0/Use_JTAG_BSCAN.BUFG_JTAG_TCK/Using_FPGA.Native/O
                         net (fo=33, routed)          1.012     2.194    OSDZU3x_BYOTEE_i/mdm_1/U0/MDM_Core_I1/JTAG_CONTROL_I/Use_JTAG_BSCAN.tck_int
    SLICE_X13Y82         FDRE (Prop_EFF_SLICEL_C_Q)
                                                      0.039     2.233 r  OSDZU3x_BYOTEE_i/mdm_1/U0/MDM_Core_I1/JTAG_CONTROL_I/Test_Access_Port.update_unbuf_reg/Q
                         net (fo=1, routed)           0.620     2.853    OSDZU3x_BYOTEE_i/mdm_1/U0/MDM_Core_I1/JTAG_CONTROL_I/Test_Access_Port.BUFG_UPDATE/Test_Access_Port.update_unbuf
    BUFGCE_X0Y24         BUFGCE (Prop_BUFCE_BUFGCE_I_O)
                                                      0.017     2.870 r  OSDZU3x_BYOTEE_i/mdm_1/U0/MDM_Core_I1/JTAG_CONTROL_I/Test_Access_Port.BUFG_UPDATE/Using_FPGA.Native/O
    X0Y0 (CLOCK_ROOT)    net (fo=185, routed)         1.060     3.930    <hidden>
    SLICE_X12Y44         FDRE                                         r  <hidden>
  -------------------------------------------------------------------    -------------------
    SLICE_X12Y44         FDRE (Prop_HFF_SLICEL_C_Q)
                                                      0.039     3.969 r  <hidden>
                         net (fo=2, routed)           0.030     3.999    <hidden>
    SLICE_X12Y44         LUT5 (Prop_H6LUT_SLICEL_I4_O)
                                                      0.050     4.049 r  <hidden>
                         net (fo=1, routed)           0.017     4.066    <hidden>
    SLICE_X12Y44         FDRE                                         r  <hidden>
  -------------------------------------------------------------------    -------------------

                         (clock OSDZU3x_BYOTEE_i/mdm_1/U0/MDM_Core_I1/JTAG_CONTROL_I/Test_Access_Port.BUFG_UPDATE/Using_FPGA.Native/O rise edge)
                                                      0.000     0.000 r  
    CONFIG_SITE_X0Y0     BSCANE2                      0.000     0.000 r  OSDZU3x_BYOTEE_i/mdm_1/U0/Use_E2.BSCAN_I/Use_E2.BSCANE2_I/INTERNAL_TCK
    CONFIG_SITE_X0Y0     BSCANE2 (Prop_BSCAN2_CONFIG_SITE_INTERNAL_TCK_TCK)
                                                      5.900     5.900 r  OSDZU3x_BYOTEE_i/mdm_1/U0/Use_E2.BSCAN_I/Use_E2.BSCANE2_I/TCK
                         net (fo=2, routed)           1.006     6.906    OSDZU3x_BYOTEE_i/mdm_1/U0/Use_E2.BSCAN_I/tck
    BUFGCE_X0Y10         BUFGCE (Prop_BUFCE_BUFGCE_I_O)
                                                      0.019     6.925 r  OSDZU3x_BYOTEE_i/mdm_1/U0/Use_E2.BSCAN_I/tck_BUFG_inst/O
                         net (fo=52, routed)          1.191     8.116    OSDZU3x_BYOTEE_i/mdm_1/U0/tck
    SLICE_X37Y100        FDRE (Prop_CFF_SLICEM_C_Q)
                                                      0.051     8.167 f  OSDZU3x_BYOTEE_i/mdm_1/U0/Use_JTAG_BSCAN.tms_ok_reg/Q
                         net (fo=3, routed)           0.708     8.875    OSDZU3x_BYOTEE_i/mdm_1/U0/Use_JTAG_BSCAN.BUFG_JTAG_TCK/Using_FPGA.Native_0
    BUFGCTRL_X0Y16       BUFGCTRL (Prop_BUFGCTRL_CE0_O)
                                                      0.091     8.966 f  OSDZU3x_BYOTEE_i/mdm_1/U0/Use_JTAG_BSCAN.BUFG_JTAG_TCK/Using_FPGA.Native/O
                         net (fo=33, routed)          1.142    10.108    OSDZU3x_BYOTEE_i/mdm_1/U0/MDM_Core_I1/JTAG_CONTROL_I/Use_JTAG_BSCAN.tck_int
    SLICE_X13Y82         FDRE (Prop_EFF_SLICEL_C_Q)
                                                      0.052    10.160 r  OSDZU3x_BYOTEE_i/mdm_1/U0/MDM_Core_I1/JTAG_CONTROL_I/Test_Access_Port.update_unbuf_reg/Q
                         net (fo=1, routed)           0.819    10.979    OSDZU3x_BYOTEE_i/mdm_1/U0/MDM_Core_I1/JTAG_CONTROL_I/Test_Access_Port.BUFG_UPDATE/Test_Access_Port.update_unbuf
    BUFGCE_X0Y24         BUFGCE (Prop_BUFCE_BUFGCE_I_O)
                                                      0.019    10.998 r  OSDZU3x_BYOTEE_i/mdm_1/U0/MDM_Core_I1/JTAG_CONTROL_I/Test_Access_Port.BUFG_UPDATE/Using_FPGA.Native/O
    X0Y0 (CLOCK_ROOT)    net (fo=185, routed)         1.198    12.197    <hidden>
    SLICE_X12Y44         FDRE                                         r  <hidden>
                         clock pessimism             -8.261     3.936    
    SLICE_X12Y44         FDRE (Hold_HFF_SLICEL_C_D)
                                                      0.046     3.982    <hidden>
  -------------------------------------------------------------------
                         required time                         -3.982    
                         arrival time                           4.066    
  -------------------------------------------------------------------
                         slack                                  0.084    

Slack (MET) :             0.085ns  (arrival time - required time)
  Source:                 OSDZU3x_BYOTEE_i/mdm_1/U0/MDM_Core_I1/JTAG_CONTROL_I/dmcontrol_dmactive_reg/C
                            (rising edge-triggered cell FDRE clocked by OSDZU3x_BYOTEE_i/mdm_1/U0/MDM_Core_I1/JTAG_CONTROL_I/Test_Access_Port.BUFG_UPDATE/Using_FPGA.Native/O  {rise@0.000ns fall@33.333ns period=66.666ns})
  Destination:            OSDZU3x_BYOTEE_i/mdm_1/U0/MDM_Core_I1/JTAG_CONTROL_I/Use_Dbg_Mem_Access.execute_reg/D
                            (rising edge-triggered cell FDCE clocked by OSDZU3x_BYOTEE_i/mdm_1/U0/MDM_Core_I1/JTAG_CONTROL_I/Test_Access_Port.BUFG_UPDATE/Using_FPGA.Native/O  {rise@0.000ns fall@33.333ns period=66.666ns})
  Path Group:             OSDZU3x_BYOTEE_i/mdm_1/U0/MDM_Core_I1/JTAG_CONTROL_I/Test_Access_Port.BUFG_UPDATE/Using_FPGA.Native/O
  Path Type:              Hold (Min at Fast Process Corner)
  Requirement:            0.000ns  (OSDZU3x_BYOTEE_i/mdm_1/U0/MDM_Core_I1/JTAG_CONTROL_I/Test_Access_Port.BUFG_UPDATE/Using_FPGA.Native/O rise@0.000ns - OSDZU3x_BYOTEE_i/mdm_1/U0/MDM_Core_I1/JTAG_CONTROL_I/Test_Access_Port.BUFG_UPDATE/Using_FPGA.Native/O rise@0.000ns)
  Data Path Delay:        0.172ns  (logic 0.071ns (41.248%)  route 0.101ns (58.752%))
  Logic Levels:           1  (LUT4=1)
  Clock Path Skew:        0.040ns (DCD - SCD - CPR)
    Destination Clock Delay (DCD):    12.222ns
    Source Clock Delay      (SCD):    3.961ns
    Clock Pessimism Removal (CPR):    8.221ns
  Clock Net Delay (Source):      1.091ns (routing 0.604ns, distribution 0.487ns)
  Clock Net Delay (Destination): 1.224ns (routing 0.671ns, distribution 0.553ns)

    Location             Delay type                Incr(ns)  Path(ns)    Netlist Resource(s)
  -------------------------------------------------------------------    -------------------
                         (clock OSDZU3x_BYOTEE_i/mdm_1/U0/MDM_Core_I1/JTAG_CONTROL_I/Test_Access_Port.BUFG_UPDATE/Using_FPGA.Native/O rise edge)
                                                      0.000     0.000 r  
    CONFIG_SITE_X0Y0     BSCANE2                      0.000     0.000 f  OSDZU3x_BYOTEE_i/mdm_1/U0/Use_E2.BSCAN_I/Use_E2.BSCANE2_I/INTERNAL_TCK
    CONFIG_SITE_X0Y0     BSCANE2 (Prop_BSCAN2_CONFIG_SITE_INTERNAL_TCK_TCK)
                                                      0.465     0.465 f  OSDZU3x_BYOTEE_i/mdm_1/U0/Use_E2.BSCAN_I/Use_E2.BSCANE2_I/TCK
                         net (fo=2, routed)           0.666     1.131    OSDZU3x_BYOTEE_i/mdm_1/U0/Use_JTAG_BSCAN.BUFG_JTAG_TCK/lopt
    BUFGCTRL_X0Y16       BUFGCTRL (Prop_BUFGCTRL_I0_O)
                                                      0.052     1.183 f  OSDZU3x_BYOTEE_i/mdm_1/U0/Use_JTAG_BSCAN.BUFG_JTAG_TCK/Using_FPGA.Native/O
                         net (fo=33, routed)          1.012     2.194    OSDZU3x_BYOTEE_i/mdm_1/U0/MDM_Core_I1/JTAG_CONTROL_I/Use_JTAG_BSCAN.tck_int
    SLICE_X13Y82         FDRE (Prop_EFF_SLICEL_C_Q)
                                                      0.039     2.233 r  OSDZU3x_BYOTEE_i/mdm_1/U0/MDM_Core_I1/JTAG_CONTROL_I/Test_Access_Port.update_unbuf_reg/Q
                         net (fo=1, routed)           0.620     2.853    OSDZU3x_BYOTEE_i/mdm_1/U0/MDM_Core_I1/JTAG_CONTROL_I/Test_Access_Port.BUFG_UPDATE/Test_Access_Port.update_unbuf
    BUFGCE_X0Y24         BUFGCE (Prop_BUFCE_BUFGCE_I_O)
                                                      0.017     2.870 r  OSDZU3x_BYOTEE_i/mdm_1/U0/MDM_Core_I1/JTAG_CONTROL_I/Test_Access_Port.BUFG_UPDATE/Using_FPGA.Native/O
    X0Y0 (CLOCK_ROOT)    net (fo=185, routed)         1.091     3.961    OSDZU3x_BYOTEE_i/mdm_1/U0/MDM_Core_I1/JTAG_CONTROL_I/Using_FPGA.Native_0
    SLICE_X8Y76          FDRE                                         r  OSDZU3x_BYOTEE_i/mdm_1/U0/MDM_Core_I1/JTAG_CONTROL_I/dmcontrol_dmactive_reg/C
  -------------------------------------------------------------------    -------------------
    SLICE_X8Y76          FDRE (Prop_HFF2_SLICEL_C_Q)
                                                      0.039     4.000 r  OSDZU3x_BYOTEE_i/mdm_1/U0/MDM_Core_I1/JTAG_CONTROL_I/dmcontrol_dmactive_reg/Q
                         net (fo=85, routed)          0.095     4.095    OSDZU3x_BYOTEE_i/mdm_1/U0/MDM_Core_I1/JTAG_CONTROL_I/dmcontrol[0]
    SLICE_X11Y76         LUT4 (Prop_H5LUT_SLICEL_I2_O)
                                                      0.032     4.127 r  OSDZU3x_BYOTEE_i/mdm_1/U0/MDM_Core_I1/JTAG_CONTROL_I/Use_Dbg_Mem_Access.execute_i_1/O
                         net (fo=1, routed)           0.006     4.133    OSDZU3x_BYOTEE_i/mdm_1/U0/MDM_Core_I1/JTAG_CONTROL_I/Use_Dbg_Mem_Access.execute_i_1_n_0
    SLICE_X11Y76         FDCE                                         r  OSDZU3x_BYOTEE_i/mdm_1/U0/MDM_Core_I1/JTAG_CONTROL_I/Use_Dbg_Mem_Access.execute_reg/D
  -------------------------------------------------------------------    -------------------

                         (clock OSDZU3x_BYOTEE_i/mdm_1/U0/MDM_Core_I1/JTAG_CONTROL_I/Test_Access_Port.BUFG_UPDATE/Using_FPGA.Native/O rise edge)
                                                      0.000     0.000 r  
    CONFIG_SITE_X0Y0     BSCANE2                      0.000     0.000 r  OSDZU3x_BYOTEE_i/mdm_1/U0/Use_E2.BSCAN_I/Use_E2.BSCANE2_I/INTERNAL_TCK
    CONFIG_SITE_X0Y0     BSCANE2 (Prop_BSCAN2_CONFIG_SITE_INTERNAL_TCK_TCK)
                                                      5.900     5.900 r  OSDZU3x_BYOTEE_i/mdm_1/U0/Use_E2.BSCAN_I/Use_E2.BSCANE2_I/TCK
                         net (fo=2, routed)           1.006     6.906    OSDZU3x_BYOTEE_i/mdm_1/U0/Use_E2.BSCAN_I/tck
    BUFGCE_X0Y10         BUFGCE (Prop_BUFCE_BUFGCE_I_O)
                                                      0.019     6.925 r  OSDZU3x_BYOTEE_i/mdm_1/U0/Use_E2.BSCAN_I/tck_BUFG_inst/O
                         net (fo=52, routed)          1.191     8.116    OSDZU3x_BYOTEE_i/mdm_1/U0/tck
    SLICE_X37Y100        FDRE (Prop_CFF_SLICEM_C_Q)
                                                      0.051     8.167 f  OSDZU3x_BYOTEE_i/mdm_1/U0/Use_JTAG_BSCAN.tms_ok_reg/Q
                         net (fo=3, routed)           0.708     8.875    OSDZU3x_BYOTEE_i/mdm_1/U0/Use_JTAG_BSCAN.BUFG_JTAG_TCK/Using_FPGA.Native_0
    BUFGCTRL_X0Y16       BUFGCTRL (Prop_BUFGCTRL_CE0_O)
                                                      0.091     8.966 f  OSDZU3x_BYOTEE_i/mdm_1/U0/Use_JTAG_BSCAN.BUFG_JTAG_TCK/Using_FPGA.Native/O
                         net (fo=33, routed)          1.142    10.108    OSDZU3x_BYOTEE_i/mdm_1/U0/MDM_Core_I1/JTAG_CONTROL_I/Use_JTAG_BSCAN.tck_int
    SLICE_X13Y82         FDRE (Prop_EFF_SLICEL_C_Q)
                                                      0.052    10.160 r  OSDZU3x_BYOTEE_i/mdm_1/U0/MDM_Core_I1/JTAG_CONTROL_I/Test_Access_Port.update_unbuf_reg/Q
                         net (fo=1, routed)           0.819    10.979    OSDZU3x_BYOTEE_i/mdm_1/U0/MDM_Core_I1/JTAG_CONTROL_I/Test_Access_Port.BUFG_UPDATE/Test_Access_Port.update_unbuf
    BUFGCE_X0Y24         BUFGCE (Prop_BUFCE_BUFGCE_I_O)
                                                      0.019    10.998 r  OSDZU3x_BYOTEE_i/mdm_1/U0/MDM_Core_I1/JTAG_CONTROL_I/Test_Access_Port.BUFG_UPDATE/Using_FPGA.Native/O
    X0Y0 (CLOCK_ROOT)    net (fo=185, routed)         1.224    12.222    OSDZU3x_BYOTEE_i/mdm_1/U0/MDM_Core_I1/JTAG_CONTROL_I/Using_FPGA.Native_0
    SLICE_X11Y76         FDCE                                         r  OSDZU3x_BYOTEE_i/mdm_1/U0/MDM_Core_I1/JTAG_CONTROL_I/Use_Dbg_Mem_Access.execute_reg/C
                         clock pessimism             -8.221     4.001    
    SLICE_X11Y76         FDCE (Hold_HFF2_SLICEL_C_D)
                                                      0.047     4.048    OSDZU3x_BYOTEE_i/mdm_1/U0/MDM_Core_I1/JTAG_CONTROL_I/Use_Dbg_Mem_Access.execute_reg
  -------------------------------------------------------------------
                         required time                         -4.048    
                         arrival time                           4.133    
  -------------------------------------------------------------------
                         slack                                  0.085    

Slack (MET) :             0.086ns  (arrival time - required time)
  Source:                 <hidden>
                            (rising edge-triggered cell FDPE clocked by OSDZU3x_BYOTEE_i/mdm_1/U0/MDM_Core_I1/JTAG_CONTROL_I/Test_Access_Port.BUFG_UPDATE/Using_FPGA.Native/O  {rise@0.000ns fall@33.333ns period=66.666ns})
  Destination:            <hidden>
                            (rising edge-triggered cell FDPE clocked by OSDZU3x_BYOTEE_i/mdm_1/U0/MDM_Core_I1/JTAG_CONTROL_I/Test_Access_Port.BUFG_UPDATE/Using_FPGA.Native/O  {rise@0.000ns fall@33.333ns period=66.666ns})
  Path Group:             OSDZU3x_BYOTEE_i/mdm_1/U0/MDM_Core_I1/JTAG_CONTROL_I/Test_Access_Port.BUFG_UPDATE/Using_FPGA.Native/O
  Path Type:              Hold (Min at Fast Process Corner)
  Requirement:            0.000ns  (OSDZU3x_BYOTEE_i/mdm_1/U0/MDM_Core_I1/JTAG_CONTROL_I/Test_Access_Port.BUFG_UPDATE/Using_FPGA.Native/O rise@0.000ns - OSDZU3x_BYOTEE_i/mdm_1/U0/MDM_Core_I1/JTAG_CONTROL_I/Test_Access_Port.BUFG_UPDATE/Using_FPGA.Native/O rise@0.000ns)
  Data Path Delay:        0.139ns  (logic 0.080ns (57.685%)  route 0.059ns (42.314%))
  Logic Levels:           1  (LUT5=1)
  Clock Path Skew:        0.006ns (DCD - SCD - CPR)
    Destination Clock Delay (DCD):    12.193ns
    Source Clock Delay      (SCD):    3.927ns
    Clock Pessimism Removal (CPR):    8.260ns
  Clock Net Delay (Source):      1.057ns (routing 0.604ns, distribution 0.453ns)
  Clock Net Delay (Destination): 1.194ns (routing 0.671ns, distribution 0.523ns)

    Location             Delay type                Incr(ns)  Path(ns)    Netlist Resource(s)
  -------------------------------------------------------------------    -------------------
                         (clock OSDZU3x_BYOTEE_i/mdm_1/U0/MDM_Core_I1/JTAG_CONTROL_I/Test_Access_Port.BUFG_UPDATE/Using_FPGA.Native/O rise edge)
                                                      0.000     0.000 r  
    CONFIG_SITE_X0Y0     BSCANE2                      0.000     0.000 f  OSDZU3x_BYOTEE_i/mdm_1/U0/Use_E2.BSCAN_I/Use_E2.BSCANE2_I/INTERNAL_TCK
    CONFIG_SITE_X0Y0     BSCANE2 (Prop_BSCAN2_CONFIG_SITE_INTERNAL_TCK_TCK)
                                                      0.465     0.465 f  OSDZU3x_BYOTEE_i/mdm_1/U0/Use_E2.BSCAN_I/Use_E2.BSCANE2_I/TCK
                         net (fo=2, routed)           0.666     1.131    OSDZU3x_BYOTEE_i/mdm_1/U0/Use_JTAG_BSCAN.BUFG_JTAG_TCK/lopt
    BUFGCTRL_X0Y16       BUFGCTRL (Prop_BUFGCTRL_I0_O)
                                                      0.052     1.183 f  OSDZU3x_BYOTEE_i/mdm_1/U0/Use_JTAG_BSCAN.BUFG_JTAG_TCK/Using_FPGA.Native/O
                         net (fo=33, routed)          1.012     2.194    OSDZU3x_BYOTEE_i/mdm_1/U0/MDM_Core_I1/JTAG_CONTROL_I/Use_JTAG_BSCAN.tck_int
    SLICE_X13Y82         FDRE (Prop_EFF_SLICEL_C_Q)
                                                      0.039     2.233 r  OSDZU3x_BYOTEE_i/mdm_1/U0/MDM_Core_I1/JTAG_CONTROL_I/Test_Access_Port.update_unbuf_reg/Q
                         net (fo=1, routed)           0.620     2.853    OSDZU3x_BYOTEE_i/mdm_1/U0/MDM_Core_I1/JTAG_CONTROL_I/Test_Access_Port.BUFG_UPDATE/Test_Access_Port.update_unbuf
    BUFGCE_X0Y24         BUFGCE (Prop_BUFCE_BUFGCE_I_O)
                                                      0.017     2.870 r  OSDZU3x_BYOTEE_i/mdm_1/U0/MDM_Core_I1/JTAG_CONTROL_I/Test_Access_Port.BUFG_UPDATE/Using_FPGA.Native/O
    X0Y0 (CLOCK_ROOT)    net (fo=185, routed)         1.057     3.927    <hidden>
    SLICE_X12Y44         FDPE                                         r  <hidden>
  -------------------------------------------------------------------    -------------------
    SLICE_X12Y44         FDPE (Prop_DFF2_SLICEL_C_Q)
                                                      0.041     3.968 r  <hidden>
                         net (fo=2, routed)           0.053     4.021    <hidden>
    SLICE_X12Y44         LUT5 (Prop_D5LUT_SLICEL_I2_O)
                                                      0.039     4.060 r  <hidden>
                         net (fo=1, routed)           0.006     4.066    <hidden>
    SLICE_X12Y44         FDPE                                         r  <hidden>
  -------------------------------------------------------------------    -------------------

                         (clock OSDZU3x_BYOTEE_i/mdm_1/U0/MDM_Core_I1/JTAG_CONTROL_I/Test_Access_Port.BUFG_UPDATE/Using_FPGA.Native/O rise edge)
                                                      0.000     0.000 r  
    CONFIG_SITE_X0Y0     BSCANE2                      0.000     0.000 r  OSDZU3x_BYOTEE_i/mdm_1/U0/Use_E2.BSCAN_I/Use_E2.BSCANE2_I/INTERNAL_TCK
    CONFIG_SITE_X0Y0     BSCANE2 (Prop_BSCAN2_CONFIG_SITE_INTERNAL_TCK_TCK)
                                                      5.900     5.900 r  OSDZU3x_BYOTEE_i/mdm_1/U0/Use_E2.BSCAN_I/Use_E2.BSCANE2_I/TCK
                         net (fo=2, routed)           1.006     6.906    OSDZU3x_BYOTEE_i/mdm_1/U0/Use_E2.BSCAN_I/tck
    BUFGCE_X0Y10         BUFGCE (Prop_BUFCE_BUFGCE_I_O)
                                                      0.019     6.925 r  OSDZU3x_BYOTEE_i/mdm_1/U0/Use_E2.BSCAN_I/tck_BUFG_inst/O
                         net (fo=52, routed)          1.191     8.116    OSDZU3x_BYOTEE_i/mdm_1/U0/tck
    SLICE_X37Y100        FDRE (Prop_CFF_SLICEM_C_Q)
                                                      0.051     8.167 f  OSDZU3x_BYOTEE_i/mdm_1/U0/Use_JTAG_BSCAN.tms_ok_reg/Q
                         net (fo=3, routed)           0.708     8.875    OSDZU3x_BYOTEE_i/mdm_1/U0/Use_JTAG_BSCAN.BUFG_JTAG_TCK/Using_FPGA.Native_0
    BUFGCTRL_X0Y16       BUFGCTRL (Prop_BUFGCTRL_CE0_O)
                                                      0.091     8.966 f  OSDZU3x_BYOTEE_i/mdm_1/U0/Use_JTAG_BSCAN.BUFG_JTAG_TCK/Using_FPGA.Native/O
                         net (fo=33, routed)          1.142    10.108    OSDZU3x_BYOTEE_i/mdm_1/U0/MDM_Core_I1/JTAG_CONTROL_I/Use_JTAG_BSCAN.tck_int
    SLICE_X13Y82         FDRE (Prop_EFF_SLICEL_C_Q)
                                                      0.052    10.160 r  OSDZU3x_BYOTEE_i/mdm_1/U0/MDM_Core_I1/JTAG_CONTROL_I/Test_Access_Port.update_unbuf_reg/Q
                         net (fo=1, routed)           0.819    10.979    OSDZU3x_BYOTEE_i/mdm_1/U0/MDM_Core_I1/JTAG_CONTROL_I/Test_Access_Port.BUFG_UPDATE/Test_Access_Port.update_unbuf
    BUFGCE_X0Y24         BUFGCE (Prop_BUFCE_BUFGCE_I_O)
                                                      0.019    10.998 r  OSDZU3x_BYOTEE_i/mdm_1/U0/MDM_Core_I1/JTAG_CONTROL_I/Test_Access_Port.BUFG_UPDATE/Using_FPGA.Native/O
    X0Y0 (CLOCK_ROOT)    net (fo=185, routed)         1.194    12.193    <hidden>
    SLICE_X12Y44         FDPE                                         r  <hidden>
                         clock pessimism             -8.260     3.933    
    SLICE_X12Y44         FDPE (Hold_DFF2_SLICEL_C_D)
                                                      0.047     3.980    <hidden>
  -------------------------------------------------------------------
                         required time                         -3.980    
                         arrival time                           4.066    
  -------------------------------------------------------------------
                         slack                                  0.086    

Slack (MET) :             0.092ns  (arrival time - required time)
  Source:                 OSDZU3x_BYOTEE_i/mdm_1/U0/MDM_Core_I1/JTAG_CONTROL_I/Use_Dbg_Mem_Access.sberror_reg[2]/C
                            (rising edge-triggered cell FDRE clocked by OSDZU3x_BYOTEE_i/mdm_1/U0/MDM_Core_I1/JTAG_CONTROL_I/Test_Access_Port.BUFG_UPDATE/Using_FPGA.Native/O  {rise@0.000ns fall@33.333ns period=66.666ns})
  Destination:            OSDZU3x_BYOTEE_i/mdm_1/U0/MDM_Core_I1/JTAG_CONTROL_I/Use_Dbg_Mem_Access.sberror_reg[2]/D
                            (rising edge-triggered cell FDRE clocked by OSDZU3x_BYOTEE_i/mdm_1/U0/MDM_Core_I1/JTAG_CONTROL_I/Test_Access_Port.BUFG_UPDATE/Using_FPGA.Native/O  {rise@0.000ns fall@33.333ns period=66.666ns})
  Path Group:             OSDZU3x_BYOTEE_i/mdm_1/U0/MDM_Core_I1/JTAG_CONTROL_I/Test_Access_Port.BUFG_UPDATE/Using_FPGA.Native/O
  Path Type:              Hold (Min at Fast Process Corner)
  Requirement:            0.000ns  (OSDZU3x_BYOTEE_i/mdm_1/U0/MDM_Core_I1/JTAG_CONTROL_I/Test_Access_Port.BUFG_UPDATE/Using_FPGA.Native/O rise@0.000ns - OSDZU3x_BYOTEE_i/mdm_1/U0/MDM_Core_I1/JTAG_CONTROL_I/Test_Access_Port.BUFG_UPDATE/Using_FPGA.Native/O rise@0.000ns)
  Data Path Delay:        0.145ns  (logic 0.060ns (41.343%)  route 0.085ns (58.657%))
  Logic Levels:           1  (LUT4=1)
  Clock Path Skew:        0.006ns (DCD - SCD - CPR)
    Destination Clock Delay (DCD):    12.215ns
    Source Clock Delay      (SCD):    3.947ns
    Clock Pessimism Removal (CPR):    8.262ns
  Clock Net Delay (Source):      1.077ns (routing 0.604ns, distribution 0.473ns)
  Clock Net Delay (Destination): 1.217ns (routing 0.671ns, distribution 0.546ns)

    Location             Delay type                Incr(ns)  Path(ns)    Netlist Resource(s)
  -------------------------------------------------------------------    -------------------
                         (clock OSDZU3x_BYOTEE_i/mdm_1/U0/MDM_Core_I1/JTAG_CONTROL_I/Test_Access_Port.BUFG_UPDATE/Using_FPGA.Native/O rise edge)
                                                      0.000     0.000 r  
    CONFIG_SITE_X0Y0     BSCANE2                      0.000     0.000 f  OSDZU3x_BYOTEE_i/mdm_1/U0/Use_E2.BSCAN_I/Use_E2.BSCANE2_I/INTERNAL_TCK
    CONFIG_SITE_X0Y0     BSCANE2 (Prop_BSCAN2_CONFIG_SITE_INTERNAL_TCK_TCK)
                                                      0.465     0.465 f  OSDZU3x_BYOTEE_i/mdm_1/U0/Use_E2.BSCAN_I/Use_E2.BSCANE2_I/TCK
                         net (fo=2, routed)           0.666     1.131    OSDZU3x_BYOTEE_i/mdm_1/U0/Use_JTAG_BSCAN.BUFG_JTAG_TCK/lopt
    BUFGCTRL_X0Y16       BUFGCTRL (Prop_BUFGCTRL_I0_O)
                                                      0.052     1.183 f  OSDZU3x_BYOTEE_i/mdm_1/U0/Use_JTAG_BSCAN.BUFG_JTAG_TCK/Using_FPGA.Native/O
                         net (fo=33, routed)          1.012     2.194    OSDZU3x_BYOTEE_i/mdm_1/U0/MDM_Core_I1/JTAG_CONTROL_I/Use_JTAG_BSCAN.tck_int
    SLICE_X13Y82         FDRE (Prop_EFF_SLICEL_C_Q)
                                                      0.039     2.233 r  OSDZU3x_BYOTEE_i/mdm_1/U0/MDM_Core_I1/JTAG_CONTROL_I/Test_Access_Port.update_unbuf_reg/Q
                         net (fo=1, routed)           0.620     2.853    OSDZU3x_BYOTEE_i/mdm_1/U0/MDM_Core_I1/JTAG_CONTROL_I/Test_Access_Port.BUFG_UPDATE/Test_Access_Port.update_unbuf
    BUFGCE_X0Y24         BUFGCE (Prop_BUFCE_BUFGCE_I_O)
                                                      0.017     2.870 r  OSDZU3x_BYOTEE_i/mdm_1/U0/MDM_Core_I1/JTAG_CONTROL_I/Test_Access_Port.BUFG_UPDATE/Using_FPGA.Native/O
    X0Y0 (CLOCK_ROOT)    net (fo=185, routed)         1.077     3.947    OSDZU3x_BYOTEE_i/mdm_1/U0/MDM_Core_I1/JTAG_CONTROL_I/Using_FPGA.Native_0
    SLICE_X8Y75          FDRE                                         r  OSDZU3x_BYOTEE_i/mdm_1/U0/MDM_Core_I1/JTAG_CONTROL_I/Use_Dbg_Mem_Access.sberror_reg[2]/C
  -------------------------------------------------------------------    -------------------
    SLICE_X8Y75          FDRE (Prop_AFF2_SLICEL_C_Q)
                                                      0.040     3.987 r  OSDZU3x_BYOTEE_i/mdm_1/U0/MDM_Core_I1/JTAG_CONTROL_I/Use_Dbg_Mem_Access.sberror_reg[2]/Q
                         net (fo=5, routed)           0.078     4.066    OSDZU3x_BYOTEE_i/mdm_1/U0/MDM_Core_I1/JTAG_CONTROL_I/Use_Dbg_Mem_Access.sbcs_reg[14]
    SLICE_X8Y75          LUT4 (Prop_A5LUT_SLICEL_I3_O)
                                                      0.020     4.086 r  OSDZU3x_BYOTEE_i/mdm_1/U0/MDM_Core_I1/JTAG_CONTROL_I/Use_Dbg_Mem_Access.sberror[2]_i_2/O
                         net (fo=1, routed)           0.007     4.093    OSDZU3x_BYOTEE_i/mdm_1/U0/MDM_Core_I1/JTAG_CONTROL_I/Use_Dbg_Mem_Access.sberror[2]_i_2_n_0
    SLICE_X8Y75          FDRE                                         r  OSDZU3x_BYOTEE_i/mdm_1/U0/MDM_Core_I1/JTAG_CONTROL_I/Use_Dbg_Mem_Access.sberror_reg[2]/D
  -------------------------------------------------------------------    -------------------

                         (clock OSDZU3x_BYOTEE_i/mdm_1/U0/MDM_Core_I1/JTAG_CONTROL_I/Test_Access_Port.BUFG_UPDATE/Using_FPGA.Native/O rise edge)
                                                      0.000     0.000 r  
    CONFIG_SITE_X0Y0     BSCANE2                      0.000     0.000 r  OSDZU3x_BYOTEE_i/mdm_1/U0/Use_E2.BSCAN_I/Use_E2.BSCANE2_I/INTERNAL_TCK
    CONFIG_SITE_X0Y0     BSCANE2 (Prop_BSCAN2_CONFIG_SITE_INTERNAL_TCK_TCK)
                                                      5.900     5.900 r  OSDZU3x_BYOTEE_i/mdm_1/U0/Use_E2.BSCAN_I/Use_E2.BSCANE2_I/TCK
                         net (fo=2, routed)           1.006     6.906    OSDZU3x_BYOTEE_i/mdm_1/U0/Use_E2.BSCAN_I/tck
    BUFGCE_X0Y10         BUFGCE (Prop_BUFCE_BUFGCE_I_O)
                                                      0.019     6.925 r  OSDZU3x_BYOTEE_i/mdm_1/U0/Use_E2.BSCAN_I/tck_BUFG_inst/O
                         net (fo=52, routed)          1.191     8.116    OSDZU3x_BYOTEE_i/mdm_1/U0/tck
    SLICE_X37Y100        FDRE (Prop_CFF_SLICEM_C_Q)
                                                      0.051     8.167 f  OSDZU3x_BYOTEE_i/mdm_1/U0/Use_JTAG_BSCAN.tms_ok_reg/Q
                         net (fo=3, routed)           0.708     8.875    OSDZU3x_BYOTEE_i/mdm_1/U0/Use_JTAG_BSCAN.BUFG_JTAG_TCK/Using_FPGA.Native_0
    BUFGCTRL_X0Y16       BUFGCTRL (Prop_BUFGCTRL_CE0_O)
                                                      0.091     8.966 f  OSDZU3x_BYOTEE_i/mdm_1/U0/Use_JTAG_BSCAN.BUFG_JTAG_TCK/Using_FPGA.Native/O
                         net (fo=33, routed)          1.142    10.108    OSDZU3x_BYOTEE_i/mdm_1/U0/MDM_Core_I1/JTAG_CONTROL_I/Use_JTAG_BSCAN.tck_int
    SLICE_X13Y82         FDRE (Prop_EFF_SLICEL_C_Q)
                                                      0.052    10.160 r  OSDZU3x_BYOTEE_i/mdm_1/U0/MDM_Core_I1/JTAG_CONTROL_I/Test_Access_Port.update_unbuf_reg/Q
                         net (fo=1, routed)           0.819    10.979    OSDZU3x_BYOTEE_i/mdm_1/U0/MDM_Core_I1/JTAG_CONTROL_I/Test_Access_Port.BUFG_UPDATE/Test_Access_Port.update_unbuf
    BUFGCE_X0Y24         BUFGCE (Prop_BUFCE_BUFGCE_I_O)
                                                      0.019    10.998 r  OSDZU3x_BYOTEE_i/mdm_1/U0/MDM_Core_I1/JTAG_CONTROL_I/Test_Access_Port.BUFG_UPDATE/Using_FPGA.Native/O
    X0Y0 (CLOCK_ROOT)    net (fo=185, routed)         1.217    12.215    OSDZU3x_BYOTEE_i/mdm_1/U0/MDM_Core_I1/JTAG_CONTROL_I/Using_FPGA.Native_0
    SLICE_X8Y75          FDRE                                         r  OSDZU3x_BYOTEE_i/mdm_1/U0/MDM_Core_I1/JTAG_CONTROL_I/Use_Dbg_Mem_Access.sberror_reg[2]/C
                         clock pessimism             -8.262     3.953    
    SLICE_X8Y75          FDRE (Hold_AFF2_SLICEL_C_D)
                                                      0.047     4.000    OSDZU3x_BYOTEE_i/mdm_1/U0/MDM_Core_I1/JTAG_CONTROL_I/Use_Dbg_Mem_Access.sberror_reg[2]
  -------------------------------------------------------------------
                         required time                         -4.000    
                         arrival time                           4.093    
  -------------------------------------------------------------------
                         slack                                  0.092    





Pulse Width Checks
--------------------------------------------------------------------------------------
Clock Name:         OSDZU3x_BYOTEE_i/mdm_1/U0/MDM_Core_I1/JTAG_CONTROL_I/Test_Access_Port.BUFG_UPDATE/Using_FPGA.Native/O
Waveform(ns):       { 0.000 33.333 }
Period(ns):         66.666
Sources:            { OSDZU3x_BYOTEE_i/mdm_1/U0/MDM_Core_I1/JTAG_CONTROL_I/Test_Access_Port.BUFG_UPDATE/Using_FPGA.Native/O }

Check Type        Corner  Lib Pin  Reference Pin  Required(ns)  Actual(ns)  Slack(ns)  Location      Pin
Min Period        n/a     FDCE/C   n/a            0.550         66.666      66.116     SLICE_X11Y76  OSDZU3x_BYOTEE_i/mdm_1/U0/MDM_Core_I1/JTAG_CONTROL_I/Use_Dbg_Mem_Access.execute_reg/C
Min Period        n/a     FDRE/C   n/a            0.550         66.666      66.116     SLICE_X7Y76   OSDZU3x_BYOTEE_i/mdm_1/U0/MDM_Core_I1/JTAG_CONTROL_I/Use_Dbg_Mem_Access.sbaccess_reg[0]/C
Min Period        n/a     FDRE/C   n/a            0.550         66.666      66.116     SLICE_X7Y76   OSDZU3x_BYOTEE_i/mdm_1/U0/MDM_Core_I1/JTAG_CONTROL_I/Use_Dbg_Mem_Access.sbaccess_reg[1]/C
Min Period        n/a     FDRE/C   n/a            0.550         66.666      66.116     SLICE_X7Y76   OSDZU3x_BYOTEE_i/mdm_1/U0/MDM_Core_I1/JTAG_CONTROL_I/Use_Dbg_Mem_Access.sbaccess_reg[2]/C
Min Period        n/a     FDRE/C   n/a            0.550         66.666      66.116     SLICE_X8Y76   OSDZU3x_BYOTEE_i/mdm_1/U0/MDM_Core_I1/JTAG_CONTROL_I/Use_Dbg_Mem_Access.sbaddress_reg[0]/C
Min Period        n/a     FDRE/C   n/a            0.550         66.666      66.116     SLICE_X6Y71   OSDZU3x_BYOTEE_i/mdm_1/U0/MDM_Core_I1/JTAG_CONTROL_I/Use_Dbg_Mem_Access.sbaddress_reg[10]/C
Min Period        n/a     FDRE/C   n/a            0.550         66.666      66.116     SLICE_X6Y71   OSDZU3x_BYOTEE_i/mdm_1/U0/MDM_Core_I1/JTAG_CONTROL_I/Use_Dbg_Mem_Access.sbaddress_reg[11]/C
Min Period        n/a     FDRE/C   n/a            0.550         66.666      66.116     SLICE_X8Y73   OSDZU3x_BYOTEE_i/mdm_1/U0/MDM_Core_I1/JTAG_CONTROL_I/Use_Dbg_Mem_Access.sbaddress_reg[12]/C
Min Period        n/a     FDRE/C   n/a            0.550         66.666      66.116     SLICE_X8Y73   OSDZU3x_BYOTEE_i/mdm_1/U0/MDM_Core_I1/JTAG_CONTROL_I/Use_Dbg_Mem_Access.sbaddress_reg[13]/C
Min Period        n/a     FDRE/C   n/a            0.550         66.666      66.116     SLICE_X8Y73   OSDZU3x_BYOTEE_i/mdm_1/U0/MDM_Core_I1/JTAG_CONTROL_I/Use_Dbg_Mem_Access.sbaddress_reg[14]/C
Low Pulse Width   Slow    FDCE/C   n/a            0.275         33.333      33.058     SLICE_X11Y76  OSDZU3x_BYOTEE_i/mdm_1/U0/MDM_Core_I1/JTAG_CONTROL_I/Use_Dbg_Mem_Access.execute_reg/C
Low Pulse Width   Fast    FDCE/C   n/a            0.275         33.333      33.058     SLICE_X11Y76  OSDZU3x_BYOTEE_i/mdm_1/U0/MDM_Core_I1/JTAG_CONTROL_I/Use_Dbg_Mem_Access.execute_reg/C
Low Pulse Width   Slow    FDRE/C   n/a            0.275         33.333      33.058     SLICE_X7Y76   OSDZU3x_BYOTEE_i/mdm_1/U0/MDM_Core_I1/JTAG_CONTROL_I/Use_Dbg_Mem_Access.sbaccess_reg[0]/C
Low Pulse Width   Fast    FDRE/C   n/a            0.275         33.333      33.058     SLICE_X7Y76   OSDZU3x_BYOTEE_i/mdm_1/U0/MDM_Core_I1/JTAG_CONTROL_I/Use_Dbg_Mem_Access.sbaccess_reg[0]/C
Low Pulse Width   Slow    FDRE/C   n/a            0.275         33.333      33.058     SLICE_X7Y76   OSDZU3x_BYOTEE_i/mdm_1/U0/MDM_Core_I1/JTAG_CONTROL_I/Use_Dbg_Mem_Access.sbaccess_reg[1]/C
Low Pulse Width   Fast    FDRE/C   n/a            0.275         33.333      33.058     SLICE_X7Y76   OSDZU3x_BYOTEE_i/mdm_1/U0/MDM_Core_I1/JTAG_CONTROL_I/Use_Dbg_Mem_Access.sbaccess_reg[1]/C
Low Pulse Width   Slow    FDRE/C   n/a            0.275         33.333      33.058     SLICE_X7Y76   OSDZU3x_BYOTEE_i/mdm_1/U0/MDM_Core_I1/JTAG_CONTROL_I/Use_Dbg_Mem_Access.sbaccess_reg[2]/C
Low Pulse Width   Fast    FDRE/C   n/a            0.275         33.333      33.058     SLICE_X7Y76   OSDZU3x_BYOTEE_i/mdm_1/U0/MDM_Core_I1/JTAG_CONTROL_I/Use_Dbg_Mem_Access.sbaccess_reg[2]/C
Low Pulse Width   Slow    FDRE/C   n/a            0.275         33.333      33.058     SLICE_X8Y76   OSDZU3x_BYOTEE_i/mdm_1/U0/MDM_Core_I1/JTAG_CONTROL_I/Use_Dbg_Mem_Access.sbaddress_reg[0]/C
Low Pulse Width   Fast    FDRE/C   n/a            0.275         33.333      33.058     SLICE_X8Y76   OSDZU3x_BYOTEE_i/mdm_1/U0/MDM_Core_I1/JTAG_CONTROL_I/Use_Dbg_Mem_Access.sbaddress_reg[0]/C
High Pulse Width  Slow    FDCE/C   n/a            0.275         33.333      33.058     SLICE_X11Y76  OSDZU3x_BYOTEE_i/mdm_1/U0/MDM_Core_I1/JTAG_CONTROL_I/Use_Dbg_Mem_Access.execute_reg/C
High Pulse Width  Fast    FDCE/C   n/a            0.275         33.333      33.058     SLICE_X11Y76  OSDZU3x_BYOTEE_i/mdm_1/U0/MDM_Core_I1/JTAG_CONTROL_I/Use_Dbg_Mem_Access.execute_reg/C
High Pulse Width  Slow    FDRE/C   n/a            0.275         33.333      33.058     SLICE_X7Y76   OSDZU3x_BYOTEE_i/mdm_1/U0/MDM_Core_I1/JTAG_CONTROL_I/Use_Dbg_Mem_Access.sbaccess_reg[0]/C
High Pulse Width  Fast    FDRE/C   n/a            0.275         33.333      33.058     SLICE_X7Y76   OSDZU3x_BYOTEE_i/mdm_1/U0/MDM_Core_I1/JTAG_CONTROL_I/Use_Dbg_Mem_Access.sbaccess_reg[0]/C
High Pulse Width  Slow    FDRE/C   n/a            0.275         33.333      33.058     SLICE_X7Y76   OSDZU3x_BYOTEE_i/mdm_1/U0/MDM_Core_I1/JTAG_CONTROL_I/Use_Dbg_Mem_Access.sbaccess_reg[1]/C
High Pulse Width  Fast    FDRE/C   n/a            0.275         33.333      33.058     SLICE_X7Y76   OSDZU3x_BYOTEE_i/mdm_1/U0/MDM_Core_I1/JTAG_CONTROL_I/Use_Dbg_Mem_Access.sbaccess_reg[1]/C
High Pulse Width  Slow    FDRE/C   n/a            0.275         33.333      33.058     SLICE_X7Y76   OSDZU3x_BYOTEE_i/mdm_1/U0/MDM_Core_I1/JTAG_CONTROL_I/Use_Dbg_Mem_Access.sbaccess_reg[2]/C
High Pulse Width  Fast    FDRE/C   n/a            0.275         33.333      33.058     SLICE_X7Y76   OSDZU3x_BYOTEE_i/mdm_1/U0/MDM_Core_I1/JTAG_CONTROL_I/Use_Dbg_Mem_Access.sbaccess_reg[2]/C
High Pulse Width  Slow    FDRE/C   n/a            0.275         33.333      33.058     SLICE_X8Y76   OSDZU3x_BYOTEE_i/mdm_1/U0/MDM_Core_I1/JTAG_CONTROL_I/Use_Dbg_Mem_Access.sbaddress_reg[0]/C
High Pulse Width  Fast    FDRE/C   n/a            0.275         33.333      33.058     SLICE_X8Y76   OSDZU3x_BYOTEE_i/mdm_1/U0/MDM_Core_I1/JTAG_CONTROL_I/Use_Dbg_Mem_Access.sbaddress_reg[0]/C



---------------------------------------------------------------------------------------------------
From Clock:  OSDZU3x_BYOTEE_i/mdm_1/U0/Use_E2.BSCAN_I/Use_E2.BSCANE2_I/TCK
  To Clock:  OSDZU3x_BYOTEE_i/mdm_1/U0/Use_E2.BSCAN_I/Use_E2.BSCANE2_I/TCK

Setup :            0  Failing Endpoints,  Worst Slack       12.450ns,  Total Violation        0.000ns
Hold  :            0  Failing Endpoints,  Worst Slack        0.025ns,  Total Violation        0.000ns
PW    :            0  Failing Endpoints,  Worst Slack       16.093ns,  Total Violation        0.000ns
---------------------------------------------------------------------------------------------------


Max Delay Paths
--------------------------------------------------------------------------------------
Slack (MET) :             12.450ns  (required time - arrival time)
  Source:                 OSDZU3x_BYOTEE_i/mdm_1/U0/MDM_Core_I1/JTAG_CONTROL_I/Test_Access_Port.shift_tck_reg/C
                            (rising edge-triggered cell FDRE clocked by OSDZU3x_BYOTEE_i/mdm_1/U0/Use_E2.BSCAN_I/Use_E2.BSCANE2_I/TCK  {rise@0.000ns fall@16.667ns period=33.333ns})
  Destination:            OSDZU3x_BYOTEE_i/mdm_1/U0/MDM_Core_I1/JTAG_CONTROL_I/Test_Access_Port.BUFG_DRCK/Using_FPGA.Native/CE0
                            (falling edge-triggered cell BUFGCTRL clocked by OSDZU3x_BYOTEE_i/mdm_1/U0/Use_E2.BSCAN_I/Use_E2.BSCANE2_I/TCK  {rise@0.000ns fall@16.667ns period=33.333ns})
  Path Group:             OSDZU3x_BYOTEE_i/mdm_1/U0/Use_E2.BSCAN_I/Use_E2.BSCANE2_I/TCK
  Path Type:              Setup (Max at Slow Process Corner)
  Requirement:            16.667ns  (OSDZU3x_BYOTEE_i/mdm_1/U0/Use_E2.BSCAN_I/Use_E2.BSCANE2_I/TCK fall@16.667ns - OSDZU3x_BYOTEE_i/mdm_1/U0/Use_E2.BSCAN_I/Use_E2.BSCANE2_I/TCK rise@0.000ns)
  Data Path Delay:        2.075ns  (logic 0.275ns (13.254%)  route 1.800ns (86.746%))
  Logic Levels:           1  (LUT2=1)
  Clock Path Skew:        -1.913ns (DCD - SCD + CPR)
    Destination Clock Delay (DCD):    1.498ns = ( 18.164 - 16.667 ) 
    Source Clock Delay      (SCD):    9.345ns
    Clock Pessimism Removal (CPR):    5.935ns
  Clock Uncertainty:      0.235ns  ((TSJ^2 + TIJ^2)^1/2 + DJ) / 2 + PE + DCD
    Total System Jitter     (TSJ):    0.071ns
    Total Input Jitter      (TIJ):    0.000ns
    Discrete Jitter          (DJ):    0.000ns
    Phase Error              (PE):    0.000ns
    Duty Cycle Distortion   (DCD):    0.200ns
  Clock Net Delay (Source):      1.991ns (routing 1.046ns, distribution 0.945ns)
  Clock Net Delay (Destination): 0.076ns (routing 0.004ns, distribution 0.072ns)

    Location             Delay type                Incr(ns)  Path(ns)    Netlist Resource(s)
  -------------------------------------------------------------------    -------------------
                         (clock OSDZU3x_BYOTEE_i/mdm_1/U0/Use_E2.BSCAN_I/Use_E2.BSCANE2_I/TCK rise edge)
                                                      0.000     0.000 r  
    CONFIG_SITE_X0Y0     BSCANE2                      0.000     0.000 r  OSDZU3x_BYOTEE_i/mdm_1/U0/Use_E2.BSCAN_I/Use_E2.BSCANE2_I/INTERNAL_TCK
    CONFIG_SITE_X0Y0     BSCANE2 (Prop_BSCAN2_CONFIG_SITE_INTERNAL_TCK_TCK)
                                                      5.900     5.900 r  OSDZU3x_BYOTEE_i/mdm_1/U0/Use_E2.BSCAN_I/Use_E2.BSCANE2_I/TCK
                         net (fo=2, routed)           1.363     7.263    OSDZU3x_BYOTEE_i/mdm_1/U0/Use_JTAG_BSCAN.BUFG_JTAG_TCK/lopt
    BUFGCTRL_X0Y16       BUFGCTRL (Prop_BUFGCTRL_I0_O)
                                                      0.091     7.354 r  OSDZU3x_BYOTEE_i/mdm_1/U0/Use_JTAG_BSCAN.BUFG_JTAG_TCK/Using_FPGA.Native/O
    X0Y1 (CLOCK_ROOT)    net (fo=33, routed)          1.991     9.345    OSDZU3x_BYOTEE_i/mdm_1/U0/MDM_Core_I1/JTAG_CONTROL_I/Use_JTAG_BSCAN.tck_int
    SLICE_X13Y82         FDRE                                         r  OSDZU3x_BYOTEE_i/mdm_1/U0/MDM_Core_I1/JTAG_CONTROL_I/Test_Access_Port.shift_tck_reg/C
  -------------------------------------------------------------------    -------------------
    SLICE_X13Y82         FDRE (Prop_DFF2_SLICEL_C_Q)
                                                      0.098     9.443 r  OSDZU3x_BYOTEE_i/mdm_1/U0/MDM_Core_I1/JTAG_CONTROL_I/Test_Access_Port.shift_tck_reg/Q
                         net (fo=4, routed)           0.198     9.641    OSDZU3x_BYOTEE_i/mdm_1/U0/MDM_Core_I1/JTAG_CONTROL_I/Test_Access_Port.BUFG_DRCK/Using_FPGA.Native_2
    SLICE_X14Y83         LUT2 (Prop_F6LUT_SLICEM_I1_O)
                                                      0.177     9.818 r  OSDZU3x_BYOTEE_i/mdm_1/U0/MDM_Core_I1/JTAG_CONTROL_I/Test_Access_Port.BUFG_DRCK/Using_FPGA.Native_i_1/O
                         net (fo=1, routed)           1.602    11.420    OSDZU3x_BYOTEE_i/mdm_1/U0/MDM_Core_I1/JTAG_CONTROL_I/Test_Access_Port.BUFG_DRCK/Test_Access_Port.drck_ena
    BUFGCTRL_X0Y23       BUFGCTRL                                     r  OSDZU3x_BYOTEE_i/mdm_1/U0/MDM_Core_I1/JTAG_CONTROL_I/Test_Access_Port.BUFG_DRCK/Using_FPGA.Native/CE0
  -------------------------------------------------------------------    -------------------

                         (clock OSDZU3x_BYOTEE_i/mdm_1/U0/Use_E2.BSCAN_I/Use_E2.BSCANE2_I/TCK fall edge)
                                                     16.667    16.667 f  
    CONFIG_SITE_X0Y0     BSCANE2                      0.000    16.667 f  OSDZU3x_BYOTEE_i/mdm_1/U0/Use_E2.BSCAN_I/Use_E2.BSCANE2_I/INTERNAL_TCK
    CONFIG_SITE_X0Y0     BSCANE2 (Prop_BSCAN2_CONFIG_SITE_INTERNAL_TCK_TCK)
                                                      0.465    17.132 f  OSDZU3x_BYOTEE_i/mdm_1/U0/Use_E2.BSCAN_I/Use_E2.BSCANE2_I/TCK
                         net (fo=2, routed)           0.879    18.010    OSDZU3x_BYOTEE_i/mdm_1/U0/Use_JTAG_BSCAN.BUFG_JTAG_TCK/lopt
    BUFGCTRL_X0Y16       BUFGCTRL (Prop_BUFGCTRL_I0_O)
                                                      0.078    18.088 f  OSDZU3x_BYOTEE_i/mdm_1/U0/Use_JTAG_BSCAN.BUFG_JTAG_TCK/Using_FPGA.Native/O
    X1Y2 (CLOCK_ROOT)    net (fo=33, routed)          0.076    18.164    OSDZU3x_BYOTEE_i/mdm_1/U0/MDM_Core_I1/JTAG_CONTROL_I/Test_Access_Port.BUFG_DRCK/Use_JTAG_BSCAN.tck_int
    BUFGCTRL_X0Y23       BUFGCTRL                                     f  OSDZU3x_BYOTEE_i/mdm_1/U0/MDM_Core_I1/JTAG_CONTROL_I/Test_Access_Port.BUFG_DRCK/Using_FPGA.Native/I0
                         clock pessimism              5.935    24.099    
                         clock uncertainty           -0.235    23.863    
    BUFGCTRL_X0Y23       BUFGCTRL (Setup_BUFGCTRL_I0_CE0)
                                                      0.007    23.870    OSDZU3x_BYOTEE_i/mdm_1/U0/MDM_Core_I1/JTAG_CONTROL_I/Test_Access_Port.BUFG_DRCK/Using_FPGA.Native
  -------------------------------------------------------------------
                         required time                         23.870    
                         arrival time                         -11.420    
  -------------------------------------------------------------------
                         slack                                 12.450    

Slack (MET) :             12.582ns  (required time - arrival time)
  Source:                 OSDZU3x_BYOTEE_i/mdm_1/U0/Use_JTAG_BSCAN.tms_ok_reg/C
                            (rising edge-triggered cell FDRE clocked by OSDZU3x_BYOTEE_i/mdm_1/U0/Use_E2.BSCAN_I/Use_E2.BSCANE2_I/TCK  {rise@0.000ns fall@16.667ns period=33.333ns})
  Destination:            OSDZU3x_BYOTEE_i/mdm_1/U0/Use_JTAG_BSCAN.BUFG_JTAG_TCK/Using_FPGA.Native/CE0
                            (falling edge-triggered cell BUFGCTRL clocked by OSDZU3x_BYOTEE_i/mdm_1/U0/Use_E2.BSCAN_I/Use_E2.BSCANE2_I/TCK  {rise@0.000ns fall@16.667ns period=33.333ns})
  Path Group:             OSDZU3x_BYOTEE_i/mdm_1/U0/Use_E2.BSCAN_I/Use_E2.BSCANE2_I/TCK
  Path Type:              Setup (Max at Slow Process Corner)
  Requirement:            16.667ns  (OSDZU3x_BYOTEE_i/mdm_1/U0/Use_E2.BSCAN_I/Use_E2.BSCANE2_I/TCK fall@16.667ns - OSDZU3x_BYOTEE_i/mdm_1/U0/Use_E2.BSCAN_I/Use_E2.BSCANE2_I/TCK rise@0.000ns)
  Data Path Delay:        1.253ns  (logic 0.095ns (7.582%)  route 1.158ns (92.418%))
  Logic Levels:           0  
  Clock Path Skew:        -2.604ns (DCD - SCD + CPR)
    Destination Clock Delay (DCD):    1.344ns = ( 18.010 - 16.667 ) 
    Source Clock Delay      (SCD):    9.582ns
    Clock Pessimism Removal (CPR):    5.635ns
  Clock Uncertainty:      0.235ns  ((TSJ^2 + TIJ^2)^1/2 + DJ) / 2 + PE + DCD
    Total System Jitter     (TSJ):    0.071ns
    Total Input Jitter      (TIJ):    0.000ns
    Discrete Jitter          (DJ):    0.000ns
    Phase Error              (PE):    0.000ns
    Duty Cycle Distortion   (DCD):    0.200ns
  Clock Net Delay (Source):      2.090ns (routing 1.061ns, distribution 1.029ns)

    Location             Delay type                Incr(ns)  Path(ns)    Netlist Resource(s)
  -------------------------------------------------------------------    -------------------
                         (clock OSDZU3x_BYOTEE_i/mdm_1/U0/Use_E2.BSCAN_I/Use_E2.BSCANE2_I/TCK rise edge)
                                                      0.000     0.000 r  
    CONFIG_SITE_X0Y0     BSCANE2                      0.000     0.000 r  OSDZU3x_BYOTEE_i/mdm_1/U0/Use_E2.BSCAN_I/Use_E2.BSCANE2_I/INTERNAL_TCK
    CONFIG_SITE_X0Y0     BSCANE2 (Prop_BSCAN2_CONFIG_SITE_INTERNAL_TCK_TCK)
                                                      5.900     5.900 r  OSDZU3x_BYOTEE_i/mdm_1/U0/Use_E2.BSCAN_I/Use_E2.BSCANE2_I/TCK
                         net (fo=2, routed)           1.564     7.464    OSDZU3x_BYOTEE_i/mdm_1/U0/Use_E2.BSCAN_I/tck
    BUFGCE_X0Y10         BUFGCE (Prop_BUFCE_BUFGCE_I_O)
                                                      0.028     7.492 r  OSDZU3x_BYOTEE_i/mdm_1/U0/Use_E2.BSCAN_I/tck_BUFG_inst/O
    X0Y1 (CLOCK_ROOT)    net (fo=52, routed)          2.090     9.582    OSDZU3x_BYOTEE_i/mdm_1/U0/tck
    SLICE_X37Y100        FDRE                                         r  OSDZU3x_BYOTEE_i/mdm_1/U0/Use_JTAG_BSCAN.tms_ok_reg/C
  -------------------------------------------------------------------    -------------------
    SLICE_X37Y100        FDRE (Prop_CFF_SLICEM_C_Q)
                                                      0.095     9.677 r  OSDZU3x_BYOTEE_i/mdm_1/U0/Use_JTAG_BSCAN.tms_ok_reg/Q
                         net (fo=3, routed)           1.158    10.835    OSDZU3x_BYOTEE_i/mdm_1/U0/Use_JTAG_BSCAN.BUFG_JTAG_TCK/Using_FPGA.Native_0
    BUFGCTRL_X0Y16       BUFGCTRL                                     r  OSDZU3x_BYOTEE_i/mdm_1/U0/Use_JTAG_BSCAN.BUFG_JTAG_TCK/Using_FPGA.Native/CE0
  -------------------------------------------------------------------    -------------------

                         (clock OSDZU3x_BYOTEE_i/mdm_1/U0/Use_E2.BSCAN_I/Use_E2.BSCANE2_I/TCK fall edge)
                                                     16.667    16.667 f  
    CONFIG_SITE_X0Y0     BSCANE2                      0.000    16.667 f  OSDZU3x_BYOTEE_i/mdm_1/U0/Use_E2.BSCAN_I/Use_E2.BSCANE2_I/INTERNAL_TCK
    CONFIG_SITE_X0Y0     BSCANE2 (Prop_BSCAN2_CONFIG_SITE_INTERNAL_TCK_TCK)
                                                      0.465    17.132 f  OSDZU3x_BYOTEE_i/mdm_1/U0/Use_E2.BSCAN_I/Use_E2.BSCANE2_I/TCK
                         net (fo=2, routed)           0.879    18.010    OSDZU3x_BYOTEE_i/mdm_1/U0/Use_JTAG_BSCAN.BUFG_JTAG_TCK/lopt
    BUFGCTRL_X0Y16       BUFGCTRL                                     f  OSDZU3x_BYOTEE_i/mdm_1/U0/Use_JTAG_BSCAN.BUFG_JTAG_TCK/Using_FPGA.Native/I0
                         clock pessimism              5.635    23.645    
                         clock uncertainty           -0.235    23.410    
    BUFGCTRL_X0Y16       BUFGCTRL (Setup_BUFGCTRL_I0_CE0)
                                                      0.007    23.417    OSDZU3x_BYOTEE_i/mdm_1/U0/Use_JTAG_BSCAN.BUFG_JTAG_TCK/Using_FPGA.Native
  -------------------------------------------------------------------
                         required time                         23.417    
                         arrival time                         -10.835    
  -------------------------------------------------------------------
                         slack                                 12.582    

Slack (MET) :             12.599ns  (required time - arrival time)
  Source:                 OSDZU3x_BYOTEE_i/mdm_1/U0/MDM_Core_I1/JTAG_CONTROL_I/Test_Access_Port.shift_dtm_reg/C
                            (falling edge-triggered cell FDRE clocked by OSDZU3x_BYOTEE_i/mdm_1/U0/Use_E2.BSCAN_I/Use_E2.BSCANE2_I/TCK  {rise@0.000ns fall@16.667ns period=33.333ns})
  Destination:            OSDZU3x_BYOTEE_i/mdm_1/U0/MDM_Core_I1/JTAG_CONTROL_I/TDO_reg/D
                            (rising edge-triggered cell FDRE clocked by OSDZU3x_BYOTEE_i/mdm_1/U0/Use_E2.BSCAN_I/Use_E2.BSCANE2_I/TCK  {rise@0.000ns fall@16.667ns period=33.333ns})
  Path Group:             OSDZU3x_BYOTEE_i/mdm_1/U0/Use_E2.BSCAN_I/Use_E2.BSCANE2_I/TCK
  Path Type:              Setup (Max at Slow Process Corner)
  Requirement:            16.667ns  (OSDZU3x_BYOTEE_i/mdm_1/U0/Use_E2.BSCAN_I/Use_E2.BSCANE2_I/TCK rise@33.333ns - OSDZU3x_BYOTEE_i/mdm_1/U0/Use_E2.BSCAN_I/Use_E2.BSCANE2_I/TCK fall@16.667ns)
  Data Path Delay:        3.829ns  (logic 1.103ns (28.806%)  route 2.726ns (71.194%))
  Logic Levels:           8  (LUT4=3 LUT5=1 LUT6=4)
  Clock Path Skew:        -0.030ns (DCD - SCD + CPR)
    Destination Clock Delay (DCD):    3.182ns = ( 36.515 - 33.333 ) 
    Source Clock Delay      (SCD):    9.345ns = ( 26.012 - 16.667 ) 
    Clock Pessimism Removal (CPR):    6.134ns
  Clock Uncertainty:      0.235ns  ((TSJ^2 + TIJ^2)^1/2 + DJ) / 2 + PE + DCD
    Total System Jitter     (TSJ):    0.071ns
    Total Input Jitter      (TIJ):    0.000ns
    Discrete Jitter          (DJ):    0.000ns
    Phase Error              (PE):    0.000ns
    Duty Cycle Distortion   (DCD):    0.200ns
  Clock Net Delay (Source):      1.991ns (routing 1.046ns, distribution 0.945ns)
  Clock Net Delay (Destination): 1.760ns (routing 0.948ns, distribution 0.812ns)

    Location             Delay type                Incr(ns)  Path(ns)    Netlist Resource(s)
  -------------------------------------------------------------------    -------------------
                         (clock OSDZU3x_BYOTEE_i/mdm_1/U0/Use_E2.BSCAN_I/Use_E2.BSCANE2_I/TCK fall edge)
                                                     16.667    16.667 f  
    CONFIG_SITE_X0Y0     BSCANE2                      0.000    16.667 f  OSDZU3x_BYOTEE_i/mdm_1/U0/Use_E2.BSCAN_I/Use_E2.BSCANE2_I/INTERNAL_TCK
    CONFIG_SITE_X0Y0     BSCANE2 (Prop_BSCAN2_CONFIG_SITE_INTERNAL_TCK_TCK)
                                                      5.900    22.566 f  OSDZU3x_BYOTEE_i/mdm_1/U0/Use_E2.BSCAN_I/Use_E2.BSCANE2_I/TCK
                         net (fo=2, routed)           1.363    23.930    OSDZU3x_BYOTEE_i/mdm_1/U0/Use_JTAG_BSCAN.BUFG_JTAG_TCK/lopt
    BUFGCTRL_X0Y16       BUFGCTRL (Prop_BUFGCTRL_I0_O)
                                                      0.091    24.021 f  OSDZU3x_BYOTEE_i/mdm_1/U0/Use_JTAG_BSCAN.BUFG_JTAG_TCK/Using_FPGA.Native/O
    X0Y1 (CLOCK_ROOT)    net (fo=33, routed)          1.991    26.012    OSDZU3x_BYOTEE_i/mdm_1/U0/MDM_Core_I1/JTAG_CONTROL_I/Use_JTAG_BSCAN.tck_int
    SLICE_X12Y82         FDRE                                         r  OSDZU3x_BYOTEE_i/mdm_1/U0/MDM_Core_I1/JTAG_CONTROL_I/Test_Access_Port.shift_dtm_reg/C  (IS_INVERTED)
  -------------------------------------------------------------------    -------------------
    SLICE_X12Y82         FDRE (Prop_EFF_SLICEL_C_Q)
                                                      0.096    26.108 r  OSDZU3x_BYOTEE_i/mdm_1/U0/MDM_Core_I1/JTAG_CONTROL_I/Test_Access_Port.shift_dtm_reg/Q
                         net (fo=19, routed)          0.322    26.429    OSDZU3x_BYOTEE_i/mdm_1/U0/MDM_Core_I1/JTAG_CONTROL_I/Test_Access_Port.shift_dtm_reg_0
    SLICE_X10Y77         LUT4 (Prop_D6LUT_SLICEL_I2_O)
                                                      0.147    26.576 f  OSDZU3x_BYOTEE_i/mdm_1/U0/MDM_Core_I1/JTAG_CONTROL_I/Dbg_Reg_En_0[2]_INST_0/O
                         net (fo=4, routed)           0.580    27.156    <hidden>
    SLICE_X11Y48         LUT4 (Prop_D5LUT_SLICEL_I0_O)
                                                      0.136    27.292 r  <hidden>
                         net (fo=2, routed)           0.202    27.495    <hidden>
    SLICE_X11Y48         LUT5 (Prop_C5LUT_SLICEL_I0_O)
                                                      0.135    27.630 r  <hidden>
                         net (fo=2, routed)           0.203    27.832    <hidden>
    SLICE_X11Y44         LUT6 (Prop_F6LUT_SLICEL_I0_O)
                                                      0.062    27.894 r  <hidden>
                         net (fo=1, routed)           0.256    28.150    <hidden>
    SLICE_X11Y47         LUT6 (Prop_G6LUT_SLICEL_I4_O)
                                                      0.178    28.328 r  <hidden>
                         net (fo=4, routed)           0.692    29.021    OSDZU3x_BYOTEE_i/mdm_1/U0/MDM_Core_I1/JTAG_CONTROL_I/Dbg_TDO_0
    SLICE_X12Y79         LUT6 (Prop_H6LUT_SLICEL_I4_O)
                                                      0.149    29.170 f  OSDZU3x_BYOTEE_i/mdm_1/U0/MDM_Core_I1/JTAG_CONTROL_I/dmistat[1]_i_14/O
                         net (fo=1, routed)           0.048    29.218    OSDZU3x_BYOTEE_i/mdm_1/U0/MDM_Core_I1/JTAG_CONTROL_I/dmistat[1]_i_14_n_0
    SLICE_X12Y79         LUT4 (Prop_E6LUT_SLICEL_I2_O)
                                                      0.100    29.318 f  OSDZU3x_BYOTEE_i/mdm_1/U0/MDM_Core_I1/JTAG_CONTROL_I/dmistat[1]_i_7/O
                         net (fo=2, routed)           0.363    29.681    OSDZU3x_BYOTEE_i/mdm_1/U0/MDM_Core_I1/JTAG_CONTROL_I/dmistat[1]_i_7_n_0
    SLICE_X12Y80         LUT6 (Prop_H6LUT_SLICEL_I1_O)
                                                      0.100    29.781 r  OSDZU3x_BYOTEE_i/mdm_1/U0/MDM_Core_I1/JTAG_CONTROL_I/TDO_i_1/O
                         net (fo=1, routed)           0.060    29.841    OSDZU3x_BYOTEE_i/mdm_1/U0/MDM_Core_I1/JTAG_CONTROL_I/TDO_dtm
    SLICE_X12Y80         FDRE                                         r  OSDZU3x_BYOTEE_i/mdm_1/U0/MDM_Core_I1/JTAG_CONTROL_I/TDO_reg/D
  -------------------------------------------------------------------    -------------------

                         (clock OSDZU3x_BYOTEE_i/mdm_1/U0/Use_E2.BSCAN_I/Use_E2.BSCANE2_I/TCK rise edge)
                                                     33.333    33.333 r  
    CONFIG_SITE_X0Y0     BSCANE2                      0.000    33.333 r  OSDZU3x_BYOTEE_i/mdm_1/U0/Use_E2.BSCAN_I/Use_E2.BSCANE2_I/INTERNAL_TCK
    CONFIG_SITE_X0Y0     BSCANE2 (Prop_BSCAN2_CONFIG_SITE_INTERNAL_TCK_TCK)
                                                      0.465    33.798 r  OSDZU3x_BYOTEE_i/mdm_1/U0/Use_E2.BSCAN_I/Use_E2.BSCANE2_I/TCK
                         net (fo=2, routed)           0.879    34.677    OSDZU3x_BYOTEE_i/mdm_1/U0/Use_JTAG_BSCAN.BUFG_JTAG_TCK/lopt
    BUFGCTRL_X0Y16       BUFGCTRL (Prop_BUFGCTRL_I0_O)
                                                      0.078    34.755 r  OSDZU3x_BYOTEE_i/mdm_1/U0/Use_JTAG_BSCAN.BUFG_JTAG_TCK/Using_FPGA.Native/O
    X0Y1 (CLOCK_ROOT)    net (fo=33, routed)          1.760    36.515    OSDZU3x_BYOTEE_i/mdm_1/U0/MDM_Core_I1/JTAG_CONTROL_I/Use_JTAG_BSCAN.tck_int
    SLICE_X12Y80         FDRE                                         r  OSDZU3x_BYOTEE_i/mdm_1/U0/MDM_Core_I1/JTAG_CONTROL_I/TDO_reg/C
                         clock pessimism              6.134    42.648    
                         clock uncertainty           -0.235    42.413    
    SLICE_X12Y80         FDRE (Setup_HFF_SLICEL_C_D)
                                                      0.027    42.440    OSDZU3x_BYOTEE_i/mdm_1/U0/MDM_Core_I1/JTAG_CONTROL_I/TDO_reg
  -------------------------------------------------------------------
                         required time                         42.440    
                         arrival time                         -29.841    
  -------------------------------------------------------------------
                         slack                                 12.599    

Slack (MET) :             12.761ns  (required time - arrival time)
  Source:                 OSDZU3x_BYOTEE_i/mdm_1/U0/MDM_Core_I1/JTAG_CONTROL_I/Test_Access_Port.shift_dtm_reg/C
                            (falling edge-triggered cell FDRE clocked by OSDZU3x_BYOTEE_i/mdm_1/U0/Use_E2.BSCAN_I/Use_E2.BSCANE2_I/TCK  {rise@0.000ns fall@16.667ns period=33.333ns})
  Destination:            OSDZU3x_BYOTEE_i/mdm_1/U0/MDM_Core_I1/JTAG_CONTROL_I/dmistat_reg[1]/D
                            (rising edge-triggered cell FDRE clocked by OSDZU3x_BYOTEE_i/mdm_1/U0/Use_E2.BSCAN_I/Use_E2.BSCANE2_I/TCK  {rise@0.000ns fall@16.667ns period=33.333ns})
  Path Group:             OSDZU3x_BYOTEE_i/mdm_1/U0/Use_E2.BSCAN_I/Use_E2.BSCANE2_I/TCK
  Path Type:              Setup (Max at Slow Process Corner)
  Requirement:            16.667ns  (OSDZU3x_BYOTEE_i/mdm_1/U0/Use_E2.BSCAN_I/Use_E2.BSCANE2_I/TCK rise@33.333ns - OSDZU3x_BYOTEE_i/mdm_1/U0/Use_E2.BSCAN_I/Use_E2.BSCANE2_I/TCK fall@16.667ns)
  Data Path Delay:        3.915ns  (logic 1.177ns (30.063%)  route 2.738ns (69.937%))
  Logic Levels:           8  (LUT4=3 LUT5=1 LUT6=4)
  Clock Path Skew:        0.218ns (DCD - SCD + CPR)
    Destination Clock Delay (DCD):    3.629ns = ( 36.962 - 33.333 ) 
    Source Clock Delay      (SCD):    9.345ns = ( 26.012 - 16.667 ) 
    Clock Pessimism Removal (CPR):    5.935ns
  Clock Uncertainty:      0.235ns  ((TSJ^2 + TIJ^2)^1/2 + DJ) / 2 + PE + DCD
    Total System Jitter     (TSJ):    0.071ns
    Total Input Jitter      (TIJ):    0.000ns
    Discrete Jitter          (DJ):    0.000ns
    Phase Error              (PE):    0.000ns
    Duty Cycle Distortion   (DCD):    0.200ns
  Clock Net Delay (Source):      1.991ns (routing 1.046ns, distribution 0.945ns)
  Clock Net Delay (Destination): 2.053ns (routing 1.107ns, distribution 0.946ns)

    Location             Delay type                Incr(ns)  Path(ns)    Netlist Resource(s)
  -------------------------------------------------------------------    -------------------
                         (clock OSDZU3x_BYOTEE_i/mdm_1/U0/Use_E2.BSCAN_I/Use_E2.BSCANE2_I/TCK fall edge)
                                                     16.667    16.667 f  
    CONFIG_SITE_X0Y0     BSCANE2                      0.000    16.667 f  OSDZU3x_BYOTEE_i/mdm_1/U0/Use_E2.BSCAN_I/Use_E2.BSCANE2_I/INTERNAL_TCK
    CONFIG_SITE_X0Y0     BSCANE2 (Prop_BSCAN2_CONFIG_SITE_INTERNAL_TCK_TCK)
                                                      5.900    22.566 f  OSDZU3x_BYOTEE_i/mdm_1/U0/Use_E2.BSCAN_I/Use_E2.BSCANE2_I/TCK
                         net (fo=2, routed)           1.363    23.930    OSDZU3x_BYOTEE_i/mdm_1/U0/Use_JTAG_BSCAN.BUFG_JTAG_TCK/lopt
    BUFGCTRL_X0Y16       BUFGCTRL (Prop_BUFGCTRL_I0_O)
                                                      0.091    24.021 f  OSDZU3x_BYOTEE_i/mdm_1/U0/Use_JTAG_BSCAN.BUFG_JTAG_TCK/Using_FPGA.Native/O
    X0Y1 (CLOCK_ROOT)    net (fo=33, routed)          1.991    26.012    OSDZU3x_BYOTEE_i/mdm_1/U0/MDM_Core_I1/JTAG_CONTROL_I/Use_JTAG_BSCAN.tck_int
    SLICE_X12Y82         FDRE                                         r  OSDZU3x_BYOTEE_i/mdm_1/U0/MDM_Core_I1/JTAG_CONTROL_I/Test_Access_Port.shift_dtm_reg/C  (IS_INVERTED)
  -------------------------------------------------------------------    -------------------
    SLICE_X12Y82         FDRE (Prop_EFF_SLICEL_C_Q)
                                                      0.096    26.108 r  OSDZU3x_BYOTEE_i/mdm_1/U0/MDM_Core_I1/JTAG_CONTROL_I/Test_Access_Port.shift_dtm_reg/Q
                         net (fo=19, routed)          0.322    26.429    OSDZU3x_BYOTEE_i/mdm_1/U0/MDM_Core_I1/JTAG_CONTROL_I/Test_Access_Port.shift_dtm_reg_0
    SLICE_X10Y77         LUT4 (Prop_D6LUT_SLICEL_I2_O)
                                                      0.147    26.576 f  OSDZU3x_BYOTEE_i/mdm_1/U0/MDM_Core_I1/JTAG_CONTROL_I/Dbg_Reg_En_0[2]_INST_0/O
                         net (fo=4, routed)           0.580    27.156    <hidden>
    SLICE_X11Y48         LUT4 (Prop_D5LUT_SLICEL_I0_O)
                                                      0.136    27.292 r  <hidden>
                         net (fo=2, routed)           0.202    27.495    <hidden>
    SLICE_X11Y48         LUT5 (Prop_C5LUT_SLICEL_I0_O)
                                                      0.135    27.630 r  <hidden>
                         net (fo=2, routed)           0.203    27.832    <hidden>
    SLICE_X11Y44         LUT6 (Prop_F6LUT_SLICEL_I0_O)
                                                      0.062    27.894 r  <hidden>
                         net (fo=1, routed)           0.256    28.150    <hidden>
    SLICE_X11Y47         LUT6 (Prop_G6LUT_SLICEL_I4_O)
                                                      0.178    28.328 r  <hidden>
                         net (fo=4, routed)           0.692    29.021    OSDZU3x_BYOTEE_i/mdm_1/U0/MDM_Core_I1/JTAG_CONTROL_I/Dbg_TDO_0
    SLICE_X12Y79         LUT6 (Prop_H6LUT_SLICEL_I4_O)
                                                      0.149    29.170 f  OSDZU3x_BYOTEE_i/mdm_1/U0/MDM_Core_I1/JTAG_CONTROL_I/dmistat[1]_i_14/O
                         net (fo=1, routed)           0.048    29.218    OSDZU3x_BYOTEE_i/mdm_1/U0/MDM_Core_I1/JTAG_CONTROL_I/dmistat[1]_i_14_n_0
    SLICE_X12Y79         LUT4 (Prop_E6LUT_SLICEL_I2_O)
                                                      0.100    29.318 f  OSDZU3x_BYOTEE_i/mdm_1/U0/MDM_Core_I1/JTAG_CONTROL_I/dmistat[1]_i_7/O
                         net (fo=2, routed)           0.377    29.695    OSDZU3x_BYOTEE_i/mdm_1/U0/MDM_Core_I1/JTAG_CONTROL_I/dmistat[1]_i_7_n_0
    SLICE_X12Y80         LUT6 (Prop_D6LUT_SLICEL_I3_O)
                                                      0.174    29.869 r  OSDZU3x_BYOTEE_i/mdm_1/U0/MDM_Core_I1/JTAG_CONTROL_I/dmistat[1]_i_2/O
                         net (fo=1, routed)           0.058    29.927    OSDZU3x_BYOTEE_i/mdm_1/U0/MDM_Core_I1/JTAG_CONTROL_I/dmistat[1]_i_2_n_0
    SLICE_X12Y80         FDRE                                         r  OSDZU3x_BYOTEE_i/mdm_1/U0/MDM_Core_I1/JTAG_CONTROL_I/dmistat_reg[1]/D
  -------------------------------------------------------------------    -------------------

                         (clock OSDZU3x_BYOTEE_i/mdm_1/U0/Use_E2.BSCAN_I/Use_E2.BSCANE2_I/TCK rise edge)
                                                     33.333    33.333 r  
    CONFIG_SITE_X0Y0     BSCANE2                      0.000    33.333 r  OSDZU3x_BYOTEE_i/mdm_1/U0/Use_E2.BSCAN_I/Use_E2.BSCANE2_I/INTERNAL_TCK
    CONFIG_SITE_X0Y0     BSCANE2 (Prop_BSCAN2_CONFIG_SITE_INTERNAL_TCK_TCK)
                                                      0.465    33.798 r  OSDZU3x_BYOTEE_i/mdm_1/U0/Use_E2.BSCAN_I/Use_E2.BSCANE2_I/TCK
                         net (fo=2, routed)           0.879    34.677    OSDZU3x_BYOTEE_i/mdm_1/U0/Use_JTAG_BSCAN.BUFG_JTAG_TCK/lopt
    BUFGCTRL_X0Y16       BUFGCTRL (Prop_BUFGCTRL_I0_O)
                                                      0.078    34.755 r  OSDZU3x_BYOTEE_i/mdm_1/U0/Use_JTAG_BSCAN.BUFG_JTAG_TCK/Using_FPGA.Native/O
                         net (fo=33, routed)          0.076    34.831    OSDZU3x_BYOTEE_i/mdm_1/U0/MDM_Core_I1/JTAG_CONTROL_I/Test_Access_Port.BUFG_DRCK/Use_JTAG_BSCAN.tck_int
    BUFGCTRL_X0Y23       BUFGCTRL (Prop_BUFGCTRL_I0_O)
                                                      0.078    34.909 r  OSDZU3x_BYOTEE_i/mdm_1/U0/MDM_Core_I1/JTAG_CONTROL_I/Test_Access_Port.BUFG_DRCK/Using_FPGA.Native/O
    X0Y1 (CLOCK_ROOT)    net (fo=347, routed)         2.053    36.962    OSDZU3x_BYOTEE_i/mdm_1/U0/MDM_Core_I1/JTAG_CONTROL_I/Using_FPGA.Native
    SLICE_X12Y80         FDRE                                         r  OSDZU3x_BYOTEE_i/mdm_1/U0/MDM_Core_I1/JTAG_CONTROL_I/dmistat_reg[1]/C
                         clock pessimism              5.935    42.896    
                         clock uncertainty           -0.235    42.661    
    SLICE_X12Y80         FDRE (Setup_DFF_SLICEL_C_D)
                                                      0.027    42.688    OSDZU3x_BYOTEE_i/mdm_1/U0/MDM_Core_I1/JTAG_CONTROL_I/dmistat_reg[1]
  -------------------------------------------------------------------
                         required time                         42.688    
                         arrival time                         -29.927    
  -------------------------------------------------------------------
                         slack                                 12.761    

Slack (MET) :             13.790ns  (required time - arrival time)
  Source:                 OSDZU3x_BYOTEE_i/mdm_1/U0/MDM_Core_I1/JTAG_CONTROL_I/Test_Access_Port.shift_dtm_reg/C
                            (falling edge-triggered cell FDRE clocked by OSDZU3x_BYOTEE_i/mdm_1/U0/Use_E2.BSCAN_I/Use_E2.BSCANE2_I/TCK  {rise@0.000ns fall@16.667ns period=33.333ns})
  Destination:            OSDZU3x_BYOTEE_i/mdm_1/U0/MDM_Core_I1/JTAG_CONTROL_I/haltsum0_reg[0]/D
                            (rising edge-triggered cell FDRE clocked by OSDZU3x_BYOTEE_i/mdm_1/U0/Use_E2.BSCAN_I/Use_E2.BSCANE2_I/TCK  {rise@0.000ns fall@16.667ns period=33.333ns})
  Path Group:             OSDZU3x_BYOTEE_i/mdm_1/U0/Use_E2.BSCAN_I/Use_E2.BSCANE2_I/TCK
  Path Type:              Setup (Max at Slow Process Corner)
  Requirement:            16.667ns  (OSDZU3x_BYOTEE_i/mdm_1/U0/Use_E2.BSCAN_I/Use_E2.BSCANE2_I/TCK rise@33.333ns - OSDZU3x_BYOTEE_i/mdm_1/U0/Use_E2.BSCAN_I/Use_E2.BSCANE2_I/TCK fall@16.667ns)
  Data Path Delay:        2.883ns  (logic 0.868ns (30.107%)  route 2.015ns (69.893%))
  Logic Levels:           6  (LUT3=1 LUT4=2 LUT5=1 LUT6=2)
  Clock Path Skew:        0.215ns (DCD - SCD + CPR)
    Destination Clock Delay (DCD):    3.626ns = ( 36.959 - 33.333 ) 
    Source Clock Delay      (SCD):    9.345ns = ( 26.012 - 16.667 ) 
    Clock Pessimism Removal (CPR):    5.935ns
  Clock Uncertainty:      0.235ns  ((TSJ^2 + TIJ^2)^1/2 + DJ) / 2 + PE + DCD
    Total System Jitter     (TSJ):    0.071ns
    Total Input Jitter      (TIJ):    0.000ns
    Discrete Jitter          (DJ):    0.000ns
    Phase Error              (PE):    0.000ns
    Duty Cycle Distortion   (DCD):    0.200ns
  Clock Net Delay (Source):      1.991ns (routing 1.046ns, distribution 0.945ns)
  Clock Net Delay (Destination): 2.050ns (routing 1.107ns, distribution 0.943ns)

    Location             Delay type                Incr(ns)  Path(ns)    Netlist Resource(s)
  -------------------------------------------------------------------    -------------------
                         (clock OSDZU3x_BYOTEE_i/mdm_1/U0/Use_E2.BSCAN_I/Use_E2.BSCANE2_I/TCK fall edge)
                                                     16.667    16.667 f  
    CONFIG_SITE_X0Y0     BSCANE2                      0.000    16.667 f  OSDZU3x_BYOTEE_i/mdm_1/U0/Use_E2.BSCAN_I/Use_E2.BSCANE2_I/INTERNAL_TCK
    CONFIG_SITE_X0Y0     BSCANE2 (Prop_BSCAN2_CONFIG_SITE_INTERNAL_TCK_TCK)
                                                      5.900    22.566 f  OSDZU3x_BYOTEE_i/mdm_1/U0/Use_E2.BSCAN_I/Use_E2.BSCANE2_I/TCK
                         net (fo=2, routed)           1.363    23.930    OSDZU3x_BYOTEE_i/mdm_1/U0/Use_JTAG_BSCAN.BUFG_JTAG_TCK/lopt
    BUFGCTRL_X0Y16       BUFGCTRL (Prop_BUFGCTRL_I0_O)
                                                      0.091    24.021 f  OSDZU3x_BYOTEE_i/mdm_1/U0/Use_JTAG_BSCAN.BUFG_JTAG_TCK/Using_FPGA.Native/O
    X0Y1 (CLOCK_ROOT)    net (fo=33, routed)          1.991    26.012    OSDZU3x_BYOTEE_i/mdm_1/U0/MDM_Core_I1/JTAG_CONTROL_I/Use_JTAG_BSCAN.tck_int
    SLICE_X12Y82         FDRE                                         r  OSDZU3x_BYOTEE_i/mdm_1/U0/MDM_Core_I1/JTAG_CONTROL_I/Test_Access_Port.shift_dtm_reg/C  (IS_INVERTED)
  -------------------------------------------------------------------    -------------------
    SLICE_X12Y82         FDRE (Prop_EFF_SLICEL_C_Q)
                                                      0.096    26.108 r  OSDZU3x_BYOTEE_i/mdm_1/U0/MDM_Core_I1/JTAG_CONTROL_I/Test_Access_Port.shift_dtm_reg/Q
                         net (fo=19, routed)          0.322    26.429    OSDZU3x_BYOTEE_i/mdm_1/U0/MDM_Core_I1/JTAG_CONTROL_I/Test_Access_Port.shift_dtm_reg_0
    SLICE_X10Y77         LUT4 (Prop_D6LUT_SLICEL_I2_O)
                                                      0.147    26.576 f  OSDZU3x_BYOTEE_i/mdm_1/U0/MDM_Core_I1/JTAG_CONTROL_I/Dbg_Reg_En_0[2]_INST_0/O
                         net (fo=4, routed)           0.580    27.156    <hidden>
    SLICE_X11Y48         LUT4 (Prop_D5LUT_SLICEL_I0_O)
                                                      0.136    27.292 r  <hidden>
                         net (fo=2, routed)           0.202    27.495    <hidden>
    SLICE_X11Y48         LUT5 (Prop_C5LUT_SLICEL_I0_O)
                                                      0.135    27.630 r  <hidden>
                         net (fo=2, routed)           0.203    27.832    <hidden>
    SLICE_X11Y44         LUT6 (Prop_F6LUT_SLICEL_I0_O)
                                                      0.062    27.894 r  <hidden>
                         net (fo=1, routed)           0.256    28.150    <hidden>
    SLICE_X11Y47         LUT6 (Prop_G6LUT_SLICEL_I4_O)
                                                      0.178    28.328 r  <hidden>
                         net (fo=4, routed)           0.396    28.724    OSDZU3x_BYOTEE_i/mdm_1/U0/MDM_Core_I1/JTAG_CONTROL_I/Dbg_TDO_0
    SLICE_X11Y77         LUT3 (Prop_G6LUT_SLICEL_I0_O)
                                                      0.114    28.838 r  OSDZU3x_BYOTEE_i/mdm_1/U0/MDM_Core_I1/JTAG_CONTROL_I/haltsum0[0]_i_1/O
                         net (fo=1, routed)           0.057    28.895    OSDZU3x_BYOTEE_i/mdm_1/U0/MDM_Core_I1/JTAG_CONTROL_I/haltsum0[0]_i_1_n_0
    SLICE_X11Y77         FDRE                                         r  OSDZU3x_BYOTEE_i/mdm_1/U0/MDM_Core_I1/JTAG_CONTROL_I/haltsum0_reg[0]/D
  -------------------------------------------------------------------    -------------------

                         (clock OSDZU3x_BYOTEE_i/mdm_1/U0/Use_E2.BSCAN_I/Use_E2.BSCANE2_I/TCK rise edge)
                                                     33.333    33.333 r  
    CONFIG_SITE_X0Y0     BSCANE2                      0.000    33.333 r  OSDZU3x_BYOTEE_i/mdm_1/U0/Use_E2.BSCAN_I/Use_E2.BSCANE2_I/INTERNAL_TCK
    CONFIG_SITE_X0Y0     BSCANE2 (Prop_BSCAN2_CONFIG_SITE_INTERNAL_TCK_TCK)
                                                      0.465    33.798 r  OSDZU3x_BYOTEE_i/mdm_1/U0/Use_E2.BSCAN_I/Use_E2.BSCANE2_I/TCK
                         net (fo=2, routed)           0.879    34.677    OSDZU3x_BYOTEE_i/mdm_1/U0/Use_JTAG_BSCAN.BUFG_JTAG_TCK/lopt
    BUFGCTRL_X0Y16       BUFGCTRL (Prop_BUFGCTRL_I0_O)
                                                      0.078    34.755 r  OSDZU3x_BYOTEE_i/mdm_1/U0/Use_JTAG_BSCAN.BUFG_JTAG_TCK/Using_FPGA.Native/O
                         net (fo=33, routed)          0.076    34.831    OSDZU3x_BYOTEE_i/mdm_1/U0/MDM_Core_I1/JTAG_CONTROL_I/Test_Access_Port.BUFG_DRCK/Use_JTAG_BSCAN.tck_int
    BUFGCTRL_X0Y23       BUFGCTRL (Prop_BUFGCTRL_I0_O)
                                                      0.078    34.909 r  OSDZU3x_BYOTEE_i/mdm_1/U0/MDM_Core_I1/JTAG_CONTROL_I/Test_Access_Port.BUFG_DRCK/Using_FPGA.Native/O
    X0Y1 (CLOCK_ROOT)    net (fo=347, routed)         2.050    36.959    OSDZU3x_BYOTEE_i/mdm_1/U0/MDM_Core_I1/JTAG_CONTROL_I/Using_FPGA.Native
    SLICE_X11Y77         FDRE                                         r  OSDZU3x_BYOTEE_i/mdm_1/U0/MDM_Core_I1/JTAG_CONTROL_I/haltsum0_reg[0]/C
                         clock pessimism              5.935    42.893    
                         clock uncertainty           -0.235    42.658    
    SLICE_X11Y77         FDRE (Setup_GFF_SLICEL_C_D)
                                                      0.027    42.685    OSDZU3x_BYOTEE_i/mdm_1/U0/MDM_Core_I1/JTAG_CONTROL_I/haltsum0_reg[0]
  -------------------------------------------------------------------
                         required time                         42.685    
                         arrival time                         -28.895    
  -------------------------------------------------------------------
                         slack                                 13.790    

Slack (MET) :             14.259ns  (required time - arrival time)
  Source:                 OSDZU3x_BYOTEE_i/mdm_1/U0/MDM_Core_I1/JTAG_CONTROL_I/Test_Access_Port.capture_dtm_reg/C
                            (falling edge-triggered cell FDRE clocked by OSDZU3x_BYOTEE_i/mdm_1/U0/Use_E2.BSCAN_I/Use_E2.BSCANE2_I/TCK  {rise@0.000ns fall@16.667ns period=33.333ns})
  Destination:            OSDZU3x_BYOTEE_i/mdm_1/U0/MDM_Core_I1/JTAG_CONTROL_I/Use_Dbg_Mem_Access.sbaddress0_read_reg[12]/CE
                            (rising edge-triggered cell FDRE clocked by OSDZU3x_BYOTEE_i/mdm_1/U0/Use_E2.BSCAN_I/Use_E2.BSCANE2_I/TCK  {rise@0.000ns fall@16.667ns period=33.333ns})
  Path Group:             OSDZU3x_BYOTEE_i/mdm_1/U0/Use_E2.BSCAN_I/Use_E2.BSCANE2_I/TCK
  Path Type:              Setup (Max at Slow Process Corner)
  Requirement:            16.667ns  (OSDZU3x_BYOTEE_i/mdm_1/U0/Use_E2.BSCAN_I/Use_E2.BSCANE2_I/TCK rise@33.333ns - OSDZU3x_BYOTEE_i/mdm_1/U0/Use_E2.BSCAN_I/Use_E2.BSCANE2_I/TCK fall@16.667ns)
  Data Path Delay:        2.342ns  (logic 0.231ns (9.863%)  route 2.111ns (90.137%))
  Logic Levels:           1  (LUT3=1)
  Clock Path Skew:        0.212ns (DCD - SCD + CPR)
    Destination Clock Delay (DCD):    3.624ns = ( 36.957 - 33.333 ) 
    Source Clock Delay      (SCD):    9.346ns = ( 26.013 - 16.667 ) 
    Clock Pessimism Removal (CPR):    5.935ns
  Clock Uncertainty:      0.235ns  ((TSJ^2 + TIJ^2)^1/2 + DJ) / 2 + PE + DCD
    Total System Jitter     (TSJ):    0.071ns
    Total Input Jitter      (TIJ):    0.000ns
    Discrete Jitter          (DJ):    0.000ns
    Phase Error              (PE):    0.000ns
    Duty Cycle Distortion   (DCD):    0.200ns
  Clock Net Delay (Source):      1.992ns (routing 1.046ns, distribution 0.946ns)
  Clock Net Delay (Destination): 2.048ns (routing 1.107ns, distribution 0.941ns)

    Location             Delay type                Incr(ns)  Path(ns)    Netlist Resource(s)
  -------------------------------------------------------------------    -------------------
                         (clock OSDZU3x_BYOTEE_i/mdm_1/U0/Use_E2.BSCAN_I/Use_E2.BSCANE2_I/TCK fall edge)
                                                     16.667    16.667 f  
    CONFIG_SITE_X0Y0     BSCANE2                      0.000    16.667 f  OSDZU3x_BYOTEE_i/mdm_1/U0/Use_E2.BSCAN_I/Use_E2.BSCANE2_I/INTERNAL_TCK
    CONFIG_SITE_X0Y0     BSCANE2 (Prop_BSCAN2_CONFIG_SITE_INTERNAL_TCK_TCK)
                                                      5.900    22.566 f  OSDZU3x_BYOTEE_i/mdm_1/U0/Use_E2.BSCAN_I/Use_E2.BSCANE2_I/TCK
                         net (fo=2, routed)           1.363    23.930    OSDZU3x_BYOTEE_i/mdm_1/U0/Use_JTAG_BSCAN.BUFG_JTAG_TCK/lopt
    BUFGCTRL_X0Y16       BUFGCTRL (Prop_BUFGCTRL_I0_O)
                                                      0.091    24.021 f  OSDZU3x_BYOTEE_i/mdm_1/U0/Use_JTAG_BSCAN.BUFG_JTAG_TCK/Using_FPGA.Native/O
    X0Y1 (CLOCK_ROOT)    net (fo=33, routed)          1.992    26.013    OSDZU3x_BYOTEE_i/mdm_1/U0/MDM_Core_I1/JTAG_CONTROL_I/Use_JTAG_BSCAN.tck_int
    SLICE_X14Y79         FDRE                                         r  OSDZU3x_BYOTEE_i/mdm_1/U0/MDM_Core_I1/JTAG_CONTROL_I/Test_Access_Port.capture_dtm_reg/C  (IS_INVERTED)
  -------------------------------------------------------------------    -------------------
    SLICE_X14Y79         FDRE (Prop_EFF_SLICEM_C_Q)
                                                      0.093    26.106 r  OSDZU3x_BYOTEE_i/mdm_1/U0/MDM_Core_I1/JTAG_CONTROL_I/Test_Access_Port.capture_dtm_reg/Q
                         net (fo=90, routed)          0.696    26.802    OSDZU3x_BYOTEE_i/mdm_1/U0/MDM_Core_I1/JTAG_CONTROL_I/Test_Access_Port.capture_dtm_reg_0
    SLICE_X10Y78         LUT3 (Prop_A5LUT_SLICEL_I1_O)
                                                      0.138    26.940 r  OSDZU3x_BYOTEE_i/mdm_1/U0/MDM_Core_I1/JTAG_CONTROL_I/haltsum0_read[2]_i_1/O
                         net (fo=142, routed)         1.415    28.355    OSDZU3x_BYOTEE_i/mdm_1/U0/MDM_Core_I1/JTAG_CONTROL_I/dmcontrol_read_2
    SLICE_X6Y72          FDRE                                         r  OSDZU3x_BYOTEE_i/mdm_1/U0/MDM_Core_I1/JTAG_CONTROL_I/Use_Dbg_Mem_Access.sbaddress0_read_reg[12]/CE
  -------------------------------------------------------------------    -------------------

                         (clock OSDZU3x_BYOTEE_i/mdm_1/U0/Use_E2.BSCAN_I/Use_E2.BSCANE2_I/TCK rise edge)
                                                     33.333    33.333 r  
    CONFIG_SITE_X0Y0     BSCANE2                      0.000    33.333 r  OSDZU3x_BYOTEE_i/mdm_1/U0/Use_E2.BSCAN_I/Use_E2.BSCANE2_I/INTERNAL_TCK
    CONFIG_SITE_X0Y0     BSCANE2 (Prop_BSCAN2_CONFIG_SITE_INTERNAL_TCK_TCK)
                                                      0.465    33.798 r  OSDZU3x_BYOTEE_i/mdm_1/U0/Use_E2.BSCAN_I/Use_E2.BSCANE2_I/TCK
                         net (fo=2, routed)           0.879    34.677    OSDZU3x_BYOTEE_i/mdm_1/U0/Use_JTAG_BSCAN.BUFG_JTAG_TCK/lopt
    BUFGCTRL_X0Y16       BUFGCTRL (Prop_BUFGCTRL_I0_O)
                                                      0.078    34.755 r  OSDZU3x_BYOTEE_i/mdm_1/U0/Use_JTAG_BSCAN.BUFG_JTAG_TCK/Using_FPGA.Native/O
                         net (fo=33, routed)          0.076    34.831    OSDZU3x_BYOTEE_i/mdm_1/U0/MDM_Core_I1/JTAG_CONTROL_I/Test_Access_Port.BUFG_DRCK/Use_JTAG_BSCAN.tck_int
    BUFGCTRL_X0Y23       BUFGCTRL (Prop_BUFGCTRL_I0_O)
                                                      0.078    34.909 r  OSDZU3x_BYOTEE_i/mdm_1/U0/MDM_Core_I1/JTAG_CONTROL_I/Test_Access_Port.BUFG_DRCK/Using_FPGA.Native/O
    X0Y1 (CLOCK_ROOT)    net (fo=347, routed)         2.048    36.957    OSDZU3x_BYOTEE_i/mdm_1/U0/MDM_Core_I1/JTAG_CONTROL_I/Using_FPGA.Native
    SLICE_X6Y72          FDRE                                         r  OSDZU3x_BYOTEE_i/mdm_1/U0/MDM_Core_I1/JTAG_CONTROL_I/Use_Dbg_Mem_Access.sbaddress0_read_reg[12]/C
                         clock pessimism              5.935    42.891    
                         clock uncertainty           -0.235    42.656    
    SLICE_X6Y72          FDRE (Setup_CFF2_SLICEL_C_CE)
                                                     -0.042    42.614    OSDZU3x_BYOTEE_i/mdm_1/U0/MDM_Core_I1/JTAG_CONTROL_I/Use_Dbg_Mem_Access.sbaddress0_read_reg[12]
  -------------------------------------------------------------------
                         required time                         42.614    
                         arrival time                         -28.355    
  -------------------------------------------------------------------
                         slack                                 14.259    

Slack (MET) :             14.259ns  (required time - arrival time)
  Source:                 OSDZU3x_BYOTEE_i/mdm_1/U0/MDM_Core_I1/JTAG_CONTROL_I/Test_Access_Port.capture_dtm_reg/C
                            (falling edge-triggered cell FDRE clocked by OSDZU3x_BYOTEE_i/mdm_1/U0/Use_E2.BSCAN_I/Use_E2.BSCANE2_I/TCK  {rise@0.000ns fall@16.667ns period=33.333ns})
  Destination:            OSDZU3x_BYOTEE_i/mdm_1/U0/MDM_Core_I1/JTAG_CONTROL_I/Use_Dbg_Mem_Access.sbaddress0_read_reg[14]/CE
                            (rising edge-triggered cell FDRE clocked by OSDZU3x_BYOTEE_i/mdm_1/U0/Use_E2.BSCAN_I/Use_E2.BSCANE2_I/TCK  {rise@0.000ns fall@16.667ns period=33.333ns})
  Path Group:             OSDZU3x_BYOTEE_i/mdm_1/U0/Use_E2.BSCAN_I/Use_E2.BSCANE2_I/TCK
  Path Type:              Setup (Max at Slow Process Corner)
  Requirement:            16.667ns  (OSDZU3x_BYOTEE_i/mdm_1/U0/Use_E2.BSCAN_I/Use_E2.BSCANE2_I/TCK rise@33.333ns - OSDZU3x_BYOTEE_i/mdm_1/U0/Use_E2.BSCAN_I/Use_E2.BSCANE2_I/TCK fall@16.667ns)
  Data Path Delay:        2.342ns  (logic 0.231ns (9.863%)  route 2.111ns (90.137%))
  Logic Levels:           1  (LUT3=1)
  Clock Path Skew:        0.212ns (DCD - SCD + CPR)
    Destination Clock Delay (DCD):    3.624ns = ( 36.957 - 33.333 ) 
    Source Clock Delay      (SCD):    9.346ns = ( 26.013 - 16.667 ) 
    Clock Pessimism Removal (CPR):    5.935ns
  Clock Uncertainty:      0.235ns  ((TSJ^2 + TIJ^2)^1/2 + DJ) / 2 + PE + DCD
    Total System Jitter     (TSJ):    0.071ns
    Total Input Jitter      (TIJ):    0.000ns
    Discrete Jitter          (DJ):    0.000ns
    Phase Error              (PE):    0.000ns
    Duty Cycle Distortion   (DCD):    0.200ns
  Clock Net Delay (Source):      1.992ns (routing 1.046ns, distribution 0.946ns)
  Clock Net Delay (Destination): 2.048ns (routing 1.107ns, distribution 0.941ns)

    Location             Delay type                Incr(ns)  Path(ns)    Netlist Resource(s)
  -------------------------------------------------------------------    -------------------
                         (clock OSDZU3x_BYOTEE_i/mdm_1/U0/Use_E2.BSCAN_I/Use_E2.BSCANE2_I/TCK fall edge)
                                                     16.667    16.667 f  
    CONFIG_SITE_X0Y0     BSCANE2                      0.000    16.667 f  OSDZU3x_BYOTEE_i/mdm_1/U0/Use_E2.BSCAN_I/Use_E2.BSCANE2_I/INTERNAL_TCK
    CONFIG_SITE_X0Y0     BSCANE2 (Prop_BSCAN2_CONFIG_SITE_INTERNAL_TCK_TCK)
                                                      5.900    22.566 f  OSDZU3x_BYOTEE_i/mdm_1/U0/Use_E2.BSCAN_I/Use_E2.BSCANE2_I/TCK
                         net (fo=2, routed)           1.363    23.930    OSDZU3x_BYOTEE_i/mdm_1/U0/Use_JTAG_BSCAN.BUFG_JTAG_TCK/lopt
    BUFGCTRL_X0Y16       BUFGCTRL (Prop_BUFGCTRL_I0_O)
                                                      0.091    24.021 f  OSDZU3x_BYOTEE_i/mdm_1/U0/Use_JTAG_BSCAN.BUFG_JTAG_TCK/Using_FPGA.Native/O
    X0Y1 (CLOCK_ROOT)    net (fo=33, routed)          1.992    26.013    OSDZU3x_BYOTEE_i/mdm_1/U0/MDM_Core_I1/JTAG_CONTROL_I/Use_JTAG_BSCAN.tck_int
    SLICE_X14Y79         FDRE                                         r  OSDZU3x_BYOTEE_i/mdm_1/U0/MDM_Core_I1/JTAG_CONTROL_I/Test_Access_Port.capture_dtm_reg/C  (IS_INVERTED)
  -------------------------------------------------------------------    -------------------
    SLICE_X14Y79         FDRE (Prop_EFF_SLICEM_C_Q)
                                                      0.093    26.106 r  OSDZU3x_BYOTEE_i/mdm_1/U0/MDM_Core_I1/JTAG_CONTROL_I/Test_Access_Port.capture_dtm_reg/Q
                         net (fo=90, routed)          0.696    26.802    OSDZU3x_BYOTEE_i/mdm_1/U0/MDM_Core_I1/JTAG_CONTROL_I/Test_Access_Port.capture_dtm_reg_0
    SLICE_X10Y78         LUT3 (Prop_A5LUT_SLICEL_I1_O)
                                                      0.138    26.940 r  OSDZU3x_BYOTEE_i/mdm_1/U0/MDM_Core_I1/JTAG_CONTROL_I/haltsum0_read[2]_i_1/O
                         net (fo=142, routed)         1.415    28.355    OSDZU3x_BYOTEE_i/mdm_1/U0/MDM_Core_I1/JTAG_CONTROL_I/dmcontrol_read_2
    SLICE_X6Y72          FDRE                                         r  OSDZU3x_BYOTEE_i/mdm_1/U0/MDM_Core_I1/JTAG_CONTROL_I/Use_Dbg_Mem_Access.sbaddress0_read_reg[14]/CE
  -------------------------------------------------------------------    -------------------

                         (clock OSDZU3x_BYOTEE_i/mdm_1/U0/Use_E2.BSCAN_I/Use_E2.BSCANE2_I/TCK rise edge)
                                                     33.333    33.333 r  
    CONFIG_SITE_X0Y0     BSCANE2                      0.000    33.333 r  OSDZU3x_BYOTEE_i/mdm_1/U0/Use_E2.BSCAN_I/Use_E2.BSCANE2_I/INTERNAL_TCK
    CONFIG_SITE_X0Y0     BSCANE2 (Prop_BSCAN2_CONFIG_SITE_INTERNAL_TCK_TCK)
                                                      0.465    33.798 r  OSDZU3x_BYOTEE_i/mdm_1/U0/Use_E2.BSCAN_I/Use_E2.BSCANE2_I/TCK
                         net (fo=2, routed)           0.879    34.677    OSDZU3x_BYOTEE_i/mdm_1/U0/Use_JTAG_BSCAN.BUFG_JTAG_TCK/lopt
    BUFGCTRL_X0Y16       BUFGCTRL (Prop_BUFGCTRL_I0_O)
                                                      0.078    34.755 r  OSDZU3x_BYOTEE_i/mdm_1/U0/Use_JTAG_BSCAN.BUFG_JTAG_TCK/Using_FPGA.Native/O
                         net (fo=33, routed)          0.076    34.831    OSDZU3x_BYOTEE_i/mdm_1/U0/MDM_Core_I1/JTAG_CONTROL_I/Test_Access_Port.BUFG_DRCK/Use_JTAG_BSCAN.tck_int
    BUFGCTRL_X0Y23       BUFGCTRL (Prop_BUFGCTRL_I0_O)
                                                      0.078    34.909 r  OSDZU3x_BYOTEE_i/mdm_1/U0/MDM_Core_I1/JTAG_CONTROL_I/Test_Access_Port.BUFG_DRCK/Using_FPGA.Native/O
    X0Y1 (CLOCK_ROOT)    net (fo=347, routed)         2.048    36.957    OSDZU3x_BYOTEE_i/mdm_1/U0/MDM_Core_I1/JTAG_CONTROL_I/Using_FPGA.Native
    SLICE_X6Y72          FDRE                                         r  OSDZU3x_BYOTEE_i/mdm_1/U0/MDM_Core_I1/JTAG_CONTROL_I/Use_Dbg_Mem_Access.sbaddress0_read_reg[14]/C
                         clock pessimism              5.935    42.891    
                         clock uncertainty           -0.235    42.656    
    SLICE_X6Y72          FDRE (Setup_BFF2_SLICEL_C_CE)
                                                     -0.042    42.614    OSDZU3x_BYOTEE_i/mdm_1/U0/MDM_Core_I1/JTAG_CONTROL_I/Use_Dbg_Mem_Access.sbaddress0_read_reg[14]
  -------------------------------------------------------------------
                         required time                         42.614    
                         arrival time                         -28.355    
  -------------------------------------------------------------------
                         slack                                 14.259    

Slack (MET) :             14.259ns  (required time - arrival time)
  Source:                 OSDZU3x_BYOTEE_i/mdm_1/U0/MDM_Core_I1/JTAG_CONTROL_I/Test_Access_Port.capture_dtm_reg/C
                            (falling edge-triggered cell FDRE clocked by OSDZU3x_BYOTEE_i/mdm_1/U0/Use_E2.BSCAN_I/Use_E2.BSCANE2_I/TCK  {rise@0.000ns fall@16.667ns period=33.333ns})
  Destination:            OSDZU3x_BYOTEE_i/mdm_1/U0/MDM_Core_I1/JTAG_CONTROL_I/Use_Dbg_Mem_Access.sbaddress0_read_reg[9]/CE
                            (rising edge-triggered cell FDRE clocked by OSDZU3x_BYOTEE_i/mdm_1/U0/Use_E2.BSCAN_I/Use_E2.BSCANE2_I/TCK  {rise@0.000ns fall@16.667ns period=33.333ns})
  Path Group:             OSDZU3x_BYOTEE_i/mdm_1/U0/Use_E2.BSCAN_I/Use_E2.BSCANE2_I/TCK
  Path Type:              Setup (Max at Slow Process Corner)
  Requirement:            16.667ns  (OSDZU3x_BYOTEE_i/mdm_1/U0/Use_E2.BSCAN_I/Use_E2.BSCANE2_I/TCK rise@33.333ns - OSDZU3x_BYOTEE_i/mdm_1/U0/Use_E2.BSCAN_I/Use_E2.BSCANE2_I/TCK fall@16.667ns)
  Data Path Delay:        2.342ns  (logic 0.231ns (9.863%)  route 2.111ns (90.137%))
  Logic Levels:           1  (LUT3=1)
  Clock Path Skew:        0.212ns (DCD - SCD + CPR)
    Destination Clock Delay (DCD):    3.624ns = ( 36.957 - 33.333 ) 
    Source Clock Delay      (SCD):    9.346ns = ( 26.013 - 16.667 ) 
    Clock Pessimism Removal (CPR):    5.935ns
  Clock Uncertainty:      0.235ns  ((TSJ^2 + TIJ^2)^1/2 + DJ) / 2 + PE + DCD
    Total System Jitter     (TSJ):    0.071ns
    Total Input Jitter      (TIJ):    0.000ns
    Discrete Jitter          (DJ):    0.000ns
    Phase Error              (PE):    0.000ns
    Duty Cycle Distortion   (DCD):    0.200ns
  Clock Net Delay (Source):      1.992ns (routing 1.046ns, distribution 0.946ns)
  Clock Net Delay (Destination): 2.048ns (routing 1.107ns, distribution 0.941ns)

    Location             Delay type                Incr(ns)  Path(ns)    Netlist Resource(s)
  -------------------------------------------------------------------    -------------------
                         (clock OSDZU3x_BYOTEE_i/mdm_1/U0/Use_E2.BSCAN_I/Use_E2.BSCANE2_I/TCK fall edge)
                                                     16.667    16.667 f  
    CONFIG_SITE_X0Y0     BSCANE2                      0.000    16.667 f  OSDZU3x_BYOTEE_i/mdm_1/U0/Use_E2.BSCAN_I/Use_E2.BSCANE2_I/INTERNAL_TCK
    CONFIG_SITE_X0Y0     BSCANE2 (Prop_BSCAN2_CONFIG_SITE_INTERNAL_TCK_TCK)
                                                      5.900    22.566 f  OSDZU3x_BYOTEE_i/mdm_1/U0/Use_E2.BSCAN_I/Use_E2.BSCANE2_I/TCK
                         net (fo=2, routed)           1.363    23.930    OSDZU3x_BYOTEE_i/mdm_1/U0/Use_JTAG_BSCAN.BUFG_JTAG_TCK/lopt
    BUFGCTRL_X0Y16       BUFGCTRL (Prop_BUFGCTRL_I0_O)
                                                      0.091    24.021 f  OSDZU3x_BYOTEE_i/mdm_1/U0/Use_JTAG_BSCAN.BUFG_JTAG_TCK/Using_FPGA.Native/O
    X0Y1 (CLOCK_ROOT)    net (fo=33, routed)          1.992    26.013    OSDZU3x_BYOTEE_i/mdm_1/U0/MDM_Core_I1/JTAG_CONTROL_I/Use_JTAG_BSCAN.tck_int
    SLICE_X14Y79         FDRE                                         r  OSDZU3x_BYOTEE_i/mdm_1/U0/MDM_Core_I1/JTAG_CONTROL_I/Test_Access_Port.capture_dtm_reg/C  (IS_INVERTED)
  -------------------------------------------------------------------    -------------------
    SLICE_X14Y79         FDRE (Prop_EFF_SLICEM_C_Q)
                                                      0.093    26.106 r  OSDZU3x_BYOTEE_i/mdm_1/U0/MDM_Core_I1/JTAG_CONTROL_I/Test_Access_Port.capture_dtm_reg/Q
                         net (fo=90, routed)          0.696    26.802    OSDZU3x_BYOTEE_i/mdm_1/U0/MDM_Core_I1/JTAG_CONTROL_I/Test_Access_Port.capture_dtm_reg_0
    SLICE_X10Y78         LUT3 (Prop_A5LUT_SLICEL_I1_O)
                                                      0.138    26.940 r  OSDZU3x_BYOTEE_i/mdm_1/U0/MDM_Core_I1/JTAG_CONTROL_I/haltsum0_read[2]_i_1/O
                         net (fo=142, routed)         1.415    28.355    OSDZU3x_BYOTEE_i/mdm_1/U0/MDM_Core_I1/JTAG_CONTROL_I/dmcontrol_read_2
    SLICE_X6Y72          FDRE                                         r  OSDZU3x_BYOTEE_i/mdm_1/U0/MDM_Core_I1/JTAG_CONTROL_I/Use_Dbg_Mem_Access.sbaddress0_read_reg[9]/CE
  -------------------------------------------------------------------    -------------------

                         (clock OSDZU3x_BYOTEE_i/mdm_1/U0/Use_E2.BSCAN_I/Use_E2.BSCANE2_I/TCK rise edge)
                                                     33.333    33.333 r  
    CONFIG_SITE_X0Y0     BSCANE2                      0.000    33.333 r  OSDZU3x_BYOTEE_i/mdm_1/U0/Use_E2.BSCAN_I/Use_E2.BSCANE2_I/INTERNAL_TCK
    CONFIG_SITE_X0Y0     BSCANE2 (Prop_BSCAN2_CONFIG_SITE_INTERNAL_TCK_TCK)
                                                      0.465    33.798 r  OSDZU3x_BYOTEE_i/mdm_1/U0/Use_E2.BSCAN_I/Use_E2.BSCANE2_I/TCK
                         net (fo=2, routed)           0.879    34.677    OSDZU3x_BYOTEE_i/mdm_1/U0/Use_JTAG_BSCAN.BUFG_JTAG_TCK/lopt
    BUFGCTRL_X0Y16       BUFGCTRL (Prop_BUFGCTRL_I0_O)
                                                      0.078    34.755 r  OSDZU3x_BYOTEE_i/mdm_1/U0/Use_JTAG_BSCAN.BUFG_JTAG_TCK/Using_FPGA.Native/O
                         net (fo=33, routed)          0.076    34.831    OSDZU3x_BYOTEE_i/mdm_1/U0/MDM_Core_I1/JTAG_CONTROL_I/Test_Access_Port.BUFG_DRCK/Use_JTAG_BSCAN.tck_int
    BUFGCTRL_X0Y23       BUFGCTRL (Prop_BUFGCTRL_I0_O)
                                                      0.078    34.909 r  OSDZU3x_BYOTEE_i/mdm_1/U0/MDM_Core_I1/JTAG_CONTROL_I/Test_Access_Port.BUFG_DRCK/Using_FPGA.Native/O
    X0Y1 (CLOCK_ROOT)    net (fo=347, routed)         2.048    36.957    OSDZU3x_BYOTEE_i/mdm_1/U0/MDM_Core_I1/JTAG_CONTROL_I/Using_FPGA.Native
    SLICE_X6Y72          FDRE                                         r  OSDZU3x_BYOTEE_i/mdm_1/U0/MDM_Core_I1/JTAG_CONTROL_I/Use_Dbg_Mem_Access.sbaddress0_read_reg[9]/C
                         clock pessimism              5.935    42.891    
                         clock uncertainty           -0.235    42.656    
    SLICE_X6Y72          FDRE (Setup_DFF2_SLICEL_C_CE)
                                                     -0.042    42.614    OSDZU3x_BYOTEE_i/mdm_1/U0/MDM_Core_I1/JTAG_CONTROL_I/Use_Dbg_Mem_Access.sbaddress0_read_reg[9]
  -------------------------------------------------------------------
                         required time                         42.614    
                         arrival time                         -28.355    
  -------------------------------------------------------------------
                         slack                                 14.259    

Slack (MET) :             14.260ns  (required time - arrival time)
  Source:                 OSDZU3x_BYOTEE_i/mdm_1/U0/MDM_Core_I1/JTAG_CONTROL_I/Test_Access_Port.capture_dtm_reg/C
                            (falling edge-triggered cell FDRE clocked by OSDZU3x_BYOTEE_i/mdm_1/U0/Use_E2.BSCAN_I/Use_E2.BSCANE2_I/TCK  {rise@0.000ns fall@16.667ns period=33.333ns})
  Destination:            OSDZU3x_BYOTEE_i/mdm_1/U0/MDM_Core_I1/JTAG_CONTROL_I/Use_Dbg_Mem_Access.sbaddress0_read_reg[10]/CE
                            (rising edge-triggered cell FDRE clocked by OSDZU3x_BYOTEE_i/mdm_1/U0/Use_E2.BSCAN_I/Use_E2.BSCANE2_I/TCK  {rise@0.000ns fall@16.667ns period=33.333ns})
  Path Group:             OSDZU3x_BYOTEE_i/mdm_1/U0/Use_E2.BSCAN_I/Use_E2.BSCANE2_I/TCK
  Path Type:              Setup (Max at Slow Process Corner)
  Requirement:            16.667ns  (OSDZU3x_BYOTEE_i/mdm_1/U0/Use_E2.BSCAN_I/Use_E2.BSCANE2_I/TCK rise@33.333ns - OSDZU3x_BYOTEE_i/mdm_1/U0/Use_E2.BSCAN_I/Use_E2.BSCANE2_I/TCK fall@16.667ns)
  Data Path Delay:        2.341ns  (logic 0.231ns (9.867%)  route 2.110ns (90.133%))
  Logic Levels:           1  (LUT3=1)
  Clock Path Skew:        0.212ns (DCD - SCD + CPR)
    Destination Clock Delay (DCD):    3.624ns = ( 36.957 - 33.333 ) 
    Source Clock Delay      (SCD):    9.346ns = ( 26.013 - 16.667 ) 
    Clock Pessimism Removal (CPR):    5.935ns
  Clock Uncertainty:      0.235ns  ((TSJ^2 + TIJ^2)^1/2 + DJ) / 2 + PE + DCD
    Total System Jitter     (TSJ):    0.071ns
    Total Input Jitter      (TIJ):    0.000ns
    Discrete Jitter          (DJ):    0.000ns
    Phase Error              (PE):    0.000ns
    Duty Cycle Distortion   (DCD):    0.200ns
  Clock Net Delay (Source):      1.992ns (routing 1.046ns, distribution 0.946ns)
  Clock Net Delay (Destination): 2.048ns (routing 1.107ns, distribution 0.941ns)

    Location             Delay type                Incr(ns)  Path(ns)    Netlist Resource(s)
  -------------------------------------------------------------------    -------------------
                         (clock OSDZU3x_BYOTEE_i/mdm_1/U0/Use_E2.BSCAN_I/Use_E2.BSCANE2_I/TCK fall edge)
                                                     16.667    16.667 f  
    CONFIG_SITE_X0Y0     BSCANE2                      0.000    16.667 f  OSDZU3x_BYOTEE_i/mdm_1/U0/Use_E2.BSCAN_I/Use_E2.BSCANE2_I/INTERNAL_TCK
    CONFIG_SITE_X0Y0     BSCANE2 (Prop_BSCAN2_CONFIG_SITE_INTERNAL_TCK_TCK)
                                                      5.900    22.566 f  OSDZU3x_BYOTEE_i/mdm_1/U0/Use_E2.BSCAN_I/Use_E2.BSCANE2_I/TCK
                         net (fo=2, routed)           1.363    23.930    OSDZU3x_BYOTEE_i/mdm_1/U0/Use_JTAG_BSCAN.BUFG_JTAG_TCK/lopt
    BUFGCTRL_X0Y16       BUFGCTRL (Prop_BUFGCTRL_I0_O)
                                                      0.091    24.021 f  OSDZU3x_BYOTEE_i/mdm_1/U0/Use_JTAG_BSCAN.BUFG_JTAG_TCK/Using_FPGA.Native/O
    X0Y1 (CLOCK_ROOT)    net (fo=33, routed)          1.992    26.013    OSDZU3x_BYOTEE_i/mdm_1/U0/MDM_Core_I1/JTAG_CONTROL_I/Use_JTAG_BSCAN.tck_int
    SLICE_X14Y79         FDRE                                         r  OSDZU3x_BYOTEE_i/mdm_1/U0/MDM_Core_I1/JTAG_CONTROL_I/Test_Access_Port.capture_dtm_reg/C  (IS_INVERTED)
  -------------------------------------------------------------------    -------------------
    SLICE_X14Y79         FDRE (Prop_EFF_SLICEM_C_Q)
                                                      0.093    26.106 r  OSDZU3x_BYOTEE_i/mdm_1/U0/MDM_Core_I1/JTAG_CONTROL_I/Test_Access_Port.capture_dtm_reg/Q
                         net (fo=90, routed)          0.696    26.802    OSDZU3x_BYOTEE_i/mdm_1/U0/MDM_Core_I1/JTAG_CONTROL_I/Test_Access_Port.capture_dtm_reg_0
    SLICE_X10Y78         LUT3 (Prop_A5LUT_SLICEL_I1_O)
                                                      0.138    26.940 r  OSDZU3x_BYOTEE_i/mdm_1/U0/MDM_Core_I1/JTAG_CONTROL_I/haltsum0_read[2]_i_1/O
                         net (fo=142, routed)         1.414    28.354    OSDZU3x_BYOTEE_i/mdm_1/U0/MDM_Core_I1/JTAG_CONTROL_I/dmcontrol_read_2
    SLICE_X6Y72          FDRE                                         r  OSDZU3x_BYOTEE_i/mdm_1/U0/MDM_Core_I1/JTAG_CONTROL_I/Use_Dbg_Mem_Access.sbaddress0_read_reg[10]/CE
  -------------------------------------------------------------------    -------------------

                         (clock OSDZU3x_BYOTEE_i/mdm_1/U0/Use_E2.BSCAN_I/Use_E2.BSCANE2_I/TCK rise edge)
                                                     33.333    33.333 r  
    CONFIG_SITE_X0Y0     BSCANE2                      0.000    33.333 r  OSDZU3x_BYOTEE_i/mdm_1/U0/Use_E2.BSCAN_I/Use_E2.BSCANE2_I/INTERNAL_TCK
    CONFIG_SITE_X0Y0     BSCANE2 (Prop_BSCAN2_CONFIG_SITE_INTERNAL_TCK_TCK)
                                                      0.465    33.798 r  OSDZU3x_BYOTEE_i/mdm_1/U0/Use_E2.BSCAN_I/Use_E2.BSCANE2_I/TCK
                         net (fo=2, routed)           0.879    34.677    OSDZU3x_BYOTEE_i/mdm_1/U0/Use_JTAG_BSCAN.BUFG_JTAG_TCK/lopt
    BUFGCTRL_X0Y16       BUFGCTRL (Prop_BUFGCTRL_I0_O)
                                                      0.078    34.755 r  OSDZU3x_BYOTEE_i/mdm_1/U0/Use_JTAG_BSCAN.BUFG_JTAG_TCK/Using_FPGA.Native/O
                         net (fo=33, routed)          0.076    34.831    OSDZU3x_BYOTEE_i/mdm_1/U0/MDM_Core_I1/JTAG_CONTROL_I/Test_Access_Port.BUFG_DRCK/Use_JTAG_BSCAN.tck_int
    BUFGCTRL_X0Y23       BUFGCTRL (Prop_BUFGCTRL_I0_O)
                                                      0.078    34.909 r  OSDZU3x_BYOTEE_i/mdm_1/U0/MDM_Core_I1/JTAG_CONTROL_I/Test_Access_Port.BUFG_DRCK/Using_FPGA.Native/O
    X0Y1 (CLOCK_ROOT)    net (fo=347, routed)         2.048    36.957    OSDZU3x_BYOTEE_i/mdm_1/U0/MDM_Core_I1/JTAG_CONTROL_I/Using_FPGA.Native
    SLICE_X6Y72          FDRE                                         r  OSDZU3x_BYOTEE_i/mdm_1/U0/MDM_Core_I1/JTAG_CONTROL_I/Use_Dbg_Mem_Access.sbaddress0_read_reg[10]/C
                         clock pessimism              5.935    42.891    
                         clock uncertainty           -0.235    42.656    
    SLICE_X6Y72          FDRE (Setup_DFF_SLICEL_C_CE)
                                                     -0.042    42.614    OSDZU3x_BYOTEE_i/mdm_1/U0/MDM_Core_I1/JTAG_CONTROL_I/Use_Dbg_Mem_Access.sbaddress0_read_reg[10]
  -------------------------------------------------------------------
                         required time                         42.614    
                         arrival time                         -28.354    
  -------------------------------------------------------------------
                         slack                                 14.260    

Slack (MET) :             14.260ns  (required time - arrival time)
  Source:                 OSDZU3x_BYOTEE_i/mdm_1/U0/MDM_Core_I1/JTAG_CONTROL_I/Test_Access_Port.capture_dtm_reg/C
                            (falling edge-triggered cell FDRE clocked by OSDZU3x_BYOTEE_i/mdm_1/U0/Use_E2.BSCAN_I/Use_E2.BSCANE2_I/TCK  {rise@0.000ns fall@16.667ns period=33.333ns})
  Destination:            OSDZU3x_BYOTEE_i/mdm_1/U0/MDM_Core_I1/JTAG_CONTROL_I/Use_Dbg_Mem_Access.sbaddress0_read_reg[11]/CE
                            (rising edge-triggered cell FDRE clocked by OSDZU3x_BYOTEE_i/mdm_1/U0/Use_E2.BSCAN_I/Use_E2.BSCANE2_I/TCK  {rise@0.000ns fall@16.667ns period=33.333ns})
  Path Group:             OSDZU3x_BYOTEE_i/mdm_1/U0/Use_E2.BSCAN_I/Use_E2.BSCANE2_I/TCK
  Path Type:              Setup (Max at Slow Process Corner)
  Requirement:            16.667ns  (OSDZU3x_BYOTEE_i/mdm_1/U0/Use_E2.BSCAN_I/Use_E2.BSCANE2_I/TCK rise@33.333ns - OSDZU3x_BYOTEE_i/mdm_1/U0/Use_E2.BSCAN_I/Use_E2.BSCANE2_I/TCK fall@16.667ns)
  Data Path Delay:        2.341ns  (logic 0.231ns (9.867%)  route 2.110ns (90.133%))
  Logic Levels:           1  (LUT3=1)
  Clock Path Skew:        0.212ns (DCD - SCD + CPR)
    Destination Clock Delay (DCD):    3.624ns = ( 36.957 - 33.333 ) 
    Source Clock Delay      (SCD):    9.346ns = ( 26.013 - 16.667 ) 
    Clock Pessimism Removal (CPR):    5.935ns
  Clock Uncertainty:      0.235ns  ((TSJ^2 + TIJ^2)^1/2 + DJ) / 2 + PE + DCD
    Total System Jitter     (TSJ):    0.071ns
    Total Input Jitter      (TIJ):    0.000ns
    Discrete Jitter          (DJ):    0.000ns
    Phase Error              (PE):    0.000ns
    Duty Cycle Distortion   (DCD):    0.200ns
  Clock Net Delay (Source):      1.992ns (routing 1.046ns, distribution 0.946ns)
  Clock Net Delay (Destination): 2.048ns (routing 1.107ns, distribution 0.941ns)

    Location             Delay type                Incr(ns)  Path(ns)    Netlist Resource(s)
  -------------------------------------------------------------------    -------------------
                         (clock OSDZU3x_BYOTEE_i/mdm_1/U0/Use_E2.BSCAN_I/Use_E2.BSCANE2_I/TCK fall edge)
                                                     16.667    16.667 f  
    CONFIG_SITE_X0Y0     BSCANE2                      0.000    16.667 f  OSDZU3x_BYOTEE_i/mdm_1/U0/Use_E2.BSCAN_I/Use_E2.BSCANE2_I/INTERNAL_TCK
    CONFIG_SITE_X0Y0     BSCANE2 (Prop_BSCAN2_CONFIG_SITE_INTERNAL_TCK_TCK)
                                                      5.900    22.566 f  OSDZU3x_BYOTEE_i/mdm_1/U0/Use_E2.BSCAN_I/Use_E2.BSCANE2_I/TCK
                         net (fo=2, routed)           1.363    23.930    OSDZU3x_BYOTEE_i/mdm_1/U0/Use_JTAG_BSCAN.BUFG_JTAG_TCK/lopt
    BUFGCTRL_X0Y16       BUFGCTRL (Prop_BUFGCTRL_I0_O)
                                                      0.091    24.021 f  OSDZU3x_BYOTEE_i/mdm_1/U0/Use_JTAG_BSCAN.BUFG_JTAG_TCK/Using_FPGA.Native/O
    X0Y1 (CLOCK_ROOT)    net (fo=33, routed)          1.992    26.013    OSDZU3x_BYOTEE_i/mdm_1/U0/MDM_Core_I1/JTAG_CONTROL_I/Use_JTAG_BSCAN.tck_int
    SLICE_X14Y79         FDRE                                         r  OSDZU3x_BYOTEE_i/mdm_1/U0/MDM_Core_I1/JTAG_CONTROL_I/Test_Access_Port.capture_dtm_reg/C  (IS_INVERTED)
  -------------------------------------------------------------------    -------------------
    SLICE_X14Y79         FDRE (Prop_EFF_SLICEM_C_Q)
                                                      0.093    26.106 r  OSDZU3x_BYOTEE_i/mdm_1/U0/MDM_Core_I1/JTAG_CONTROL_I/Test_Access_Port.capture_dtm_reg/Q
                         net (fo=90, routed)          0.696    26.802    OSDZU3x_BYOTEE_i/mdm_1/U0/MDM_Core_I1/JTAG_CONTROL_I/Test_Access_Port.capture_dtm_reg_0
    SLICE_X10Y78         LUT3 (Prop_A5LUT_SLICEL_I1_O)
                                                      0.138    26.940 r  OSDZU3x_BYOTEE_i/mdm_1/U0/MDM_Core_I1/JTAG_CONTROL_I/haltsum0_read[2]_i_1/O
                         net (fo=142, routed)         1.414    28.354    OSDZU3x_BYOTEE_i/mdm_1/U0/MDM_Core_I1/JTAG_CONTROL_I/dmcontrol_read_2
    SLICE_X6Y72          FDRE                                         r  OSDZU3x_BYOTEE_i/mdm_1/U0/MDM_Core_I1/JTAG_CONTROL_I/Use_Dbg_Mem_Access.sbaddress0_read_reg[11]/CE
  -------------------------------------------------------------------    -------------------

                         (clock OSDZU3x_BYOTEE_i/mdm_1/U0/Use_E2.BSCAN_I/Use_E2.BSCANE2_I/TCK rise edge)
                                                     33.333    33.333 r  
    CONFIG_SITE_X0Y0     BSCANE2                      0.000    33.333 r  OSDZU3x_BYOTEE_i/mdm_1/U0/Use_E2.BSCAN_I/Use_E2.BSCANE2_I/INTERNAL_TCK
    CONFIG_SITE_X0Y0     BSCANE2 (Prop_BSCAN2_CONFIG_SITE_INTERNAL_TCK_TCK)
                                                      0.465    33.798 r  OSDZU3x_BYOTEE_i/mdm_1/U0/Use_E2.BSCAN_I/Use_E2.BSCANE2_I/TCK
                         net (fo=2, routed)           0.879    34.677    OSDZU3x_BYOTEE_i/mdm_1/U0/Use_JTAG_BSCAN.BUFG_JTAG_TCK/lopt
    BUFGCTRL_X0Y16       BUFGCTRL (Prop_BUFGCTRL_I0_O)
                                                      0.078    34.755 r  OSDZU3x_BYOTEE_i/mdm_1/U0/Use_JTAG_BSCAN.BUFG_JTAG_TCK/Using_FPGA.Native/O
                         net (fo=33, routed)          0.076    34.831    OSDZU3x_BYOTEE_i/mdm_1/U0/MDM_Core_I1/JTAG_CONTROL_I/Test_Access_Port.BUFG_DRCK/Use_JTAG_BSCAN.tck_int
    BUFGCTRL_X0Y23       BUFGCTRL (Prop_BUFGCTRL_I0_O)
                                                      0.078    34.909 r  OSDZU3x_BYOTEE_i/mdm_1/U0/MDM_Core_I1/JTAG_CONTROL_I/Test_Access_Port.BUFG_DRCK/Using_FPGA.Native/O
    X0Y1 (CLOCK_ROOT)    net (fo=347, routed)         2.048    36.957    OSDZU3x_BYOTEE_i/mdm_1/U0/MDM_Core_I1/JTAG_CONTROL_I/Using_FPGA.Native
    SLICE_X6Y72          FDRE                                         r  OSDZU3x_BYOTEE_i/mdm_1/U0/MDM_Core_I1/JTAG_CONTROL_I/Use_Dbg_Mem_Access.sbaddress0_read_reg[11]/C
                         clock pessimism              5.935    42.891    
                         clock uncertainty           -0.235    42.656    
    SLICE_X6Y72          FDRE (Setup_CFF_SLICEL_C_CE)
                                                     -0.042    42.614    OSDZU3x_BYOTEE_i/mdm_1/U0/MDM_Core_I1/JTAG_CONTROL_I/Use_Dbg_Mem_Access.sbaddress0_read_reg[11]
  -------------------------------------------------------------------
                         required time                         42.614    
                         arrival time                         -28.354    
  -------------------------------------------------------------------
                         slack                                 14.260    





Min Delay Paths
--------------------------------------------------------------------------------------
Slack (MET) :             0.025ns  (arrival time - required time)
  Source:                 <hidden>
                            (rising edge-triggered cell FDRE clocked by OSDZU3x_BYOTEE_i/mdm_1/U0/Use_E2.BSCAN_I/Use_E2.BSCANE2_I/TCK  {rise@0.000ns fall@16.667ns period=33.333ns})
  Destination:            <hidden>
                            (rising edge-triggered cell FDRE clocked by OSDZU3x_BYOTEE_i/mdm_1/U0/Use_E2.BSCAN_I/Use_E2.BSCANE2_I/TCK  {rise@0.000ns fall@16.667ns period=33.333ns})
  Path Group:             OSDZU3x_BYOTEE_i/mdm_1/U0/Use_E2.BSCAN_I/Use_E2.BSCANE2_I/TCK
  Path Type:              Hold (Min at Fast Process Corner)
  Requirement:            0.000ns  (OSDZU3x_BYOTEE_i/mdm_1/U0/Use_E2.BSCAN_I/Use_E2.BSCANE2_I/TCK rise@0.000ns - OSDZU3x_BYOTEE_i/mdm_1/U0/Use_E2.BSCAN_I/Use_E2.BSCANE2_I/TCK rise@0.000ns)
  Data Path Delay:        0.078ns  (logic 0.039ns (50.204%)  route 0.039ns (49.796%))
  Logic Levels:           0  
  Clock Path Skew:        0.006ns (DCD - SCD - CPR)
    Destination Clock Delay (DCD):    8.304ns
    Source Clock Delay      (SCD):    2.470ns
    Clock Pessimism Removal (CPR):    5.828ns
  Clock Net Delay (Source):      1.187ns (routing 0.618ns, distribution 0.569ns)
  Clock Net Delay (Destination): 1.338ns (routing 0.689ns, distribution 0.649ns)

    Location             Delay type                Incr(ns)  Path(ns)    Netlist Resource(s)
  -------------------------------------------------------------------    -------------------
                         (clock OSDZU3x_BYOTEE_i/mdm_1/U0/Use_E2.BSCAN_I/Use_E2.BSCANE2_I/TCK rise edge)
                                                      0.000     0.000 r  
    CONFIG_SITE_X0Y0     BSCANE2                      0.000     0.000 r  OSDZU3x_BYOTEE_i/mdm_1/U0/Use_E2.BSCAN_I/Use_E2.BSCANE2_I/INTERNAL_TCK
    CONFIG_SITE_X0Y0     BSCANE2 (Prop_BSCAN2_CONFIG_SITE_INTERNAL_TCK_TCK)
                                                      0.465     0.465 r  OSDZU3x_BYOTEE_i/mdm_1/U0/Use_E2.BSCAN_I/Use_E2.BSCANE2_I/TCK
                         net (fo=2, routed)           0.666     1.131    OSDZU3x_BYOTEE_i/mdm_1/U0/Use_JTAG_BSCAN.BUFG_JTAG_TCK/lopt
    BUFGCTRL_X0Y16       BUFGCTRL (Prop_BUFGCTRL_I0_O)
                                                      0.052     1.183 r  OSDZU3x_BYOTEE_i/mdm_1/U0/Use_JTAG_BSCAN.BUFG_JTAG_TCK/Using_FPGA.Native/O
                         net (fo=33, routed)          0.049     1.232    OSDZU3x_BYOTEE_i/mdm_1/U0/MDM_Core_I1/JTAG_CONTROL_I/Test_Access_Port.BUFG_DRCK/Use_JTAG_BSCAN.tck_int
    BUFGCTRL_X0Y23       BUFGCTRL (Prop_BUFGCTRL_I0_O)
                                                      0.052     1.284 r  OSDZU3x_BYOTEE_i/mdm_1/U0/MDM_Core_I1/JTAG_CONTROL_I/Test_Access_Port.BUFG_DRCK/Using_FPGA.Native/O
    X0Y1 (CLOCK_ROOT)    net (fo=347, routed)         1.187     2.470    <hidden>
    SLICE_X11Y48         FDRE                                         r  <hidden>
  -------------------------------------------------------------------    -------------------
    SLICE_X11Y48         FDRE (Prop_FFF_SLICEL_C_Q)
                                                      0.039     2.509 r  <hidden>
                         net (fo=6, routed)           0.039     2.548    <hidden>
    SLICE_X11Y48         FDRE                                         r  <hidden>
  -------------------------------------------------------------------    -------------------

                         (clock OSDZU3x_BYOTEE_i/mdm_1/U0/Use_E2.BSCAN_I/Use_E2.BSCANE2_I/TCK rise edge)
                                                      0.000     0.000 r  
    CONFIG_SITE_X0Y0     BSCANE2                      0.000     0.000 r  OSDZU3x_BYOTEE_i/mdm_1/U0/Use_E2.BSCAN_I/Use_E2.BSCANE2_I/INTERNAL_TCK
    CONFIG_SITE_X0Y0     BSCANE2 (Prop_BSCAN2_CONFIG_SITE_INTERNAL_TCK_TCK)
                                                      5.900     5.900 r  OSDZU3x_BYOTEE_i/mdm_1/U0/Use_E2.BSCAN_I/Use_E2.BSCANE2_I/TCK
                         net (fo=2, routed)           0.888     6.788    OSDZU3x_BYOTEE_i/mdm_1/U0/Use_JTAG_BSCAN.BUFG_JTAG_TCK/lopt
    BUFGCTRL_X0Y16       BUFGCTRL (Prop_BUFGCTRL_I0_O)
                                                      0.061     6.849 r  OSDZU3x_BYOTEE_i/mdm_1/U0/Use_JTAG_BSCAN.BUFG_JTAG_TCK/Using_FPGA.Native/O
                         net (fo=33, routed)          0.056     6.905    OSDZU3x_BYOTEE_i/mdm_1/U0/MDM_Core_I1/JTAG_CONTROL_I/Test_Access_Port.BUFG_DRCK/Use_JTAG_BSCAN.tck_int
    BUFGCTRL_X0Y23       BUFGCTRL (Prop_BUFGCTRL_I0_O)
                                                      0.061     6.966 r  OSDZU3x_BYOTEE_i/mdm_1/U0/MDM_Core_I1/JTAG_CONTROL_I/Test_Access_Port.BUFG_DRCK/Using_FPGA.Native/O
    X0Y1 (CLOCK_ROOT)    net (fo=347, routed)         1.338     8.304    <hidden>
    SLICE_X11Y48         FDRE                                         r  <hidden>
                         clock pessimism             -5.828     2.476    
    SLICE_X11Y48         FDRE (Hold_EFF2_SLICEL_C_D)
                                                      0.047     2.523    <hidden>
  -------------------------------------------------------------------
                         required time                         -2.523    
                         arrival time                           2.548    
  -------------------------------------------------------------------
                         slack                                  0.025    

Slack (MET) :             0.026ns  (arrival time - required time)
  Source:                 OSDZU3x_BYOTEE_i/mdm_1/U0/MDM_Core_I1/JTAG_CONTROL_I/dmi_reg[8]/C
                            (rising edge-triggered cell FDRE clocked by OSDZU3x_BYOTEE_i/mdm_1/U0/Use_E2.BSCAN_I/Use_E2.BSCANE2_I/TCK  {rise@0.000ns fall@16.667ns period=33.333ns})
  Destination:            OSDZU3x_BYOTEE_i/mdm_1/U0/MDM_Core_I1/JTAG_CONTROL_I/dmi_reg[7]/D
                            (rising edge-triggered cell FDRE clocked by OSDZU3x_BYOTEE_i/mdm_1/U0/Use_E2.BSCAN_I/Use_E2.BSCANE2_I/TCK  {rise@0.000ns fall@16.667ns period=33.333ns})
  Path Group:             OSDZU3x_BYOTEE_i/mdm_1/U0/Use_E2.BSCAN_I/Use_E2.BSCANE2_I/TCK
  Path Type:              Hold (Min at Fast Process Corner)
  Requirement:            0.000ns  (OSDZU3x_BYOTEE_i/mdm_1/U0/Use_E2.BSCAN_I/Use_E2.BSCANE2_I/TCK rise@0.000ns - OSDZU3x_BYOTEE_i/mdm_1/U0/Use_E2.BSCAN_I/Use_E2.BSCANE2_I/TCK rise@0.000ns)
  Data Path Delay:        0.079ns  (logic 0.039ns (49.140%)  route 0.040ns (50.861%))
  Logic Levels:           0  
  Clock Path Skew:        0.006ns (DCD - SCD - CPR)
    Destination Clock Delay (DCD):    8.272ns
    Source Clock Delay      (SCD):    2.444ns
    Clock Pessimism Removal (CPR):    5.822ns
  Clock Net Delay (Source):      1.160ns (routing 0.618ns, distribution 0.542ns)
  Clock Net Delay (Destination): 1.306ns (routing 0.689ns, distribution 0.617ns)

    Location             Delay type                Incr(ns)  Path(ns)    Netlist Resource(s)
  -------------------------------------------------------------------    -------------------
                         (clock OSDZU3x_BYOTEE_i/mdm_1/U0/Use_E2.BSCAN_I/Use_E2.BSCANE2_I/TCK rise edge)
                                                      0.000     0.000 r  
    CONFIG_SITE_X0Y0     BSCANE2                      0.000     0.000 r  OSDZU3x_BYOTEE_i/mdm_1/U0/Use_E2.BSCAN_I/Use_E2.BSCANE2_I/INTERNAL_TCK
    CONFIG_SITE_X0Y0     BSCANE2 (Prop_BSCAN2_CONFIG_SITE_INTERNAL_TCK_TCK)
                                                      0.465     0.465 r  OSDZU3x_BYOTEE_i/mdm_1/U0/Use_E2.BSCAN_I/Use_E2.BSCANE2_I/TCK
                         net (fo=2, routed)           0.666     1.131    OSDZU3x_BYOTEE_i/mdm_1/U0/Use_JTAG_BSCAN.BUFG_JTAG_TCK/lopt
    BUFGCTRL_X0Y16       BUFGCTRL (Prop_BUFGCTRL_I0_O)
                                                      0.052     1.183 r  OSDZU3x_BYOTEE_i/mdm_1/U0/Use_JTAG_BSCAN.BUFG_JTAG_TCK/Using_FPGA.Native/O
                         net (fo=33, routed)          0.049     1.232    OSDZU3x_BYOTEE_i/mdm_1/U0/MDM_Core_I1/JTAG_CONTROL_I/Test_Access_Port.BUFG_DRCK/Use_JTAG_BSCAN.tck_int
    BUFGCTRL_X0Y23       BUFGCTRL (Prop_BUFGCTRL_I0_O)
                                                      0.052     1.284 r  OSDZU3x_BYOTEE_i/mdm_1/U0/MDM_Core_I1/JTAG_CONTROL_I/Test_Access_Port.BUFG_DRCK/Using_FPGA.Native/O
    X0Y1 (CLOCK_ROOT)    net (fo=347, routed)         1.160     2.444    OSDZU3x_BYOTEE_i/mdm_1/U0/MDM_Core_I1/JTAG_CONTROL_I/Using_FPGA.Native
    SLICE_X8Y81          FDRE                                         r  OSDZU3x_BYOTEE_i/mdm_1/U0/MDM_Core_I1/JTAG_CONTROL_I/dmi_reg[8]/C
  -------------------------------------------------------------------    -------------------
    SLICE_X8Y81          FDRE (Prop_DFF_SLICEL_C_Q)
                                                      0.039     2.483 r  OSDZU3x_BYOTEE_i/mdm_1/U0/MDM_Core_I1/JTAG_CONTROL_I/dmi_reg[8]/Q
                         net (fo=4, routed)           0.040     2.523    OSDZU3x_BYOTEE_i/mdm_1/U0/MDM_Core_I1/JTAG_CONTROL_I/dmi_reg_n_0_[8]
    SLICE_X8Y81          FDRE                                         r  OSDZU3x_BYOTEE_i/mdm_1/U0/MDM_Core_I1/JTAG_CONTROL_I/dmi_reg[7]/D
  -------------------------------------------------------------------    -------------------

                         (clock OSDZU3x_BYOTEE_i/mdm_1/U0/Use_E2.BSCAN_I/Use_E2.BSCANE2_I/TCK rise edge)
                                                      0.000     0.000 r  
    CONFIG_SITE_X0Y0     BSCANE2                      0.000     0.000 r  OSDZU3x_BYOTEE_i/mdm_1/U0/Use_E2.BSCAN_I/Use_E2.BSCANE2_I/INTERNAL_TCK
    CONFIG_SITE_X0Y0     BSCANE2 (Prop_BSCAN2_CONFIG_SITE_INTERNAL_TCK_TCK)
                                                      5.900     5.900 r  OSDZU3x_BYOTEE_i/mdm_1/U0/Use_E2.BSCAN_I/Use_E2.BSCANE2_I/TCK
                         net (fo=2, routed)           0.888     6.788    OSDZU3x_BYOTEE_i/mdm_1/U0/Use_JTAG_BSCAN.BUFG_JTAG_TCK/lopt
    BUFGCTRL_X0Y16       BUFGCTRL (Prop_BUFGCTRL_I0_O)
                                                      0.061     6.849 r  OSDZU3x_BYOTEE_i/mdm_1/U0/Use_JTAG_BSCAN.BUFG_JTAG_TCK/Using_FPGA.Native/O
                         net (fo=33, routed)          0.056     6.905    OSDZU3x_BYOTEE_i/mdm_1/U0/MDM_Core_I1/JTAG_CONTROL_I/Test_Access_Port.BUFG_DRCK/Use_JTAG_BSCAN.tck_int
    BUFGCTRL_X0Y23       BUFGCTRL (Prop_BUFGCTRL_I0_O)
                                                      0.061     6.966 r  OSDZU3x_BYOTEE_i/mdm_1/U0/MDM_Core_I1/JTAG_CONTROL_I/Test_Access_Port.BUFG_DRCK/Using_FPGA.Native/O
    X0Y1 (CLOCK_ROOT)    net (fo=347, routed)         1.306     8.272    OSDZU3x_BYOTEE_i/mdm_1/U0/MDM_Core_I1/JTAG_CONTROL_I/Using_FPGA.Native
    SLICE_X8Y81          FDRE                                         r  OSDZU3x_BYOTEE_i/mdm_1/U0/MDM_Core_I1/JTAG_CONTROL_I/dmi_reg[7]/C
                         clock pessimism             -5.822     2.450    
    SLICE_X8Y81          FDRE (Hold_CFF2_SLICEL_C_D)
                                                      0.047     2.497    OSDZU3x_BYOTEE_i/mdm_1/U0/MDM_Core_I1/JTAG_CONTROL_I/dmi_reg[7]
  -------------------------------------------------------------------
                         required time                         -2.497    
                         arrival time                           2.523    
  -------------------------------------------------------------------
                         slack                                  0.026    

Slack (MET) :             0.028ns  (arrival time - required time)
  Source:                 OSDZU3x_BYOTEE_i/mdm_1/U0/MDM_Core_I1/JTAG_CONTROL_I/Test_Access_Port.ir_reg[4]/C
                            (rising edge-triggered cell FDRE clocked by OSDZU3x_BYOTEE_i/mdm_1/U0/Use_E2.BSCAN_I/Use_E2.BSCANE2_I/TCK  {rise@0.000ns fall@16.667ns period=33.333ns})
  Destination:            OSDZU3x_BYOTEE_i/mdm_1/U0/MDM_Core_I1/JTAG_CONTROL_I/Test_Access_Port.sel_idcode_reg/D
                            (rising edge-triggered cell FDRE clocked by OSDZU3x_BYOTEE_i/mdm_1/U0/Use_E2.BSCAN_I/Use_E2.BSCANE2_I/TCK  {rise@0.000ns fall@16.667ns period=33.333ns})
  Path Group:             OSDZU3x_BYOTEE_i/mdm_1/U0/Use_E2.BSCAN_I/Use_E2.BSCANE2_I/TCK
  Path Type:              Hold (Min at Fast Process Corner)
  Requirement:            0.000ns  (OSDZU3x_BYOTEE_i/mdm_1/U0/Use_E2.BSCAN_I/Use_E2.BSCANE2_I/TCK rise@0.000ns - OSDZU3x_BYOTEE_i/mdm_1/U0/Use_E2.BSCAN_I/Use_E2.BSCANE2_I/TCK rise@0.000ns)
  Data Path Delay:        0.126ns  (logic 0.064ns (50.922%)  route 0.062ns (49.078%))
  Logic Levels:           1  (LUT5=1)
  Clock Path Skew:        0.051ns (DCD - SCD - CPR)
    Destination Clock Delay (DCD):    7.994ns
    Source Clock Delay      (SCD):    2.195ns
    Clock Pessimism Removal (CPR):    5.748ns
  Clock Net Delay (Source):      1.013ns (routing 0.531ns, distribution 0.482ns)
  Clock Net Delay (Destination): 1.145ns (routing 0.591ns, distribution 0.554ns)

    Location             Delay type                Incr(ns)  Path(ns)    Netlist Resource(s)
  -------------------------------------------------------------------    -------------------
                         (clock OSDZU3x_BYOTEE_i/mdm_1/U0/Use_E2.BSCAN_I/Use_E2.BSCANE2_I/TCK rise edge)
                                                      0.000     0.000 r  
    CONFIG_SITE_X0Y0     BSCANE2                      0.000     0.000 r  OSDZU3x_BYOTEE_i/mdm_1/U0/Use_E2.BSCAN_I/Use_E2.BSCANE2_I/INTERNAL_TCK
    CONFIG_SITE_X0Y0     BSCANE2 (Prop_BSCAN2_CONFIG_SITE_INTERNAL_TCK_TCK)
                                                      0.465     0.465 r  OSDZU3x_BYOTEE_i/mdm_1/U0/Use_E2.BSCAN_I/Use_E2.BSCANE2_I/TCK
                         net (fo=2, routed)           0.666     1.131    OSDZU3x_BYOTEE_i/mdm_1/U0/Use_JTAG_BSCAN.BUFG_JTAG_TCK/lopt
    BUFGCTRL_X0Y16       BUFGCTRL (Prop_BUFGCTRL_I0_O)
                                                      0.052     1.183 r  OSDZU3x_BYOTEE_i/mdm_1/U0/Use_JTAG_BSCAN.BUFG_JTAG_TCK/Using_FPGA.Native/O
    X0Y1 (CLOCK_ROOT)    net (fo=33, routed)          1.013     2.195    OSDZU3x_BYOTEE_i/mdm_1/U0/MDM_Core_I1/JTAG_CONTROL_I/Use_JTAG_BSCAN.tck_int
    SLICE_X13Y80         FDRE                                         r  OSDZU3x_BYOTEE_i/mdm_1/U0/MDM_Core_I1/JTAG_CONTROL_I/Test_Access_Port.ir_reg[4]/C
  -------------------------------------------------------------------    -------------------
    SLICE_X13Y80         FDRE (Prop_GFF2_SLICEL_C_Q)
                                                      0.040     2.235 f  OSDZU3x_BYOTEE_i/mdm_1/U0/MDM_Core_I1/JTAG_CONTROL_I/Test_Access_Port.ir_reg[4]/Q
                         net (fo=5, routed)           0.053     2.288    OSDZU3x_BYOTEE_i/mdm_1/U0/MDM_Core_I1/JTAG_CONTROL_I/Test_Access_Port.ir_reg_n_0_[4]
    SLICE_X14Y80         LUT5 (Prop_D5LUT_SLICEM_I2_O)
                                                      0.024     2.312 r  OSDZU3x_BYOTEE_i/mdm_1/U0/MDM_Core_I1/JTAG_CONTROL_I/Test_Access_Port.sel_idcode_i_1/O
                         net (fo=1, routed)           0.009     2.321    OSDZU3x_BYOTEE_i/mdm_1/U0/MDM_Core_I1/JTAG_CONTROL_I/sel_idcode_1
    SLICE_X14Y80         FDRE                                         r  OSDZU3x_BYOTEE_i/mdm_1/U0/MDM_Core_I1/JTAG_CONTROL_I/Test_Access_Port.sel_idcode_reg/D
  -------------------------------------------------------------------    -------------------

                         (clock OSDZU3x_BYOTEE_i/mdm_1/U0/Use_E2.BSCAN_I/Use_E2.BSCANE2_I/TCK rise edge)
                                                      0.000     0.000 r  
    CONFIG_SITE_X0Y0     BSCANE2                      0.000     0.000 r  OSDZU3x_BYOTEE_i/mdm_1/U0/Use_E2.BSCAN_I/Use_E2.BSCANE2_I/INTERNAL_TCK
    CONFIG_SITE_X0Y0     BSCANE2 (Prop_BSCAN2_CONFIG_SITE_INTERNAL_TCK_TCK)
                                                      5.900     5.900 r  OSDZU3x_BYOTEE_i/mdm_1/U0/Use_E2.BSCAN_I/Use_E2.BSCANE2_I/TCK
                         net (fo=2, routed)           0.888     6.788    OSDZU3x_BYOTEE_i/mdm_1/U0/Use_JTAG_BSCAN.BUFG_JTAG_TCK/lopt
    BUFGCTRL_X0Y16       BUFGCTRL (Prop_BUFGCTRL_I0_O)
                                                      0.061     6.849 r  OSDZU3x_BYOTEE_i/mdm_1/U0/Use_JTAG_BSCAN.BUFG_JTAG_TCK/Using_FPGA.Native/O
    X0Y1 (CLOCK_ROOT)    net (fo=33, routed)          1.145     7.994    OSDZU3x_BYOTEE_i/mdm_1/U0/MDM_Core_I1/JTAG_CONTROL_I/Use_JTAG_BSCAN.tck_int
    SLICE_X14Y80         FDRE                                         r  OSDZU3x_BYOTEE_i/mdm_1/U0/MDM_Core_I1/JTAG_CONTROL_I/Test_Access_Port.sel_idcode_reg/C
                         clock pessimism             -5.748     2.246    
    SLICE_X14Y80         FDRE (Hold_DFF2_SLICEM_C_D)
                                                      0.047     2.293    OSDZU3x_BYOTEE_i/mdm_1/U0/MDM_Core_I1/JTAG_CONTROL_I/Test_Access_Port.sel_idcode_reg
  -------------------------------------------------------------------
                         required time                         -2.293    
                         arrival time                           2.321    
  -------------------------------------------------------------------
                         slack                                  0.028    

Slack (MET) :             0.029ns  (arrival time - required time)
  Source:                 OSDZU3x_BYOTEE_i/mdm_1/U0/Use_JTAG_BSCAN.tap_cnt_reg[2]/C
                            (rising edge-triggered cell FDRE clocked by OSDZU3x_BYOTEE_i/mdm_1/U0/Use_E2.BSCAN_I/Use_E2.BSCANE2_I/TCK  {rise@0.000ns fall@16.667ns period=33.333ns})
  Destination:            OSDZU3x_BYOTEE_i/mdm_1/U0/Use_JTAG_BSCAN.tap_cnt_reg[1]/D
                            (rising edge-triggered cell FDRE clocked by OSDZU3x_BYOTEE_i/mdm_1/U0/Use_E2.BSCAN_I/Use_E2.BSCANE2_I/TCK  {rise@0.000ns fall@16.667ns period=33.333ns})
  Path Group:             OSDZU3x_BYOTEE_i/mdm_1/U0/Use_E2.BSCAN_I/Use_E2.BSCANE2_I/TCK
  Path Type:              Hold (Min at Fast Process Corner)
  Requirement:            0.000ns  (OSDZU3x_BYOTEE_i/mdm_1/U0/Use_E2.BSCAN_I/Use_E2.BSCANE2_I/TCK rise@0.000ns - OSDZU3x_BYOTEE_i/mdm_1/U0/Use_E2.BSCAN_I/Use_E2.BSCANE2_I/TCK rise@0.000ns)
  Data Path Delay:        0.082ns  (logic 0.037ns (45.297%)  route 0.045ns (54.703%))
  Logic Levels:           0  
  Clock Path Skew:        0.006ns (DCD - SCD - CPR)
    Destination Clock Delay (DCD):    8.118ns
    Source Clock Delay      (SCD):    2.293ns
    Clock Pessimism Removal (CPR):    5.819ns
  Clock Net Delay (Source):      1.059ns (routing 0.533ns, distribution 0.526ns)
  Clock Net Delay (Destination): 1.193ns (routing 0.591ns, distribution 0.602ns)

    Location             Delay type                Incr(ns)  Path(ns)    Netlist Resource(s)
  -------------------------------------------------------------------    -------------------
                         (clock OSDZU3x_BYOTEE_i/mdm_1/U0/Use_E2.BSCAN_I/Use_E2.BSCANE2_I/TCK rise edge)
                                                      0.000     0.000 r  
    CONFIG_SITE_X0Y0     BSCANE2                      0.000     0.000 r  OSDZU3x_BYOTEE_i/mdm_1/U0/Use_E2.BSCAN_I/Use_E2.BSCANE2_I/INTERNAL_TCK
    CONFIG_SITE_X0Y0     BSCANE2 (Prop_BSCAN2_CONFIG_SITE_INTERNAL_TCK_TCK)
                                                      0.465     0.465 r  OSDZU3x_BYOTEE_i/mdm_1/U0/Use_E2.BSCAN_I/Use_E2.BSCANE2_I/TCK
                         net (fo=2, routed)           0.753     1.218    OSDZU3x_BYOTEE_i/mdm_1/U0/Use_E2.BSCAN_I/tck
    BUFGCE_X0Y10         BUFGCE (Prop_BUFCE_BUFGCE_I_O)
                                                      0.017     1.235 r  OSDZU3x_BYOTEE_i/mdm_1/U0/Use_E2.BSCAN_I/tck_BUFG_inst/O
    X0Y1 (CLOCK_ROOT)    net (fo=52, routed)          1.059     2.293    OSDZU3x_BYOTEE_i/mdm_1/U0/tck
    SLICE_X37Y101        FDRE                                         r  OSDZU3x_BYOTEE_i/mdm_1/U0/Use_JTAG_BSCAN.tap_cnt_reg[2]/C
  -------------------------------------------------------------------    -------------------
    SLICE_X37Y101        FDRE (Prop_FFF_SLICEM_C_Q)
                                                      0.037     2.330 r  OSDZU3x_BYOTEE_i/mdm_1/U0/Use_JTAG_BSCAN.tap_cnt_reg[2]/Q
                         net (fo=4, routed)           0.045     2.375    OSDZU3x_BYOTEE_i/mdm_1/U0/Use_JTAG_BSCAN.tap_cnt_reg_n_0_[2]
    SLICE_X37Y101        FDRE                                         r  OSDZU3x_BYOTEE_i/mdm_1/U0/Use_JTAG_BSCAN.tap_cnt_reg[1]/D
  -------------------------------------------------------------------    -------------------

                         (clock OSDZU3x_BYOTEE_i/mdm_1/U0/Use_E2.BSCAN_I/Use_E2.BSCANE2_I/TCK rise edge)
                                                      0.000     0.000 r  
    CONFIG_SITE_X0Y0     BSCANE2                      0.000     0.000 r  OSDZU3x_BYOTEE_i/mdm_1/U0/Use_E2.BSCAN_I/Use_E2.BSCANE2_I/INTERNAL_TCK
    CONFIG_SITE_X0Y0     BSCANE2 (Prop_BSCAN2_CONFIG_SITE_INTERNAL_TCK_TCK)
                                                      5.900     5.900 r  OSDZU3x_BYOTEE_i/mdm_1/U0/Use_E2.BSCAN_I/Use_E2.BSCANE2_I/TCK
                         net (fo=2, routed)           1.006     6.906    OSDZU3x_BYOTEE_i/mdm_1/U0/Use_E2.BSCAN_I/tck
    BUFGCE_X0Y10         BUFGCE (Prop_BUFCE_BUFGCE_I_O)
                                                      0.019     6.925 r  OSDZU3x_BYOTEE_i/mdm_1/U0/Use_E2.BSCAN_I/tck_BUFG_inst/O
    X0Y1 (CLOCK_ROOT)    net (fo=52, routed)          1.193     8.118    OSDZU3x_BYOTEE_i/mdm_1/U0/tck
    SLICE_X37Y101        FDRE                                         r  OSDZU3x_BYOTEE_i/mdm_1/U0/Use_JTAG_BSCAN.tap_cnt_reg[1]/C
                         clock pessimism             -5.819     2.299    
    SLICE_X37Y101        FDRE (Hold_EFF2_SLICEM_C_D)
                                                      0.047     2.346    OSDZU3x_BYOTEE_i/mdm_1/U0/Use_JTAG_BSCAN.tap_cnt_reg[1]
  -------------------------------------------------------------------
                         required time                         -2.346    
                         arrival time                           2.375    
  -------------------------------------------------------------------
                         slack                                  0.029    

Slack (MET) :             0.035ns  (arrival time - required time)
  Source:                 <hidden>
                            (rising edge-triggered cell FDRE clocked by OSDZU3x_BYOTEE_i/mdm_1/U0/Use_E2.BSCAN_I/Use_E2.BSCANE2_I/TCK  {rise@0.000ns fall@16.667ns period=33.333ns})
  Destination:            <hidden>
                            (rising edge-triggered cell FDRE clocked by OSDZU3x_BYOTEE_i/mdm_1/U0/Use_E2.BSCAN_I/Use_E2.BSCANE2_I/TCK  {rise@0.000ns fall@16.667ns period=33.333ns})
  Path Group:             OSDZU3x_BYOTEE_i/mdm_1/U0/Use_E2.BSCAN_I/Use_E2.BSCANE2_I/TCK
  Path Type:              Hold (Min at Fast Process Corner)
  Requirement:            0.000ns  (OSDZU3x_BYOTEE_i/mdm_1/U0/Use_E2.BSCAN_I/Use_E2.BSCANE2_I/TCK rise@0.000ns - OSDZU3x_BYOTEE_i/mdm_1/U0/Use_E2.BSCAN_I/Use_E2.BSCANE2_I/TCK rise@0.000ns)
  Data Path Delay:        0.128ns  (logic 0.038ns (29.654%)  route 0.090ns (70.346%))
  Logic Levels:           0  
  Clock Path Skew:        0.046ns (DCD - SCD - CPR)
    Destination Clock Delay (DCD):    8.305ns
    Source Clock Delay      (SCD):    2.473ns
    Clock Pessimism Removal (CPR):    5.786ns
  Clock Net Delay (Source):      1.189ns (routing 0.618ns, distribution 0.571ns)
  Clock Net Delay (Destination): 1.339ns (routing 0.689ns, distribution 0.650ns)

    Location             Delay type                Incr(ns)  Path(ns)    Netlist Resource(s)
  -------------------------------------------------------------------    -------------------
                         (clock OSDZU3x_BYOTEE_i/mdm_1/U0/Use_E2.BSCAN_I/Use_E2.BSCANE2_I/TCK rise edge)
                                                      0.000     0.000 r  
    CONFIG_SITE_X0Y0     BSCANE2                      0.000     0.000 r  OSDZU3x_BYOTEE_i/mdm_1/U0/Use_E2.BSCAN_I/Use_E2.BSCANE2_I/INTERNAL_TCK
    CONFIG_SITE_X0Y0     BSCANE2 (Prop_BSCAN2_CONFIG_SITE_INTERNAL_TCK_TCK)
                                                      0.465     0.465 r  OSDZU3x_BYOTEE_i/mdm_1/U0/Use_E2.BSCAN_I/Use_E2.BSCANE2_I/TCK
                         net (fo=2, routed)           0.666     1.131    OSDZU3x_BYOTEE_i/mdm_1/U0/Use_JTAG_BSCAN.BUFG_JTAG_TCK/lopt
    BUFGCTRL_X0Y16       BUFGCTRL (Prop_BUFGCTRL_I0_O)
                                                      0.052     1.183 r  OSDZU3x_BYOTEE_i/mdm_1/U0/Use_JTAG_BSCAN.BUFG_JTAG_TCK/Using_FPGA.Native/O
                         net (fo=33, routed)          0.049     1.232    OSDZU3x_BYOTEE_i/mdm_1/U0/MDM_Core_I1/JTAG_CONTROL_I/Test_Access_Port.BUFG_DRCK/Use_JTAG_BSCAN.tck_int
    BUFGCTRL_X0Y23       BUFGCTRL (Prop_BUFGCTRL_I0_O)
                                                      0.052     1.284 r  OSDZU3x_BYOTEE_i/mdm_1/U0/MDM_Core_I1/JTAG_CONTROL_I/Test_Access_Port.BUFG_DRCK/Using_FPGA.Native/O
    X0Y1 (CLOCK_ROOT)    net (fo=347, routed)         1.189     2.473    <hidden>
    SLICE_X14Y47         FDRE                                         r  <hidden>
  -------------------------------------------------------------------    -------------------
    SLICE_X14Y47         FDRE (Prop_EFF_SLICEM_C_Q)
                                                      0.038     2.511 r  <hidden>
                         net (fo=5, routed)           0.090     2.601    <hidden>
    SLICE_X13Y46         FDRE                                         r  <hidden>
  -------------------------------------------------------------------    -------------------

                         (clock OSDZU3x_BYOTEE_i/mdm_1/U0/Use_E2.BSCAN_I/Use_E2.BSCANE2_I/TCK rise edge)
                                                      0.000     0.000 r  
    CONFIG_SITE_X0Y0     BSCANE2                      0.000     0.000 r  OSDZU3x_BYOTEE_i/mdm_1/U0/Use_E2.BSCAN_I/Use_E2.BSCANE2_I/INTERNAL_TCK
    CONFIG_SITE_X0Y0     BSCANE2 (Prop_BSCAN2_CONFIG_SITE_INTERNAL_TCK_TCK)
                                                      5.900     5.900 r  OSDZU3x_BYOTEE_i/mdm_1/U0/Use_E2.BSCAN_I/Use_E2.BSCANE2_I/TCK
                         net (fo=2, routed)           0.888     6.788    OSDZU3x_BYOTEE_i/mdm_1/U0/Use_JTAG_BSCAN.BUFG_JTAG_TCK/lopt
    BUFGCTRL_X0Y16       BUFGCTRL (Prop_BUFGCTRL_I0_O)
                                                      0.061     6.849 r  OSDZU3x_BYOTEE_i/mdm_1/U0/Use_JTAG_BSCAN.BUFG_JTAG_TCK/Using_FPGA.Native/O
                         net (fo=33, routed)          0.056     6.905    OSDZU3x_BYOTEE_i/mdm_1/U0/MDM_Core_I1/JTAG_CONTROL_I/Test_Access_Port.BUFG_DRCK/Use_JTAG_BSCAN.tck_int
    BUFGCTRL_X0Y23       BUFGCTRL (Prop_BUFGCTRL_I0_O)
                                                      0.061     6.966 r  OSDZU3x_BYOTEE_i/mdm_1/U0/MDM_Core_I1/JTAG_CONTROL_I/Test_Access_Port.BUFG_DRCK/Using_FPGA.Native/O
    X0Y1 (CLOCK_ROOT)    net (fo=347, routed)         1.339     8.305    <hidden>
    SLICE_X13Y46         FDRE                                         r  <hidden>
                         clock pessimism             -5.786     2.519    
    SLICE_X13Y46         FDRE (Hold_GFF2_SLICEL_C_D)
                                                      0.047     2.566    <hidden>
  -------------------------------------------------------------------
                         required time                         -2.566    
                         arrival time                           2.601    
  -------------------------------------------------------------------
                         slack                                  0.035    

Slack (MET) :             0.035ns  (arrival time - required time)
  Source:                 <hidden>
                            (rising edge-triggered cell FDRE clocked by OSDZU3x_BYOTEE_i/mdm_1/U0/Use_E2.BSCAN_I/Use_E2.BSCANE2_I/TCK  {rise@0.000ns fall@16.667ns period=33.333ns})
  Destination:            <hidden>
                            (rising edge-triggered cell FDRE clocked by OSDZU3x_BYOTEE_i/mdm_1/U0/Use_E2.BSCAN_I/Use_E2.BSCANE2_I/TCK  {rise@0.000ns fall@16.667ns period=33.333ns})
  Path Group:             OSDZU3x_BYOTEE_i/mdm_1/U0/Use_E2.BSCAN_I/Use_E2.BSCANE2_I/TCK
  Path Type:              Hold (Min at Fast Process Corner)
  Requirement:            0.000ns  (OSDZU3x_BYOTEE_i/mdm_1/U0/Use_E2.BSCAN_I/Use_E2.BSCANE2_I/TCK rise@0.000ns - OSDZU3x_BYOTEE_i/mdm_1/U0/Use_E2.BSCAN_I/Use_E2.BSCANE2_I/TCK rise@0.000ns)
  Data Path Delay:        0.088ns  (logic 0.039ns (44.135%)  route 0.049ns (55.865%))
  Logic Levels:           0  
  Clock Path Skew:        0.006ns (DCD - SCD - CPR)
    Destination Clock Delay (DCD):    8.299ns
    Source Clock Delay      (SCD):    2.465ns
    Clock Pessimism Removal (CPR):    5.828ns
  Clock Net Delay (Source):      1.181ns (routing 0.618ns, distribution 0.563ns)
  Clock Net Delay (Destination): 1.333ns (routing 0.689ns, distribution 0.644ns)

    Location             Delay type                Incr(ns)  Path(ns)    Netlist Resource(s)
  -------------------------------------------------------------------    -------------------
                         (clock OSDZU3x_BYOTEE_i/mdm_1/U0/Use_E2.BSCAN_I/Use_E2.BSCANE2_I/TCK rise edge)
                                                      0.000     0.000 r  
    CONFIG_SITE_X0Y0     BSCANE2                      0.000     0.000 r  OSDZU3x_BYOTEE_i/mdm_1/U0/Use_E2.BSCAN_I/Use_E2.BSCANE2_I/INTERNAL_TCK
    CONFIG_SITE_X0Y0     BSCANE2 (Prop_BSCAN2_CONFIG_SITE_INTERNAL_TCK_TCK)
                                                      0.465     0.465 r  OSDZU3x_BYOTEE_i/mdm_1/U0/Use_E2.BSCAN_I/Use_E2.BSCANE2_I/TCK
                         net (fo=2, routed)           0.666     1.131    OSDZU3x_BYOTEE_i/mdm_1/U0/Use_JTAG_BSCAN.BUFG_JTAG_TCK/lopt
    BUFGCTRL_X0Y16       BUFGCTRL (Prop_BUFGCTRL_I0_O)
                                                      0.052     1.183 r  OSDZU3x_BYOTEE_i/mdm_1/U0/Use_JTAG_BSCAN.BUFG_JTAG_TCK/Using_FPGA.Native/O
                         net (fo=33, routed)          0.049     1.232    OSDZU3x_BYOTEE_i/mdm_1/U0/MDM_Core_I1/JTAG_CONTROL_I/Test_Access_Port.BUFG_DRCK/Use_JTAG_BSCAN.tck_int
    BUFGCTRL_X0Y23       BUFGCTRL (Prop_BUFGCTRL_I0_O)
                                                      0.052     1.284 r  OSDZU3x_BYOTEE_i/mdm_1/U0/MDM_Core_I1/JTAG_CONTROL_I/Test_Access_Port.BUFG_DRCK/Using_FPGA.Native/O
    X0Y1 (CLOCK_ROOT)    net (fo=347, routed)         1.181     2.465    <hidden>
    SLICE_X9Y46          FDRE                                         r  <hidden>
  -------------------------------------------------------------------    -------------------
    SLICE_X9Y46          FDRE (Prop_DFF_SLICEM_C_Q)
                                                      0.039     2.504 r  <hidden>
                         net (fo=5, routed)           0.049     2.553    <hidden>
    SLICE_X9Y46          FDRE                                         r  <hidden>
  -------------------------------------------------------------------    -------------------

                         (clock OSDZU3x_BYOTEE_i/mdm_1/U0/Use_E2.BSCAN_I/Use_E2.BSCANE2_I/TCK rise edge)
                                                      0.000     0.000 r  
    CONFIG_SITE_X0Y0     BSCANE2                      0.000     0.000 r  OSDZU3x_BYOTEE_i/mdm_1/U0/Use_E2.BSCAN_I/Use_E2.BSCANE2_I/INTERNAL_TCK
    CONFIG_SITE_X0Y0     BSCANE2 (Prop_BSCAN2_CONFIG_SITE_INTERNAL_TCK_TCK)
                                                      5.900     5.900 r  OSDZU3x_BYOTEE_i/mdm_1/U0/Use_E2.BSCAN_I/Use_E2.BSCANE2_I/TCK
                         net (fo=2, routed)           0.888     6.788    OSDZU3x_BYOTEE_i/mdm_1/U0/Use_JTAG_BSCAN.BUFG_JTAG_TCK/lopt
    BUFGCTRL_X0Y16       BUFGCTRL (Prop_BUFGCTRL_I0_O)
                                                      0.061     6.849 r  OSDZU3x_BYOTEE_i/mdm_1/U0/Use_JTAG_BSCAN.BUFG_JTAG_TCK/Using_FPGA.Native/O
                         net (fo=33, routed)          0.056     6.905    OSDZU3x_BYOTEE_i/mdm_1/U0/MDM_Core_I1/JTAG_CONTROL_I/Test_Access_Port.BUFG_DRCK/Use_JTAG_BSCAN.tck_int
    BUFGCTRL_X0Y23       BUFGCTRL (Prop_BUFGCTRL_I0_O)
                                                      0.061     6.966 r  OSDZU3x_BYOTEE_i/mdm_1/U0/MDM_Core_I1/JTAG_CONTROL_I/Test_Access_Port.BUFG_DRCK/Using_FPGA.Native/O
    X0Y1 (CLOCK_ROOT)    net (fo=347, routed)         1.333     8.299    <hidden>
    SLICE_X9Y46          FDRE                                         r  <hidden>
                         clock pessimism             -5.828     2.471    
    SLICE_X9Y46          FDRE (Hold_CFF2_SLICEM_C_D)
                                                      0.047     2.518    <hidden>
  -------------------------------------------------------------------
                         required time                         -2.518    
                         arrival time                           2.553    
  -------------------------------------------------------------------
                         slack                                  0.035    

Slack (MET) :             0.038ns  (arrival time - required time)
  Source:                 OSDZU3x_BYOTEE_i/mdm_1/U0/MDM_Core_I1/JTAG_CONTROL_I/dmcontrol_read_reg[30]/C
                            (rising edge-triggered cell FDRE clocked by OSDZU3x_BYOTEE_i/mdm_1/U0/Use_E2.BSCAN_I/Use_E2.BSCANE2_I/TCK  {rise@0.000ns fall@16.667ns period=33.333ns})
  Destination:            OSDZU3x_BYOTEE_i/mdm_1/U0/MDM_Core_I1/JTAG_CONTROL_I/dmcontrol_read_reg[29]/D
                            (rising edge-triggered cell FDRE clocked by OSDZU3x_BYOTEE_i/mdm_1/U0/Use_E2.BSCAN_I/Use_E2.BSCANE2_I/TCK  {rise@0.000ns fall@16.667ns period=33.333ns})
  Path Group:             OSDZU3x_BYOTEE_i/mdm_1/U0/Use_E2.BSCAN_I/Use_E2.BSCANE2_I/TCK
  Path Type:              Hold (Min at Fast Process Corner)
  Requirement:            0.000ns  (OSDZU3x_BYOTEE_i/mdm_1/U0/Use_E2.BSCAN_I/Use_E2.BSCANE2_I/TCK rise@0.000ns - OSDZU3x_BYOTEE_i/mdm_1/U0/Use_E2.BSCAN_I/Use_E2.BSCANE2_I/TCK rise@0.000ns)
  Data Path Delay:        0.138ns  (logic 0.059ns (42.754%)  route 0.079ns (57.246%))
  Logic Levels:           1  (LUT2=1)
  Clock Path Skew:        0.053ns (DCD - SCD - CPR)
    Destination Clock Delay (DCD):    8.288ns
    Source Clock Delay      (SCD):    2.452ns
    Clock Pessimism Removal (CPR):    5.783ns
  Clock Net Delay (Source):      1.169ns (routing 0.618ns, distribution 0.551ns)
  Clock Net Delay (Destination): 1.323ns (routing 0.689ns, distribution 0.634ns)

    Location             Delay type                Incr(ns)  Path(ns)    Netlist Resource(s)
  -------------------------------------------------------------------    -------------------
                         (clock OSDZU3x_BYOTEE_i/mdm_1/U0/Use_E2.BSCAN_I/Use_E2.BSCANE2_I/TCK rise edge)
                                                      0.000     0.000 r  
    CONFIG_SITE_X0Y0     BSCANE2                      0.000     0.000 r  OSDZU3x_BYOTEE_i/mdm_1/U0/Use_E2.BSCAN_I/Use_E2.BSCANE2_I/INTERNAL_TCK
    CONFIG_SITE_X0Y0     BSCANE2 (Prop_BSCAN2_CONFIG_SITE_INTERNAL_TCK_TCK)
                                                      0.465     0.465 r  OSDZU3x_BYOTEE_i/mdm_1/U0/Use_E2.BSCAN_I/Use_E2.BSCANE2_I/TCK
                         net (fo=2, routed)           0.666     1.131    OSDZU3x_BYOTEE_i/mdm_1/U0/Use_JTAG_BSCAN.BUFG_JTAG_TCK/lopt
    BUFGCTRL_X0Y16       BUFGCTRL (Prop_BUFGCTRL_I0_O)
                                                      0.052     1.183 r  OSDZU3x_BYOTEE_i/mdm_1/U0/Use_JTAG_BSCAN.BUFG_JTAG_TCK/Using_FPGA.Native/O
                         net (fo=33, routed)          0.049     1.232    OSDZU3x_BYOTEE_i/mdm_1/U0/MDM_Core_I1/JTAG_CONTROL_I/Test_Access_Port.BUFG_DRCK/Use_JTAG_BSCAN.tck_int
    BUFGCTRL_X0Y23       BUFGCTRL (Prop_BUFGCTRL_I0_O)
                                                      0.052     1.284 r  OSDZU3x_BYOTEE_i/mdm_1/U0/MDM_Core_I1/JTAG_CONTROL_I/Test_Access_Port.BUFG_DRCK/Using_FPGA.Native/O
    X0Y1 (CLOCK_ROOT)    net (fo=347, routed)         1.169     2.452    OSDZU3x_BYOTEE_i/mdm_1/U0/MDM_Core_I1/JTAG_CONTROL_I/Using_FPGA.Native
    SLICE_X10Y80         FDRE                                         r  OSDZU3x_BYOTEE_i/mdm_1/U0/MDM_Core_I1/JTAG_CONTROL_I/dmcontrol_read_reg[30]/C
  -------------------------------------------------------------------    -------------------
    SLICE_X10Y80         FDRE (Prop_HFF2_SLICEL_C_Q)
                                                      0.039     2.491 r  OSDZU3x_BYOTEE_i/mdm_1/U0/MDM_Core_I1/JTAG_CONTROL_I/dmcontrol_read_reg[30]/Q
                         net (fo=1, routed)           0.072     2.563    OSDZU3x_BYOTEE_i/mdm_1/U0/MDM_Core_I1/JTAG_CONTROL_I/dmcontrol_read[30]
    SLICE_X11Y81         LUT2 (Prop_A5LUT_SLICEL_I0_O)
                                                      0.020     2.583 r  OSDZU3x_BYOTEE_i/mdm_1/U0/MDM_Core_I1/JTAG_CONTROL_I/dmcontrol_read[29]_i_1/O
                         net (fo=1, routed)           0.007     2.590    OSDZU3x_BYOTEE_i/mdm_1/U0/MDM_Core_I1/JTAG_CONTROL_I/dmcontrol_read[29]_i_1_n_0
    SLICE_X11Y81         FDRE                                         r  OSDZU3x_BYOTEE_i/mdm_1/U0/MDM_Core_I1/JTAG_CONTROL_I/dmcontrol_read_reg[29]/D
  -------------------------------------------------------------------    -------------------

                         (clock OSDZU3x_BYOTEE_i/mdm_1/U0/Use_E2.BSCAN_I/Use_E2.BSCANE2_I/TCK rise edge)
                                                      0.000     0.000 r  
    CONFIG_SITE_X0Y0     BSCANE2                      0.000     0.000 r  OSDZU3x_BYOTEE_i/mdm_1/U0/Use_E2.BSCAN_I/Use_E2.BSCANE2_I/INTERNAL_TCK
    CONFIG_SITE_X0Y0     BSCANE2 (Prop_BSCAN2_CONFIG_SITE_INTERNAL_TCK_TCK)
                                                      5.900     5.900 r  OSDZU3x_BYOTEE_i/mdm_1/U0/Use_E2.BSCAN_I/Use_E2.BSCANE2_I/TCK
                         net (fo=2, routed)           0.888     6.788    OSDZU3x_BYOTEE_i/mdm_1/U0/Use_JTAG_BSCAN.BUFG_JTAG_TCK/lopt
    BUFGCTRL_X0Y16       BUFGCTRL (Prop_BUFGCTRL_I0_O)
                                                      0.061     6.849 r  OSDZU3x_BYOTEE_i/mdm_1/U0/Use_JTAG_BSCAN.BUFG_JTAG_TCK/Using_FPGA.Native/O
                         net (fo=33, routed)          0.056     6.905    OSDZU3x_BYOTEE_i/mdm_1/U0/MDM_Core_I1/JTAG_CONTROL_I/Test_Access_Port.BUFG_DRCK/Use_JTAG_BSCAN.tck_int
    BUFGCTRL_X0Y23       BUFGCTRL (Prop_BUFGCTRL_I0_O)
                                                      0.061     6.966 r  OSDZU3x_BYOTEE_i/mdm_1/U0/MDM_Core_I1/JTAG_CONTROL_I/Test_Access_Port.BUFG_DRCK/Using_FPGA.Native/O
    X0Y1 (CLOCK_ROOT)    net (fo=347, routed)         1.323     8.288    OSDZU3x_BYOTEE_i/mdm_1/U0/MDM_Core_I1/JTAG_CONTROL_I/Using_FPGA.Native
    SLICE_X11Y81         FDRE                                         r  OSDZU3x_BYOTEE_i/mdm_1/U0/MDM_Core_I1/JTAG_CONTROL_I/dmcontrol_read_reg[29]/C
                         clock pessimism             -5.783     2.506    
    SLICE_X11Y81         FDRE (Hold_AFF2_SLICEL_C_D)
                                                      0.047     2.553    OSDZU3x_BYOTEE_i/mdm_1/U0/MDM_Core_I1/JTAG_CONTROL_I/dmcontrol_read_reg[29]
  -------------------------------------------------------------------
                         required time                         -2.553    
                         arrival time                           2.590    
  -------------------------------------------------------------------
                         slack                                  0.038    

Slack (MET) :             0.038ns  (arrival time - required time)
  Source:                 OSDZU3x_BYOTEE_i/mdm_1/U0/MDM_Core_I1/JTAG_CONTROL_I/Use_Dbg_Mem_Access.sbcs_read_reg[8]/C
                            (rising edge-triggered cell FDRE clocked by OSDZU3x_BYOTEE_i/mdm_1/U0/Use_E2.BSCAN_I/Use_E2.BSCANE2_I/TCK  {rise@0.000ns fall@16.667ns period=33.333ns})
  Destination:            OSDZU3x_BYOTEE_i/mdm_1/U0/MDM_Core_I1/JTAG_CONTROL_I/Use_Dbg_Mem_Access.sbcs_read_reg[7]/D
                            (rising edge-triggered cell FDRE clocked by OSDZU3x_BYOTEE_i/mdm_1/U0/Use_E2.BSCAN_I/Use_E2.BSCANE2_I/TCK  {rise@0.000ns fall@16.667ns period=33.333ns})
  Path Group:             OSDZU3x_BYOTEE_i/mdm_1/U0/Use_E2.BSCAN_I/Use_E2.BSCANE2_I/TCK
  Path Type:              Hold (Min at Fast Process Corner)
  Requirement:            0.000ns  (OSDZU3x_BYOTEE_i/mdm_1/U0/Use_E2.BSCAN_I/Use_E2.BSCANE2_I/TCK rise@0.000ns - OSDZU3x_BYOTEE_i/mdm_1/U0/Use_E2.BSCAN_I/Use_E2.BSCANE2_I/TCK rise@0.000ns)
  Data Path Delay:        0.091ns  (logic 0.060ns (65.934%)  route 0.031ns (34.066%))
  Logic Levels:           1  (LUT2=1)
  Clock Path Skew:        0.006ns (DCD - SCD - CPR)
    Destination Clock Delay (DCD):    8.292ns
    Source Clock Delay      (SCD):    2.461ns
    Clock Pessimism Removal (CPR):    5.826ns
  Clock Net Delay (Source):      1.177ns (routing 0.618ns, distribution 0.559ns)
  Clock Net Delay (Destination): 1.327ns (routing 0.689ns, distribution 0.638ns)

    Location             Delay type                Incr(ns)  Path(ns)    Netlist Resource(s)
  -------------------------------------------------------------------    -------------------
                         (clock OSDZU3x_BYOTEE_i/mdm_1/U0/Use_E2.BSCAN_I/Use_E2.BSCANE2_I/TCK rise edge)
                                                      0.000     0.000 r  
    CONFIG_SITE_X0Y0     BSCANE2                      0.000     0.000 r  OSDZU3x_BYOTEE_i/mdm_1/U0/Use_E2.BSCAN_I/Use_E2.BSCANE2_I/INTERNAL_TCK
    CONFIG_SITE_X0Y0     BSCANE2 (Prop_BSCAN2_CONFIG_SITE_INTERNAL_TCK_TCK)
                                                      0.465     0.465 r  OSDZU3x_BYOTEE_i/mdm_1/U0/Use_E2.BSCAN_I/Use_E2.BSCANE2_I/TCK
                         net (fo=2, routed)           0.666     1.131    OSDZU3x_BYOTEE_i/mdm_1/U0/Use_JTAG_BSCAN.BUFG_JTAG_TCK/lopt
    BUFGCTRL_X0Y16       BUFGCTRL (Prop_BUFGCTRL_I0_O)
                                                      0.052     1.183 r  OSDZU3x_BYOTEE_i/mdm_1/U0/Use_JTAG_BSCAN.BUFG_JTAG_TCK/Using_FPGA.Native/O
                         net (fo=33, routed)          0.049     1.232    OSDZU3x_BYOTEE_i/mdm_1/U0/MDM_Core_I1/JTAG_CONTROL_I/Test_Access_Port.BUFG_DRCK/Use_JTAG_BSCAN.tck_int
    BUFGCTRL_X0Y23       BUFGCTRL (Prop_BUFGCTRL_I0_O)
                                                      0.052     1.284 r  OSDZU3x_BYOTEE_i/mdm_1/U0/MDM_Core_I1/JTAG_CONTROL_I/Test_Access_Port.BUFG_DRCK/Using_FPGA.Native/O
    X0Y1 (CLOCK_ROOT)    net (fo=347, routed)         1.177     2.461    OSDZU3x_BYOTEE_i/mdm_1/U0/MDM_Core_I1/JTAG_CONTROL_I/Using_FPGA.Native
    SLICE_X12Y81         FDRE                                         r  OSDZU3x_BYOTEE_i/mdm_1/U0/MDM_Core_I1/JTAG_CONTROL_I/Use_Dbg_Mem_Access.sbcs_read_reg[8]/C
  -------------------------------------------------------------------    -------------------
    SLICE_X12Y81         FDRE (Prop_EFF_SLICEL_C_Q)
                                                      0.039     2.500 r  OSDZU3x_BYOTEE_i/mdm_1/U0/MDM_Core_I1/JTAG_CONTROL_I/Use_Dbg_Mem_Access.sbcs_read_reg[8]/Q
                         net (fo=1, routed)           0.024     2.524    OSDZU3x_BYOTEE_i/mdm_1/U0/MDM_Core_I1/JTAG_CONTROL_I/Use_Dbg_Mem_Access.sbcs_read[8]
    SLICE_X12Y81         LUT2 (Prop_F5LUT_SLICEL_I0_O)
                                                      0.021     2.545 r  OSDZU3x_BYOTEE_i/mdm_1/U0/MDM_Core_I1/JTAG_CONTROL_I/Use_Dbg_Mem_Access.sbcs_read[7]_i_1/O
                         net (fo=1, routed)           0.007     2.552    OSDZU3x_BYOTEE_i/mdm_1/U0/MDM_Core_I1/JTAG_CONTROL_I/Use_Dbg_Mem_Access.sbcs_read[7]_i_1_n_0
    SLICE_X12Y81         FDRE                                         r  OSDZU3x_BYOTEE_i/mdm_1/U0/MDM_Core_I1/JTAG_CONTROL_I/Use_Dbg_Mem_Access.sbcs_read_reg[7]/D
  -------------------------------------------------------------------    -------------------

                         (clock OSDZU3x_BYOTEE_i/mdm_1/U0/Use_E2.BSCAN_I/Use_E2.BSCANE2_I/TCK rise edge)
                                                      0.000     0.000 r  
    CONFIG_SITE_X0Y0     BSCANE2                      0.000     0.000 r  OSDZU3x_BYOTEE_i/mdm_1/U0/Use_E2.BSCAN_I/Use_E2.BSCANE2_I/INTERNAL_TCK
    CONFIG_SITE_X0Y0     BSCANE2 (Prop_BSCAN2_CONFIG_SITE_INTERNAL_TCK_TCK)
                                                      5.900     5.900 r  OSDZU3x_BYOTEE_i/mdm_1/U0/Use_E2.BSCAN_I/Use_E2.BSCANE2_I/TCK
                         net (fo=2, routed)           0.888     6.788    OSDZU3x_BYOTEE_i/mdm_1/U0/Use_JTAG_BSCAN.BUFG_JTAG_TCK/lopt
    BUFGCTRL_X0Y16       BUFGCTRL (Prop_BUFGCTRL_I0_O)
                                                      0.061     6.849 r  OSDZU3x_BYOTEE_i/mdm_1/U0/Use_JTAG_BSCAN.BUFG_JTAG_TCK/Using_FPGA.Native/O
                         net (fo=33, routed)          0.056     6.905    OSDZU3x_BYOTEE_i/mdm_1/U0/MDM_Core_I1/JTAG_CONTROL_I/Test_Access_Port.BUFG_DRCK/Use_JTAG_BSCAN.tck_int
    BUFGCTRL_X0Y23       BUFGCTRL (Prop_BUFGCTRL_I0_O)
                                                      0.061     6.966 r  OSDZU3x_BYOTEE_i/mdm_1/U0/MDM_Core_I1/JTAG_CONTROL_I/Test_Access_Port.BUFG_DRCK/Using_FPGA.Native/O
    X0Y1 (CLOCK_ROOT)    net (fo=347, routed)         1.327     8.292    OSDZU3x_BYOTEE_i/mdm_1/U0/MDM_Core_I1/JTAG_CONTROL_I/Using_FPGA.Native
    SLICE_X12Y81         FDRE                                         r  OSDZU3x_BYOTEE_i/mdm_1/U0/MDM_Core_I1/JTAG_CONTROL_I/Use_Dbg_Mem_Access.sbcs_read_reg[7]/C
                         clock pessimism             -5.826     2.467    
    SLICE_X12Y81         FDRE (Hold_FFF2_SLICEL_C_D)
                                                      0.047     2.514    OSDZU3x_BYOTEE_i/mdm_1/U0/MDM_Core_I1/JTAG_CONTROL_I/Use_Dbg_Mem_Access.sbcs_read_reg[7]
  -------------------------------------------------------------------
                         required time                         -2.514    
                         arrival time                           2.552    
  -------------------------------------------------------------------
                         slack                                  0.038    

Slack (MET) :             0.038ns  (arrival time - required time)
  Source:                 OSDZU3x_BYOTEE_i/mdm_1/U0/MDM_Core_I1/JTAG_CONTROL_I/Use_Dbg_Mem_Access.sbaddress0_read_reg[25]/C
                            (rising edge-triggered cell FDRE clocked by OSDZU3x_BYOTEE_i/mdm_1/U0/Use_E2.BSCAN_I/Use_E2.BSCANE2_I/TCK  {rise@0.000ns fall@16.667ns period=33.333ns})
  Destination:            OSDZU3x_BYOTEE_i/mdm_1/U0/MDM_Core_I1/JTAG_CONTROL_I/Use_Dbg_Mem_Access.sbaddress0_read_reg[24]/D
                            (rising edge-triggered cell FDRE clocked by OSDZU3x_BYOTEE_i/mdm_1/U0/Use_E2.BSCAN_I/Use_E2.BSCANE2_I/TCK  {rise@0.000ns fall@16.667ns period=33.333ns})
  Path Group:             OSDZU3x_BYOTEE_i/mdm_1/U0/Use_E2.BSCAN_I/Use_E2.BSCANE2_I/TCK
  Path Type:              Hold (Min at Fast Process Corner)
  Requirement:            0.000ns  (OSDZU3x_BYOTEE_i/mdm_1/U0/Use_E2.BSCAN_I/Use_E2.BSCANE2_I/TCK rise@0.000ns - OSDZU3x_BYOTEE_i/mdm_1/U0/Use_E2.BSCAN_I/Use_E2.BSCANE2_I/TCK rise@0.000ns)
  Data Path Delay:        0.091ns  (logic 0.060ns (65.934%)  route 0.031ns (34.066%))
  Logic Levels:           1  (LUT3=1)
  Clock Path Skew:        0.006ns (DCD - SCD - CPR)
    Destination Clock Delay (DCD):    8.274ns
    Source Clock Delay      (SCD):    2.445ns
    Clock Pessimism Removal (CPR):    5.823ns
  Clock Net Delay (Source):      1.161ns (routing 0.618ns, distribution 0.543ns)
  Clock Net Delay (Destination): 1.308ns (routing 0.689ns, distribution 0.619ns)

    Location             Delay type                Incr(ns)  Path(ns)    Netlist Resource(s)
  -------------------------------------------------------------------    -------------------
                         (clock OSDZU3x_BYOTEE_i/mdm_1/U0/Use_E2.BSCAN_I/Use_E2.BSCANE2_I/TCK rise edge)
                                                      0.000     0.000 r  
    CONFIG_SITE_X0Y0     BSCANE2                      0.000     0.000 r  OSDZU3x_BYOTEE_i/mdm_1/U0/Use_E2.BSCAN_I/Use_E2.BSCANE2_I/INTERNAL_TCK
    CONFIG_SITE_X0Y0     BSCANE2 (Prop_BSCAN2_CONFIG_SITE_INTERNAL_TCK_TCK)
                                                      0.465     0.465 r  OSDZU3x_BYOTEE_i/mdm_1/U0/Use_E2.BSCAN_I/Use_E2.BSCANE2_I/TCK
                         net (fo=2, routed)           0.666     1.131    OSDZU3x_BYOTEE_i/mdm_1/U0/Use_JTAG_BSCAN.BUFG_JTAG_TCK/lopt
    BUFGCTRL_X0Y16       BUFGCTRL (Prop_BUFGCTRL_I0_O)
                                                      0.052     1.183 r  OSDZU3x_BYOTEE_i/mdm_1/U0/Use_JTAG_BSCAN.BUFG_JTAG_TCK/Using_FPGA.Native/O
                         net (fo=33, routed)          0.049     1.232    OSDZU3x_BYOTEE_i/mdm_1/U0/MDM_Core_I1/JTAG_CONTROL_I/Test_Access_Port.BUFG_DRCK/Use_JTAG_BSCAN.tck_int
    BUFGCTRL_X0Y23       BUFGCTRL (Prop_BUFGCTRL_I0_O)
                                                      0.052     1.284 r  OSDZU3x_BYOTEE_i/mdm_1/U0/MDM_Core_I1/JTAG_CONTROL_I/Test_Access_Port.BUFG_DRCK/Using_FPGA.Native/O
    X0Y1 (CLOCK_ROOT)    net (fo=347, routed)         1.161     2.445    OSDZU3x_BYOTEE_i/mdm_1/U0/MDM_Core_I1/JTAG_CONTROL_I/Using_FPGA.Native
    SLICE_X6Y76          FDRE                                         r  OSDZU3x_BYOTEE_i/mdm_1/U0/MDM_Core_I1/JTAG_CONTROL_I/Use_Dbg_Mem_Access.sbaddress0_read_reg[25]/C
  -------------------------------------------------------------------    -------------------
    SLICE_X6Y76          FDRE (Prop_AFF_SLICEL_C_Q)
                                                      0.039     2.484 r  OSDZU3x_BYOTEE_i/mdm_1/U0/MDM_Core_I1/JTAG_CONTROL_I/Use_Dbg_Mem_Access.sbaddress0_read_reg[25]/Q
                         net (fo=1, routed)           0.024     2.508    OSDZU3x_BYOTEE_i/mdm_1/U0/MDM_Core_I1/JTAG_CONTROL_I/Use_Dbg_Mem_Access.sbaddress0_read[25]
    SLICE_X6Y76          LUT3 (Prop_B5LUT_SLICEL_I2_O)
                                                      0.021     2.529 r  OSDZU3x_BYOTEE_i/mdm_1/U0/MDM_Core_I1/JTAG_CONTROL_I/Use_Dbg_Mem_Access.sbaddress0_read[24]_i_1/O
                         net (fo=1, routed)           0.007     2.536    OSDZU3x_BYOTEE_i/mdm_1/U0/MDM_Core_I1/JTAG_CONTROL_I/Use_Dbg_Mem_Access.sbaddress0_read[24]_i_1_n_0
    SLICE_X6Y76          FDRE                                         r  OSDZU3x_BYOTEE_i/mdm_1/U0/MDM_Core_I1/JTAG_CONTROL_I/Use_Dbg_Mem_Access.sbaddress0_read_reg[24]/D
  -------------------------------------------------------------------    -------------------

                         (clock OSDZU3x_BYOTEE_i/mdm_1/U0/Use_E2.BSCAN_I/Use_E2.BSCANE2_I/TCK rise edge)
                                                      0.000     0.000 r  
    CONFIG_SITE_X0Y0     BSCANE2                      0.000     0.000 r  OSDZU3x_BYOTEE_i/mdm_1/U0/Use_E2.BSCAN_I/Use_E2.BSCANE2_I/INTERNAL_TCK
    CONFIG_SITE_X0Y0     BSCANE2 (Prop_BSCAN2_CONFIG_SITE_INTERNAL_TCK_TCK)
                                                      5.900     5.900 r  OSDZU3x_BYOTEE_i/mdm_1/U0/Use_E2.BSCAN_I/Use_E2.BSCANE2_I/TCK
                         net (fo=2, routed)           0.888     6.788    OSDZU3x_BYOTEE_i/mdm_1/U0/Use_JTAG_BSCAN.BUFG_JTAG_TCK/lopt
    BUFGCTRL_X0Y16       BUFGCTRL (Prop_BUFGCTRL_I0_O)
                                                      0.061     6.849 r  OSDZU3x_BYOTEE_i/mdm_1/U0/Use_JTAG_BSCAN.BUFG_JTAG_TCK/Using_FPGA.Native/O
                         net (fo=33, routed)          0.056     6.905    OSDZU3x_BYOTEE_i/mdm_1/U0/MDM_Core_I1/JTAG_CONTROL_I/Test_Access_Port.BUFG_DRCK/Use_JTAG_BSCAN.tck_int
    BUFGCTRL_X0Y23       BUFGCTRL (Prop_BUFGCTRL_I0_O)
                                                      0.061     6.966 r  OSDZU3x_BYOTEE_i/mdm_1/U0/MDM_Core_I1/JTAG_CONTROL_I/Test_Access_Port.BUFG_DRCK/Using_FPGA.Native/O
    X0Y1 (CLOCK_ROOT)    net (fo=347, routed)         1.308     8.274    OSDZU3x_BYOTEE_i/mdm_1/U0/MDM_Core_I1/JTAG_CONTROL_I/Using_FPGA.Native
    SLICE_X6Y76          FDRE                                         r  OSDZU3x_BYOTEE_i/mdm_1/U0/MDM_Core_I1/JTAG_CONTROL_I/Use_Dbg_Mem_Access.sbaddress0_read_reg[24]/C
                         clock pessimism             -5.823     2.451    
    SLICE_X6Y76          FDRE (Hold_BFF2_SLICEL_C_D)
                                                      0.047     2.498    OSDZU3x_BYOTEE_i/mdm_1/U0/MDM_Core_I1/JTAG_CONTROL_I/Use_Dbg_Mem_Access.sbaddress0_read_reg[24]
  -------------------------------------------------------------------
                         required time                         -2.498    
                         arrival time                           2.536    
  -------------------------------------------------------------------
                         slack                                  0.038    

Slack (MET) :             0.042ns  (arrival time - required time)
  Source:                 OSDZU3x_BYOTEE_i/mdm_1/U0/MDM_Core_I1/JTAG_CONTROL_I/dmstatus_shift_count_reg[4]/C
                            (rising edge-triggered cell FDRE clocked by OSDZU3x_BYOTEE_i/mdm_1/U0/Use_E2.BSCAN_I/Use_E2.BSCANE2_I/TCK  {rise@0.000ns fall@16.667ns period=33.333ns})
  Destination:            OSDZU3x_BYOTEE_i/mdm_1/U0/MDM_Core_I1/JTAG_CONTROL_I/dmstatus_shift_count_reg[4]/D
                            (rising edge-triggered cell FDRE clocked by OSDZU3x_BYOTEE_i/mdm_1/U0/Use_E2.BSCAN_I/Use_E2.BSCANE2_I/TCK  {rise@0.000ns fall@16.667ns period=33.333ns})
  Path Group:             OSDZU3x_BYOTEE_i/mdm_1/U0/Use_E2.BSCAN_I/Use_E2.BSCANE2_I/TCK
  Path Type:              Hold (Min at Fast Process Corner)
  Requirement:            0.000ns  (OSDZU3x_BYOTEE_i/mdm_1/U0/Use_E2.BSCAN_I/Use_E2.BSCANE2_I/TCK rise@0.000ns - OSDZU3x_BYOTEE_i/mdm_1/U0/Use_E2.BSCAN_I/Use_E2.BSCANE2_I/TCK rise@0.000ns)
  Data Path Delay:        0.094ns  (logic 0.054ns (57.390%)  route 0.040ns (42.610%))
  Logic Levels:           1  (LUT6=1)
  Clock Path Skew:        0.006ns (DCD - SCD - CPR)
    Destination Clock Delay (DCD):    8.283ns
    Source Clock Delay      (SCD):    2.453ns
    Clock Pessimism Removal (CPR):    5.824ns
  Clock Net Delay (Source):      1.169ns (routing 0.618ns, distribution 0.551ns)
  Clock Net Delay (Destination): 1.317ns (routing 0.689ns, distribution 0.628ns)

    Location             Delay type                Incr(ns)  Path(ns)    Netlist Resource(s)
  -------------------------------------------------------------------    -------------------
                         (clock OSDZU3x_BYOTEE_i/mdm_1/U0/Use_E2.BSCAN_I/Use_E2.BSCANE2_I/TCK rise edge)
                                                      0.000     0.000 r  
    CONFIG_SITE_X0Y0     BSCANE2                      0.000     0.000 r  OSDZU3x_BYOTEE_i/mdm_1/U0/Use_E2.BSCAN_I/Use_E2.BSCANE2_I/INTERNAL_TCK
    CONFIG_SITE_X0Y0     BSCANE2 (Prop_BSCAN2_CONFIG_SITE_INTERNAL_TCK_TCK)
                                                      0.465     0.465 r  OSDZU3x_BYOTEE_i/mdm_1/U0/Use_E2.BSCAN_I/Use_E2.BSCANE2_I/TCK
                         net (fo=2, routed)           0.666     1.131    OSDZU3x_BYOTEE_i/mdm_1/U0/Use_JTAG_BSCAN.BUFG_JTAG_TCK/lopt
    BUFGCTRL_X0Y16       BUFGCTRL (Prop_BUFGCTRL_I0_O)
                                                      0.052     1.183 r  OSDZU3x_BYOTEE_i/mdm_1/U0/Use_JTAG_BSCAN.BUFG_JTAG_TCK/Using_FPGA.Native/O
                         net (fo=33, routed)          0.049     1.232    OSDZU3x_BYOTEE_i/mdm_1/U0/MDM_Core_I1/JTAG_CONTROL_I/Test_Access_Port.BUFG_DRCK/Use_JTAG_BSCAN.tck_int
    BUFGCTRL_X0Y23       BUFGCTRL (Prop_BUFGCTRL_I0_O)
                                                      0.052     1.284 r  OSDZU3x_BYOTEE_i/mdm_1/U0/MDM_Core_I1/JTAG_CONTROL_I/Test_Access_Port.BUFG_DRCK/Using_FPGA.Native/O
    X0Y1 (CLOCK_ROOT)    net (fo=347, routed)         1.169     2.453    OSDZU3x_BYOTEE_i/mdm_1/U0/MDM_Core_I1/JTAG_CONTROL_I/Using_FPGA.Native
    SLICE_X13Y79         FDRE                                         r  OSDZU3x_BYOTEE_i/mdm_1/U0/MDM_Core_I1/JTAG_CONTROL_I/dmstatus_shift_count_reg[4]/C
  -------------------------------------------------------------------    -------------------
    SLICE_X13Y79         FDRE (Prop_BFF_SLICEL_C_Q)
                                                      0.039     2.492 r  OSDZU3x_BYOTEE_i/mdm_1/U0/MDM_Core_I1/JTAG_CONTROL_I/dmstatus_shift_count_reg[4]/Q
                         net (fo=2, routed)           0.025     2.517    OSDZU3x_BYOTEE_i/mdm_1/U0/MDM_Core_I1/JTAG_CONTROL_I/dmstatus_shift_count_reg[4]
    SLICE_X13Y79         LUT6 (Prop_B6LUT_SLICEL_I5_O)
                                                      0.015     2.532 r  OSDZU3x_BYOTEE_i/mdm_1/U0/MDM_Core_I1/JTAG_CONTROL_I/dmstatus_shift_count[4]_i_1/O
                         net (fo=1, routed)           0.015     2.547    OSDZU3x_BYOTEE_i/mdm_1/U0/MDM_Core_I1/JTAG_CONTROL_I/dmstatus_shift_count[4]_i_1_n_0
    SLICE_X13Y79         FDRE                                         r  OSDZU3x_BYOTEE_i/mdm_1/U0/MDM_Core_I1/JTAG_CONTROL_I/dmstatus_shift_count_reg[4]/D
  -------------------------------------------------------------------    -------------------

                         (clock OSDZU3x_BYOTEE_i/mdm_1/U0/Use_E2.BSCAN_I/Use_E2.BSCANE2_I/TCK rise edge)
                                                      0.000     0.000 r  
    CONFIG_SITE_X0Y0     BSCANE2                      0.000     0.000 r  OSDZU3x_BYOTEE_i/mdm_1/U0/Use_E2.BSCAN_I/Use_E2.BSCANE2_I/INTERNAL_TCK
    CONFIG_SITE_X0Y0     BSCANE2 (Prop_BSCAN2_CONFIG_SITE_INTERNAL_TCK_TCK)
                                                      5.900     5.900 r  OSDZU3x_BYOTEE_i/mdm_1/U0/Use_E2.BSCAN_I/Use_E2.BSCANE2_I/TCK
                         net (fo=2, routed)           0.888     6.788    OSDZU3x_BYOTEE_i/mdm_1/U0/Use_JTAG_BSCAN.BUFG_JTAG_TCK/lopt
    BUFGCTRL_X0Y16       BUFGCTRL (Prop_BUFGCTRL_I0_O)
                                                      0.061     6.849 r  OSDZU3x_BYOTEE_i/mdm_1/U0/Use_JTAG_BSCAN.BUFG_JTAG_TCK/Using_FPGA.Native/O
                         net (fo=33, routed)          0.056     6.905    OSDZU3x_BYOTEE_i/mdm_1/U0/MDM_Core_I1/JTAG_CONTROL_I/Test_Access_Port.BUFG_DRCK/Use_JTAG_BSCAN.tck_int
    BUFGCTRL_X0Y23       BUFGCTRL (Prop_BUFGCTRL_I0_O)
                                                      0.061     6.966 r  OSDZU3x_BYOTEE_i/mdm_1/U0/MDM_Core_I1/JTAG_CONTROL_I/Test_Access_Port.BUFG_DRCK/Using_FPGA.Native/O
    X0Y1 (CLOCK_ROOT)    net (fo=347, routed)         1.317     8.283    OSDZU3x_BYOTEE_i/mdm_1/U0/MDM_Core_I1/JTAG_CONTROL_I/Using_FPGA.Native
    SLICE_X13Y79         FDRE                                         r  OSDZU3x_BYOTEE_i/mdm_1/U0/MDM_Core_I1/JTAG_CONTROL_I/dmstatus_shift_count_reg[4]/C
                         clock pessimism             -5.824     2.459    
    SLICE_X13Y79         FDRE (Hold_BFF_SLICEL_C_D)
                                                      0.046     2.505    OSDZU3x_BYOTEE_i/mdm_1/U0/MDM_Core_I1/JTAG_CONTROL_I/dmstatus_shift_count_reg[4]
  -------------------------------------------------------------------
                         required time                         -2.505    
                         arrival time                           2.547    
  -------------------------------------------------------------------
                         slack                                  0.042    





Pulse Width Checks
--------------------------------------------------------------------------------------
Clock Name:         OSDZU3x_BYOTEE_i/mdm_1/U0/Use_E2.BSCAN_I/Use_E2.BSCANE2_I/TCK
Waveform(ns):       { 0.000 16.667 }
Period(ns):         33.333
Sources:            { OSDZU3x_BYOTEE_i/mdm_1/U0/Use_E2.BSCAN_I/Use_E2.BSCANE2_I/TCK }

Check Type        Corner  Lib Pin      Reference Pin  Required(ns)  Actual(ns)  Slack(ns)  Location        Pin
Min Period        n/a     BUFGCTRL/I0  n/a            1.499         33.333      31.834     BUFGCTRL_X0Y23  OSDZU3x_BYOTEE_i/mdm_1/U0/MDM_Core_I1/JTAG_CONTROL_I/Test_Access_Port.BUFG_DRCK/Using_FPGA.Native/I0
Min Period        n/a     BUFGCE/I     n/a            1.499         33.333      31.834     BUFGCE_X0Y10    OSDZU3x_BYOTEE_i/mdm_1/U0/Use_E2.BSCAN_I/tck_BUFG_inst/I
Min Period        n/a     BUFGCTRL/I0  n/a            1.499         33.333      31.834     BUFGCTRL_X0Y16  OSDZU3x_BYOTEE_i/mdm_1/U0/Use_JTAG_BSCAN.BUFG_JTAG_TCK/Using_FPGA.Native/I0
Min Period        n/a     SRL16E/CLK   n/a            1.146         33.333      32.187     SLICE_X37Y104   OSDZU3x_BYOTEE_i/mdm_1/U0/Use_JTAG_BSCAN.bscanid_reg[13]_srl7___Use_JTAG_BSCAN.bscanid_reg_r_5/CLK
Min Period        n/a     SRL16E/CLK   n/a            1.146         33.333      32.187     SLICE_X37Y101   OSDZU3x_BYOTEE_i/mdm_1/U0/Use_JTAG_BSCAN.bscanid_reg[29]_srl3___Use_JTAG_BSCAN.bscanid_reg_r_1/CLK
Min Period        n/a     SRL16E/CLK   n/a            1.146         33.333      32.187     SLICE_X37Y104   OSDZU3x_BYOTEE_i/mdm_1/U0/Use_JTAG_BSCAN.bscanid_reg[3]_srl6___Use_JTAG_BSCAN.bscanid_reg_r_4/CLK
Min Period        n/a     FDCE/C       n/a            0.550         33.333      32.783     SLICE_X37Y104   OSDZU3x_BYOTEE_i/mdm_1/U0/Internal_BSCANID.bscanid_done_reg/C
Min Period        n/a     FDCE/C       n/a            0.550         33.333      32.783     SLICE_X37Y104   OSDZU3x_BYOTEE_i/mdm_1/U0/Internal_BSCANID.bscanid_sel_reg/C
Min Period        n/a     FDRE/C       n/a            0.550         33.333      32.783     SLICE_X36Y99    OSDZU3x_BYOTEE_i/mdm_1/U0/Use_JTAG_BSCAN.bit_cnt_reg[0]/C
Min Period        n/a     FDRE/C       n/a            0.550         33.333      32.783     SLICE_X37Y99    OSDZU3x_BYOTEE_i/mdm_1/U0/Use_JTAG_BSCAN.bit_cnt_reg[1]/C
Low Pulse Width   Slow    SRL16E/CLK   n/a            0.573         16.666      16.093     SLICE_X37Y104   OSDZU3x_BYOTEE_i/mdm_1/U0/Use_JTAG_BSCAN.bscanid_reg[13]_srl7___Use_JTAG_BSCAN.bscanid_reg_r_5/CLK
Low Pulse Width   Fast    SRL16E/CLK   n/a            0.573         16.666      16.093     SLICE_X37Y104   OSDZU3x_BYOTEE_i/mdm_1/U0/Use_JTAG_BSCAN.bscanid_reg[13]_srl7___Use_JTAG_BSCAN.bscanid_reg_r_5/CLK
Low Pulse Width   Slow    SRL16E/CLK   n/a            0.573         16.666      16.093     SLICE_X37Y101   OSDZU3x_BYOTEE_i/mdm_1/U0/Use_JTAG_BSCAN.bscanid_reg[29]_srl3___Use_JTAG_BSCAN.bscanid_reg_r_1/CLK
Low Pulse Width   Fast    SRL16E/CLK   n/a            0.573         16.666      16.093     SLICE_X37Y101   OSDZU3x_BYOTEE_i/mdm_1/U0/Use_JTAG_BSCAN.bscanid_reg[29]_srl3___Use_JTAG_BSCAN.bscanid_reg_r_1/CLK
Low Pulse Width   Slow    SRL16E/CLK   n/a            0.573         16.666      16.093     SLICE_X37Y104   OSDZU3x_BYOTEE_i/mdm_1/U0/Use_JTAG_BSCAN.bscanid_reg[3]_srl6___Use_JTAG_BSCAN.bscanid_reg_r_4/CLK
Low Pulse Width   Fast    SRL16E/CLK   n/a            0.573         16.666      16.093     SLICE_X37Y104   OSDZU3x_BYOTEE_i/mdm_1/U0/Use_JTAG_BSCAN.bscanid_reg[3]_srl6___Use_JTAG_BSCAN.bscanid_reg_r_4/CLK
Low Pulse Width   Slow    FDCE/C       n/a            0.275         16.666      16.391     SLICE_X37Y104   OSDZU3x_BYOTEE_i/mdm_1/U0/Internal_BSCANID.bscanid_done_reg/C
Low Pulse Width   Fast    FDCE/C       n/a            0.275         16.666      16.391     SLICE_X37Y104   OSDZU3x_BYOTEE_i/mdm_1/U0/Internal_BSCANID.bscanid_done_reg/C
Low Pulse Width   Slow    FDCE/C       n/a            0.275         16.666      16.391     SLICE_X37Y104   OSDZU3x_BYOTEE_i/mdm_1/U0/Internal_BSCANID.bscanid_sel_reg/C
Low Pulse Width   Fast    FDCE/C       n/a            0.275         16.666      16.391     SLICE_X37Y104   OSDZU3x_BYOTEE_i/mdm_1/U0/Internal_BSCANID.bscanid_sel_reg/C
High Pulse Width  Slow    SRL16E/CLK   n/a            0.573         16.667      16.094     SLICE_X37Y104   OSDZU3x_BYOTEE_i/mdm_1/U0/Use_JTAG_BSCAN.bscanid_reg[13]_srl7___Use_JTAG_BSCAN.bscanid_reg_r_5/CLK
High Pulse Width  Fast    SRL16E/CLK   n/a            0.573         16.667      16.094     SLICE_X37Y104   OSDZU3x_BYOTEE_i/mdm_1/U0/Use_JTAG_BSCAN.bscanid_reg[13]_srl7___Use_JTAG_BSCAN.bscanid_reg_r_5/CLK
High Pulse Width  Slow    SRL16E/CLK   n/a            0.573         16.667      16.094     SLICE_X37Y101   OSDZU3x_BYOTEE_i/mdm_1/U0/Use_JTAG_BSCAN.bscanid_reg[29]_srl3___Use_JTAG_BSCAN.bscanid_reg_r_1/CLK
High Pulse Width  Fast    SRL16E/CLK   n/a            0.573         16.667      16.094     SLICE_X37Y101   OSDZU3x_BYOTEE_i/mdm_1/U0/Use_JTAG_BSCAN.bscanid_reg[29]_srl3___Use_JTAG_BSCAN.bscanid_reg_r_1/CLK
High Pulse Width  Slow    SRL16E/CLK   n/a            0.573         16.667      16.094     SLICE_X37Y104   OSDZU3x_BYOTEE_i/mdm_1/U0/Use_JTAG_BSCAN.bscanid_reg[3]_srl6___Use_JTAG_BSCAN.bscanid_reg_r_4/CLK
High Pulse Width  Fast    SRL16E/CLK   n/a            0.573         16.667      16.094     SLICE_X37Y104   OSDZU3x_BYOTEE_i/mdm_1/U0/Use_JTAG_BSCAN.bscanid_reg[3]_srl6___Use_JTAG_BSCAN.bscanid_reg_r_4/CLK
High Pulse Width  Slow    FDCE/C       n/a            0.275         16.667      16.392     SLICE_X37Y104   OSDZU3x_BYOTEE_i/mdm_1/U0/Internal_BSCANID.bscanid_done_reg/C
High Pulse Width  Fast    FDCE/C       n/a            0.275         16.667      16.392     SLICE_X37Y104   OSDZU3x_BYOTEE_i/mdm_1/U0/Internal_BSCANID.bscanid_done_reg/C
High Pulse Width  Slow    FDCE/C       n/a            0.275         16.667      16.392     SLICE_X37Y104   OSDZU3x_BYOTEE_i/mdm_1/U0/Internal_BSCANID.bscanid_sel_reg/C
High Pulse Width  Fast    FDCE/C       n/a            0.275         16.667      16.392     SLICE_X37Y104   OSDZU3x_BYOTEE_i/mdm_1/U0/Internal_BSCANID.bscanid_sel_reg/C



---------------------------------------------------------------------------------------------------
From Clock:  OSDZU3x_BYOTEE_i/mdm_1/U0/Use_E2.BSCAN_I/Use_E2.BSCANE2_I/UPDATE
  To Clock:  OSDZU3x_BYOTEE_i/mdm_1/U0/Use_E2.BSCAN_I/Use_E2.BSCANE2_I/UPDATE

Setup :           NA  Failing Endpoints,  Worst Slack           NA  ,  Total Violation           NA
Hold  :           NA  Failing Endpoints,  Worst Slack           NA  ,  Total Violation           NA
PW    :            0  Failing Endpoints,  Worst Slack       33.058ns,  Total Violation        0.000ns
---------------------------------------------------------------------------------------------------


Pulse Width Checks
--------------------------------------------------------------------------------------
Clock Name:         OSDZU3x_BYOTEE_i/mdm_1/U0/Use_E2.BSCAN_I/Use_E2.BSCANE2_I/UPDATE
Waveform(ns):       { 0.000 33.333 }
Period(ns):         66.666
Sources:            { OSDZU3x_BYOTEE_i/mdm_1/U0/Use_E2.BSCAN_I/Use_E2.BSCANE2_I/UPDATE }

Check Type        Corner  Lib Pin  Reference Pin  Required(ns)  Actual(ns)  Slack(ns)  Location       Pin
Min Period        n/a     FDRE/R   n/a            0.550         66.666      66.116     SLICE_X36Y99   OSDZU3x_BYOTEE_i/mdm_1/U0/Use_JTAG_BSCAN.bit_cnt_reg[0]/R
Min Period        n/a     FDRE/R   n/a            0.550         66.666      66.116     SLICE_X37Y99   OSDZU3x_BYOTEE_i/mdm_1/U0/Use_JTAG_BSCAN.bit_cnt_reg[1]/R
Min Period        n/a     FDRE/R   n/a            0.550         66.666      66.116     SLICE_X37Y99   OSDZU3x_BYOTEE_i/mdm_1/U0/Use_JTAG_BSCAN.bit_cnt_reg[2]/R
Min Period        n/a     FDRE/R   n/a            0.550         66.666      66.116     SLICE_X36Y99   OSDZU3x_BYOTEE_i/mdm_1/U0/Use_JTAG_BSCAN.bit_cnt_reg[3]/R
Min Period        n/a     FDRE/R   n/a            0.550         66.666      66.116     SLICE_X36Y99   OSDZU3x_BYOTEE_i/mdm_1/U0/Use_JTAG_BSCAN.bit_cnt_reg[4]/R
Min Period        n/a     FDRE/R   n/a            0.550         66.666      66.116     SLICE_X36Y99   OSDZU3x_BYOTEE_i/mdm_1/U0/Use_JTAG_BSCAN.bit_cnt_reg[5]/R
Min Period        n/a     FDRE/R   n/a            0.550         66.666      66.116     SLICE_X36Y99   OSDZU3x_BYOTEE_i/mdm_1/U0/Use_JTAG_BSCAN.bit_cnt_reg[6]/R
Min Period        n/a     FDRE/R   n/a            0.550         66.666      66.116     SLICE_X36Y99   OSDZU3x_BYOTEE_i/mdm_1/U0/Use_JTAG_BSCAN.bit_cnt_reg[7]/R
Min Period        n/a     FDRE/R   n/a            0.550         66.666      66.116     SLICE_X37Y100  OSDZU3x_BYOTEE_i/mdm_1/U0/Use_JTAG_BSCAN.mode_reg_reg/R
Min Period        n/a     FDRE/R   n/a            0.550         66.666      66.116     SLICE_X37Y100  OSDZU3x_BYOTEE_i/mdm_1/U0/Use_JTAG_BSCAN.tms_ok_reg/R
Low Pulse Width   Slow    FDRE/R   n/a            0.275         33.333      33.058     SLICE_X36Y99   OSDZU3x_BYOTEE_i/mdm_1/U0/Use_JTAG_BSCAN.bit_cnt_reg[0]/R
Low Pulse Width   Fast    FDRE/R   n/a            0.275         33.333      33.058     SLICE_X36Y99   OSDZU3x_BYOTEE_i/mdm_1/U0/Use_JTAG_BSCAN.bit_cnt_reg[0]/R
Low Pulse Width   Slow    FDRE/R   n/a            0.275         33.333      33.058     SLICE_X37Y99   OSDZU3x_BYOTEE_i/mdm_1/U0/Use_JTAG_BSCAN.bit_cnt_reg[1]/R
Low Pulse Width   Fast    FDRE/R   n/a            0.275         33.333      33.058     SLICE_X37Y99   OSDZU3x_BYOTEE_i/mdm_1/U0/Use_JTAG_BSCAN.bit_cnt_reg[1]/R
Low Pulse Width   Slow    FDRE/R   n/a            0.275         33.333      33.058     SLICE_X37Y99   OSDZU3x_BYOTEE_i/mdm_1/U0/Use_JTAG_BSCAN.bit_cnt_reg[2]/R
Low Pulse Width   Fast    FDRE/R   n/a            0.275         33.333      33.058     SLICE_X37Y99   OSDZU3x_BYOTEE_i/mdm_1/U0/Use_JTAG_BSCAN.bit_cnt_reg[2]/R
Low Pulse Width   Slow    FDRE/R   n/a            0.275         33.333      33.058     SLICE_X36Y99   OSDZU3x_BYOTEE_i/mdm_1/U0/Use_JTAG_BSCAN.bit_cnt_reg[3]/R
Low Pulse Width   Fast    FDRE/R   n/a            0.275         33.333      33.058     SLICE_X36Y99   OSDZU3x_BYOTEE_i/mdm_1/U0/Use_JTAG_BSCAN.bit_cnt_reg[3]/R
Low Pulse Width   Slow    FDRE/R   n/a            0.275         33.333      33.058     SLICE_X36Y99   OSDZU3x_BYOTEE_i/mdm_1/U0/Use_JTAG_BSCAN.bit_cnt_reg[4]/R
Low Pulse Width   Fast    FDRE/R   n/a            0.275         33.333      33.058     SLICE_X36Y99   OSDZU3x_BYOTEE_i/mdm_1/U0/Use_JTAG_BSCAN.bit_cnt_reg[4]/R
High Pulse Width  Slow    FDRE/R   n/a            0.275         33.333      33.058     SLICE_X36Y99   OSDZU3x_BYOTEE_i/mdm_1/U0/Use_JTAG_BSCAN.bit_cnt_reg[0]/R
High Pulse Width  Fast    FDRE/R   n/a            0.275         33.333      33.058     SLICE_X36Y99   OSDZU3x_BYOTEE_i/mdm_1/U0/Use_JTAG_BSCAN.bit_cnt_reg[0]/R
High Pulse Width  Slow    FDRE/R   n/a            0.275         33.333      33.058     SLICE_X37Y99   OSDZU3x_BYOTEE_i/mdm_1/U0/Use_JTAG_BSCAN.bit_cnt_reg[1]/R
High Pulse Width  Fast    FDRE/R   n/a            0.275         33.333      33.058     SLICE_X37Y99   OSDZU3x_BYOTEE_i/mdm_1/U0/Use_JTAG_BSCAN.bit_cnt_reg[1]/R
High Pulse Width  Slow    FDRE/R   n/a            0.275         33.333      33.058     SLICE_X37Y99   OSDZU3x_BYOTEE_i/mdm_1/U0/Use_JTAG_BSCAN.bit_cnt_reg[2]/R
High Pulse Width  Fast    FDRE/R   n/a            0.275         33.333      33.058     SLICE_X37Y99   OSDZU3x_BYOTEE_i/mdm_1/U0/Use_JTAG_BSCAN.bit_cnt_reg[2]/R
High Pulse Width  Slow    FDRE/R   n/a            0.275         33.333      33.058     SLICE_X36Y99   OSDZU3x_BYOTEE_i/mdm_1/U0/Use_JTAG_BSCAN.bit_cnt_reg[3]/R
High Pulse Width  Fast    FDRE/R   n/a            0.275         33.333      33.058     SLICE_X36Y99   OSDZU3x_BYOTEE_i/mdm_1/U0/Use_JTAG_BSCAN.bit_cnt_reg[3]/R
High Pulse Width  Slow    FDRE/R   n/a            0.275         33.333      33.058     SLICE_X36Y99   OSDZU3x_BYOTEE_i/mdm_1/U0/Use_JTAG_BSCAN.bit_cnt_reg[4]/R
High Pulse Width  Fast    FDRE/R   n/a            0.275         33.333      33.058     SLICE_X36Y99   OSDZU3x_BYOTEE_i/mdm_1/U0/Use_JTAG_BSCAN.bit_cnt_reg[4]/R



---------------------------------------------------------------------------------------------------
From Clock:  clk_pl_0
  To Clock:  clk_pl_0

Setup :            0  Failing Endpoints,  Worst Slack        4.354ns,  Total Violation        0.000ns
Hold  :            0  Failing Endpoints,  Worst Slack        0.013ns,  Total Violation        0.000ns
PW    :            0  Failing Endpoints,  Worst Slack        3.500ns,  Total Violation        0.000ns
---------------------------------------------------------------------------------------------------


Max Delay Paths
--------------------------------------------------------------------------------------
Slack (MET) :             4.354ns  (required time - arrival time)
  Source:                 <hidden>
                            (rising edge-triggered cell FDRE clocked by clk_pl_0  {rise@0.000ns fall@5.000ns period=10.000ns})
  Destination:            <hidden>
                            (rising edge-triggered cell RAMB36E2 clocked by clk_pl_0  {rise@0.000ns fall@5.000ns period=10.000ns})
  Path Group:             clk_pl_0
  Path Type:              Setup (Max at Slow Process Corner)
  Requirement:            10.000ns  (clk_pl_0 rise@10.000ns - clk_pl_0 rise@0.000ns)
  Data Path Delay:        5.227ns  (logic 0.457ns (8.744%)  route 4.770ns (91.256%))
  Logic Levels:           2  (CARRY8=1 LUT5=1)
  Clock Path Skew:        0.079ns (DCD - SCD + CPR)
    Destination Clock Delay (DCD):    1.841ns = ( 11.841 - 10.000 ) 
    Source Clock Delay      (SCD):    1.922ns
    Clock Pessimism Removal (CPR):    0.160ns
  Clock Uncertainty:      0.130ns  ((TSJ^2 + DJ^2)^1/2) / 2 + PE
    Total System Jitter     (TSJ):    0.071ns
    Discrete Jitter          (DJ):    0.250ns
    Phase Error              (PE):    0.000ns
  Clock Net Delay (Source):      1.715ns (routing 0.625ns, distribution 1.090ns)
  Clock Net Delay (Destination): 1.674ns (routing 0.564ns, distribution 1.110ns)

    Location             Delay type                Incr(ns)  Path(ns)    Netlist Resource(s)
  -------------------------------------------------------------------    -------------------
                         (clock clk_pl_0 rise edge)
                                                      0.000     0.000 r  
    PS8_X0Y0             PS8                          0.000     0.000 r  OSDZU3x_BYOTEE_i/zynq_ultra_ps_e_0/inst/PS8_i/PLCLK[0]
                         net (fo=1, routed)           0.178     0.178    OSDZU3x_BYOTEE_i/zynq_ultra_ps_e_0/inst/pl_clk_unbuffered[0]
    BUFG_PS_X0Y52        BUFG_PS (Prop_BUFG_PS_I_O)
                                                      0.029     0.207 r  OSDZU3x_BYOTEE_i/zynq_ultra_ps_e_0/inst/buffer_pl_clk_0.PL_CLK_0_BUFG/O
    X0Y1 (CLOCK_ROOT)    net (fo=8048, routed)        1.715     1.922    <hidden>
    SLICE_X0Y32          FDRE                                         r  <hidden>
  -------------------------------------------------------------------    -------------------
    SLICE_X0Y32          FDRE (Prop_HFF_SLICEL_C_Q)
                                                      0.096     2.018 r  <hidden>
                         net (fo=87, routed)          0.634     2.652    <hidden>
    SLICE_X5Y36          LUT5 (Prop_A6LUT_SLICEM_I1_O)
                                                      0.179     2.831 r  <hidden>
                         net (fo=1, routed)           0.014     2.845    <hidden>
    SLICE_X5Y36          CARRY8 (Prop_CARRY8_SLICEM_S[0]_O[3])
                                                      0.182     3.027 r  <hidden>
                         net (fo=67, routed)          4.121     7.149    <hidden>
    RAMB36_X4Y5          RAMB36E2                                     r  <hidden>
  -------------------------------------------------------------------    -------------------

                         (clock clk_pl_0 rise edge)
                                                     10.000    10.000 r  
    PS8_X0Y0             PS8                          0.000    10.000 r  OSDZU3x_BYOTEE_i/zynq_ultra_ps_e_0/inst/PS8_i/PLCLK[0]
                         net (fo=1, routed)           0.140    10.140    OSDZU3x_BYOTEE_i/zynq_ultra_ps_e_0/inst/pl_clk_unbuffered[0]
    BUFG_PS_X0Y52        BUFG_PS (Prop_BUFG_PS_I_O)
                                                      0.027    10.167 r  OSDZU3x_BYOTEE_i/zynq_ultra_ps_e_0/inst/buffer_pl_clk_0.PL_CLK_0_BUFG/O
    X0Y1 (CLOCK_ROOT)    net (fo=8048, routed)        1.674    11.841    <hidden>
    RAMB36_X4Y5          RAMB36E2                                     r  <hidden>
                         clock pessimism              0.160    12.001    
                         clock uncertainty           -0.130    11.872    
    RAMB36_X4Y5          RAMB36E2 (Setup_RAMB36E2_RAMB36_CLKARDCLK_ADDRARDADDR[1])
                                                     -0.369    11.503    <hidden>
  -------------------------------------------------------------------
                         required time                         11.503    
                         arrival time                          -7.149    
  -------------------------------------------------------------------
                         slack                                  4.354    

Slack (MET) :             4.497ns  (required time - arrival time)
  Source:                 <hidden>
                            (rising edge-triggered cell FDRE clocked by clk_pl_0  {rise@0.000ns fall@5.000ns period=10.000ns})
  Destination:            <hidden>
                            (rising edge-triggered cell RAMB36E2 clocked by clk_pl_0  {rise@0.000ns fall@5.000ns period=10.000ns})
  Path Group:             clk_pl_0
  Path Type:              Setup (Max at Slow Process Corner)
  Requirement:            10.000ns  (clk_pl_0 rise@10.000ns - clk_pl_0 rise@0.000ns)
  Data Path Delay:        5.076ns  (logic 0.457ns (9.003%)  route 4.619ns (90.997%))
  Logic Levels:           2  (CARRY8=1 LUT5=1)
  Clock Path Skew:        0.072ns (DCD - SCD + CPR)
    Destination Clock Delay (DCD):    1.834ns = ( 11.834 - 10.000 ) 
    Source Clock Delay      (SCD):    1.922ns
    Clock Pessimism Removal (CPR):    0.160ns
  Clock Uncertainty:      0.130ns  ((TSJ^2 + DJ^2)^1/2) / 2 + PE
    Total System Jitter     (TSJ):    0.071ns
    Discrete Jitter          (DJ):    0.250ns
    Phase Error              (PE):    0.000ns
  Clock Net Delay (Source):      1.715ns (routing 0.625ns, distribution 1.090ns)
  Clock Net Delay (Destination): 1.667ns (routing 0.564ns, distribution 1.103ns)

    Location             Delay type                Incr(ns)  Path(ns)    Netlist Resource(s)
  -------------------------------------------------------------------    -------------------
                         (clock clk_pl_0 rise edge)
                                                      0.000     0.000 r  
    PS8_X0Y0             PS8                          0.000     0.000 r  OSDZU3x_BYOTEE_i/zynq_ultra_ps_e_0/inst/PS8_i/PLCLK[0]
                         net (fo=1, routed)           0.178     0.178    OSDZU3x_BYOTEE_i/zynq_ultra_ps_e_0/inst/pl_clk_unbuffered[0]
    BUFG_PS_X0Y52        BUFG_PS (Prop_BUFG_PS_I_O)
                                                      0.029     0.207 r  OSDZU3x_BYOTEE_i/zynq_ultra_ps_e_0/inst/buffer_pl_clk_0.PL_CLK_0_BUFG/O
    X0Y1 (CLOCK_ROOT)    net (fo=8048, routed)        1.715     1.922    <hidden>
    SLICE_X0Y32          FDRE                                         r  <hidden>
  -------------------------------------------------------------------    -------------------
    SLICE_X0Y32          FDRE (Prop_HFF_SLICEL_C_Q)
                                                      0.096     2.018 r  <hidden>
                         net (fo=87, routed)          0.634     2.652    <hidden>
    SLICE_X5Y36          LUT5 (Prop_A6LUT_SLICEM_I1_O)
                                                      0.179     2.831 r  <hidden>
                         net (fo=1, routed)           0.014     2.845    <hidden>
    SLICE_X5Y36          CARRY8 (Prop_CARRY8_SLICEM_S[0]_O[3])
                                                      0.182     3.027 r  <hidden>
                         net (fo=67, routed)          3.971     6.998    <hidden>
    RAMB36_X4Y6          RAMB36E2                                     r  <hidden>
  -------------------------------------------------------------------    -------------------

                         (clock clk_pl_0 rise edge)
                                                     10.000    10.000 r  
    PS8_X0Y0             PS8                          0.000    10.000 r  OSDZU3x_BYOTEE_i/zynq_ultra_ps_e_0/inst/PS8_i/PLCLK[0]
                         net (fo=1, routed)           0.140    10.140    OSDZU3x_BYOTEE_i/zynq_ultra_ps_e_0/inst/pl_clk_unbuffered[0]
    BUFG_PS_X0Y52        BUFG_PS (Prop_BUFG_PS_I_O)
                                                      0.027    10.167 r  OSDZU3x_BYOTEE_i/zynq_ultra_ps_e_0/inst/buffer_pl_clk_0.PL_CLK_0_BUFG/O
    X0Y1 (CLOCK_ROOT)    net (fo=8048, routed)        1.667    11.834    <hidden>
    RAMB36_X4Y6          RAMB36E2                                     r  <hidden>
                         clock pessimism              0.160    11.994    
                         clock uncertainty           -0.130    11.865    
    RAMB36_X4Y6          RAMB36E2 (Setup_RAMB36E2_RAMB36_CLKARDCLK_ADDRARDADDR[1])
                                                     -0.369    11.496    <hidden>
  -------------------------------------------------------------------
                         required time                         11.496    
                         arrival time                          -6.998    
  -------------------------------------------------------------------
                         slack                                  4.497    

Slack (MET) :             4.503ns  (required time - arrival time)
  Source:                 <hidden>
                            (rising edge-triggered cell FDRE clocked by clk_pl_0  {rise@0.000ns fall@5.000ns period=10.000ns})
  Destination:            <hidden>
                            (rising edge-triggered cell RAMB36E2 clocked by clk_pl_0  {rise@0.000ns fall@5.000ns period=10.000ns})
  Path Group:             clk_pl_0
  Path Type:              Setup (Max at Slow Process Corner)
  Requirement:            10.000ns  (clk_pl_0 rise@10.000ns - clk_pl_0 rise@0.000ns)
  Data Path Delay:        5.058ns  (logic 0.457ns (9.036%)  route 4.601ns (90.964%))
  Logic Levels:           2  (CARRY8=1 LUT5=1)
  Clock Path Skew:        0.059ns (DCD - SCD + CPR)
    Destination Clock Delay (DCD):    1.821ns = ( 11.821 - 10.000 ) 
    Source Clock Delay      (SCD):    1.922ns
    Clock Pessimism Removal (CPR):    0.160ns
  Clock Uncertainty:      0.130ns  ((TSJ^2 + DJ^2)^1/2) / 2 + PE
    Total System Jitter     (TSJ):    0.071ns
    Discrete Jitter          (DJ):    0.250ns
    Phase Error              (PE):    0.000ns
  Clock Net Delay (Source):      1.715ns (routing 0.625ns, distribution 1.090ns)
  Clock Net Delay (Destination): 1.654ns (routing 0.564ns, distribution 1.090ns)

    Location             Delay type                Incr(ns)  Path(ns)    Netlist Resource(s)
  -------------------------------------------------------------------    -------------------
                         (clock clk_pl_0 rise edge)
                                                      0.000     0.000 r  
    PS8_X0Y0             PS8                          0.000     0.000 r  OSDZU3x_BYOTEE_i/zynq_ultra_ps_e_0/inst/PS8_i/PLCLK[0]
                         net (fo=1, routed)           0.178     0.178    OSDZU3x_BYOTEE_i/zynq_ultra_ps_e_0/inst/pl_clk_unbuffered[0]
    BUFG_PS_X0Y52        BUFG_PS (Prop_BUFG_PS_I_O)
                                                      0.029     0.207 r  OSDZU3x_BYOTEE_i/zynq_ultra_ps_e_0/inst/buffer_pl_clk_0.PL_CLK_0_BUFG/O
    X0Y1 (CLOCK_ROOT)    net (fo=8048, routed)        1.715     1.922    <hidden>
    SLICE_X0Y32          FDRE                                         r  <hidden>
  -------------------------------------------------------------------    -------------------
    SLICE_X0Y32          FDRE (Prop_HFF_SLICEL_C_Q)
                                                      0.096     2.018 r  <hidden>
                         net (fo=87, routed)          0.634     2.652    <hidden>
    SLICE_X5Y36          LUT5 (Prop_A6LUT_SLICEM_I1_O)
                                                      0.179     2.831 r  <hidden>
                         net (fo=1, routed)           0.014     2.845    <hidden>
    SLICE_X5Y36          CARRY8 (Prop_CARRY8_SLICEM_S[0]_O[3])
                                                      0.182     3.027 r  <hidden>
                         net (fo=67, routed)          3.952     6.980    <hidden>
    RAMB36_X3Y5          RAMB36E2                                     r  <hidden>
  -------------------------------------------------------------------    -------------------

                         (clock clk_pl_0 rise edge)
                                                     10.000    10.000 r  
    PS8_X0Y0             PS8                          0.000    10.000 r  OSDZU3x_BYOTEE_i/zynq_ultra_ps_e_0/inst/PS8_i/PLCLK[0]
                         net (fo=1, routed)           0.140    10.140    OSDZU3x_BYOTEE_i/zynq_ultra_ps_e_0/inst/pl_clk_unbuffered[0]
    BUFG_PS_X0Y52        BUFG_PS (Prop_BUFG_PS_I_O)
                                                      0.027    10.167 r  OSDZU3x_BYOTEE_i/zynq_ultra_ps_e_0/inst/buffer_pl_clk_0.PL_CLK_0_BUFG/O
    X0Y1 (CLOCK_ROOT)    net (fo=8048, routed)        1.654    11.821    <hidden>
    RAMB36_X3Y5          RAMB36E2                                     r  <hidden>
                         clock pessimism              0.160    11.981    
                         clock uncertainty           -0.130    11.852    
    RAMB36_X3Y5          RAMB36E2 (Setup_RAMB36E2_RAMB36_CLKARDCLK_ADDRARDADDR[1])
                                                     -0.369    11.483    <hidden>
  -------------------------------------------------------------------
                         required time                         11.483    
                         arrival time                          -6.980    
  -------------------------------------------------------------------
                         slack                                  4.503    

Slack (MET) :             4.608ns  (required time - arrival time)
  Source:                 <hidden>
                            (rising edge-triggered cell FDRE clocked by clk_pl_0  {rise@0.000ns fall@5.000ns period=10.000ns})
  Destination:            <hidden>
                            (rising edge-triggered cell RAMB36E2 clocked by clk_pl_0  {rise@0.000ns fall@5.000ns period=10.000ns})
  Path Group:             clk_pl_0
  Path Type:              Setup (Max at Slow Process Corner)
  Requirement:            10.000ns  (clk_pl_0 rise@10.000ns - clk_pl_0 rise@0.000ns)
  Data Path Delay:        4.929ns  (logic 0.645ns (13.085%)  route 4.284ns (86.915%))
  Logic Levels:           4  (CARRY8=1 LUT3=1 LUT6=2)
  Clock Path Skew:        -0.022ns (DCD - SCD + CPR)
    Destination Clock Delay (DCD):    1.808ns = ( 11.808 - 10.000 ) 
    Source Clock Delay      (SCD):    1.935ns
    Clock Pessimism Removal (CPR):    0.105ns
  Clock Uncertainty:      0.130ns  ((TSJ^2 + DJ^2)^1/2) / 2 + PE
    Total System Jitter     (TSJ):    0.071ns
    Discrete Jitter          (DJ):    0.250ns
    Phase Error              (PE):    0.000ns
  Clock Net Delay (Source):      1.728ns (routing 0.625ns, distribution 1.103ns)
  Clock Net Delay (Destination): 1.641ns (routing 0.564ns, distribution 1.077ns)

    Location             Delay type                Incr(ns)  Path(ns)    Netlist Resource(s)
  -------------------------------------------------------------------    -------------------
                         (clock clk_pl_0 rise edge)
                                                      0.000     0.000 r  
    PS8_X0Y0             PS8                          0.000     0.000 r  OSDZU3x_BYOTEE_i/zynq_ultra_ps_e_0/inst/PS8_i/PLCLK[0]
                         net (fo=1, routed)           0.178     0.178    OSDZU3x_BYOTEE_i/zynq_ultra_ps_e_0/inst/pl_clk_unbuffered[0]
    BUFG_PS_X0Y52        BUFG_PS (Prop_BUFG_PS_I_O)
                                                      0.029     0.207 r  OSDZU3x_BYOTEE_i/zynq_ultra_ps_e_0/inst/buffer_pl_clk_0.PL_CLK_0_BUFG/O
    X0Y1 (CLOCK_ROOT)    net (fo=8048, routed)        1.728     1.935    <hidden>
    SLICE_X11Y44         FDRE                                         r  <hidden>
  -------------------------------------------------------------------    -------------------
    SLICE_X11Y44         FDRE (Prop_DFF2_SLICEL_C_Q)
                                                      0.098     2.033 f  <hidden>
                         net (fo=8, routed)           0.604     2.637    <hidden>
    SLICE_X2Y32          LUT6 (Prop_G6LUT_SLICEL_I4_O)
                                                      0.147     2.784 r  <hidden>
                         net (fo=7, routed)           0.547     3.331    <hidden>
    SLICE_X4Y39          LUT6 (Prop_F6LUT_SLICEM_I1_O)
                                                      0.038     3.369 r  <hidden>
                         net (fo=1, routed)           0.024     3.393    <hidden>
    SLICE_X4Y39          CARRY8 (Prop_CARRY8_SLICEM_S[5]_O[6])
                                                      0.165     3.558 r  <hidden>
                         net (fo=46, routed)          0.568     4.125    <hidden>
    SLICE_X11Y37         LUT3 (Prop_G5LUT_SLICEL_I1_O)
                                                      0.197     4.322 r  <hidden>
                         net (fo=66, routed)          2.542     6.864    <hidden>
    RAMB36_X3Y16         RAMB36E2                                     r  <hidden>
  -------------------------------------------------------------------    -------------------

                         (clock clk_pl_0 rise edge)
                                                     10.000    10.000 r  
    PS8_X0Y0             PS8                          0.000    10.000 r  OSDZU3x_BYOTEE_i/zynq_ultra_ps_e_0/inst/PS8_i/PLCLK[0]
                         net (fo=1, routed)           0.140    10.140    OSDZU3x_BYOTEE_i/zynq_ultra_ps_e_0/inst/pl_clk_unbuffered[0]
    BUFG_PS_X0Y52        BUFG_PS (Prop_BUFG_PS_I_O)
                                                      0.027    10.167 r  OSDZU3x_BYOTEE_i/zynq_ultra_ps_e_0/inst/buffer_pl_clk_0.PL_CLK_0_BUFG/O
    X0Y1 (CLOCK_ROOT)    net (fo=8048, routed)        1.641    11.808    <hidden>
    RAMB36_X3Y16         RAMB36E2                                     r  <hidden>
                         clock pessimism              0.105    11.913    
                         clock uncertainty           -0.130    11.783    
    RAMB36_X3Y16         RAMB36E2 (Setup_RAMB36E2_RAMB36_CLKBWRCLK_ADDRBWRADDR[6])
                                                     -0.311    11.472    <hidden>
  -------------------------------------------------------------------
                         required time                         11.472    
                         arrival time                          -6.864    
  -------------------------------------------------------------------
                         slack                                  4.608    

Slack (MET) :             4.623ns  (required time - arrival time)
  Source:                 <hidden>
                            (rising edge-triggered cell FDRE clocked by clk_pl_0  {rise@0.000ns fall@5.000ns period=10.000ns})
  Destination:            <hidden>
                            (rising edge-triggered cell RAMB36E2 clocked by clk_pl_0  {rise@0.000ns fall@5.000ns period=10.000ns})
  Path Group:             clk_pl_0
  Path Type:              Setup (Max at Slow Process Corner)
  Requirement:            10.000ns  (clk_pl_0 rise@10.000ns - clk_pl_0 rise@0.000ns)
  Data Path Delay:        4.958ns  (logic 0.457ns (9.218%)  route 4.501ns (90.782%))
  Logic Levels:           2  (CARRY8=1 LUT5=1)
  Clock Path Skew:        0.079ns (DCD - SCD + CPR)
    Destination Clock Delay (DCD):    1.841ns = ( 11.841 - 10.000 ) 
    Source Clock Delay      (SCD):    1.922ns
    Clock Pessimism Removal (CPR):    0.160ns
  Clock Uncertainty:      0.130ns  ((TSJ^2 + DJ^2)^1/2) / 2 + PE
    Total System Jitter     (TSJ):    0.071ns
    Discrete Jitter          (DJ):    0.250ns
    Phase Error              (PE):    0.000ns
  Clock Net Delay (Source):      1.715ns (routing 0.625ns, distribution 1.090ns)
  Clock Net Delay (Destination): 1.674ns (routing 0.564ns, distribution 1.110ns)

    Location             Delay type                Incr(ns)  Path(ns)    Netlist Resource(s)
  -------------------------------------------------------------------    -------------------
                         (clock clk_pl_0 rise edge)
                                                      0.000     0.000 r  
    PS8_X0Y0             PS8                          0.000     0.000 r  OSDZU3x_BYOTEE_i/zynq_ultra_ps_e_0/inst/PS8_i/PLCLK[0]
                         net (fo=1, routed)           0.178     0.178    OSDZU3x_BYOTEE_i/zynq_ultra_ps_e_0/inst/pl_clk_unbuffered[0]
    BUFG_PS_X0Y52        BUFG_PS (Prop_BUFG_PS_I_O)
                                                      0.029     0.207 r  OSDZU3x_BYOTEE_i/zynq_ultra_ps_e_0/inst/buffer_pl_clk_0.PL_CLK_0_BUFG/O
    X0Y1 (CLOCK_ROOT)    net (fo=8048, routed)        1.715     1.922    <hidden>
    SLICE_X0Y32          FDRE                                         r  <hidden>
  -------------------------------------------------------------------    -------------------
    SLICE_X0Y32          FDRE (Prop_HFF_SLICEL_C_Q)
                                                      0.096     2.018 r  <hidden>
                         net (fo=87, routed)          0.634     2.652    <hidden>
    SLICE_X5Y36          LUT5 (Prop_A6LUT_SLICEM_I1_O)
                                                      0.179     2.831 r  <hidden>
                         net (fo=1, routed)           0.014     2.845    <hidden>
    SLICE_X5Y36          CARRY8 (Prop_CARRY8_SLICEM_S[0]_O[3])
                                                      0.182     3.027 r  <hidden>
                         net (fo=67, routed)          3.853     6.880    <hidden>
    RAMB36_X4Y7          RAMB36E2                                     r  <hidden>
  -------------------------------------------------------------------    -------------------

                         (clock clk_pl_0 rise edge)
                                                     10.000    10.000 r  
    PS8_X0Y0             PS8                          0.000    10.000 r  OSDZU3x_BYOTEE_i/zynq_ultra_ps_e_0/inst/PS8_i/PLCLK[0]
                         net (fo=1, routed)           0.140    10.140    OSDZU3x_BYOTEE_i/zynq_ultra_ps_e_0/inst/pl_clk_unbuffered[0]
    BUFG_PS_X0Y52        BUFG_PS (Prop_BUFG_PS_I_O)
                                                      0.027    10.167 r  OSDZU3x_BYOTEE_i/zynq_ultra_ps_e_0/inst/buffer_pl_clk_0.PL_CLK_0_BUFG/O
    X0Y1 (CLOCK_ROOT)    net (fo=8048, routed)        1.674    11.841    <hidden>
    RAMB36_X4Y7          RAMB36E2                                     r  <hidden>
                         clock pessimism              0.160    12.001    
                         clock uncertainty           -0.130    11.872    
    RAMB36_X4Y7          RAMB36E2 (Setup_RAMB36E2_RAMB36_CLKARDCLK_ADDRARDADDR[1])
                                                     -0.369    11.503    <hidden>
  -------------------------------------------------------------------
                         required time                         11.503    
                         arrival time                          -6.880    
  -------------------------------------------------------------------
                         slack                                  4.623    

Slack (MET) :             4.647ns  (required time - arrival time)
  Source:                 <hidden>
                            (rising edge-triggered cell FDRE clocked by clk_pl_0  {rise@0.000ns fall@5.000ns period=10.000ns})
  Destination:            <hidden>
                            (rising edge-triggered cell RAMB36E2 clocked by clk_pl_0  {rise@0.000ns fall@5.000ns period=10.000ns})
  Path Group:             clk_pl_0
  Path Type:              Setup (Max at Slow Process Corner)
  Requirement:            10.000ns  (clk_pl_0 rise@10.000ns - clk_pl_0 rise@0.000ns)
  Data Path Delay:        4.906ns  (logic 0.457ns (9.314%)  route 4.449ns (90.686%))
  Logic Levels:           2  (CARRY8=1 LUT5=1)
  Clock Path Skew:        0.052ns (DCD - SCD + CPR)
    Destination Clock Delay (DCD):    1.814ns = ( 11.814 - 10.000 ) 
    Source Clock Delay      (SCD):    1.922ns
    Clock Pessimism Removal (CPR):    0.160ns
  Clock Uncertainty:      0.130ns  ((TSJ^2 + DJ^2)^1/2) / 2 + PE
    Total System Jitter     (TSJ):    0.071ns
    Discrete Jitter          (DJ):    0.250ns
    Phase Error              (PE):    0.000ns
  Clock Net Delay (Source):      1.715ns (routing 0.625ns, distribution 1.090ns)
  Clock Net Delay (Destination): 1.647ns (routing 0.564ns, distribution 1.083ns)

    Location             Delay type                Incr(ns)  Path(ns)    Netlist Resource(s)
  -------------------------------------------------------------------    -------------------
                         (clock clk_pl_0 rise edge)
                                                      0.000     0.000 r  
    PS8_X0Y0             PS8                          0.000     0.000 r  OSDZU3x_BYOTEE_i/zynq_ultra_ps_e_0/inst/PS8_i/PLCLK[0]
                         net (fo=1, routed)           0.178     0.178    OSDZU3x_BYOTEE_i/zynq_ultra_ps_e_0/inst/pl_clk_unbuffered[0]
    BUFG_PS_X0Y52        BUFG_PS (Prop_BUFG_PS_I_O)
                                                      0.029     0.207 r  OSDZU3x_BYOTEE_i/zynq_ultra_ps_e_0/inst/buffer_pl_clk_0.PL_CLK_0_BUFG/O
    X0Y1 (CLOCK_ROOT)    net (fo=8048, routed)        1.715     1.922    <hidden>
    SLICE_X0Y32          FDRE                                         r  <hidden>
  -------------------------------------------------------------------    -------------------
    SLICE_X0Y32          FDRE (Prop_HFF_SLICEL_C_Q)
                                                      0.096     2.018 r  <hidden>
                         net (fo=87, routed)          0.634     2.652    <hidden>
    SLICE_X5Y36          LUT5 (Prop_A6LUT_SLICEM_I1_O)
                                                      0.179     2.831 r  <hidden>
                         net (fo=1, routed)           0.014     2.845    <hidden>
    SLICE_X5Y36          CARRY8 (Prop_CARRY8_SLICEM_S[0]_O[3])
                                                      0.182     3.027 r  <hidden>
                         net (fo=67, routed)          3.801     6.828    <hidden>
    RAMB36_X3Y6          RAMB36E2                                     r  <hidden>
  -------------------------------------------------------------------    -------------------

                         (clock clk_pl_0 rise edge)
                                                     10.000    10.000 r  
    PS8_X0Y0             PS8                          0.000    10.000 r  OSDZU3x_BYOTEE_i/zynq_ultra_ps_e_0/inst/PS8_i/PLCLK[0]
                         net (fo=1, routed)           0.140    10.140    OSDZU3x_BYOTEE_i/zynq_ultra_ps_e_0/inst/pl_clk_unbuffered[0]
    BUFG_PS_X0Y52        BUFG_PS (Prop_BUFG_PS_I_O)
                                                      0.027    10.167 r  OSDZU3x_BYOTEE_i/zynq_ultra_ps_e_0/inst/buffer_pl_clk_0.PL_CLK_0_BUFG/O
    X0Y1 (CLOCK_ROOT)    net (fo=8048, routed)        1.647    11.814    <hidden>
    RAMB36_X3Y6          RAMB36E2                                     r  <hidden>
                         clock pessimism              0.160    11.974    
                         clock uncertainty           -0.130    11.845    
    RAMB36_X3Y6          RAMB36E2 (Setup_RAMB36E2_RAMB36_CLKARDCLK_ADDRARDADDR[1])
                                                     -0.369    11.476    <hidden>
  -------------------------------------------------------------------
                         required time                         11.476    
                         arrival time                          -6.828    
  -------------------------------------------------------------------
                         slack                                  4.647    

Slack (MET) :             4.686ns  (required time - arrival time)
  Source:                 OSDZU3x_BYOTEE_i/axi_interconnect_0/m02_couplers/auto_ds/inst/gen_downsizer.gen_simple_downsizer.axi_downsizer_inst/USE_WRITE.write_data_inst/length_counter_1_reg[1]/C
                            (rising edge-triggered cell FDRE clocked by clk_pl_0  {rise@0.000ns fall@5.000ns period=10.000ns})
  Destination:            OSDZU3x_BYOTEE_i/axi_interconnect_0/s02_couplers/auto_us/inst/gen_upsizer.gen_full_upsizer.axi_upsizer_inst/USE_WRITE.gen_non_fifo_w_upsizer.write_data_inst/WORD_LANE[0].USE_ALWAYS_PACKER.BYTE_LANE[1].USE_RTL_DATA.USE_REGISTER.M_AXI_WDATA_I_reg[14]/CE
                            (rising edge-triggered cell FDRE clocked by clk_pl_0  {rise@0.000ns fall@5.000ns period=10.000ns})
  Path Group:             clk_pl_0
  Path Type:              Setup (Max at Slow Process Corner)
  Requirement:            10.000ns  (clk_pl_0 rise@10.000ns - clk_pl_0 rise@0.000ns)
  Data Path Delay:        5.068ns  (logic 1.719ns (33.921%)  route 3.349ns (66.079%))
  Logic Levels:           13  (LUT2=3 LUT3=3 LUT5=1 LUT6=6)
  Clock Path Skew:        -0.073ns (DCD - SCD + CPR)
    Destination Clock Delay (DCD):    1.691ns = ( 11.691 - 10.000 ) 
    Source Clock Delay      (SCD):    1.918ns
    Clock Pessimism Removal (CPR):    0.154ns
  Clock Uncertainty:      0.130ns  ((TSJ^2 + DJ^2)^1/2) / 2 + PE
    Total System Jitter     (TSJ):    0.071ns
    Discrete Jitter          (DJ):    0.250ns
    Phase Error              (PE):    0.000ns
  Clock Net Delay (Source):      1.711ns (routing 0.625ns, distribution 1.086ns)
  Clock Net Delay (Destination): 1.524ns (routing 0.564ns, distribution 0.960ns)

    Location             Delay type                Incr(ns)  Path(ns)    Netlist Resource(s)
  -------------------------------------------------------------------    -------------------
                         (clock clk_pl_0 rise edge)
                                                      0.000     0.000 r  
    PS8_X0Y0             PS8                          0.000     0.000 r  OSDZU3x_BYOTEE_i/zynq_ultra_ps_e_0/inst/PS8_i/PLCLK[0]
                         net (fo=1, routed)           0.178     0.178    OSDZU3x_BYOTEE_i/zynq_ultra_ps_e_0/inst/pl_clk_unbuffered[0]
    BUFG_PS_X0Y52        BUFG_PS (Prop_BUFG_PS_I_O)
                                                      0.029     0.207 r  OSDZU3x_BYOTEE_i/zynq_ultra_ps_e_0/inst/buffer_pl_clk_0.PL_CLK_0_BUFG/O
    X0Y1 (CLOCK_ROOT)    net (fo=8048, routed)        1.711     1.918    OSDZU3x_BYOTEE_i/axi_interconnect_0/m02_couplers/auto_ds/inst/gen_downsizer.gen_simple_downsizer.axi_downsizer_inst/USE_WRITE.write_data_inst/CLK
    SLICE_X5Y93          FDRE                                         r  OSDZU3x_BYOTEE_i/axi_interconnect_0/m02_couplers/auto_ds/inst/gen_downsizer.gen_simple_downsizer.axi_downsizer_inst/USE_WRITE.write_data_inst/length_counter_1_reg[1]/C
  -------------------------------------------------------------------    -------------------
    SLICE_X5Y93          FDRE (Prop_EFF2_SLICEM_C_Q)
                                                      0.098     2.016 f  OSDZU3x_BYOTEE_i/axi_interconnect_0/m02_couplers/auto_ds/inst/gen_downsizer.gen_simple_downsizer.axi_downsizer_inst/USE_WRITE.write_data_inst/length_counter_1_reg[1]/Q
                         net (fo=4, routed)           0.192     2.209    OSDZU3x_BYOTEE_i/axi_interconnect_0/m02_couplers/auto_ds/inst/gen_downsizer.gen_simple_downsizer.axi_downsizer_inst/USE_WRITE.write_data_inst/length_counter_1_reg[1]
    SLICE_X5Y93          LUT5 (Prop_C5LUT_SLICEM_I2_O)
                                                      0.196     2.405 r  OSDZU3x_BYOTEE_i/axi_interconnect_0/m02_couplers/auto_ds/inst/gen_downsizer.gen_simple_downsizer.axi_downsizer_inst/USE_WRITE.write_data_inst/length_counter_1[3]_i_2/O
                         net (fo=2, routed)           0.239     2.644    OSDZU3x_BYOTEE_i/axi_interconnect_0/m02_couplers/auto_ds/inst/gen_downsizer.gen_simple_downsizer.axi_downsizer_inst/USE_WRITE.write_data_inst/length_counter_1[3]_i_2_n_0
    SLICE_X5Y93          LUT6 (Prop_G6LUT_SLICEM_I2_O)
                                                      0.039     2.683 r  OSDZU3x_BYOTEE_i/axi_interconnect_0/m02_couplers/auto_ds/inst/gen_downsizer.gen_simple_downsizer.axi_downsizer_inst/USE_WRITE.write_data_inst/m_axi_wlast_INST_0_i_2/O
                         net (fo=2, routed)           0.120     2.803    OSDZU3x_BYOTEE_i/axi_interconnect_0/m02_couplers/auto_ds/inst/gen_downsizer.gen_simple_downsizer.axi_downsizer_inst/USE_WRITE.write_data_inst/m_axi_wlast_INST_0_i_2_n_0
    SLICE_X5Y94          LUT6 (Prop_G6LUT_SLICEM_I2_O)
                                                      0.148     2.951 r  OSDZU3x_BYOTEE_i/axi_interconnect_0/m02_couplers/auto_ds/inst/gen_downsizer.gen_simple_downsizer.axi_downsizer_inst/USE_WRITE.write_data_inst/m_axi_wlast_INST_0_i_1/O
                         net (fo=2, routed)           0.061     3.012    OSDZU3x_BYOTEE_i/axi_interconnect_0/m02_couplers/auto_ds/inst/gen_downsizer.gen_simple_downsizer.axi_downsizer_inst/USE_WRITE.write_data_inst/m_axi_wlast_INST_0_i_1_n_0
    SLICE_X5Y94          LUT6 (Prop_H6LUT_SLICEM_I2_O)
                                                      0.117     3.129 r  OSDZU3x_BYOTEE_i/axi_interconnect_0/m02_couplers/auto_ds/inst/gen_downsizer.gen_simple_downsizer.axi_downsizer_inst/USE_WRITE.write_data_inst/m_axi_wlast_INST_0/O
                         net (fo=3, routed)           0.133     3.262    OSDZU3x_BYOTEE_i/axi_interconnect_0/m02_couplers/auto_ds/inst/gen_downsizer.gen_simple_downsizer.axi_downsizer_inst/USE_WRITE.write_addr_inst/cmd_queue/inst/s_axi_wready_0
    SLICE_X4Y94          LUT6 (Prop_H6LUT_SLICEM_I2_O)
                                                      0.066     3.328 r  OSDZU3x_BYOTEE_i/axi_interconnect_0/m02_couplers/auto_ds/inst/gen_downsizer.gen_simple_downsizer.axi_downsizer_inst/USE_WRITE.write_addr_inst/cmd_queue/inst/s_axi_wready_INST_0/O
                         net (fo=2, routed)           0.320     3.648    OSDZU3x_BYOTEE_i/axi_interconnect_0/xbar/inst/gen_samd.crossbar_samd/gen_master_slots[2].gen_mi_write.wdata_mux_w/gen_wmux.wmux_aw_fifo/m_axi_wready[0]
    SLICE_X4Y85          LUT2 (Prop_B5LUT_SLICEM_I1_O)
                                                      0.205     3.853 r  OSDZU3x_BYOTEE_i/axi_interconnect_0/xbar/inst/gen_samd.crossbar_samd/gen_master_slots[2].gen_mi_write.wdata_mux_w/gen_wmux.wmux_aw_fifo/s_axi_wready[2]_INST_0_i_5/O
                         net (fo=2, routed)           0.309     4.162    OSDZU3x_BYOTEE_i/axi_interconnect_0/xbar/inst/gen_samd.crossbar_samd/gen_master_slots[3].gen_mi_write.wdata_mux_w/gen_wmux.wmux_aw_fifo/s_axi_wready[0]_INST_0_i_1_0
    SLICE_X2Y85          LUT6 (Prop_C6LUT_SLICEL_I5_O)
                                                      0.063     4.225 r  OSDZU3x_BYOTEE_i/axi_interconnect_0/xbar/inst/gen_samd.crossbar_samd/gen_master_slots[3].gen_mi_write.wdata_mux_w/gen_wmux.wmux_aw_fifo/s_axi_wready[2]_INST_0_i_2/O
                         net (fo=1, routed)           0.106     4.331    OSDZU3x_BYOTEE_i/axi_interconnect_0/xbar/inst/gen_samd.crossbar_samd/gen_slave_slots[2].gen_si_write.wdata_router_w/wrouter_aw_fifo/gen_srls[0].gen_rep[2].srl_nx1/s_axi_wready[2]_0
    SLICE_X2Y83          LUT6 (Prop_C6LUT_SLICEL_I1_O)
                                                      0.098     4.429 r  OSDZU3x_BYOTEE_i/axi_interconnect_0/xbar/inst/gen_samd.crossbar_samd/gen_slave_slots[2].gen_si_write.wdata_router_w/wrouter_aw_fifo/gen_srls[0].gen_rep[2].srl_nx1/s_axi_wready[2]_INST_0_i_1/O
                         net (fo=2, routed)           0.107     4.536    OSDZU3x_BYOTEE_i/axi_interconnect_0/xbar/inst/gen_samd.crossbar_samd/gen_slave_slots[2].gen_si_write.wdata_router_w/wrouter_aw_fifo/m_aready0
    SLICE_X2Y82          LUT2 (Prop_B5LUT_SLICEL_I1_O)
                                                      0.142     4.678 r  OSDZU3x_BYOTEE_i/axi_interconnect_0/xbar/inst/gen_samd.crossbar_samd/gen_slave_slots[2].gen_si_write.wdata_router_w/wrouter_aw_fifo/s_axi_wready[2]_INST_0/O
                         net (fo=13, routed)          0.305     4.983    OSDZU3x_BYOTEE_i/axi_interconnect_0/s02_couplers/auto_us/inst/gen_upsizer.gen_full_upsizer.axi_upsizer_inst/USE_WRITE.gen_non_fifo_w_upsizer.write_data_inst/m_axi_wready
    SLICE_X6Y82          LUT2 (Prop_H5LUT_SLICEL_I0_O)
                                                      0.080     5.063 r  OSDZU3x_BYOTEE_i/axi_interconnect_0/s02_couplers/auto_us/inst/gen_upsizer.gen_full_upsizer.axi_upsizer_inst/USE_WRITE.gen_non_fifo_w_upsizer.write_data_inst/USE_REGISTER.M_AXI_WLAST_q_i_1/O
                         net (fo=3, routed)           0.270     5.333    OSDZU3x_BYOTEE_i/axi_interconnect_0/s02_couplers/auto_us/inst/gen_upsizer.gen_full_upsizer.axi_upsizer_inst/USE_WRITE.write_addr_inst/GEN_CMD_QUEUE.cmd_queue/M_AXI_WREADY_I
    SLICE_X6Y78          LUT3 (Prop_A5LUT_SLICEL_I0_O)
                                                      0.123     5.456 r  OSDZU3x_BYOTEE_i/axi_interconnect_0/s02_couplers/auto_us/inst/gen_upsizer.gen_full_upsizer.axi_upsizer_inst/USE_WRITE.write_addr_inst/GEN_CMD_QUEUE.cmd_queue/WORD_LANE[1].USE_ALWAYS_PACKER.BYTE_LANE[3].USE_RTL_DATA.USE_REGISTER.M_AXI_WDATA_I[63]_i_6/O
                         net (fo=8, routed)           0.421     5.876    OSDZU3x_BYOTEE_i/axi_interconnect_0/s02_couplers/auto_us/inst/gen_upsizer.gen_full_upsizer.axi_upsizer_inst/USE_WRITE.write_addr_inst/GEN_CMD_QUEUE.cmd_queue/WORD_LANE[1].USE_ALWAYS_PACKER.BYTE_LANE[3].USE_RTL_DATA.USE_REGISTER.M_AXI_WDATA_I[63]_i_6_n_0
    SLICE_X4Y73          LUT3 (Prop_B5LUT_SLICEM_I2_O)
                                                      0.142     6.018 r  OSDZU3x_BYOTEE_i/axi_interconnect_0/s02_couplers/auto_us/inst/gen_upsizer.gen_full_upsizer.axi_upsizer_inst/USE_WRITE.write_addr_inst/GEN_CMD_QUEUE.cmd_queue/WORD_LANE[0].USE_ALWAYS_PACKER.BYTE_LANE[1].USE_RTL_DATA.USE_REGISTER.M_AXI_WDATA_I[15]_i_3/O
                         net (fo=9, routed)           0.304     6.323    OSDZU3x_BYOTEE_i/axi_interconnect_0/s02_couplers/auto_us/inst/gen_upsizer.gen_full_upsizer.axi_upsizer_inst/USE_WRITE.write_addr_inst/GEN_CMD_QUEUE.cmd_queue/s_axi_wstrb[1]_0
    SLICE_X2Y73          LUT3 (Prop_B5LUT_SLICEL_I0_O)
                                                      0.202     6.525 r  OSDZU3x_BYOTEE_i/axi_interconnect_0/s02_couplers/auto_us/inst/gen_upsizer.gen_full_upsizer.axi_upsizer_inst/USE_WRITE.write_addr_inst/GEN_CMD_QUEUE.cmd_queue/WORD_LANE[0].USE_ALWAYS_PACKER.BYTE_LANE[1].USE_RTL_DATA.USE_REGISTER.M_AXI_WDATA_I[15]_i_1/O
                         net (fo=8, routed)           0.461     6.986    OSDZU3x_BYOTEE_i/axi_interconnect_0/s02_couplers/auto_us/inst/gen_upsizer.gen_full_upsizer.axi_upsizer_inst/USE_WRITE.gen_non_fifo_w_upsizer.write_data_inst/WORD_LANE[0].USE_ALWAYS_PACKER.BYTE_LANE[1].USE_RTL_DATA.USE_REGISTER.M_AXI_WDATA_I_reg[15]_0[0]
    SLICE_X1Y69          FDRE                                         r  OSDZU3x_BYOTEE_i/axi_interconnect_0/s02_couplers/auto_us/inst/gen_upsizer.gen_full_upsizer.axi_upsizer_inst/USE_WRITE.gen_non_fifo_w_upsizer.write_data_inst/WORD_LANE[0].USE_ALWAYS_PACKER.BYTE_LANE[1].USE_RTL_DATA.USE_REGISTER.M_AXI_WDATA_I_reg[14]/CE
  -------------------------------------------------------------------    -------------------

                         (clock clk_pl_0 rise edge)
                                                     10.000    10.000 r  
    PS8_X0Y0             PS8                          0.000    10.000 r  OSDZU3x_BYOTEE_i/zynq_ultra_ps_e_0/inst/PS8_i/PLCLK[0]
                         net (fo=1, routed)           0.140    10.140    OSDZU3x_BYOTEE_i/zynq_ultra_ps_e_0/inst/pl_clk_unbuffered[0]
    BUFG_PS_X0Y52        BUFG_PS (Prop_BUFG_PS_I_O)
                                                      0.027    10.167 r  OSDZU3x_BYOTEE_i/zynq_ultra_ps_e_0/inst/buffer_pl_clk_0.PL_CLK_0_BUFG/O
    X0Y1 (CLOCK_ROOT)    net (fo=8048, routed)        1.524    11.691    OSDZU3x_BYOTEE_i/axi_interconnect_0/s02_couplers/auto_us/inst/gen_upsizer.gen_full_upsizer.axi_upsizer_inst/USE_WRITE.gen_non_fifo_w_upsizer.write_data_inst/WORD_LANE[1].USE_ALWAYS_PACKER.BYTE_LANE[3].USE_RTL_DATA.USE_REGISTER.M_AXI_WSTRB_I_reg[7]_0
    SLICE_X1Y69          FDRE                                         r  OSDZU3x_BYOTEE_i/axi_interconnect_0/s02_couplers/auto_us/inst/gen_upsizer.gen_full_upsizer.axi_upsizer_inst/USE_WRITE.gen_non_fifo_w_upsizer.write_data_inst/WORD_LANE[0].USE_ALWAYS_PACKER.BYTE_LANE[1].USE_RTL_DATA.USE_REGISTER.M_AXI_WDATA_I_reg[14]/C
                         clock pessimism              0.154    11.845    
                         clock uncertainty           -0.130    11.715    
    SLICE_X1Y69          FDRE (Setup_DFF_SLICEM_C_CE)
                                                     -0.043    11.672    OSDZU3x_BYOTEE_i/axi_interconnect_0/s02_couplers/auto_us/inst/gen_upsizer.gen_full_upsizer.axi_upsizer_inst/USE_WRITE.gen_non_fifo_w_upsizer.write_data_inst/WORD_LANE[0].USE_ALWAYS_PACKER.BYTE_LANE[1].USE_RTL_DATA.USE_REGISTER.M_AXI_WDATA_I_reg[14]
  -------------------------------------------------------------------
                         required time                         11.672    
                         arrival time                          -6.986    
  -------------------------------------------------------------------
                         slack                                  4.686    

Slack (MET) :             4.686ns  (required time - arrival time)
  Source:                 OSDZU3x_BYOTEE_i/axi_interconnect_0/m02_couplers/auto_ds/inst/gen_downsizer.gen_simple_downsizer.axi_downsizer_inst/USE_WRITE.write_data_inst/length_counter_1_reg[1]/C
                            (rising edge-triggered cell FDRE clocked by clk_pl_0  {rise@0.000ns fall@5.000ns period=10.000ns})
  Destination:            OSDZU3x_BYOTEE_i/axi_interconnect_0/s02_couplers/auto_us/inst/gen_upsizer.gen_full_upsizer.axi_upsizer_inst/USE_WRITE.gen_non_fifo_w_upsizer.write_data_inst/WORD_LANE[0].USE_ALWAYS_PACKER.BYTE_LANE[1].USE_RTL_DATA.USE_REGISTER.M_AXI_WDATA_I_reg[15]/CE
                            (rising edge-triggered cell FDRE clocked by clk_pl_0  {rise@0.000ns fall@5.000ns period=10.000ns})
  Path Group:             clk_pl_0
  Path Type:              Setup (Max at Slow Process Corner)
  Requirement:            10.000ns  (clk_pl_0 rise@10.000ns - clk_pl_0 rise@0.000ns)
  Data Path Delay:        5.068ns  (logic 1.719ns (33.921%)  route 3.349ns (66.079%))
  Logic Levels:           13  (LUT2=3 LUT3=3 LUT5=1 LUT6=6)
  Clock Path Skew:        -0.073ns (DCD - SCD + CPR)
    Destination Clock Delay (DCD):    1.691ns = ( 11.691 - 10.000 ) 
    Source Clock Delay      (SCD):    1.918ns
    Clock Pessimism Removal (CPR):    0.154ns
  Clock Uncertainty:      0.130ns  ((TSJ^2 + DJ^2)^1/2) / 2 + PE
    Total System Jitter     (TSJ):    0.071ns
    Discrete Jitter          (DJ):    0.250ns
    Phase Error              (PE):    0.000ns
  Clock Net Delay (Source):      1.711ns (routing 0.625ns, distribution 1.086ns)
  Clock Net Delay (Destination): 1.524ns (routing 0.564ns, distribution 0.960ns)

    Location             Delay type                Incr(ns)  Path(ns)    Netlist Resource(s)
  -------------------------------------------------------------------    -------------------
                         (clock clk_pl_0 rise edge)
                                                      0.000     0.000 r  
    PS8_X0Y0             PS8                          0.000     0.000 r  OSDZU3x_BYOTEE_i/zynq_ultra_ps_e_0/inst/PS8_i/PLCLK[0]
                         net (fo=1, routed)           0.178     0.178    OSDZU3x_BYOTEE_i/zynq_ultra_ps_e_0/inst/pl_clk_unbuffered[0]
    BUFG_PS_X0Y52        BUFG_PS (Prop_BUFG_PS_I_O)
                                                      0.029     0.207 r  OSDZU3x_BYOTEE_i/zynq_ultra_ps_e_0/inst/buffer_pl_clk_0.PL_CLK_0_BUFG/O
    X0Y1 (CLOCK_ROOT)    net (fo=8048, routed)        1.711     1.918    OSDZU3x_BYOTEE_i/axi_interconnect_0/m02_couplers/auto_ds/inst/gen_downsizer.gen_simple_downsizer.axi_downsizer_inst/USE_WRITE.write_data_inst/CLK
    SLICE_X5Y93          FDRE                                         r  OSDZU3x_BYOTEE_i/axi_interconnect_0/m02_couplers/auto_ds/inst/gen_downsizer.gen_simple_downsizer.axi_downsizer_inst/USE_WRITE.write_data_inst/length_counter_1_reg[1]/C
  -------------------------------------------------------------------    -------------------
    SLICE_X5Y93          FDRE (Prop_EFF2_SLICEM_C_Q)
                                                      0.098     2.016 f  OSDZU3x_BYOTEE_i/axi_interconnect_0/m02_couplers/auto_ds/inst/gen_downsizer.gen_simple_downsizer.axi_downsizer_inst/USE_WRITE.write_data_inst/length_counter_1_reg[1]/Q
                         net (fo=4, routed)           0.192     2.209    OSDZU3x_BYOTEE_i/axi_interconnect_0/m02_couplers/auto_ds/inst/gen_downsizer.gen_simple_downsizer.axi_downsizer_inst/USE_WRITE.write_data_inst/length_counter_1_reg[1]
    SLICE_X5Y93          LUT5 (Prop_C5LUT_SLICEM_I2_O)
                                                      0.196     2.405 r  OSDZU3x_BYOTEE_i/axi_interconnect_0/m02_couplers/auto_ds/inst/gen_downsizer.gen_simple_downsizer.axi_downsizer_inst/USE_WRITE.write_data_inst/length_counter_1[3]_i_2/O
                         net (fo=2, routed)           0.239     2.644    OSDZU3x_BYOTEE_i/axi_interconnect_0/m02_couplers/auto_ds/inst/gen_downsizer.gen_simple_downsizer.axi_downsizer_inst/USE_WRITE.write_data_inst/length_counter_1[3]_i_2_n_0
    SLICE_X5Y93          LUT6 (Prop_G6LUT_SLICEM_I2_O)
                                                      0.039     2.683 r  OSDZU3x_BYOTEE_i/axi_interconnect_0/m02_couplers/auto_ds/inst/gen_downsizer.gen_simple_downsizer.axi_downsizer_inst/USE_WRITE.write_data_inst/m_axi_wlast_INST_0_i_2/O
                         net (fo=2, routed)           0.120     2.803    OSDZU3x_BYOTEE_i/axi_interconnect_0/m02_couplers/auto_ds/inst/gen_downsizer.gen_simple_downsizer.axi_downsizer_inst/USE_WRITE.write_data_inst/m_axi_wlast_INST_0_i_2_n_0
    SLICE_X5Y94          LUT6 (Prop_G6LUT_SLICEM_I2_O)
                                                      0.148     2.951 r  OSDZU3x_BYOTEE_i/axi_interconnect_0/m02_couplers/auto_ds/inst/gen_downsizer.gen_simple_downsizer.axi_downsizer_inst/USE_WRITE.write_data_inst/m_axi_wlast_INST_0_i_1/O
                         net (fo=2, routed)           0.061     3.012    OSDZU3x_BYOTEE_i/axi_interconnect_0/m02_couplers/auto_ds/inst/gen_downsizer.gen_simple_downsizer.axi_downsizer_inst/USE_WRITE.write_data_inst/m_axi_wlast_INST_0_i_1_n_0
    SLICE_X5Y94          LUT6 (Prop_H6LUT_SLICEM_I2_O)
                                                      0.117     3.129 r  OSDZU3x_BYOTEE_i/axi_interconnect_0/m02_couplers/auto_ds/inst/gen_downsizer.gen_simple_downsizer.axi_downsizer_inst/USE_WRITE.write_data_inst/m_axi_wlast_INST_0/O
                         net (fo=3, routed)           0.133     3.262    OSDZU3x_BYOTEE_i/axi_interconnect_0/m02_couplers/auto_ds/inst/gen_downsizer.gen_simple_downsizer.axi_downsizer_inst/USE_WRITE.write_addr_inst/cmd_queue/inst/s_axi_wready_0
    SLICE_X4Y94          LUT6 (Prop_H6LUT_SLICEM_I2_O)
                                                      0.066     3.328 r  OSDZU3x_BYOTEE_i/axi_interconnect_0/m02_couplers/auto_ds/inst/gen_downsizer.gen_simple_downsizer.axi_downsizer_inst/USE_WRITE.write_addr_inst/cmd_queue/inst/s_axi_wready_INST_0/O
                         net (fo=2, routed)           0.320     3.648    OSDZU3x_BYOTEE_i/axi_interconnect_0/xbar/inst/gen_samd.crossbar_samd/gen_master_slots[2].gen_mi_write.wdata_mux_w/gen_wmux.wmux_aw_fifo/m_axi_wready[0]
    SLICE_X4Y85          LUT2 (Prop_B5LUT_SLICEM_I1_O)
                                                      0.205     3.853 r  OSDZU3x_BYOTEE_i/axi_interconnect_0/xbar/inst/gen_samd.crossbar_samd/gen_master_slots[2].gen_mi_write.wdata_mux_w/gen_wmux.wmux_aw_fifo/s_axi_wready[2]_INST_0_i_5/O
                         net (fo=2, routed)           0.309     4.162    OSDZU3x_BYOTEE_i/axi_interconnect_0/xbar/inst/gen_samd.crossbar_samd/gen_master_slots[3].gen_mi_write.wdata_mux_w/gen_wmux.wmux_aw_fifo/s_axi_wready[0]_INST_0_i_1_0
    SLICE_X2Y85          LUT6 (Prop_C6LUT_SLICEL_I5_O)
                                                      0.063     4.225 r  OSDZU3x_BYOTEE_i/axi_interconnect_0/xbar/inst/gen_samd.crossbar_samd/gen_master_slots[3].gen_mi_write.wdata_mux_w/gen_wmux.wmux_aw_fifo/s_axi_wready[2]_INST_0_i_2/O
                         net (fo=1, routed)           0.106     4.331    OSDZU3x_BYOTEE_i/axi_interconnect_0/xbar/inst/gen_samd.crossbar_samd/gen_slave_slots[2].gen_si_write.wdata_router_w/wrouter_aw_fifo/gen_srls[0].gen_rep[2].srl_nx1/s_axi_wready[2]_0
    SLICE_X2Y83          LUT6 (Prop_C6LUT_SLICEL_I1_O)
                                                      0.098     4.429 r  OSDZU3x_BYOTEE_i/axi_interconnect_0/xbar/inst/gen_samd.crossbar_samd/gen_slave_slots[2].gen_si_write.wdata_router_w/wrouter_aw_fifo/gen_srls[0].gen_rep[2].srl_nx1/s_axi_wready[2]_INST_0_i_1/O
                         net (fo=2, routed)           0.107     4.536    OSDZU3x_BYOTEE_i/axi_interconnect_0/xbar/inst/gen_samd.crossbar_samd/gen_slave_slots[2].gen_si_write.wdata_router_w/wrouter_aw_fifo/m_aready0
    SLICE_X2Y82          LUT2 (Prop_B5LUT_SLICEL_I1_O)
                                                      0.142     4.678 r  OSDZU3x_BYOTEE_i/axi_interconnect_0/xbar/inst/gen_samd.crossbar_samd/gen_slave_slots[2].gen_si_write.wdata_router_w/wrouter_aw_fifo/s_axi_wready[2]_INST_0/O
                         net (fo=13, routed)          0.305     4.983    OSDZU3x_BYOTEE_i/axi_interconnect_0/s02_couplers/auto_us/inst/gen_upsizer.gen_full_upsizer.axi_upsizer_inst/USE_WRITE.gen_non_fifo_w_upsizer.write_data_inst/m_axi_wready
    SLICE_X6Y82          LUT2 (Prop_H5LUT_SLICEL_I0_O)
                                                      0.080     5.063 r  OSDZU3x_BYOTEE_i/axi_interconnect_0/s02_couplers/auto_us/inst/gen_upsizer.gen_full_upsizer.axi_upsizer_inst/USE_WRITE.gen_non_fifo_w_upsizer.write_data_inst/USE_REGISTER.M_AXI_WLAST_q_i_1/O
                         net (fo=3, routed)           0.270     5.333    OSDZU3x_BYOTEE_i/axi_interconnect_0/s02_couplers/auto_us/inst/gen_upsizer.gen_full_upsizer.axi_upsizer_inst/USE_WRITE.write_addr_inst/GEN_CMD_QUEUE.cmd_queue/M_AXI_WREADY_I
    SLICE_X6Y78          LUT3 (Prop_A5LUT_SLICEL_I0_O)
                                                      0.123     5.456 r  OSDZU3x_BYOTEE_i/axi_interconnect_0/s02_couplers/auto_us/inst/gen_upsizer.gen_full_upsizer.axi_upsizer_inst/USE_WRITE.write_addr_inst/GEN_CMD_QUEUE.cmd_queue/WORD_LANE[1].USE_ALWAYS_PACKER.BYTE_LANE[3].USE_RTL_DATA.USE_REGISTER.M_AXI_WDATA_I[63]_i_6/O
                         net (fo=8, routed)           0.421     5.876    OSDZU3x_BYOTEE_i/axi_interconnect_0/s02_couplers/auto_us/inst/gen_upsizer.gen_full_upsizer.axi_upsizer_inst/USE_WRITE.write_addr_inst/GEN_CMD_QUEUE.cmd_queue/WORD_LANE[1].USE_ALWAYS_PACKER.BYTE_LANE[3].USE_RTL_DATA.USE_REGISTER.M_AXI_WDATA_I[63]_i_6_n_0
    SLICE_X4Y73          LUT3 (Prop_B5LUT_SLICEM_I2_O)
                                                      0.142     6.018 r  OSDZU3x_BYOTEE_i/axi_interconnect_0/s02_couplers/auto_us/inst/gen_upsizer.gen_full_upsizer.axi_upsizer_inst/USE_WRITE.write_addr_inst/GEN_CMD_QUEUE.cmd_queue/WORD_LANE[0].USE_ALWAYS_PACKER.BYTE_LANE[1].USE_RTL_DATA.USE_REGISTER.M_AXI_WDATA_I[15]_i_3/O
                         net (fo=9, routed)           0.304     6.323    OSDZU3x_BYOTEE_i/axi_interconnect_0/s02_couplers/auto_us/inst/gen_upsizer.gen_full_upsizer.axi_upsizer_inst/USE_WRITE.write_addr_inst/GEN_CMD_QUEUE.cmd_queue/s_axi_wstrb[1]_0
    SLICE_X2Y73          LUT3 (Prop_B5LUT_SLICEL_I0_O)
                                                      0.202     6.525 r  OSDZU3x_BYOTEE_i/axi_interconnect_0/s02_couplers/auto_us/inst/gen_upsizer.gen_full_upsizer.axi_upsizer_inst/USE_WRITE.write_addr_inst/GEN_CMD_QUEUE.cmd_queue/WORD_LANE[0].USE_ALWAYS_PACKER.BYTE_LANE[1].USE_RTL_DATA.USE_REGISTER.M_AXI_WDATA_I[15]_i_1/O
                         net (fo=8, routed)           0.461     6.986    OSDZU3x_BYOTEE_i/axi_interconnect_0/s02_couplers/auto_us/inst/gen_upsizer.gen_full_upsizer.axi_upsizer_inst/USE_WRITE.gen_non_fifo_w_upsizer.write_data_inst/WORD_LANE[0].USE_ALWAYS_PACKER.BYTE_LANE[1].USE_RTL_DATA.USE_REGISTER.M_AXI_WDATA_I_reg[15]_0[0]
    SLICE_X1Y69          FDRE                                         r  OSDZU3x_BYOTEE_i/axi_interconnect_0/s02_couplers/auto_us/inst/gen_upsizer.gen_full_upsizer.axi_upsizer_inst/USE_WRITE.gen_non_fifo_w_upsizer.write_data_inst/WORD_LANE[0].USE_ALWAYS_PACKER.BYTE_LANE[1].USE_RTL_DATA.USE_REGISTER.M_AXI_WDATA_I_reg[15]/CE
  -------------------------------------------------------------------    -------------------

                         (clock clk_pl_0 rise edge)
                                                     10.000    10.000 r  
    PS8_X0Y0             PS8                          0.000    10.000 r  OSDZU3x_BYOTEE_i/zynq_ultra_ps_e_0/inst/PS8_i/PLCLK[0]
                         net (fo=1, routed)           0.140    10.140    OSDZU3x_BYOTEE_i/zynq_ultra_ps_e_0/inst/pl_clk_unbuffered[0]
    BUFG_PS_X0Y52        BUFG_PS (Prop_BUFG_PS_I_O)
                                                      0.027    10.167 r  OSDZU3x_BYOTEE_i/zynq_ultra_ps_e_0/inst/buffer_pl_clk_0.PL_CLK_0_BUFG/O
    X0Y1 (CLOCK_ROOT)    net (fo=8048, routed)        1.524    11.691    OSDZU3x_BYOTEE_i/axi_interconnect_0/s02_couplers/auto_us/inst/gen_upsizer.gen_full_upsizer.axi_upsizer_inst/USE_WRITE.gen_non_fifo_w_upsizer.write_data_inst/WORD_LANE[1].USE_ALWAYS_PACKER.BYTE_LANE[3].USE_RTL_DATA.USE_REGISTER.M_AXI_WSTRB_I_reg[7]_0
    SLICE_X1Y69          FDRE                                         r  OSDZU3x_BYOTEE_i/axi_interconnect_0/s02_couplers/auto_us/inst/gen_upsizer.gen_full_upsizer.axi_upsizer_inst/USE_WRITE.gen_non_fifo_w_upsizer.write_data_inst/WORD_LANE[0].USE_ALWAYS_PACKER.BYTE_LANE[1].USE_RTL_DATA.USE_REGISTER.M_AXI_WDATA_I_reg[15]/C
                         clock pessimism              0.154    11.845    
                         clock uncertainty           -0.130    11.715    
    SLICE_X1Y69          FDRE (Setup_CFF_SLICEM_C_CE)
                                                     -0.043    11.672    OSDZU3x_BYOTEE_i/axi_interconnect_0/s02_couplers/auto_us/inst/gen_upsizer.gen_full_upsizer.axi_upsizer_inst/USE_WRITE.gen_non_fifo_w_upsizer.write_data_inst/WORD_LANE[0].USE_ALWAYS_PACKER.BYTE_LANE[1].USE_RTL_DATA.USE_REGISTER.M_AXI_WDATA_I_reg[15]
  -------------------------------------------------------------------
                         required time                         11.672    
                         arrival time                          -6.986    
  -------------------------------------------------------------------
                         slack                                  4.686    

Slack (MET) :             4.686ns  (required time - arrival time)
  Source:                 OSDZU3x_BYOTEE_i/axi_interconnect_0/m02_couplers/auto_ds/inst/gen_downsizer.gen_simple_downsizer.axi_downsizer_inst/USE_WRITE.write_data_inst/length_counter_1_reg[1]/C
                            (rising edge-triggered cell FDRE clocked by clk_pl_0  {rise@0.000ns fall@5.000ns period=10.000ns})
  Destination:            OSDZU3x_BYOTEE_i/axi_interconnect_0/s02_couplers/auto_us/inst/gen_upsizer.gen_full_upsizer.axi_upsizer_inst/USE_WRITE.gen_non_fifo_w_upsizer.write_data_inst/WORD_LANE[0].USE_ALWAYS_PACKER.BYTE_LANE[1].USE_RTL_DATA.USE_REGISTER.M_AXI_WDATA_I_reg[10]/CE
                            (rising edge-triggered cell FDRE clocked by clk_pl_0  {rise@0.000ns fall@5.000ns period=10.000ns})
  Path Group:             clk_pl_0
  Path Type:              Setup (Max at Slow Process Corner)
  Requirement:            10.000ns  (clk_pl_0 rise@10.000ns - clk_pl_0 rise@0.000ns)
  Data Path Delay:        5.064ns  (logic 1.719ns (33.948%)  route 3.345ns (66.052%))
  Logic Levels:           13  (LUT2=3 LUT3=3 LUT5=1 LUT6=6)
  Clock Path Skew:        -0.078ns (DCD - SCD + CPR)
    Destination Clock Delay (DCD):    1.686ns = ( 11.686 - 10.000 ) 
    Source Clock Delay      (SCD):    1.918ns
    Clock Pessimism Removal (CPR):    0.154ns
  Clock Uncertainty:      0.130ns  ((TSJ^2 + DJ^2)^1/2) / 2 + PE
    Total System Jitter     (TSJ):    0.071ns
    Discrete Jitter          (DJ):    0.250ns
    Phase Error              (PE):    0.000ns
  Clock Net Delay (Source):      1.711ns (routing 0.625ns, distribution 1.086ns)
  Clock Net Delay (Destination): 1.519ns (routing 0.564ns, distribution 0.955ns)

    Location             Delay type                Incr(ns)  Path(ns)    Netlist Resource(s)
  -------------------------------------------------------------------    -------------------
                         (clock clk_pl_0 rise edge)
                                                      0.000     0.000 r  
    PS8_X0Y0             PS8                          0.000     0.000 r  OSDZU3x_BYOTEE_i/zynq_ultra_ps_e_0/inst/PS8_i/PLCLK[0]
                         net (fo=1, routed)           0.178     0.178    OSDZU3x_BYOTEE_i/zynq_ultra_ps_e_0/inst/pl_clk_unbuffered[0]
    BUFG_PS_X0Y52        BUFG_PS (Prop_BUFG_PS_I_O)
                                                      0.029     0.207 r  OSDZU3x_BYOTEE_i/zynq_ultra_ps_e_0/inst/buffer_pl_clk_0.PL_CLK_0_BUFG/O
    X0Y1 (CLOCK_ROOT)    net (fo=8048, routed)        1.711     1.918    OSDZU3x_BYOTEE_i/axi_interconnect_0/m02_couplers/auto_ds/inst/gen_downsizer.gen_simple_downsizer.axi_downsizer_inst/USE_WRITE.write_data_inst/CLK
    SLICE_X5Y93          FDRE                                         r  OSDZU3x_BYOTEE_i/axi_interconnect_0/m02_couplers/auto_ds/inst/gen_downsizer.gen_simple_downsizer.axi_downsizer_inst/USE_WRITE.write_data_inst/length_counter_1_reg[1]/C
  -------------------------------------------------------------------    -------------------
    SLICE_X5Y93          FDRE (Prop_EFF2_SLICEM_C_Q)
                                                      0.098     2.016 f  OSDZU3x_BYOTEE_i/axi_interconnect_0/m02_couplers/auto_ds/inst/gen_downsizer.gen_simple_downsizer.axi_downsizer_inst/USE_WRITE.write_data_inst/length_counter_1_reg[1]/Q
                         net (fo=4, routed)           0.192     2.209    OSDZU3x_BYOTEE_i/axi_interconnect_0/m02_couplers/auto_ds/inst/gen_downsizer.gen_simple_downsizer.axi_downsizer_inst/USE_WRITE.write_data_inst/length_counter_1_reg[1]
    SLICE_X5Y93          LUT5 (Prop_C5LUT_SLICEM_I2_O)
                                                      0.196     2.405 r  OSDZU3x_BYOTEE_i/axi_interconnect_0/m02_couplers/auto_ds/inst/gen_downsizer.gen_simple_downsizer.axi_downsizer_inst/USE_WRITE.write_data_inst/length_counter_1[3]_i_2/O
                         net (fo=2, routed)           0.239     2.644    OSDZU3x_BYOTEE_i/axi_interconnect_0/m02_couplers/auto_ds/inst/gen_downsizer.gen_simple_downsizer.axi_downsizer_inst/USE_WRITE.write_data_inst/length_counter_1[3]_i_2_n_0
    SLICE_X5Y93          LUT6 (Prop_G6LUT_SLICEM_I2_O)
                                                      0.039     2.683 r  OSDZU3x_BYOTEE_i/axi_interconnect_0/m02_couplers/auto_ds/inst/gen_downsizer.gen_simple_downsizer.axi_downsizer_inst/USE_WRITE.write_data_inst/m_axi_wlast_INST_0_i_2/O
                         net (fo=2, routed)           0.120     2.803    OSDZU3x_BYOTEE_i/axi_interconnect_0/m02_couplers/auto_ds/inst/gen_downsizer.gen_simple_downsizer.axi_downsizer_inst/USE_WRITE.write_data_inst/m_axi_wlast_INST_0_i_2_n_0
    SLICE_X5Y94          LUT6 (Prop_G6LUT_SLICEM_I2_O)
                                                      0.148     2.951 r  OSDZU3x_BYOTEE_i/axi_interconnect_0/m02_couplers/auto_ds/inst/gen_downsizer.gen_simple_downsizer.axi_downsizer_inst/USE_WRITE.write_data_inst/m_axi_wlast_INST_0_i_1/O
                         net (fo=2, routed)           0.061     3.012    OSDZU3x_BYOTEE_i/axi_interconnect_0/m02_couplers/auto_ds/inst/gen_downsizer.gen_simple_downsizer.axi_downsizer_inst/USE_WRITE.write_data_inst/m_axi_wlast_INST_0_i_1_n_0
    SLICE_X5Y94          LUT6 (Prop_H6LUT_SLICEM_I2_O)
                                                      0.117     3.129 r  OSDZU3x_BYOTEE_i/axi_interconnect_0/m02_couplers/auto_ds/inst/gen_downsizer.gen_simple_downsizer.axi_downsizer_inst/USE_WRITE.write_data_inst/m_axi_wlast_INST_0/O
                         net (fo=3, routed)           0.133     3.262    OSDZU3x_BYOTEE_i/axi_interconnect_0/m02_couplers/auto_ds/inst/gen_downsizer.gen_simple_downsizer.axi_downsizer_inst/USE_WRITE.write_addr_inst/cmd_queue/inst/s_axi_wready_0
    SLICE_X4Y94          LUT6 (Prop_H6LUT_SLICEM_I2_O)
                                                      0.066     3.328 r  OSDZU3x_BYOTEE_i/axi_interconnect_0/m02_couplers/auto_ds/inst/gen_downsizer.gen_simple_downsizer.axi_downsizer_inst/USE_WRITE.write_addr_inst/cmd_queue/inst/s_axi_wready_INST_0/O
                         net (fo=2, routed)           0.320     3.648    OSDZU3x_BYOTEE_i/axi_interconnect_0/xbar/inst/gen_samd.crossbar_samd/gen_master_slots[2].gen_mi_write.wdata_mux_w/gen_wmux.wmux_aw_fifo/m_axi_wready[0]
    SLICE_X4Y85          LUT2 (Prop_B5LUT_SLICEM_I1_O)
                                                      0.205     3.853 r  OSDZU3x_BYOTEE_i/axi_interconnect_0/xbar/inst/gen_samd.crossbar_samd/gen_master_slots[2].gen_mi_write.wdata_mux_w/gen_wmux.wmux_aw_fifo/s_axi_wready[2]_INST_0_i_5/O
                         net (fo=2, routed)           0.309     4.162    OSDZU3x_BYOTEE_i/axi_interconnect_0/xbar/inst/gen_samd.crossbar_samd/gen_master_slots[3].gen_mi_write.wdata_mux_w/gen_wmux.wmux_aw_fifo/s_axi_wready[0]_INST_0_i_1_0
    SLICE_X2Y85          LUT6 (Prop_C6LUT_SLICEL_I5_O)
                                                      0.063     4.225 r  OSDZU3x_BYOTEE_i/axi_interconnect_0/xbar/inst/gen_samd.crossbar_samd/gen_master_slots[3].gen_mi_write.wdata_mux_w/gen_wmux.wmux_aw_fifo/s_axi_wready[2]_INST_0_i_2/O
                         net (fo=1, routed)           0.106     4.331    OSDZU3x_BYOTEE_i/axi_interconnect_0/xbar/inst/gen_samd.crossbar_samd/gen_slave_slots[2].gen_si_write.wdata_router_w/wrouter_aw_fifo/gen_srls[0].gen_rep[2].srl_nx1/s_axi_wready[2]_0
    SLICE_X2Y83          LUT6 (Prop_C6LUT_SLICEL_I1_O)
                                                      0.098     4.429 r  OSDZU3x_BYOTEE_i/axi_interconnect_0/xbar/inst/gen_samd.crossbar_samd/gen_slave_slots[2].gen_si_write.wdata_router_w/wrouter_aw_fifo/gen_srls[0].gen_rep[2].srl_nx1/s_axi_wready[2]_INST_0_i_1/O
                         net (fo=2, routed)           0.107     4.536    OSDZU3x_BYOTEE_i/axi_interconnect_0/xbar/inst/gen_samd.crossbar_samd/gen_slave_slots[2].gen_si_write.wdata_router_w/wrouter_aw_fifo/m_aready0
    SLICE_X2Y82          LUT2 (Prop_B5LUT_SLICEL_I1_O)
                                                      0.142     4.678 r  OSDZU3x_BYOTEE_i/axi_interconnect_0/xbar/inst/gen_samd.crossbar_samd/gen_slave_slots[2].gen_si_write.wdata_router_w/wrouter_aw_fifo/s_axi_wready[2]_INST_0/O
                         net (fo=13, routed)          0.305     4.983    OSDZU3x_BYOTEE_i/axi_interconnect_0/s02_couplers/auto_us/inst/gen_upsizer.gen_full_upsizer.axi_upsizer_inst/USE_WRITE.gen_non_fifo_w_upsizer.write_data_inst/m_axi_wready
    SLICE_X6Y82          LUT2 (Prop_H5LUT_SLICEL_I0_O)
                                                      0.080     5.063 r  OSDZU3x_BYOTEE_i/axi_interconnect_0/s02_couplers/auto_us/inst/gen_upsizer.gen_full_upsizer.axi_upsizer_inst/USE_WRITE.gen_non_fifo_w_upsizer.write_data_inst/USE_REGISTER.M_AXI_WLAST_q_i_1/O
                         net (fo=3, routed)           0.270     5.333    OSDZU3x_BYOTEE_i/axi_interconnect_0/s02_couplers/auto_us/inst/gen_upsizer.gen_full_upsizer.axi_upsizer_inst/USE_WRITE.write_addr_inst/GEN_CMD_QUEUE.cmd_queue/M_AXI_WREADY_I
    SLICE_X6Y78          LUT3 (Prop_A5LUT_SLICEL_I0_O)
                                                      0.123     5.456 r  OSDZU3x_BYOTEE_i/axi_interconnect_0/s02_couplers/auto_us/inst/gen_upsizer.gen_full_upsizer.axi_upsizer_inst/USE_WRITE.write_addr_inst/GEN_CMD_QUEUE.cmd_queue/WORD_LANE[1].USE_ALWAYS_PACKER.BYTE_LANE[3].USE_RTL_DATA.USE_REGISTER.M_AXI_WDATA_I[63]_i_6/O
                         net (fo=8, routed)           0.421     5.876    OSDZU3x_BYOTEE_i/axi_interconnect_0/s02_couplers/auto_us/inst/gen_upsizer.gen_full_upsizer.axi_upsizer_inst/USE_WRITE.write_addr_inst/GEN_CMD_QUEUE.cmd_queue/WORD_LANE[1].USE_ALWAYS_PACKER.BYTE_LANE[3].USE_RTL_DATA.USE_REGISTER.M_AXI_WDATA_I[63]_i_6_n_0
    SLICE_X4Y73          LUT3 (Prop_B5LUT_SLICEM_I2_O)
                                                      0.142     6.018 r  OSDZU3x_BYOTEE_i/axi_interconnect_0/s02_couplers/auto_us/inst/gen_upsizer.gen_full_upsizer.axi_upsizer_inst/USE_WRITE.write_addr_inst/GEN_CMD_QUEUE.cmd_queue/WORD_LANE[0].USE_ALWAYS_PACKER.BYTE_LANE[1].USE_RTL_DATA.USE_REGISTER.M_AXI_WDATA_I[15]_i_3/O
                         net (fo=9, routed)           0.304     6.323    OSDZU3x_BYOTEE_i/axi_interconnect_0/s02_couplers/auto_us/inst/gen_upsizer.gen_full_upsizer.axi_upsizer_inst/USE_WRITE.write_addr_inst/GEN_CMD_QUEUE.cmd_queue/s_axi_wstrb[1]_0
    SLICE_X2Y73          LUT3 (Prop_B5LUT_SLICEL_I0_O)
                                                      0.202     6.525 r  OSDZU3x_BYOTEE_i/axi_interconnect_0/s02_couplers/auto_us/inst/gen_upsizer.gen_full_upsizer.axi_upsizer_inst/USE_WRITE.write_addr_inst/GEN_CMD_QUEUE.cmd_queue/WORD_LANE[0].USE_ALWAYS_PACKER.BYTE_LANE[1].USE_RTL_DATA.USE_REGISTER.M_AXI_WDATA_I[15]_i_1/O
                         net (fo=8, routed)           0.457     6.982    OSDZU3x_BYOTEE_i/axi_interconnect_0/s02_couplers/auto_us/inst/gen_upsizer.gen_full_upsizer.axi_upsizer_inst/USE_WRITE.gen_non_fifo_w_upsizer.write_data_inst/WORD_LANE[0].USE_ALWAYS_PACKER.BYTE_LANE[1].USE_RTL_DATA.USE_REGISTER.M_AXI_WDATA_I_reg[15]_0[0]
    SLICE_X2Y69          FDRE                                         r  OSDZU3x_BYOTEE_i/axi_interconnect_0/s02_couplers/auto_us/inst/gen_upsizer.gen_full_upsizer.axi_upsizer_inst/USE_WRITE.gen_non_fifo_w_upsizer.write_data_inst/WORD_LANE[0].USE_ALWAYS_PACKER.BYTE_LANE[1].USE_RTL_DATA.USE_REGISTER.M_AXI_WDATA_I_reg[10]/CE
  -------------------------------------------------------------------    -------------------

                         (clock clk_pl_0 rise edge)
                                                     10.000    10.000 r  
    PS8_X0Y0             PS8                          0.000    10.000 r  OSDZU3x_BYOTEE_i/zynq_ultra_ps_e_0/inst/PS8_i/PLCLK[0]
                         net (fo=1, routed)           0.140    10.140    OSDZU3x_BYOTEE_i/zynq_ultra_ps_e_0/inst/pl_clk_unbuffered[0]
    BUFG_PS_X0Y52        BUFG_PS (Prop_BUFG_PS_I_O)
                                                      0.027    10.167 r  OSDZU3x_BYOTEE_i/zynq_ultra_ps_e_0/inst/buffer_pl_clk_0.PL_CLK_0_BUFG/O
    X0Y1 (CLOCK_ROOT)    net (fo=8048, routed)        1.519    11.686    OSDZU3x_BYOTEE_i/axi_interconnect_0/s02_couplers/auto_us/inst/gen_upsizer.gen_full_upsizer.axi_upsizer_inst/USE_WRITE.gen_non_fifo_w_upsizer.write_data_inst/WORD_LANE[1].USE_ALWAYS_PACKER.BYTE_LANE[3].USE_RTL_DATA.USE_REGISTER.M_AXI_WSTRB_I_reg[7]_0
    SLICE_X2Y69          FDRE                                         r  OSDZU3x_BYOTEE_i/axi_interconnect_0/s02_couplers/auto_us/inst/gen_upsizer.gen_full_upsizer.axi_upsizer_inst/USE_WRITE.gen_non_fifo_w_upsizer.write_data_inst/WORD_LANE[0].USE_ALWAYS_PACKER.BYTE_LANE[1].USE_RTL_DATA.USE_REGISTER.M_AXI_WDATA_I_reg[10]/C
                         clock pessimism              0.154    11.840    
                         clock uncertainty           -0.130    11.710    
    SLICE_X2Y69          FDRE (Setup_DFF2_SLICEL_C_CE)
                                                     -0.042    11.668    OSDZU3x_BYOTEE_i/axi_interconnect_0/s02_couplers/auto_us/inst/gen_upsizer.gen_full_upsizer.axi_upsizer_inst/USE_WRITE.gen_non_fifo_w_upsizer.write_data_inst/WORD_LANE[0].USE_ALWAYS_PACKER.BYTE_LANE[1].USE_RTL_DATA.USE_REGISTER.M_AXI_WDATA_I_reg[10]
  -------------------------------------------------------------------
                         required time                         11.668    
                         arrival time                          -6.982    
  -------------------------------------------------------------------
                         slack                                  4.686    

Slack (MET) :             4.687ns  (required time - arrival time)
  Source:                 OSDZU3x_BYOTEE_i/axi_interconnect_0/m02_couplers/auto_ds/inst/gen_downsizer.gen_simple_downsizer.axi_downsizer_inst/USE_WRITE.write_data_inst/length_counter_1_reg[1]/C
                            (rising edge-triggered cell FDRE clocked by clk_pl_0  {rise@0.000ns fall@5.000ns period=10.000ns})
  Destination:            OSDZU3x_BYOTEE_i/axi_interconnect_0/s02_couplers/auto_us/inst/gen_upsizer.gen_full_upsizer.axi_upsizer_inst/USE_WRITE.gen_non_fifo_w_upsizer.write_data_inst/WORD_LANE[0].USE_ALWAYS_PACKER.BYTE_LANE[1].USE_RTL_DATA.USE_REGISTER.M_AXI_WDATA_I_reg[11]/CE
                            (rising edge-triggered cell FDRE clocked by clk_pl_0  {rise@0.000ns fall@5.000ns period=10.000ns})
  Path Group:             clk_pl_0
  Path Type:              Setup (Max at Slow Process Corner)
  Requirement:            10.000ns  (clk_pl_0 rise@10.000ns - clk_pl_0 rise@0.000ns)
  Data Path Delay:        5.063ns  (logic 1.719ns (33.955%)  route 3.344ns (66.045%))
  Logic Levels:           13  (LUT2=3 LUT3=3 LUT5=1 LUT6=6)
  Clock Path Skew:        -0.078ns (DCD - SCD + CPR)
    Destination Clock Delay (DCD):    1.686ns = ( 11.686 - 10.000 ) 
    Source Clock Delay      (SCD):    1.918ns
    Clock Pessimism Removal (CPR):    0.154ns
  Clock Uncertainty:      0.130ns  ((TSJ^2 + DJ^2)^1/2) / 2 + PE
    Total System Jitter     (TSJ):    0.071ns
    Discrete Jitter          (DJ):    0.250ns
    Phase Error              (PE):    0.000ns
  Clock Net Delay (Source):      1.711ns (routing 0.625ns, distribution 1.086ns)
  Clock Net Delay (Destination): 1.519ns (routing 0.564ns, distribution 0.955ns)

    Location             Delay type                Incr(ns)  Path(ns)    Netlist Resource(s)
  -------------------------------------------------------------------    -------------------
                         (clock clk_pl_0 rise edge)
                                                      0.000     0.000 r  
    PS8_X0Y0             PS8                          0.000     0.000 r  OSDZU3x_BYOTEE_i/zynq_ultra_ps_e_0/inst/PS8_i/PLCLK[0]
                         net (fo=1, routed)           0.178     0.178    OSDZU3x_BYOTEE_i/zynq_ultra_ps_e_0/inst/pl_clk_unbuffered[0]
    BUFG_PS_X0Y52        BUFG_PS (Prop_BUFG_PS_I_O)
                                                      0.029     0.207 r  OSDZU3x_BYOTEE_i/zynq_ultra_ps_e_0/inst/buffer_pl_clk_0.PL_CLK_0_BUFG/O
    X0Y1 (CLOCK_ROOT)    net (fo=8048, routed)        1.711     1.918    OSDZU3x_BYOTEE_i/axi_interconnect_0/m02_couplers/auto_ds/inst/gen_downsizer.gen_simple_downsizer.axi_downsizer_inst/USE_WRITE.write_data_inst/CLK
    SLICE_X5Y93          FDRE                                         r  OSDZU3x_BYOTEE_i/axi_interconnect_0/m02_couplers/auto_ds/inst/gen_downsizer.gen_simple_downsizer.axi_downsizer_inst/USE_WRITE.write_data_inst/length_counter_1_reg[1]/C
  -------------------------------------------------------------------    -------------------
    SLICE_X5Y93          FDRE (Prop_EFF2_SLICEM_C_Q)
                                                      0.098     2.016 f  OSDZU3x_BYOTEE_i/axi_interconnect_0/m02_couplers/auto_ds/inst/gen_downsizer.gen_simple_downsizer.axi_downsizer_inst/USE_WRITE.write_data_inst/length_counter_1_reg[1]/Q
                         net (fo=4, routed)           0.192     2.209    OSDZU3x_BYOTEE_i/axi_interconnect_0/m02_couplers/auto_ds/inst/gen_downsizer.gen_simple_downsizer.axi_downsizer_inst/USE_WRITE.write_data_inst/length_counter_1_reg[1]
    SLICE_X5Y93          LUT5 (Prop_C5LUT_SLICEM_I2_O)
                                                      0.196     2.405 r  OSDZU3x_BYOTEE_i/axi_interconnect_0/m02_couplers/auto_ds/inst/gen_downsizer.gen_simple_downsizer.axi_downsizer_inst/USE_WRITE.write_data_inst/length_counter_1[3]_i_2/O
                         net (fo=2, routed)           0.239     2.644    OSDZU3x_BYOTEE_i/axi_interconnect_0/m02_couplers/auto_ds/inst/gen_downsizer.gen_simple_downsizer.axi_downsizer_inst/USE_WRITE.write_data_inst/length_counter_1[3]_i_2_n_0
    SLICE_X5Y93          LUT6 (Prop_G6LUT_SLICEM_I2_O)
                                                      0.039     2.683 r  OSDZU3x_BYOTEE_i/axi_interconnect_0/m02_couplers/auto_ds/inst/gen_downsizer.gen_simple_downsizer.axi_downsizer_inst/USE_WRITE.write_data_inst/m_axi_wlast_INST_0_i_2/O
                         net (fo=2, routed)           0.120     2.803    OSDZU3x_BYOTEE_i/axi_interconnect_0/m02_couplers/auto_ds/inst/gen_downsizer.gen_simple_downsizer.axi_downsizer_inst/USE_WRITE.write_data_inst/m_axi_wlast_INST_0_i_2_n_0
    SLICE_X5Y94          LUT6 (Prop_G6LUT_SLICEM_I2_O)
                                                      0.148     2.951 r  OSDZU3x_BYOTEE_i/axi_interconnect_0/m02_couplers/auto_ds/inst/gen_downsizer.gen_simple_downsizer.axi_downsizer_inst/USE_WRITE.write_data_inst/m_axi_wlast_INST_0_i_1/O
                         net (fo=2, routed)           0.061     3.012    OSDZU3x_BYOTEE_i/axi_interconnect_0/m02_couplers/auto_ds/inst/gen_downsizer.gen_simple_downsizer.axi_downsizer_inst/USE_WRITE.write_data_inst/m_axi_wlast_INST_0_i_1_n_0
    SLICE_X5Y94          LUT6 (Prop_H6LUT_SLICEM_I2_O)
                                                      0.117     3.129 r  OSDZU3x_BYOTEE_i/axi_interconnect_0/m02_couplers/auto_ds/inst/gen_downsizer.gen_simple_downsizer.axi_downsizer_inst/USE_WRITE.write_data_inst/m_axi_wlast_INST_0/O
                         net (fo=3, routed)           0.133     3.262    OSDZU3x_BYOTEE_i/axi_interconnect_0/m02_couplers/auto_ds/inst/gen_downsizer.gen_simple_downsizer.axi_downsizer_inst/USE_WRITE.write_addr_inst/cmd_queue/inst/s_axi_wready_0
    SLICE_X4Y94          LUT6 (Prop_H6LUT_SLICEM_I2_O)
                                                      0.066     3.328 r  OSDZU3x_BYOTEE_i/axi_interconnect_0/m02_couplers/auto_ds/inst/gen_downsizer.gen_simple_downsizer.axi_downsizer_inst/USE_WRITE.write_addr_inst/cmd_queue/inst/s_axi_wready_INST_0/O
                         net (fo=2, routed)           0.320     3.648    OSDZU3x_BYOTEE_i/axi_interconnect_0/xbar/inst/gen_samd.crossbar_samd/gen_master_slots[2].gen_mi_write.wdata_mux_w/gen_wmux.wmux_aw_fifo/m_axi_wready[0]
    SLICE_X4Y85          LUT2 (Prop_B5LUT_SLICEM_I1_O)
                                                      0.205     3.853 r  OSDZU3x_BYOTEE_i/axi_interconnect_0/xbar/inst/gen_samd.crossbar_samd/gen_master_slots[2].gen_mi_write.wdata_mux_w/gen_wmux.wmux_aw_fifo/s_axi_wready[2]_INST_0_i_5/O
                         net (fo=2, routed)           0.309     4.162    OSDZU3x_BYOTEE_i/axi_interconnect_0/xbar/inst/gen_samd.crossbar_samd/gen_master_slots[3].gen_mi_write.wdata_mux_w/gen_wmux.wmux_aw_fifo/s_axi_wready[0]_INST_0_i_1_0
    SLICE_X2Y85          LUT6 (Prop_C6LUT_SLICEL_I5_O)
                                                      0.063     4.225 r  OSDZU3x_BYOTEE_i/axi_interconnect_0/xbar/inst/gen_samd.crossbar_samd/gen_master_slots[3].gen_mi_write.wdata_mux_w/gen_wmux.wmux_aw_fifo/s_axi_wready[2]_INST_0_i_2/O
                         net (fo=1, routed)           0.106     4.331    OSDZU3x_BYOTEE_i/axi_interconnect_0/xbar/inst/gen_samd.crossbar_samd/gen_slave_slots[2].gen_si_write.wdata_router_w/wrouter_aw_fifo/gen_srls[0].gen_rep[2].srl_nx1/s_axi_wready[2]_0
    SLICE_X2Y83          LUT6 (Prop_C6LUT_SLICEL_I1_O)
                                                      0.098     4.429 r  OSDZU3x_BYOTEE_i/axi_interconnect_0/xbar/inst/gen_samd.crossbar_samd/gen_slave_slots[2].gen_si_write.wdata_router_w/wrouter_aw_fifo/gen_srls[0].gen_rep[2].srl_nx1/s_axi_wready[2]_INST_0_i_1/O
                         net (fo=2, routed)           0.107     4.536    OSDZU3x_BYOTEE_i/axi_interconnect_0/xbar/inst/gen_samd.crossbar_samd/gen_slave_slots[2].gen_si_write.wdata_router_w/wrouter_aw_fifo/m_aready0
    SLICE_X2Y82          LUT2 (Prop_B5LUT_SLICEL_I1_O)
                                                      0.142     4.678 r  OSDZU3x_BYOTEE_i/axi_interconnect_0/xbar/inst/gen_samd.crossbar_samd/gen_slave_slots[2].gen_si_write.wdata_router_w/wrouter_aw_fifo/s_axi_wready[2]_INST_0/O
                         net (fo=13, routed)          0.305     4.983    OSDZU3x_BYOTEE_i/axi_interconnect_0/s02_couplers/auto_us/inst/gen_upsizer.gen_full_upsizer.axi_upsizer_inst/USE_WRITE.gen_non_fifo_w_upsizer.write_data_inst/m_axi_wready
    SLICE_X6Y82          LUT2 (Prop_H5LUT_SLICEL_I0_O)
                                                      0.080     5.063 r  OSDZU3x_BYOTEE_i/axi_interconnect_0/s02_couplers/auto_us/inst/gen_upsizer.gen_full_upsizer.axi_upsizer_inst/USE_WRITE.gen_non_fifo_w_upsizer.write_data_inst/USE_REGISTER.M_AXI_WLAST_q_i_1/O
                         net (fo=3, routed)           0.270     5.333    OSDZU3x_BYOTEE_i/axi_interconnect_0/s02_couplers/auto_us/inst/gen_upsizer.gen_full_upsizer.axi_upsizer_inst/USE_WRITE.write_addr_inst/GEN_CMD_QUEUE.cmd_queue/M_AXI_WREADY_I
    SLICE_X6Y78          LUT3 (Prop_A5LUT_SLICEL_I0_O)
                                                      0.123     5.456 r  OSDZU3x_BYOTEE_i/axi_interconnect_0/s02_couplers/auto_us/inst/gen_upsizer.gen_full_upsizer.axi_upsizer_inst/USE_WRITE.write_addr_inst/GEN_CMD_QUEUE.cmd_queue/WORD_LANE[1].USE_ALWAYS_PACKER.BYTE_LANE[3].USE_RTL_DATA.USE_REGISTER.M_AXI_WDATA_I[63]_i_6/O
                         net (fo=8, routed)           0.421     5.876    OSDZU3x_BYOTEE_i/axi_interconnect_0/s02_couplers/auto_us/inst/gen_upsizer.gen_full_upsizer.axi_upsizer_inst/USE_WRITE.write_addr_inst/GEN_CMD_QUEUE.cmd_queue/WORD_LANE[1].USE_ALWAYS_PACKER.BYTE_LANE[3].USE_RTL_DATA.USE_REGISTER.M_AXI_WDATA_I[63]_i_6_n_0
    SLICE_X4Y73          LUT3 (Prop_B5LUT_SLICEM_I2_O)
                                                      0.142     6.018 r  OSDZU3x_BYOTEE_i/axi_interconnect_0/s02_couplers/auto_us/inst/gen_upsizer.gen_full_upsizer.axi_upsizer_inst/USE_WRITE.write_addr_inst/GEN_CMD_QUEUE.cmd_queue/WORD_LANE[0].USE_ALWAYS_PACKER.BYTE_LANE[1].USE_RTL_DATA.USE_REGISTER.M_AXI_WDATA_I[15]_i_3/O
                         net (fo=9, routed)           0.304     6.323    OSDZU3x_BYOTEE_i/axi_interconnect_0/s02_couplers/auto_us/inst/gen_upsizer.gen_full_upsizer.axi_upsizer_inst/USE_WRITE.write_addr_inst/GEN_CMD_QUEUE.cmd_queue/s_axi_wstrb[1]_0
    SLICE_X2Y73          LUT3 (Prop_B5LUT_SLICEL_I0_O)
                                                      0.202     6.525 r  OSDZU3x_BYOTEE_i/axi_interconnect_0/s02_couplers/auto_us/inst/gen_upsizer.gen_full_upsizer.axi_upsizer_inst/USE_WRITE.write_addr_inst/GEN_CMD_QUEUE.cmd_queue/WORD_LANE[0].USE_ALWAYS_PACKER.BYTE_LANE[1].USE_RTL_DATA.USE_REGISTER.M_AXI_WDATA_I[15]_i_1/O
                         net (fo=8, routed)           0.456     6.981    OSDZU3x_BYOTEE_i/axi_interconnect_0/s02_couplers/auto_us/inst/gen_upsizer.gen_full_upsizer.axi_upsizer_inst/USE_WRITE.gen_non_fifo_w_upsizer.write_data_inst/WORD_LANE[0].USE_ALWAYS_PACKER.BYTE_LANE[1].USE_RTL_DATA.USE_REGISTER.M_AXI_WDATA_I_reg[15]_0[0]
    SLICE_X2Y69          FDRE                                         r  OSDZU3x_BYOTEE_i/axi_interconnect_0/s02_couplers/auto_us/inst/gen_upsizer.gen_full_upsizer.axi_upsizer_inst/USE_WRITE.gen_non_fifo_w_upsizer.write_data_inst/WORD_LANE[0].USE_ALWAYS_PACKER.BYTE_LANE[1].USE_RTL_DATA.USE_REGISTER.M_AXI_WDATA_I_reg[11]/CE
  -------------------------------------------------------------------    -------------------

                         (clock clk_pl_0 rise edge)
                                                     10.000    10.000 r  
    PS8_X0Y0             PS8                          0.000    10.000 r  OSDZU3x_BYOTEE_i/zynq_ultra_ps_e_0/inst/PS8_i/PLCLK[0]
                         net (fo=1, routed)           0.140    10.140    OSDZU3x_BYOTEE_i/zynq_ultra_ps_e_0/inst/pl_clk_unbuffered[0]
    BUFG_PS_X0Y52        BUFG_PS (Prop_BUFG_PS_I_O)
                                                      0.027    10.167 r  OSDZU3x_BYOTEE_i/zynq_ultra_ps_e_0/inst/buffer_pl_clk_0.PL_CLK_0_BUFG/O
    X0Y1 (CLOCK_ROOT)    net (fo=8048, routed)        1.519    11.686    OSDZU3x_BYOTEE_i/axi_interconnect_0/s02_couplers/auto_us/inst/gen_upsizer.gen_full_upsizer.axi_upsizer_inst/USE_WRITE.gen_non_fifo_w_upsizer.write_data_inst/WORD_LANE[1].USE_ALWAYS_PACKER.BYTE_LANE[3].USE_RTL_DATA.USE_REGISTER.M_AXI_WSTRB_I_reg[7]_0
    SLICE_X2Y69          FDRE                                         r  OSDZU3x_BYOTEE_i/axi_interconnect_0/s02_couplers/auto_us/inst/gen_upsizer.gen_full_upsizer.axi_upsizer_inst/USE_WRITE.gen_non_fifo_w_upsizer.write_data_inst/WORD_LANE[0].USE_ALWAYS_PACKER.BYTE_LANE[1].USE_RTL_DATA.USE_REGISTER.M_AXI_WDATA_I_reg[11]/C
                         clock pessimism              0.154    11.840    
                         clock uncertainty           -0.130    11.710    
    SLICE_X2Y69          FDRE (Setup_DFF_SLICEL_C_CE)
                                                     -0.042    11.668    OSDZU3x_BYOTEE_i/axi_interconnect_0/s02_couplers/auto_us/inst/gen_upsizer.gen_full_upsizer.axi_upsizer_inst/USE_WRITE.gen_non_fifo_w_upsizer.write_data_inst/WORD_LANE[0].USE_ALWAYS_PACKER.BYTE_LANE[1].USE_RTL_DATA.USE_REGISTER.M_AXI_WDATA_I_reg[11]
  -------------------------------------------------------------------
                         required time                         11.668    
                         arrival time                          -6.981    
  -------------------------------------------------------------------
                         slack                                  4.687    





Min Delay Paths
--------------------------------------------------------------------------------------
Slack (MET) :             0.013ns  (arrival time - required time)
  Source:                 <hidden>
                            (rising edge-triggered cell FDRE clocked by clk_pl_0  {rise@0.000ns fall@5.000ns period=10.000ns})
  Destination:            <hidden>
                            (rising edge-triggered cell FDRE clocked by clk_pl_0  {rise@0.000ns fall@5.000ns period=10.000ns})
  Path Group:             clk_pl_0
  Path Type:              Hold (Min at Slow Process Corner)
  Requirement:            0.000ns  (clk_pl_0 rise@0.000ns - clk_pl_0 rise@0.000ns)
  Data Path Delay:        0.177ns  (logic 0.071ns (40.113%)  route 0.106ns (59.887%))
  Logic Levels:           0  
  Clock Path Skew:        0.109ns (DCD - SCD - CPR)
    Destination Clock Delay (DCD):    1.964ns
    Source Clock Delay      (SCD):    1.697ns
    Clock Pessimism Removal (CPR):    0.158ns
  Clock Net Delay (Source):      1.530ns (routing 0.564ns, distribution 0.966ns)
  Clock Net Delay (Destination): 1.757ns (routing 0.625ns, distribution 1.132ns)

    Location             Delay type                Incr(ns)  Path(ns)    Netlist Resource(s)
  -------------------------------------------------------------------    -------------------
                         (clock clk_pl_0 rise edge)
                                                      0.000     0.000 r  
    PS8_X0Y0             PS8                          0.000     0.000 r  OSDZU3x_BYOTEE_i/zynq_ultra_ps_e_0/inst/PS8_i/PLCLK[0]
                         net (fo=1, routed)           0.140     0.140    OSDZU3x_BYOTEE_i/zynq_ultra_ps_e_0/inst/pl_clk_unbuffered[0]
    BUFG_PS_X0Y52        BUFG_PS (Prop_BUFG_PS_I_O)
                                                      0.027     0.167 r  OSDZU3x_BYOTEE_i/zynq_ultra_ps_e_0/inst/buffer_pl_clk_0.PL_CLK_0_BUFG/O
    X0Y1 (CLOCK_ROOT)    net (fo=8048, routed)        1.530     1.697    <hidden>
    SLICE_X5Y22          FDRE                                         r  <hidden>
  -------------------------------------------------------------------    -------------------
    SLICE_X5Y22          FDRE (Prop_BFF2_SLICEM_C_Q)
                                                      0.071     1.768 r  <hidden>
                         net (fo=1, routed)           0.106     1.874    <hidden>
    SLICE_X7Y23          FDRE                                         r  <hidden>
  -------------------------------------------------------------------    -------------------

                         (clock clk_pl_0 rise edge)
                                                      0.000     0.000 r  
    PS8_X0Y0             PS8                          0.000     0.000 r  OSDZU3x_BYOTEE_i/zynq_ultra_ps_e_0/inst/PS8_i/PLCLK[0]
                         net (fo=1, routed)           0.178     0.178    OSDZU3x_BYOTEE_i/zynq_ultra_ps_e_0/inst/pl_clk_unbuffered[0]
    BUFG_PS_X0Y52        BUFG_PS (Prop_BUFG_PS_I_O)
                                                      0.029     0.207 r  OSDZU3x_BYOTEE_i/zynq_ultra_ps_e_0/inst/buffer_pl_clk_0.PL_CLK_0_BUFG/O
    X0Y1 (CLOCK_ROOT)    net (fo=8048, routed)        1.757     1.964    <hidden>
    SLICE_X7Y23          FDRE                                         r  <hidden>
                         clock pessimism             -0.158     1.806    
    SLICE_X7Y23          FDRE (Hold_GFF2_SLICEL_C_D)
                                                      0.055     1.861    <hidden>
  -------------------------------------------------------------------
                         required time                         -1.861    
                         arrival time                           1.874    
  -------------------------------------------------------------------
                         slack                                  0.013    

Slack (MET) :             0.014ns  (arrival time - required time)
  Source:                 OSDZU3x_BYOTEE_i/ultra_ps_0_axi_periph/xbar/inst/gen_sasd.crossbar_sasd_0/reg_slice_r/m_payload_i_reg[19]/C
                            (rising edge-triggered cell FDRE clocked by clk_pl_0  {rise@0.000ns fall@5.000ns period=10.000ns})
  Destination:            OSDZU3x_BYOTEE_i/ultra_ps_0_axi_periph/s00_couplers/auto_pc/inst/gen_axilite.gen_b2s_conv.axilite_b2s/RD.r_channel_0/rd_data_fifo_0/memory_reg[31][16]_srl32/D
                            (rising edge-triggered cell SRLC32E clocked by clk_pl_0  {rise@0.000ns fall@5.000ns period=10.000ns})
  Path Group:             clk_pl_0
  Path Type:              Hold (Min at Slow Process Corner)
  Requirement:            0.000ns  (clk_pl_0 rise@0.000ns - clk_pl_0 rise@0.000ns)
  Data Path Delay:        0.233ns  (logic 0.070ns (30.043%)  route 0.163ns (69.957%))
  Logic Levels:           0  
  Clock Path Skew:        0.164ns (DCD - SCD - CPR)
    Destination Clock Delay (DCD):    2.036ns
    Source Clock Delay      (SCD):    1.714ns
    Clock Pessimism Removal (CPR):    0.158ns
  Clock Net Delay (Source):      1.547ns (routing 0.564ns, distribution 0.983ns)
  Clock Net Delay (Destination): 1.829ns (routing 0.625ns, distribution 1.204ns)

    Location             Delay type                Incr(ns)  Path(ns)    Netlist Resource(s)
  -------------------------------------------------------------------    -------------------
                         (clock clk_pl_0 rise edge)
                                                      0.000     0.000 r  
    PS8_X0Y0             PS8                          0.000     0.000 r  OSDZU3x_BYOTEE_i/zynq_ultra_ps_e_0/inst/PS8_i/PLCLK[0]
                         net (fo=1, routed)           0.140     0.140    OSDZU3x_BYOTEE_i/zynq_ultra_ps_e_0/inst/pl_clk_unbuffered[0]
    BUFG_PS_X0Y52        BUFG_PS (Prop_BUFG_PS_I_O)
                                                      0.027     0.167 r  OSDZU3x_BYOTEE_i/zynq_ultra_ps_e_0/inst/buffer_pl_clk_0.PL_CLK_0_BUFG/O
    X0Y1 (CLOCK_ROOT)    net (fo=8048, routed)        1.547     1.714    OSDZU3x_BYOTEE_i/ultra_ps_0_axi_periph/xbar/inst/gen_sasd.crossbar_sasd_0/reg_slice_r/aclk
    SLICE_X3Y134         FDRE                                         r  OSDZU3x_BYOTEE_i/ultra_ps_0_axi_periph/xbar/inst/gen_sasd.crossbar_sasd_0/reg_slice_r/m_payload_i_reg[19]/C
  -------------------------------------------------------------------    -------------------
    SLICE_X3Y134         FDRE (Prop_CFF_SLICEL_C_Q)
                                                      0.070     1.784 r  OSDZU3x_BYOTEE_i/ultra_ps_0_axi_periph/xbar/inst/gen_sasd.crossbar_sasd_0/reg_slice_r/m_payload_i_reg[19]/Q
                         net (fo=1, routed)           0.163     1.947    OSDZU3x_BYOTEE_i/ultra_ps_0_axi_periph/s00_couplers/auto_pc/inst/gen_axilite.gen_b2s_conv.axilite_b2s/RD.r_channel_0/rd_data_fifo_0/in[16]
    SLICE_X1Y132         SRLC32E                                      r  OSDZU3x_BYOTEE_i/ultra_ps_0_axi_periph/s00_couplers/auto_pc/inst/gen_axilite.gen_b2s_conv.axilite_b2s/RD.r_channel_0/rd_data_fifo_0/memory_reg[31][16]_srl32/D
  -------------------------------------------------------------------    -------------------

                         (clock clk_pl_0 rise edge)
                                                      0.000     0.000 r  
    PS8_X0Y0             PS8                          0.000     0.000 r  OSDZU3x_BYOTEE_i/zynq_ultra_ps_e_0/inst/PS8_i/PLCLK[0]
                         net (fo=1, routed)           0.178     0.178    OSDZU3x_BYOTEE_i/zynq_ultra_ps_e_0/inst/pl_clk_unbuffered[0]
    BUFG_PS_X0Y52        BUFG_PS (Prop_BUFG_PS_I_O)
                                                      0.029     0.207 r  OSDZU3x_BYOTEE_i/zynq_ultra_ps_e_0/inst/buffer_pl_clk_0.PL_CLK_0_BUFG/O
    X0Y1 (CLOCK_ROOT)    net (fo=8048, routed)        1.829     2.036    OSDZU3x_BYOTEE_i/ultra_ps_0_axi_periph/s00_couplers/auto_pc/inst/gen_axilite.gen_b2s_conv.axilite_b2s/RD.r_channel_0/rd_data_fifo_0/aclk
    SLICE_X1Y132         SRLC32E                                      r  OSDZU3x_BYOTEE_i/ultra_ps_0_axi_periph/s00_couplers/auto_pc/inst/gen_axilite.gen_b2s_conv.axilite_b2s/RD.r_channel_0/rd_data_fifo_0/memory_reg[31][16]_srl32/CLK
                         clock pessimism             -0.158     1.878    
    SLICE_X1Y132         SRLC32E (Hold_C6LUT_SLICEM_CLK_D)
                                                      0.055     1.933    OSDZU3x_BYOTEE_i/ultra_ps_0_axi_periph/s00_couplers/auto_pc/inst/gen_axilite.gen_b2s_conv.axilite_b2s/RD.r_channel_0/rd_data_fifo_0/memory_reg[31][16]_srl32
  -------------------------------------------------------------------
                         required time                         -1.933    
                         arrival time                           1.947    
  -------------------------------------------------------------------
                         slack                                  0.014    

Slack (MET) :             0.015ns  (arrival time - required time)
  Source:                 OSDZU3x_BYOTEE_i/ultra_ps_0_axi_periph/xbar/inst/gen_sasd.crossbar_sasd_0/reg_slice_r/m_payload_i_reg[2]/C
                            (rising edge-triggered cell FDRE clocked by clk_pl_0  {rise@0.000ns fall@5.000ns period=10.000ns})
  Destination:            OSDZU3x_BYOTEE_i/ultra_ps_0_axi_periph/s00_couplers/auto_pc/inst/gen_axilite.gen_b2s_conv.axilite_b2s/RD.r_channel_0/rd_data_fifo_0/memory_reg[31][33]_srl32/D
                            (rising edge-triggered cell SRLC32E clocked by clk_pl_0  {rise@0.000ns fall@5.000ns period=10.000ns})
  Path Group:             clk_pl_0
  Path Type:              Hold (Min at Slow Process Corner)
  Requirement:            0.000ns  (clk_pl_0 rise@0.000ns - clk_pl_0 rise@0.000ns)
  Data Path Delay:        0.204ns  (logic 0.072ns (35.294%)  route 0.132ns (64.706%))
  Logic Levels:           0  
  Clock Path Skew:        0.134ns (DCD - SCD - CPR)
    Destination Clock Delay (DCD):    2.013ns
    Source Clock Delay      (SCD):    1.721ns
    Clock Pessimism Removal (CPR):    0.158ns
  Clock Net Delay (Source):      1.554ns (routing 0.564ns, distribution 0.990ns)
  Clock Net Delay (Destination): 1.806ns (routing 0.625ns, distribution 1.181ns)

    Location             Delay type                Incr(ns)  Path(ns)    Netlist Resource(s)
  -------------------------------------------------------------------    -------------------
                         (clock clk_pl_0 rise edge)
                                                      0.000     0.000 r  
    PS8_X0Y0             PS8                          0.000     0.000 r  OSDZU3x_BYOTEE_i/zynq_ultra_ps_e_0/inst/PS8_i/PLCLK[0]
                         net (fo=1, routed)           0.140     0.140    OSDZU3x_BYOTEE_i/zynq_ultra_ps_e_0/inst/pl_clk_unbuffered[0]
    BUFG_PS_X0Y52        BUFG_PS (Prop_BUFG_PS_I_O)
                                                      0.027     0.167 r  OSDZU3x_BYOTEE_i/zynq_ultra_ps_e_0/inst/buffer_pl_clk_0.PL_CLK_0_BUFG/O
    X0Y1 (CLOCK_ROOT)    net (fo=8048, routed)        1.554     1.721    OSDZU3x_BYOTEE_i/ultra_ps_0_axi_periph/xbar/inst/gen_sasd.crossbar_sasd_0/reg_slice_r/aclk
    SLICE_X3Y130         FDRE                                         r  OSDZU3x_BYOTEE_i/ultra_ps_0_axi_periph/xbar/inst/gen_sasd.crossbar_sasd_0/reg_slice_r/m_payload_i_reg[2]/C
  -------------------------------------------------------------------    -------------------
    SLICE_X3Y130         FDRE (Prop_FFF2_SLICEL_C_Q)
                                                      0.072     1.793 r  OSDZU3x_BYOTEE_i/ultra_ps_0_axi_periph/xbar/inst/gen_sasd.crossbar_sasd_0/reg_slice_r/m_payload_i_reg[2]/Q
                         net (fo=1, routed)           0.132     1.925    OSDZU3x_BYOTEE_i/ultra_ps_0_axi_periph/s00_couplers/auto_pc/inst/gen_axilite.gen_b2s_conv.axilite_b2s/RD.r_channel_0/rd_data_fifo_0/in[33]
    SLICE_X4Y130         SRLC32E                                      r  OSDZU3x_BYOTEE_i/ultra_ps_0_axi_periph/s00_couplers/auto_pc/inst/gen_axilite.gen_b2s_conv.axilite_b2s/RD.r_channel_0/rd_data_fifo_0/memory_reg[31][33]_srl32/D
  -------------------------------------------------------------------    -------------------

                         (clock clk_pl_0 rise edge)
                                                      0.000     0.000 r  
    PS8_X0Y0             PS8                          0.000     0.000 r  OSDZU3x_BYOTEE_i/zynq_ultra_ps_e_0/inst/PS8_i/PLCLK[0]
                         net (fo=1, routed)           0.178     0.178    OSDZU3x_BYOTEE_i/zynq_ultra_ps_e_0/inst/pl_clk_unbuffered[0]
    BUFG_PS_X0Y52        BUFG_PS (Prop_BUFG_PS_I_O)
                                                      0.029     0.207 r  OSDZU3x_BYOTEE_i/zynq_ultra_ps_e_0/inst/buffer_pl_clk_0.PL_CLK_0_BUFG/O
    X0Y1 (CLOCK_ROOT)    net (fo=8048, routed)        1.806     2.013    OSDZU3x_BYOTEE_i/ultra_ps_0_axi_periph/s00_couplers/auto_pc/inst/gen_axilite.gen_b2s_conv.axilite_b2s/RD.r_channel_0/rd_data_fifo_0/aclk
    SLICE_X4Y130         SRLC32E                                      r  OSDZU3x_BYOTEE_i/ultra_ps_0_axi_periph/s00_couplers/auto_pc/inst/gen_axilite.gen_b2s_conv.axilite_b2s/RD.r_channel_0/rd_data_fifo_0/memory_reg[31][33]_srl32/CLK
                         clock pessimism             -0.158     1.855    
    SLICE_X4Y130         SRLC32E (Hold_C6LUT_SLICEM_CLK_D)
                                                      0.055     1.910    OSDZU3x_BYOTEE_i/ultra_ps_0_axi_periph/s00_couplers/auto_pc/inst/gen_axilite.gen_b2s_conv.axilite_b2s/RD.r_channel_0/rd_data_fifo_0/memory_reg[31][33]_srl32
  -------------------------------------------------------------------
                         required time                         -1.910    
                         arrival time                           1.925    
  -------------------------------------------------------------------
                         slack                                  0.015    

Slack (MET) :             0.015ns  (arrival time - required time)
  Source:                 OSDZU3x_BYOTEE_i/axi_intc_0/U0/AXI_LITE_IPIF_I/I_SLAVE_ATTACHMENT/s_axi_rresp_i_reg[1]/C
                            (rising edge-triggered cell FDRE clocked by clk_pl_0  {rise@0.000ns fall@5.000ns period=10.000ns})
  Destination:            OSDZU3x_BYOTEE_i/axi_interconnect_0/m01_couplers/auto_pc/inst/gen_axilite.gen_b2s_conv.axilite_b2s/RD.r_channel_0/rd_data_fifo_0/memory_reg[31][33]_srl32/D
                            (rising edge-triggered cell SRLC32E clocked by clk_pl_0  {rise@0.000ns fall@5.000ns period=10.000ns})
  Path Group:             clk_pl_0
  Path Type:              Hold (Min at Slow Process Corner)
  Requirement:            0.000ns  (clk_pl_0 rise@0.000ns - clk_pl_0 rise@0.000ns)
  Data Path Delay:        0.199ns  (logic 0.071ns (35.678%)  route 0.128ns (64.322%))
  Logic Levels:           0  
  Clock Path Skew:        0.132ns (DCD - SCD - CPR)
    Destination Clock Delay (DCD):    1.985ns
    Source Clock Delay      (SCD):    1.695ns
    Clock Pessimism Removal (CPR):    0.158ns
  Clock Net Delay (Source):      1.528ns (routing 0.564ns, distribution 0.964ns)
  Clock Net Delay (Destination): 1.778ns (routing 0.625ns, distribution 1.153ns)

    Location             Delay type                Incr(ns)  Path(ns)    Netlist Resource(s)
  -------------------------------------------------------------------    -------------------
                         (clock clk_pl_0 rise edge)
                                                      0.000     0.000 r  
    PS8_X0Y0             PS8                          0.000     0.000 r  OSDZU3x_BYOTEE_i/zynq_ultra_ps_e_0/inst/PS8_i/PLCLK[0]
                         net (fo=1, routed)           0.140     0.140    OSDZU3x_BYOTEE_i/zynq_ultra_ps_e_0/inst/pl_clk_unbuffered[0]
    BUFG_PS_X0Y52        BUFG_PS (Prop_BUFG_PS_I_O)
                                                      0.027     0.167 r  OSDZU3x_BYOTEE_i/zynq_ultra_ps_e_0/inst/buffer_pl_clk_0.PL_CLK_0_BUFG/O
    X0Y1 (CLOCK_ROOT)    net (fo=8048, routed)        1.528     1.695    OSDZU3x_BYOTEE_i/axi_intc_0/U0/AXI_LITE_IPIF_I/I_SLAVE_ATTACHMENT/s_axi_aclk
    SLICE_X3Y52          FDRE                                         r  OSDZU3x_BYOTEE_i/axi_intc_0/U0/AXI_LITE_IPIF_I/I_SLAVE_ATTACHMENT/s_axi_rresp_i_reg[1]/C
  -------------------------------------------------------------------    -------------------
    SLICE_X3Y52          FDRE (Prop_HFF2_SLICEL_C_Q)
                                                      0.071     1.766 r  OSDZU3x_BYOTEE_i/axi_intc_0/U0/AXI_LITE_IPIF_I/I_SLAVE_ATTACHMENT/s_axi_rresp_i_reg[1]/Q
                         net (fo=1, routed)           0.128     1.894    OSDZU3x_BYOTEE_i/axi_interconnect_0/m01_couplers/auto_pc/inst/gen_axilite.gen_b2s_conv.axilite_b2s/RD.r_channel_0/rd_data_fifo_0/in[33]
    SLICE_X4Y51          SRLC32E                                      r  OSDZU3x_BYOTEE_i/axi_interconnect_0/m01_couplers/auto_pc/inst/gen_axilite.gen_b2s_conv.axilite_b2s/RD.r_channel_0/rd_data_fifo_0/memory_reg[31][33]_srl32/D
  -------------------------------------------------------------------    -------------------

                         (clock clk_pl_0 rise edge)
                                                      0.000     0.000 r  
    PS8_X0Y0             PS8                          0.000     0.000 r  OSDZU3x_BYOTEE_i/zynq_ultra_ps_e_0/inst/PS8_i/PLCLK[0]
                         net (fo=1, routed)           0.178     0.178    OSDZU3x_BYOTEE_i/zynq_ultra_ps_e_0/inst/pl_clk_unbuffered[0]
    BUFG_PS_X0Y52        BUFG_PS (Prop_BUFG_PS_I_O)
                                                      0.029     0.207 r  OSDZU3x_BYOTEE_i/zynq_ultra_ps_e_0/inst/buffer_pl_clk_0.PL_CLK_0_BUFG/O
    X0Y1 (CLOCK_ROOT)    net (fo=8048, routed)        1.778     1.985    OSDZU3x_BYOTEE_i/axi_interconnect_0/m01_couplers/auto_pc/inst/gen_axilite.gen_b2s_conv.axilite_b2s/RD.r_channel_0/rd_data_fifo_0/aclk
    SLICE_X4Y51          SRLC32E                                      r  OSDZU3x_BYOTEE_i/axi_interconnect_0/m01_couplers/auto_pc/inst/gen_axilite.gen_b2s_conv.axilite_b2s/RD.r_channel_0/rd_data_fifo_0/memory_reg[31][33]_srl32/CLK
                         clock pessimism             -0.158     1.827    
    SLICE_X4Y51          SRLC32E (Hold_E6LUT_SLICEM_CLK_D)
                                                      0.052     1.879    OSDZU3x_BYOTEE_i/axi_interconnect_0/m01_couplers/auto_pc/inst/gen_axilite.gen_b2s_conv.axilite_b2s/RD.r_channel_0/rd_data_fifo_0/memory_reg[31][33]_srl32
  -------------------------------------------------------------------
                         required time                         -1.879    
                         arrival time                           1.894    
  -------------------------------------------------------------------
                         slack                                  0.015    

Slack (MET) :             0.015ns  (arrival time - required time)
  Source:                 OSDZU3x_BYOTEE_i/axi_interconnect_0/m02_couplers/auto_pc/inst/gen_axilite.gen_b2s_conv.axilite_b2s/WR.aw_channel_0/s_awlen_r_reg[1]/C
                            (rising edge-triggered cell FDRE clocked by clk_pl_0  {rise@0.000ns fall@5.000ns period=10.000ns})
  Destination:            OSDZU3x_BYOTEE_i/axi_interconnect_0/m02_couplers/auto_pc/inst/gen_axilite.gen_b2s_conv.axilite_b2s/WR.b_channel_0/bid_fifo_0/memory_reg[3][1]_srl4/D
                            (rising edge-triggered cell SRL16E clocked by clk_pl_0  {rise@0.000ns fall@5.000ns period=10.000ns})
  Path Group:             clk_pl_0
  Path Type:              Hold (Min at Slow Process Corner)
  Requirement:            0.000ns  (clk_pl_0 rise@0.000ns - clk_pl_0 rise@0.000ns)
  Data Path Delay:        0.153ns  (logic 0.072ns (47.059%)  route 0.081ns (52.941%))
  Logic Levels:           0  
  Clock Path Skew:        0.124ns (DCD - SCD - CPR)
    Destination Clock Delay (DCD):    1.942ns
    Source Clock Delay      (SCD):    1.664ns
    Clock Pessimism Removal (CPR):    0.154ns
  Clock Net Delay (Source):      1.497ns (routing 0.564ns, distribution 0.933ns)
  Clock Net Delay (Destination): 1.735ns (routing 0.625ns, distribution 1.110ns)

    Location             Delay type                Incr(ns)  Path(ns)    Netlist Resource(s)
  -------------------------------------------------------------------    -------------------
                         (clock clk_pl_0 rise edge)
                                                      0.000     0.000 r  
    PS8_X0Y0             PS8                          0.000     0.000 r  OSDZU3x_BYOTEE_i/zynq_ultra_ps_e_0/inst/PS8_i/PLCLK[0]
                         net (fo=1, routed)           0.140     0.140    OSDZU3x_BYOTEE_i/zynq_ultra_ps_e_0/inst/pl_clk_unbuffered[0]
    BUFG_PS_X0Y52        BUFG_PS (Prop_BUFG_PS_I_O)
                                                      0.027     0.167 r  OSDZU3x_BYOTEE_i/zynq_ultra_ps_e_0/inst/buffer_pl_clk_0.PL_CLK_0_BUFG/O
    X0Y1 (CLOCK_ROOT)    net (fo=8048, routed)        1.497     1.664    OSDZU3x_BYOTEE_i/axi_interconnect_0/m02_couplers/auto_pc/inst/gen_axilite.gen_b2s_conv.axilite_b2s/WR.aw_channel_0/aclk
    SLICE_X8Y91          FDRE                                         r  OSDZU3x_BYOTEE_i/axi_interconnect_0/m02_couplers/auto_pc/inst/gen_axilite.gen_b2s_conv.axilite_b2s/WR.aw_channel_0/s_awlen_r_reg[1]/C
  -------------------------------------------------------------------    -------------------
    SLICE_X8Y91          FDRE (Prop_EFF2_SLICEL_C_Q)
                                                      0.072     1.736 r  OSDZU3x_BYOTEE_i/axi_interconnect_0/m02_couplers/auto_pc/inst/gen_axilite.gen_b2s_conv.axilite_b2s/WR.aw_channel_0/s_awlen_r_reg[1]/Q
                         net (fo=1, routed)           0.081     1.817    OSDZU3x_BYOTEE_i/axi_interconnect_0/m02_couplers/auto_pc/inst/gen_axilite.gen_b2s_conv.axilite_b2s/WR.b_channel_0/bid_fifo_0/in[1]
    SLICE_X9Y91          SRL16E                                       r  OSDZU3x_BYOTEE_i/axi_interconnect_0/m02_couplers/auto_pc/inst/gen_axilite.gen_b2s_conv.axilite_b2s/WR.b_channel_0/bid_fifo_0/memory_reg[3][1]_srl4/D
  -------------------------------------------------------------------    -------------------

                         (clock clk_pl_0 rise edge)
                                                      0.000     0.000 r  
    PS8_X0Y0             PS8                          0.000     0.000 r  OSDZU3x_BYOTEE_i/zynq_ultra_ps_e_0/inst/PS8_i/PLCLK[0]
                         net (fo=1, routed)           0.178     0.178    OSDZU3x_BYOTEE_i/zynq_ultra_ps_e_0/inst/pl_clk_unbuffered[0]
    BUFG_PS_X0Y52        BUFG_PS (Prop_BUFG_PS_I_O)
                                                      0.029     0.207 r  OSDZU3x_BYOTEE_i/zynq_ultra_ps_e_0/inst/buffer_pl_clk_0.PL_CLK_0_BUFG/O
    X0Y1 (CLOCK_ROOT)    net (fo=8048, routed)        1.735     1.942    OSDZU3x_BYOTEE_i/axi_interconnect_0/m02_couplers/auto_pc/inst/gen_axilite.gen_b2s_conv.axilite_b2s/WR.b_channel_0/bid_fifo_0/aclk
    SLICE_X9Y91          SRL16E                                       r  OSDZU3x_BYOTEE_i/axi_interconnect_0/m02_couplers/auto_pc/inst/gen_axilite.gen_b2s_conv.axilite_b2s/WR.b_channel_0/bid_fifo_0/memory_reg[3][1]_srl4/CLK
                         clock pessimism             -0.154     1.788    
    SLICE_X9Y91          SRL16E (Hold_B6LUT_SLICEM_CLK_D)
                                                      0.014     1.802    OSDZU3x_BYOTEE_i/axi_interconnect_0/m02_couplers/auto_pc/inst/gen_axilite.gen_b2s_conv.axilite_b2s/WR.b_channel_0/bid_fifo_0/memory_reg[3][1]_srl4
  -------------------------------------------------------------------
                         required time                         -1.802    
                         arrival time                           1.817    
  -------------------------------------------------------------------
                         slack                                  0.015    

Slack (MET) :             0.015ns  (arrival time - required time)
  Source:                 OSDZU3x_BYOTEE_i/axi_interconnect_0/m02_couplers/auto_pc/inst/gen_axilite.gen_b2s_conv.axilite_b2s/WR.aw_channel_0/s_awlen_r_reg[6]/C
                            (rising edge-triggered cell FDRE clocked by clk_pl_0  {rise@0.000ns fall@5.000ns period=10.000ns})
  Destination:            OSDZU3x_BYOTEE_i/axi_interconnect_0/m02_couplers/auto_pc/inst/gen_axilite.gen_b2s_conv.axilite_b2s/WR.b_channel_0/bid_fifo_0/memory_reg[3][6]_srl4/D
                            (rising edge-triggered cell SRL16E clocked by clk_pl_0  {rise@0.000ns fall@5.000ns period=10.000ns})
  Path Group:             clk_pl_0
  Path Type:              Hold (Min at Slow Process Corner)
  Requirement:            0.000ns  (clk_pl_0 rise@0.000ns - clk_pl_0 rise@0.000ns)
  Data Path Delay:        0.145ns  (logic 0.069ns (47.586%)  route 0.076ns (52.414%))
  Logic Levels:           0  
  Clock Path Skew:        0.124ns (DCD - SCD - CPR)
    Destination Clock Delay (DCD):    1.942ns
    Source Clock Delay      (SCD):    1.664ns
    Clock Pessimism Removal (CPR):    0.154ns
  Clock Net Delay (Source):      1.497ns (routing 0.564ns, distribution 0.933ns)
  Clock Net Delay (Destination): 1.735ns (routing 0.625ns, distribution 1.110ns)

    Location             Delay type                Incr(ns)  Path(ns)    Netlist Resource(s)
  -------------------------------------------------------------------    -------------------
                         (clock clk_pl_0 rise edge)
                                                      0.000     0.000 r  
    PS8_X0Y0             PS8                          0.000     0.000 r  OSDZU3x_BYOTEE_i/zynq_ultra_ps_e_0/inst/PS8_i/PLCLK[0]
                         net (fo=1, routed)           0.140     0.140    OSDZU3x_BYOTEE_i/zynq_ultra_ps_e_0/inst/pl_clk_unbuffered[0]
    BUFG_PS_X0Y52        BUFG_PS (Prop_BUFG_PS_I_O)
                                                      0.027     0.167 r  OSDZU3x_BYOTEE_i/zynq_ultra_ps_e_0/inst/buffer_pl_clk_0.PL_CLK_0_BUFG/O
    X0Y1 (CLOCK_ROOT)    net (fo=8048, routed)        1.497     1.664    OSDZU3x_BYOTEE_i/axi_interconnect_0/m02_couplers/auto_pc/inst/gen_axilite.gen_b2s_conv.axilite_b2s/WR.aw_channel_0/aclk
    SLICE_X7Y91          FDRE                                         r  OSDZU3x_BYOTEE_i/axi_interconnect_0/m02_couplers/auto_pc/inst/gen_axilite.gen_b2s_conv.axilite_b2s/WR.aw_channel_0/s_awlen_r_reg[6]/C
  -------------------------------------------------------------------    -------------------
    SLICE_X7Y91          FDRE (Prop_FFF_SLICEL_C_Q)
                                                      0.069     1.733 r  OSDZU3x_BYOTEE_i/axi_interconnect_0/m02_couplers/auto_pc/inst/gen_axilite.gen_b2s_conv.axilite_b2s/WR.aw_channel_0/s_awlen_r_reg[6]/Q
                         net (fo=1, routed)           0.076     1.809    OSDZU3x_BYOTEE_i/axi_interconnect_0/m02_couplers/auto_pc/inst/gen_axilite.gen_b2s_conv.axilite_b2s/WR.b_channel_0/bid_fifo_0/in[6]
    SLICE_X9Y91          SRL16E                                       r  OSDZU3x_BYOTEE_i/axi_interconnect_0/m02_couplers/auto_pc/inst/gen_axilite.gen_b2s_conv.axilite_b2s/WR.b_channel_0/bid_fifo_0/memory_reg[3][6]_srl4/D
  -------------------------------------------------------------------    -------------------

                         (clock clk_pl_0 rise edge)
                                                      0.000     0.000 r  
    PS8_X0Y0             PS8                          0.000     0.000 r  OSDZU3x_BYOTEE_i/zynq_ultra_ps_e_0/inst/PS8_i/PLCLK[0]
                         net (fo=1, routed)           0.178     0.178    OSDZU3x_BYOTEE_i/zynq_ultra_ps_e_0/inst/pl_clk_unbuffered[0]
    BUFG_PS_X0Y52        BUFG_PS (Prop_BUFG_PS_I_O)
                                                      0.029     0.207 r  OSDZU3x_BYOTEE_i/zynq_ultra_ps_e_0/inst/buffer_pl_clk_0.PL_CLK_0_BUFG/O
    X0Y1 (CLOCK_ROOT)    net (fo=8048, routed)        1.735     1.942    OSDZU3x_BYOTEE_i/axi_interconnect_0/m02_couplers/auto_pc/inst/gen_axilite.gen_b2s_conv.axilite_b2s/WR.b_channel_0/bid_fifo_0/aclk
    SLICE_X9Y91          SRL16E                                       r  OSDZU3x_BYOTEE_i/axi_interconnect_0/m02_couplers/auto_pc/inst/gen_axilite.gen_b2s_conv.axilite_b2s/WR.b_channel_0/bid_fifo_0/memory_reg[3][6]_srl4/CLK
                         clock pessimism             -0.154     1.788    
    SLICE_X9Y91          SRL16E (Hold_G6LUT_SLICEM_CLK_D)
                                                      0.006     1.794    OSDZU3x_BYOTEE_i/axi_interconnect_0/m02_couplers/auto_pc/inst/gen_axilite.gen_b2s_conv.axilite_b2s/WR.b_channel_0/bid_fifo_0/memory_reg[3][6]_srl4
  -------------------------------------------------------------------
                         required time                         -1.794    
                         arrival time                           1.809    
  -------------------------------------------------------------------
                         slack                                  0.015    

Slack (MET) :             0.018ns  (arrival time - required time)
  Source:                 OSDZU3x_BYOTEE_i/axi_interconnect_0/m03_couplers/auto_pc/inst/gen_axilite.gen_b2s_conv.axilite_b2s/SI_REG/r.r_pipe/m_payload_i_reg[0]/C
                            (rising edge-triggered cell FDRE clocked by clk_pl_0  {rise@0.000ns fall@5.000ns period=10.000ns})
  Destination:            OSDZU3x_BYOTEE_i/axi_interconnect_0/m03_couplers/auto_ds/inst/gen_downsizer.gen_simple_downsizer.axi_downsizer_inst/USE_READ.read_data_inst/WORD_LANE[0].S_AXI_RDATA_II_reg[0]/D
                            (rising edge-triggered cell FDRE clocked by clk_pl_0  {rise@0.000ns fall@5.000ns period=10.000ns})
  Path Group:             clk_pl_0
  Path Type:              Hold (Min at Slow Process Corner)
  Requirement:            0.000ns  (clk_pl_0 rise@0.000ns - clk_pl_0 rise@0.000ns)
  Data Path Delay:        0.243ns  (logic 0.070ns (28.760%)  route 0.173ns (71.240%))
  Logic Levels:           0  
  Clock Path Skew:        0.171ns (DCD - SCD - CPR)
    Destination Clock Delay (DCD):    1.987ns
    Source Clock Delay      (SCD):    1.711ns
    Clock Pessimism Removal (CPR):    0.105ns
  Clock Net Delay (Source):      1.544ns (routing 0.564ns, distribution 0.980ns)
  Clock Net Delay (Destination): 1.780ns (routing 0.625ns, distribution 1.155ns)

    Location             Delay type                Incr(ns)  Path(ns)    Netlist Resource(s)
  -------------------------------------------------------------------    -------------------
                         (clock clk_pl_0 rise edge)
                                                      0.000     0.000 r  
    PS8_X0Y0             PS8                          0.000     0.000 r  OSDZU3x_BYOTEE_i/zynq_ultra_ps_e_0/inst/PS8_i/PLCLK[0]
                         net (fo=1, routed)           0.140     0.140    OSDZU3x_BYOTEE_i/zynq_ultra_ps_e_0/inst/pl_clk_unbuffered[0]
    BUFG_PS_X0Y52        BUFG_PS (Prop_BUFG_PS_I_O)
                                                      0.027     0.167 r  OSDZU3x_BYOTEE_i/zynq_ultra_ps_e_0/inst/buffer_pl_clk_0.PL_CLK_0_BUFG/O
    X0Y1 (CLOCK_ROOT)    net (fo=8048, routed)        1.544     1.711    OSDZU3x_BYOTEE_i/axi_interconnect_0/m03_couplers/auto_pc/inst/gen_axilite.gen_b2s_conv.axilite_b2s/SI_REG/r.r_pipe/aclk
    SLICE_X18Y60         FDRE                                         r  OSDZU3x_BYOTEE_i/axi_interconnect_0/m03_couplers/auto_pc/inst/gen_axilite.gen_b2s_conv.axilite_b2s/SI_REG/r.r_pipe/m_payload_i_reg[0]/C
  -------------------------------------------------------------------    -------------------
    SLICE_X18Y60         FDRE (Prop_DFF_SLICEL_C_Q)
                                                      0.070     1.781 r  OSDZU3x_BYOTEE_i/axi_interconnect_0/m03_couplers/auto_pc/inst/gen_axilite.gen_b2s_conv.axilite_b2s/SI_REG/r.r_pipe/m_payload_i_reg[0]/Q
                         net (fo=4, routed)           0.173     1.954    OSDZU3x_BYOTEE_i/axi_interconnect_0/m03_couplers/auto_ds/inst/gen_downsizer.gen_simple_downsizer.axi_downsizer_inst/USE_READ.read_data_inst/m_axi_rdata[0]
    SLICE_X17Y57         FDRE                                         r  OSDZU3x_BYOTEE_i/axi_interconnect_0/m03_couplers/auto_ds/inst/gen_downsizer.gen_simple_downsizer.axi_downsizer_inst/USE_READ.read_data_inst/WORD_LANE[0].S_AXI_RDATA_II_reg[0]/D
  -------------------------------------------------------------------    -------------------

                         (clock clk_pl_0 rise edge)
                                                      0.000     0.000 r  
    PS8_X0Y0             PS8                          0.000     0.000 r  OSDZU3x_BYOTEE_i/zynq_ultra_ps_e_0/inst/PS8_i/PLCLK[0]
                         net (fo=1, routed)           0.178     0.178    OSDZU3x_BYOTEE_i/zynq_ultra_ps_e_0/inst/pl_clk_unbuffered[0]
    BUFG_PS_X0Y52        BUFG_PS (Prop_BUFG_PS_I_O)
                                                      0.029     0.207 r  OSDZU3x_BYOTEE_i/zynq_ultra_ps_e_0/inst/buffer_pl_clk_0.PL_CLK_0_BUFG/O
    X0Y1 (CLOCK_ROOT)    net (fo=8048, routed)        1.780     1.987    OSDZU3x_BYOTEE_i/axi_interconnect_0/m03_couplers/auto_ds/inst/gen_downsizer.gen_simple_downsizer.axi_downsizer_inst/USE_READ.read_data_inst/CLK
    SLICE_X17Y57         FDRE                                         r  OSDZU3x_BYOTEE_i/axi_interconnect_0/m03_couplers/auto_ds/inst/gen_downsizer.gen_simple_downsizer.axi_downsizer_inst/USE_READ.read_data_inst/WORD_LANE[0].S_AXI_RDATA_II_reg[0]/C
                         clock pessimism             -0.105     1.882    
    SLICE_X17Y57         FDRE (Hold_HFF2_SLICEL_C_D)
                                                      0.055     1.937    OSDZU3x_BYOTEE_i/axi_interconnect_0/m03_couplers/auto_ds/inst/gen_downsizer.gen_simple_downsizer.axi_downsizer_inst/USE_READ.read_data_inst/WORD_LANE[0].S_AXI_RDATA_II_reg[0]
  -------------------------------------------------------------------
                         required time                         -1.937    
                         arrival time                           1.954    
  -------------------------------------------------------------------
                         slack                                  0.018    

Slack (MET) :             0.018ns  (arrival time - required time)
  Source:                 OSDZU3x_BYOTEE_i/ultra_ps_0_axi_periph/s00_couplers/auto_ds/inst/gen_downsizer.gen_simple_downsizer.axi_downsizer_inst/USE_WRITE.write_addr_inst/cmd_mask_q_reg[1]/C
                            (rising edge-triggered cell FDRE clocked by clk_pl_0  {rise@0.000ns fall@5.000ns period=10.000ns})
  Destination:            <hidden>
                            (rising edge-triggered cell RAMD32 clocked by clk_pl_0  {rise@0.000ns fall@5.000ns period=10.000ns})
  Path Group:             clk_pl_0
  Path Type:              Hold (Min at Slow Process Corner)
  Requirement:            0.000ns  (clk_pl_0 rise@0.000ns - clk_pl_0 rise@0.000ns)
  Data Path Delay:        0.252ns  (logic 0.070ns (27.743%)  route 0.182ns (72.257%))
  Logic Levels:           0  
  Clock Path Skew:        0.173ns (DCD - SCD - CPR)
    Destination Clock Delay (DCD):    2.053ns
    Source Clock Delay      (SCD):    1.722ns
    Clock Pessimism Removal (CPR):    0.158ns
  Clock Net Delay (Source):      1.555ns (routing 0.564ns, distribution 0.991ns)
  Clock Net Delay (Destination): 1.846ns (routing 0.625ns, distribution 1.221ns)

    Location             Delay type                Incr(ns)  Path(ns)    Netlist Resource(s)
  -------------------------------------------------------------------    -------------------
                         (clock clk_pl_0 rise edge)
                                                      0.000     0.000 r  
    PS8_X0Y0             PS8                          0.000     0.000 r  OSDZU3x_BYOTEE_i/zynq_ultra_ps_e_0/inst/PS8_i/PLCLK[0]
                         net (fo=1, routed)           0.140     0.140    OSDZU3x_BYOTEE_i/zynq_ultra_ps_e_0/inst/pl_clk_unbuffered[0]
    BUFG_PS_X0Y52        BUFG_PS (Prop_BUFG_PS_I_O)
                                                      0.027     0.167 r  OSDZU3x_BYOTEE_i/zynq_ultra_ps_e_0/inst/buffer_pl_clk_0.PL_CLK_0_BUFG/O
    X0Y1 (CLOCK_ROOT)    net (fo=8048, routed)        1.555     1.722    OSDZU3x_BYOTEE_i/ultra_ps_0_axi_periph/s00_couplers/auto_ds/inst/gen_downsizer.gen_simple_downsizer.axi_downsizer_inst/USE_WRITE.write_addr_inst/CLK
    SLICE_X7Y137         FDRE                                         r  OSDZU3x_BYOTEE_i/ultra_ps_0_axi_periph/s00_couplers/auto_ds/inst/gen_downsizer.gen_simple_downsizer.axi_downsizer_inst/USE_WRITE.write_addr_inst/cmd_mask_q_reg[1]/C
  -------------------------------------------------------------------    -------------------
    SLICE_X7Y137         FDRE (Prop_BFF_SLICEL_C_Q)
                                                      0.070     1.792 r  OSDZU3x_BYOTEE_i/ultra_ps_0_axi_periph/s00_couplers/auto_ds/inst/gen_downsizer.gen_simple_downsizer.axi_downsizer_inst/USE_WRITE.write_addr_inst/cmd_mask_q_reg[1]/Q
                         net (fo=3, routed)           0.182     1.974    <hidden>
    SLICE_X9Y138         RAMD32                                       r  <hidden>
  -------------------------------------------------------------------    -------------------

                         (clock clk_pl_0 rise edge)
                                                      0.000     0.000 r  
    PS8_X0Y0             PS8                          0.000     0.000 r  OSDZU3x_BYOTEE_i/zynq_ultra_ps_e_0/inst/PS8_i/PLCLK[0]
                         net (fo=1, routed)           0.178     0.178    OSDZU3x_BYOTEE_i/zynq_ultra_ps_e_0/inst/pl_clk_unbuffered[0]
    BUFG_PS_X0Y52        BUFG_PS (Prop_BUFG_PS_I_O)
                                                      0.029     0.207 r  OSDZU3x_BYOTEE_i/zynq_ultra_ps_e_0/inst/buffer_pl_clk_0.PL_CLK_0_BUFG/O
    X0Y1 (CLOCK_ROOT)    net (fo=8048, routed)        1.846     2.053    <hidden>
    SLICE_X9Y138         RAMD32                                       r  <hidden>
                         clock pessimism             -0.158     1.895    
    SLICE_X9Y138         RAMD32 (Hold_A6LUT_SLICEM_CLK_I)
                                                      0.061     1.956    <hidden>
  -------------------------------------------------------------------
                         required time                         -1.956    
                         arrival time                           1.974    
  -------------------------------------------------------------------
                         slack                                  0.018    

Slack (MET) :             0.018ns  (arrival time - required time)
  Source:                 <hidden>
                            (rising edge-triggered cell FDRE clocked by clk_pl_0  {rise@0.000ns fall@5.000ns period=10.000ns})
  Destination:            <hidden>
                            (rising edge-triggered cell FDRE clocked by clk_pl_0  {rise@0.000ns fall@5.000ns period=10.000ns})
  Path Group:             clk_pl_0
  Path Type:              Hold (Min at Slow Process Corner)
  Requirement:            0.000ns  (clk_pl_0 rise@0.000ns - clk_pl_0 rise@0.000ns)
  Data Path Delay:        0.190ns  (logic 0.071ns (37.277%)  route 0.119ns (62.723%))
  Logic Levels:           0  
  Clock Path Skew:        0.117ns (DCD - SCD - CPR)
    Destination Clock Delay (DCD):    1.956ns
    Source Clock Delay      (SCD):    1.681ns
    Clock Pessimism Removal (CPR):    0.158ns
  Clock Net Delay (Source):      1.514ns (routing 0.564ns, distribution 0.950ns)
  Clock Net Delay (Destination): 1.749ns (routing 0.625ns, distribution 1.124ns)

    Location             Delay type                Incr(ns)  Path(ns)    Netlist Resource(s)
  -------------------------------------------------------------------    -------------------
                         (clock clk_pl_0 rise edge)
                                                      0.000     0.000 r  
    PS8_X0Y0             PS8                          0.000     0.000 r  OSDZU3x_BYOTEE_i/zynq_ultra_ps_e_0/inst/PS8_i/PLCLK[0]
                         net (fo=1, routed)           0.140     0.140    OSDZU3x_BYOTEE_i/zynq_ultra_ps_e_0/inst/pl_clk_unbuffered[0]
    BUFG_PS_X0Y52        BUFG_PS (Prop_BUFG_PS_I_O)
                                                      0.027     0.167 r  OSDZU3x_BYOTEE_i/zynq_ultra_ps_e_0/inst/buffer_pl_clk_0.PL_CLK_0_BUFG/O
    X0Y1 (CLOCK_ROOT)    net (fo=8048, routed)        1.514     1.681    <hidden>
    SLICE_X0Y35          FDRE                                         r  <hidden>
  -------------------------------------------------------------------    -------------------
    SLICE_X0Y35          FDRE (Prop_HFF2_SLICEL_C_Q)
                                                      0.071     1.752 r  <hidden>
                         net (fo=5, routed)           0.119     1.871    <hidden>
    SLICE_X2Y37          FDRE                                         r  <hidden>
  -------------------------------------------------------------------    -------------------

                         (clock clk_pl_0 rise edge)
                                                      0.000     0.000 r  
    PS8_X0Y0             PS8                          0.000     0.000 r  OSDZU3x_BYOTEE_i/zynq_ultra_ps_e_0/inst/PS8_i/PLCLK[0]
                         net (fo=1, routed)           0.178     0.178    OSDZU3x_BYOTEE_i/zynq_ultra_ps_e_0/inst/pl_clk_unbuffered[0]
    BUFG_PS_X0Y52        BUFG_PS (Prop_BUFG_PS_I_O)
                                                      0.029     0.207 r  OSDZU3x_BYOTEE_i/zynq_ultra_ps_e_0/inst/buffer_pl_clk_0.PL_CLK_0_BUFG/O
    X0Y1 (CLOCK_ROOT)    net (fo=8048, routed)        1.749     1.956    <hidden>
    SLICE_X2Y37          FDRE                                         r  <hidden>
                         clock pessimism             -0.158     1.798    
    SLICE_X2Y37          FDRE (Hold_DFF2_SLICEL_C_D)
                                                      0.055     1.853    <hidden>
  -------------------------------------------------------------------
                         required time                         -1.853    
                         arrival time                           1.871    
  -------------------------------------------------------------------
                         slack                                  0.018    

Slack (MET) :             0.019ns  (arrival time - required time)
  Source:                 <hidden>
                            (rising edge-triggered cell FDRE clocked by clk_pl_0  {rise@0.000ns fall@5.000ns period=10.000ns})
  Destination:            OSDZU3x_BYOTEE_i/axi_interconnect_0/s01_couplers/auto_us/inst/gen_upsizer.gen_full_upsizer.axi_upsizer_inst/si_register_slice_inst/ar.ar_pipe/m_payload_i_reg[16]/D
                            (rising edge-triggered cell FDRE clocked by clk_pl_0  {rise@0.000ns fall@5.000ns period=10.000ns})
  Path Group:             clk_pl_0
  Path Type:              Hold (Min at Fast Process Corner)
  Requirement:            0.000ns  (clk_pl_0 rise@0.000ns - clk_pl_0 rise@0.000ns)
  Data Path Delay:        0.072ns  (logic 0.039ns (54.167%)  route 0.033ns (45.833%))
  Logic Levels:           0  
  Clock Path Skew:        0.006ns (DCD - SCD - CPR)
    Destination Clock Delay (DCD):    1.136ns
    Source Clock Delay      (SCD):    0.991ns
    Clock Pessimism Removal (CPR):    0.139ns
  Clock Net Delay (Source):      0.880ns (routing 0.319ns, distribution 0.561ns)
  Clock Net Delay (Destination): 0.998ns (routing 0.358ns, distribution 0.640ns)

    Location             Delay type                Incr(ns)  Path(ns)    Netlist Resource(s)
  -------------------------------------------------------------------    -------------------
                         (clock clk_pl_0 rise edge)
                                                      0.000     0.000 r  
    PS8_X0Y0             PS8                          0.000     0.000 r  OSDZU3x_BYOTEE_i/zynq_ultra_ps_e_0/inst/PS8_i/PLCLK[0]
                         net (fo=1, routed)           0.094     0.094    OSDZU3x_BYOTEE_i/zynq_ultra_ps_e_0/inst/pl_clk_unbuffered[0]
    BUFG_PS_X0Y52        BUFG_PS (Prop_BUFG_PS_I_O)
                                                      0.017     0.111 r  OSDZU3x_BYOTEE_i/zynq_ultra_ps_e_0/inst/buffer_pl_clk_0.PL_CLK_0_BUFG/O
    X0Y1 (CLOCK_ROOT)    net (fo=8048, routed)        0.880     0.991    <hidden>
    SLICE_X8Y66          FDRE                                         r  <hidden>
  -------------------------------------------------------------------    -------------------
    SLICE_X8Y66          FDRE (Prop_HFF_SLICEL_C_Q)
                                                      0.039     1.030 r  <hidden>
                         net (fo=1, routed)           0.033     1.063    OSDZU3x_BYOTEE_i/axi_interconnect_0/s01_couplers/auto_us/inst/gen_upsizer.gen_full_upsizer.axi_upsizer_inst/si_register_slice_inst/ar.ar_pipe/D[16]
    SLICE_X8Y66          FDRE                                         r  OSDZU3x_BYOTEE_i/axi_interconnect_0/s01_couplers/auto_us/inst/gen_upsizer.gen_full_upsizer.axi_upsizer_inst/si_register_slice_inst/ar.ar_pipe/m_payload_i_reg[16]/D
  -------------------------------------------------------------------    -------------------

                         (clock clk_pl_0 rise edge)
                                                      0.000     0.000 r  
    PS8_X0Y0             PS8                          0.000     0.000 r  OSDZU3x_BYOTEE_i/zynq_ultra_ps_e_0/inst/PS8_i/PLCLK[0]
                         net (fo=1, routed)           0.120     0.120    OSDZU3x_BYOTEE_i/zynq_ultra_ps_e_0/inst/pl_clk_unbuffered[0]
    BUFG_PS_X0Y52        BUFG_PS (Prop_BUFG_PS_I_O)
                                                      0.018     0.138 r  OSDZU3x_BYOTEE_i/zynq_ultra_ps_e_0/inst/buffer_pl_clk_0.PL_CLK_0_BUFG/O
    X0Y1 (CLOCK_ROOT)    net (fo=8048, routed)        0.998     1.136    OSDZU3x_BYOTEE_i/axi_interconnect_0/s01_couplers/auto_us/inst/gen_upsizer.gen_full_upsizer.axi_upsizer_inst/si_register_slice_inst/ar.ar_pipe/out
    SLICE_X8Y66          FDRE                                         r  OSDZU3x_BYOTEE_i/axi_interconnect_0/s01_couplers/auto_us/inst/gen_upsizer.gen_full_upsizer.axi_upsizer_inst/si_register_slice_inst/ar.ar_pipe/m_payload_i_reg[16]/C
                         clock pessimism             -0.139     0.997    
    SLICE_X8Y66          FDRE (Hold_HFF2_SLICEL_C_D)
                                                      0.047     1.044    OSDZU3x_BYOTEE_i/axi_interconnect_0/s01_couplers/auto_us/inst/gen_upsizer.gen_full_upsizer.axi_upsizer_inst/si_register_slice_inst/ar.ar_pipe/m_payload_i_reg[16]
  -------------------------------------------------------------------
                         required time                         -1.044    
                         arrival time                           1.063    
  -------------------------------------------------------------------
                         slack                                  0.019    





Pulse Width Checks
--------------------------------------------------------------------------------------
Clock Name:         clk_pl_0
Waveform(ns):       { 0.000 5.000 }
Period(ns):         10.000
Sources:            { OSDZU3x_BYOTEE_i/zynq_ultra_ps_e_0/inst/PS8_i/PLCLK[0] }

Check Type        Corner  Lib Pin             Reference Pin  Required(ns)  Actual(ns)  Slack(ns)  Location      Pin
Min Period        n/a     PS8/MAXIGP2ACLK     n/a            3.000         10.000      7.000      PS8_X0Y0      OSDZU3x_BYOTEE_i/zynq_ultra_ps_e_0/inst/PS8_i/MAXIGP2ACLK
Min Period        n/a     PS8/SAXIGP0RCLK     n/a            3.000         10.000      7.000      PS8_X0Y0      OSDZU3x_BYOTEE_i/zynq_ultra_ps_e_0/inst/PS8_i/SAXIGP0RCLK
Min Period        n/a     PS8/SAXIGP0WCLK     n/a            3.000         10.000      7.000      PS8_X0Y0      OSDZU3x_BYOTEE_i/zynq_ultra_ps_e_0/inst/PS8_i/SAXIGP0WCLK
Min Period        n/a     PS8/SAXIGP6RCLK     n/a            3.000         10.000      7.000      PS8_X0Y0      OSDZU3x_BYOTEE_i/zynq_ultra_ps_e_0/inst/PS8_i/SAXIGP6RCLK
Min Period        n/a     PS8/SAXIGP6WCLK     n/a            3.000         10.000      7.000      PS8_X0Y0      OSDZU3x_BYOTEE_i/zynq_ultra_ps_e_0/inst/PS8_i/SAXIGP6WCLK
Min Period        n/a     RAMB36E2/CLKARDCLK  n/a            1.550         10.000      8.450      RAMB36_X4Y7   <hidden>
Min Period        n/a     RAMB36E2/CLKBWRCLK  n/a            1.550         10.000      8.450      RAMB36_X4Y7   <hidden>
Min Period        n/a     RAMB36E2/CLKARDCLK  n/a            1.550         10.000      8.450      RAMB36_X4Y8   <hidden>
Min Period        n/a     RAMB36E2/CLKBWRCLK  n/a            1.550         10.000      8.450      RAMB36_X4Y8   <hidden>
Min Period        n/a     RAMB36E2/CLKARDCLK  n/a            1.550         10.000      8.450      RAMB36_X1Y13  <hidden>
Low Pulse Width   Slow    PS8/MAXIGP2ACLK     n/a            1.500         5.000       3.500      PS8_X0Y0      OSDZU3x_BYOTEE_i/zynq_ultra_ps_e_0/inst/PS8_i/MAXIGP2ACLK
Low Pulse Width   Fast    PS8/MAXIGP2ACLK     n/a            1.500         5.000       3.500      PS8_X0Y0      OSDZU3x_BYOTEE_i/zynq_ultra_ps_e_0/inst/PS8_i/MAXIGP2ACLK
Low Pulse Width   Slow    PS8/SAXIGP0RCLK     n/a            1.500         5.000       3.500      PS8_X0Y0      OSDZU3x_BYOTEE_i/zynq_ultra_ps_e_0/inst/PS8_i/SAXIGP0RCLK
Low Pulse Width   Fast    PS8/SAXIGP0RCLK     n/a            1.500         5.000       3.500      PS8_X0Y0      OSDZU3x_BYOTEE_i/zynq_ultra_ps_e_0/inst/PS8_i/SAXIGP0RCLK
Low Pulse Width   Slow    PS8/SAXIGP0WCLK     n/a            1.500         5.000       3.500      PS8_X0Y0      OSDZU3x_BYOTEE_i/zynq_ultra_ps_e_0/inst/PS8_i/SAXIGP0WCLK
Low Pulse Width   Fast    PS8/SAXIGP0WCLK     n/a            1.500         5.000       3.500      PS8_X0Y0      OSDZU3x_BYOTEE_i/zynq_ultra_ps_e_0/inst/PS8_i/SAXIGP0WCLK
Low Pulse Width   Slow    PS8/SAXIGP6RCLK     n/a            1.500         5.000       3.500      PS8_X0Y0      OSDZU3x_BYOTEE_i/zynq_ultra_ps_e_0/inst/PS8_i/SAXIGP6RCLK
Low Pulse Width   Fast    PS8/SAXIGP6RCLK     n/a            1.500         5.000       3.500      PS8_X0Y0      OSDZU3x_BYOTEE_i/zynq_ultra_ps_e_0/inst/PS8_i/SAXIGP6RCLK
Low Pulse Width   Slow    PS8/SAXIGP6WCLK     n/a            1.500         5.000       3.500      PS8_X0Y0      OSDZU3x_BYOTEE_i/zynq_ultra_ps_e_0/inst/PS8_i/SAXIGP6WCLK
Low Pulse Width   Fast    PS8/SAXIGP6WCLK     n/a            1.500         5.000       3.500      PS8_X0Y0      OSDZU3x_BYOTEE_i/zynq_ultra_ps_e_0/inst/PS8_i/SAXIGP6WCLK
High Pulse Width  Slow    PS8/MAXIGP2ACLK     n/a            1.500         5.000       3.500      PS8_X0Y0      OSDZU3x_BYOTEE_i/zynq_ultra_ps_e_0/inst/PS8_i/MAXIGP2ACLK
High Pulse Width  Fast    PS8/MAXIGP2ACLK     n/a            1.500         5.000       3.500      PS8_X0Y0      OSDZU3x_BYOTEE_i/zynq_ultra_ps_e_0/inst/PS8_i/MAXIGP2ACLK
High Pulse Width  Slow    PS8/SAXIGP0RCLK     n/a            1.500         5.000       3.500      PS8_X0Y0      OSDZU3x_BYOTEE_i/zynq_ultra_ps_e_0/inst/PS8_i/SAXIGP0RCLK
High Pulse Width  Fast    PS8/SAXIGP0RCLK     n/a            1.500         5.000       3.500      PS8_X0Y0      OSDZU3x_BYOTEE_i/zynq_ultra_ps_e_0/inst/PS8_i/SAXIGP0RCLK
High Pulse Width  Slow    PS8/SAXIGP0WCLK     n/a            1.500         5.000       3.500      PS8_X0Y0      OSDZU3x_BYOTEE_i/zynq_ultra_ps_e_0/inst/PS8_i/SAXIGP0WCLK
High Pulse Width  Fast    PS8/SAXIGP0WCLK     n/a            1.500         5.000       3.500      PS8_X0Y0      OSDZU3x_BYOTEE_i/zynq_ultra_ps_e_0/inst/PS8_i/SAXIGP0WCLK
High Pulse Width  Slow    PS8/SAXIGP6RCLK     n/a            1.500         5.000       3.500      PS8_X0Y0      OSDZU3x_BYOTEE_i/zynq_ultra_ps_e_0/inst/PS8_i/SAXIGP6RCLK
High Pulse Width  Fast    PS8/SAXIGP6RCLK     n/a            1.500         5.000       3.500      PS8_X0Y0      OSDZU3x_BYOTEE_i/zynq_ultra_ps_e_0/inst/PS8_i/SAXIGP6RCLK
High Pulse Width  Slow    PS8/SAXIGP6WCLK     n/a            1.500         5.000       3.500      PS8_X0Y0      OSDZU3x_BYOTEE_i/zynq_ultra_ps_e_0/inst/PS8_i/SAXIGP6WCLK
High Pulse Width  Fast    PS8/SAXIGP6WCLK     n/a            1.500         5.000       3.500      PS8_X0Y0      OSDZU3x_BYOTEE_i/zynq_ultra_ps_e_0/inst/PS8_i/SAXIGP6WCLK



---------------------------------------------------------------------------------------------------
Path Group:  **async_default**
From Clock:  clk_pl_0
  To Clock:  clk_pl_0

Setup :            0  Failing Endpoints,  Worst Slack        8.244ns,  Total Violation        0.000ns
Hold  :            0  Failing Endpoints,  Worst Slack        0.165ns,  Total Violation        0.000ns
---------------------------------------------------------------------------------------------------


Max Delay Paths
--------------------------------------------------------------------------------------
Slack (MET) :             8.244ns  (required time - arrival time)
  Source:                 <hidden>
                            (rising edge-triggered cell FDRE clocked by clk_pl_0  {rise@0.000ns fall@5.000ns period=10.000ns})
  Destination:            <hidden>
                            (recovery check against rising-edge clock clk_pl_0  {rise@0.000ns fall@5.000ns period=10.000ns})
  Path Group:             **async_default**
  Path Type:              Recovery (Max at Slow Process Corner)
  Requirement:            10.000ns  (clk_pl_0 rise@10.000ns - clk_pl_0 rise@0.000ns)
  Data Path Delay:        1.450ns  (logic 0.246ns (16.971%)  route 1.204ns (83.029%))
  Logic Levels:           1  (LUT3=1)
  Clock Path Skew:        -0.104ns (DCD - SCD + CPR)
    Destination Clock Delay (DCD):    1.716ns = ( 11.716 - 10.000 ) 
    Source Clock Delay      (SCD):    1.974ns
    Clock Pessimism Removal (CPR):    0.153ns
  Clock Uncertainty:      0.130ns  ((TSJ^2 + DJ^2)^1/2) / 2 + PE
    Total System Jitter     (TSJ):    0.071ns
    Discrete Jitter          (DJ):    0.250ns
    Phase Error              (PE):    0.000ns
  Clock Net Delay (Source):      1.767ns (routing 0.625ns, distribution 1.142ns)
  Clock Net Delay (Destination): 1.549ns (routing 0.564ns, distribution 0.985ns)

    Location             Delay type                Incr(ns)  Path(ns)    Netlist Resource(s)
  -------------------------------------------------------------------    -------------------
                         (clock clk_pl_0 rise edge)
                                                      0.000     0.000 r  
    PS8_X0Y0             PS8                          0.000     0.000 r  OSDZU3x_BYOTEE_i/zynq_ultra_ps_e_0/inst/PS8_i/PLCLK[0]
                         net (fo=1, routed)           0.178     0.178    OSDZU3x_BYOTEE_i/zynq_ultra_ps_e_0/inst/pl_clk_unbuffered[0]
    BUFG_PS_X0Y52        BUFG_PS (Prop_BUFG_PS_I_O)
                                                      0.029     0.207 r  OSDZU3x_BYOTEE_i/zynq_ultra_ps_e_0/inst/buffer_pl_clk_0.PL_CLK_0_BUFG/O
    X0Y1 (CLOCK_ROOT)    net (fo=8048, routed)        1.767     1.974    <hidden>
    SLICE_X19Y75         FDRE                                         r  <hidden>
  -------------------------------------------------------------------    -------------------
    SLICE_X19Y75         FDRE (Prop_GFF2_SLICEM_C_Q)
                                                      0.098     2.072 f  <hidden>
                         net (fo=2, routed)           0.222     2.294    <hidden>
    SLICE_X19Y75         LUT3 (Prop_F6LUT_SLICEM_I0_O)
                                                      0.148     2.442 f  <hidden>
                         net (fo=32, routed)          0.981     3.424    <hidden>
    SLICE_X16Y74         FDCE                                         f  <hidden>
  -------------------------------------------------------------------    -------------------

                         (clock clk_pl_0 rise edge)
                                                     10.000    10.000 r  
    PS8_X0Y0             PS8                          0.000    10.000 r  OSDZU3x_BYOTEE_i/zynq_ultra_ps_e_0/inst/PS8_i/PLCLK[0]
                         net (fo=1, routed)           0.140    10.140    OSDZU3x_BYOTEE_i/zynq_ultra_ps_e_0/inst/pl_clk_unbuffered[0]
    BUFG_PS_X0Y52        BUFG_PS (Prop_BUFG_PS_I_O)
                                                      0.027    10.167 r  OSDZU3x_BYOTEE_i/zynq_ultra_ps_e_0/inst/buffer_pl_clk_0.PL_CLK_0_BUFG/O
    X0Y1 (CLOCK_ROOT)    net (fo=8048, routed)        1.549    11.716    <hidden>
    SLICE_X16Y74         FDCE                                         r  <hidden>
                         clock pessimism              0.153    11.870    
                         clock uncertainty           -0.130    11.740    
    SLICE_X16Y74         FDCE (Recov_DFF_SLICEM_C_CLR)
                                                     -0.072    11.668    <hidden>
  -------------------------------------------------------------------
                         required time                         11.668    
                         arrival time                          -3.424    
  -------------------------------------------------------------------
                         slack                                  8.244    

Slack (MET) :             8.244ns  (required time - arrival time)
  Source:                 <hidden>
                            (rising edge-triggered cell FDRE clocked by clk_pl_0  {rise@0.000ns fall@5.000ns period=10.000ns})
  Destination:            <hidden>
                            (recovery check against rising-edge clock clk_pl_0  {rise@0.000ns fall@5.000ns period=10.000ns})
  Path Group:             **async_default**
  Path Type:              Recovery (Max at Slow Process Corner)
  Requirement:            10.000ns  (clk_pl_0 rise@10.000ns - clk_pl_0 rise@0.000ns)
  Data Path Delay:        1.450ns  (logic 0.246ns (16.971%)  route 1.204ns (83.029%))
  Logic Levels:           1  (LUT3=1)
  Clock Path Skew:        -0.104ns (DCD - SCD + CPR)
    Destination Clock Delay (DCD):    1.716ns = ( 11.716 - 10.000 ) 
    Source Clock Delay      (SCD):    1.974ns
    Clock Pessimism Removal (CPR):    0.153ns
  Clock Uncertainty:      0.130ns  ((TSJ^2 + DJ^2)^1/2) / 2 + PE
    Total System Jitter     (TSJ):    0.071ns
    Discrete Jitter          (DJ):    0.250ns
    Phase Error              (PE):    0.000ns
  Clock Net Delay (Source):      1.767ns (routing 0.625ns, distribution 1.142ns)
  Clock Net Delay (Destination): 1.549ns (routing 0.564ns, distribution 0.985ns)

    Location             Delay type                Incr(ns)  Path(ns)    Netlist Resource(s)
  -------------------------------------------------------------------    -------------------
                         (clock clk_pl_0 rise edge)
                                                      0.000     0.000 r  
    PS8_X0Y0             PS8                          0.000     0.000 r  OSDZU3x_BYOTEE_i/zynq_ultra_ps_e_0/inst/PS8_i/PLCLK[0]
                         net (fo=1, routed)           0.178     0.178    OSDZU3x_BYOTEE_i/zynq_ultra_ps_e_0/inst/pl_clk_unbuffered[0]
    BUFG_PS_X0Y52        BUFG_PS (Prop_BUFG_PS_I_O)
                                                      0.029     0.207 r  OSDZU3x_BYOTEE_i/zynq_ultra_ps_e_0/inst/buffer_pl_clk_0.PL_CLK_0_BUFG/O
    X0Y1 (CLOCK_ROOT)    net (fo=8048, routed)        1.767     1.974    <hidden>
    SLICE_X19Y75         FDRE                                         r  <hidden>
  -------------------------------------------------------------------    -------------------
    SLICE_X19Y75         FDRE (Prop_GFF2_SLICEM_C_Q)
                                                      0.098     2.072 f  <hidden>
                         net (fo=2, routed)           0.222     2.294    <hidden>
    SLICE_X19Y75         LUT3 (Prop_F6LUT_SLICEM_I0_O)
                                                      0.148     2.442 f  <hidden>
                         net (fo=32, routed)          0.981     3.424    <hidden>
    SLICE_X16Y74         FDCE                                         f  <hidden>
  -------------------------------------------------------------------    -------------------

                         (clock clk_pl_0 rise edge)
                                                     10.000    10.000 r  
    PS8_X0Y0             PS8                          0.000    10.000 r  OSDZU3x_BYOTEE_i/zynq_ultra_ps_e_0/inst/PS8_i/PLCLK[0]
                         net (fo=1, routed)           0.140    10.140    OSDZU3x_BYOTEE_i/zynq_ultra_ps_e_0/inst/pl_clk_unbuffered[0]
    BUFG_PS_X0Y52        BUFG_PS (Prop_BUFG_PS_I_O)
                                                      0.027    10.167 r  OSDZU3x_BYOTEE_i/zynq_ultra_ps_e_0/inst/buffer_pl_clk_0.PL_CLK_0_BUFG/O
    X0Y1 (CLOCK_ROOT)    net (fo=8048, routed)        1.549    11.716    <hidden>
    SLICE_X16Y74         FDCE                                         r  <hidden>
                         clock pessimism              0.153    11.870    
                         clock uncertainty           -0.130    11.740    
    SLICE_X16Y74         FDCE (Recov_DFF2_SLICEM_C_CLR)
                                                     -0.072    11.668    <hidden>
  -------------------------------------------------------------------
                         required time                         11.668    
                         arrival time                          -3.424    
  -------------------------------------------------------------------
                         slack                                  8.244    

Slack (MET) :             8.244ns  (required time - arrival time)
  Source:                 <hidden>
                            (rising edge-triggered cell FDRE clocked by clk_pl_0  {rise@0.000ns fall@5.000ns period=10.000ns})
  Destination:            <hidden>
                            (recovery check against rising-edge clock clk_pl_0  {rise@0.000ns fall@5.000ns period=10.000ns})
  Path Group:             **async_default**
  Path Type:              Recovery (Max at Slow Process Corner)
  Requirement:            10.000ns  (clk_pl_0 rise@10.000ns - clk_pl_0 rise@0.000ns)
  Data Path Delay:        1.450ns  (logic 0.246ns (16.971%)  route 1.204ns (83.029%))
  Logic Levels:           1  (LUT3=1)
  Clock Path Skew:        -0.104ns (DCD - SCD + CPR)
    Destination Clock Delay (DCD):    1.716ns = ( 11.716 - 10.000 ) 
    Source Clock Delay      (SCD):    1.974ns
    Clock Pessimism Removal (CPR):    0.153ns
  Clock Uncertainty:      0.130ns  ((TSJ^2 + DJ^2)^1/2) / 2 + PE
    Total System Jitter     (TSJ):    0.071ns
    Discrete Jitter          (DJ):    0.250ns
    Phase Error              (PE):    0.000ns
  Clock Net Delay (Source):      1.767ns (routing 0.625ns, distribution 1.142ns)
  Clock Net Delay (Destination): 1.549ns (routing 0.564ns, distribution 0.985ns)

    Location             Delay type                Incr(ns)  Path(ns)    Netlist Resource(s)
  -------------------------------------------------------------------    -------------------
                         (clock clk_pl_0 rise edge)
                                                      0.000     0.000 r  
    PS8_X0Y0             PS8                          0.000     0.000 r  OSDZU3x_BYOTEE_i/zynq_ultra_ps_e_0/inst/PS8_i/PLCLK[0]
                         net (fo=1, routed)           0.178     0.178    OSDZU3x_BYOTEE_i/zynq_ultra_ps_e_0/inst/pl_clk_unbuffered[0]
    BUFG_PS_X0Y52        BUFG_PS (Prop_BUFG_PS_I_O)
                                                      0.029     0.207 r  OSDZU3x_BYOTEE_i/zynq_ultra_ps_e_0/inst/buffer_pl_clk_0.PL_CLK_0_BUFG/O
    X0Y1 (CLOCK_ROOT)    net (fo=8048, routed)        1.767     1.974    <hidden>
    SLICE_X19Y75         FDRE                                         r  <hidden>
  -------------------------------------------------------------------    -------------------
    SLICE_X19Y75         FDRE (Prop_GFF2_SLICEM_C_Q)
                                                      0.098     2.072 f  <hidden>
                         net (fo=2, routed)           0.222     2.294    <hidden>
    SLICE_X19Y75         LUT3 (Prop_F6LUT_SLICEM_I0_O)
                                                      0.148     2.442 f  <hidden>
                         net (fo=32, routed)          0.981     3.424    <hidden>
    SLICE_X16Y74         FDCE                                         f  <hidden>
  -------------------------------------------------------------------    -------------------

                         (clock clk_pl_0 rise edge)
                                                     10.000    10.000 r  
    PS8_X0Y0             PS8                          0.000    10.000 r  OSDZU3x_BYOTEE_i/zynq_ultra_ps_e_0/inst/PS8_i/PLCLK[0]
                         net (fo=1, routed)           0.140    10.140    OSDZU3x_BYOTEE_i/zynq_ultra_ps_e_0/inst/pl_clk_unbuffered[0]
    BUFG_PS_X0Y52        BUFG_PS (Prop_BUFG_PS_I_O)
                                                      0.027    10.167 r  OSDZU3x_BYOTEE_i/zynq_ultra_ps_e_0/inst/buffer_pl_clk_0.PL_CLK_0_BUFG/O
    X0Y1 (CLOCK_ROOT)    net (fo=8048, routed)        1.549    11.716    <hidden>
    SLICE_X16Y74         FDCE                                         r  <hidden>
                         clock pessimism              0.153    11.870    
                         clock uncertainty           -0.130    11.740    
    SLICE_X16Y74         FDCE (Recov_CFF_SLICEM_C_CLR)
                                                     -0.072    11.668    <hidden>
  -------------------------------------------------------------------
                         required time                         11.668    
                         arrival time                          -3.424    
  -------------------------------------------------------------------
                         slack                                  8.244    

Slack (MET) :             8.244ns  (required time - arrival time)
  Source:                 <hidden>
                            (rising edge-triggered cell FDRE clocked by clk_pl_0  {rise@0.000ns fall@5.000ns period=10.000ns})
  Destination:            <hidden>
                            (recovery check against rising-edge clock clk_pl_0  {rise@0.000ns fall@5.000ns period=10.000ns})
  Path Group:             **async_default**
  Path Type:              Recovery (Max at Slow Process Corner)
  Requirement:            10.000ns  (clk_pl_0 rise@10.000ns - clk_pl_0 rise@0.000ns)
  Data Path Delay:        1.450ns  (logic 0.246ns (16.971%)  route 1.204ns (83.029%))
  Logic Levels:           1  (LUT3=1)
  Clock Path Skew:        -0.104ns (DCD - SCD + CPR)
    Destination Clock Delay (DCD):    1.716ns = ( 11.716 - 10.000 ) 
    Source Clock Delay      (SCD):    1.974ns
    Clock Pessimism Removal (CPR):    0.153ns
  Clock Uncertainty:      0.130ns  ((TSJ^2 + DJ^2)^1/2) / 2 + PE
    Total System Jitter     (TSJ):    0.071ns
    Discrete Jitter          (DJ):    0.250ns
    Phase Error              (PE):    0.000ns
  Clock Net Delay (Source):      1.767ns (routing 0.625ns, distribution 1.142ns)
  Clock Net Delay (Destination): 1.549ns (routing 0.564ns, distribution 0.985ns)

    Location             Delay type                Incr(ns)  Path(ns)    Netlist Resource(s)
  -------------------------------------------------------------------    -------------------
                         (clock clk_pl_0 rise edge)
                                                      0.000     0.000 r  
    PS8_X0Y0             PS8                          0.000     0.000 r  OSDZU3x_BYOTEE_i/zynq_ultra_ps_e_0/inst/PS8_i/PLCLK[0]
                         net (fo=1, routed)           0.178     0.178    OSDZU3x_BYOTEE_i/zynq_ultra_ps_e_0/inst/pl_clk_unbuffered[0]
    BUFG_PS_X0Y52        BUFG_PS (Prop_BUFG_PS_I_O)
                                                      0.029     0.207 r  OSDZU3x_BYOTEE_i/zynq_ultra_ps_e_0/inst/buffer_pl_clk_0.PL_CLK_0_BUFG/O
    X0Y1 (CLOCK_ROOT)    net (fo=8048, routed)        1.767     1.974    <hidden>
    SLICE_X19Y75         FDRE                                         r  <hidden>
  -------------------------------------------------------------------    -------------------
    SLICE_X19Y75         FDRE (Prop_GFF2_SLICEM_C_Q)
                                                      0.098     2.072 f  <hidden>
                         net (fo=2, routed)           0.222     2.294    <hidden>
    SLICE_X19Y75         LUT3 (Prop_F6LUT_SLICEM_I0_O)
                                                      0.148     2.442 f  <hidden>
                         net (fo=32, routed)          0.981     3.424    <hidden>
    SLICE_X16Y74         FDCE                                         f  <hidden>
  -------------------------------------------------------------------    -------------------

                         (clock clk_pl_0 rise edge)
                                                     10.000    10.000 r  
    PS8_X0Y0             PS8                          0.000    10.000 r  OSDZU3x_BYOTEE_i/zynq_ultra_ps_e_0/inst/PS8_i/PLCLK[0]
                         net (fo=1, routed)           0.140    10.140    OSDZU3x_BYOTEE_i/zynq_ultra_ps_e_0/inst/pl_clk_unbuffered[0]
    BUFG_PS_X0Y52        BUFG_PS (Prop_BUFG_PS_I_O)
                                                      0.027    10.167 r  OSDZU3x_BYOTEE_i/zynq_ultra_ps_e_0/inst/buffer_pl_clk_0.PL_CLK_0_BUFG/O
    X0Y1 (CLOCK_ROOT)    net (fo=8048, routed)        1.549    11.716    <hidden>
    SLICE_X16Y74         FDCE                                         r  <hidden>
                         clock pessimism              0.153    11.870    
                         clock uncertainty           -0.130    11.740    
    SLICE_X16Y74         FDCE (Recov_CFF2_SLICEM_C_CLR)
                                                     -0.072    11.668    <hidden>
  -------------------------------------------------------------------
                         required time                         11.668    
                         arrival time                          -3.424    
  -------------------------------------------------------------------
                         slack                                  8.244    

Slack (MET) :             8.246ns  (required time - arrival time)
  Source:                 <hidden>
                            (rising edge-triggered cell FDRE clocked by clk_pl_0  {rise@0.000ns fall@5.000ns period=10.000ns})
  Destination:            <hidden>
                            (recovery check against rising-edge clock clk_pl_0  {rise@0.000ns fall@5.000ns period=10.000ns})
  Path Group:             **async_default**
  Path Type:              Recovery (Max at Slow Process Corner)
  Requirement:            10.000ns  (clk_pl_0 rise@10.000ns - clk_pl_0 rise@0.000ns)
  Data Path Delay:        1.448ns  (logic 0.246ns (16.994%)  route 1.202ns (83.006%))
  Logic Levels:           1  (LUT3=1)
  Clock Path Skew:        -0.104ns (DCD - SCD + CPR)
    Destination Clock Delay (DCD):    1.716ns = ( 11.716 - 10.000 ) 
    Source Clock Delay      (SCD):    1.974ns
    Clock Pessimism Removal (CPR):    0.153ns
  Clock Uncertainty:      0.130ns  ((TSJ^2 + DJ^2)^1/2) / 2 + PE
    Total System Jitter     (TSJ):    0.071ns
    Discrete Jitter          (DJ):    0.250ns
    Phase Error              (PE):    0.000ns
  Clock Net Delay (Source):      1.767ns (routing 0.625ns, distribution 1.142ns)
  Clock Net Delay (Destination): 1.549ns (routing 0.564ns, distribution 0.985ns)

    Location             Delay type                Incr(ns)  Path(ns)    Netlist Resource(s)
  -------------------------------------------------------------------    -------------------
                         (clock clk_pl_0 rise edge)
                                                      0.000     0.000 r  
    PS8_X0Y0             PS8                          0.000     0.000 r  OSDZU3x_BYOTEE_i/zynq_ultra_ps_e_0/inst/PS8_i/PLCLK[0]
                         net (fo=1, routed)           0.178     0.178    OSDZU3x_BYOTEE_i/zynq_ultra_ps_e_0/inst/pl_clk_unbuffered[0]
    BUFG_PS_X0Y52        BUFG_PS (Prop_BUFG_PS_I_O)
                                                      0.029     0.207 r  OSDZU3x_BYOTEE_i/zynq_ultra_ps_e_0/inst/buffer_pl_clk_0.PL_CLK_0_BUFG/O
    X0Y1 (CLOCK_ROOT)    net (fo=8048, routed)        1.767     1.974    <hidden>
    SLICE_X19Y75         FDRE                                         r  <hidden>
  -------------------------------------------------------------------    -------------------
    SLICE_X19Y75         FDRE (Prop_GFF2_SLICEM_C_Q)
                                                      0.098     2.072 f  <hidden>
                         net (fo=2, routed)           0.222     2.294    <hidden>
    SLICE_X19Y75         LUT3 (Prop_F6LUT_SLICEM_I0_O)
                                                      0.148     2.442 f  <hidden>
                         net (fo=32, routed)          0.979     3.422    <hidden>
    SLICE_X16Y74         FDCE                                         f  <hidden>
  -------------------------------------------------------------------    -------------------

                         (clock clk_pl_0 rise edge)
                                                     10.000    10.000 r  
    PS8_X0Y0             PS8                          0.000    10.000 r  OSDZU3x_BYOTEE_i/zynq_ultra_ps_e_0/inst/PS8_i/PLCLK[0]
                         net (fo=1, routed)           0.140    10.140    OSDZU3x_BYOTEE_i/zynq_ultra_ps_e_0/inst/pl_clk_unbuffered[0]
    BUFG_PS_X0Y52        BUFG_PS (Prop_BUFG_PS_I_O)
                                                      0.027    10.167 r  OSDZU3x_BYOTEE_i/zynq_ultra_ps_e_0/inst/buffer_pl_clk_0.PL_CLK_0_BUFG/O
    X0Y1 (CLOCK_ROOT)    net (fo=8048, routed)        1.549    11.716    <hidden>
    SLICE_X16Y74         FDCE                                         r  <hidden>
                         clock pessimism              0.153    11.870    
                         clock uncertainty           -0.130    11.740    
    SLICE_X16Y74         FDCE (Recov_EFF_SLICEM_C_CLR)
                                                     -0.072    11.668    <hidden>
  -------------------------------------------------------------------
                         required time                         11.668    
                         arrival time                          -3.422    
  -------------------------------------------------------------------
                         slack                                  8.246    

Slack (MET) :             8.256ns  (required time - arrival time)
  Source:                 <hidden>
                            (rising edge-triggered cell FDRE clocked by clk_pl_0  {rise@0.000ns fall@5.000ns period=10.000ns})
  Destination:            <hidden>
                            (recovery check against rising-edge clock clk_pl_0  {rise@0.000ns fall@5.000ns period=10.000ns})
  Path Group:             **async_default**
  Path Type:              Recovery (Max at Slow Process Corner)
  Requirement:            10.000ns  (clk_pl_0 rise@10.000ns - clk_pl_0 rise@0.000ns)
  Data Path Delay:        1.433ns  (logic 0.246ns (17.172%)  route 1.187ns (82.828%))
  Logic Levels:           1  (LUT3=1)
  Clock Path Skew:        -0.109ns (DCD - SCD + CPR)
    Destination Clock Delay (DCD):    1.711ns = ( 11.711 - 10.000 ) 
    Source Clock Delay      (SCD):    1.974ns
    Clock Pessimism Removal (CPR):    0.154ns
  Clock Uncertainty:      0.130ns  ((TSJ^2 + DJ^2)^1/2) / 2 + PE
    Total System Jitter     (TSJ):    0.071ns
    Discrete Jitter          (DJ):    0.250ns
    Phase Error              (PE):    0.000ns
  Clock Net Delay (Source):      1.767ns (routing 0.625ns, distribution 1.142ns)
  Clock Net Delay (Destination): 1.544ns (routing 0.564ns, distribution 0.980ns)

    Location             Delay type                Incr(ns)  Path(ns)    Netlist Resource(s)
  -------------------------------------------------------------------    -------------------
                         (clock clk_pl_0 rise edge)
                                                      0.000     0.000 r  
    PS8_X0Y0             PS8                          0.000     0.000 r  OSDZU3x_BYOTEE_i/zynq_ultra_ps_e_0/inst/PS8_i/PLCLK[0]
                         net (fo=1, routed)           0.178     0.178    OSDZU3x_BYOTEE_i/zynq_ultra_ps_e_0/inst/pl_clk_unbuffered[0]
    BUFG_PS_X0Y52        BUFG_PS (Prop_BUFG_PS_I_O)
                                                      0.029     0.207 r  OSDZU3x_BYOTEE_i/zynq_ultra_ps_e_0/inst/buffer_pl_clk_0.PL_CLK_0_BUFG/O
    X0Y1 (CLOCK_ROOT)    net (fo=8048, routed)        1.767     1.974    <hidden>
    SLICE_X19Y75         FDRE                                         r  <hidden>
  -------------------------------------------------------------------    -------------------
    SLICE_X19Y75         FDRE (Prop_GFF2_SLICEM_C_Q)
                                                      0.098     2.072 f  <hidden>
                         net (fo=2, routed)           0.222     2.294    <hidden>
    SLICE_X19Y75         LUT3 (Prop_F6LUT_SLICEM_I0_O)
                                                      0.148     2.442 f  <hidden>
                         net (fo=32, routed)          0.964     3.407    <hidden>
    SLICE_X17Y74         FDPE                                         f  <hidden>
  -------------------------------------------------------------------    -------------------

                         (clock clk_pl_0 rise edge)
                                                     10.000    10.000 r  
    PS8_X0Y0             PS8                          0.000    10.000 r  OSDZU3x_BYOTEE_i/zynq_ultra_ps_e_0/inst/PS8_i/PLCLK[0]
                         net (fo=1, routed)           0.140    10.140    OSDZU3x_BYOTEE_i/zynq_ultra_ps_e_0/inst/pl_clk_unbuffered[0]
    BUFG_PS_X0Y52        BUFG_PS (Prop_BUFG_PS_I_O)
                                                      0.027    10.167 r  OSDZU3x_BYOTEE_i/zynq_ultra_ps_e_0/inst/buffer_pl_clk_0.PL_CLK_0_BUFG/O
    X0Y1 (CLOCK_ROOT)    net (fo=8048, routed)        1.544    11.711    <hidden>
    SLICE_X17Y74         FDPE                                         r  <hidden>
                         clock pessimism              0.154    11.865    
                         clock uncertainty           -0.130    11.735    
    SLICE_X17Y74         FDPE (Recov_HFF_SLICEL_C_PRE)
                                                     -0.072    11.663    <hidden>
  -------------------------------------------------------------------
                         required time                         11.663    
                         arrival time                          -3.407    
  -------------------------------------------------------------------
                         slack                                  8.256    

Slack (MET) :             8.256ns  (required time - arrival time)
  Source:                 <hidden>
                            (rising edge-triggered cell FDRE clocked by clk_pl_0  {rise@0.000ns fall@5.000ns period=10.000ns})
  Destination:            <hidden>
                            (recovery check against rising-edge clock clk_pl_0  {rise@0.000ns fall@5.000ns period=10.000ns})
  Path Group:             **async_default**
  Path Type:              Recovery (Max at Slow Process Corner)
  Requirement:            10.000ns  (clk_pl_0 rise@10.000ns - clk_pl_0 rise@0.000ns)
  Data Path Delay:        1.433ns  (logic 0.246ns (17.172%)  route 1.187ns (82.828%))
  Logic Levels:           1  (LUT3=1)
  Clock Path Skew:        -0.109ns (DCD - SCD + CPR)
    Destination Clock Delay (DCD):    1.711ns = ( 11.711 - 10.000 ) 
    Source Clock Delay      (SCD):    1.974ns
    Clock Pessimism Removal (CPR):    0.154ns
  Clock Uncertainty:      0.130ns  ((TSJ^2 + DJ^2)^1/2) / 2 + PE
    Total System Jitter     (TSJ):    0.071ns
    Discrete Jitter          (DJ):    0.250ns
    Phase Error              (PE):    0.000ns
  Clock Net Delay (Source):      1.767ns (routing 0.625ns, distribution 1.142ns)
  Clock Net Delay (Destination): 1.544ns (routing 0.564ns, distribution 0.980ns)

    Location             Delay type                Incr(ns)  Path(ns)    Netlist Resource(s)
  -------------------------------------------------------------------    -------------------
                         (clock clk_pl_0 rise edge)
                                                      0.000     0.000 r  
    PS8_X0Y0             PS8                          0.000     0.000 r  OSDZU3x_BYOTEE_i/zynq_ultra_ps_e_0/inst/PS8_i/PLCLK[0]
                         net (fo=1, routed)           0.178     0.178    OSDZU3x_BYOTEE_i/zynq_ultra_ps_e_0/inst/pl_clk_unbuffered[0]
    BUFG_PS_X0Y52        BUFG_PS (Prop_BUFG_PS_I_O)
                                                      0.029     0.207 r  OSDZU3x_BYOTEE_i/zynq_ultra_ps_e_0/inst/buffer_pl_clk_0.PL_CLK_0_BUFG/O
    X0Y1 (CLOCK_ROOT)    net (fo=8048, routed)        1.767     1.974    <hidden>
    SLICE_X19Y75         FDRE                                         r  <hidden>
  -------------------------------------------------------------------    -------------------
    SLICE_X19Y75         FDRE (Prop_GFF2_SLICEM_C_Q)
                                                      0.098     2.072 f  <hidden>
                         net (fo=2, routed)           0.222     2.294    <hidden>
    SLICE_X19Y75         LUT3 (Prop_F6LUT_SLICEM_I0_O)
                                                      0.148     2.442 f  <hidden>
                         net (fo=32, routed)          0.964     3.407    <hidden>
    SLICE_X17Y74         FDPE                                         f  <hidden>
  -------------------------------------------------------------------    -------------------

                         (clock clk_pl_0 rise edge)
                                                     10.000    10.000 r  
    PS8_X0Y0             PS8                          0.000    10.000 r  OSDZU3x_BYOTEE_i/zynq_ultra_ps_e_0/inst/PS8_i/PLCLK[0]
                         net (fo=1, routed)           0.140    10.140    OSDZU3x_BYOTEE_i/zynq_ultra_ps_e_0/inst/pl_clk_unbuffered[0]
    BUFG_PS_X0Y52        BUFG_PS (Prop_BUFG_PS_I_O)
                                                      0.027    10.167 r  OSDZU3x_BYOTEE_i/zynq_ultra_ps_e_0/inst/buffer_pl_clk_0.PL_CLK_0_BUFG/O
    X0Y1 (CLOCK_ROOT)    net (fo=8048, routed)        1.544    11.711    <hidden>
    SLICE_X17Y74         FDPE                                         r  <hidden>
                         clock pessimism              0.154    11.865    
                         clock uncertainty           -0.130    11.735    
    SLICE_X17Y74         FDPE (Recov_GFF_SLICEL_C_PRE)
                                                     -0.072    11.663    <hidden>
  -------------------------------------------------------------------
                         required time                         11.663    
                         arrival time                          -3.407    
  -------------------------------------------------------------------
                         slack                                  8.256    

Slack (MET) :             8.256ns  (required time - arrival time)
  Source:                 <hidden>
                            (rising edge-triggered cell FDRE clocked by clk_pl_0  {rise@0.000ns fall@5.000ns period=10.000ns})
  Destination:            <hidden>
                            (recovery check against rising-edge clock clk_pl_0  {rise@0.000ns fall@5.000ns period=10.000ns})
  Path Group:             **async_default**
  Path Type:              Recovery (Max at Slow Process Corner)
  Requirement:            10.000ns  (clk_pl_0 rise@10.000ns - clk_pl_0 rise@0.000ns)
  Data Path Delay:        1.433ns  (logic 0.246ns (17.172%)  route 1.187ns (82.828%))
  Logic Levels:           1  (LUT3=1)
  Clock Path Skew:        -0.109ns (DCD - SCD + CPR)
    Destination Clock Delay (DCD):    1.711ns = ( 11.711 - 10.000 ) 
    Source Clock Delay      (SCD):    1.974ns
    Clock Pessimism Removal (CPR):    0.154ns
  Clock Uncertainty:      0.130ns  ((TSJ^2 + DJ^2)^1/2) / 2 + PE
    Total System Jitter     (TSJ):    0.071ns
    Discrete Jitter          (DJ):    0.250ns
    Phase Error              (PE):    0.000ns
  Clock Net Delay (Source):      1.767ns (routing 0.625ns, distribution 1.142ns)
  Clock Net Delay (Destination): 1.544ns (routing 0.564ns, distribution 0.980ns)

    Location             Delay type                Incr(ns)  Path(ns)    Netlist Resource(s)
  -------------------------------------------------------------------    -------------------
                         (clock clk_pl_0 rise edge)
                                                      0.000     0.000 r  
    PS8_X0Y0             PS8                          0.000     0.000 r  OSDZU3x_BYOTEE_i/zynq_ultra_ps_e_0/inst/PS8_i/PLCLK[0]
                         net (fo=1, routed)           0.178     0.178    OSDZU3x_BYOTEE_i/zynq_ultra_ps_e_0/inst/pl_clk_unbuffered[0]
    BUFG_PS_X0Y52        BUFG_PS (Prop_BUFG_PS_I_O)
                                                      0.029     0.207 r  OSDZU3x_BYOTEE_i/zynq_ultra_ps_e_0/inst/buffer_pl_clk_0.PL_CLK_0_BUFG/O
    X0Y1 (CLOCK_ROOT)    net (fo=8048, routed)        1.767     1.974    <hidden>
    SLICE_X19Y75         FDRE                                         r  <hidden>
  -------------------------------------------------------------------    -------------------
    SLICE_X19Y75         FDRE (Prop_GFF2_SLICEM_C_Q)
                                                      0.098     2.072 f  <hidden>
                         net (fo=2, routed)           0.222     2.294    <hidden>
    SLICE_X19Y75         LUT3 (Prop_F6LUT_SLICEM_I0_O)
                                                      0.148     2.442 f  <hidden>
                         net (fo=32, routed)          0.964     3.407    <hidden>
    SLICE_X17Y74         FDCE                                         f  <hidden>
  -------------------------------------------------------------------    -------------------

                         (clock clk_pl_0 rise edge)
                                                     10.000    10.000 r  
    PS8_X0Y0             PS8                          0.000    10.000 r  OSDZU3x_BYOTEE_i/zynq_ultra_ps_e_0/inst/PS8_i/PLCLK[0]
                         net (fo=1, routed)           0.140    10.140    OSDZU3x_BYOTEE_i/zynq_ultra_ps_e_0/inst/pl_clk_unbuffered[0]
    BUFG_PS_X0Y52        BUFG_PS (Prop_BUFG_PS_I_O)
                                                      0.027    10.167 r  OSDZU3x_BYOTEE_i/zynq_ultra_ps_e_0/inst/buffer_pl_clk_0.PL_CLK_0_BUFG/O
    X0Y1 (CLOCK_ROOT)    net (fo=8048, routed)        1.544    11.711    <hidden>
    SLICE_X17Y74         FDCE                                         r  <hidden>
                         clock pessimism              0.154    11.865    
                         clock uncertainty           -0.130    11.735    
    SLICE_X17Y74         FDCE (Recov_HFF2_SLICEL_C_CLR)
                                                     -0.072    11.663    <hidden>
  -------------------------------------------------------------------
                         required time                         11.663    
                         arrival time                          -3.407    
  -------------------------------------------------------------------
                         slack                                  8.256    

Slack (MET) :             8.256ns  (required time - arrival time)
  Source:                 <hidden>
                            (rising edge-triggered cell FDRE clocked by clk_pl_0  {rise@0.000ns fall@5.000ns period=10.000ns})
  Destination:            <hidden>
                            (recovery check against rising-edge clock clk_pl_0  {rise@0.000ns fall@5.000ns period=10.000ns})
  Path Group:             **async_default**
  Path Type:              Recovery (Max at Slow Process Corner)
  Requirement:            10.000ns  (clk_pl_0 rise@10.000ns - clk_pl_0 rise@0.000ns)
  Data Path Delay:        1.433ns  (logic 0.246ns (17.172%)  route 1.187ns (82.828%))
  Logic Levels:           1  (LUT3=1)
  Clock Path Skew:        -0.109ns (DCD - SCD + CPR)
    Destination Clock Delay (DCD):    1.711ns = ( 11.711 - 10.000 ) 
    Source Clock Delay      (SCD):    1.974ns
    Clock Pessimism Removal (CPR):    0.154ns
  Clock Uncertainty:      0.130ns  ((TSJ^2 + DJ^2)^1/2) / 2 + PE
    Total System Jitter     (TSJ):    0.071ns
    Discrete Jitter          (DJ):    0.250ns
    Phase Error              (PE):    0.000ns
  Clock Net Delay (Source):      1.767ns (routing 0.625ns, distribution 1.142ns)
  Clock Net Delay (Destination): 1.544ns (routing 0.564ns, distribution 0.980ns)

    Location             Delay type                Incr(ns)  Path(ns)    Netlist Resource(s)
  -------------------------------------------------------------------    -------------------
                         (clock clk_pl_0 rise edge)
                                                      0.000     0.000 r  
    PS8_X0Y0             PS8                          0.000     0.000 r  OSDZU3x_BYOTEE_i/zynq_ultra_ps_e_0/inst/PS8_i/PLCLK[0]
                         net (fo=1, routed)           0.178     0.178    OSDZU3x_BYOTEE_i/zynq_ultra_ps_e_0/inst/pl_clk_unbuffered[0]
    BUFG_PS_X0Y52        BUFG_PS (Prop_BUFG_PS_I_O)
                                                      0.029     0.207 r  OSDZU3x_BYOTEE_i/zynq_ultra_ps_e_0/inst/buffer_pl_clk_0.PL_CLK_0_BUFG/O
    X0Y1 (CLOCK_ROOT)    net (fo=8048, routed)        1.767     1.974    <hidden>
    SLICE_X19Y75         FDRE                                         r  <hidden>
  -------------------------------------------------------------------    -------------------
    SLICE_X19Y75         FDRE (Prop_GFF2_SLICEM_C_Q)
                                                      0.098     2.072 f  <hidden>
                         net (fo=2, routed)           0.222     2.294    <hidden>
    SLICE_X19Y75         LUT3 (Prop_F6LUT_SLICEM_I0_O)
                                                      0.148     2.442 f  <hidden>
                         net (fo=32, routed)          0.964     3.407    <hidden>
    SLICE_X17Y74         FDCE                                         f  <hidden>
  -------------------------------------------------------------------    -------------------

                         (clock clk_pl_0 rise edge)
                                                     10.000    10.000 r  
    PS8_X0Y0             PS8                          0.000    10.000 r  OSDZU3x_BYOTEE_i/zynq_ultra_ps_e_0/inst/PS8_i/PLCLK[0]
                         net (fo=1, routed)           0.140    10.140    OSDZU3x_BYOTEE_i/zynq_ultra_ps_e_0/inst/pl_clk_unbuffered[0]
    BUFG_PS_X0Y52        BUFG_PS (Prop_BUFG_PS_I_O)
                                                      0.027    10.167 r  OSDZU3x_BYOTEE_i/zynq_ultra_ps_e_0/inst/buffer_pl_clk_0.PL_CLK_0_BUFG/O
    X0Y1 (CLOCK_ROOT)    net (fo=8048, routed)        1.544    11.711    <hidden>
    SLICE_X17Y74         FDCE                                         r  <hidden>
                         clock pessimism              0.154    11.865    
                         clock uncertainty           -0.130    11.735    
    SLICE_X17Y74         FDCE (Recov_GFF2_SLICEL_C_CLR)
                                                     -0.072    11.663    <hidden>
  -------------------------------------------------------------------
                         required time                         11.663    
                         arrival time                          -3.407    
  -------------------------------------------------------------------
                         slack                                  8.256    

Slack (MET) :             8.256ns  (required time - arrival time)
  Source:                 <hidden>
                            (rising edge-triggered cell FDRE clocked by clk_pl_0  {rise@0.000ns fall@5.000ns period=10.000ns})
  Destination:            <hidden>
                            (recovery check against rising-edge clock clk_pl_0  {rise@0.000ns fall@5.000ns period=10.000ns})
  Path Group:             **async_default**
  Path Type:              Recovery (Max at Slow Process Corner)
  Requirement:            10.000ns  (clk_pl_0 rise@10.000ns - clk_pl_0 rise@0.000ns)
  Data Path Delay:        1.433ns  (logic 0.246ns (17.172%)  route 1.187ns (82.828%))
  Logic Levels:           1  (LUT3=1)
  Clock Path Skew:        -0.109ns (DCD - SCD + CPR)
    Destination Clock Delay (DCD):    1.711ns = ( 11.711 - 10.000 ) 
    Source Clock Delay      (SCD):    1.974ns
    Clock Pessimism Removal (CPR):    0.154ns
  Clock Uncertainty:      0.130ns  ((TSJ^2 + DJ^2)^1/2) / 2 + PE
    Total System Jitter     (TSJ):    0.071ns
    Discrete Jitter          (DJ):    0.250ns
    Phase Error              (PE):    0.000ns
  Clock Net Delay (Source):      1.767ns (routing 0.625ns, distribution 1.142ns)
  Clock Net Delay (Destination): 1.544ns (routing 0.564ns, distribution 0.980ns)

    Location             Delay type                Incr(ns)  Path(ns)    Netlist Resource(s)
  -------------------------------------------------------------------    -------------------
                         (clock clk_pl_0 rise edge)
                                                      0.000     0.000 r  
    PS8_X0Y0             PS8                          0.000     0.000 r  OSDZU3x_BYOTEE_i/zynq_ultra_ps_e_0/inst/PS8_i/PLCLK[0]
                         net (fo=1, routed)           0.178     0.178    OSDZU3x_BYOTEE_i/zynq_ultra_ps_e_0/inst/pl_clk_unbuffered[0]
    BUFG_PS_X0Y52        BUFG_PS (Prop_BUFG_PS_I_O)
                                                      0.029     0.207 r  OSDZU3x_BYOTEE_i/zynq_ultra_ps_e_0/inst/buffer_pl_clk_0.PL_CLK_0_BUFG/O
    X0Y1 (CLOCK_ROOT)    net (fo=8048, routed)        1.767     1.974    <hidden>
    SLICE_X19Y75         FDRE                                         r  <hidden>
  -------------------------------------------------------------------    -------------------
    SLICE_X19Y75         FDRE (Prop_GFF2_SLICEM_C_Q)
                                                      0.098     2.072 f  <hidden>
                         net (fo=2, routed)           0.222     2.294    <hidden>
    SLICE_X19Y75         LUT3 (Prop_F6LUT_SLICEM_I0_O)
                                                      0.148     2.442 f  <hidden>
                         net (fo=32, routed)          0.964     3.407    <hidden>
    SLICE_X17Y74         FDCE                                         f  <hidden>
  -------------------------------------------------------------------    -------------------

                         (clock clk_pl_0 rise edge)
                                                     10.000    10.000 r  
    PS8_X0Y0             PS8                          0.000    10.000 r  OSDZU3x_BYOTEE_i/zynq_ultra_ps_e_0/inst/PS8_i/PLCLK[0]
                         net (fo=1, routed)           0.140    10.140    OSDZU3x_BYOTEE_i/zynq_ultra_ps_e_0/inst/pl_clk_unbuffered[0]
    BUFG_PS_X0Y52        BUFG_PS (Prop_BUFG_PS_I_O)
                                                      0.027    10.167 r  OSDZU3x_BYOTEE_i/zynq_ultra_ps_e_0/inst/buffer_pl_clk_0.PL_CLK_0_BUFG/O
    X0Y1 (CLOCK_ROOT)    net (fo=8048, routed)        1.544    11.711    <hidden>
    SLICE_X17Y74         FDCE                                         r  <hidden>
                         clock pessimism              0.154    11.865    
                         clock uncertainty           -0.130    11.735    
    SLICE_X17Y74         FDCE (Recov_FFF2_SLICEL_C_CLR)
                                                     -0.072    11.663    <hidden>
  -------------------------------------------------------------------
                         required time                         11.663    
                         arrival time                          -3.407    
  -------------------------------------------------------------------
                         slack                                  8.256    





Min Delay Paths
--------------------------------------------------------------------------------------
Slack (MET) :             0.165ns  (arrival time - required time)
  Source:                 <hidden>
                            (rising edge-triggered cell FDPE clocked by clk_pl_0  {rise@0.000ns fall@5.000ns period=10.000ns})
  Destination:            <hidden>
                            (removal check against rising-edge clock clk_pl_0  {rise@0.000ns fall@5.000ns period=10.000ns})
  Path Group:             **async_default**
  Path Type:              Removal (Min at Fast Process Corner)
  Requirement:            0.000ns  (clk_pl_0 rise@0.000ns - clk_pl_0 rise@0.000ns)
  Data Path Delay:        0.202ns  (logic 0.075ns (37.103%)  route 0.127ns (62.897%))
  Logic Levels:           1  (LUT3=1)
  Clock Path Skew:        0.057ns (DCD - SCD - CPR)
    Destination Clock Delay (DCD):    1.156ns
    Source Clock Delay      (SCD):    0.999ns
    Clock Pessimism Removal (CPR):    0.100ns
  Clock Net Delay (Source):      0.888ns (routing 0.319ns, distribution 0.569ns)
  Clock Net Delay (Destination): 1.018ns (routing 0.358ns, distribution 0.660ns)

    Location             Delay type                Incr(ns)  Path(ns)    Netlist Resource(s)
  -------------------------------------------------------------------    -------------------
                         (clock clk_pl_0 rise edge)
                                                      0.000     0.000 r  
    PS8_X0Y0             PS8                          0.000     0.000 r  OSDZU3x_BYOTEE_i/zynq_ultra_ps_e_0/inst/PS8_i/PLCLK[0]
                         net (fo=1, routed)           0.094     0.094    OSDZU3x_BYOTEE_i/zynq_ultra_ps_e_0/inst/pl_clk_unbuffered[0]
    BUFG_PS_X0Y52        BUFG_PS (Prop_BUFG_PS_I_O)
                                                      0.017     0.111 r  OSDZU3x_BYOTEE_i/zynq_ultra_ps_e_0/inst/buffer_pl_clk_0.PL_CLK_0_BUFG/O
    X0Y1 (CLOCK_ROOT)    net (fo=8048, routed)        0.888     0.999    <hidden>
    SLICE_X7Y143         FDPE                                         r  <hidden>
  -------------------------------------------------------------------    -------------------
    SLICE_X7Y143         FDPE (Prop_AFF2_SLICEL_C_Q)
                                                      0.040     1.039 f  <hidden>
                         net (fo=3, routed)           0.049     1.088    <hidden>
    SLICE_X6Y143         LUT3 (Prop_F6LUT_SLICEL_I2_O)
                                                      0.035     1.123 f  <hidden>
                         net (fo=32, routed)          0.078     1.201    <hidden>
    SLICE_X6Y143         FDPE                                         f  <hidden>
  -------------------------------------------------------------------    -------------------

                         (clock clk_pl_0 rise edge)
                                                      0.000     0.000 r  
    PS8_X0Y0             PS8                          0.000     0.000 r  OSDZU3x_BYOTEE_i/zynq_ultra_ps_e_0/inst/PS8_i/PLCLK[0]
                         net (fo=1, routed)           0.120     0.120    OSDZU3x_BYOTEE_i/zynq_ultra_ps_e_0/inst/pl_clk_unbuffered[0]
    BUFG_PS_X0Y52        BUFG_PS (Prop_BUFG_PS_I_O)
                                                      0.018     0.138 r  OSDZU3x_BYOTEE_i/zynq_ultra_ps_e_0/inst/buffer_pl_clk_0.PL_CLK_0_BUFG/O
    X0Y1 (CLOCK_ROOT)    net (fo=8048, routed)        1.018     1.156    <hidden>
    SLICE_X6Y143         FDPE                                         r  <hidden>
                         clock pessimism             -0.100     1.056    
    SLICE_X6Y143         FDPE (Remov_HFF2_SLICEL_C_PRE)
                                                     -0.020     1.036    <hidden>
  -------------------------------------------------------------------
                         required time                         -1.036    
                         arrival time                           1.201    
  -------------------------------------------------------------------
                         slack                                  0.165    

Slack (MET) :             0.171ns  (arrival time - required time)
  Source:                 <hidden>
                            (rising edge-triggered cell FDPE clocked by clk_pl_0  {rise@0.000ns fall@5.000ns period=10.000ns})
  Destination:            <hidden>
                            (removal check against rising-edge clock clk_pl_0  {rise@0.000ns fall@5.000ns period=10.000ns})
  Path Group:             **async_default**
  Path Type:              Removal (Min at Fast Process Corner)
  Requirement:            0.000ns  (clk_pl_0 rise@0.000ns - clk_pl_0 rise@0.000ns)
  Data Path Delay:        0.209ns  (logic 0.075ns (35.861%)  route 0.134ns (64.139%))
  Logic Levels:           1  (LUT3=1)
  Clock Path Skew:        0.058ns (DCD - SCD - CPR)
    Destination Clock Delay (DCD):    1.157ns
    Source Clock Delay      (SCD):    0.999ns
    Clock Pessimism Removal (CPR):    0.100ns
  Clock Net Delay (Source):      0.888ns (routing 0.319ns, distribution 0.569ns)
  Clock Net Delay (Destination): 1.019ns (routing 0.358ns, distribution 0.661ns)

    Location             Delay type                Incr(ns)  Path(ns)    Netlist Resource(s)
  -------------------------------------------------------------------    -------------------
                         (clock clk_pl_0 rise edge)
                                                      0.000     0.000 r  
    PS8_X0Y0             PS8                          0.000     0.000 r  OSDZU3x_BYOTEE_i/zynq_ultra_ps_e_0/inst/PS8_i/PLCLK[0]
                         net (fo=1, routed)           0.094     0.094    OSDZU3x_BYOTEE_i/zynq_ultra_ps_e_0/inst/pl_clk_unbuffered[0]
    BUFG_PS_X0Y52        BUFG_PS (Prop_BUFG_PS_I_O)
                                                      0.017     0.111 r  OSDZU3x_BYOTEE_i/zynq_ultra_ps_e_0/inst/buffer_pl_clk_0.PL_CLK_0_BUFG/O
    X0Y1 (CLOCK_ROOT)    net (fo=8048, routed)        0.888     0.999    <hidden>
    SLICE_X7Y143         FDPE                                         r  <hidden>
  -------------------------------------------------------------------    -------------------
    SLICE_X7Y143         FDPE (Prop_AFF2_SLICEL_C_Q)
                                                      0.040     1.039 f  <hidden>
                         net (fo=3, routed)           0.049     1.088    <hidden>
    SLICE_X6Y143         LUT3 (Prop_F6LUT_SLICEL_I2_O)
                                                      0.035     1.123 f  <hidden>
                         net (fo=32, routed)          0.085     1.208    <hidden>
    SLICE_X5Y143         FDPE                                         f  <hidden>
  -------------------------------------------------------------------    -------------------

                         (clock clk_pl_0 rise edge)
                                                      0.000     0.000 r  
    PS8_X0Y0             PS8                          0.000     0.000 r  OSDZU3x_BYOTEE_i/zynq_ultra_ps_e_0/inst/PS8_i/PLCLK[0]
                         net (fo=1, routed)           0.120     0.120    OSDZU3x_BYOTEE_i/zynq_ultra_ps_e_0/inst/pl_clk_unbuffered[0]
    BUFG_PS_X0Y52        BUFG_PS (Prop_BUFG_PS_I_O)
                                                      0.018     0.138 r  OSDZU3x_BYOTEE_i/zynq_ultra_ps_e_0/inst/buffer_pl_clk_0.PL_CLK_0_BUFG/O
    X0Y1 (CLOCK_ROOT)    net (fo=8048, routed)        1.019     1.157    <hidden>
    SLICE_X5Y143         FDPE                                         r  <hidden>
                         clock pessimism             -0.100     1.057    
    SLICE_X5Y143         FDPE (Remov_AFF_SLICEM_C_PRE)
                                                     -0.020     1.037    <hidden>
  -------------------------------------------------------------------
                         required time                         -1.037    
                         arrival time                           1.208    
  -------------------------------------------------------------------
                         slack                                  0.171    

Slack (MET) :             0.171ns  (arrival time - required time)
  Source:                 <hidden>
                            (rising edge-triggered cell FDPE clocked by clk_pl_0  {rise@0.000ns fall@5.000ns period=10.000ns})
  Destination:            <hidden>
                            (removal check against rising-edge clock clk_pl_0  {rise@0.000ns fall@5.000ns period=10.000ns})
  Path Group:             **async_default**
  Path Type:              Removal (Min at Fast Process Corner)
  Requirement:            0.000ns  (clk_pl_0 rise@0.000ns - clk_pl_0 rise@0.000ns)
  Data Path Delay:        0.209ns  (logic 0.075ns (35.861%)  route 0.134ns (64.139%))
  Logic Levels:           1  (LUT3=1)
  Clock Path Skew:        0.058ns (DCD - SCD - CPR)
    Destination Clock Delay (DCD):    1.157ns
    Source Clock Delay      (SCD):    0.999ns
    Clock Pessimism Removal (CPR):    0.100ns
  Clock Net Delay (Source):      0.888ns (routing 0.319ns, distribution 0.569ns)
  Clock Net Delay (Destination): 1.019ns (routing 0.358ns, distribution 0.661ns)

    Location             Delay type                Incr(ns)  Path(ns)    Netlist Resource(s)
  -------------------------------------------------------------------    -------------------
                         (clock clk_pl_0 rise edge)
                                                      0.000     0.000 r  
    PS8_X0Y0             PS8                          0.000     0.000 r  OSDZU3x_BYOTEE_i/zynq_ultra_ps_e_0/inst/PS8_i/PLCLK[0]
                         net (fo=1, routed)           0.094     0.094    OSDZU3x_BYOTEE_i/zynq_ultra_ps_e_0/inst/pl_clk_unbuffered[0]
    BUFG_PS_X0Y52        BUFG_PS (Prop_BUFG_PS_I_O)
                                                      0.017     0.111 r  OSDZU3x_BYOTEE_i/zynq_ultra_ps_e_0/inst/buffer_pl_clk_0.PL_CLK_0_BUFG/O
    X0Y1 (CLOCK_ROOT)    net (fo=8048, routed)        0.888     0.999    <hidden>
    SLICE_X7Y143         FDPE                                         r  <hidden>
  -------------------------------------------------------------------    -------------------
    SLICE_X7Y143         FDPE (Prop_AFF2_SLICEL_C_Q)
                                                      0.040     1.039 f  <hidden>
                         net (fo=3, routed)           0.049     1.088    <hidden>
    SLICE_X6Y143         LUT3 (Prop_F6LUT_SLICEL_I2_O)
                                                      0.035     1.123 f  <hidden>
                         net (fo=32, routed)          0.085     1.208    <hidden>
    SLICE_X5Y143         FDCE                                         f  <hidden>
  -------------------------------------------------------------------    -------------------

                         (clock clk_pl_0 rise edge)
                                                      0.000     0.000 r  
    PS8_X0Y0             PS8                          0.000     0.000 r  OSDZU3x_BYOTEE_i/zynq_ultra_ps_e_0/inst/PS8_i/PLCLK[0]
                         net (fo=1, routed)           0.120     0.120    OSDZU3x_BYOTEE_i/zynq_ultra_ps_e_0/inst/pl_clk_unbuffered[0]
    BUFG_PS_X0Y52        BUFG_PS (Prop_BUFG_PS_I_O)
                                                      0.018     0.138 r  OSDZU3x_BYOTEE_i/zynq_ultra_ps_e_0/inst/buffer_pl_clk_0.PL_CLK_0_BUFG/O
    X0Y1 (CLOCK_ROOT)    net (fo=8048, routed)        1.019     1.157    <hidden>
    SLICE_X5Y143         FDCE                                         r  <hidden>
                         clock pessimism             -0.100     1.057    
    SLICE_X5Y143         FDCE (Remov_DFF_SLICEM_C_CLR)
                                                     -0.020     1.037    <hidden>
  -------------------------------------------------------------------
                         required time                         -1.037    
                         arrival time                           1.208    
  -------------------------------------------------------------------
                         slack                                  0.171    

Slack (MET) :             0.171ns  (arrival time - required time)
  Source:                 <hidden>
                            (rising edge-triggered cell FDPE clocked by clk_pl_0  {rise@0.000ns fall@5.000ns period=10.000ns})
  Destination:            <hidden>
                            (removal check against rising-edge clock clk_pl_0  {rise@0.000ns fall@5.000ns period=10.000ns})
  Path Group:             **async_default**
  Path Type:              Removal (Min at Fast Process Corner)
  Requirement:            0.000ns  (clk_pl_0 rise@0.000ns - clk_pl_0 rise@0.000ns)
  Data Path Delay:        0.209ns  (logic 0.075ns (35.861%)  route 0.134ns (64.139%))
  Logic Levels:           1  (LUT3=1)
  Clock Path Skew:        0.058ns (DCD - SCD - CPR)
    Destination Clock Delay (DCD):    1.157ns
    Source Clock Delay      (SCD):    0.999ns
    Clock Pessimism Removal (CPR):    0.100ns
  Clock Net Delay (Source):      0.888ns (routing 0.319ns, distribution 0.569ns)
  Clock Net Delay (Destination): 1.019ns (routing 0.358ns, distribution 0.661ns)

    Location             Delay type                Incr(ns)  Path(ns)    Netlist Resource(s)
  -------------------------------------------------------------------    -------------------
                         (clock clk_pl_0 rise edge)
                                                      0.000     0.000 r  
    PS8_X0Y0             PS8                          0.000     0.000 r  OSDZU3x_BYOTEE_i/zynq_ultra_ps_e_0/inst/PS8_i/PLCLK[0]
                         net (fo=1, routed)           0.094     0.094    OSDZU3x_BYOTEE_i/zynq_ultra_ps_e_0/inst/pl_clk_unbuffered[0]
    BUFG_PS_X0Y52        BUFG_PS (Prop_BUFG_PS_I_O)
                                                      0.017     0.111 r  OSDZU3x_BYOTEE_i/zynq_ultra_ps_e_0/inst/buffer_pl_clk_0.PL_CLK_0_BUFG/O
    X0Y1 (CLOCK_ROOT)    net (fo=8048, routed)        0.888     0.999    <hidden>
    SLICE_X7Y143         FDPE                                         r  <hidden>
  -------------------------------------------------------------------    -------------------
    SLICE_X7Y143         FDPE (Prop_AFF2_SLICEL_C_Q)
                                                      0.040     1.039 f  <hidden>
                         net (fo=3, routed)           0.049     1.088    <hidden>
    SLICE_X6Y143         LUT3 (Prop_F6LUT_SLICEL_I2_O)
                                                      0.035     1.123 f  <hidden>
                         net (fo=32, routed)          0.085     1.208    <hidden>
    SLICE_X5Y143         FDCE                                         f  <hidden>
  -------------------------------------------------------------------    -------------------

                         (clock clk_pl_0 rise edge)
                                                      0.000     0.000 r  
    PS8_X0Y0             PS8                          0.000     0.000 r  OSDZU3x_BYOTEE_i/zynq_ultra_ps_e_0/inst/PS8_i/PLCLK[0]
                         net (fo=1, routed)           0.120     0.120    OSDZU3x_BYOTEE_i/zynq_ultra_ps_e_0/inst/pl_clk_unbuffered[0]
    BUFG_PS_X0Y52        BUFG_PS (Prop_BUFG_PS_I_O)
                                                      0.018     0.138 r  OSDZU3x_BYOTEE_i/zynq_ultra_ps_e_0/inst/buffer_pl_clk_0.PL_CLK_0_BUFG/O
    X0Y1 (CLOCK_ROOT)    net (fo=8048, routed)        1.019     1.157    <hidden>
    SLICE_X5Y143         FDCE                                         r  <hidden>
                         clock pessimism             -0.100     1.057    
    SLICE_X5Y143         FDCE (Remov_DFF2_SLICEM_C_CLR)
                                                     -0.020     1.037    <hidden>
  -------------------------------------------------------------------
                         required time                         -1.037    
                         arrival time                           1.208    
  -------------------------------------------------------------------
                         slack                                  0.171    

Slack (MET) :             0.171ns  (arrival time - required time)
  Source:                 <hidden>
                            (rising edge-triggered cell FDPE clocked by clk_pl_0  {rise@0.000ns fall@5.000ns period=10.000ns})
  Destination:            <hidden>
                            (removal check against rising-edge clock clk_pl_0  {rise@0.000ns fall@5.000ns period=10.000ns})
  Path Group:             **async_default**
  Path Type:              Removal (Min at Fast Process Corner)
  Requirement:            0.000ns  (clk_pl_0 rise@0.000ns - clk_pl_0 rise@0.000ns)
  Data Path Delay:        0.209ns  (logic 0.075ns (35.861%)  route 0.134ns (64.139%))
  Logic Levels:           1  (LUT3=1)
  Clock Path Skew:        0.058ns (DCD - SCD - CPR)
    Destination Clock Delay (DCD):    1.157ns
    Source Clock Delay      (SCD):    0.999ns
    Clock Pessimism Removal (CPR):    0.100ns
  Clock Net Delay (Source):      0.888ns (routing 0.319ns, distribution 0.569ns)
  Clock Net Delay (Destination): 1.019ns (routing 0.358ns, distribution 0.661ns)

    Location             Delay type                Incr(ns)  Path(ns)    Netlist Resource(s)
  -------------------------------------------------------------------    -------------------
                         (clock clk_pl_0 rise edge)
                                                      0.000     0.000 r  
    PS8_X0Y0             PS8                          0.000     0.000 r  OSDZU3x_BYOTEE_i/zynq_ultra_ps_e_0/inst/PS8_i/PLCLK[0]
                         net (fo=1, routed)           0.094     0.094    OSDZU3x_BYOTEE_i/zynq_ultra_ps_e_0/inst/pl_clk_unbuffered[0]
    BUFG_PS_X0Y52        BUFG_PS (Prop_BUFG_PS_I_O)
                                                      0.017     0.111 r  OSDZU3x_BYOTEE_i/zynq_ultra_ps_e_0/inst/buffer_pl_clk_0.PL_CLK_0_BUFG/O
    X0Y1 (CLOCK_ROOT)    net (fo=8048, routed)        0.888     0.999    <hidden>
    SLICE_X7Y143         FDPE                                         r  <hidden>
  -------------------------------------------------------------------    -------------------
    SLICE_X7Y143         FDPE (Prop_AFF2_SLICEL_C_Q)
                                                      0.040     1.039 f  <hidden>
                         net (fo=3, routed)           0.049     1.088    <hidden>
    SLICE_X6Y143         LUT3 (Prop_F6LUT_SLICEL_I2_O)
                                                      0.035     1.123 f  <hidden>
                         net (fo=32, routed)          0.085     1.208    <hidden>
    SLICE_X5Y143         FDCE                                         f  <hidden>
  -------------------------------------------------------------------    -------------------

                         (clock clk_pl_0 rise edge)
                                                      0.000     0.000 r  
    PS8_X0Y0             PS8                          0.000     0.000 r  OSDZU3x_BYOTEE_i/zynq_ultra_ps_e_0/inst/PS8_i/PLCLK[0]
                         net (fo=1, routed)           0.120     0.120    OSDZU3x_BYOTEE_i/zynq_ultra_ps_e_0/inst/pl_clk_unbuffered[0]
    BUFG_PS_X0Y52        BUFG_PS (Prop_BUFG_PS_I_O)
                                                      0.018     0.138 r  OSDZU3x_BYOTEE_i/zynq_ultra_ps_e_0/inst/buffer_pl_clk_0.PL_CLK_0_BUFG/O
    X0Y1 (CLOCK_ROOT)    net (fo=8048, routed)        1.019     1.157    <hidden>
    SLICE_X5Y143         FDCE                                         r  <hidden>
                         clock pessimism             -0.100     1.057    
    SLICE_X5Y143         FDCE (Remov_CFF2_SLICEM_C_CLR)
                                                     -0.020     1.037    <hidden>
  -------------------------------------------------------------------
                         required time                         -1.037    
                         arrival time                           1.208    
  -------------------------------------------------------------------
                         slack                                  0.171    

Slack (MET) :             0.171ns  (arrival time - required time)
  Source:                 <hidden>
                            (rising edge-triggered cell FDPE clocked by clk_pl_0  {rise@0.000ns fall@5.000ns period=10.000ns})
  Destination:            <hidden>
                            (removal check against rising-edge clock clk_pl_0  {rise@0.000ns fall@5.000ns period=10.000ns})
  Path Group:             **async_default**
  Path Type:              Removal (Min at Fast Process Corner)
  Requirement:            0.000ns  (clk_pl_0 rise@0.000ns - clk_pl_0 rise@0.000ns)
  Data Path Delay:        0.209ns  (logic 0.075ns (35.861%)  route 0.134ns (64.139%))
  Logic Levels:           1  (LUT3=1)
  Clock Path Skew:        0.058ns (DCD - SCD - CPR)
    Destination Clock Delay (DCD):    1.157ns
    Source Clock Delay      (SCD):    0.999ns
    Clock Pessimism Removal (CPR):    0.100ns
  Clock Net Delay (Source):      0.888ns (routing 0.319ns, distribution 0.569ns)
  Clock Net Delay (Destination): 1.019ns (routing 0.358ns, distribution 0.661ns)

    Location             Delay type                Incr(ns)  Path(ns)    Netlist Resource(s)
  -------------------------------------------------------------------    -------------------
                         (clock clk_pl_0 rise edge)
                                                      0.000     0.000 r  
    PS8_X0Y0             PS8                          0.000     0.000 r  OSDZU3x_BYOTEE_i/zynq_ultra_ps_e_0/inst/PS8_i/PLCLK[0]
                         net (fo=1, routed)           0.094     0.094    OSDZU3x_BYOTEE_i/zynq_ultra_ps_e_0/inst/pl_clk_unbuffered[0]
    BUFG_PS_X0Y52        BUFG_PS (Prop_BUFG_PS_I_O)
                                                      0.017     0.111 r  OSDZU3x_BYOTEE_i/zynq_ultra_ps_e_0/inst/buffer_pl_clk_0.PL_CLK_0_BUFG/O
    X0Y1 (CLOCK_ROOT)    net (fo=8048, routed)        0.888     0.999    <hidden>
    SLICE_X7Y143         FDPE                                         r  <hidden>
  -------------------------------------------------------------------    -------------------
    SLICE_X7Y143         FDPE (Prop_AFF2_SLICEL_C_Q)
                                                      0.040     1.039 f  <hidden>
                         net (fo=3, routed)           0.049     1.088    <hidden>
    SLICE_X6Y143         LUT3 (Prop_F6LUT_SLICEL_I2_O)
                                                      0.035     1.123 f  <hidden>
                         net (fo=32, routed)          0.085     1.208    <hidden>
    SLICE_X5Y143         FDPE                                         f  <hidden>
  -------------------------------------------------------------------    -------------------

                         (clock clk_pl_0 rise edge)
                                                      0.000     0.000 r  
    PS8_X0Y0             PS8                          0.000     0.000 r  OSDZU3x_BYOTEE_i/zynq_ultra_ps_e_0/inst/PS8_i/PLCLK[0]
                         net (fo=1, routed)           0.120     0.120    OSDZU3x_BYOTEE_i/zynq_ultra_ps_e_0/inst/pl_clk_unbuffered[0]
    BUFG_PS_X0Y52        BUFG_PS (Prop_BUFG_PS_I_O)
                                                      0.018     0.138 r  OSDZU3x_BYOTEE_i/zynq_ultra_ps_e_0/inst/buffer_pl_clk_0.PL_CLK_0_BUFG/O
    X0Y1 (CLOCK_ROOT)    net (fo=8048, routed)        1.019     1.157    <hidden>
    SLICE_X5Y143         FDPE                                         r  <hidden>
                         clock pessimism             -0.100     1.057    
    SLICE_X5Y143         FDPE (Remov_AFF2_SLICEM_C_PRE)
                                                     -0.020     1.037    <hidden>
  -------------------------------------------------------------------
                         required time                         -1.037    
                         arrival time                           1.208    
  -------------------------------------------------------------------
                         slack                                  0.171    

Slack (MET) :             0.171ns  (arrival time - required time)
  Source:                 <hidden>
                            (rising edge-triggered cell FDPE clocked by clk_pl_0  {rise@0.000ns fall@5.000ns period=10.000ns})
  Destination:            <hidden>
                            (removal check against rising-edge clock clk_pl_0  {rise@0.000ns fall@5.000ns period=10.000ns})
  Path Group:             **async_default**
  Path Type:              Removal (Min at Fast Process Corner)
  Requirement:            0.000ns  (clk_pl_0 rise@0.000ns - clk_pl_0 rise@0.000ns)
  Data Path Delay:        0.209ns  (logic 0.075ns (35.861%)  route 0.134ns (64.139%))
  Logic Levels:           1  (LUT3=1)
  Clock Path Skew:        0.058ns (DCD - SCD - CPR)
    Destination Clock Delay (DCD):    1.157ns
    Source Clock Delay      (SCD):    0.999ns
    Clock Pessimism Removal (CPR):    0.100ns
  Clock Net Delay (Source):      0.888ns (routing 0.319ns, distribution 0.569ns)
  Clock Net Delay (Destination): 1.019ns (routing 0.358ns, distribution 0.661ns)

    Location             Delay type                Incr(ns)  Path(ns)    Netlist Resource(s)
  -------------------------------------------------------------------    -------------------
                         (clock clk_pl_0 rise edge)
                                                      0.000     0.000 r  
    PS8_X0Y0             PS8                          0.000     0.000 r  OSDZU3x_BYOTEE_i/zynq_ultra_ps_e_0/inst/PS8_i/PLCLK[0]
                         net (fo=1, routed)           0.094     0.094    OSDZU3x_BYOTEE_i/zynq_ultra_ps_e_0/inst/pl_clk_unbuffered[0]
    BUFG_PS_X0Y52        BUFG_PS (Prop_BUFG_PS_I_O)
                                                      0.017     0.111 r  OSDZU3x_BYOTEE_i/zynq_ultra_ps_e_0/inst/buffer_pl_clk_0.PL_CLK_0_BUFG/O
    X0Y1 (CLOCK_ROOT)    net (fo=8048, routed)        0.888     0.999    <hidden>
    SLICE_X7Y143         FDPE                                         r  <hidden>
  -------------------------------------------------------------------    -------------------
    SLICE_X7Y143         FDPE (Prop_AFF2_SLICEL_C_Q)
                                                      0.040     1.039 f  <hidden>
                         net (fo=3, routed)           0.049     1.088    <hidden>
    SLICE_X6Y143         LUT3 (Prop_F6LUT_SLICEL_I2_O)
                                                      0.035     1.123 f  <hidden>
                         net (fo=32, routed)          0.085     1.208    <hidden>
    SLICE_X5Y143         FDCE                                         f  <hidden>
  -------------------------------------------------------------------    -------------------

                         (clock clk_pl_0 rise edge)
                                                      0.000     0.000 r  
    PS8_X0Y0             PS8                          0.000     0.000 r  OSDZU3x_BYOTEE_i/zynq_ultra_ps_e_0/inst/PS8_i/PLCLK[0]
                         net (fo=1, routed)           0.120     0.120    OSDZU3x_BYOTEE_i/zynq_ultra_ps_e_0/inst/pl_clk_unbuffered[0]
    BUFG_PS_X0Y52        BUFG_PS (Prop_BUFG_PS_I_O)
                                                      0.018     0.138 r  OSDZU3x_BYOTEE_i/zynq_ultra_ps_e_0/inst/buffer_pl_clk_0.PL_CLK_0_BUFG/O
    X0Y1 (CLOCK_ROOT)    net (fo=8048, routed)        1.019     1.157    <hidden>
    SLICE_X5Y143         FDCE                                         r  <hidden>
                         clock pessimism             -0.100     1.057    
    SLICE_X5Y143         FDCE (Remov_BFF_SLICEM_C_CLR)
                                                     -0.020     1.037    <hidden>
  -------------------------------------------------------------------
                         required time                         -1.037    
                         arrival time                           1.208    
  -------------------------------------------------------------------
                         slack                                  0.171    

Slack (MET) :             0.172ns  (arrival time - required time)
  Source:                 <hidden>
                            (rising edge-triggered cell FDPE clocked by clk_pl_0  {rise@0.000ns fall@5.000ns period=10.000ns})
  Destination:            <hidden>
                            (removal check against rising-edge clock clk_pl_0  {rise@0.000ns fall@5.000ns period=10.000ns})
  Path Group:             **async_default**
  Path Type:              Removal (Min at Fast Process Corner)
  Requirement:            0.000ns  (clk_pl_0 rise@0.000ns - clk_pl_0 rise@0.000ns)
  Data Path Delay:        0.208ns  (logic 0.075ns (36.034%)  route 0.133ns (63.966%))
  Logic Levels:           1  (LUT3=1)
  Clock Path Skew:        0.056ns (DCD - SCD - CPR)
    Destination Clock Delay (DCD):    1.155ns
    Source Clock Delay      (SCD):    0.999ns
    Clock Pessimism Removal (CPR):    0.100ns
  Clock Net Delay (Source):      0.888ns (routing 0.319ns, distribution 0.569ns)
  Clock Net Delay (Destination): 1.017ns (routing 0.358ns, distribution 0.659ns)

    Location             Delay type                Incr(ns)  Path(ns)    Netlist Resource(s)
  -------------------------------------------------------------------    -------------------
                         (clock clk_pl_0 rise edge)
                                                      0.000     0.000 r  
    PS8_X0Y0             PS8                          0.000     0.000 r  OSDZU3x_BYOTEE_i/zynq_ultra_ps_e_0/inst/PS8_i/PLCLK[0]
                         net (fo=1, routed)           0.094     0.094    OSDZU3x_BYOTEE_i/zynq_ultra_ps_e_0/inst/pl_clk_unbuffered[0]
    BUFG_PS_X0Y52        BUFG_PS (Prop_BUFG_PS_I_O)
                                                      0.017     0.111 r  OSDZU3x_BYOTEE_i/zynq_ultra_ps_e_0/inst/buffer_pl_clk_0.PL_CLK_0_BUFG/O
    X0Y1 (CLOCK_ROOT)    net (fo=8048, routed)        0.888     0.999    <hidden>
    SLICE_X7Y143         FDPE                                         r  <hidden>
  -------------------------------------------------------------------    -------------------
    SLICE_X7Y143         FDPE (Prop_AFF2_SLICEL_C_Q)
                                                      0.040     1.039 f  <hidden>
                         net (fo=3, routed)           0.049     1.088    <hidden>
    SLICE_X6Y143         LUT3 (Prop_F6LUT_SLICEL_I2_O)
                                                      0.035     1.123 f  <hidden>
                         net (fo=32, routed)          0.084     1.207    <hidden>
    SLICE_X5Y143         FDPE                                         f  <hidden>
  -------------------------------------------------------------------    -------------------

                         (clock clk_pl_0 rise edge)
                                                      0.000     0.000 r  
    PS8_X0Y0             PS8                          0.000     0.000 r  OSDZU3x_BYOTEE_i/zynq_ultra_ps_e_0/inst/PS8_i/PLCLK[0]
                         net (fo=1, routed)           0.120     0.120    OSDZU3x_BYOTEE_i/zynq_ultra_ps_e_0/inst/pl_clk_unbuffered[0]
    BUFG_PS_X0Y52        BUFG_PS (Prop_BUFG_PS_I_O)
                                                      0.018     0.138 r  OSDZU3x_BYOTEE_i/zynq_ultra_ps_e_0/inst/buffer_pl_clk_0.PL_CLK_0_BUFG/O
    X0Y1 (CLOCK_ROOT)    net (fo=8048, routed)        1.017     1.155    <hidden>
    SLICE_X5Y143         FDPE                                         r  <hidden>
                         clock pessimism             -0.100     1.055    
    SLICE_X5Y143         FDPE (Remov_HFF2_SLICEM_C_PRE)
                                                     -0.020     1.035    <hidden>
  -------------------------------------------------------------------
                         required time                         -1.035    
                         arrival time                           1.207    
  -------------------------------------------------------------------
                         slack                                  0.172    

Slack (MET) :             0.172ns  (arrival time - required time)
  Source:                 <hidden>
                            (rising edge-triggered cell FDPE clocked by clk_pl_0  {rise@0.000ns fall@5.000ns period=10.000ns})
  Destination:            <hidden>
                            (removal check against rising-edge clock clk_pl_0  {rise@0.000ns fall@5.000ns period=10.000ns})
  Path Group:             **async_default**
  Path Type:              Removal (Min at Fast Process Corner)
  Requirement:            0.000ns  (clk_pl_0 rise@0.000ns - clk_pl_0 rise@0.000ns)
  Data Path Delay:        0.208ns  (logic 0.075ns (36.034%)  route 0.133ns (63.966%))
  Logic Levels:           1  (LUT3=1)
  Clock Path Skew:        0.056ns (DCD - SCD - CPR)
    Destination Clock Delay (DCD):    1.155ns
    Source Clock Delay      (SCD):    0.999ns
    Clock Pessimism Removal (CPR):    0.100ns
  Clock Net Delay (Source):      0.888ns (routing 0.319ns, distribution 0.569ns)
  Clock Net Delay (Destination): 1.017ns (routing 0.358ns, distribution 0.659ns)

    Location             Delay type                Incr(ns)  Path(ns)    Netlist Resource(s)
  -------------------------------------------------------------------    -------------------
                         (clock clk_pl_0 rise edge)
                                                      0.000     0.000 r  
    PS8_X0Y0             PS8                          0.000     0.000 r  OSDZU3x_BYOTEE_i/zynq_ultra_ps_e_0/inst/PS8_i/PLCLK[0]
                         net (fo=1, routed)           0.094     0.094    OSDZU3x_BYOTEE_i/zynq_ultra_ps_e_0/inst/pl_clk_unbuffered[0]
    BUFG_PS_X0Y52        BUFG_PS (Prop_BUFG_PS_I_O)
                                                      0.017     0.111 r  OSDZU3x_BYOTEE_i/zynq_ultra_ps_e_0/inst/buffer_pl_clk_0.PL_CLK_0_BUFG/O
    X0Y1 (CLOCK_ROOT)    net (fo=8048, routed)        0.888     0.999    <hidden>
    SLICE_X7Y143         FDPE                                         r  <hidden>
  -------------------------------------------------------------------    -------------------
    SLICE_X7Y143         FDPE (Prop_AFF2_SLICEL_C_Q)
                                                      0.040     1.039 f  <hidden>
                         net (fo=3, routed)           0.049     1.088    <hidden>
    SLICE_X6Y143         LUT3 (Prop_F6LUT_SLICEL_I2_O)
                                                      0.035     1.123 f  <hidden>
                         net (fo=32, routed)          0.084     1.207    <hidden>
    SLICE_X5Y143         FDPE                                         f  <hidden>
  -------------------------------------------------------------------    -------------------

                         (clock clk_pl_0 rise edge)
                                                      0.000     0.000 r  
    PS8_X0Y0             PS8                          0.000     0.000 r  OSDZU3x_BYOTEE_i/zynq_ultra_ps_e_0/inst/PS8_i/PLCLK[0]
                         net (fo=1, routed)           0.120     0.120    OSDZU3x_BYOTEE_i/zynq_ultra_ps_e_0/inst/pl_clk_unbuffered[0]
    BUFG_PS_X0Y52        BUFG_PS (Prop_BUFG_PS_I_O)
                                                      0.018     0.138 r  OSDZU3x_BYOTEE_i/zynq_ultra_ps_e_0/inst/buffer_pl_clk_0.PL_CLK_0_BUFG/O
    X0Y1 (CLOCK_ROOT)    net (fo=8048, routed)        1.017     1.155    <hidden>
    SLICE_X5Y143         FDPE                                         r  <hidden>
                         clock pessimism             -0.100     1.055    
    SLICE_X5Y143         FDPE (Remov_GFF2_SLICEM_C_PRE)
                                                     -0.020     1.035    <hidden>
  -------------------------------------------------------------------
                         required time                         -1.035    
                         arrival time                           1.207    
  -------------------------------------------------------------------
                         slack                                  0.172    

Slack (MET) :             0.172ns  (arrival time - required time)
  Source:                 <hidden>
                            (rising edge-triggered cell FDPE clocked by clk_pl_0  {rise@0.000ns fall@5.000ns period=10.000ns})
  Destination:            <hidden>
                            (removal check against rising-edge clock clk_pl_0  {rise@0.000ns fall@5.000ns period=10.000ns})
  Path Group:             **async_default**
  Path Type:              Removal (Min at Fast Process Corner)
  Requirement:            0.000ns  (clk_pl_0 rise@0.000ns - clk_pl_0 rise@0.000ns)
  Data Path Delay:        0.208ns  (logic 0.075ns (36.034%)  route 0.133ns (63.966%))
  Logic Levels:           1  (LUT3=1)
  Clock Path Skew:        0.056ns (DCD - SCD - CPR)
    Destination Clock Delay (DCD):    1.155ns
    Source Clock Delay      (SCD):    0.999ns
    Clock Pessimism Removal (CPR):    0.100ns
  Clock Net Delay (Source):      0.888ns (routing 0.319ns, distribution 0.569ns)
  Clock Net Delay (Destination): 1.017ns (routing 0.358ns, distribution 0.659ns)

    Location             Delay type                Incr(ns)  Path(ns)    Netlist Resource(s)
  -------------------------------------------------------------------    -------------------
                         (clock clk_pl_0 rise edge)
                                                      0.000     0.000 r  
    PS8_X0Y0             PS8                          0.000     0.000 r  OSDZU3x_BYOTEE_i/zynq_ultra_ps_e_0/inst/PS8_i/PLCLK[0]
                         net (fo=1, routed)           0.094     0.094    OSDZU3x_BYOTEE_i/zynq_ultra_ps_e_0/inst/pl_clk_unbuffered[0]
    BUFG_PS_X0Y52        BUFG_PS (Prop_BUFG_PS_I_O)
                                                      0.017     0.111 r  OSDZU3x_BYOTEE_i/zynq_ultra_ps_e_0/inst/buffer_pl_clk_0.PL_CLK_0_BUFG/O
    X0Y1 (CLOCK_ROOT)    net (fo=8048, routed)        0.888     0.999    <hidden>
    SLICE_X7Y143         FDPE                                         r  <hidden>
  -------------------------------------------------------------------    -------------------
    SLICE_X7Y143         FDPE (Prop_AFF2_SLICEL_C_Q)
                                                      0.040     1.039 f  <hidden>
                         net (fo=3, routed)           0.049     1.088    <hidden>
    SLICE_X6Y143         LUT3 (Prop_F6LUT_SLICEL_I2_O)
                                                      0.035     1.123 f  <hidden>
                         net (fo=32, routed)          0.084     1.207    <hidden>
    SLICE_X5Y143         FDPE                                         f  <hidden>
  -------------------------------------------------------------------    -------------------

                         (clock clk_pl_0 rise edge)
                                                      0.000     0.000 r  
    PS8_X0Y0             PS8                          0.000     0.000 r  OSDZU3x_BYOTEE_i/zynq_ultra_ps_e_0/inst/PS8_i/PLCLK[0]
                         net (fo=1, routed)           0.120     0.120    OSDZU3x_BYOTEE_i/zynq_ultra_ps_e_0/inst/pl_clk_unbuffered[0]
    BUFG_PS_X0Y52        BUFG_PS (Prop_BUFG_PS_I_O)
                                                      0.018     0.138 r  OSDZU3x_BYOTEE_i/zynq_ultra_ps_e_0/inst/buffer_pl_clk_0.PL_CLK_0_BUFG/O
    X0Y1 (CLOCK_ROOT)    net (fo=8048, routed)        1.017     1.155    <hidden>
    SLICE_X5Y143         FDPE                                         r  <hidden>
                         clock pessimism             -0.100     1.055    
    SLICE_X5Y143         FDPE (Remov_FFF2_SLICEM_C_PRE)
                                                     -0.020     1.035    <hidden>
  -------------------------------------------------------------------
                         required time                         -1.035    
                         arrival time                           1.207    
  -------------------------------------------------------------------
                         slack                                  0.172    





