Execute       source -notrace -encoding utf-8 /tools/Xilinx/2025.1/Vitis/tps/tcl/tcl8.6/clock.tcl 
Execute         source -encoding utf-8 /tools/Xilinx/2025.1/tps/tcl/tcl8/8.5/msgcat-1.6.1.tm 
INFO-FLOW: Workspace /home/e/Documents/research/byotee/OSDZU3_Ref_Design/OSDZU3_Ref_Design.runs/design_1_v_mix_0_0_synth_1/prj/sol opened at Sat Sep 06 13:58:21 EDT 2025
Execute       send_msg_by_id INFO @200-1505@%s%s default  vivado 
INFO: [HLS 200-1505] Using default flow_target 'vivado'
Execute     set_part xczu3eg-sfvc784-1-e 
INFO: [HLS 200-1510] Running: set_part xczu3eg-sfvc784-1-e 
Execute       create_platform xczu3eg-sfvc784-1-e -board  
DBG:HLSDevice: Trying to load device library: /tools/Xilinx/2025.1/Vitis/lib/lnx64.o/libxv_hlsvwrap.so
DBG:HLSDevice: first parts/arch.xml in RDI_DATADIR: /tools/Xilinx/2025.1/Vivado/data/parts/arch.xml
DBG:HLSDevice: init success
INFO: [HLS 200-1611] Setting target device to 'xczu3eg-sfvc784-1-e'
Command       create_platform done; 0.51 sec.
Execute       source /tools/Xilinx/2025.1/Vitis/common/technology/xilinx/common/xilinx.gen 
Execute         source /tools/Xilinx/2025.1/Vitis/common/technology/xilinx/interface/plb46.gen 
Execute         source /tools/Xilinx/2025.1/Vitis/common/technology/xilinx/interface/axi4.gen 
Execute         source /tools/Xilinx/2025.1/Vitis/common/technology/xilinx/interface/nativeAXI4.gen 
Execute           source /tools/Xilinx/2025.1/Vitis/common/technology/xilinx/interface/saxilite.gen 
Execute         source /tools/Xilinx/2025.1/Vitis/common/technology/xilinx/scripts/xilinxcoregen.gen 
Execute         source /tools/Xilinx/2025.1/Vitis/common/technology/xilinx/interface/XilEDKCoreGen.gen 
Execute         source /tools/Xilinx/2025.1/Vitis/common/technology/xilinx/ip/xfft.gen 
Execute         source /tools/Xilinx/2025.1/Vitis/common/technology/xilinx/ip/xfir.gen 
Execute         source /tools/Xilinx/2025.1/Vitis/common/technology/xilinx/ip/util.gen 
Execute         source /tools/Xilinx/2025.1/Vitis/common/technology/xilinx/ip/dds_compiler.gen 
Execute         source /tools/Xilinx/2025.1/Vitis/common/technology/xilinx/DSP48/dsp48.gen 
Execute       ap_part_info -name xczu3eg-sfvc784-1-e -data info 
Execute       config_compile -quiet -complex-mul-dsp=0 
Command     set_part done; 0.58 sec.
Execute     add_files -cflags  -I /home/e/Documents/research/byotee/OSDZU3_Ref_Design/OSDZU3_Ref_Design.gen/sources_1/bd/design_1/ip/design_1_v_mix_0_0/src/hls -I /home/e/Documents/research/byotee/OSDZU3_Ref_Design/OSDZU3_Ref_Design.gen/sources_1/bd/design_1/ip/design_1_v_mix_0_0/src  /home/e/Documents/research/byotee/OSDZU3_Ref_Design/OSDZU3_Ref_Design.gen/sources_1/bd/design_1/ip/design_1_v_mix_0_0/src/v_mix_config.h 
INFO: [HLS 200-1510] Running: add_files -cflags  -I /home/e/Documents/research/byotee/OSDZU3_Ref_Design/OSDZU3_Ref_Design.gen/sources_1/bd/design_1/ip/design_1_v_mix_0_0/src/hls -I /home/e/Documents/research/byotee/OSDZU3_Ref_Design/OSDZU3_Ref_Design.gen/sources_1/bd/design_1/ip/design_1_v_mix_0_0/src  /home/e/Documents/research/byotee/OSDZU3_Ref_Design/OSDZU3_Ref_Design.gen/sources_1/bd/design_1/ip/design_1_v_mix_0_0/src/v_mix_config.h 
INFO: [HLS 200-10] Adding design file '/home/e/Documents/research/byotee/OSDZU3_Ref_Design/OSDZU3_Ref_Design.gen/sources_1/bd/design_1/ip/design_1_v_mix_0_0/src/v_mix_config.h' to the project
Execute     add_files -cflags  -I /home/e/Documents/research/byotee/OSDZU3_Ref_Design/OSDZU3_Ref_Design.gen/sources_1/bd/design_1/ip/design_1_v_mix_0_0/src/hls -I /home/e/Documents/research/byotee/OSDZU3_Ref_Design/OSDZU3_Ref_Design.gen/sources_1/bd/design_1/ip/design_1_v_mix_0_0/src  /home/e/Documents/research/byotee/OSDZU3_Ref_Design/OSDZU3_Ref_Design.gen/sources_1/bd/design_1/ip/design_1_v_mix_0_0/src/v_mix.cpp 
INFO: [HLS 200-1510] Running: add_files -cflags  -I /home/e/Documents/research/byotee/OSDZU3_Ref_Design/OSDZU3_Ref_Design.gen/sources_1/bd/design_1/ip/design_1_v_mix_0_0/src/hls -I /home/e/Documents/research/byotee/OSDZU3_Ref_Design/OSDZU3_Ref_Design.gen/sources_1/bd/design_1/ip/design_1_v_mix_0_0/src  /home/e/Documents/research/byotee/OSDZU3_Ref_Design/OSDZU3_Ref_Design.gen/sources_1/bd/design_1/ip/design_1_v_mix_0_0/src/v_mix.cpp 
INFO: [HLS 200-10] Adding design file '/home/e/Documents/research/byotee/OSDZU3_Ref_Design/OSDZU3_Ref_Design.gen/sources_1/bd/design_1/ip/design_1_v_mix_0_0/src/v_mix.cpp' to the project
Execute     add_files -cflags  -I /home/e/Documents/research/byotee/OSDZU3_Ref_Design/OSDZU3_Ref_Design.gen/sources_1/bd/design_1/ip/design_1_v_mix_0_0/src/hls -I /home/e/Documents/research/byotee/OSDZU3_Ref_Design/OSDZU3_Ref_Design.gen/sources_1/bd/design_1/ip/design_1_v_mix_0_0/src  /home/e/Documents/research/byotee/OSDZU3_Ref_Design/OSDZU3_Ref_Design.gen/sources_1/bd/design_1/ip/design_1_v_mix_0_0/src/v_mix.h 
INFO: [HLS 200-1510] Running: add_files -cflags  -I /home/e/Documents/research/byotee/OSDZU3_Ref_Design/OSDZU3_Ref_Design.gen/sources_1/bd/design_1/ip/design_1_v_mix_0_0/src/hls -I /home/e/Documents/research/byotee/OSDZU3_Ref_Design/OSDZU3_Ref_Design.gen/sources_1/bd/design_1/ip/design_1_v_mix_0_0/src  /home/e/Documents/research/byotee/OSDZU3_Ref_Design/OSDZU3_Ref_Design.gen/sources_1/bd/design_1/ip/design_1_v_mix_0_0/src/v_mix.h 
INFO: [HLS 200-10] Adding design file '/home/e/Documents/research/byotee/OSDZU3_Ref_Design/OSDZU3_Ref_Design.gen/sources_1/bd/design_1/ip/design_1_v_mix_0_0/src/v_mix.h' to the project
Execute     add_files -cflags  -I /home/e/Documents/research/byotee/OSDZU3_Ref_Design/OSDZU3_Ref_Design.gen/sources_1/bd/design_1/ip/design_1_v_mix_0_0/src/hls -I /home/e/Documents/research/byotee/OSDZU3_Ref_Design/OSDZU3_Ref_Design.gen/sources_1/bd/design_1/ip/design_1_v_mix_0_0/src  /home/e/Documents/research/byotee/OSDZU3_Ref_Design/OSDZU3_Ref_Design.gen/sources_1/bd/design_1/ip/design_1_v_mix_0_0/src/v_dma.cpp 
INFO: [HLS 200-1510] Running: add_files -cflags  -I /home/e/Documents/research/byotee/OSDZU3_Ref_Design/OSDZU3_Ref_Design.gen/sources_1/bd/design_1/ip/design_1_v_mix_0_0/src/hls -I /home/e/Documents/research/byotee/OSDZU3_Ref_Design/OSDZU3_Ref_Design.gen/sources_1/bd/design_1/ip/design_1_v_mix_0_0/src  /home/e/Documents/research/byotee/OSDZU3_Ref_Design/OSDZU3_Ref_Design.gen/sources_1/bd/design_1/ip/design_1_v_mix_0_0/src/v_dma.cpp 
INFO: [HLS 200-10] Adding design file '/home/e/Documents/research/byotee/OSDZU3_Ref_Design/OSDZU3_Ref_Design.gen/sources_1/bd/design_1/ip/design_1_v_mix_0_0/src/v_dma.cpp' to the project
Execute     add_files -cflags  -I /home/e/Documents/research/byotee/OSDZU3_Ref_Design/OSDZU3_Ref_Design.gen/sources_1/bd/design_1/ip/design_1_v_mix_0_0/src/hls -I /home/e/Documents/research/byotee/OSDZU3_Ref_Design/OSDZU3_Ref_Design.gen/sources_1/bd/design_1/ip/design_1_v_mix_0_0/src  /home/e/Documents/research/byotee/OSDZU3_Ref_Design/OSDZU3_Ref_Design.gen/sources_1/bd/design_1/ip/design_1_v_mix_0_0/src/v_dma.h 
INFO: [HLS 200-1510] Running: add_files -cflags  -I /home/e/Documents/research/byotee/OSDZU3_Ref_Design/OSDZU3_Ref_Design.gen/sources_1/bd/design_1/ip/design_1_v_mix_0_0/src/hls -I /home/e/Documents/research/byotee/OSDZU3_Ref_Design/OSDZU3_Ref_Design.gen/sources_1/bd/design_1/ip/design_1_v_mix_0_0/src  /home/e/Documents/research/byotee/OSDZU3_Ref_Design/OSDZU3_Ref_Design.gen/sources_1/bd/design_1/ip/design_1_v_mix_0_0/src/v_dma.h 
INFO: [HLS 200-10] Adding design file '/home/e/Documents/research/byotee/OSDZU3_Ref_Design/OSDZU3_Ref_Design.gen/sources_1/bd/design_1/ip/design_1_v_mix_0_0/src/v_dma.h' to the project
Execute     add_files -cflags  -I /home/e/Documents/research/byotee/OSDZU3_Ref_Design/OSDZU3_Ref_Design.gen/sources_1/bd/design_1/ip/design_1_v_mix_0_0/src/hls -I /home/e/Documents/research/byotee/OSDZU3_Ref_Design/OSDZU3_Ref_Design.gen/sources_1/bd/design_1/ip/design_1_v_mix_0_0/src  /home/e/Documents/research/byotee/OSDZU3_Ref_Design/OSDZU3_Ref_Design.gen/sources_1/bd/design_1/ip/design_1_v_mix_0_0/src/v_csc.cpp 
INFO: [HLS 200-1510] Running: add_files -cflags  -I /home/e/Documents/research/byotee/OSDZU3_Ref_Design/OSDZU3_Ref_Design.gen/sources_1/bd/design_1/ip/design_1_v_mix_0_0/src/hls -I /home/e/Documents/research/byotee/OSDZU3_Ref_Design/OSDZU3_Ref_Design.gen/sources_1/bd/design_1/ip/design_1_v_mix_0_0/src  /home/e/Documents/research/byotee/OSDZU3_Ref_Design/OSDZU3_Ref_Design.gen/sources_1/bd/design_1/ip/design_1_v_mix_0_0/src/v_csc.cpp 
INFO: [HLS 200-10] Adding design file '/home/e/Documents/research/byotee/OSDZU3_Ref_Design/OSDZU3_Ref_Design.gen/sources_1/bd/design_1/ip/design_1_v_mix_0_0/src/v_csc.cpp' to the project
Execute     add_files -cflags  -I /home/e/Documents/research/byotee/OSDZU3_Ref_Design/OSDZU3_Ref_Design.gen/sources_1/bd/design_1/ip/design_1_v_mix_0_0/src/hls -I /home/e/Documents/research/byotee/OSDZU3_Ref_Design/OSDZU3_Ref_Design.gen/sources_1/bd/design_1/ip/design_1_v_mix_0_0/src  /home/e/Documents/research/byotee/OSDZU3_Ref_Design/OSDZU3_Ref_Design.gen/sources_1/bd/design_1/ip/design_1_v_mix_0_0/src/v_csc.h 
INFO: [HLS 200-1510] Running: add_files -cflags  -I /home/e/Documents/research/byotee/OSDZU3_Ref_Design/OSDZU3_Ref_Design.gen/sources_1/bd/design_1/ip/design_1_v_mix_0_0/src/hls -I /home/e/Documents/research/byotee/OSDZU3_Ref_Design/OSDZU3_Ref_Design.gen/sources_1/bd/design_1/ip/design_1_v_mix_0_0/src  /home/e/Documents/research/byotee/OSDZU3_Ref_Design/OSDZU3_Ref_Design.gen/sources_1/bd/design_1/ip/design_1_v_mix_0_0/src/v_csc.h 
INFO: [HLS 200-10] Adding design file '/home/e/Documents/research/byotee/OSDZU3_Ref_Design/OSDZU3_Ref_Design.gen/sources_1/bd/design_1/ip/design_1_v_mix_0_0/src/v_csc.h' to the project
Execute     add_files -cflags  -I /home/e/Documents/research/byotee/OSDZU3_Ref_Design/OSDZU3_Ref_Design.gen/sources_1/bd/design_1/ip/design_1_v_mix_0_0/src/hls -I /home/e/Documents/research/byotee/OSDZU3_Ref_Design/OSDZU3_Ref_Design.gen/sources_1/bd/design_1/ip/design_1_v_mix_0_0/src  /home/e/Documents/research/byotee/OSDZU3_Ref_Design/OSDZU3_Ref_Design.gen/sources_1/bd/design_1/ip/design_1_v_mix_0_0/src/hls_video.h 
INFO: [HLS 200-1510] Running: add_files -cflags  -I /home/e/Documents/research/byotee/OSDZU3_Ref_Design/OSDZU3_Ref_Design.gen/sources_1/bd/design_1/ip/design_1_v_mix_0_0/src/hls -I /home/e/Documents/research/byotee/OSDZU3_Ref_Design/OSDZU3_Ref_Design.gen/sources_1/bd/design_1/ip/design_1_v_mix_0_0/src  /home/e/Documents/research/byotee/OSDZU3_Ref_Design/OSDZU3_Ref_Design.gen/sources_1/bd/design_1/ip/design_1_v_mix_0_0/src/hls_video.h 
INFO: [HLS 200-10] Adding design file '/home/e/Documents/research/byotee/OSDZU3_Ref_Design/OSDZU3_Ref_Design.gen/sources_1/bd/design_1/ip/design_1_v_mix_0_0/src/hls_video.h' to the project
Execute     add_files -cflags  -I /home/e/Documents/research/byotee/OSDZU3_Ref_Design/OSDZU3_Ref_Design.gen/sources_1/bd/design_1/ip/design_1_v_mix_0_0/src/hls -I /home/e/Documents/research/byotee/OSDZU3_Ref_Design/OSDZU3_Ref_Design.gen/sources_1/bd/design_1/ip/design_1_v_mix_0_0/src  /home/e/Documents/research/byotee/OSDZU3_Ref_Design/OSDZU3_Ref_Design.gen/sources_1/bd/design_1/ip/design_1_v_mix_0_0/src/hls_opencv.h 
INFO: [HLS 200-1510] Running: add_files -cflags  -I /home/e/Documents/research/byotee/OSDZU3_Ref_Design/OSDZU3_Ref_Design.gen/sources_1/bd/design_1/ip/design_1_v_mix_0_0/src/hls -I /home/e/Documents/research/byotee/OSDZU3_Ref_Design/OSDZU3_Ref_Design.gen/sources_1/bd/design_1/ip/design_1_v_mix_0_0/src  /home/e/Documents/research/byotee/OSDZU3_Ref_Design/OSDZU3_Ref_Design.gen/sources_1/bd/design_1/ip/design_1_v_mix_0_0/src/hls_opencv.h 
INFO: [HLS 200-10] Adding design file '/home/e/Documents/research/byotee/OSDZU3_Ref_Design/OSDZU3_Ref_Design.gen/sources_1/bd/design_1/ip/design_1_v_mix_0_0/src/hls_opencv.h' to the project
Execute     add_files -cflags  -I /home/e/Documents/research/byotee/OSDZU3_Ref_Design/OSDZU3_Ref_Design.gen/sources_1/bd/design_1/ip/design_1_v_mix_0_0/src/hls -I /home/e/Documents/research/byotee/OSDZU3_Ref_Design/OSDZU3_Ref_Design.gen/sources_1/bd/design_1/ip/design_1_v_mix_0_0/src  /home/e/Documents/research/byotee/OSDZU3_Ref_Design/OSDZU3_Ref_Design.gen/sources_1/bd/design_1/ip/design_1_v_mix_0_0/src/hls/hls_axi_io.h 
INFO: [HLS 200-1510] Running: add_files -cflags  -I /home/e/Documents/research/byotee/OSDZU3_Ref_Design/OSDZU3_Ref_Design.gen/sources_1/bd/design_1/ip/design_1_v_mix_0_0/src/hls -I /home/e/Documents/research/byotee/OSDZU3_Ref_Design/OSDZU3_Ref_Design.gen/sources_1/bd/design_1/ip/design_1_v_mix_0_0/src  /home/e/Documents/research/byotee/OSDZU3_Ref_Design/OSDZU3_Ref_Design.gen/sources_1/bd/design_1/ip/design_1_v_mix_0_0/src/hls/hls_axi_io.h 
INFO: [HLS 200-10] Adding design file '/home/e/Documents/research/byotee/OSDZU3_Ref_Design/OSDZU3_Ref_Design.gen/sources_1/bd/design_1/ip/design_1_v_mix_0_0/src/hls/hls_axi_io.h' to the project
Execute     add_files -cflags  -I /home/e/Documents/research/byotee/OSDZU3_Ref_Design/OSDZU3_Ref_Design.gen/sources_1/bd/design_1/ip/design_1_v_mix_0_0/src/hls -I /home/e/Documents/research/byotee/OSDZU3_Ref_Design/OSDZU3_Ref_Design.gen/sources_1/bd/design_1/ip/design_1_v_mix_0_0/src  /home/e/Documents/research/byotee/OSDZU3_Ref_Design/OSDZU3_Ref_Design.gen/sources_1/bd/design_1/ip/design_1_v_mix_0_0/src/hls/hls_video_arithm.h 
INFO: [HLS 200-1510] Running: add_files -cflags  -I /home/e/Documents/research/byotee/OSDZU3_Ref_Design/OSDZU3_Ref_Design.gen/sources_1/bd/design_1/ip/design_1_v_mix_0_0/src/hls -I /home/e/Documents/research/byotee/OSDZU3_Ref_Design/OSDZU3_Ref_Design.gen/sources_1/bd/design_1/ip/design_1_v_mix_0_0/src  /home/e/Documents/research/byotee/OSDZU3_Ref_Design/OSDZU3_Ref_Design.gen/sources_1/bd/design_1/ip/design_1_v_mix_0_0/src/hls/hls_video_arithm.h 
INFO: [HLS 200-10] Adding design file '/home/e/Documents/research/byotee/OSDZU3_Ref_Design/OSDZU3_Ref_Design.gen/sources_1/bd/design_1/ip/design_1_v_mix_0_0/src/hls/hls_video_arithm.h' to the project
Execute     add_files -cflags  -I /home/e/Documents/research/byotee/OSDZU3_Ref_Design/OSDZU3_Ref_Design.gen/sources_1/bd/design_1/ip/design_1_v_mix_0_0/src/hls -I /home/e/Documents/research/byotee/OSDZU3_Ref_Design/OSDZU3_Ref_Design.gen/sources_1/bd/design_1/ip/design_1_v_mix_0_0/src  /home/e/Documents/research/byotee/OSDZU3_Ref_Design/OSDZU3_Ref_Design.gen/sources_1/bd/design_1/ip/design_1_v_mix_0_0/src/hls/hls_video_core.h 
INFO: [HLS 200-1510] Running: add_files -cflags  -I /home/e/Documents/research/byotee/OSDZU3_Ref_Design/OSDZU3_Ref_Design.gen/sources_1/bd/design_1/ip/design_1_v_mix_0_0/src/hls -I /home/e/Documents/research/byotee/OSDZU3_Ref_Design/OSDZU3_Ref_Design.gen/sources_1/bd/design_1/ip/design_1_v_mix_0_0/src  /home/e/Documents/research/byotee/OSDZU3_Ref_Design/OSDZU3_Ref_Design.gen/sources_1/bd/design_1/ip/design_1_v_mix_0_0/src/hls/hls_video_core.h 
INFO: [HLS 200-10] Adding design file '/home/e/Documents/research/byotee/OSDZU3_Ref_Design/OSDZU3_Ref_Design.gen/sources_1/bd/design_1/ip/design_1_v_mix_0_0/src/hls/hls_video_core.h' to the project
Execute     add_files -cflags  -I /home/e/Documents/research/byotee/OSDZU3_Ref_Design/OSDZU3_Ref_Design.gen/sources_1/bd/design_1/ip/design_1_v_mix_0_0/src/hls -I /home/e/Documents/research/byotee/OSDZU3_Ref_Design/OSDZU3_Ref_Design.gen/sources_1/bd/design_1/ip/design_1_v_mix_0_0/src  /home/e/Documents/research/byotee/OSDZU3_Ref_Design/OSDZU3_Ref_Design.gen/sources_1/bd/design_1/ip/design_1_v_mix_0_0/src/hls/hls_video_fast.h 
INFO: [HLS 200-1510] Running: add_files -cflags  -I /home/e/Documents/research/byotee/OSDZU3_Ref_Design/OSDZU3_Ref_Design.gen/sources_1/bd/design_1/ip/design_1_v_mix_0_0/src/hls -I /home/e/Documents/research/byotee/OSDZU3_Ref_Design/OSDZU3_Ref_Design.gen/sources_1/bd/design_1/ip/design_1_v_mix_0_0/src  /home/e/Documents/research/byotee/OSDZU3_Ref_Design/OSDZU3_Ref_Design.gen/sources_1/bd/design_1/ip/design_1_v_mix_0_0/src/hls/hls_video_fast.h 
INFO: [HLS 200-10] Adding design file '/home/e/Documents/research/byotee/OSDZU3_Ref_Design/OSDZU3_Ref_Design.gen/sources_1/bd/design_1/ip/design_1_v_mix_0_0/src/hls/hls_video_fast.h' to the project
Execute     add_files -cflags  -I /home/e/Documents/research/byotee/OSDZU3_Ref_Design/OSDZU3_Ref_Design.gen/sources_1/bd/design_1/ip/design_1_v_mix_0_0/src/hls -I /home/e/Documents/research/byotee/OSDZU3_Ref_Design/OSDZU3_Ref_Design.gen/sources_1/bd/design_1/ip/design_1_v_mix_0_0/src  /home/e/Documents/research/byotee/OSDZU3_Ref_Design/OSDZU3_Ref_Design.gen/sources_1/bd/design_1/ip/design_1_v_mix_0_0/src/hls/hls_video_haar.h 
INFO: [HLS 200-1510] Running: add_files -cflags  -I /home/e/Documents/research/byotee/OSDZU3_Ref_Design/OSDZU3_Ref_Design.gen/sources_1/bd/design_1/ip/design_1_v_mix_0_0/src/hls -I /home/e/Documents/research/byotee/OSDZU3_Ref_Design/OSDZU3_Ref_Design.gen/sources_1/bd/design_1/ip/design_1_v_mix_0_0/src  /home/e/Documents/research/byotee/OSDZU3_Ref_Design/OSDZU3_Ref_Design.gen/sources_1/bd/design_1/ip/design_1_v_mix_0_0/src/hls/hls_video_haar.h 
INFO: [HLS 200-10] Adding design file '/home/e/Documents/research/byotee/OSDZU3_Ref_Design/OSDZU3_Ref_Design.gen/sources_1/bd/design_1/ip/design_1_v_mix_0_0/src/hls/hls_video_haar.h' to the project
Execute     add_files -cflags  -I /home/e/Documents/research/byotee/OSDZU3_Ref_Design/OSDZU3_Ref_Design.gen/sources_1/bd/design_1/ip/design_1_v_mix_0_0/src/hls -I /home/e/Documents/research/byotee/OSDZU3_Ref_Design/OSDZU3_Ref_Design.gen/sources_1/bd/design_1/ip/design_1_v_mix_0_0/src  /home/e/Documents/research/byotee/OSDZU3_Ref_Design/OSDZU3_Ref_Design.gen/sources_1/bd/design_1/ip/design_1_v_mix_0_0/src/hls/hls_video_harris.h 
INFO: [HLS 200-1510] Running: add_files -cflags  -I /home/e/Documents/research/byotee/OSDZU3_Ref_Design/OSDZU3_Ref_Design.gen/sources_1/bd/design_1/ip/design_1_v_mix_0_0/src/hls -I /home/e/Documents/research/byotee/OSDZU3_Ref_Design/OSDZU3_Ref_Design.gen/sources_1/bd/design_1/ip/design_1_v_mix_0_0/src  /home/e/Documents/research/byotee/OSDZU3_Ref_Design/OSDZU3_Ref_Design.gen/sources_1/bd/design_1/ip/design_1_v_mix_0_0/src/hls/hls_video_harris.h 
INFO: [HLS 200-10] Adding design file '/home/e/Documents/research/byotee/OSDZU3_Ref_Design/OSDZU3_Ref_Design.gen/sources_1/bd/design_1/ip/design_1_v_mix_0_0/src/hls/hls_video_harris.h' to the project
Execute     add_files -cflags  -I /home/e/Documents/research/byotee/OSDZU3_Ref_Design/OSDZU3_Ref_Design.gen/sources_1/bd/design_1/ip/design_1_v_mix_0_0/src/hls -I /home/e/Documents/research/byotee/OSDZU3_Ref_Design/OSDZU3_Ref_Design.gen/sources_1/bd/design_1/ip/design_1_v_mix_0_0/src  /home/e/Documents/research/byotee/OSDZU3_Ref_Design/OSDZU3_Ref_Design.gen/sources_1/bd/design_1/ip/design_1_v_mix_0_0/src/hls/hls_video_histogram.h 
INFO: [HLS 200-1510] Running: add_files -cflags  -I /home/e/Documents/research/byotee/OSDZU3_Ref_Design/OSDZU3_Ref_Design.gen/sources_1/bd/design_1/ip/design_1_v_mix_0_0/src/hls -I /home/e/Documents/research/byotee/OSDZU3_Ref_Design/OSDZU3_Ref_Design.gen/sources_1/bd/design_1/ip/design_1_v_mix_0_0/src  /home/e/Documents/research/byotee/OSDZU3_Ref_Design/OSDZU3_Ref_Design.gen/sources_1/bd/design_1/ip/design_1_v_mix_0_0/src/hls/hls_video_histogram.h 
INFO: [HLS 200-10] Adding design file '/home/e/Documents/research/byotee/OSDZU3_Ref_Design/OSDZU3_Ref_Design.gen/sources_1/bd/design_1/ip/design_1_v_mix_0_0/src/hls/hls_video_histogram.h' to the project
Execute     add_files -cflags  -I /home/e/Documents/research/byotee/OSDZU3_Ref_Design/OSDZU3_Ref_Design.gen/sources_1/bd/design_1/ip/design_1_v_mix_0_0/src/hls -I /home/e/Documents/research/byotee/OSDZU3_Ref_Design/OSDZU3_Ref_Design.gen/sources_1/bd/design_1/ip/design_1_v_mix_0_0/src  /home/e/Documents/research/byotee/OSDZU3_Ref_Design/OSDZU3_Ref_Design.gen/sources_1/bd/design_1/ip/design_1_v_mix_0_0/src/hls/hls_video_hough.h 
INFO: [HLS 200-1510] Running: add_files -cflags  -I /home/e/Documents/research/byotee/OSDZU3_Ref_Design/OSDZU3_Ref_Design.gen/sources_1/bd/design_1/ip/design_1_v_mix_0_0/src/hls -I /home/e/Documents/research/byotee/OSDZU3_Ref_Design/OSDZU3_Ref_Design.gen/sources_1/bd/design_1/ip/design_1_v_mix_0_0/src  /home/e/Documents/research/byotee/OSDZU3_Ref_Design/OSDZU3_Ref_Design.gen/sources_1/bd/design_1/ip/design_1_v_mix_0_0/src/hls/hls_video_hough.h 
INFO: [HLS 200-10] Adding design file '/home/e/Documents/research/byotee/OSDZU3_Ref_Design/OSDZU3_Ref_Design.gen/sources_1/bd/design_1/ip/design_1_v_mix_0_0/src/hls/hls_video_hough.h' to the project
Execute     add_files -cflags  -I /home/e/Documents/research/byotee/OSDZU3_Ref_Design/OSDZU3_Ref_Design.gen/sources_1/bd/design_1/ip/design_1_v_mix_0_0/src/hls -I /home/e/Documents/research/byotee/OSDZU3_Ref_Design/OSDZU3_Ref_Design.gen/sources_1/bd/design_1/ip/design_1_v_mix_0_0/src  /home/e/Documents/research/byotee/OSDZU3_Ref_Design/OSDZU3_Ref_Design.gen/sources_1/bd/design_1/ip/design_1_v_mix_0_0/src/hls/hls_video_imgbase.h 
INFO: [HLS 200-1510] Running: add_files -cflags  -I /home/e/Documents/research/byotee/OSDZU3_Ref_Design/OSDZU3_Ref_Design.gen/sources_1/bd/design_1/ip/design_1_v_mix_0_0/src/hls -I /home/e/Documents/research/byotee/OSDZU3_Ref_Design/OSDZU3_Ref_Design.gen/sources_1/bd/design_1/ip/design_1_v_mix_0_0/src  /home/e/Documents/research/byotee/OSDZU3_Ref_Design/OSDZU3_Ref_Design.gen/sources_1/bd/design_1/ip/design_1_v_mix_0_0/src/hls/hls_video_imgbase.h 
INFO: [HLS 200-10] Adding design file '/home/e/Documents/research/byotee/OSDZU3_Ref_Design/OSDZU3_Ref_Design.gen/sources_1/bd/design_1/ip/design_1_v_mix_0_0/src/hls/hls_video_imgbase.h' to the project
Execute     add_files -cflags  -I /home/e/Documents/research/byotee/OSDZU3_Ref_Design/OSDZU3_Ref_Design.gen/sources_1/bd/design_1/ip/design_1_v_mix_0_0/src/hls -I /home/e/Documents/research/byotee/OSDZU3_Ref_Design/OSDZU3_Ref_Design.gen/sources_1/bd/design_1/ip/design_1_v_mix_0_0/src  /home/e/Documents/research/byotee/OSDZU3_Ref_Design/OSDZU3_Ref_Design.gen/sources_1/bd/design_1/ip/design_1_v_mix_0_0/src/hls/hls_video_imgproc.h 
INFO: [HLS 200-1510] Running: add_files -cflags  -I /home/e/Documents/research/byotee/OSDZU3_Ref_Design/OSDZU3_Ref_Design.gen/sources_1/bd/design_1/ip/design_1_v_mix_0_0/src/hls -I /home/e/Documents/research/byotee/OSDZU3_Ref_Design/OSDZU3_Ref_Design.gen/sources_1/bd/design_1/ip/design_1_v_mix_0_0/src  /home/e/Documents/research/byotee/OSDZU3_Ref_Design/OSDZU3_Ref_Design.gen/sources_1/bd/design_1/ip/design_1_v_mix_0_0/src/hls/hls_video_imgproc.h 
INFO: [HLS 200-10] Adding design file '/home/e/Documents/research/byotee/OSDZU3_Ref_Design/OSDZU3_Ref_Design.gen/sources_1/bd/design_1/ip/design_1_v_mix_0_0/src/hls/hls_video_imgproc.h' to the project
Execute     add_files -cflags  -I /home/e/Documents/research/byotee/OSDZU3_Ref_Design/OSDZU3_Ref_Design.gen/sources_1/bd/design_1/ip/design_1_v_mix_0_0/src/hls -I /home/e/Documents/research/byotee/OSDZU3_Ref_Design/OSDZU3_Ref_Design.gen/sources_1/bd/design_1/ip/design_1_v_mix_0_0/src  /home/e/Documents/research/byotee/OSDZU3_Ref_Design/OSDZU3_Ref_Design.gen/sources_1/bd/design_1/ip/design_1_v_mix_0_0/src/hls/hls_video_io.h 
INFO: [HLS 200-1510] Running: add_files -cflags  -I /home/e/Documents/research/byotee/OSDZU3_Ref_Design/OSDZU3_Ref_Design.gen/sources_1/bd/design_1/ip/design_1_v_mix_0_0/src/hls -I /home/e/Documents/research/byotee/OSDZU3_Ref_Design/OSDZU3_Ref_Design.gen/sources_1/bd/design_1/ip/design_1_v_mix_0_0/src  /home/e/Documents/research/byotee/OSDZU3_Ref_Design/OSDZU3_Ref_Design.gen/sources_1/bd/design_1/ip/design_1_v_mix_0_0/src/hls/hls_video_io.h 
INFO: [HLS 200-10] Adding design file '/home/e/Documents/research/byotee/OSDZU3_Ref_Design/OSDZU3_Ref_Design.gen/sources_1/bd/design_1/ip/design_1_v_mix_0_0/src/hls/hls_video_io.h' to the project
Execute     add_files -cflags  -I /home/e/Documents/research/byotee/OSDZU3_Ref_Design/OSDZU3_Ref_Design.gen/sources_1/bd/design_1/ip/design_1_v_mix_0_0/src/hls -I /home/e/Documents/research/byotee/OSDZU3_Ref_Design/OSDZU3_Ref_Design.gen/sources_1/bd/design_1/ip/design_1_v_mix_0_0/src  /home/e/Documents/research/byotee/OSDZU3_Ref_Design/OSDZU3_Ref_Design.gen/sources_1/bd/design_1/ip/design_1_v_mix_0_0/src/hls/hls_video_mem.h 
INFO: [HLS 200-1510] Running: add_files -cflags  -I /home/e/Documents/research/byotee/OSDZU3_Ref_Design/OSDZU3_Ref_Design.gen/sources_1/bd/design_1/ip/design_1_v_mix_0_0/src/hls -I /home/e/Documents/research/byotee/OSDZU3_Ref_Design/OSDZU3_Ref_Design.gen/sources_1/bd/design_1/ip/design_1_v_mix_0_0/src  /home/e/Documents/research/byotee/OSDZU3_Ref_Design/OSDZU3_Ref_Design.gen/sources_1/bd/design_1/ip/design_1_v_mix_0_0/src/hls/hls_video_mem.h 
INFO: [HLS 200-10] Adding design file '/home/e/Documents/research/byotee/OSDZU3_Ref_Design/OSDZU3_Ref_Design.gen/sources_1/bd/design_1/ip/design_1_v_mix_0_0/src/hls/hls_video_mem.h' to the project
Execute     add_files -cflags  -I /home/e/Documents/research/byotee/OSDZU3_Ref_Design/OSDZU3_Ref_Design.gen/sources_1/bd/design_1/ip/design_1_v_mix_0_0/src/hls -I /home/e/Documents/research/byotee/OSDZU3_Ref_Design/OSDZU3_Ref_Design.gen/sources_1/bd/design_1/ip/design_1_v_mix_0_0/src  /home/e/Documents/research/byotee/OSDZU3_Ref_Design/OSDZU3_Ref_Design.gen/sources_1/bd/design_1/ip/design_1_v_mix_0_0/src/hls/hls_video_stereobm.h 
INFO: [HLS 200-1510] Running: add_files -cflags  -I /home/e/Documents/research/byotee/OSDZU3_Ref_Design/OSDZU3_Ref_Design.gen/sources_1/bd/design_1/ip/design_1_v_mix_0_0/src/hls -I /home/e/Documents/research/byotee/OSDZU3_Ref_Design/OSDZU3_Ref_Design.gen/sources_1/bd/design_1/ip/design_1_v_mix_0_0/src  /home/e/Documents/research/byotee/OSDZU3_Ref_Design/OSDZU3_Ref_Design.gen/sources_1/bd/design_1/ip/design_1_v_mix_0_0/src/hls/hls_video_stereobm.h 
INFO: [HLS 200-10] Adding design file '/home/e/Documents/research/byotee/OSDZU3_Ref_Design/OSDZU3_Ref_Design.gen/sources_1/bd/design_1/ip/design_1_v_mix_0_0/src/hls/hls_video_stereobm.h' to the project
Execute     add_files -cflags  -I /home/e/Documents/research/byotee/OSDZU3_Ref_Design/OSDZU3_Ref_Design.gen/sources_1/bd/design_1/ip/design_1_v_mix_0_0/src/hls -I /home/e/Documents/research/byotee/OSDZU3_Ref_Design/OSDZU3_Ref_Design.gen/sources_1/bd/design_1/ip/design_1_v_mix_0_0/src  /home/e/Documents/research/byotee/OSDZU3_Ref_Design/OSDZU3_Ref_Design.gen/sources_1/bd/design_1/ip/design_1_v_mix_0_0/src/hls/hls_video_types.h 
INFO: [HLS 200-1510] Running: add_files -cflags  -I /home/e/Documents/research/byotee/OSDZU3_Ref_Design/OSDZU3_Ref_Design.gen/sources_1/bd/design_1/ip/design_1_v_mix_0_0/src/hls -I /home/e/Documents/research/byotee/OSDZU3_Ref_Design/OSDZU3_Ref_Design.gen/sources_1/bd/design_1/ip/design_1_v_mix_0_0/src  /home/e/Documents/research/byotee/OSDZU3_Ref_Design/OSDZU3_Ref_Design.gen/sources_1/bd/design_1/ip/design_1_v_mix_0_0/src/hls/hls_video_types.h 
INFO: [HLS 200-10] Adding design file '/home/e/Documents/research/byotee/OSDZU3_Ref_Design/OSDZU3_Ref_Design.gen/sources_1/bd/design_1/ip/design_1_v_mix_0_0/src/hls/hls_video_types.h' to the project
Execute     add_files -cflags  -I /home/e/Documents/research/byotee/OSDZU3_Ref_Design/OSDZU3_Ref_Design.gen/sources_1/bd/design_1/ip/design_1_v_mix_0_0/src/hls -I /home/e/Documents/research/byotee/OSDZU3_Ref_Design/OSDZU3_Ref_Design.gen/sources_1/bd/design_1/ip/design_1_v_mix_0_0/src  /home/e/Documents/research/byotee/OSDZU3_Ref_Design/OSDZU3_Ref_Design.gen/sources_1/bd/design_1/ip/design_1_v_mix_0_0/src/hls/hls_video_undistort.h 
INFO: [HLS 200-1510] Running: add_files -cflags  -I /home/e/Documents/research/byotee/OSDZU3_Ref_Design/OSDZU3_Ref_Design.gen/sources_1/bd/design_1/ip/design_1_v_mix_0_0/src/hls -I /home/e/Documents/research/byotee/OSDZU3_Ref_Design/OSDZU3_Ref_Design.gen/sources_1/bd/design_1/ip/design_1_v_mix_0_0/src  /home/e/Documents/research/byotee/OSDZU3_Ref_Design/OSDZU3_Ref_Design.gen/sources_1/bd/design_1/ip/design_1_v_mix_0_0/src/hls/hls_video_undistort.h 
INFO: [HLS 200-10] Adding design file '/home/e/Documents/research/byotee/OSDZU3_Ref_Design/OSDZU3_Ref_Design.gen/sources_1/bd/design_1/ip/design_1_v_mix_0_0/src/hls/hls_video_undistort.h' to the project
Execute     create_clock -period 5 -name ap_clk 
INFO: [HLS 200-1510] Running: create_clock -period 5 -name ap_clk 
Execute       ap_set_clock -name ap_clk -period 5 -unit ns -default=false 
INFO: [SYN 201-201] Setting up clock 'ap_clk' with a period of 5ns.
Execute     config_interface -m_axi_flush_mode 
INFO: [HLS 200-1510] Running: config_interface -m_axi_flush_mode 
Execute     config_interface -m_axi_conservative_mode 
INFO: [HLS 200-1510] Running: config_interface -m_axi_conservative_mode 
Execute     config_interface -m_axi_addr64=false 
INFO: [HLS 200-1510] Running: config_interface -m_axi_addr64=false 
Execute     config_rtl -module_prefix design_1_v_mix_0_0_ 
INFO: [HLS 200-1510] Running: config_rtl -module_prefix design_1_v_mix_0_0_ 
Execute     config_export -vendor xilinx.com -library ip -version 5.3 
INFO: [HLS 200-1510] Running: config_export -vendor xilinx.com -library ip -version 5.3 
Execute     csynth_design 
INFO: [HLS 200-1510] Running: csynth_design 
Execute       ::AP::init_summary_file csynth 
Execute       ap_part_info -name xczu3eg-sfvc784-1-e -data info 
INFO-FLOW: run_clang exec: /tools/Xilinx/2025.1/Vitis/lnx64/tools/clang-3.9-csynth/bin/xilinx-performance-pragma-detector /home/e/Documents/research/byotee/OSDZU3_Ref_Design/OSDZU3_Ref_Design.gen/sources_1/bd/design_1/ip/design_1_v_mix_0_0/src/v_csc.cpp -- -fhls -I/home/e/Documents/research/byotee/OSDZU3_Ref_Design/OSDZU3_Ref_Design.gen/sources_1/bd/design_1/ip/design_1_v_mix_0_0/src/hls -I/home/e/Documents/research/byotee/OSDZU3_Ref_Design/OSDZU3_Ref_Design.gen/sources_1/bd/design_1/ip/design_1_v_mix_0_0/src -D__VITIS_HLS__ -DAESL_SYN -D__SYNTHESIS__ -D__HLS_SYN__ -I /tools/Xilinx/2025.1/Vitis/common/technology/autopilot -I /tools/Xilinx/2025.1/Vitis/common/technology/autopilot/ap_sysc -include etc/autopilot_ssdm_op.h -D__DSP48E2__ -I /usr/include/x86_64-linux-gnu > /home/e/Documents/research/byotee/OSDZU3_Ref_Design/OSDZU3_Ref_Design.runs/design_1_v_mix_0_0_synth_1/prj/sol/.autopilot/db/v_csc.cpp.xilinx-performance-pragma-detector.out.log 2> /home/e/Documents/research/byotee/OSDZU3_Ref_Design/OSDZU3_Ref_Design.runs/design_1_v_mix_0_0_synth_1/prj/sol/.autopilot/db/v_csc.cpp.xilinx-performance-pragma-detector.err.log
Execute       ap_part_info -name xczu3eg-sfvc784-1-e -data info 
INFO-FLOW: run_clang exec: /tools/Xilinx/2025.1/Vitis/lnx64/tools/clang-3.9-csynth/bin/xilinx-performance-pragma-detector /home/e/Documents/research/byotee/OSDZU3_Ref_Design/OSDZU3_Ref_Design.gen/sources_1/bd/design_1/ip/design_1_v_mix_0_0/src/v_dma.cpp -- -fhls -I/home/e/Documents/research/byotee/OSDZU3_Ref_Design/OSDZU3_Ref_Design.gen/sources_1/bd/design_1/ip/design_1_v_mix_0_0/src/hls -I/home/e/Documents/research/byotee/OSDZU3_Ref_Design/OSDZU3_Ref_Design.gen/sources_1/bd/design_1/ip/design_1_v_mix_0_0/src -D__VITIS_HLS__ -DAESL_SYN -D__SYNTHESIS__ -D__HLS_SYN__ -I /tools/Xilinx/2025.1/Vitis/common/technology/autopilot -I /tools/Xilinx/2025.1/Vitis/common/technology/autopilot/ap_sysc -include etc/autopilot_ssdm_op.h -D__DSP48E2__ -I /usr/include/x86_64-linux-gnu > /home/e/Documents/research/byotee/OSDZU3_Ref_Design/OSDZU3_Ref_Design.runs/design_1_v_mix_0_0_synth_1/prj/sol/.autopilot/db/v_dma.cpp.xilinx-performance-pragma-detector.out.log 2> /home/e/Documents/research/byotee/OSDZU3_Ref_Design/OSDZU3_Ref_Design.runs/design_1_v_mix_0_0_synth_1/prj/sol/.autopilot/db/v_dma.cpp.xilinx-performance-pragma-detector.err.log
Execute       ap_part_info -name xczu3eg-sfvc784-1-e -data info 
INFO-FLOW: run_clang exec: /tools/Xilinx/2025.1/Vitis/lnx64/tools/clang-3.9-csynth/bin/xilinx-performance-pragma-detector /home/e/Documents/research/byotee/OSDZU3_Ref_Design/OSDZU3_Ref_Design.gen/sources_1/bd/design_1/ip/design_1_v_mix_0_0/src/v_mix.cpp -- -fhls -I/home/e/Documents/research/byotee/OSDZU3_Ref_Design/OSDZU3_Ref_Design.gen/sources_1/bd/design_1/ip/design_1_v_mix_0_0/src/hls -I/home/e/Documents/research/byotee/OSDZU3_Ref_Design/OSDZU3_Ref_Design.gen/sources_1/bd/design_1/ip/design_1_v_mix_0_0/src -D__VITIS_HLS__ -DAESL_SYN -D__SYNTHESIS__ -D__HLS_SYN__ -I /tools/Xilinx/2025.1/Vitis/common/technology/autopilot -I /tools/Xilinx/2025.1/Vitis/common/technology/autopilot/ap_sysc -include etc/autopilot_ssdm_op.h -D__DSP48E2__ -I /usr/include/x86_64-linux-gnu > /home/e/Documents/research/byotee/OSDZU3_Ref_Design/OSDZU3_Ref_Design.runs/design_1_v_mix_0_0_synth_1/prj/sol/.autopilot/db/v_mix.cpp.xilinx-performance-pragma-detector.out.log 2> /home/e/Documents/research/byotee/OSDZU3_Ref_Design/OSDZU3_Ref_Design.runs/design_1_v_mix_0_0_synth_1/prj/sol/.autopilot/db/v_mix.cpp.xilinx-performance-pragma-detector.err.log
INFO-FLOW: Running SLX 'csynth' proc: ::SLX::run_csynth
Execute       elaborate -effort=medium -skip_syncheck=0 -keep_printf=0 -skip_cdt=0 -skip_transform=0 -ng=0 -g=0 -from_csynth_design=1 
INFO: [HLS 200-111] Finished File checks and directory preparation: CPU user time: 0.12 seconds. CPU system time: 0.07 seconds. Elapsed time: 0.17 seconds; current allocated memory: 247.645 MB.
Execute         set_directive_top v_mix -name=v_mix 
Execute         source /tools/Xilinx/2025.1/Vitis/tps/tcl/tcllib2.0/yaml/huddle.tcl 
Execute           source /tools/Xilinx/2025.1/tps/tcl/tcllib2.0/yaml/huddle_types.tcl 
Execute         source /tools/Xilinx/2025.1/Vitis/tps/tcl/tcllib2.0/yaml/json2huddle.tcl 
Execute           source /tools/Xilinx/2025.1/Vitis/tps/tcl/tcllib2.0/try/try.tcl 
INFO: [HLS 200-10] Analyzing design file '/home/e/Documents/research/byotee/OSDZU3_Ref_Design/OSDZU3_Ref_Design.gen/sources_1/bd/design_1/ip/design_1_v_mix_0_0/src/v_csc.cpp' ... 
INFO-FLOW: Compiling one TU...
INFO-FLOW: Handling /home/e/Documents/research/byotee/OSDZU3_Ref_Design/OSDZU3_Ref_Design.gen/sources_1/bd/design_1/ip/design_1_v_mix_0_0/src/v_csc.cpp as C++
Execute         ap_part_info -name xczu3eg-sfvc784-1-e -data info 
INFO-FLOW: Running: GCC PP 39
INFO-FLOW: Source preprocessing
INFO-FLOW: run_clang exec: /tools/Xilinx/2025.1/Vitis/lnx64/tools/clang-3.9-csynth/bin/clang /home/e/Documents/research/byotee/OSDZU3_Ref_Design/OSDZU3_Ref_Design.runs/design_1_v_mix_0_0_synth_1/prj/sol/.autopilot/db/v_csc.cpp -foptimization-record-file=/home/e/Documents/research/byotee/OSDZU3_Ref_Design/OSDZU3_Ref_Design.runs/design_1_v_mix_0_0_synth_1/prj/sol/.autopilot/db/v_csc.cpp.clang.diag.yml -mllvm -pass-remarks-missed=reflow|pasta|unroll|inline -mllvm -pass-remarks=reflow|pasta|unroll|inline -fno-limit-debug-info --gcc-toolchain=/tools/Xilinx/2025.1/Vitis/tps/lnx64/gcc-8.3.0 -fhls -fno-exceptions -insert-hls-directive=/home/e/Documents/research/byotee/OSDZU3_Ref_Design/OSDZU3_Ref_Design.runs/design_1_v_mix_0_0_synth_1/prj/sol/.autopilot/db/all.directive.json -E -I/home/e/Documents/research/byotee/OSDZU3_Ref_Design/OSDZU3_Ref_Design.gen/sources_1/bd/design_1/ip/design_1_v_mix_0_0/src/hls -I/home/e/Documents/research/byotee/OSDZU3_Ref_Design/OSDZU3_Ref_Design.gen/sources_1/bd/design_1/ip/design_1_v_mix_0_0/src -fno-math-errno -c -emit-llvm -mllvm -disable-llvm-optzns -Werror=implicit-function-declaration -Werror=implicit-hls-streams -Werror=return-type -Wpragmas -Wunused-parameter -Wdump-hls-pragmas -Wno-error=dump-hls-pragmas -hls-clock-period=5 -fno-threadsafe-statics -fno-use-cxa-atexit -target fpga64-xilinx-linux-gnu -fno-threadsafe-statics -fno-use-cxa-atexit -D__VITIS_HLS__ -DAESL_SYN -D__SYNTHESIS__ -D__HLS_SYN__ -I /tools/Xilinx/2025.1/Vitis/common/technology/autopilot -I /tools/Xilinx/2025.1/Vitis/common/technology/autopilot/ap_sysc -include etc/autopilot_ssdm_op.h -D__DSP48E2__ -I /usr/include/x86_64-linux-gnu -o /home/e/Documents/research/byotee/OSDZU3_Ref_Design/OSDZU3_Ref_Design.runs/design_1_v_mix_0_0_synth_1/prj/sol/.autopilot/db/v_csc.pp.0.cpp -hls-platform-db-name=/tools/Xilinx/2025.1/Vitis/common/technology/xilinx/common/platform.db -hls-platform-name=zynquplus_slow -device-resource-info=BRAM_432.000000_DSP_360.000000_FF_141120.000000_LUT_70560.000000_SLICE_8820.000000_URAM_0.000000 -device-name-info=xczu3eg-sfvc784-1-e > /home/e/Documents/research/byotee/OSDZU3_Ref_Design/OSDZU3_Ref_Design.runs/design_1_v_mix_0_0_synth_1/prj/sol/.autopilot/db/v_csc.cpp.clang.out.log 2> /home/e/Documents/research/byotee/OSDZU3_Ref_Design/OSDZU3_Ref_Design.runs/design_1_v_mix_0_0_synth_1/prj/sol/.autopilot/db/v_csc.cpp.clang.err.log
WARNING: [HLS 207-1016] unknown warning group '-Wmisleading-indentation', ignored (/tools/Xilinx/2025.1/Vitis/common/technology/autopilot/etc/hls_sqrt_apfixed.h:16:34)
INFO-FLOW: Done: GCC PP 39 time: 0.4 seconds per iteration
INFO-FLOW: Source syntax check for synthesis
INFO-FLOW: run_clang exec: /tools/Xilinx/2025.1/Vitis/lnx64/tools/clang-3.9-csynth/bin/clang -foptimization-record-file=/home/e/Documents/research/byotee/OSDZU3_Ref_Design/OSDZU3_Ref_Design.runs/design_1_v_mix_0_0_synth_1/prj/sol/.autopilot/db/clang.diag.yml -mllvm -pass-remarks-missed=reflow|pasta|unroll|inline -mllvm -pass-remarks=reflow|pasta|unroll|inline -fsyntax-only -fhls -target fpga64-xilinx-linux-gnu /home/e/Documents/research/byotee/OSDZU3_Ref_Design/OSDZU3_Ref_Design.runs/design_1_v_mix_0_0_synth_1/prj/sol/.autopilot/db/v_csc.pp.0.cpp -hls-platform-db-name=/tools/Xilinx/2025.1/Vitis/common/technology/xilinx/common/platform.db -hls-platform-name=zynquplus_slow -device-resource-info=BRAM_432.000000_DSP_360.000000_FF_141120.000000_LUT_70560.000000_SLICE_8820.000000_URAM_0.000000 -device-name-info=xczu3eg-sfvc784-1-e > /home/e/Documents/research/byotee/OSDZU3_Ref_Design/OSDZU3_Ref_Design.runs/design_1_v_mix_0_0_synth_1/prj/sol/.autopilot/db/clang.out.log 2> /home/e/Documents/research/byotee/OSDZU3_Ref_Design/OSDZU3_Ref_Design.runs/design_1_v_mix_0_0_synth_1/prj/sol/.autopilot/db/clang.err.log
WARNING: [HLS 207-5539] 'Resource pragma' is deprecated, use 'bind_op/bind_storage pragma' instead (/home/e/Documents/research/byotee/OSDZU3_Ref_Design/OSDZU3_Ref_Design.runs/design_1_v_mix_0_0_synth_1/prj/sol/.autopilot/db/v_csc.cpp:967:9)
WARNING: [HLS 207-5544] extra token before variable expression is ignored (/home/e/Documents/research/byotee/OSDZU3_Ref_Design/OSDZU3_Ref_Design.runs/design_1_v_mix_0_0_synth_1/prj/sol/.autopilot/db/v_csc.cpp:967:31)
WARNING: [HLS 207-5539] 'Resource pragma' is deprecated, use 'bind_op/bind_storage pragma' instead (/home/e/Documents/research/byotee/OSDZU3_Ref_Design/OSDZU3_Ref_Design.runs/design_1_v_mix_0_0_synth_1/prj/sol/.autopilot/db/v_csc.cpp:1109:9)
WARNING: [HLS 207-5544] extra token before variable expression is ignored (/home/e/Documents/research/byotee/OSDZU3_Ref_Design/OSDZU3_Ref_Design.runs/design_1_v_mix_0_0_synth_1/prj/sol/.autopilot/db/v_csc.cpp:1109:31)
Execute         clang_tidy xilinx-systemc-detector -desc systemc-detector /home/e/Documents/research/byotee/OSDZU3_Ref_Design/OSDZU3_Ref_Design.runs/design_1_v_mix_0_0_synth_1/prj/sol/.autopilot/db/v_csc.pp.0.cpp  -target fpga  -directive=/home/e/Documents/research/byotee/OSDZU3_Ref_Design/OSDZU3_Ref_Design.runs/design_1_v_mix_0_0_synth_1/prj/sol/.autopilot/db/.systemc_flag 
INFO-FLOW: exec /tools/Xilinx/2025.1/Vitis/lnx64/tools/clang-3.9-csynth/bin/clang-tidy -header-filter=.* --checks=-*,xilinx-systemc-detector -import-directive=/home/e/Documents/research/byotee/OSDZU3_Ref_Design/OSDZU3_Ref_Design.runs/design_1_v_mix_0_0_synth_1/prj/sol/.autopilot/db/.systemc_flag -fix-errors /home/e/Documents/research/byotee/OSDZU3_Ref_Design/OSDZU3_Ref_Design.runs/design_1_v_mix_0_0_synth_1/prj/sol/.autopilot/db/v_csc.pp.0.cpp -- - -target fpga -fhls -ferror-limit=0
Command         clang_tidy done; 1.75 sec.
INFO-FLOW: Running: clang-tidy CDT preprocess 39
Execute         clang_tidy xilinx-directive2pragma -desc directive2pragma /home/e/Documents/research/byotee/OSDZU3_Ref_Design/OSDZU3_Ref_Design.runs/design_1_v_mix_0_0_synth_1/prj/sol/.autopilot/db/v_csc.pp.0.cpp  -target fpga  -directive=/home/e/Documents/research/byotee/OSDZU3_Ref_Design/OSDZU3_Ref_Design.runs/design_1_v_mix_0_0_synth_1/prj/sol/.autopilot/db/all.directive.json 
INFO-FLOW: exec /tools/Xilinx/2025.1/Vitis/lnx64/tools/clang-3.9-csynth/bin/clang-tidy -header-filter=.* --checks=-*,xilinx-directive2pragma -import-directive=/home/e/Documents/research/byotee/OSDZU3_Ref_Design/OSDZU3_Ref_Design.runs/design_1_v_mix_0_0_synth_1/prj/sol/.autopilot/db/all.directive.json -fix-errors /home/e/Documents/research/byotee/OSDZU3_Ref_Design/OSDZU3_Ref_Design.runs/design_1_v_mix_0_0_synth_1/prj/sol/.autopilot/db/v_csc.pp.0.cpp -- - -target fpga -fhls -ferror-limit=0
Command         clang_tidy done; 1.94 sec.
INFO-FLOW: Done: clang-tidy CDT preprocess 39 time: 1.9 seconds per iteration
INFO-FLOW: Calling xilinx-label-all-loops ... 
INFO-FLOW: Calling xilinx-aggregate-on-hls-vector ... 
Execute         clang_tidy -errorcheck -desc loop-label xilinx-label-all-loops,xilinx-aggregate-on-hls-vector,,xilinx-warn-mayneed-no-ctor-attribute /home/e/Documents/research/byotee/OSDZU3_Ref_Design/OSDZU3_Ref_Design.runs/design_1_v_mix_0_0_synth_1/prj/sol/.autopilot/db/v_csc.pp.0.cpp  -target fpga  
INFO-FLOW: run_clang exec: /tools/Xilinx/2025.1/Vitis/lnx64/tools/clang-3.9-csynth/bin/clang-tidy -export-fixes=/home/e/Documents/research/byotee/OSDZU3_Ref_Design/OSDZU3_Ref_Design.runs/design_1_v_mix_0_0_synth_1/prj/sol/.autopilot/db/v_csc.pp.0.cpp.clang-tidy.loop-label.diag.yml -header-filter=.* --checks=-*,xilinx-label-all-loops,xilinx-aggregate-on-hls-vector,,xilinx-warn-mayneed-no-ctor-attribute -fix-errors /home/e/Documents/research/byotee/OSDZU3_Ref_Design/OSDZU3_Ref_Design.runs/design_1_v_mix_0_0_synth_1/prj/sol/.autopilot/db/v_csc.pp.0.cpp -- - -target fpga -fhls -ferror-limit=0 > /home/e/Documents/research/byotee/OSDZU3_Ref_Design/OSDZU3_Ref_Design.runs/design_1_v_mix_0_0_synth_1/prj/sol/.autopilot/db/v_csc.pp.0.cpp.clang-tidy.loop-label.out.log 2> /home/e/Documents/research/byotee/OSDZU3_Ref_Design/OSDZU3_Ref_Design.runs/design_1_v_mix_0_0_synth_1/prj/sol/.autopilot/db/v_csc.pp.0.cpp.clang-tidy.loop-label.err.log
Execute           source /tools/Xilinx/2025.1/Vitis/tps/tcl/tcllib2.0/yaml/yaml.tcl 
Command         clang_tidy done; 5.17 sec.
INFO-FLOW: run_clang exec: /tools/Xilinx/2025.1/Vitis/lnx64/tools/clang-3.9-csynth/bin/xilinx-dataflow-lawyer -export-fixes=/home/e/Documents/research/byotee/OSDZU3_Ref_Design/OSDZU3_Ref_Design.runs/design_1_v_mix_0_0_synth_1/prj/sol/.autopilot/db/v_csc.pp.0.cpp.xilinx-dataflow-lawyer.diag.yml /home/e/Documents/research/byotee/OSDZU3_Ref_Design/OSDZU3_Ref_Design.runs/design_1_v_mix_0_0_synth_1/prj/sol/.autopilot/db/v_csc.pp.0.cpp -- - -target fpga -fhls -ferror-limit=0 -fstrict-dataflow > /home/e/Documents/research/byotee/OSDZU3_Ref_Design/OSDZU3_Ref_Design.runs/design_1_v_mix_0_0_synth_1/prj/sol/.autopilot/db/v_csc.pp.0.cpp.xilinx-dataflow-lawyer.out.log 2> /home/e/Documents/research/byotee/OSDZU3_Ref_Design/OSDZU3_Ref_Design.runs/design_1_v_mix_0_0_synth_1/prj/sol/.autopilot/db/v_csc.pp.0.cpp.xilinx-dataflow-lawyer.err.log
Execute         ap_part_info -name xczu3eg-sfvc784-1-e -data info 
INFO-FLOW: compiling source code to llvm bc
INFO-FLOW: run_clang exec: /tools/Xilinx/2025.1/Vitis/lnx64/tools/clang-3.9-csynth/bin/clang -foptimization-record-file=/home/e/Documents/research/byotee/OSDZU3_Ref_Design/OSDZU3_Ref_Design.runs/design_1_v_mix_0_0_synth_1/prj/sol/.autopilot/db/v_csc.pp.0.cpp.clang.diag.yml -mllvm -pass-remarks-missed=reflow|pasta|unroll|inline -mllvm -pass-remarks=reflow|pasta|unroll|inline -fno-limit-debug-info -fhls -flto -fno-exceptions -Wno-error=c++11-narrowing -hls-emit-hint-scope /home/e/Documents/research/byotee/OSDZU3_Ref_Design/OSDZU3_Ref_Design.runs/design_1_v_mix_0_0_synth_1/prj/sol/.autopilot/db/v_csc.pp.0.cpp -I/home/e/Documents/research/byotee/OSDZU3_Ref_Design/OSDZU3_Ref_Design.gen/sources_1/bd/design_1/ip/design_1_v_mix_0_0/src/hls -I/home/e/Documents/research/byotee/OSDZU3_Ref_Design/OSDZU3_Ref_Design.gen/sources_1/bd/design_1/ip/design_1_v_mix_0_0/src -fno-math-errno -c -emit-llvm -mllvm -disable-llvm-optzns -Werror=implicit-function-declaration -Werror=implicit-hls-streams -Werror=return-type -Wpragmas -Wunused-parameter -Wdump-hls-pragmas -Wno-error=dump-hls-pragmas -hls-clock-period=5 -fno-threadsafe-statics -fno-use-cxa-atexit -target fpga64-xilinx-linux-gnu -D__VITIS_HLS__ -DAESL_SYN -D__SYNTHESIS__ -D__HLS_SYN__ -I /tools/Xilinx/2025.1/Vitis/common/technology/autopilot -I /tools/Xilinx/2025.1/Vitis/common/technology/autopilot/ap_sysc -include etc/autopilot_ssdm_op.h -D__DSP48E2__ -g -o /home/e/Documents/research/byotee/OSDZU3_Ref_Design/OSDZU3_Ref_Design.runs/design_1_v_mix_0_0_synth_1/prj/sol/.autopilot/db/v_csc.bc -hls-platform-db-name=/tools/Xilinx/2025.1/Vitis/common/technology/xilinx/common/platform.db -hls-platform-name=zynquplus_slow -device-resource-info=BRAM_432.000000_DSP_360.000000_FF_141120.000000_LUT_70560.000000_SLICE_8820.000000_URAM_0.000000 -device-name-info=xczu3eg-sfvc784-1-e > /home/e/Documents/research/byotee/OSDZU3_Ref_Design/OSDZU3_Ref_Design.runs/design_1_v_mix_0_0_synth_1/prj/sol/.autopilot/db/v_csc.pp.0.cpp.clang.out.log 2> /home/e/Documents/research/byotee/OSDZU3_Ref_Design/OSDZU3_Ref_Design.runs/design_1_v_mix_0_0_synth_1/prj/sol/.autopilot/db/v_csc.pp.0.cpp.clang.err.log
INFO: [HLS 200-10] Analyzing design file '/home/e/Documents/research/byotee/OSDZU3_Ref_Design/OSDZU3_Ref_Design.gen/sources_1/bd/design_1/ip/design_1_v_mix_0_0/src/v_dma.cpp' ... 
INFO-FLOW: Compiling one TU...
INFO-FLOW: Handling /home/e/Documents/research/byotee/OSDZU3_Ref_Design/OSDZU3_Ref_Design.gen/sources_1/bd/design_1/ip/design_1_v_mix_0_0/src/v_dma.cpp as C++
Execute         ap_part_info -name xczu3eg-sfvc784-1-e -data info 
INFO-FLOW: Running: GCC PP 39
INFO-FLOW: Source preprocessing
INFO-FLOW: run_clang exec: /tools/Xilinx/2025.1/Vitis/lnx64/tools/clang-3.9-csynth/bin/clang /home/e/Documents/research/byotee/OSDZU3_Ref_Design/OSDZU3_Ref_Design.runs/design_1_v_mix_0_0_synth_1/prj/sol/.autopilot/db/v_dma.cpp -foptimization-record-file=/home/e/Documents/research/byotee/OSDZU3_Ref_Design/OSDZU3_Ref_Design.runs/design_1_v_mix_0_0_synth_1/prj/sol/.autopilot/db/v_dma.cpp.clang.diag.yml -mllvm -pass-remarks-missed=reflow|pasta|unroll|inline -mllvm -pass-remarks=reflow|pasta|unroll|inline -fno-limit-debug-info --gcc-toolchain=/tools/Xilinx/2025.1/Vitis/tps/lnx64/gcc-8.3.0 -fhls -fno-exceptions -insert-hls-directive=/home/e/Documents/research/byotee/OSDZU3_Ref_Design/OSDZU3_Ref_Design.runs/design_1_v_mix_0_0_synth_1/prj/sol/.autopilot/db/all.directive.json -E -I/home/e/Documents/research/byotee/OSDZU3_Ref_Design/OSDZU3_Ref_Design.gen/sources_1/bd/design_1/ip/design_1_v_mix_0_0/src/hls -I/home/e/Documents/research/byotee/OSDZU3_Ref_Design/OSDZU3_Ref_Design.gen/sources_1/bd/design_1/ip/design_1_v_mix_0_0/src -fno-math-errno -c -emit-llvm -mllvm -disable-llvm-optzns -Werror=implicit-function-declaration -Werror=implicit-hls-streams -Werror=return-type -Wpragmas -Wunused-parameter -Wdump-hls-pragmas -Wno-error=dump-hls-pragmas -hls-clock-period=5 -fno-threadsafe-statics -fno-use-cxa-atexit -target fpga64-xilinx-linux-gnu -fno-threadsafe-statics -fno-use-cxa-atexit -D__VITIS_HLS__ -DAESL_SYN -D__SYNTHESIS__ -D__HLS_SYN__ -I /tools/Xilinx/2025.1/Vitis/common/technology/autopilot -I /tools/Xilinx/2025.1/Vitis/common/technology/autopilot/ap_sysc -include etc/autopilot_ssdm_op.h -D__DSP48E2__ -I /usr/include/x86_64-linux-gnu -o /home/e/Documents/research/byotee/OSDZU3_Ref_Design/OSDZU3_Ref_Design.runs/design_1_v_mix_0_0_synth_1/prj/sol/.autopilot/db/v_dma.pp.0.cpp -hls-platform-db-name=/tools/Xilinx/2025.1/Vitis/common/technology/xilinx/common/platform.db -hls-platform-name=zynquplus_slow -device-resource-info=BRAM_432.000000_DSP_360.000000_FF_141120.000000_LUT_70560.000000_SLICE_8820.000000_URAM_0.000000 -device-name-info=xczu3eg-sfvc784-1-e > /home/e/Documents/research/byotee/OSDZU3_Ref_Design/OSDZU3_Ref_Design.runs/design_1_v_mix_0_0_synth_1/prj/sol/.autopilot/db/v_dma.cpp.clang.out.log 2> /home/e/Documents/research/byotee/OSDZU3_Ref_Design/OSDZU3_Ref_Design.runs/design_1_v_mix_0_0_synth_1/prj/sol/.autopilot/db/v_dma.cpp.clang.err.log
WARNING: [HLS 207-1016] unknown warning group '-Wmisleading-indentation', ignored (/tools/Xilinx/2025.1/Vitis/common/technology/autopilot/etc/hls_sqrt_apfixed.h:16:34)
INFO-FLOW: Done: GCC PP 39 time: 0.5 seconds per iteration
INFO-FLOW: Source syntax check for synthesis
INFO-FLOW: run_clang exec: /tools/Xilinx/2025.1/Vitis/lnx64/tools/clang-3.9-csynth/bin/clang -foptimization-record-file=/home/e/Documents/research/byotee/OSDZU3_Ref_Design/OSDZU3_Ref_Design.runs/design_1_v_mix_0_0_synth_1/prj/sol/.autopilot/db/clang.diag.yml -mllvm -pass-remarks-missed=reflow|pasta|unroll|inline -mllvm -pass-remarks=reflow|pasta|unroll|inline -fsyntax-only -fhls -target fpga64-xilinx-linux-gnu /home/e/Documents/research/byotee/OSDZU3_Ref_Design/OSDZU3_Ref_Design.runs/design_1_v_mix_0_0_synth_1/prj/sol/.autopilot/db/v_dma.pp.0.cpp -hls-platform-db-name=/tools/Xilinx/2025.1/Vitis/common/technology/xilinx/common/platform.db -hls-platform-name=zynquplus_slow -device-resource-info=BRAM_432.000000_DSP_360.000000_FF_141120.000000_LUT_70560.000000_SLICE_8820.000000_URAM_0.000000 -device-name-info=xczu3eg-sfvc784-1-e > /home/e/Documents/research/byotee/OSDZU3_Ref_Design/OSDZU3_Ref_Design.runs/design_1_v_mix_0_0_synth_1/prj/sol/.autopilot/db/clang.out.log 2> /home/e/Documents/research/byotee/OSDZU3_Ref_Design/OSDZU3_Ref_Design.runs/design_1_v_mix_0_0_synth_1/prj/sol/.autopilot/db/clang.err.log
Execute         clang_tidy xilinx-systemc-detector -desc systemc-detector /home/e/Documents/research/byotee/OSDZU3_Ref_Design/OSDZU3_Ref_Design.runs/design_1_v_mix_0_0_synth_1/prj/sol/.autopilot/db/v_dma.pp.0.cpp  -target fpga  -directive=/home/e/Documents/research/byotee/OSDZU3_Ref_Design/OSDZU3_Ref_Design.runs/design_1_v_mix_0_0_synth_1/prj/sol/.autopilot/db/.systemc_flag 
INFO-FLOW: exec /tools/Xilinx/2025.1/Vitis/lnx64/tools/clang-3.9-csynth/bin/clang-tidy -header-filter=.* --checks=-*,xilinx-systemc-detector -import-directive=/home/e/Documents/research/byotee/OSDZU3_Ref_Design/OSDZU3_Ref_Design.runs/design_1_v_mix_0_0_synth_1/prj/sol/.autopilot/db/.systemc_flag -fix-errors /home/e/Documents/research/byotee/OSDZU3_Ref_Design/OSDZU3_Ref_Design.runs/design_1_v_mix_0_0_synth_1/prj/sol/.autopilot/db/v_dma.pp.0.cpp -- - -target fpga -fhls -ferror-limit=0
Command         clang_tidy done; 1.74 sec.
INFO-FLOW: Running: clang-tidy CDT preprocess 39
Execute         clang_tidy xilinx-directive2pragma -desc directive2pragma /home/e/Documents/research/byotee/OSDZU3_Ref_Design/OSDZU3_Ref_Design.runs/design_1_v_mix_0_0_synth_1/prj/sol/.autopilot/db/v_dma.pp.0.cpp  -target fpga  -directive=/home/e/Documents/research/byotee/OSDZU3_Ref_Design/OSDZU3_Ref_Design.runs/design_1_v_mix_0_0_synth_1/prj/sol/.autopilot/db/all.directive.json 
INFO-FLOW: exec /tools/Xilinx/2025.1/Vitis/lnx64/tools/clang-3.9-csynth/bin/clang-tidy -header-filter=.* --checks=-*,xilinx-directive2pragma -import-directive=/home/e/Documents/research/byotee/OSDZU3_Ref_Design/OSDZU3_Ref_Design.runs/design_1_v_mix_0_0_synth_1/prj/sol/.autopilot/db/all.directive.json -fix-errors /home/e/Documents/research/byotee/OSDZU3_Ref_Design/OSDZU3_Ref_Design.runs/design_1_v_mix_0_0_synth_1/prj/sol/.autopilot/db/v_dma.pp.0.cpp -- - -target fpga -fhls -ferror-limit=0
Command         clang_tidy done; 1.71 sec.
INFO-FLOW: Done: clang-tidy CDT preprocess 39 time: 1.7 seconds per iteration
INFO-FLOW: Calling xilinx-label-all-loops ... 
INFO-FLOW: Calling xilinx-aggregate-on-hls-vector ... 
Execute         clang_tidy -errorcheck -desc loop-label xilinx-label-all-loops,xilinx-aggregate-on-hls-vector,,xilinx-warn-mayneed-no-ctor-attribute /home/e/Documents/research/byotee/OSDZU3_Ref_Design/OSDZU3_Ref_Design.runs/design_1_v_mix_0_0_synth_1/prj/sol/.autopilot/db/v_dma.pp.0.cpp  -target fpga  
INFO-FLOW: run_clang exec: /tools/Xilinx/2025.1/Vitis/lnx64/tools/clang-3.9-csynth/bin/clang-tidy -export-fixes=/home/e/Documents/research/byotee/OSDZU3_Ref_Design/OSDZU3_Ref_Design.runs/design_1_v_mix_0_0_synth_1/prj/sol/.autopilot/db/v_dma.pp.0.cpp.clang-tidy.loop-label.diag.yml -header-filter=.* --checks=-*,xilinx-label-all-loops,xilinx-aggregate-on-hls-vector,,xilinx-warn-mayneed-no-ctor-attribute -fix-errors /home/e/Documents/research/byotee/OSDZU3_Ref_Design/OSDZU3_Ref_Design.runs/design_1_v_mix_0_0_synth_1/prj/sol/.autopilot/db/v_dma.pp.0.cpp -- - -target fpga -fhls -ferror-limit=0 > /home/e/Documents/research/byotee/OSDZU3_Ref_Design/OSDZU3_Ref_Design.runs/design_1_v_mix_0_0_synth_1/prj/sol/.autopilot/db/v_dma.pp.0.cpp.clang-tidy.loop-label.out.log 2> /home/e/Documents/research/byotee/OSDZU3_Ref_Design/OSDZU3_Ref_Design.runs/design_1_v_mix_0_0_synth_1/prj/sol/.autopilot/db/v_dma.pp.0.cpp.clang-tidy.loop-label.err.log
Command         clang_tidy done; 5.11 sec.
INFO-FLOW: run_clang exec: /tools/Xilinx/2025.1/Vitis/lnx64/tools/clang-3.9-csynth/bin/xilinx-dataflow-lawyer -export-fixes=/home/e/Documents/research/byotee/OSDZU3_Ref_Design/OSDZU3_Ref_Design.runs/design_1_v_mix_0_0_synth_1/prj/sol/.autopilot/db/v_dma.pp.0.cpp.xilinx-dataflow-lawyer.diag.yml /home/e/Documents/research/byotee/OSDZU3_Ref_Design/OSDZU3_Ref_Design.runs/design_1_v_mix_0_0_synth_1/prj/sol/.autopilot/db/v_dma.pp.0.cpp -- - -target fpga -fhls -ferror-limit=0 -fstrict-dataflow > /home/e/Documents/research/byotee/OSDZU3_Ref_Design/OSDZU3_Ref_Design.runs/design_1_v_mix_0_0_synth_1/prj/sol/.autopilot/db/v_dma.pp.0.cpp.xilinx-dataflow-lawyer.out.log 2> /home/e/Documents/research/byotee/OSDZU3_Ref_Design/OSDZU3_Ref_Design.runs/design_1_v_mix_0_0_synth_1/prj/sol/.autopilot/db/v_dma.pp.0.cpp.xilinx-dataflow-lawyer.err.log
Execute         ap_part_info -name xczu3eg-sfvc784-1-e -data info 
INFO-FLOW: compiling source code to llvm bc
INFO-FLOW: run_clang exec: /tools/Xilinx/2025.1/Vitis/lnx64/tools/clang-3.9-csynth/bin/clang -foptimization-record-file=/home/e/Documents/research/byotee/OSDZU3_Ref_Design/OSDZU3_Ref_Design.runs/design_1_v_mix_0_0_synth_1/prj/sol/.autopilot/db/v_dma.pp.0.cpp.clang.diag.yml -mllvm -pass-remarks-missed=reflow|pasta|unroll|inline -mllvm -pass-remarks=reflow|pasta|unroll|inline -fno-limit-debug-info -fhls -flto -fno-exceptions -Wno-error=c++11-narrowing -hls-emit-hint-scope /home/e/Documents/research/byotee/OSDZU3_Ref_Design/OSDZU3_Ref_Design.runs/design_1_v_mix_0_0_synth_1/prj/sol/.autopilot/db/v_dma.pp.0.cpp -I/home/e/Documents/research/byotee/OSDZU3_Ref_Design/OSDZU3_Ref_Design.gen/sources_1/bd/design_1/ip/design_1_v_mix_0_0/src/hls -I/home/e/Documents/research/byotee/OSDZU3_Ref_Design/OSDZU3_Ref_Design.gen/sources_1/bd/design_1/ip/design_1_v_mix_0_0/src -fno-math-errno -c -emit-llvm -mllvm -disable-llvm-optzns -Werror=implicit-function-declaration -Werror=implicit-hls-streams -Werror=return-type -Wpragmas -Wunused-parameter -Wdump-hls-pragmas -Wno-error=dump-hls-pragmas -hls-clock-period=5 -fno-threadsafe-statics -fno-use-cxa-atexit -target fpga64-xilinx-linux-gnu -D__VITIS_HLS__ -DAESL_SYN -D__SYNTHESIS__ -D__HLS_SYN__ -I /tools/Xilinx/2025.1/Vitis/common/technology/autopilot -I /tools/Xilinx/2025.1/Vitis/common/technology/autopilot/ap_sysc -include etc/autopilot_ssdm_op.h -D__DSP48E2__ -g -o /home/e/Documents/research/byotee/OSDZU3_Ref_Design/OSDZU3_Ref_Design.runs/design_1_v_mix_0_0_synth_1/prj/sol/.autopilot/db/v_dma.bc -hls-platform-db-name=/tools/Xilinx/2025.1/Vitis/common/technology/xilinx/common/platform.db -hls-platform-name=zynquplus_slow -device-resource-info=BRAM_432.000000_DSP_360.000000_FF_141120.000000_LUT_70560.000000_SLICE_8820.000000_URAM_0.000000 -device-name-info=xczu3eg-sfvc784-1-e > /home/e/Documents/research/byotee/OSDZU3_Ref_Design/OSDZU3_Ref_Design.runs/design_1_v_mix_0_0_synth_1/prj/sol/.autopilot/db/v_dma.pp.0.cpp.clang.out.log 2> /home/e/Documents/research/byotee/OSDZU3_Ref_Design/OSDZU3_Ref_Design.runs/design_1_v_mix_0_0_synth_1/prj/sol/.autopilot/db/v_dma.pp.0.cpp.clang.err.log
WARNING: [HLS 207-5292] unused parameter 'videoFormat' (/home/e/Documents/research/byotee/OSDZU3_Ref_Design/OSDZU3_Ref_Design.runs/design_1_v_mix_0_0_synth_1/prj/sol/.autopilot/db/v_dma.cpp:56:11)
WARNING: [HLS 207-5292] unused parameter 'srcImg2' (/home/e/Documents/research/byotee/OSDZU3_Ref_Design/OSDZU3_Ref_Design.runs/design_1_v_mix_0_0_synth_1/prj/sol/.autopilot/db/v_dma.cpp:58:14)
WARNING: [HLS 207-5292] unused parameter 'videoFormat' (/home/e/Documents/research/byotee/OSDZU3_Ref_Design/OSDZU3_Ref_Design.runs/design_1_v_mix_0_0_synth_1/prj/sol/.autopilot/db/v_dma.cpp:130:11)
INFO: [HLS 200-10] Analyzing design file '/home/e/Documents/research/byotee/OSDZU3_Ref_Design/OSDZU3_Ref_Design.gen/sources_1/bd/design_1/ip/design_1_v_mix_0_0/src/v_mix.cpp' ... 
INFO-FLOW: Compiling one TU...
INFO-FLOW: Handling /home/e/Documents/research/byotee/OSDZU3_Ref_Design/OSDZU3_Ref_Design.gen/sources_1/bd/design_1/ip/design_1_v_mix_0_0/src/v_mix.cpp as C++
Execute         ap_part_info -name xczu3eg-sfvc784-1-e -data info 
INFO-FLOW: Running: GCC PP 39
INFO-FLOW: Source preprocessing
INFO-FLOW: run_clang exec: /tools/Xilinx/2025.1/Vitis/lnx64/tools/clang-3.9-csynth/bin/clang /home/e/Documents/research/byotee/OSDZU3_Ref_Design/OSDZU3_Ref_Design.runs/design_1_v_mix_0_0_synth_1/prj/sol/.autopilot/db/v_mix.cpp -foptimization-record-file=/home/e/Documents/research/byotee/OSDZU3_Ref_Design/OSDZU3_Ref_Design.runs/design_1_v_mix_0_0_synth_1/prj/sol/.autopilot/db/v_mix.cpp.clang.diag.yml -mllvm -pass-remarks-missed=reflow|pasta|unroll|inline -mllvm -pass-remarks=reflow|pasta|unroll|inline -fno-limit-debug-info --gcc-toolchain=/tools/Xilinx/2025.1/Vitis/tps/lnx64/gcc-8.3.0 -fhls -fno-exceptions -insert-hls-directive=/home/e/Documents/research/byotee/OSDZU3_Ref_Design/OSDZU3_Ref_Design.runs/design_1_v_mix_0_0_synth_1/prj/sol/.autopilot/db/all.directive.json -E -I/home/e/Documents/research/byotee/OSDZU3_Ref_Design/OSDZU3_Ref_Design.gen/sources_1/bd/design_1/ip/design_1_v_mix_0_0/src/hls -I/home/e/Documents/research/byotee/OSDZU3_Ref_Design/OSDZU3_Ref_Design.gen/sources_1/bd/design_1/ip/design_1_v_mix_0_0/src -fno-math-errno -c -emit-llvm -mllvm -disable-llvm-optzns -Werror=implicit-function-declaration -Werror=implicit-hls-streams -Werror=return-type -Wpragmas -Wunused-parameter -Wdump-hls-pragmas -Wno-error=dump-hls-pragmas -hls-clock-period=5 -fno-threadsafe-statics -fno-use-cxa-atexit -target fpga64-xilinx-linux-gnu -fno-threadsafe-statics -fno-use-cxa-atexit -D__VITIS_HLS__ -DAESL_SYN -D__SYNTHESIS__ -D__HLS_SYN__ -I /tools/Xilinx/2025.1/Vitis/common/technology/autopilot -I /tools/Xilinx/2025.1/Vitis/common/technology/autopilot/ap_sysc -include etc/autopilot_ssdm_op.h -D__DSP48E2__ -I /usr/include/x86_64-linux-gnu -o /home/e/Documents/research/byotee/OSDZU3_Ref_Design/OSDZU3_Ref_Design.runs/design_1_v_mix_0_0_synth_1/prj/sol/.autopilot/db/v_mix.pp.0.cpp -hls-platform-db-name=/tools/Xilinx/2025.1/Vitis/common/technology/xilinx/common/platform.db -hls-platform-name=zynquplus_slow -device-resource-info=BRAM_432.000000_DSP_360.000000_FF_141120.000000_LUT_70560.000000_SLICE_8820.000000_URAM_0.000000 -device-name-info=xczu3eg-sfvc784-1-e > /home/e/Documents/research/byotee/OSDZU3_Ref_Design/OSDZU3_Ref_Design.runs/design_1_v_mix_0_0_synth_1/prj/sol/.autopilot/db/v_mix.cpp.clang.out.log 2> /home/e/Documents/research/byotee/OSDZU3_Ref_Design/OSDZU3_Ref_Design.runs/design_1_v_mix_0_0_synth_1/prj/sol/.autopilot/db/v_mix.cpp.clang.err.log
WARNING: [HLS 207-1016] unknown warning group '-Wmisleading-indentation', ignored (/tools/Xilinx/2025.1/Vitis/common/technology/autopilot/etc/hls_sqrt_apfixed.h:16:34)
INFO-FLOW: Done: GCC PP 39 time: 0.4 seconds per iteration
INFO-FLOW: Source syntax check for synthesis
INFO-FLOW: run_clang exec: /tools/Xilinx/2025.1/Vitis/lnx64/tools/clang-3.9-csynth/bin/clang -foptimization-record-file=/home/e/Documents/research/byotee/OSDZU3_Ref_Design/OSDZU3_Ref_Design.runs/design_1_v_mix_0_0_synth_1/prj/sol/.autopilot/db/clang.diag.yml -mllvm -pass-remarks-missed=reflow|pasta|unroll|inline -mllvm -pass-remarks=reflow|pasta|unroll|inline -fsyntax-only -fhls -target fpga64-xilinx-linux-gnu /home/e/Documents/research/byotee/OSDZU3_Ref_Design/OSDZU3_Ref_Design.runs/design_1_v_mix_0_0_synth_1/prj/sol/.autopilot/db/v_mix.pp.0.cpp -hls-platform-db-name=/tools/Xilinx/2025.1/Vitis/common/technology/xilinx/common/platform.db -hls-platform-name=zynquplus_slow -device-resource-info=BRAM_432.000000_DSP_360.000000_FF_141120.000000_LUT_70560.000000_SLICE_8820.000000_URAM_0.000000 -device-name-info=xczu3eg-sfvc784-1-e > /home/e/Documents/research/byotee/OSDZU3_Ref_Design/OSDZU3_Ref_Design.runs/design_1_v_mix_0_0_synth_1/prj/sol/.autopilot/db/clang.out.log 2> /home/e/Documents/research/byotee/OSDZU3_Ref_Design/OSDZU3_Ref_Design.runs/design_1_v_mix_0_0_synth_1/prj/sol/.autopilot/db/clang.err.log
Execute         clang_tidy xilinx-systemc-detector -desc systemc-detector /home/e/Documents/research/byotee/OSDZU3_Ref_Design/OSDZU3_Ref_Design.runs/design_1_v_mix_0_0_synth_1/prj/sol/.autopilot/db/v_mix.pp.0.cpp  -target fpga  -directive=/home/e/Documents/research/byotee/OSDZU3_Ref_Design/OSDZU3_Ref_Design.runs/design_1_v_mix_0_0_synth_1/prj/sol/.autopilot/db/.systemc_flag 
INFO-FLOW: exec /tools/Xilinx/2025.1/Vitis/lnx64/tools/clang-3.9-csynth/bin/clang-tidy -header-filter=.* --checks=-*,xilinx-systemc-detector -import-directive=/home/e/Documents/research/byotee/OSDZU3_Ref_Design/OSDZU3_Ref_Design.runs/design_1_v_mix_0_0_synth_1/prj/sol/.autopilot/db/.systemc_flag -fix-errors /home/e/Documents/research/byotee/OSDZU3_Ref_Design/OSDZU3_Ref_Design.runs/design_1_v_mix_0_0_synth_1/prj/sol/.autopilot/db/v_mix.pp.0.cpp -- - -target fpga -fhls -ferror-limit=0
Command         clang_tidy done; 1.76 sec.
INFO-FLOW: Running: clang-tidy CDT preprocess 39
Execute         clang_tidy xilinx-directive2pragma -desc directive2pragma /home/e/Documents/research/byotee/OSDZU3_Ref_Design/OSDZU3_Ref_Design.runs/design_1_v_mix_0_0_synth_1/prj/sol/.autopilot/db/v_mix.pp.0.cpp  -target fpga  -directive=/home/e/Documents/research/byotee/OSDZU3_Ref_Design/OSDZU3_Ref_Design.runs/design_1_v_mix_0_0_synth_1/prj/sol/.autopilot/db/all.directive.json 
INFO-FLOW: exec /tools/Xilinx/2025.1/Vitis/lnx64/tools/clang-3.9-csynth/bin/clang-tidy -header-filter=.* --checks=-*,xilinx-directive2pragma -import-directive=/home/e/Documents/research/byotee/OSDZU3_Ref_Design/OSDZU3_Ref_Design.runs/design_1_v_mix_0_0_synth_1/prj/sol/.autopilot/db/all.directive.json -fix-errors /home/e/Documents/research/byotee/OSDZU3_Ref_Design/OSDZU3_Ref_Design.runs/design_1_v_mix_0_0_synth_1/prj/sol/.autopilot/db/v_mix.pp.0.cpp -- - -target fpga -fhls -ferror-limit=0
Command         clang_tidy done; 2.31 sec.
INFO-FLOW: Done: clang-tidy CDT preprocess 39 time: 2.3 seconds per iteration
INFO-FLOW: Calling xilinx-label-all-loops ... 
INFO-FLOW: Calling xilinx-aggregate-on-hls-vector ... 
Execute         clang_tidy -errorcheck -desc loop-label xilinx-label-all-loops,xilinx-aggregate-on-hls-vector,,xilinx-warn-mayneed-no-ctor-attribute /home/e/Documents/research/byotee/OSDZU3_Ref_Design/OSDZU3_Ref_Design.runs/design_1_v_mix_0_0_synth_1/prj/sol/.autopilot/db/v_mix.pp.0.cpp  -target fpga  
INFO-FLOW: run_clang exec: /tools/Xilinx/2025.1/Vitis/lnx64/tools/clang-3.9-csynth/bin/clang-tidy -export-fixes=/home/e/Documents/research/byotee/OSDZU3_Ref_Design/OSDZU3_Ref_Design.runs/design_1_v_mix_0_0_synth_1/prj/sol/.autopilot/db/v_mix.pp.0.cpp.clang-tidy.loop-label.diag.yml -header-filter=.* --checks=-*,xilinx-label-all-loops,xilinx-aggregate-on-hls-vector,,xilinx-warn-mayneed-no-ctor-attribute -fix-errors /home/e/Documents/research/byotee/OSDZU3_Ref_Design/OSDZU3_Ref_Design.runs/design_1_v_mix_0_0_synth_1/prj/sol/.autopilot/db/v_mix.pp.0.cpp -- - -target fpga -fhls -ferror-limit=0 > /home/e/Documents/research/byotee/OSDZU3_Ref_Design/OSDZU3_Ref_Design.runs/design_1_v_mix_0_0_synth_1/prj/sol/.autopilot/db/v_mix.pp.0.cpp.clang-tidy.loop-label.out.log 2> /home/e/Documents/research/byotee/OSDZU3_Ref_Design/OSDZU3_Ref_Design.runs/design_1_v_mix_0_0_synth_1/prj/sol/.autopilot/db/v_mix.pp.0.cpp.clang-tidy.loop-label.err.log
Command         clang_tidy done; 5.46 sec.
INFO-FLOW: run_clang exec: /tools/Xilinx/2025.1/Vitis/lnx64/tools/clang-3.9-csynth/bin/xilinx-dataflow-lawyer -export-fixes=/home/e/Documents/research/byotee/OSDZU3_Ref_Design/OSDZU3_Ref_Design.runs/design_1_v_mix_0_0_synth_1/prj/sol/.autopilot/db/v_mix.pp.0.cpp.xilinx-dataflow-lawyer.diag.yml /home/e/Documents/research/byotee/OSDZU3_Ref_Design/OSDZU3_Ref_Design.runs/design_1_v_mix_0_0_synth_1/prj/sol/.autopilot/db/v_mix.pp.0.cpp -- - -target fpga -fhls -ferror-limit=0 -fstrict-dataflow > /home/e/Documents/research/byotee/OSDZU3_Ref_Design/OSDZU3_Ref_Design.runs/design_1_v_mix_0_0_synth_1/prj/sol/.autopilot/db/v_mix.pp.0.cpp.xilinx-dataflow-lawyer.out.log 2> /home/e/Documents/research/byotee/OSDZU3_Ref_Design/OSDZU3_Ref_Design.runs/design_1_v_mix_0_0_synth_1/prj/sol/.autopilot/db/v_mix.pp.0.cpp.xilinx-dataflow-lawyer.err.log
Execute         ap_part_info -name xczu3eg-sfvc784-1-e -data info 
INFO-FLOW: compiling source code to llvm bc
INFO-FLOW: run_clang exec: /tools/Xilinx/2025.1/Vitis/lnx64/tools/clang-3.9-csynth/bin/clang -foptimization-record-file=/home/e/Documents/research/byotee/OSDZU3_Ref_Design/OSDZU3_Ref_Design.runs/design_1_v_mix_0_0_synth_1/prj/sol/.autopilot/db/v_mix.pp.0.cpp.clang.diag.yml -mllvm -pass-remarks-missed=reflow|pasta|unroll|inline -mllvm -pass-remarks=reflow|pasta|unroll|inline -fno-limit-debug-info -fhls -flto -fno-exceptions -Wno-error=c++11-narrowing -hls-emit-hint-scope /home/e/Documents/research/byotee/OSDZU3_Ref_Design/OSDZU3_Ref_Design.runs/design_1_v_mix_0_0_synth_1/prj/sol/.autopilot/db/v_mix.pp.0.cpp -I/home/e/Documents/research/byotee/OSDZU3_Ref_Design/OSDZU3_Ref_Design.gen/sources_1/bd/design_1/ip/design_1_v_mix_0_0/src/hls -I/home/e/Documents/research/byotee/OSDZU3_Ref_Design/OSDZU3_Ref_Design.gen/sources_1/bd/design_1/ip/design_1_v_mix_0_0/src -fno-math-errno -c -emit-llvm -mllvm -disable-llvm-optzns -Werror=implicit-function-declaration -Werror=implicit-hls-streams -Werror=return-type -Wpragmas -Wunused-parameter -Wdump-hls-pragmas -Wno-error=dump-hls-pragmas -hls-clock-period=5 -fno-threadsafe-statics -fno-use-cxa-atexit -target fpga64-xilinx-linux-gnu -D__VITIS_HLS__ -DAESL_SYN -D__SYNTHESIS__ -D__HLS_SYN__ -I /tools/Xilinx/2025.1/Vitis/common/technology/autopilot -I /tools/Xilinx/2025.1/Vitis/common/technology/autopilot/ap_sysc -include etc/autopilot_ssdm_op.h -D__DSP48E2__ -g -o /home/e/Documents/research/byotee/OSDZU3_Ref_Design/OSDZU3_Ref_Design.runs/design_1_v_mix_0_0_synth_1/prj/sol/.autopilot/db/v_mix.bc -hls-platform-db-name=/tools/Xilinx/2025.1/Vitis/common/technology/xilinx/common/platform.db -hls-platform-name=zynquplus_slow -device-resource-info=BRAM_432.000000_DSP_360.000000_FF_141120.000000_LUT_70560.000000_SLICE_8820.000000_URAM_0.000000 -device-name-info=xczu3eg-sfvc784-1-e > /home/e/Documents/research/byotee/OSDZU3_Ref_Design/OSDZU3_Ref_Design.runs/design_1_v_mix_0_0_synth_1/prj/sol/.autopilot/db/v_mix.pp.0.cpp.clang.out.log 2> /home/e/Documents/research/byotee/OSDZU3_Ref_Design/OSDZU3_Ref_Design.runs/design_1_v_mix_0_0_synth_1/prj/sol/.autopilot/db/v_mix.pp.0.cpp.clang.err.log
WARNING: [HLS 207-5292] unused parameter 'layerScaleFactor' (/home/e/Documents/research/byotee/OSDZU3_Ref_Design/OSDZU3_Ref_Design.runs/design_1_v_mix_0_0_synth_1/prj/sol/.autopilot/db/v_mix.cpp:94:29)
WARNING: [HLS 207-5292] unused parameter 'layerScaleFactor' (/home/e/Documents/research/byotee/OSDZU3_Ref_Design/OSDZU3_Ref_Design.runs/design_1_v_mix_0_0_synth_1/prj/sol/.autopilot/db/v_mix.cpp:190:29)
WARNING: [HLS 207-5292] unused parameter 'srclayerAlpha' (/home/e/Documents/research/byotee/OSDZU3_Ref_Design/OSDZU3_Ref_Design.runs/design_1_v_mix_0_0_synth_1/prj/sol/.autopilot/db/v_mix.cpp:362:56)
WARNING: [HLS 207-5292] unused parameter 'srclayerAlpha' (/home/e/Documents/research/byotee/OSDZU3_Ref_Design/OSDZU3_Ref_Design.runs/design_1_v_mix_0_0_synth_1/prj/sol/.autopilot/db/v_mix.cpp:436:56)
WARNING: [HLS 207-5292] unused parameter 'layerVideoFormat' (/home/e/Documents/research/byotee/OSDZU3_Ref_Design/OSDZU3_Ref_Design.runs/design_1_v_mix_0_0_synth_1/prj/sol/.autopilot/db/v_mix.cpp:2235:6)
INFO: [HLS 200-111] Finished Source Code Analysis and Preprocessing: CPU user time: 42.4 seconds. CPU system time: 3.34 seconds. Elapsed time: 45.76 seconds; current allocated memory: 289.469 MB.
INFO-FLOW: Linking Debug ...
INFO-FLOW: Linking dut bc code.
Execute         run_link_or_opt -out /home/e/Documents/research/byotee/OSDZU3_Ref_Design/OSDZU3_Ref_Design.runs/design_1_v_mix_0_0_synth_1/prj/sol/.autopilot/db/a.g.ld.0.bc -args  "/home/e/Documents/research/byotee/OSDZU3_Ref_Design/OSDZU3_Ref_Design.runs/design_1_v_mix_0_0_synth_1/prj/sol/.autopilot/db/v_csc.g.bc" "/home/e/Documents/research/byotee/OSDZU3_Ref_Design/OSDZU3_Ref_Design.runs/design_1_v_mix_0_0_synth_1/prj/sol/.autopilot/db/v_dma.g.bc" "/home/e/Documents/research/byotee/OSDZU3_Ref_Design/OSDZU3_Ref_Design.runs/design_1_v_mix_0_0_synth_1/prj/sol/.autopilot/db/v_mix.g.bc"  
INFO-FLOW: run_clang exec: /tools/Xilinx/2025.1/Vitis/lnx64/tools/clang-3.9-csynth/bin/llvm-link /home/e/Documents/research/byotee/OSDZU3_Ref_Design/OSDZU3_Ref_Design.runs/design_1_v_mix_0_0_synth_1/prj/sol/.autopilot/db/v_csc.g.bc /home/e/Documents/research/byotee/OSDZU3_Ref_Design/OSDZU3_Ref_Design.runs/design_1_v_mix_0_0_synth_1/prj/sol/.autopilot/db/v_dma.g.bc /home/e/Documents/research/byotee/OSDZU3_Ref_Design/OSDZU3_Ref_Design.runs/design_1_v_mix_0_0_synth_1/prj/sol/.autopilot/db/v_mix.g.bc -o /home/e/Documents/research/byotee/OSDZU3_Ref_Design/OSDZU3_Ref_Design.runs/design_1_v_mix_0_0_synth_1/prj/sol/.autopilot/db/a.g.ld.0.bc > /home/e/Documents/research/byotee/OSDZU3_Ref_Design/OSDZU3_Ref_Design.runs/design_1_v_mix_0_0_synth_1/prj/sol/.autopilot/db/a.g.ld.0.bc.llvm-link.out.log 2> /home/e/Documents/research/byotee/OSDZU3_Ref_Design/OSDZU3_Ref_Design.runs/design_1_v_mix_0_0_synth_1/prj/sol/.autopilot/db/a.g.ld.0.bc.llvm-link.err.log
Execute         run_link_or_opt -opt -out /home/e/Documents/research/byotee/OSDZU3_Ref_Design/OSDZU3_Ref_Design.runs/design_1_v_mix_0_0_synth_1/prj/sol/.autopilot/db/a.g.ld.1.lower.bc -args /home/e/Documents/research/byotee/OSDZU3_Ref_Design/OSDZU3_Ref_Design.runs/design_1_v_mix_0_0_synth_1/prj/sol/.autopilot/db/a.g.ld.0.bc -reflow-lower-math-intrinsics 
INFO-FLOW: run_clang exec: /tools/Xilinx/2025.1/Vitis/lnx64/tools/clang-3.9-csynth/bin/opt -pass-remarks-missed=reflow|pasta|unroll|inline -pass-remarks=reflow|pasta|unroll|inline -pass-remarks-output=/home/e/Documents/research/byotee/OSDZU3_Ref_Design/OSDZU3_Ref_Design.runs/design_1_v_mix_0_0_synth_1/prj/sol/.autopilot/db/a.g.ld.1.lower.bc.opt.diag.yml /home/e/Documents/research/byotee/OSDZU3_Ref_Design/OSDZU3_Ref_Design.runs/design_1_v_mix_0_0_synth_1/prj/sol/.autopilot/db/a.g.ld.0.bc -reflow-lower-math-intrinsics -o /home/e/Documents/research/byotee/OSDZU3_Ref_Design/OSDZU3_Ref_Design.runs/design_1_v_mix_0_0_synth_1/prj/sol/.autopilot/db/a.g.ld.1.lower.bc > /home/e/Documents/research/byotee/OSDZU3_Ref_Design/OSDZU3_Ref_Design.runs/design_1_v_mix_0_0_synth_1/prj/sol/.autopilot/db/a.g.ld.1.lower.bc.opt.out.log 2> /home/e/Documents/research/byotee/OSDZU3_Ref_Design/OSDZU3_Ref_Design.runs/design_1_v_mix_0_0_synth_1/prj/sol/.autopilot/db/a.g.ld.1.lower.bc.opt.err.log
INFO-FLOW: Running: gen_design_size_report post-opt
INFO-FLOW: Done: gen_design_size_report post-opt time: 0 seconds per iteration
INFO-FLOW: Linking math bc lib
Execute         run_link_or_opt -out /home/e/Documents/research/byotee/OSDZU3_Ref_Design/OSDZU3_Ref_Design.runs/design_1_v_mix_0_0_synth_1/prj/sol/.autopilot/db/a.g.ld.2.m1.bc -args /home/e/Documents/research/byotee/OSDZU3_Ref_Design/OSDZU3_Ref_Design.runs/design_1_v_mix_0_0_synth_1/prj/sol/.autopilot/db/a.g.ld.1.lower.bc -only-needed /tools/Xilinx/2025.1/Vitis/lnx64/lib/libhlsm_39.bc /tools/Xilinx/2025.1/Vitis/lnx64/lib/libhlsmc++_39.bc 
INFO-FLOW: run_clang exec: /tools/Xilinx/2025.1/Vitis/lnx64/tools/clang-3.9-csynth/bin/llvm-link /home/e/Documents/research/byotee/OSDZU3_Ref_Design/OSDZU3_Ref_Design.runs/design_1_v_mix_0_0_synth_1/prj/sol/.autopilot/db/a.g.ld.1.lower.bc -only-needed /tools/Xilinx/2025.1/Vitis/lnx64/lib/libhlsm_39.bc /tools/Xilinx/2025.1/Vitis/lnx64/lib/libhlsmc++_39.bc -o /home/e/Documents/research/byotee/OSDZU3_Ref_Design/OSDZU3_Ref_Design.runs/design_1_v_mix_0_0_synth_1/prj/sol/.autopilot/db/a.g.ld.2.m1.bc > /home/e/Documents/research/byotee/OSDZU3_Ref_Design/OSDZU3_Ref_Design.runs/design_1_v_mix_0_0_synth_1/prj/sol/.autopilot/db/a.g.ld.2.m1.bc.llvm-link.out.log 2> /home/e/Documents/research/byotee/OSDZU3_Ref_Design/OSDZU3_Ref_Design.runs/design_1_v_mix_0_0_synth_1/prj/sol/.autopilot/db/a.g.ld.2.m1.bc.llvm-link.err.log
Command         run_link_or_opt done; 0.93 sec.
Execute         run_link_or_opt -opt -out /home/e/Documents/research/byotee/OSDZU3_Ref_Design/OSDZU3_Ref_Design.runs/design_1_v_mix_0_0_synth_1/prj/sol/.autopilot/db/a.g.ld.3.fpc.bc -args /home/e/Documents/research/byotee/OSDZU3_Ref_Design/OSDZU3_Ref_Design.runs/design_1_v_mix_0_0_synth_1/prj/sol/.autopilot/db/a.g.ld.2.m1.bc -reflow-globaldce -hls-top-function-name=v_mix -reflow-float-conversion 
INFO-FLOW: run_clang exec: /tools/Xilinx/2025.1/Vitis/lnx64/tools/clang-3.9-csynth/bin/opt -pass-remarks-missed=reflow|pasta|unroll|inline -pass-remarks=reflow|pasta|unroll|inline -pass-remarks-output=/home/e/Documents/research/byotee/OSDZU3_Ref_Design/OSDZU3_Ref_Design.runs/design_1_v_mix_0_0_synth_1/prj/sol/.autopilot/db/a.g.ld.3.fpc.bc.opt.diag.yml /home/e/Documents/research/byotee/OSDZU3_Ref_Design/OSDZU3_Ref_Design.runs/design_1_v_mix_0_0_synth_1/prj/sol/.autopilot/db/a.g.ld.2.m1.bc -reflow-globaldce -hls-top-function-name=v_mix -reflow-float-conversion -o /home/e/Documents/research/byotee/OSDZU3_Ref_Design/OSDZU3_Ref_Design.runs/design_1_v_mix_0_0_synth_1/prj/sol/.autopilot/db/a.g.ld.3.fpc.bc > /home/e/Documents/research/byotee/OSDZU3_Ref_Design/OSDZU3_Ref_Design.runs/design_1_v_mix_0_0_synth_1/prj/sol/.autopilot/db/a.g.ld.3.fpc.bc.opt.out.log 2> /home/e/Documents/research/byotee/OSDZU3_Ref_Design/OSDZU3_Ref_Design.runs/design_1_v_mix_0_0_synth_1/prj/sol/.autopilot/db/a.g.ld.3.fpc.bc.opt.err.log
INFO-FLOW: Running: gen_design_size_report post-opt
INFO-FLOW: Done: gen_design_size_report post-opt time: 0 seconds per iteration
Command         run_link_or_opt done; 0.38 sec.
Execute         run_link_or_opt -out /home/e/Documents/research/byotee/OSDZU3_Ref_Design/OSDZU3_Ref_Design.runs/design_1_v_mix_0_0_synth_1/prj/sol/.autopilot/db/a.g.ld.4.m2.bc -args /home/e/Documents/research/byotee/OSDZU3_Ref_Design/OSDZU3_Ref_Design.runs/design_1_v_mix_0_0_synth_1/prj/sol/.autopilot/db/a.g.ld.3.fpc.bc -only-needed /tools/Xilinx/2025.1/Vitis/lnx64/lib/libfloatconversion_39.bc 
INFO-FLOW: run_clang exec: /tools/Xilinx/2025.1/Vitis/lnx64/tools/clang-3.9-csynth/bin/llvm-link /home/e/Documents/research/byotee/OSDZU3_Ref_Design/OSDZU3_Ref_Design.runs/design_1_v_mix_0_0_synth_1/prj/sol/.autopilot/db/a.g.ld.3.fpc.bc -only-needed /tools/Xilinx/2025.1/Vitis/lnx64/lib/libfloatconversion_39.bc -o /home/e/Documents/research/byotee/OSDZU3_Ref_Design/OSDZU3_Ref_Design.runs/design_1_v_mix_0_0_synth_1/prj/sol/.autopilot/db/a.g.ld.4.m2.bc > /home/e/Documents/research/byotee/OSDZU3_Ref_Design/OSDZU3_Ref_Design.runs/design_1_v_mix_0_0_synth_1/prj/sol/.autopilot/db/a.g.ld.4.m2.bc.llvm-link.out.log 2> /home/e/Documents/research/byotee/OSDZU3_Ref_Design/OSDZU3_Ref_Design.runs/design_1_v_mix_0_0_synth_1/prj/sol/.autopilot/db/a.g.ld.4.m2.bc.llvm-link.err.log
Execute         run_link_or_opt -opt -out /home/e/Documents/research/byotee/OSDZU3_Ref_Design/OSDZU3_Ref_Design.runs/design_1_v_mix_0_0_synth_1/prj/sol/.autopilot/db/a.g.ld.5.gdce.bc -args /home/e/Documents/research/byotee/OSDZU3_Ref_Design/OSDZU3_Ref_Design.runs/design_1_v_mix_0_0_synth_1/prj/sol/.autopilot/db/a.g.ld.4.m2.bc -reflow-globaldce -hls-top-function-name=v_mix 
INFO-FLOW: run_clang exec: /tools/Xilinx/2025.1/Vitis/lnx64/tools/clang-3.9-csynth/bin/opt -pass-remarks-missed=reflow|pasta|unroll|inline -pass-remarks=reflow|pasta|unroll|inline -pass-remarks-output=/home/e/Documents/research/byotee/OSDZU3_Ref_Design/OSDZU3_Ref_Design.runs/design_1_v_mix_0_0_synth_1/prj/sol/.autopilot/db/a.g.ld.5.gdce.bc.opt.diag.yml /home/e/Documents/research/byotee/OSDZU3_Ref_Design/OSDZU3_Ref_Design.runs/design_1_v_mix_0_0_synth_1/prj/sol/.autopilot/db/a.g.ld.4.m2.bc -reflow-globaldce -hls-top-function-name=v_mix -o /home/e/Documents/research/byotee/OSDZU3_Ref_Design/OSDZU3_Ref_Design.runs/design_1_v_mix_0_0_synth_1/prj/sol/.autopilot/db/a.g.ld.5.gdce.bc > /home/e/Documents/research/byotee/OSDZU3_Ref_Design/OSDZU3_Ref_Design.runs/design_1_v_mix_0_0_synth_1/prj/sol/.autopilot/db/a.g.ld.5.gdce.bc.opt.out.log 2> /home/e/Documents/research/byotee/OSDZU3_Ref_Design/OSDZU3_Ref_Design.runs/design_1_v_mix_0_0_synth_1/prj/sol/.autopilot/db/a.g.ld.5.gdce.bc.opt.err.log
INFO-FLOW: Running: gen_design_size_report post-opt
INFO-FLOW: Done: gen_design_size_report post-opt time: 0 seconds per iteration
Execute         send_msg_by_id INFO @200-777@%s Vivado 
INFO: [HLS 200-777] Using interface defaults for 'Vivado' flow target.
Execute         is_m_axi_addr64 
INFO-FLOW: Doing LTO.
INFO-FLOW: run_clang (background poll_ms 5000) exec: /tools/Xilinx/2025.1/Vitis/lnx64/tools/clang-3.9-csynth/bin/clang -foptimization-record-file=/home/e/Documents/research/byotee/OSDZU3_Ref_Design/OSDZU3_Ref_Design.runs/design_1_v_mix_0_0_synth_1/prj/sol/.autopilot/db/a.g.ld.0.bc.clang.reflow.diag.yml -mllvm -pass-remarks-missed=reflow|pasta|unroll|inline -mllvm -pass-remarks=reflow|pasta|unroll|inline -fhls -mllvm -hls-top-function-name=v_mix -mllvm -hls-db-dir -mllvm /home/e/Documents/research/byotee/OSDZU3_Ref_Design/OSDZU3_Ref_Design.runs/design_1_v_mix_0_0_synth_1/prj/sol/.autopilot/db -emit-llvm -c -target fpga64-xilinx-none -mllvm -xcl-xmlinfo=/home/e/Documents/research/byotee/OSDZU3_Ref_Design/OSDZU3_Ref_Design.runs/design_1_v_mix_0_0_synth_1/prj/sol/.autopilot/db/kernel.internal.xml -mllvm -top-io-mapping-info=/home/e/Documents/research/byotee/OSDZU3_Ref_Design/OSDZU3_Ref_Design.runs/design_1_v_mix_0_0_synth_1/prj/sol/.autopilot/db/top-io-fe.xml -mllvm -hls-bitcode-version=3.1 -mllvm -hls-top-function-prefix=design_1_v_mix_0_0_ -mllvm -reflow-enable-slave-interface-default-setting=true -mllvm -gen-kernel-xml=false -mllvm -default-maxi-offset=slave -mllvm -reflow-unroll-size-threshold=10000 -mllvm -reflow-unroll-cost-threshold=1000000 -mllvm -maxi-latency=0 -mllvm -hls-maxi-data-size-in-bits=8 -mllvm -hls-maxi-max-data-size-in-bits=1024 -mllvm -hls-max-widen-size-in-bits=0 -mllvm -xcl-kernel-max-mem-ports=0 -mllvm -maxi-read-trans=16 -mllvm -maxi-write-trans=16 -mllvm -maxi-read-burst-len=16 -mllvm -maxi-write-burst-len=16 -mllvm -reflow-enable-saxi-64bits=0 -mllvm -reflow-basic-block-instr-threshold=200000 -mllvm -reflow-auto-pipeline-threshold=64 -mllvm -reflow-enable-maxi-auto-id-channel=0 -mllvm -reflow-bdd-simplify-threshold=1048576 -mllvm -reflow-fanout-threshold=16 -mllvm -reflow-force-aggressive-unroll=0 -mllvm -reflow-aggressive-unroll-adjust-factor=1.000000 -mllvm -reflow-complete-threshold=4 -mllvm -reflow-array-promotion-threshold=64 -mllvm -reflow-enable-critical-path-for-performance=1 -mllvm -assume-maxi-align=1 -mllvm -reflow-enable-dataflow-strict-mode-checking=1 -ftime-report -mllvm -time-passes -mllvm -reflow-auto-array-partition-mode=default -mllvm -reflow-enable-auto-small-array-partition=true -mllvm -reflow-enable-auto-array-promotion=true -mllvm -reflow-enable-auto-array-partition-for-flatten=true -mllvm -reflow-enable-auto-parallel-performance-driven=true -mllvm -reflow-enable-partition-for-automation=true -mllvm -reflow-aggregate-bitwidth-threshold=4096 -mllvm -reflow-reserved-saxilite-registers=0 -mllvm -enable-reflow-auto-loop-pipeline -mllvm -reflow-max-unroll-threshold=409600 -mllvm -auto-unroll-tripcount-threshold=0 -mllvm -reflow-assume-no-address-wrap=true -mllvm -reflow-enable-occurrence-inference=true -mllvm -reflow-emit-hint-scope=true -mllvm -reflow-enable-codegen-with-if=true -mllvm -reflow-enable-dataflow-canon=true -mllvm -reflow-enable-dataflow-canon2=true -mllvm -reflow-dump-extra-complexity-metric=true -mllvm -hls -mllvm -disable-inlined-alloca-merging=true -mllvm -reflow-enable-maxi-addr-32bits -mllvm -default-clock-period=5 -mllvm -use_read_first_ram_in_loop=1 -mllvm -default-clock-uncertainty=1.35 -x ir /home/e/Documents/research/byotee/OSDZU3_Ref_Design/OSDZU3_Ref_Design.runs/design_1_v_mix_0_0_synth_1/prj/sol/.autopilot/db/a.g.ld.5.gdce.bc -o /home/e/Documents/research/byotee/OSDZU3_Ref_Design/OSDZU3_Ref_Design.runs/design_1_v_mix_0_0_synth_1/prj/sol/.autopilot/db/a.g.lto.bc -hls-platform-db-name=/tools/Xilinx/2025.1/Vitis/common/technology/xilinx/common/platform.db -hls-platform-name=zynquplus_slow -device-resource-info=BRAM_432.000000_DSP_360.000000_FF_141120.000000_LUT_70560.000000_SLICE_8820.000000_URAM_0.000000 -device-name-info=xczu3eg-sfvc784-1-e 2> /home/e/Documents/research/byotee/OSDZU3_Ref_Design/OSDZU3_Ref_Design.runs/design_1_v_mix_0_0_synth_1/prj/sol/.autopilot/db/a.g.ld.0.bc.clang.reflow.err.log bg_poll_cmd: ::AP::poll_clang_39_closed_source
Execute         send_msg_by_id INFO @200-1995@%s%s%s 6,365 Compile/Link (/home/e/Documents/research/byotee/OSDZU3_Ref_Design/OSDZU3_Ref_Design.runs/design_1_v_mix_0_0_synth_1/prj/sol/syn/report/csynth_design_size.rpt:2) 
INFO: [HLS 200-1995] There were 6,365 instructions in the design after the 'Compile/Link' phase of compilation. See the Design Size Report for more details (/home/e/Documents/research/byotee/OSDZU3_Ref_Design/OSDZU3_Ref_Design.runs/design_1_v_mix_0_0_synth_1/prj/sol/syn/report/csynth_design_size.rpt:2)
Execute         send_msg_by_id INFO @200-1995@%s%s%s 3,194 Unroll/Inline (step 1) (/home/e/Documents/research/byotee/OSDZU3_Ref_Design/OSDZU3_Ref_Design.runs/design_1_v_mix_0_0_synth_1/prj/sol/syn/report/csynth_design_size.rpt:2) 
INFO: [HLS 200-1995] There were 3,194 instructions in the design after the 'Unroll/Inline (step 1)' phase of compilation. See the Design Size Report for more details (/home/e/Documents/research/byotee/OSDZU3_Ref_Design/OSDZU3_Ref_Design.runs/design_1_v_mix_0_0_synth_1/prj/sol/syn/report/csynth_design_size.rpt:2)
Execute         send_msg_by_id INFO @200-1995@%s%s%s 2,121 Unroll/Inline (step 2) (/home/e/Documents/research/byotee/OSDZU3_Ref_Design/OSDZU3_Ref_Design.runs/design_1_v_mix_0_0_synth_1/prj/sol/syn/report/csynth_design_size.rpt:2) 
INFO: [HLS 200-1995] There were 2,121 instructions in the design after the 'Unroll/Inline (step 2)' phase of compilation. See the Design Size Report for more details (/home/e/Documents/research/byotee/OSDZU3_Ref_Design/OSDZU3_Ref_Design.runs/design_1_v_mix_0_0_synth_1/prj/sol/syn/report/csynth_design_size.rpt:2)
Execute         send_msg_by_id INFO @200-1995@%s%s%s 2,179 Unroll/Inline (step 3) (/home/e/Documents/research/byotee/OSDZU3_Ref_Design/OSDZU3_Ref_Design.runs/design_1_v_mix_0_0_synth_1/prj/sol/syn/report/csynth_design_size.rpt:2) 
INFO: [HLS 200-1995] There were 2,179 instructions in the design after the 'Unroll/Inline (step 3)' phase of compilation. See the Design Size Report for more details (/home/e/Documents/research/byotee/OSDZU3_Ref_Design/OSDZU3_Ref_Design.runs/design_1_v_mix_0_0_synth_1/prj/sol/syn/report/csynth_design_size.rpt:2)
Execute         send_msg_by_id INFO @200-1995@%s%s%s 2,175 Unroll/Inline (step 4) (/home/e/Documents/research/byotee/OSDZU3_Ref_Design/OSDZU3_Ref_Design.runs/design_1_v_mix_0_0_synth_1/prj/sol/syn/report/csynth_design_size.rpt:2) 
INFO: [HLS 200-1995] There were 2,175 instructions in the design after the 'Unroll/Inline (step 4)' phase of compilation. See the Design Size Report for more details (/home/e/Documents/research/byotee/OSDZU3_Ref_Design/OSDZU3_Ref_Design.runs/design_1_v_mix_0_0_synth_1/prj/sol/syn/report/csynth_design_size.rpt:2)
Execute         send_msg_by_id INFO @200-1995@%s%s%s 1,637 Array/Struct (step 1) (/home/e/Documents/research/byotee/OSDZU3_Ref_Design/OSDZU3_Ref_Design.runs/design_1_v_mix_0_0_synth_1/prj/sol/syn/report/csynth_design_size.rpt:2) 
INFO: [HLS 200-1995] There were 1,637 instructions in the design after the 'Array/Struct (step 1)' phase of compilation. See the Design Size Report for more details (/home/e/Documents/research/byotee/OSDZU3_Ref_Design/OSDZU3_Ref_Design.runs/design_1_v_mix_0_0_synth_1/prj/sol/syn/report/csynth_design_size.rpt:2)
Execute         send_msg_by_id INFO @200-1995@%s%s%s 1,585 Array/Struct (step 2) (/home/e/Documents/research/byotee/OSDZU3_Ref_Design/OSDZU3_Ref_Design.runs/design_1_v_mix_0_0_synth_1/prj/sol/syn/report/csynth_design_size.rpt:2) 
INFO: [HLS 200-1995] There were 1,585 instructions in the design after the 'Array/Struct (step 2)' phase of compilation. See the Design Size Report for more details (/home/e/Documents/research/byotee/OSDZU3_Ref_Design/OSDZU3_Ref_Design.runs/design_1_v_mix_0_0_synth_1/prj/sol/syn/report/csynth_design_size.rpt:2)
Execute         send_msg_by_id INFO @200-1995@%s%s%s 1,615 Array/Struct (step 3) (/home/e/Documents/research/byotee/OSDZU3_Ref_Design/OSDZU3_Ref_Design.runs/design_1_v_mix_0_0_synth_1/prj/sol/syn/report/csynth_design_size.rpt:2) 
INFO: [HLS 200-1995] There were 1,615 instructions in the design after the 'Array/Struct (step 3)' phase of compilation. See the Design Size Report for more details (/home/e/Documents/research/byotee/OSDZU3_Ref_Design/OSDZU3_Ref_Design.runs/design_1_v_mix_0_0_synth_1/prj/sol/syn/report/csynth_design_size.rpt:2)
Execute         send_msg_by_id INFO @200-1995@%s%s%s 2,009 Array/Struct (step 4) (/home/e/Documents/research/byotee/OSDZU3_Ref_Design/OSDZU3_Ref_Design.runs/design_1_v_mix_0_0_synth_1/prj/sol/syn/report/csynth_design_size.rpt:2) 
INFO: [HLS 200-1995] There were 2,009 instructions in the design after the 'Array/Struct (step 4)' phase of compilation. See the Design Size Report for more details (/home/e/Documents/research/byotee/OSDZU3_Ref_Design/OSDZU3_Ref_Design.runs/design_1_v_mix_0_0_synth_1/prj/sol/syn/report/csynth_design_size.rpt:2)
Execute         send_msg_by_id INFO @200-1995@%s%s%s 2,391 Array/Struct (step 5) (/home/e/Documents/research/byotee/OSDZU3_Ref_Design/OSDZU3_Ref_Design.runs/design_1_v_mix_0_0_synth_1/prj/sol/syn/report/csynth_design_size.rpt:2) 
INFO: [HLS 200-1995] There were 2,391 instructions in the design after the 'Array/Struct (step 5)' phase of compilation. See the Design Size Report for more details (/home/e/Documents/research/byotee/OSDZU3_Ref_Design/OSDZU3_Ref_Design.runs/design_1_v_mix_0_0_synth_1/prj/sol/syn/report/csynth_design_size.rpt:2)
Execute         send_msg_by_id INFO @200-1995@%s%s%s 2,318 Performance (step 1) (/home/e/Documents/research/byotee/OSDZU3_Ref_Design/OSDZU3_Ref_Design.runs/design_1_v_mix_0_0_synth_1/prj/sol/syn/report/csynth_design_size.rpt:2) 
INFO: [HLS 200-1995] There were 2,318 instructions in the design after the 'Performance (step 1)' phase of compilation. See the Design Size Report for more details (/home/e/Documents/research/byotee/OSDZU3_Ref_Design/OSDZU3_Ref_Design.runs/design_1_v_mix_0_0_synth_1/prj/sol/syn/report/csynth_design_size.rpt:2)
Execute         send_msg_by_id INFO @200-1995@%s%s%s 2,219 Performance (step 2) (/home/e/Documents/research/byotee/OSDZU3_Ref_Design/OSDZU3_Ref_Design.runs/design_1_v_mix_0_0_synth_1/prj/sol/syn/report/csynth_design_size.rpt:2) 
INFO: [HLS 200-1995] There were 2,219 instructions in the design after the 'Performance (step 2)' phase of compilation. See the Design Size Report for more details (/home/e/Documents/research/byotee/OSDZU3_Ref_Design/OSDZU3_Ref_Design.runs/design_1_v_mix_0_0_synth_1/prj/sol/syn/report/csynth_design_size.rpt:2)
Execute         send_msg_by_id INFO @200-1995@%s%s%s 1,992 Performance (step 3) (/home/e/Documents/research/byotee/OSDZU3_Ref_Design/OSDZU3_Ref_Design.runs/design_1_v_mix_0_0_synth_1/prj/sol/syn/report/csynth_design_size.rpt:2) 
INFO: [HLS 200-1995] There were 1,992 instructions in the design after the 'Performance (step 3)' phase of compilation. See the Design Size Report for more details (/home/e/Documents/research/byotee/OSDZU3_Ref_Design/OSDZU3_Ref_Design.runs/design_1_v_mix_0_0_synth_1/prj/sol/syn/report/csynth_design_size.rpt:2)
Execute         send_msg_by_id INFO @200-1995@%s%s%s 1,992 Performance (step 4) (/home/e/Documents/research/byotee/OSDZU3_Ref_Design/OSDZU3_Ref_Design.runs/design_1_v_mix_0_0_synth_1/prj/sol/syn/report/csynth_design_size.rpt:2) 
INFO: [HLS 200-1995] There were 1,992 instructions in the design after the 'Performance (step 4)' phase of compilation. See the Design Size Report for more details (/home/e/Documents/research/byotee/OSDZU3_Ref_Design/OSDZU3_Ref_Design.runs/design_1_v_mix_0_0_synth_1/prj/sol/syn/report/csynth_design_size.rpt:2)
Execute         send_msg_by_id INFO @200-1995@%s%s%s 1,905 HW Transforms (step 1) (/home/e/Documents/research/byotee/OSDZU3_Ref_Design/OSDZU3_Ref_Design.runs/design_1_v_mix_0_0_synth_1/prj/sol/syn/report/csynth_design_size.rpt:2) 
INFO: [HLS 200-1995] There were 1,905 instructions in the design after the 'HW Transforms (step 1)' phase of compilation. See the Design Size Report for more details (/home/e/Documents/research/byotee/OSDZU3_Ref_Design/OSDZU3_Ref_Design.runs/design_1_v_mix_0_0_synth_1/prj/sol/syn/report/csynth_design_size.rpt:2)
Execute         send_msg_by_id INFO @200-1995@%s%s%s 1,778 HW Transforms (step 2) (/home/e/Documents/research/byotee/OSDZU3_Ref_Design/OSDZU3_Ref_Design.runs/design_1_v_mix_0_0_synth_1/prj/sol/syn/report/csynth_design_size.rpt:2) 
INFO: [HLS 200-1995] There were 1,778 instructions in the design after the 'HW Transforms (step 2)' phase of compilation. See the Design Size Report for more details (/home/e/Documents/research/byotee/OSDZU3_Ref_Design/OSDZU3_Ref_Design.runs/design_1_v_mix_0_0_synth_1/prj/sol/syn/report/csynth_design_size.rpt:2)
INFO: [HLS 214-131] Inlining function 'void hls::AXIGetBitFields<24, ap_uint<8> >(ap_uint<24>, int, int, ap_uint<8>&)' into 'void hls::AXIGetBitFields<24, ap_uint<8> >(hls::axis<ap_uint<24>, 1ul, 1ul, 1ul, (unsigned char)56, false>, int, int, ap_uint<8>&)' (/home/e/Documents/research/byotee/OSDZU3_Ref_Design/OSDZU3_Ref_Design.gen/sources_1/bd/design_1/ip/design_1_v_mix_0_0/src/hls/hls_axi_io.h:85:2)
INFO: [HLS 214-131] Inlining function 'hls::Scalar<3, ap_uint<8> >::Scalar()' into 'AXIvideo2MultiPixStream(hls::stream<hls::axis<ap_uint<24>, 1ul, 1ul, 1ul, (unsigned char)56, false>, 0>&, hls::stream<hls::Scalar<3, ap_uint<8> >, 0>&, unsigned short, unsigned short, bool, unsigned char)' (/home/e/Documents/research/byotee/OSDZU3_Ref_Design/OSDZU3_Ref_Design.runs/design_1_v_mix_0_0_synth_1/prj/sol/.autopilot/db/v_mix.cpp:3363:18)
INFO: [HLS 214-131] Inlining function 'void hls::AXIGetBitFields<24, ap_uint<8> >(hls::axis<ap_uint<24>, 1ul, 1ul, 1ul, (unsigned char)56, false>, int, int, ap_uint<8>&)' into 'AXIvideo2MultiPixStream(hls::stream<hls::axis<ap_uint<24>, 1ul, 1ul, 1ul, (unsigned char)56, false>, 0>&, hls::stream<hls::Scalar<3, ap_uint<8> >, 0>&, unsigned short, unsigned short, bool, unsigned char)' (/home/e/Documents/research/byotee/OSDZU3_Ref_Design/OSDZU3_Ref_Design.runs/design_1_v_mix_0_0_synth_1/prj/sol/.autopilot/db/v_mix.cpp:3419:7)
INFO: [HLS 214-131] Inlining function 'hls::Scalar<3, ap_uint<8> >::Scalar()' into 'void v_mix_420_to_422<false>(hls::stream<hls::Scalar<3, ap_uint<8> >, 0>&, unsigned short, unsigned short, bool, hls::stream<hls::Scalar<3, ap_uint<8> >, 0>&)' (/home/e/Documents/research/byotee/OSDZU3_Ref_Design/OSDZU3_Ref_Design.runs/design_1_v_mix_0_0_synth_1/prj/sol/.autopilot/db/v_csc.cpp:67:18)
INFO: [HLS 214-131] Inlining function 'hls::Scalar<3, ap_uint<8> >::Scalar()' into 'void v_mix_422_to_444<false>(hls::stream<hls::Scalar<3, ap_uint<8> >, 0>&, unsigned short, unsigned short, bool, hls::stream<hls::Scalar<3, ap_uint<8> >, 0>&)' (/home/e/Documents/research/byotee/OSDZU3_Ref_Design/OSDZU3_Ref_Design.runs/design_1_v_mix_0_0_synth_1/prj/sol/.autopilot/db/v_csc.cpp:96:18)
INFO: [HLS 214-131] Inlining function 'hls::Scalar<3, ap_uint<8> >::Scalar()' into 'void v_mix_yuv2rgb<false>(hls::stream<hls::Scalar<3, ap_uint<8> >, 0>&, unsigned short, unsigned short, bool, hls::stream<hls::Scalar<3, ap_uint<8> >, 0>&)' (/home/e/Documents/research/byotee/OSDZU3_Ref_Design/OSDZU3_Ref_Design.runs/design_1_v_mix_0_0_synth_1/prj/sol/.autopilot/db/v_csc.cpp:888:18)
INFO: [HLS 214-131] Inlining function 'hls::Scalar<3, ap_uint<8> >::Scalar()' into 'void v_mix_422_to_444<true>(hls::stream<hls::Scalar<3, ap_uint<8> >, 0>&, unsigned short, unsigned short, bool, hls::stream<hls::Scalar<3, ap_uint<8> >, 0>&)' (/home/e/Documents/research/byotee/OSDZU3_Ref_Design/OSDZU3_Ref_Design.runs/design_1_v_mix_0_0_synth_1/prj/sol/.autopilot/db/v_csc.cpp:141:18)
INFO: [HLS 214-131] Inlining function 'hls::Scalar<1, ap_uint<8> >::Scalar()' into 'void v_mix_422_to_444<true>(hls::stream<hls::Scalar<3, ap_uint<8> >, 0>&, unsigned short, unsigned short, bool, hls::stream<hls::Scalar<3, ap_uint<8> >, 0>&)' (/home/e/Documents/research/byotee/OSDZU3_Ref_Design/OSDZU3_Ref_Design.runs/design_1_v_mix_0_0_synth_1/prj/sol/.autopilot/db/v_csc.cpp:150:37)
INFO: [HLS 214-131] Inlining function 'hls::Scalar<3, ap_uint<8> >::Scalar()' into 'void v_mix_yuv2rgb<true>(hls::stream<hls::Scalar<3, ap_uint<8> >, 0>&, unsigned short, unsigned short, bool, hls::stream<hls::Scalar<3, ap_uint<8> >, 0>&)' (/home/e/Documents/research/byotee/OSDZU3_Ref_Design/OSDZU3_Ref_Design.runs/design_1_v_mix_0_0_synth_1/prj/sol/.autopilot/db/v_csc.cpp:931:18)
INFO: [HLS 214-131] Inlining function 'hls::Scalar<3, ap_uint<8> >::Scalar()' into 'void v_mix_upsample<false>(hls::stream<hls::Scalar<3, ap_uint<8> >, 0>&, unsigned short, unsigned short, bool, unsigned char&, hls::stream<hls::Scalar<3, ap_uint<8> >, 0>&)' (/home/e/Documents/research/byotee/OSDZU3_Ref_Design/OSDZU3_Ref_Design.runs/design_1_v_mix_0_0_synth_1/prj/sol/.autopilot/db/v_mix.cpp:98:18)
INFO: [HLS 214-131] Inlining function 'hls::Scalar<3, ap_uint<8> >::Scalar()' into 'void v_mix_core_alpha<false, false>(hls::stream<hls::Scalar<3, ap_uint<8> >, 0>&, hls::stream<hls::Scalar<3, ap_uint<8> >, 0>&, hls::stream<hls::Scalar<1, unsigned char>, 0>&, mix_hw_struct&, unsigned char, hls::stream<hls::Scalar<3, ap_uint<8> >, 0>&)' (/home/e/Documents/research/byotee/OSDZU3_Ref_Design/OSDZU3_Ref_Design.runs/design_1_v_mix_0_0_synth_1/prj/sol/.autopilot/db/v_mix.cpp:441:18)
INFO: [HLS 214-131] Inlining function 'hls::Scalar<3, ap_uint<8> >::Scalar()' into 'void v_mix_core_alpha<true, false>(hls::stream<hls::Scalar<3, ap_uint<8> >, 0>&, hls::stream<hls::Scalar<3, ap_uint<8> >, 0>&, hls::stream<hls::Scalar<1, unsigned char>, 0>&, mix_hw_struct&, unsigned char, hls::stream<hls::Scalar<3, ap_uint<8> >, 0>&)' (/home/e/Documents/research/byotee/OSDZU3_Ref_Design/OSDZU3_Ref_Design.runs/design_1_v_mix_0_0_synth_1/prj/sol/.autopilot/db/v_mix.cpp:367:18)
INFO: [HLS 214-131] Inlining function 'hls::Scalar<3, ap_uint<8> >::Scalar()' into 'void v_mix_rgb2yuv<false>(hls::stream<hls::Scalar<3, ap_uint<8> >, 0>&, unsigned short&, unsigned short&, hls::stream<hls::Scalar<3, ap_uint<8> >, 0>&)' (/home/e/Documents/research/byotee/OSDZU3_Ref_Design/OSDZU3_Ref_Design.runs/design_1_v_mix_0_0_synth_1/prj/sol/.autopilot/db/v_csc.cpp:1035:18)
INFO: [HLS 214-131] Inlining function 'hls::Scalar<3, ap_uint<8> >::Scalar()' into 'void v_mix_444_to_422<false>(hls::stream<hls::Scalar<3, ap_uint<8> >, 0>&, unsigned short&, unsigned short&, hls::stream<hls::Scalar<3, ap_uint<8> >, 0>&)' (/home/e/Documents/research/byotee/OSDZU3_Ref_Design/OSDZU3_Ref_Design.runs/design_1_v_mix_0_0_synth_1/prj/sol/.autopilot/db/v_csc.cpp:711:18)
INFO: [HLS 214-131] Inlining function 'hls::Scalar<3, ap_uint<8> >::Scalar()' into 'void v_mix_422_to_420<false>(hls::stream<hls::Scalar<3, ap_uint<8> >, 0>&, unsigned short&, unsigned short&, hls::stream<hls::Scalar<3, ap_uint<8> >, 0>&)' (/home/e/Documents/research/byotee/OSDZU3_Ref_Design/OSDZU3_Ref_Design.runs/design_1_v_mix_0_0_synth_1/prj/sol/.autopilot/db/v_csc.cpp:501:18)
INFO: [HLS 214-131] Inlining function 'hls::Scalar<3, ap_uint<8> >::Scalar()' into 'MultiPixStream2AXIvideo(hls::stream<hls::Scalar<3, ap_uint<8> >, 0>&, hls::stream<hls::axis<ap_uint<24>, 1ul, 1ul, 1ul, (unsigned char)56, false>, 0>&, unsigned short, unsigned short, unsigned char)' (/home/e/Documents/research/byotee/OSDZU3_Ref_Design/OSDZU3_Ref_Design.runs/design_1_v_mix_0_0_synth_1/prj/sol/.autopilot/db/v_mix.cpp:3462:18)
INFO: [HLS 214-377] Adding 'pix' into disaggregation list because there's array-partition pragma applied on the struct field (/home/e/Documents/research/byotee/OSDZU3_Ref_Design/OSDZU3_Ref_Design.gen/sources_1/bd/design_1/ip/design_1_v_mix_0_0/src/hls/hls_video_core.h:198:9)
INFO: [HLS 214-377] Adding 'srcpix' into disaggregation list because there's array-partition pragma applied on the struct field (/home/e/Documents/research/byotee/OSDZU3_Ref_Design/OSDZU3_Ref_Design.gen/sources_1/bd/design_1/ip/design_1_v_mix_0_0/src/hls/hls_video_core.h:198:9)
INFO: [HLS 214-377] Adding 'dstpix' into disaggregation list because there's array-partition pragma applied on the struct field (/home/e/Documents/research/byotee/OSDZU3_Ref_Design/OSDZU3_Ref_Design.gen/sources_1/bd/design_1/ip/design_1_v_mix_0_0/src/hls/hls_video_core.h:198:9)
INFO: [HLS 214-377] Adding 'bkgpix' into disaggregation list because there's array-partition pragma applied on the struct field (/home/e/Documents/research/byotee/OSDZU3_Ref_Design/OSDZU3_Ref_Design.gen/sources_1/bd/design_1/ip/design_1_v_mix_0_0/src/hls/hls_video_core.h:198:9)
INFO: [HLS 214-377] Adding 'lyrpix' into disaggregation list because there's array-partition pragma applied on the struct field (/home/e/Documents/research/byotee/OSDZU3_Ref_Design/OSDZU3_Ref_Design.gen/sources_1/bd/design_1/ip/design_1_v_mix_0_0/src/hls/hls_video_core.h:198:9)
INFO: [HLS 214-377] Adding 'outpix' into disaggregation list because there's array-partition pragma applied on the struct field (/home/e/Documents/research/byotee/OSDZU3_Ref_Design/OSDZU3_Ref_Design.gen/sources_1/bd/design_1/ip/design_1_v_mix_0_0/src/hls/hls_video_core.h:198:9)
INFO: [HLS 214-377] Adding 'mpix_y' into disaggregation list because there's array-partition pragma applied on the struct field (/home/e/Documents/research/byotee/OSDZU3_Ref_Design/OSDZU3_Ref_Design.gen/sources_1/bd/design_1/ip/design_1_v_mix_0_0/src/hls/hls_video_core.h:198:9)
INFO: [HLS 214-377] Adding 'mpix_cb' into disaggregation list because there's array-partition pragma applied on the struct field (/home/e/Documents/research/byotee/OSDZU3_Ref_Design/OSDZU3_Ref_Design.gen/sources_1/bd/design_1/ip/design_1_v_mix_0_0/src/hls/hls_video_core.h:198:9)
INFO: [HLS 214-377] Adding 'mpix_cr' into disaggregation list because there's array-partition pragma applied on the struct field (/home/e/Documents/research/byotee/OSDZU3_Ref_Design/OSDZU3_Ref_Design.gen/sources_1/bd/design_1/ip/design_1_v_mix_0_0/src/hls/hls_video_core.h:198:9)
INFO: [HLS 214-377] Adding 'pixbuf_y' into disaggregation list because there's array-partition pragma applied on the struct field (/home/e/Documents/research/byotee/OSDZU3_Ref_Design/OSDZU3_Ref_Design.gen/sources_1/bd/design_1/ip/design_1_v_mix_0_0/src/hls/hls_video_core.h:198:9)
INFO: [HLS 214-377] Adding 'pixbuf_cb' into disaggregation list because there's array-partition pragma applied on the struct field (/home/e/Documents/research/byotee/OSDZU3_Ref_Design/OSDZU3_Ref_Design.gen/sources_1/bd/design_1/ip/design_1_v_mix_0_0/src/hls/hls_video_core.h:198:9)
INFO: [HLS 214-377] Adding 'pixbuf_cr' into disaggregation list because there's array-partition pragma applied on the struct field (/home/e/Documents/research/byotee/OSDZU3_Ref_Design/OSDZU3_Ref_Design.gen/sources_1/bd/design_1/ip/design_1_v_mix_0_0/src/hls/hls_video_core.h:198:9)
INFO: [HLS 214-377] Adding 'inpix' into disaggregation list because there's array-partition pragma applied on the struct field (/home/e/Documents/research/byotee/OSDZU3_Ref_Design/OSDZU3_Ref_Design.gen/sources_1/bd/design_1/ip/design_1_v_mix_0_0/src/hls/hls_video_core.h:198:9)
INFO: [HLS 214-377] Adding 'HwReg' into disaggregation list because there's array-partition pragma applied on the struct field (/home/e/Documents/research/byotee/OSDZU3_Ref_Design/OSDZU3_Ref_Design.runs/design_1_v_mix_0_0_synth_1/prj/sol/.autopilot/db/v_mix.cpp:2821:9)
INFO: [HLS 214-377] Adding 'HwReg' into disaggregation list because there's array-partition pragma applied on the struct field (/home/e/Documents/research/byotee/OSDZU3_Ref_Design/OSDZU3_Ref_Design.runs/design_1_v_mix_0_0_synth_1/prj/sol/.autopilot/db/v_mix.cpp:2820:9)
INFO: [HLS 214-377] Adding 'HwReg' into disaggregation list because there's array-partition pragma applied on the struct field (/home/e/Documents/research/byotee/OSDZU3_Ref_Design/OSDZU3_Ref_Design.runs/design_1_v_mix_0_0_synth_1/prj/sol/.autopilot/db/v_mix.cpp:2819:9)
INFO: [HLS 214-377] Adding 'HwReg' into disaggregation list because there's array-partition pragma applied on the struct field (/home/e/Documents/research/byotee/OSDZU3_Ref_Design/OSDZU3_Ref_Design.runs/design_1_v_mix_0_0_synth_1/prj/sol/.autopilot/db/v_mix.cpp:2818:9)
INFO: [HLS 214-377] Adding 'HwReg' into disaggregation list because there's array-partition pragma applied on the struct field (/home/e/Documents/research/byotee/OSDZU3_Ref_Design/OSDZU3_Ref_Design.runs/design_1_v_mix_0_0_synth_1/prj/sol/.autopilot/db/v_mix.cpp:2817:9)
INFO: [HLS 214-377] Adding 'HwReg' into disaggregation list because there's array-partition pragma applied on the struct field (/home/e/Documents/research/byotee/OSDZU3_Ref_Design/OSDZU3_Ref_Design.runs/design_1_v_mix_0_0_synth_1/prj/sol/.autopilot/db/v_mix.cpp:2816:9)
INFO: [HLS 214-377] Adding 'HwReg' into disaggregation list because there's array-partition pragma applied on the struct field (/home/e/Documents/research/byotee/OSDZU3_Ref_Design/OSDZU3_Ref_Design.runs/design_1_v_mix_0_0_synth_1/prj/sol/.autopilot/db/v_mix.cpp:2815:9)
INFO: [HLS 214-377] Adding 'HwReg' into disaggregation list because there's array-partition pragma applied on the struct field (/home/e/Documents/research/byotee/OSDZU3_Ref_Design/OSDZU3_Ref_Design.runs/design_1_v_mix_0_0_synth_1/prj/sol/.autopilot/db/v_mix.cpp:2814:9)
INFO: [HLS 214-210] Disaggregating variable 'pix' (/home/e/Documents/research/byotee/OSDZU3_Ref_Design/OSDZU3_Ref_Design.runs/design_1_v_mix_0_0_synth_1/prj/sol/.autopilot/db/v_mix.cpp:3363:18)
INFO: [HLS 214-210] Disaggregating variable 'srcpix' (/home/e/Documents/research/byotee/OSDZU3_Ref_Design/OSDZU3_Ref_Design.runs/design_1_v_mix_0_0_synth_1/prj/sol/.autopilot/db/v_csc.cpp:67:18)
INFO: [HLS 214-210] Disaggregating variable 'srcpix' (/home/e/Documents/research/byotee/OSDZU3_Ref_Design/OSDZU3_Ref_Design.runs/design_1_v_mix_0_0_synth_1/prj/sol/.autopilot/db/v_csc.cpp:96:18)
INFO: [HLS 214-210] Disaggregating variable 'srcpix' (/home/e/Documents/research/byotee/OSDZU3_Ref_Design/OSDZU3_Ref_Design.runs/design_1_v_mix_0_0_synth_1/prj/sol/.autopilot/db/v_csc.cpp:888:18)
INFO: [HLS 214-210] Disaggregating variable 'pixbuf_cr' (/home/e/Documents/research/byotee/OSDZU3_Ref_Design/OSDZU3_Ref_Design.runs/design_1_v_mix_0_0_synth_1/prj/sol/.autopilot/db/v_csc.cpp:150:37)
INFO: [HLS 214-210] Disaggregating variable 'pixbuf_cb' (/home/e/Documents/research/byotee/OSDZU3_Ref_Design/OSDZU3_Ref_Design.runs/design_1_v_mix_0_0_synth_1/prj/sol/.autopilot/db/v_csc.cpp:150:10)
INFO: [HLS 214-210] Disaggregating variable 'pixbuf_y' (/home/e/Documents/research/byotee/OSDZU3_Ref_Design/OSDZU3_Ref_Design.runs/design_1_v_mix_0_0_synth_1/prj/sol/.autopilot/db/v_csc.cpp:149:10)
INFO: [HLS 214-210] Disaggregating variable 'mpix_cr' (/home/e/Documents/research/byotee/OSDZU3_Ref_Design/OSDZU3_Ref_Design.runs/design_1_v_mix_0_0_synth_1/prj/sol/.autopilot/db/v_csc.cpp:144:25)
INFO: [HLS 214-210] Disaggregating variable 'mpix_cb' (/home/e/Documents/research/byotee/OSDZU3_Ref_Design/OSDZU3_Ref_Design.runs/design_1_v_mix_0_0_synth_1/prj/sol/.autopilot/db/v_csc.cpp:144:16)
INFO: [HLS 214-210] Disaggregating variable 'mpix_y' (/home/e/Documents/research/byotee/OSDZU3_Ref_Design/OSDZU3_Ref_Design.runs/design_1_v_mix_0_0_synth_1/prj/sol/.autopilot/db/v_csc.cpp:143:16)
INFO: [HLS 214-210] Disaggregating variable 'outpix' (/home/e/Documents/research/byotee/OSDZU3_Ref_Design/OSDZU3_Ref_Design.runs/design_1_v_mix_0_0_synth_1/prj/sol/.autopilot/db/v_csc.cpp:142:18)
INFO: [HLS 214-210] Disaggregating variable 'inpix' (/home/e/Documents/research/byotee/OSDZU3_Ref_Design/OSDZU3_Ref_Design.runs/design_1_v_mix_0_0_synth_1/prj/sol/.autopilot/db/v_csc.cpp:141:18)
INFO: [HLS 214-210] Disaggregating variable 'dstpix' (/home/e/Documents/research/byotee/OSDZU3_Ref_Design/OSDZU3_Ref_Design.runs/design_1_v_mix_0_0_synth_1/prj/sol/.autopilot/db/v_csc.cpp:932:18)
INFO: [HLS 214-210] Disaggregating variable 'srcpix' (/home/e/Documents/research/byotee/OSDZU3_Ref_Design/OSDZU3_Ref_Design.runs/design_1_v_mix_0_0_synth_1/prj/sol/.autopilot/db/v_csc.cpp:931:18)
INFO: [HLS 214-210] Disaggregating variable 'srcpix' (/home/e/Documents/research/byotee/OSDZU3_Ref_Design/OSDZU3_Ref_Design.runs/design_1_v_mix_0_0_synth_1/prj/sol/.autopilot/db/v_mix.cpp:98:18)
INFO: [HLS 214-210] Disaggregating variable 'bkgpix' (/home/e/Documents/research/byotee/OSDZU3_Ref_Design/OSDZU3_Ref_Design.runs/design_1_v_mix_0_0_synth_1/prj/sol/.autopilot/db/v_mix.cpp:444:18)
INFO: [HLS 214-210] Disaggregating variable 'dstpix' (/home/e/Documents/research/byotee/OSDZU3_Ref_Design/OSDZU3_Ref_Design.runs/design_1_v_mix_0_0_synth_1/prj/sol/.autopilot/db/v_mix.cpp:443:18)
INFO: [HLS 214-210] Disaggregating variable 'srcpix' (/home/e/Documents/research/byotee/OSDZU3_Ref_Design/OSDZU3_Ref_Design.runs/design_1_v_mix_0_0_synth_1/prj/sol/.autopilot/db/v_mix.cpp:441:18)
INFO: [HLS 214-210] Disaggregating variable 'bkgpix' (/home/e/Documents/research/byotee/OSDZU3_Ref_Design/OSDZU3_Ref_Design.runs/design_1_v_mix_0_0_synth_1/prj/sol/.autopilot/db/v_mix.cpp:370:18)
INFO: [HLS 214-210] Disaggregating variable 'dstpix' (/home/e/Documents/research/byotee/OSDZU3_Ref_Design/OSDZU3_Ref_Design.runs/design_1_v_mix_0_0_synth_1/prj/sol/.autopilot/db/v_mix.cpp:369:18)
INFO: [HLS 214-210] Disaggregating variable 'lyrpix' (/home/e/Documents/research/byotee/OSDZU3_Ref_Design/OSDZU3_Ref_Design.runs/design_1_v_mix_0_0_synth_1/prj/sol/.autopilot/db/v_mix.cpp:368:18)
INFO: [HLS 214-210] Disaggregating variable 'srcpix' (/home/e/Documents/research/byotee/OSDZU3_Ref_Design/OSDZU3_Ref_Design.runs/design_1_v_mix_0_0_synth_1/prj/sol/.autopilot/db/v_mix.cpp:367:18)
INFO: [HLS 214-210] Disaggregating variable 'srcpix' (/home/e/Documents/research/byotee/OSDZU3_Ref_Design/OSDZU3_Ref_Design.runs/design_1_v_mix_0_0_synth_1/prj/sol/.autopilot/db/v_csc.cpp:1035:18)
INFO: [HLS 214-210] Disaggregating variable 'srcpix' (/home/e/Documents/research/byotee/OSDZU3_Ref_Design/OSDZU3_Ref_Design.runs/design_1_v_mix_0_0_synth_1/prj/sol/.autopilot/db/v_csc.cpp:711:18)
INFO: [HLS 214-210] Disaggregating variable 'srcpix' (/home/e/Documents/research/byotee/OSDZU3_Ref_Design/OSDZU3_Ref_Design.runs/design_1_v_mix_0_0_synth_1/prj/sol/.autopilot/db/v_csc.cpp:501:18)
INFO: [HLS 214-210] Disaggregating variable 'pix' (/home/e/Documents/research/byotee/OSDZU3_Ref_Design/OSDZU3_Ref_Design.runs/design_1_v_mix_0_0_synth_1/prj/sol/.autopilot/db/v_mix.cpp:3462:18)
INFO: [HLS 214-210] Disaggregating variable 'HwReg' (/home/e/Documents/research/byotee/OSDZU3_Ref_Design/OSDZU3_Ref_Design.runs/design_1_v_mix_0_0_synth_1/prj/sol/.autopilot/db/v_mix.cpp:2813:22)
INFO: [HLS 214-291] Loop 'VITIS_LOOP_3543_4' is marked as complete unroll implied by the pipeline pragma (/home/e/Documents/research/byotee/OSDZU3_Ref_Design/OSDZU3_Ref_Design.runs/design_1_v_mix_0_0_synth_1/prj/sol/.autopilot/db/v_mix.cpp:3543:23)
INFO: [HLS 214-291] Loop 'VITIS_LOOP_3545_5' is marked as complete unroll implied by the pipeline pragma (/home/e/Documents/research/byotee/OSDZU3_Ref_Design/OSDZU3_Ref_Design.runs/design_1_v_mix_0_0_synth_1/prj/sol/.autopilot/db/v_mix.cpp:3545:24)
INFO: [HLS 214-291] Loop 'VITIS_LOOP_419_4' is marked as complete unroll implied by the pipeline pragma (/home/e/Documents/research/byotee/OSDZU3_Ref_Design/OSDZU3_Ref_Design.runs/design_1_v_mix_0_0_synth_1/prj/sol/.autopilot/db/v_mix.cpp:419:22)
INFO: [HLS 214-291] Loop 'VITIS_LOOP_421_5' is marked as complete unroll implied by the pipeline pragma (/home/e/Documents/research/byotee/OSDZU3_Ref_Design/OSDZU3_Ref_Design.runs/design_1_v_mix_0_0_synth_1/prj/sol/.autopilot/db/v_mix.cpp:421:23)
INFO: [HLS 214-291] Loop 'VITIS_LOOP_486_4' is marked as complete unroll implied by the pipeline pragma (/home/e/Documents/research/byotee/OSDZU3_Ref_Design/OSDZU3_Ref_Design.runs/design_1_v_mix_0_0_synth_1/prj/sol/.autopilot/db/v_mix.cpp:486:22)
INFO: [HLS 214-291] Loop 'VITIS_LOOP_488_5' is marked as complete unroll implied by the pipeline pragma (/home/e/Documents/research/byotee/OSDZU3_Ref_Design/OSDZU3_Ref_Design.runs/design_1_v_mix_0_0_synth_1/prj/sol/.autopilot/db/v_mix.cpp:488:23)
INFO: [HLS 214-291] Loop 'VITIS_LOOP_950_3' is marked as complete unroll implied by the pipeline pragma (/home/e/Documents/research/byotee/OSDZU3_Ref_Design/OSDZU3_Ref_Design.runs/design_1_v_mix_0_0_synth_1/prj/sol/.autopilot/db/v_csc.cpp:950:23)
INFO: [HLS 214-291] Loop 'VITIS_LOOP_174_3' is marked as complete unroll implied by the pipeline pragma (/home/e/Documents/research/byotee/OSDZU3_Ref_Design/OSDZU3_Ref_Design.runs/design_1_v_mix_0_0_synth_1/prj/sol/.autopilot/db/v_csc.cpp:174:24)
INFO: [HLS 214-291] Loop 'VITIS_LOOP_190_4' is marked as complete unroll implied by the pipeline pragma (/home/e/Documents/research/byotee/OSDZU3_Ref_Design/OSDZU3_Ref_Design.runs/design_1_v_mix_0_0_synth_1/prj/sol/.autopilot/db/v_csc.cpp:190:20)
INFO: [HLS 214-291] Loop 'VITIS_LOOP_195_5' is marked as complete unroll implied by the pipeline pragma (/home/e/Documents/research/byotee/OSDZU3_Ref_Design/OSDZU3_Ref_Design.runs/design_1_v_mix_0_0_synth_1/prj/sol/.autopilot/db/v_csc.cpp:195:23)
INFO: [HLS 214-291] Loop 'VITIS_LOOP_211_6' is marked as complete unroll implied by the pipeline pragma (/home/e/Documents/research/byotee/OSDZU3_Ref_Design/OSDZU3_Ref_Design.runs/design_1_v_mix_0_0_synth_1/prj/sol/.autopilot/db/v_csc.cpp:211:23)
INFO: [HLS 214-291] Loop 'VITIS_LOOP_225_7' is marked as complete unroll implied by the pipeline pragma (/home/e/Documents/research/byotee/OSDZU3_Ref_Design/OSDZU3_Ref_Design.runs/design_1_v_mix_0_0_synth_1/prj/sol/.autopilot/db/v_csc.cpp:225:25)
INFO: [HLS 214-291] Loop 'VITIS_LOOP_244_8' is marked as complete unroll implied by the pipeline pragma (/home/e/Documents/research/byotee/OSDZU3_Ref_Design/OSDZU3_Ref_Design.runs/design_1_v_mix_0_0_synth_1/prj/sol/.autopilot/db/v_csc.cpp:244:25)
INFO: [HLS 214-291] Loop 'VITIS_LOOP_252_9' is marked as complete unroll implied by the pipeline pragma (/home/e/Documents/research/byotee/OSDZU3_Ref_Design/OSDZU3_Ref_Design.runs/design_1_v_mix_0_0_synth_1/prj/sol/.autopilot/db/v_csc.cpp:252:23)
INFO: [HLS 214-291] Loop 'VITIS_LOOP_3409_1' is marked as complete unroll implied by the pipeline pragma (/home/e/Documents/research/byotee/OSDZU3_Ref_Design/OSDZU3_Ref_Design.runs/design_1_v_mix_0_0_synth_1/prj/sol/.autopilot/db/v_mix.cpp:3409:24)
INFO: [HLS 214-291] Loop 'VITIS_LOOP_3411_2' is marked as complete unroll implied by the pipeline pragma (/home/e/Documents/research/byotee/OSDZU3_Ref_Design/OSDZU3_Ref_Design.runs/design_1_v_mix_0_0_synth_1/prj/sol/.autopilot/db/v_mix.cpp:3411:25)
INFO: [HLS 214-186] Unrolling loop 'VITIS_LOOP_3543_4' (/home/e/Documents/research/byotee/OSDZU3_Ref_Design/OSDZU3_Ref_Design.runs/design_1_v_mix_0_0_synth_1/prj/sol/.autopilot/db/v_mix.cpp:3543:23) in function 'MultiPixStream2AXIvideo' completely with a factor of 1 (/home/e/Documents/research/byotee/OSDZU3_Ref_Design/OSDZU3_Ref_Design.runs/design_1_v_mix_0_0_synth_1/prj/sol/.autopilot/db/v_mix.cpp:3460:0)
INFO: [HLS 214-186] Unrolling loop 'VITIS_LOOP_3545_5' (/home/e/Documents/research/byotee/OSDZU3_Ref_Design/OSDZU3_Ref_Design.runs/design_1_v_mix_0_0_synth_1/prj/sol/.autopilot/db/v_mix.cpp:3545:24) in function 'MultiPixStream2AXIvideo' completely with a factor of 3 (/home/e/Documents/research/byotee/OSDZU3_Ref_Design/OSDZU3_Ref_Design.runs/design_1_v_mix_0_0_synth_1/prj/sol/.autopilot/db/v_mix.cpp:3460:0)
INFO: [HLS 214-186] Unrolling loop 'VITIS_LOOP_419_4' (/home/e/Documents/research/byotee/OSDZU3_Ref_Design/OSDZU3_Ref_Design.runs/design_1_v_mix_0_0_synth_1/prj/sol/.autopilot/db/v_mix.cpp:419:22) in function 'v_mix_core_alpha<true, false>' completely with a factor of 1 (/home/e/Documents/research/byotee/OSDZU3_Ref_Design/OSDZU3_Ref_Design.runs/design_1_v_mix_0_0_synth_1/prj/sol/.autopilot/db/v_mix.cpp:364:0)
INFO: [HLS 214-186] Unrolling loop 'VITIS_LOOP_421_5' (/home/e/Documents/research/byotee/OSDZU3_Ref_Design/OSDZU3_Ref_Design.runs/design_1_v_mix_0_0_synth_1/prj/sol/.autopilot/db/v_mix.cpp:421:23) in function 'v_mix_core_alpha<true, false>' completely with a factor of 3 (/home/e/Documents/research/byotee/OSDZU3_Ref_Design/OSDZU3_Ref_Design.runs/design_1_v_mix_0_0_synth_1/prj/sol/.autopilot/db/v_mix.cpp:364:0)
INFO: [HLS 214-186] Unrolling loop 'VITIS_LOOP_486_4' (/home/e/Documents/research/byotee/OSDZU3_Ref_Design/OSDZU3_Ref_Design.runs/design_1_v_mix_0_0_synth_1/prj/sol/.autopilot/db/v_mix.cpp:486:22) in function 'v_mix_core_alpha<false, false>' completely with a factor of 1 (/home/e/Documents/research/byotee/OSDZU3_Ref_Design/OSDZU3_Ref_Design.runs/design_1_v_mix_0_0_synth_1/prj/sol/.autopilot/db/v_mix.cpp:438:0)
INFO: [HLS 214-186] Unrolling loop 'VITIS_LOOP_488_5' (/home/e/Documents/research/byotee/OSDZU3_Ref_Design/OSDZU3_Ref_Design.runs/design_1_v_mix_0_0_synth_1/prj/sol/.autopilot/db/v_mix.cpp:488:23) in function 'v_mix_core_alpha<false, false>' completely with a factor of 3 (/home/e/Documents/research/byotee/OSDZU3_Ref_Design/OSDZU3_Ref_Design.runs/design_1_v_mix_0_0_synth_1/prj/sol/.autopilot/db/v_mix.cpp:438:0)
INFO: [HLS 214-186] Unrolling loop 'VITIS_LOOP_950_3' (/home/e/Documents/research/byotee/OSDZU3_Ref_Design/OSDZU3_Ref_Design.runs/design_1_v_mix_0_0_synth_1/prj/sol/.autopilot/db/v_csc.cpp:950:23) in function 'v_mix_yuv2rgb<true>' completely with a factor of 1 (/home/e/Documents/research/byotee/OSDZU3_Ref_Design/OSDZU3_Ref_Design.runs/design_1_v_mix_0_0_synth_1/prj/sol/.autopilot/db/v_csc.cpp:928:0)
INFO: [HLS 214-186] Unrolling loop 'VITIS_LOOP_174_3' (/home/e/Documents/research/byotee/OSDZU3_Ref_Design/OSDZU3_Ref_Design.runs/design_1_v_mix_0_0_synth_1/prj/sol/.autopilot/db/v_csc.cpp:174:24) in function 'v_mix_422_to_444<true>' completely with a factor of 1 (/home/e/Documents/research/byotee/OSDZU3_Ref_Design/OSDZU3_Ref_Design.runs/design_1_v_mix_0_0_synth_1/prj/sol/.autopilot/db/v_csc.cpp:129:0)
INFO: [HLS 214-186] Unrolling loop 'VITIS_LOOP_190_4' (/home/e/Documents/research/byotee/OSDZU3_Ref_Design/OSDZU3_Ref_Design.runs/design_1_v_mix_0_0_synth_1/prj/sol/.autopilot/db/v_csc.cpp:190:20) in function 'v_mix_422_to_444<true>' completely with a factor of 5 (/home/e/Documents/research/byotee/OSDZU3_Ref_Design/OSDZU3_Ref_Design.runs/design_1_v_mix_0_0_synth_1/prj/sol/.autopilot/db/v_csc.cpp:129:0)
INFO: [HLS 214-186] Unrolling loop 'VITIS_LOOP_195_5' (/home/e/Documents/research/byotee/OSDZU3_Ref_Design/OSDZU3_Ref_Design.runs/design_1_v_mix_0_0_synth_1/prj/sol/.autopilot/db/v_csc.cpp:195:23) in function 'v_mix_422_to_444<true>' completely with a factor of 1 (/home/e/Documents/research/byotee/OSDZU3_Ref_Design/OSDZU3_Ref_Design.runs/design_1_v_mix_0_0_synth_1/prj/sol/.autopilot/db/v_csc.cpp:129:0)
INFO: [HLS 214-186] Unrolling loop 'VITIS_LOOP_211_6' (/home/e/Documents/research/byotee/OSDZU3_Ref_Design/OSDZU3_Ref_Design.runs/design_1_v_mix_0_0_synth_1/prj/sol/.autopilot/db/v_csc.cpp:211:23) in function 'v_mix_422_to_444<true>' completely with a factor of 1 (/home/e/Documents/research/byotee/OSDZU3_Ref_Design/OSDZU3_Ref_Design.runs/design_1_v_mix_0_0_synth_1/prj/sol/.autopilot/db/v_csc.cpp:129:0)
INFO: [HLS 214-186] Unrolling loop 'VITIS_LOOP_244_8' (/home/e/Documents/research/byotee/OSDZU3_Ref_Design/OSDZU3_Ref_Design.runs/design_1_v_mix_0_0_synth_1/prj/sol/.autopilot/db/v_csc.cpp:244:25) in function 'v_mix_422_to_444<true>' completely with a factor of 4 (/home/e/Documents/research/byotee/OSDZU3_Ref_Design/OSDZU3_Ref_Design.runs/design_1_v_mix_0_0_synth_1/prj/sol/.autopilot/db/v_csc.cpp:129:0)
INFO: [HLS 214-186] Unrolling loop 'VITIS_LOOP_225_7' (/home/e/Documents/research/byotee/OSDZU3_Ref_Design/OSDZU3_Ref_Design.runs/design_1_v_mix_0_0_synth_1/prj/sol/.autopilot/db/v_csc.cpp:225:25) in function 'v_mix_422_to_444<true>' completely with a factor of 3 (/home/e/Documents/research/byotee/OSDZU3_Ref_Design/OSDZU3_Ref_Design.runs/design_1_v_mix_0_0_synth_1/prj/sol/.autopilot/db/v_csc.cpp:129:0)
INFO: [HLS 214-186] Unrolling loop 'VITIS_LOOP_252_9' (/home/e/Documents/research/byotee/OSDZU3_Ref_Design/OSDZU3_Ref_Design.runs/design_1_v_mix_0_0_synth_1/prj/sol/.autopilot/db/v_csc.cpp:252:23) in function 'v_mix_422_to_444<true>' completely with a factor of 1 (/home/e/Documents/research/byotee/OSDZU3_Ref_Design/OSDZU3_Ref_Design.runs/design_1_v_mix_0_0_synth_1/prj/sol/.autopilot/db/v_csc.cpp:129:0)
INFO: [HLS 214-186] Unrolling loop 'VITIS_LOOP_3409_1' (/home/e/Documents/research/byotee/OSDZU3_Ref_Design/OSDZU3_Ref_Design.runs/design_1_v_mix_0_0_synth_1/prj/sol/.autopilot/db/v_mix.cpp:3409:24) in function 'AXIvideo2MultiPixStream' completely with a factor of 1 (/home/e/Documents/research/byotee/OSDZU3_Ref_Design/OSDZU3_Ref_Design.runs/design_1_v_mix_0_0_synth_1/prj/sol/.autopilot/db/v_mix.cpp:3360:0)
INFO: [HLS 214-186] Unrolling loop 'VITIS_LOOP_3411_2' (/home/e/Documents/research/byotee/OSDZU3_Ref_Design/OSDZU3_Ref_Design.runs/design_1_v_mix_0_0_synth_1/prj/sol/.autopilot/db/v_mix.cpp:3411:25) in function 'AXIvideo2MultiPixStream' completely with a factor of 3 (/home/e/Documents/research/byotee/OSDZU3_Ref_Design/OSDZU3_Ref_Design.runs/design_1_v_mix_0_0_synth_1/prj/sol/.autopilot/db/v_mix.cpp:3360:0)
INFO: [HLS 214-248] Applying array_partition to 'HwReg.layerEnableFlag': Complete partitioning on dimension 1. (/home/e/Documents/research/byotee/OSDZU3_Ref_Design/OSDZU3_Ref_Design.runs/design_1_v_mix_0_0_synth_1/prj/sol/.autopilot/db/v_mix.cpp:2813:22)
INFO: [HLS 214-248] Applying array_partition to 'HwReg.layerAlpha': Complete partitioning on dimension 1. (/home/e/Documents/research/byotee/OSDZU3_Ref_Design/OSDZU3_Ref_Design.runs/design_1_v_mix_0_0_synth_1/prj/sol/.autopilot/db/v_mix.cpp:2813:22)
INFO: [HLS 214-248] Applying array_partition to 'HwReg.layerStartX': Complete partitioning on dimension 1. (/home/e/Documents/research/byotee/OSDZU3_Ref_Design/OSDZU3_Ref_Design.runs/design_1_v_mix_0_0_synth_1/prj/sol/.autopilot/db/v_mix.cpp:2813:22)
INFO: [HLS 214-248] Applying array_partition to 'HwReg.layerStartY': Complete partitioning on dimension 1. (/home/e/Documents/research/byotee/OSDZU3_Ref_Design/OSDZU3_Ref_Design.runs/design_1_v_mix_0_0_synth_1/prj/sol/.autopilot/db/v_mix.cpp:2813:22)
INFO: [HLS 214-248] Applying array_partition to 'HwReg.layerWidth': Complete partitioning on dimension 1. (/home/e/Documents/research/byotee/OSDZU3_Ref_Design/OSDZU3_Ref_Design.runs/design_1_v_mix_0_0_synth_1/prj/sol/.autopilot/db/v_mix.cpp:2813:22)
INFO: [HLS 214-248] Applying array_partition to 'HwReg.layerHeight': Complete partitioning on dimension 1. (/home/e/Documents/research/byotee/OSDZU3_Ref_Design/OSDZU3_Ref_Design.runs/design_1_v_mix_0_0_synth_1/prj/sol/.autopilot/db/v_mix.cpp:2813:22)
INFO: [HLS 214-248] Applying array_partition to 'HwReg.layerScaleFactor': Complete partitioning on dimension 1. (/home/e/Documents/research/byotee/OSDZU3_Ref_Design/OSDZU3_Ref_Design.runs/design_1_v_mix_0_0_synth_1/prj/sol/.autopilot/db/v_mix.cpp:2813:22)
INFO: [HLS 214-248] Applying array_partition to 'HwReg.layerStride': Complete partitioning on dimension 1. (/home/e/Documents/research/byotee/OSDZU3_Ref_Design/OSDZU3_Ref_Design.runs/design_1_v_mix_0_0_synth_1/prj/sol/.autopilot/db/v_mix.cpp:2813:22)
INFO: [HLS 214-248] Applying array_partition to 'layerAlpha': Complete partitioning on dimension 1. (/home/e/Documents/research/byotee/OSDZU3_Ref_Design/OSDZU3_Ref_Design.runs/design_1_v_mix_0_0_synth_1/prj/sol/.autopilot/db/v_mix.cpp:2273:0)
INFO: [HLS 214-248] Applying array_partition to 'layerStartX': Complete partitioning on dimension 1. (/home/e/Documents/research/byotee/OSDZU3_Ref_Design/OSDZU3_Ref_Design.runs/design_1_v_mix_0_0_synth_1/prj/sol/.autopilot/db/v_mix.cpp:2273:0)
INFO: [HLS 214-248] Applying array_partition to 'layerStartY': Complete partitioning on dimension 1. (/home/e/Documents/research/byotee/OSDZU3_Ref_Design/OSDZU3_Ref_Design.runs/design_1_v_mix_0_0_synth_1/prj/sol/.autopilot/db/v_mix.cpp:2273:0)
INFO: [HLS 214-248] Applying array_partition to 'layerWidth': Complete partitioning on dimension 1. (/home/e/Documents/research/byotee/OSDZU3_Ref_Design/OSDZU3_Ref_Design.runs/design_1_v_mix_0_0_synth_1/prj/sol/.autopilot/db/v_mix.cpp:2273:0)
INFO: [HLS 214-248] Applying array_partition to 'layerHeight': Complete partitioning on dimension 1. (/home/e/Documents/research/byotee/OSDZU3_Ref_Design/OSDZU3_Ref_Design.runs/design_1_v_mix_0_0_synth_1/prj/sol/.autopilot/db/v_mix.cpp:2273:0)
INFO: [HLS 214-248] Applying array_partition to 'layerScaleFactor': Complete partitioning on dimension 1. (/home/e/Documents/research/byotee/OSDZU3_Ref_Design/OSDZU3_Ref_Design.runs/design_1_v_mix_0_0_synth_1/prj/sol/.autopilot/db/v_mix.cpp:2273:0)
INFO: [HLS 214-248] Applying array_partition to 'layerStride': Complete partitioning on dimension 1. (/home/e/Documents/research/byotee/OSDZU3_Ref_Design/OSDZU3_Ref_Design.runs/design_1_v_mix_0_0_synth_1/prj/sol/.autopilot/db/v_mix.cpp:2273:0)
INFO: [HLS 214-241] Aggregating fifo (hls::stream) variable 'srcLayer0' with compact=bit mode in 24-bits (/home/e/Documents/research/byotee/OSDZU3_Ref_Design/OSDZU3_Ref_Design.runs/design_1_v_mix_0_0_synth_1/prj/sol/.autopilot/db/v_mix.cpp:619:24)
INFO: [HLS 214-241] Aggregating fifo (hls::stream) variable 'srcLayer0Yuv422' with compact=bit mode in 24-bits (/home/e/Documents/research/byotee/OSDZU3_Ref_Design/OSDZU3_Ref_Design.runs/design_1_v_mix_0_0_synth_1/prj/sol/.autopilot/db/v_mix.cpp:620:24)
INFO: [HLS 214-241] Aggregating fifo (hls::stream) variable 'srcLayer0Yuv' with compact=bit mode in 24-bits (/home/e/Documents/research/byotee/OSDZU3_Ref_Design/OSDZU3_Ref_Design.runs/design_1_v_mix_0_0_synth_1/prj/sol/.autopilot/db/v_mix.cpp:621:24)
INFO: [HLS 214-241] Aggregating fifo (hls::stream) variable 'outLayer0' with compact=bit mode in 24-bits (/home/e/Documents/research/byotee/OSDZU3_Ref_Design/OSDZU3_Ref_Design.runs/design_1_v_mix_0_0_synth_1/prj/sol/.autopilot/db/v_mix.cpp:622:24)
INFO: [HLS 214-241] Aggregating fifo (hls::stream) variable 'outYuv' with compact=bit mode in 24-bits (/home/e/Documents/research/byotee/OSDZU3_Ref_Design/OSDZU3_Ref_Design.runs/design_1_v_mix_0_0_synth_1/prj/sol/.autopilot/db/v_mix.cpp:623:24)
INFO: [HLS 214-241] Aggregating fifo (hls::stream) variable 'out422' with compact=bit mode in 24-bits (/home/e/Documents/research/byotee/OSDZU3_Ref_Design/OSDZU3_Ref_Design.runs/design_1_v_mix_0_0_synth_1/prj/sol/.autopilot/db/v_mix.cpp:624:24)
INFO: [HLS 214-241] Aggregating fifo (hls::stream) variable 'out420' with compact=bit mode in 24-bits (/home/e/Documents/research/byotee/OSDZU3_Ref_Design/OSDZU3_Ref_Design.runs/design_1_v_mix_0_0_synth_1/prj/sol/.autopilot/db/v_mix.cpp:625:24)
INFO: [HLS 214-241] Aggregating fifo (hls::stream) variable 'srcLayer1' with compact=bit mode in 24-bits (/home/e/Documents/research/byotee/OSDZU3_Ref_Design/OSDZU3_Ref_Design.runs/design_1_v_mix_0_0_synth_1/prj/sol/.autopilot/db/v_mix.cpp:651:24)
INFO: [HLS 214-241] Aggregating fifo (hls::stream) variable 'srcLayer1x' with compact=bit mode in 24-bits (/home/e/Documents/research/byotee/OSDZU3_Ref_Design/OSDZU3_Ref_Design.runs/design_1_v_mix_0_0_synth_1/prj/sol/.autopilot/db/v_mix.cpp:652:24)
INFO: [HLS 214-241] Aggregating fifo (hls::stream) variable 'outLayer1' with compact=bit mode in 24-bits (/home/e/Documents/research/byotee/OSDZU3_Ref_Design/OSDZU3_Ref_Design.runs/design_1_v_mix_0_0_synth_1/prj/sol/.autopilot/db/v_mix.cpp:655:24)
INFO: [HLS 214-241] Aggregating fifo (hls::stream) variable 'srcLayer1Yuv' with compact=bit mode in 24-bits (/home/e/Documents/research/byotee/OSDZU3_Ref_Design/OSDZU3_Ref_Design.runs/design_1_v_mix_0_0_synth_1/prj/sol/.autopilot/db/v_mix.cpp:656:24)
INFO: [HLS 214-241] Aggregating fifo (hls::stream) variable 'srcLayer1Yuv422' with compact=bit mode in 24-bits (/home/e/Documents/research/byotee/OSDZU3_Ref_Design/OSDZU3_Ref_Design.runs/design_1_v_mix_0_0_synth_1/prj/sol/.autopilot/db/v_mix.cpp:657:24)
INFO: [HLS 214-241] Aggregating fifo (hls::stream) variable 'srcLayer1Rgb' with compact=bit mode in 24-bits (/home/e/Documents/research/byotee/OSDZU3_Ref_Design/OSDZU3_Ref_Design.runs/design_1_v_mix_0_0_synth_1/prj/sol/.autopilot/db/v_mix.cpp:658:24)
INFO: [HLS 214-241] Aggregating fifo (hls::stream) variable 'srcLayer2' with compact=bit mode in 24-bits (/home/e/Documents/research/byotee/OSDZU3_Ref_Design/OSDZU3_Ref_Design.runs/design_1_v_mix_0_0_synth_1/prj/sol/.autopilot/db/v_mix.cpp:735:24)
INFO: [HLS 214-241] Aggregating fifo (hls::stream) variable 'srcLayer2x' with compact=bit mode in 24-bits (/home/e/Documents/research/byotee/OSDZU3_Ref_Design/OSDZU3_Ref_Design.runs/design_1_v_mix_0_0_synth_1/prj/sol/.autopilot/db/v_mix.cpp:736:24)
INFO: [HLS 214-241] Aggregating fifo (hls::stream) variable 'outLayer2' with compact=bit mode in 24-bits (/home/e/Documents/research/byotee/OSDZU3_Ref_Design/OSDZU3_Ref_Design.runs/design_1_v_mix_0_0_synth_1/prj/sol/.autopilot/db/v_mix.cpp:739:24)
INFO: [HLS 214-241] Aggregating fifo (hls::stream) variable 'srcLayer2Yuv' with compact=bit mode in 24-bits (/home/e/Documents/research/byotee/OSDZU3_Ref_Design/OSDZU3_Ref_Design.runs/design_1_v_mix_0_0_synth_1/prj/sol/.autopilot/db/v_mix.cpp:740:24)
INFO: [HLS 214-241] Aggregating fifo (hls::stream) variable 'srcLayer2Yuv422' with compact=bit mode in 24-bits (/home/e/Documents/research/byotee/OSDZU3_Ref_Design/OSDZU3_Ref_Design.runs/design_1_v_mix_0_0_synth_1/prj/sol/.autopilot/db/v_mix.cpp:741:24)
INFO: [HLS 214-241] Aggregating fifo (hls::stream) variable 'srcLayer2Rgb' with compact=bit mode in 24-bits (/home/e/Documents/research/byotee/OSDZU3_Ref_Design/OSDZU3_Ref_Design.runs/design_1_v_mix_0_0_synth_1/prj/sol/.autopilot/db/v_mix.cpp:742:24)
INFO: [HLS 214-376] automatically set the pipeline for Loop< VITIS_LOOP_2912_1> at /home/e/Documents/research/byotee/OSDZU3_Ref_Design/OSDZU3_Ref_Design.runs/design_1_v_mix_0_0_synth_1/prj/sol/.autopilot/db/v_mix.cpp:2912:21 
WARNING: [HLS 214-373] Impl=dsp_slice in bind_op is deprecated. Consider using a different operation implementation. (/home/e/Documents/research/byotee/OSDZU3_Ref_Design/OSDZU3_Ref_Design.runs/design_1_v_mix_0_0_synth_1/prj/sol/.autopilot/db/v_csc.cpp:967:9)
INFO-FLOW: DBG:PUTS: copy_raw_kernel_xml ap_link_39: kernel.xml not generated: /home/e/Documents/research/byotee/OSDZU3_Ref_Design/OSDZU3_Ref_Design.runs/design_1_v_mix_0_0_synth_1/prj/sol/.autopilot/db/kernel.internal.xml
INFO: [HLS 200-111] Finished Compiling Optimization and Transform: CPU user time: 2.63 seconds. CPU system time: 0.66 seconds. Elapsed time: 7.2 seconds; current allocated memory: 300.492 MB.
INFO: [HLS 200-111] Finished Checking Pragmas: CPU user time: 0 seconds. CPU system time: 0 seconds. Elapsed time: 0 seconds; current allocated memory: 300.492 MB.
Execute         opt_and_import_c a -opt_level=2 -skip_syncheck=0 -ng=0 -keep_printf=0 
Execute           cleanup_all_models 
INFO: [HLS 200-10] Starting code transformations ...
INFO-FLOW: Running Standard Transforms...
Execute           transform -hls -share-std-xform -demangle-name -inline-byval-memcpy -always-inline -promote-dbg-pointer -interface-preproc -mem2reg -scalarrepl -mem2reg -keep-read-access -instcombine -dce -promote-dbg-pointer -bitop-raise -loop-simplify -indvarspre -indvars -loop-simplify -constprop -instcombine -simplifycfg -indvars -simplifycfg -dce -globaldce -basicaa -simplifycfg -mem2reg -globalopt -global-constprop -deadargelim -instcombine -simplifycfg -scalarrepl -instcombine -reassociate -licm -simplifycfg -loop-simplify -indvars -instcombine -simplifycfg -mem2reg -loop-simplify -indvars -instcombine -gvn -gvn -instcombine -adce -break-crit-edges -simplifycfg -loop-delete -global-array-opt -dce -dse -adce -find-syn-modules -top v_mix -deadargelim -mem2reg -instcombine -dce -presyn-prepare -interface-preproc -syn-check -check-rec-only -find-region -simplifycfg -func-extr -function-inline -globaldce -mem2reg -instcombine -dce -gvn -globaldce -adce -adse -constprop -instcombine -bit-constprop -instcombine -dce -simplifycfg -bitop-raise -simplifycfg -dce -loop-delete -reassociate -globalopt -global-privatize -mem2reg -dce -global-constprop -pointer-simplify -constprop -dce -promote-dbg-pointer -norm-name /home/e/Documents/research/byotee/OSDZU3_Ref_Design/OSDZU3_Ref_Design.runs/design_1_v_mix_0_0_synth_1/prj/sol/.autopilot/db/a.g.0.bc -o /home/e/Documents/research/byotee/OSDZU3_Ref_Design/OSDZU3_Ref_Design.runs/design_1_v_mix_0_0_synth_1/prj/sol/.autopilot/db/a.g.1.bc -f -phase std-opt 
INFO: [HLS 200-111] Finished Standard Transforms: CPU user time: 0.04 seconds. CPU system time: 0 seconds. Elapsed time: 0.04 seconds; current allocated memory: 301.926 MB.
INFO: [HLS 200-10] Checking synthesizability ...
INFO-FLOW: Checking Synthesizability 1/2..
Execute           transform -hls -syn-check -check-rec-only -scalarrepl -norm-name -dce -mem2reg -instcombine -directive-preproc -mem2reg -dse -dce -dce -pag -array-normalize -instcombine -dce -array-seg-normalize -instcombine -dce -data-pack -instcombine -dce -inst-simplify -array-flatten -instcombine -dce -array-burst -dce -deadargelim -promote-global-argument -simplifycfg -mem2reg -globaldce -dce -deadargelim -dce -instcombine -function-inline -globaldce -dce -doublePtrSimplify -doublePtrElim -dce -doublePtrSimplify -promote-dbg-pointer -dce -scalarrepl -dse -adse -instcombine -ptrLegalization -simplifycfg -dce -instcombine -pointer-simplify -ptrArgReplace -dce -instcombine -resolve-double-ptr -scalarrepl -norm-name -dce -mem2reg -instcombine -ptrLegalization -simplifycfg -deadargelim -instcombine -dce -inst-simplify -directive-preproc -mem2reg -dse -dce -globaldce /home/e/Documents/research/byotee/OSDZU3_Ref_Design/OSDZU3_Ref_Design.runs/design_1_v_mix_0_0_synth_1/prj/sol/.autopilot/db/a.g.1.bc -o /home/e/Documents/research/byotee/OSDZU3_Ref_Design/OSDZU3_Ref_Design.runs/design_1_v_mix_0_0_synth_1/prj/sol/.autopilot/db/a.g.2.prechk.bc -f 
INFO-FLOW: Checking Synthesizability 2/2..
Execute           transform -syn-check /home/e/Documents/research/byotee/OSDZU3_Ref_Design/OSDZU3_Ref_Design.runs/design_1_v_mix_0_0_synth_1/prj/sol/.autopilot/db/a.g.2.prechk.bc -o /home/e/Documents/research/byotee/OSDZU3_Ref_Design/OSDZU3_Ref_Design.runs/design_1_v_mix_0_0_synth_1/prj/sol/.autopilot/db/a.g.2.bc -f -phase syn-check 
WARNING: [SYNCHK 200-23] /home/e/Documents/research/byotee/OSDZU3_Ref_Design/OSDZU3_Ref_Design.runs/design_1_v_mix_0_0_synth_1/prj/sol/.autopilot/db/v_mix.cpp:2922: variable-indexed range selection may cause suboptimal QoR.
INFO: [SYNCHK 200-10] 0 error(s), 1 warning(s).
INFO: [HLS 200-111] Finished Checking Synthesizability: CPU user time: 0.06 seconds. CPU system time: 0.01 seconds. Elapsed time: 0.07 seconds; current allocated memory: 304.977 MB.
INFO-FLOW: Compiler optimizing ...
INFO-FLOW: Share syncheck's 1.bc for syn flow: copy /home/e/Documents/research/byotee/OSDZU3_Ref_Design/OSDZU3_Ref_Design.runs/design_1_v_mix_0_0_synth_1/prj/sol/.autopilot/db/a.g.1.bc to /home/e/Documents/research/byotee/OSDZU3_Ref_Design/OSDZU3_Ref_Design.runs/design_1_v_mix_0_0_synth_1/prj/sol/.autopilot/db/a.o.1.bc
INFO-FLOW: Presyn 1...
Execute           transform -hls -tmp /home/e/Documents/research/byotee/OSDZU3_Ref_Design/OSDZU3_Ref_Design.runs/design_1_v_mix_0_0_synth_1/prj/sol/.autopilot/db -interface-port-rename -directive-preproc -mem2reg -dse -dce -scalarrepl -norm-name -deadargelim -dce -hls-dead-arg-elim -deadargelim -mem2reg -instcombine -dce -simplifycfg -dce -resource-proc -clib-intrinsic-prepare -dce -func-buffer -dce -pag -array-normalize -func-legal -instcombine -gvn -constprop -dce -simplifycfg -mem2reg -globaldce -resolve-double-ptr -dce -deadargelim -dce -instcombine -ptrArgReplace -mem2reg -dce -array-seg-normalize -deadargelim -instcombine -dce -directive-preproc -mem2reg -dse -dce -pointer-simplify -dce -port-alignment -dce -interface-preproc -data-pack -instcombine -dce -basicaa -aggr-aa -aggrmodref-aa -aggr-aa -gvn -gvn -basicaa -aggr-aa -aggrmodref-aa -aggr-aa -dse -adse -adce -loop-simplify -indvars -instcombine -gvn -loop-simplify -mem2reg -dce -find-region -instcombine -inst-simplify -interface-preproc -cfgopt -instcombine -indvars -loop-simplify -loop-bound -constprop -instcombine -simplifycfg -indvars -simplifycfg -dce -globaldce -clean-region -attach-range -gvn -inst-simplify -constprop -simplifycfg -dce -pointer-simplify -dce -globalopt -constprop -dce -ptrArgReplace -mem2reg -simplifycfg -dce -instcombine -dce -array-transform-check -array-reshape -instcombine -simplifycfg -dce -ptrArgReplace -deadargelim -mem2reg -instcombine -simplifycfg -dce -indvars -loop-simplify -loop-bound -constprop -instcombine -simplifycfg -indvars -simplifycfg -dce -globaldce -basicaa -aggr-aa -aggrmodref-aa -aggr-aa -dse -duplicate-dataflow-processes -globaldce -instcombine -array-partition -prepare-dynamic-array-partition -instcombine -simplifycfg -dce -ptrArgReplace -global-constprop -deadargelim -mem2reg -func-legal -dce -global-constprop -deadargelim -mem2reg -simplifycfg -dce -merge-param -deadargelim -globalopt -constprop -dce -ptrArgReplace -mem2reg -simplifycfg -dce -mem-intrinsic-preproc -dce -global-internalize -global-privatize -mem2reg -globaldce -lcssa -loop-simplify -phi-select-elim -promote-global-argument -ptrArgReplace -mem2reg -dce -globalopt -mergereturn -simplify-global-access -mem2reg -dce -pointer-simplify -dce -basicaa -aggr-aa -aggrmodref-aa -aggr-aa -functionattrs -basicaa -aggr-aa -aggrmodref-aa -aggr-aa -gvn -gvn -basicaa -aggr-aa -aggrmodref-aa -aggr-aa -dse -adse -adce -dce -norm-name -basicaa -aggr-aa -aggrmodref-aa -aggr-aa -accesses-merge -function-inline -complex-op-raise -inst-simplify -globaldce -func-legal -dce -loop-bound -arraycheck -bitwidthmin2 -bitwidthmin2 -on-by-dataflow -loop-delete -instcombine -simplifycfg -globaldce -dce -gvn -deadargelim -dce -loop-simplify -clean-region -simplifycfg -propagate-stable-arguments -instcombine -simplifycfg -dce -globaldce -duplicate-dataflow-processes -stream-intrinsic-preproc -dce -check-ap-stream -loop-simplify -eliminate-keepreads -extract-dataflow-in-loop -loop-simplify -dce -gvn -deadargelim -dse -duplicate-dataflow-processes -check-dataflow-syntax -legalize-stream-variable -globaldce -extract-subproc -global-constprop -deadargelim -globaldce -legalize-global -dce -dead-channel-elimination -canonicalize-gep -globaldce -dce -gvn -hls-dead-arg-elim -deadargelim -canonicalize-dataflow -directive-preproc -dce -globaldce -scalar-preprocessing -scalar-propagation2 -scalar-stream -deadargelim -globaldce -mem2reg -check-dataflow-channels -function-stream -dce -globaldce -prop-fifo-spec -internal-stream-gen -canonicalize-gep -globaldce -dce -gvn -deadargelim -mergereturn -indvars -loop-simplify -instcombine -array-stream -array-seg-normalize -array-partition -clean-array-spec -func-legal -instcombine -simplifycfg -dce -bundle-memfifo-ops -deadargelim -directive-preproc -mem2reg -dse -dce -group-axi-access -licm -simplifycfg -dce -loop-delete -hls-display -norm-name /home/e/Documents/research/byotee/OSDZU3_Ref_Design/OSDZU3_Ref_Design.runs/design_1_v_mix_0_0_synth_1/prj/sol/.autopilot/db/a.o.1.bc -o /home/e/Documents/research/byotee/OSDZU3_Ref_Design/OSDZU3_Ref_Design.runs/design_1_v_mix_0_0_synth_1/prj/sol/.autopilot/db/a.o.1.tmp.bc -f 
WARNING: [XFORM 203-561] Updating loop upper bound from 65535 to 3840 for loop 'VITIS_LOOP_941_2' (/home/e/Documents/research/byotee/OSDZU3_Ref_Design/OSDZU3_Ref_Design.runs/design_1_v_mix_0_0_synth_1/prj/sol/.autopilot/db/v_csc.cpp:930:9) in function 'v_mix_yuv2rgb<true>'.
WARNING: [XFORM 203-561] Ignored invalid trip count directive (MAX (= 3840) < AVE (= 32767)) for loop 'VITIS_LOOP_941_2' (/home/e/Documents/research/byotee/OSDZU3_Ref_Design/OSDZU3_Ref_Design.runs/design_1_v_mix_0_0_synth_1/prj/sol/.autopilot/db/v_csc.cpp:930:9) in function 'v_mix_yuv2rgb<true>'.
WARNING: [XFORM 203-561] Updating loop upper bound from 65535 to 2160 for loop 'VITIS_LOOP_939_1' (/home/e/Documents/research/byotee/OSDZU3_Ref_Design/OSDZU3_Ref_Design.runs/design_1_v_mix_0_0_synth_1/prj/sol/.autopilot/db/v_csc.cpp:930:6) in function 'v_mix_yuv2rgb<true>'.
WARNING: [XFORM 203-561] Ignored invalid trip count directive (MAX (= 2160) < AVE (= 32767)) for loop 'VITIS_LOOP_939_1' (/home/e/Documents/research/byotee/OSDZU3_Ref_Design/OSDZU3_Ref_Design.runs/design_1_v_mix_0_0_synth_1/prj/sol/.autopilot/db/v_csc.cpp:930:6) in function 'v_mix_yuv2rgb<true>'.
WARNING: [XFORM 203-561] Updating loop upper bound from 65535 to 3840 for loop 'VITIS_LOOP_897_2' (/home/e/Documents/research/byotee/OSDZU3_Ref_Design/OSDZU3_Ref_Design.runs/design_1_v_mix_0_0_synth_1/prj/sol/.autopilot/db/v_csc.cpp:887:9) in function 'v_mix_yuv2rgb<false>.4'.
WARNING: [XFORM 203-561] Updating loop lower bound from 0 to 64 for loop 'VITIS_LOOP_897_2' (/home/e/Documents/research/byotee/OSDZU3_Ref_Design/OSDZU3_Ref_Design.runs/design_1_v_mix_0_0_synth_1/prj/sol/.autopilot/db/v_csc.cpp:887:9) in function 'v_mix_yuv2rgb<false>.4'.
WARNING: [XFORM 203-561] Ignored invalid trip count directive (MAX (= 3840) < AVE (= 32767)) for loop 'VITIS_LOOP_897_2' (/home/e/Documents/research/byotee/OSDZU3_Ref_Design/OSDZU3_Ref_Design.runs/design_1_v_mix_0_0_synth_1/prj/sol/.autopilot/db/v_csc.cpp:887:9) in function 'v_mix_yuv2rgb<false>.4'.
WARNING: [XFORM 203-561] Updating loop upper bound from 65535 to 2160 for loop 'VITIS_LOOP_895_1' (/home/e/Documents/research/byotee/OSDZU3_Ref_Design/OSDZU3_Ref_Design.runs/design_1_v_mix_0_0_synth_1/prj/sol/.autopilot/db/v_csc.cpp:887:6) in function 'v_mix_yuv2rgb<false>.4'.
WARNING: [XFORM 203-561] Updating loop lower bound from 0 to 64 for loop 'VITIS_LOOP_895_1' (/home/e/Documents/research/byotee/OSDZU3_Ref_Design/OSDZU3_Ref_Design.runs/design_1_v_mix_0_0_synth_1/prj/sol/.autopilot/db/v_csc.cpp:887:6) in function 'v_mix_yuv2rgb<false>.4'.
WARNING: [XFORM 203-561] Ignored invalid trip count directive (MAX (= 2160) < AVE (= 32767)) for loop 'VITIS_LOOP_895_1' (/home/e/Documents/research/byotee/OSDZU3_Ref_Design/OSDZU3_Ref_Design.runs/design_1_v_mix_0_0_synth_1/prj/sol/.autopilot/db/v_csc.cpp:887:6) in function 'v_mix_yuv2rgb<false>.4'.
WARNING: [XFORM 203-561] Updating loop upper bound from 65535 to 3840 for loop 'VITIS_LOOP_897_2' (/home/e/Documents/research/byotee/OSDZU3_Ref_Design/OSDZU3_Ref_Design.runs/design_1_v_mix_0_0_synth_1/prj/sol/.autopilot/db/v_csc.cpp:887:9) in function 'v_mix_yuv2rgb<false>'.
WARNING: [XFORM 203-561] Ignored invalid trip count directive (MAX (= 3840) < AVE (= 32767)) for loop 'VITIS_LOOP_897_2' (/home/e/Documents/research/byotee/OSDZU3_Ref_Design/OSDZU3_Ref_Design.runs/design_1_v_mix_0_0_synth_1/prj/sol/.autopilot/db/v_csc.cpp:887:9) in function 'v_mix_yuv2rgb<false>'.
WARNING: [XFORM 203-561] Updating loop upper bound from 65535 to 2160 for loop 'VITIS_LOOP_895_1' (/home/e/Documents/research/byotee/OSDZU3_Ref_Design/OSDZU3_Ref_Design.runs/design_1_v_mix_0_0_synth_1/prj/sol/.autopilot/db/v_csc.cpp:887:6) in function 'v_mix_yuv2rgb<false>'.
WARNING: [XFORM 203-561] Ignored invalid trip count directive (MAX (= 2160) < AVE (= 32767)) for loop 'VITIS_LOOP_895_1' (/home/e/Documents/research/byotee/OSDZU3_Ref_Design/OSDZU3_Ref_Design.runs/design_1_v_mix_0_0_synth_1/prj/sol/.autopilot/db/v_csc.cpp:887:6) in function 'v_mix_yuv2rgb<false>'.
WARNING: [XFORM 203-561] Updating loop upper bound from 65535 to 3840 for loop 'VITIS_LOOP_107_2' (/home/e/Documents/research/byotee/OSDZU3_Ref_Design/OSDZU3_Ref_Design.runs/design_1_v_mix_0_0_synth_1/prj/sol/.autopilot/db/v_mix.cpp:97:9) in function 'v_mix_upsample<false>.7'.
WARNING: [XFORM 203-561] Ignored invalid trip count directive (MAX (= 3840) < AVE (= 32767)) for loop 'VITIS_LOOP_107_2' (/home/e/Documents/research/byotee/OSDZU3_Ref_Design/OSDZU3_Ref_Design.runs/design_1_v_mix_0_0_synth_1/prj/sol/.autopilot/db/v_mix.cpp:97:9) in function 'v_mix_upsample<false>.7'.
WARNING: [XFORM 203-561] Updating loop upper bound from 65535 to 2160 for loop 'VITIS_LOOP_105_1' (/home/e/Documents/research/byotee/OSDZU3_Ref_Design/OSDZU3_Ref_Design.runs/design_1_v_mix_0_0_synth_1/prj/sol/.autopilot/db/v_mix.cpp:97:6) in function 'v_mix_upsample<false>.7'.
WARNING: [XFORM 203-561] Ignored invalid trip count directive (MAX (= 2160) < AVE (= 32767)) for loop 'VITIS_LOOP_105_1' (/home/e/Documents/research/byotee/OSDZU3_Ref_Design/OSDZU3_Ref_Design.runs/design_1_v_mix_0_0_synth_1/prj/sol/.autopilot/db/v_mix.cpp:97:6) in function 'v_mix_upsample<false>.7'.
WARNING: [XFORM 203-561] Updating loop upper bound from 65535 to 3840 for loop 'VITIS_LOOP_107_2' (/home/e/Documents/research/byotee/OSDZU3_Ref_Design/OSDZU3_Ref_Design.runs/design_1_v_mix_0_0_synth_1/prj/sol/.autopilot/db/v_mix.cpp:97:9) in function 'v_mix_upsample<false>'.
WARNING: [XFORM 203-561] Ignored invalid trip count directive (MAX (= 3840) < AVE (= 32767)) for loop 'VITIS_LOOP_107_2' (/home/e/Documents/research/byotee/OSDZU3_Ref_Design/OSDZU3_Ref_Design.runs/design_1_v_mix_0_0_synth_1/prj/sol/.autopilot/db/v_mix.cpp:97:9) in function 'v_mix_upsample<false>'.
WARNING: [XFORM 203-561] Updating loop upper bound from 65535 to 2160 for loop 'VITIS_LOOP_105_1' (/home/e/Documents/research/byotee/OSDZU3_Ref_Design/OSDZU3_Ref_Design.runs/design_1_v_mix_0_0_synth_1/prj/sol/.autopilot/db/v_mix.cpp:97:6) in function 'v_mix_upsample<false>'.
WARNING: [XFORM 203-561] Ignored invalid trip count directive (MAX (= 2160) < AVE (= 32767)) for loop 'VITIS_LOOP_105_1' (/home/e/Documents/research/byotee/OSDZU3_Ref_Design/OSDZU3_Ref_Design.runs/design_1_v_mix_0_0_synth_1/prj/sol/.autopilot/db/v_mix.cpp:97:6) in function 'v_mix_upsample<false>'.
WARNING: [XFORM 203-561] Updating loop upper bound from 65535 to 3840 for loop 'VITIS_LOOP_1042_2' (/home/e/Documents/research/byotee/OSDZU3_Ref_Design/OSDZU3_Ref_Design.runs/design_1_v_mix_0_0_synth_1/prj/sol/.autopilot/db/v_csc.cpp:1034:9) in function 'v_mix_rgb2yuv<false>'.
WARNING: [XFORM 203-561] Updating loop lower bound from 0 to 64 for loop 'VITIS_LOOP_1042_2' (/home/e/Documents/research/byotee/OSDZU3_Ref_Design/OSDZU3_Ref_Design.runs/design_1_v_mix_0_0_synth_1/prj/sol/.autopilot/db/v_csc.cpp:1034:9) in function 'v_mix_rgb2yuv<false>'.
WARNING: [XFORM 203-561] Ignored invalid trip count directive (MAX (= 3840) < AVE (= 32767)) for loop 'VITIS_LOOP_1042_2' (/home/e/Documents/research/byotee/OSDZU3_Ref_Design/OSDZU3_Ref_Design.runs/design_1_v_mix_0_0_synth_1/prj/sol/.autopilot/db/v_csc.cpp:1034:9) in function 'v_mix_rgb2yuv<false>'.
WARNING: [XFORM 203-561] Updating loop upper bound from 65535 to 2160 for loop 'VITIS_LOOP_1040_1' (/home/e/Documents/research/byotee/OSDZU3_Ref_Design/OSDZU3_Ref_Design.runs/design_1_v_mix_0_0_synth_1/prj/sol/.autopilot/db/v_csc.cpp:1034:6) in function 'v_mix_rgb2yuv<false>'.
WARNING: [XFORM 203-561] Updating loop lower bound from 0 to 64 for loop 'VITIS_LOOP_1040_1' (/home/e/Documents/research/byotee/OSDZU3_Ref_Design/OSDZU3_Ref_Design.runs/design_1_v_mix_0_0_synth_1/prj/sol/.autopilot/db/v_csc.cpp:1034:6) in function 'v_mix_rgb2yuv<false>'.
WARNING: [XFORM 203-561] Ignored invalid trip count directive (MAX (= 2160) < AVE (= 32767)) for loop 'VITIS_LOOP_1040_1' (/home/e/Documents/research/byotee/OSDZU3_Ref_Design/OSDZU3_Ref_Design.runs/design_1_v_mix_0_0_synth_1/prj/sol/.autopilot/db/v_csc.cpp:1034:6) in function 'v_mix_rgb2yuv<false>'.
WARNING: [XFORM 203-561] Updating loop upper bound from 65535 to 3840 for loop 'VITIS_LOOP_395_3' (/home/e/Documents/research/byotee/OSDZU3_Ref_Design/OSDZU3_Ref_Design.runs/design_1_v_mix_0_0_synth_1/prj/sol/.autopilot/db/v_mix.cpp:366:9) in function 'v_mix_core_alpha<true, false>'.
WARNING: [XFORM 203-561] Updating loop lower bound from 0 to 64 for loop 'VITIS_LOOP_395_3' (/home/e/Documents/research/byotee/OSDZU3_Ref_Design/OSDZU3_Ref_Design.runs/design_1_v_mix_0_0_synth_1/prj/sol/.autopilot/db/v_mix.cpp:366:9) in function 'v_mix_core_alpha<true, false>'.
WARNING: [XFORM 203-561] Ignored invalid trip count directive (MAX (= 3840) < AVE (= 32767)) for loop 'VITIS_LOOP_395_3' (/home/e/Documents/research/byotee/OSDZU3_Ref_Design/OSDZU3_Ref_Design.runs/design_1_v_mix_0_0_synth_1/prj/sol/.autopilot/db/v_mix.cpp:366:9) in function 'v_mix_core_alpha<true, false>'.
WARNING: [XFORM 203-561] Updating loop upper bound from 65535 to 2160 for loop 'VITIS_LOOP_393_2' (/home/e/Documents/research/byotee/OSDZU3_Ref_Design/OSDZU3_Ref_Design.runs/design_1_v_mix_0_0_synth_1/prj/sol/.autopilot/db/v_mix.cpp:366:6) in function 'v_mix_core_alpha<true, false>'.
WARNING: [XFORM 203-561] Updating loop lower bound from 0 to 64 for loop 'VITIS_LOOP_393_2' (/home/e/Documents/research/byotee/OSDZU3_Ref_Design/OSDZU3_Ref_Design.runs/design_1_v_mix_0_0_synth_1/prj/sol/.autopilot/db/v_mix.cpp:366:6) in function 'v_mix_core_alpha<true, false>'.
WARNING: [XFORM 203-561] Ignored invalid trip count directive (MAX (= 2160) < AVE (= 32767)) for loop 'VITIS_LOOP_393_2' (/home/e/Documents/research/byotee/OSDZU3_Ref_Design/OSDZU3_Ref_Design.runs/design_1_v_mix_0_0_synth_1/prj/sol/.autopilot/db/v_mix.cpp:366:6) in function 'v_mix_core_alpha<true, false>'.
WARNING: [XFORM 203-561] Updating loop upper bound from 65535 to 3840 for loop 'VITIS_LOOP_465_3' (/home/e/Documents/research/byotee/OSDZU3_Ref_Design/OSDZU3_Ref_Design.runs/design_1_v_mix_0_0_synth_1/prj/sol/.autopilot/db/v_mix.cpp:440:9) in function 'v_mix_core_alpha<false, false>'.
WARNING: [XFORM 203-561] Updating loop lower bound from 0 to 64 for loop 'VITIS_LOOP_465_3' (/home/e/Documents/research/byotee/OSDZU3_Ref_Design/OSDZU3_Ref_Design.runs/design_1_v_mix_0_0_synth_1/prj/sol/.autopilot/db/v_mix.cpp:440:9) in function 'v_mix_core_alpha<false, false>'.
WARNING: [XFORM 203-561] Ignored invalid trip count directive (MAX (= 3840) < AVE (= 32767)) for loop 'VITIS_LOOP_465_3' (/home/e/Documents/research/byotee/OSDZU3_Ref_Design/OSDZU3_Ref_Design.runs/design_1_v_mix_0_0_synth_1/prj/sol/.autopilot/db/v_mix.cpp:440:9) in function 'v_mix_core_alpha<false, false>'.
WARNING: [XFORM 203-561] Updating loop upper bound from 65535 to 2160 for loop 'VITIS_LOOP_463_2' (/home/e/Documents/research/byotee/OSDZU3_Ref_Design/OSDZU3_Ref_Design.runs/design_1_v_mix_0_0_synth_1/prj/sol/.autopilot/db/v_mix.cpp:440:6) in function 'v_mix_core_alpha<false, false>'.
WARNING: [XFORM 203-561] Updating loop lower bound from 0 to 64 for loop 'VITIS_LOOP_463_2' (/home/e/Documents/research/byotee/OSDZU3_Ref_Design/OSDZU3_Ref_Design.runs/design_1_v_mix_0_0_synth_1/prj/sol/.autopilot/db/v_mix.cpp:440:6) in function 'v_mix_core_alpha<false, false>'.
WARNING: [XFORM 203-561] Ignored invalid trip count directive (MAX (= 2160) < AVE (= 32767)) for loop 'VITIS_LOOP_463_2' (/home/e/Documents/research/byotee/OSDZU3_Ref_Design/OSDZU3_Ref_Design.runs/design_1_v_mix_0_0_synth_1/prj/sol/.autopilot/db/v_mix.cpp:440:6) in function 'v_mix_core_alpha<false, false>'.
WARNING: [XFORM 203-561] Updating loop upper bound from 65535 to 3840 for loop 'VITIS_LOOP_718_2' (/home/e/Documents/research/byotee/OSDZU3_Ref_Design/OSDZU3_Ref_Design.runs/design_1_v_mix_0_0_synth_1/prj/sol/.autopilot/db/v_csc.cpp:709:9) in function 'v_mix_444_to_422<false>'.
WARNING: [XFORM 203-561] Updating loop lower bound from 0 to 64 for loop 'VITIS_LOOP_718_2' (/home/e/Documents/research/byotee/OSDZU3_Ref_Design/OSDZU3_Ref_Design.runs/design_1_v_mix_0_0_synth_1/prj/sol/.autopilot/db/v_csc.cpp:709:9) in function 'v_mix_444_to_422<false>'.
WARNING: [XFORM 203-561] Ignored invalid trip count directive (MAX (= 3840) < AVE (= 32767)) for loop 'VITIS_LOOP_718_2' (/home/e/Documents/research/byotee/OSDZU3_Ref_Design/OSDZU3_Ref_Design.runs/design_1_v_mix_0_0_synth_1/prj/sol/.autopilot/db/v_csc.cpp:709:9) in function 'v_mix_444_to_422<false>'.
WARNING: [XFORM 203-561] Updating loop upper bound from 65535 to 2160 for loop 'VITIS_LOOP_716_1' (/home/e/Documents/research/byotee/OSDZU3_Ref_Design/OSDZU3_Ref_Design.runs/design_1_v_mix_0_0_synth_1/prj/sol/.autopilot/db/v_csc.cpp:709:6) in function 'v_mix_444_to_422<false>'.
WARNING: [XFORM 203-561] Updating loop lower bound from 0 to 64 for loop 'VITIS_LOOP_716_1' (/home/e/Documents/research/byotee/OSDZU3_Ref_Design/OSDZU3_Ref_Design.runs/design_1_v_mix_0_0_synth_1/prj/sol/.autopilot/db/v_csc.cpp:709:6) in function 'v_mix_444_to_422<false>'.
WARNING: [XFORM 203-561] Ignored invalid trip count directive (MAX (= 2160) < AVE (= 32767)) for loop 'VITIS_LOOP_716_1' (/home/e/Documents/research/byotee/OSDZU3_Ref_Design/OSDZU3_Ref_Design.runs/design_1_v_mix_0_0_synth_1/prj/sol/.autopilot/db/v_csc.cpp:709:6) in function 'v_mix_444_to_422<false>'.
WARNING: [XFORM 203-561] Updating loop upper bound from 65535 to 32767 for loop 'VITIS_LOOP_159_1' (/home/e/Documents/research/byotee/OSDZU3_Ref_Design/OSDZU3_Ref_Design.runs/design_1_v_mix_0_0_synth_1/prj/sol/.autopilot/db/v_csc.cpp:131:6) in function 'v_mix_422_to_444<true>'.
WARNING: [XFORM 203-561] Updating loop upper bound from 65535 to 3840 for loop 'VITIS_LOOP_105_2' (/home/e/Documents/research/byotee/OSDZU3_Ref_Design/OSDZU3_Ref_Design.runs/design_1_v_mix_0_0_synth_1/prj/sol/.autopilot/db/v_csc.cpp:95:9) in function 'v_mix_422_to_444<false>.3'.
WARNING: [XFORM 203-561] Updating loop lower bound from 0 to 64 for loop 'VITIS_LOOP_105_2' (/home/e/Documents/research/byotee/OSDZU3_Ref_Design/OSDZU3_Ref_Design.runs/design_1_v_mix_0_0_synth_1/prj/sol/.autopilot/db/v_csc.cpp:95:9) in function 'v_mix_422_to_444<false>.3'.
WARNING: [XFORM 203-561] Ignored invalid trip count directive (MAX (= 3840) < AVE (= 32767)) for loop 'VITIS_LOOP_105_2' (/home/e/Documents/research/byotee/OSDZU3_Ref_Design/OSDZU3_Ref_Design.runs/design_1_v_mix_0_0_synth_1/prj/sol/.autopilot/db/v_csc.cpp:95:9) in function 'v_mix_422_to_444<false>.3'.
WARNING: [XFORM 203-561] Updating loop upper bound from 65535 to 2160 for loop 'VITIS_LOOP_103_1' (/home/e/Documents/research/byotee/OSDZU3_Ref_Design/OSDZU3_Ref_Design.runs/design_1_v_mix_0_0_synth_1/prj/sol/.autopilot/db/v_csc.cpp:95:6) in function 'v_mix_422_to_444<false>.3'.
WARNING: [XFORM 203-561] Updating loop lower bound from 0 to 64 for loop 'VITIS_LOOP_103_1' (/home/e/Documents/research/byotee/OSDZU3_Ref_Design/OSDZU3_Ref_Design.runs/design_1_v_mix_0_0_synth_1/prj/sol/.autopilot/db/v_csc.cpp:95:6) in function 'v_mix_422_to_444<false>.3'.
WARNING: [XFORM 203-561] Ignored invalid trip count directive (MAX (= 2160) < AVE (= 32767)) for loop 'VITIS_LOOP_103_1' (/home/e/Documents/research/byotee/OSDZU3_Ref_Design/OSDZU3_Ref_Design.runs/design_1_v_mix_0_0_synth_1/prj/sol/.autopilot/db/v_csc.cpp:95:6) in function 'v_mix_422_to_444<false>.3'.
WARNING: [XFORM 203-561] Updating loop upper bound from 65535 to 3840 for loop 'VITIS_LOOP_105_2' (/home/e/Documents/research/byotee/OSDZU3_Ref_Design/OSDZU3_Ref_Design.runs/design_1_v_mix_0_0_synth_1/prj/sol/.autopilot/db/v_csc.cpp:95:9) in function 'v_mix_422_to_444<false>'.
WARNING: [XFORM 203-561] Ignored invalid trip count directive (MAX (= 3840) < AVE (= 32767)) for loop 'VITIS_LOOP_105_2' (/home/e/Documents/research/byotee/OSDZU3_Ref_Design/OSDZU3_Ref_Design.runs/design_1_v_mix_0_0_synth_1/prj/sol/.autopilot/db/v_csc.cpp:95:9) in function 'v_mix_422_to_444<false>'.
WARNING: [XFORM 203-561] Updating loop upper bound from 65535 to 2160 for loop 'VITIS_LOOP_103_1' (/home/e/Documents/research/byotee/OSDZU3_Ref_Design/OSDZU3_Ref_Design.runs/design_1_v_mix_0_0_synth_1/prj/sol/.autopilot/db/v_csc.cpp:95:6) in function 'v_mix_422_to_444<false>'.
WARNING: [XFORM 203-561] Ignored invalid trip count directive (MAX (= 2160) < AVE (= 32767)) for loop 'VITIS_LOOP_103_1' (/home/e/Documents/research/byotee/OSDZU3_Ref_Design/OSDZU3_Ref_Design.runs/design_1_v_mix_0_0_synth_1/prj/sol/.autopilot/db/v_csc.cpp:95:6) in function 'v_mix_422_to_444<false>'.
WARNING: [XFORM 203-561] Updating loop upper bound from 65535 to 3840 for loop 'VITIS_LOOP_508_2' (/home/e/Documents/research/byotee/OSDZU3_Ref_Design/OSDZU3_Ref_Design.runs/design_1_v_mix_0_0_synth_1/prj/sol/.autopilot/db/v_csc.cpp:500:9) in function 'v_mix_422_to_420<false>'.
WARNING: [XFORM 203-561] Updating loop lower bound from 0 to 64 for loop 'VITIS_LOOP_508_2' (/home/e/Documents/research/byotee/OSDZU3_Ref_Design/OSDZU3_Ref_Design.runs/design_1_v_mix_0_0_synth_1/prj/sol/.autopilot/db/v_csc.cpp:500:9) in function 'v_mix_422_to_420<false>'.
WARNING: [XFORM 203-561] Ignored invalid trip count directive (MAX (= 3840) < AVE (= 32767)) for loop 'VITIS_LOOP_508_2' (/home/e/Documents/research/byotee/OSDZU3_Ref_Design/OSDZU3_Ref_Design.runs/design_1_v_mix_0_0_synth_1/prj/sol/.autopilot/db/v_csc.cpp:500:9) in function 'v_mix_422_to_420<false>'.
WARNING: [XFORM 203-561] Updating loop upper bound from 65535 to 2160 for loop 'VITIS_LOOP_506_1' (/home/e/Documents/research/byotee/OSDZU3_Ref_Design/OSDZU3_Ref_Design.runs/design_1_v_mix_0_0_synth_1/prj/sol/.autopilot/db/v_csc.cpp:500:6) in function 'v_mix_422_to_420<false>'.
WARNING: [XFORM 203-561] Updating loop lower bound from 0 to 64 for loop 'VITIS_LOOP_506_1' (/home/e/Documents/research/byotee/OSDZU3_Ref_Design/OSDZU3_Ref_Design.runs/design_1_v_mix_0_0_synth_1/prj/sol/.autopilot/db/v_csc.cpp:500:6) in function 'v_mix_422_to_420<false>'.
WARNING: [XFORM 203-561] Ignored invalid trip count directive (MAX (= 2160) < AVE (= 32767)) for loop 'VITIS_LOOP_506_1' (/home/e/Documents/research/byotee/OSDZU3_Ref_Design/OSDZU3_Ref_Design.runs/design_1_v_mix_0_0_synth_1/prj/sol/.autopilot/db/v_csc.cpp:500:6) in function 'v_mix_422_to_420<false>'.
WARNING: [XFORM 203-561] Updating loop upper bound from 65535 to 3840 for loop 'VITIS_LOOP_76_2' (/home/e/Documents/research/byotee/OSDZU3_Ref_Design/OSDZU3_Ref_Design.runs/design_1_v_mix_0_0_synth_1/prj/sol/.autopilot/db/v_csc.cpp:66:9) in function 'v_mix_420_to_422<false>.6'.
WARNING: [XFORM 203-561] Ignored invalid trip count directive (MAX (= 3840) < AVE (= 32767)) for loop 'VITIS_LOOP_76_2' (/home/e/Documents/research/byotee/OSDZU3_Ref_Design/OSDZU3_Ref_Design.runs/design_1_v_mix_0_0_synth_1/prj/sol/.autopilot/db/v_csc.cpp:66:9) in function 'v_mix_420_to_422<false>.6'.
WARNING: [XFORM 203-561] Updating loop upper bound from 65535 to 2160 for loop 'VITIS_LOOP_74_1' (/home/e/Documents/research/byotee/OSDZU3_Ref_Design/OSDZU3_Ref_Design.runs/design_1_v_mix_0_0_synth_1/prj/sol/.autopilot/db/v_csc.cpp:66:6) in function 'v_mix_420_to_422<false>.6'.
WARNING: [XFORM 203-561] Ignored invalid trip count directive (MAX (= 2160) < AVE (= 32767)) for loop 'VITIS_LOOP_74_1' (/home/e/Documents/research/byotee/OSDZU3_Ref_Design/OSDZU3_Ref_Design.runs/design_1_v_mix_0_0_synth_1/prj/sol/.autopilot/db/v_csc.cpp:66:6) in function 'v_mix_420_to_422<false>.6'.
WARNING: [XFORM 203-561] Updating loop upper bound from 65535 to 3840 for loop 'VITIS_LOOP_76_2' (/home/e/Documents/research/byotee/OSDZU3_Ref_Design/OSDZU3_Ref_Design.runs/design_1_v_mix_0_0_synth_1/prj/sol/.autopilot/db/v_csc.cpp:66:9) in function 'v_mix_420_to_422<false>.2'.
WARNING: [XFORM 203-561] Updating loop lower bound from 0 to 64 for loop 'VITIS_LOOP_76_2' (/home/e/Documents/research/byotee/OSDZU3_Ref_Design/OSDZU3_Ref_Design.runs/design_1_v_mix_0_0_synth_1/prj/sol/.autopilot/db/v_csc.cpp:66:9) in function 'v_mix_420_to_422<false>.2'.
WARNING: [XFORM 203-561] Ignored invalid trip count directive (MAX (= 3840) < AVE (= 32767)) for loop 'VITIS_LOOP_76_2' (/home/e/Documents/research/byotee/OSDZU3_Ref_Design/OSDZU3_Ref_Design.runs/design_1_v_mix_0_0_synth_1/prj/sol/.autopilot/db/v_csc.cpp:66:9) in function 'v_mix_420_to_422<false>.2'.
WARNING: [XFORM 203-561] Updating loop upper bound from 65535 to 2160 for loop 'VITIS_LOOP_74_1' (/home/e/Documents/research/byotee/OSDZU3_Ref_Design/OSDZU3_Ref_Design.runs/design_1_v_mix_0_0_synth_1/prj/sol/.autopilot/db/v_csc.cpp:66:6) in function 'v_mix_420_to_422<false>.2'.
WARNING: [XFORM 203-561] Updating loop lower bound from 0 to 64 for loop 'VITIS_LOOP_74_1' (/home/e/Documents/research/byotee/OSDZU3_Ref_Design/OSDZU3_Ref_Design.runs/design_1_v_mix_0_0_synth_1/prj/sol/.autopilot/db/v_csc.cpp:66:6) in function 'v_mix_420_to_422<false>.2'.
WARNING: [XFORM 203-561] Ignored invalid trip count directive (MAX (= 2160) < AVE (= 32767)) for loop 'VITIS_LOOP_74_1' (/home/e/Documents/research/byotee/OSDZU3_Ref_Design/OSDZU3_Ref_Design.runs/design_1_v_mix_0_0_synth_1/prj/sol/.autopilot/db/v_csc.cpp:66:6) in function 'v_mix_420_to_422<false>.2'.
WARNING: [XFORM 203-561] Updating loop upper bound from 65535 to 3840 for loop 'VITIS_LOOP_76_2' (/home/e/Documents/research/byotee/OSDZU3_Ref_Design/OSDZU3_Ref_Design.runs/design_1_v_mix_0_0_synth_1/prj/sol/.autopilot/db/v_csc.cpp:66:9) in function 'v_mix_420_to_422<false>'.
WARNING: [XFORM 203-561] Ignored invalid trip count directive (MAX (= 3840) < AVE (= 32767)) for loop 'VITIS_LOOP_76_2' (/home/e/Documents/research/byotee/OSDZU3_Ref_Design/OSDZU3_Ref_Design.runs/design_1_v_mix_0_0_synth_1/prj/sol/.autopilot/db/v_csc.cpp:66:9) in function 'v_mix_420_to_422<false>'.
WARNING: [XFORM 203-561] Updating loop upper bound from 65535 to 2160 for loop 'VITIS_LOOP_74_1' (/home/e/Documents/research/byotee/OSDZU3_Ref_Design/OSDZU3_Ref_Design.runs/design_1_v_mix_0_0_synth_1/prj/sol/.autopilot/db/v_csc.cpp:66:6) in function 'v_mix_420_to_422<false>'.
WARNING: [XFORM 203-561] Ignored invalid trip count directive (MAX (= 2160) < AVE (= 32767)) for loop 'VITIS_LOOP_74_1' (/home/e/Documents/research/byotee/OSDZU3_Ref_Design/OSDZU3_Ref_Design.runs/design_1_v_mix_0_0_synth_1/prj/sol/.autopilot/db/v_csc.cpp:66:6) in function 'v_mix_420_to_422<false>'.
WARNING: [XFORM 203-561] Updating loop upper bound from 65535 to 3840 for loop 'VITIS_LOOP_3519_3' (/home/e/Documents/research/byotee/OSDZU3_Ref_Design/OSDZU3_Ref_Design.runs/design_1_v_mix_0_0_synth_1/prj/sol/.autopilot/db/v_mix.cpp:3516:7) in function 'MultiPixStream2AXIvideo'.
WARNING: [XFORM 203-561] Ignored invalid trip count directive (MAX (= 3840) < AVE (= 32767)) for loop 'VITIS_LOOP_3519_3' (/home/e/Documents/research/byotee/OSDZU3_Ref_Design/OSDZU3_Ref_Design.runs/design_1_v_mix_0_0_synth_1/prj/sol/.autopilot/db/v_mix.cpp:3516:7) in function 'MultiPixStream2AXIvideo'.
WARNING: [XFORM 203-561] Updating loop upper bound from 65535 to 2160 for loop 'VITIS_LOOP_3517_2' (/home/e/Documents/research/byotee/OSDZU3_Ref_Design/OSDZU3_Ref_Design.runs/design_1_v_mix_0_0_synth_1/prj/sol/.autopilot/db/v_mix.cpp:3516:7) in function 'MultiPixStream2AXIvideo'.
WARNING: [XFORM 203-561] Ignored invalid trip count directive (MAX (= 2160) < AVE (= 32767)) for loop 'VITIS_LOOP_3517_2' (/home/e/Documents/research/byotee/OSDZU3_Ref_Design/OSDZU3_Ref_Design.runs/design_1_v_mix_0_0_synth_1/prj/sol/.autopilot/db/v_mix.cpp:3516:7) in function 'MultiPixStream2AXIvideo'.
WARNING: [XFORM 203-561] Updating loop upper bound from 65535 to 3840 for loop 'loop_width' (/home/e/Documents/research/byotee/OSDZU3_Ref_Design/OSDZU3_Ref_Design.runs/design_1_v_mix_0_0_synth_1/prj/sol/.autopilot/db/v_mix.cpp:3362:30) in function 'AXIvideo2MultiPixStream.5'.
WARNING: [XFORM 203-561] Ignored invalid trip count directive (MAX (= 3840) < AVE (= 32767)) for loop 'loop_width' (/home/e/Documents/research/byotee/OSDZU3_Ref_Design/OSDZU3_Ref_Design.runs/design_1_v_mix_0_0_synth_1/prj/sol/.autopilot/db/v_mix.cpp:3362:30) in function 'AXIvideo2MultiPixStream.5'.
WARNING: [XFORM 203-561] Updating loop upper bound from 65535 to 2160 for loop 'loop_height' (/home/e/Documents/research/byotee/OSDZU3_Ref_Design/OSDZU3_Ref_Design.runs/design_1_v_mix_0_0_synth_1/prj/sol/.autopilot/db/v_mix.cpp:3362:30) in function 'AXIvideo2MultiPixStream.5'.
WARNING: [XFORM 203-561] Ignored invalid trip count directive (MAX (= 2160) < AVE (= 32767)) for loop 'loop_height' (/home/e/Documents/research/byotee/OSDZU3_Ref_Design/OSDZU3_Ref_Design.runs/design_1_v_mix_0_0_synth_1/prj/sol/.autopilot/db/v_mix.cpp:3362:30) in function 'AXIvideo2MultiPixStream.5'.
WARNING: [XFORM 203-561] Updating loop upper bound from 65535 to 3840 for loop 'loop_width' (/home/e/Documents/research/byotee/OSDZU3_Ref_Design/OSDZU3_Ref_Design.runs/design_1_v_mix_0_0_synth_1/prj/sol/.autopilot/db/v_mix.cpp:3362:30) in function 'AXIvideo2MultiPixStream.1'.
WARNING: [XFORM 203-561] Ignored invalid trip count directive (MAX (= 3840) < AVE (= 32767)) for loop 'loop_width' (/home/e/Documents/research/byotee/OSDZU3_Ref_Design/OSDZU3_Ref_Design.runs/design_1_v_mix_0_0_synth_1/prj/sol/.autopilot/db/v_mix.cpp:3362:30) in function 'AXIvideo2MultiPixStream.1'.
WARNING: [XFORM 203-561] Updating loop upper bound from 65535 to 2160 for loop 'loop_height' (/home/e/Documents/research/byotee/OSDZU3_Ref_Design/OSDZU3_Ref_Design.runs/design_1_v_mix_0_0_synth_1/prj/sol/.autopilot/db/v_mix.cpp:3362:30) in function 'AXIvideo2MultiPixStream.1'.
WARNING: [XFORM 203-561] Ignored invalid trip count directive (MAX (= 2160) < AVE (= 32767)) for loop 'loop_height' (/home/e/Documents/research/byotee/OSDZU3_Ref_Design/OSDZU3_Ref_Design.runs/design_1_v_mix_0_0_synth_1/prj/sol/.autopilot/db/v_mix.cpp:3362:30) in function 'AXIvideo2MultiPixStream.1'.
WARNING: [XFORM 203-561] Updating loop upper bound from 65535 to 3840 for loop 'loop_width' (/home/e/Documents/research/byotee/OSDZU3_Ref_Design/OSDZU3_Ref_Design.runs/design_1_v_mix_0_0_synth_1/prj/sol/.autopilot/db/v_mix.cpp:3362:30) in function 'AXIvideo2MultiPixStream'.
WARNING: [XFORM 203-561] Ignored invalid trip count directive (MAX (= 3840) < AVE (= 32767)) for loop 'loop_width' (/home/e/Documents/research/byotee/OSDZU3_Ref_Design/OSDZU3_Ref_Design.runs/design_1_v_mix_0_0_synth_1/prj/sol/.autopilot/db/v_mix.cpp:3362:30) in function 'AXIvideo2MultiPixStream'.
WARNING: [XFORM 203-561] Updating loop upper bound from 65535 to 2160 for loop 'loop_height' (/home/e/Documents/research/byotee/OSDZU3_Ref_Design/OSDZU3_Ref_Design.runs/design_1_v_mix_0_0_synth_1/prj/sol/.autopilot/db/v_mix.cpp:3362:30) in function 'AXIvideo2MultiPixStream'.
WARNING: [XFORM 203-561] Ignored invalid trip count directive (MAX (= 2160) < AVE (= 32767)) for loop 'loop_height' (/home/e/Documents/research/byotee/OSDZU3_Ref_Design/OSDZU3_Ref_Design.runs/design_1_v_mix_0_0_synth_1/prj/sol/.autopilot/db/v_mix.cpp:3362:30) in function 'AXIvideo2MultiPixStream'.
WARNING: [HLS 200-805] An internal stream 'srcLayer0' with default size can result in deadlock. Please consider resizing the stream using the directive 'set_directive_stream' or the 'HLS stream' pragma.
WARNING: [HLS 200-805] An internal stream 'srcLayer0Yuv422' with default size can result in deadlock. Please consider resizing the stream using the directive 'set_directive_stream' or the 'HLS stream' pragma.
WARNING: [HLS 200-805] An internal stream 'srcLayer0Yuv' with default size can result in deadlock. Please consider resizing the stream using the directive 'set_directive_stream' or the 'HLS stream' pragma.
WARNING: [HLS 200-805] An internal stream 'outLayer0' with default size can result in deadlock. Please consider resizing the stream using the directive 'set_directive_stream' or the 'HLS stream' pragma.
WARNING: [HLS 200-805] An internal stream 'outYuv' with default size can result in deadlock. Please consider resizing the stream using the directive 'set_directive_stream' or the 'HLS stream' pragma.
WARNING: [HLS 200-805] An internal stream 'out422' with default size can result in deadlock. Please consider resizing the stream using the directive 'set_directive_stream' or the 'HLS stream' pragma.
WARNING: [HLS 200-805] An internal stream 'out420' with default size can result in deadlock. Please consider resizing the stream using the directive 'set_directive_stream' or the 'HLS stream' pragma.
WARNING: [HLS 200-805] An internal stream 'srcLayer1' with default size can result in deadlock. Please consider resizing the stream using the directive 'set_directive_stream' or the 'HLS stream' pragma.
WARNING: [HLS 200-805] An internal stream 'srcLayer1x' with default size can result in deadlock. Please consider resizing the stream using the directive 'set_directive_stream' or the 'HLS stream' pragma.
WARNING: [HLS 200-805] An internal stream 'outLayer1' with default size can result in deadlock. Please consider resizing the stream using the directive 'set_directive_stream' or the 'HLS stream' pragma.
WARNING: [HLS 200-805] An internal stream 'srcLayer1Yuv' with default size can result in deadlock. Please consider resizing the stream using the directive 'set_directive_stream' or the 'HLS stream' pragma.
WARNING: [HLS 200-805] An internal stream 'srcLayer1Yuv422' with default size can result in deadlock. Please consider resizing the stream using the directive 'set_directive_stream' or the 'HLS stream' pragma.
WARNING: [HLS 200-805] An internal stream 'srcLayer1Rgb' with default size can result in deadlock. Please consider resizing the stream using the directive 'set_directive_stream' or the 'HLS stream' pragma.
WARNING: [HLS 200-805] An internal stream 'srcLayer2' with default size can result in deadlock. Please consider resizing the stream using the directive 'set_directive_stream' or the 'HLS stream' pragma.
WARNING: [HLS 200-805] An internal stream 'srcLayer2x' with default size can result in deadlock. Please consider resizing the stream using the directive 'set_directive_stream' or the 'HLS stream' pragma.
WARNING: [HLS 200-805] An internal stream 'outLayer2' with default size can result in deadlock. Please consider resizing the stream using the directive 'set_directive_stream' or the 'HLS stream' pragma.
WARNING: [HLS 200-805] An internal stream 'srcLayer2Yuv' with default size can result in deadlock. Please consider resizing the stream using the directive 'set_directive_stream' or the 'HLS stream' pragma.
WARNING: [HLS 200-805] An internal stream 'srcLayer2Yuv422' with default size can result in deadlock. Please consider resizing the stream using the directive 'set_directive_stream' or the 'HLS stream' pragma.
WARNING: [HLS 200-805] An internal stream 'srcLayer2Rgb' with default size can result in deadlock. Please consider resizing the stream using the directive 'set_directive_stream' or the 'HLS stream' pragma.
INFO: [HLS 200-1947] Automatically inferred stable function argument 'HwReg_layerEnable.val16' of dataflow function 'VMixHlsDataFlowFunction' (/home/e/Documents/research/byotee/OSDZU3_Ref_Design/OSDZU3_Ref_Design.runs/design_1_v_mix_0_0_synth_1/prj/sol/.autopilot/db/v_mix.cpp:630:1).
INFO: [HLS 200-1947] Automatically inferred stable function argument 'HwReg_layerEnableFlag_0.val' of dataflow function 'VMixHlsDataFlowFunction' (/home/e/Documents/research/byotee/OSDZU3_Ref_Design/OSDZU3_Ref_Design.runs/design_1_v_mix_0_0_synth_1/prj/sol/.autopilot/db/v_mix.cpp:630:1).
INFO: [HLS 200-1947] Automatically inferred stable function argument 'HwReg_layerEnableFlag_1.val' of dataflow function 'VMixHlsDataFlowFunction' (/home/e/Documents/research/byotee/OSDZU3_Ref_Design/OSDZU3_Ref_Design.runs/design_1_v_mix_0_0_synth_1/prj/sol/.autopilot/db/v_mix.cpp:630:1).
INFO: [HLS 200-1947] Automatically inferred stable function argument 'HwReg_layerEnableFlag_2.val' of dataflow function 'VMixHlsDataFlowFunction' (/home/e/Documents/research/byotee/OSDZU3_Ref_Design/OSDZU3_Ref_Design.runs/design_1_v_mix_0_0_synth_1/prj/sol/.autopilot/db/v_mix.cpp:630:1).
INFO: [HLS 200-1947] Automatically inferred stable function argument 'HwReg_layerAlpha_2.val17' of dataflow function 'VMixHlsDataFlowFunction' (/home/e/Documents/research/byotee/OSDZU3_Ref_Design/OSDZU3_Ref_Design.runs/design_1_v_mix_0_0_synth_1/prj/sol/.autopilot/db/v_mix.cpp:630:1).
INFO: [HLS 200-1947] Automatically inferred stable function argument 'HwReg_layerStartX_1.val18' of dataflow function 'VMixHlsDataFlowFunction' (/home/e/Documents/research/byotee/OSDZU3_Ref_Design/OSDZU3_Ref_Design.runs/design_1_v_mix_0_0_synth_1/prj/sol/.autopilot/db/v_mix.cpp:630:1).
INFO: [HLS 200-1947] Automatically inferred stable function argument 'HwReg_layerStartX_2.val19' of dataflow function 'VMixHlsDataFlowFunction' (/home/e/Documents/research/byotee/OSDZU3_Ref_Design/OSDZU3_Ref_Design.runs/design_1_v_mix_0_0_synth_1/prj/sol/.autopilot/db/v_mix.cpp:630:1).
INFO: [HLS 200-1947] Automatically inferred stable function argument 'HwReg_layerStartY_1.val20' of dataflow function 'VMixHlsDataFlowFunction' (/home/e/Documents/research/byotee/OSDZU3_Ref_Design/OSDZU3_Ref_Design.runs/design_1_v_mix_0_0_synth_1/prj/sol/.autopilot/db/v_mix.cpp:630:1).
INFO: [HLS 200-1947] Automatically inferred stable function argument 'HwReg_layerStartY_2.val21' of dataflow function 'VMixHlsDataFlowFunction' (/home/e/Documents/research/byotee/OSDZU3_Ref_Design/OSDZU3_Ref_Design.runs/design_1_v_mix_0_0_synth_1/prj/sol/.autopilot/db/v_mix.cpp:630:1).
INFO: [HLS 200-1947] Automatically inferred stable function argument 'HwReg_layerWidth_1.val' of dataflow function 'VMixHlsDataFlowFunction' (/home/e/Documents/research/byotee/OSDZU3_Ref_Design/OSDZU3_Ref_Design.runs/design_1_v_mix_0_0_synth_1/prj/sol/.autopilot/db/v_mix.cpp:630:1).
INFO: [HLS 200-1947] Automatically inferred stable function argument 'HwReg_layerWidth_2.val' of dataflow function 'VMixHlsDataFlowFunction' (/home/e/Documents/research/byotee/OSDZU3_Ref_Design/OSDZU3_Ref_Design.runs/design_1_v_mix_0_0_synth_1/prj/sol/.autopilot/db/v_mix.cpp:630:1).
INFO: [HLS 200-1947] Automatically inferred stable function argument 'HwReg_layerHeight_1.val' of dataflow function 'VMixHlsDataFlowFunction' (/home/e/Documents/research/byotee/OSDZU3_Ref_Design/OSDZU3_Ref_Design.runs/design_1_v_mix_0_0_synth_1/prj/sol/.autopilot/db/v_mix.cpp:630:1).
INFO: [HLS 200-1947] Automatically inferred stable function argument 'HwReg_layerHeight_2.val' of dataflow function 'VMixHlsDataFlowFunction' (/home/e/Documents/research/byotee/OSDZU3_Ref_Design/OSDZU3_Ref_Design.runs/design_1_v_mix_0_0_synth_1/prj/sol/.autopilot/db/v_mix.cpp:630:1).
INFO: [HLS 200-1947] Automatically inferred stable function argument 'HwReg_layerScaleFactor_1.val26' of dataflow function 'VMixHlsDataFlowFunction' (/home/e/Documents/research/byotee/OSDZU3_Ref_Design/OSDZU3_Ref_Design.runs/design_1_v_mix_0_0_synth_1/prj/sol/.autopilot/db/v_mix.cpp:630:1).
INFO: [HLS 200-1947] Automatically inferred stable function argument 'HwReg_layerScaleFactor_2.val27' of dataflow function 'VMixHlsDataFlowFunction' (/home/e/Documents/research/byotee/OSDZU3_Ref_Design/OSDZU3_Ref_Design.runs/design_1_v_mix_0_0_synth_1/prj/sol/.autopilot/db/v_mix.cpp:630:1).
INFO: [XFORM 203-712] Applying dataflow to function 'VMixHlsDataFlowFunction' (/home/e/Documents/research/byotee/OSDZU3_Ref_Design/OSDZU3_Ref_Design.runs/design_1_v_mix_0_0_synth_1/prj/sol/.autopilot/db/v_mix.cpp:630:1), detected/extracted 20 process function(s): 
	 'AXIvideo2MultiPixStream.1'
	 'v_mix_420_to_422<false>.2'
	 'v_mix_422_to_444<false>.3'
	 'v_mix_yuv2rgb<false>.4'
	 'AXIvideo2MultiPixStream.5'
	 'v_mix_420_to_422<false>.6'
	 'v_mix_422_to_444<true>'
	 'v_mix_yuv2rgb<true>'
	 'v_mix_upsample<false>.7'
	 'v_mix_core_alpha<false, false>'
	 'AXIvideo2MultiPixStream'
	 'v_mix_420_to_422<false>'
	 'v_mix_422_to_444<false>'
	 'v_mix_yuv2rgb<false>'
	 'v_mix_upsample<false>'
	 'v_mix_core_alpha<true, false>'
	 'v_mix_rgb2yuv<false>'
	 'v_mix_444_to_422<false>'
	 'v_mix_422_to_420<false>'
	 'MultiPixStream2AXIvideo'.
Command           transform done; 0.17 sec.
INFO-FLOW: Presyn 2...
Execute           transform -hls -keep-callgraph -scalarrepl -mem2reg -port-alignment -attach-range -dce -pipe-mux-gen -indvars -loop-bound -inst-simplify -instcombine -dce -merge-array-access -mem2reg -dce -clean-region -mergereturn -if-conv -instcombine -dce -constprop -basicaa -aggr-aa -aggrmodref-aa -aggr-aa -gvn -gvn -basicaa -aggr-aa -aggrmodref-aa -aggr-aa -dse -adse -adce -scalarrepl -mem2reg -global-constprop -deadargelim -deadargelim -instcombine -dce -simplifycfg -ptrArgReplace -mem2reg -function-inline -globaldce -mem2reg -instcombine -dce -expr-balance -instcombine -dce -bitwidthmin2 -bitwidthmin2 -interface-preproc -directive-preproc -inst-rectify -instcombine -dce -basicaa -aggr-aa -aggrmodref-aa -aggr-aa -functionattrs -constprop -instcombine -bit-constprop -simplify-global-access -globalopt -globaldce -inst-simplify -instcombine -elimdeaddata -dce -loop-delete -simplifycfg -loop-simplify -barrier -norm-name /home/e/Documents/research/byotee/OSDZU3_Ref_Design/OSDZU3_Ref_Design.runs/design_1_v_mix_0_0_synth_1/prj/sol/.autopilot/db/a.o.1.tmp.bc -o /home/e/Documents/research/byotee/OSDZU3_Ref_Design/OSDZU3_Ref_Design.runs/design_1_v_mix_0_0_synth_1/prj/sol/.autopilot/db/a.o.2.bc -f -phase presyn 
WARNING: [XFORM 203-561] Updating loop upper bound from 65535 to 32767 for loop 'VITIS_LOOP_161_2' (/home/e/Documents/research/byotee/OSDZU3_Ref_Design/OSDZU3_Ref_Design.runs/design_1_v_mix_0_0_synth_1/prj/sol/.autopilot/db/v_csc.cpp:131:9) in function 'v_mix_422_to_444<true>'.
INFO: [XFORM 203-401] Performing if-conversion on hyperblock to (/home/e/Documents/research/byotee/OSDZU3_Ref_Design/OSDZU3_Ref_Design.runs/design_1_v_mix_0_0_synth_1/prj/sol/.autopilot/db/v_csc.cpp:281:22) in function 'v_mix_422_to_444<true>'... converting 3 basic blocks.
INFO: [XFORM 203-11] Balancing expressions in function 'v_mix_core_alpha<true, false>' (/home/e/Documents/research/byotee/OSDZU3_Ref_Design/OSDZU3_Ref_Design.runs/design_1_v_mix_0_0_synth_1/prj/sol/.autopilot/db/v_mix.cpp:371:5)...3 expression(s) balanced.
INFO: [XFORM 203-11] Balancing expressions in function 'v_mix_core_alpha<false, false>' (/home/e/Documents/research/byotee/OSDZU3_Ref_Design/OSDZU3_Ref_Design.runs/design_1_v_mix_0_0_synth_1/prj/sol/.autopilot/db/v_mix.cpp:445:5)...3 expression(s) balanced.
INFO: [HLS 200-111] Finished Loop, function and other optimizations: CPU user time: 0.25 seconds. CPU system time: 0.01 seconds. Elapsed time: 0.25 seconds; current allocated memory: 329.656 MB.
Execute           transform -hls -auto-function-inline -globaldce -ptrArgReplace -mem2reg -dce -reset-lda -loop-simplify -indvars -aggr-aa -licm -loop-dep -loop-bound -licm -loop-simplify -loop-sink-hoist -flattenloopnest -array-flatten -gvn -instcombine -dce -array-map -dce -func-legal -gvn -adce -instcombine -cfgopt -simplifycfg-lite -loop-simplify -array-burst -promote-global-argument -dce -array-seg-normalize -basicaa -aggrmodref-aa -globalsmodref-aa -aggr-aa -gvn -gvn -basicaa -aggrmodref-aa -globalsmodref-aa -aggr-aa -dse -adse -adce -licm -inst-simplify -dce -globaldce -instcombine -array-stream -eliminate-keepreads -instcombine -dce -deadargelim -doublePtrSimplify -doublePtrElim -dce -doublePtrSimplify -promote-dbg-pointer -dce -scalarrepl -mem2reg -norm-name -mem2reg -instcombine -dse -adse -adce -ptrLegalization -dce -array-flatten -dce -instcombine -check-doubleptr -loop-rot -constprop -inst-simplify -cfgopt -simplifycfg-lite -loop-simplify -indvars -pointer-simplify -dce -loop-bound -loop-simplify -loop-preproc -constprop -global-constprop -gvn -mem2reg -instcombine -dce -loop-bound -loop-merge -dce -deadargelim -dce -canonicalize-dataflow -dce -deadargelim -globaldce -mem2reg -bram-byte-enable -inst-simplify -inst-rectify -instcombine -adce -deadargelim -load-elim -read-loop-dep -loop-simplify -loop-rewind-sink-hoist -loop-outline -hls-dead-arg-elim -directive-preproc -bitwidthmin2 -bitwidthmin2 -read-loop-dep -interface-preproc -directive-preproc -interface-gen -bram-byte-enable-spec-prop -mul2addshift -deadargelim -inst-simplify -dce -mem2reg -instcombine -gvn -dce -adse -loop-bound -instcombine -cfgopt -simplifycfg-lite -loop-simplify -clean-region -io-protocol -find-region -mem2reg -bitop-raise -complex-op-raise -inst-simplify -inst-rectify -instcombine -gvn -adce -deadargelim -float-op-raise -loop-simplify -phi-opt -bitop-raise -cfgopt -simplifycfg-lite -strip-dead-prototypes -interface-lower -bitop-lower -intrinsic-lower -auto-function-inline -basicaa -aggrmodref-aa -globalsmodref-aa -aggr-aa -inst-simplify -simplifycfg-lite -loop-simplify -mergereturn -inst-simplify -inst-rectify -globaldce -dce -load-elim -bitop-lower -float-op-raise -fma-raise -loop-rewind -pointer-simplify -dce -cfgopt -dce -loop-bound -loop-dep -read-loop-dep -dce -dyn-mem-reuse -dce -recurrence-min -dce -share-scalar-alloca -deadargelim -dce -check-stream -norm-name -legalize -inst-clarity -bitwidth -dce -validate-dataflow -dump-loop-dep-to-ir -check-all-ssdm -drop-inferred-ii -dump-complexity-metric /home/e/Documents/research/byotee/OSDZU3_Ref_Design/OSDZU3_Ref_Design.runs/design_1_v_mix_0_0_synth_1/prj/sol/.autopilot/db/a.o.2.bc -o /home/e/Documents/research/byotee/OSDZU3_Ref_Design/OSDZU3_Ref_Design.runs/design_1_v_mix_0_0_synth_1/prj/sol/.autopilot/db/a.o.3.bc -f -phase build-ssdm 
Execute             auto_get_db
Command           transform done; 0.2 sec.
INFO-FLOW: Building ssdm...
Execute           transform -hls -cdfg-build /home/e/Documents/research/byotee/OSDZU3_Ref_Design/OSDZU3_Ref_Design.runs/design_1_v_mix_0_0_synth_1/prj/sol/.autopilot/db/a.o.3.bc -o /home/e/Documents/research/byotee/OSDZU3_Ref_Design/OSDZU3_Ref_Design.runs/design_1_v_mix_0_0_synth_1/prj/sol/.autopilot/db/a.o.3.bc -f -phase build-ssdm 
Command           transform done; 0.2 sec.
INFO: [HLS 200-111] Finished Architecture Synthesis: CPU user time: 0.29 seconds. CPU system time: 0.1 seconds. Elapsed time: 0.4 seconds; current allocated memory: 807.066 MB.
INFO-FLOW: Finish building internal data model.
Command         opt_and_import_c done; 0.76 sec.
Command       elaborate done; 53.72 sec.
Execute       ap_eval exec zip -j /home/e/Documents/research/byotee/OSDZU3_Ref_Design/OSDZU3_Ref_Design.runs/design_1_v_mix_0_0_synth_1/prj/sol/.autopilot/db/dut.hcp $dbDir/a.o.3.bc $dbDir/${topname}.rtl_wrap.cfg.tcl $dbDir/apatb_${topname}.cpp $dbDir/apatb_${topname}_util.cpp $dbDir/apatb_${topname}_ir.ll $dbDir/mapper_${topname}.cpp $dbDir/top-io-fe.xml $dbDir/kernel.internal.xml $workdir/../hls.app 
Execute       autosyn -from_csynth_design=1 
INFO: [HLS 200-10] Starting hardware synthesis ...
INFO-FLOW: Synthesizing C/C++ design ...
INFO: [HLS 200-10] Synthesizing 'v_mix' ...
Execute         ap_set_top_model v_mix 
WARNING: [SYN 201-103] Legalizing function name 'reg<unsigned short>1' to 'reg_unsigned_short_1'.
WARNING: [SYN 201-103] Legalizing function name 'AXIvideo2MultiPixStream.1_Pipeline_loop_wait_for_start' to 'AXIvideo2MultiPixStream_1_Pipeline_loop_wait_for_start'.
WARNING: [SYN 201-103] Legalizing function name 'AXIvideo2MultiPixStream.1_Pipeline_loop_width' to 'AXIvideo2MultiPixStream_1_Pipeline_loop_width'.
WARNING: [SYN 201-103] Legalizing function name 'AXIvideo2MultiPixStream.1_Pipeline_loop_wait_for_eol' to 'AXIvideo2MultiPixStream_1_Pipeline_loop_wait_for_eol'.
WARNING: [SYN 201-103] Legalizing function name 'AXIvideo2MultiPixStream.1' to 'AXIvideo2MultiPixStream_1'.
WARNING: [SYN 201-103] Legalizing function name 'v_mix_420_to_422<false>.2_Pipeline_VITIS_LOOP_76_2' to 'v_mix_420_to_422_false_2_Pipeline_VITIS_LOOP_76_2'.
WARNING: [SYN 201-103] Legalizing function name 'v_mix_420_to_422<false>.2' to 'v_mix_420_to_422_false_2'.
WARNING: [SYN 201-103] Legalizing function name 'v_mix_422_to_444<false>.3_Pipeline_VITIS_LOOP_105_2' to 'v_mix_422_to_444_false_3_Pipeline_VITIS_LOOP_105_2'.
WARNING: [SYN 201-103] Legalizing function name 'v_mix_422_to_444<false>.3' to 'v_mix_422_to_444_false_3'.
WARNING: [SYN 201-103] Legalizing function name 'v_mix_yuv2rgb<false>.4_Pipeline_VITIS_LOOP_897_2' to 'v_mix_yuv2rgb_false_4_Pipeline_VITIS_LOOP_897_2'.
WARNING: [SYN 201-103] Legalizing function name 'v_mix_yuv2rgb<false>.4' to 'v_mix_yuv2rgb_false_4'.
WARNING: [SYN 201-103] Legalizing function name 'reg<unsigned short>' to 'reg_unsigned_short_s'.
WARNING: [SYN 201-103] Legalizing function name 'AXIvideo2MultiPixStream.5_Pipeline_loop_wait_for_start' to 'AXIvideo2MultiPixStream_5_Pipeline_loop_wait_for_start'.
WARNING: [SYN 201-103] Legalizing function name 'AXIvideo2MultiPixStream.5_Pipeline_loop_width' to 'AXIvideo2MultiPixStream_5_Pipeline_loop_width'.
WARNING: [SYN 201-103] Legalizing function name 'AXIvideo2MultiPixStream.5_Pipeline_loop_wait_for_eol' to 'AXIvideo2MultiPixStream_5_Pipeline_loop_wait_for_eol'.
WARNING: [SYN 201-103] Legalizing function name 'AXIvideo2MultiPixStream.5' to 'AXIvideo2MultiPixStream_5'.
WARNING: [SYN 201-103] Legalizing function name 'v_mix_420_to_422<false>.6_Pipeline_VITIS_LOOP_76_2' to 'v_mix_420_to_422_false_6_Pipeline_VITIS_LOOP_76_2'.
WARNING: [SYN 201-103] Legalizing function name 'v_mix_420_to_422<false>.6' to 'v_mix_420_to_422_false_6'.
WARNING: [SYN 201-103] Legalizing function name 'v_mix_422_to_444<true>_Pipeline_VITIS_LOOP_161_2' to 'v_mix_422_to_444_true_Pipeline_VITIS_LOOP_161_2'.
WARNING: [SYN 201-103] Legalizing function name 'v_mix_422_to_444<true>' to 'v_mix_422_to_444_true_s'.
WARNING: [SYN 201-103] Legalizing function name 'v_mix_yuv2rgb<true>_Pipeline_VITIS_LOOP_941_2' to 'v_mix_yuv2rgb_true_Pipeline_VITIS_LOOP_941_2'.
WARNING: [SYN 201-103] Legalizing function name 'v_mix_yuv2rgb<true>' to 'v_mix_yuv2rgb_true_s'.
WARNING: [SYN 201-103] Legalizing function name 'v_mix_upsample<false>.7_Pipeline_VITIS_LOOP_107_2' to 'v_mix_upsample_false_7_Pipeline_VITIS_LOOP_107_2'.
WARNING: [SYN 201-103] Legalizing function name 'v_mix_upsample<false>.7' to 'v_mix_upsample_false_7'.
WARNING: [SYN 201-103] Legalizing function name 'v_mix_core_alpha<false, false>_Pipeline_VITIS_LOOP_465_3' to 'v_mix_core_alpha_false_false_Pipeline_VITIS_LOOP_465_3'.
WARNING: [SYN 201-103] Legalizing function name 'v_mix_core_alpha<false, false>' to 'v_mix_core_alpha_false_false_s'.
WARNING: [SYN 201-103] Legalizing function name 'v_mix_420_to_422<false>_Pipeline_VITIS_LOOP_76_2' to 'v_mix_420_to_422_false_Pipeline_VITIS_LOOP_76_2'.
WARNING: [SYN 201-103] Legalizing function name 'v_mix_420_to_422<false>' to 'v_mix_420_to_422_false_s'.
WARNING: [SYN 201-103] Legalizing function name 'v_mix_422_to_444<false>_Pipeline_VITIS_LOOP_105_2' to 'v_mix_422_to_444_false_Pipeline_VITIS_LOOP_105_2'.
WARNING: [SYN 201-103] Legalizing function name 'v_mix_422_to_444<false>' to 'v_mix_422_to_444_false_s'.
WARNING: [SYN 201-103] Legalizing function name 'v_mix_yuv2rgb<false>_Pipeline_VITIS_LOOP_897_2' to 'v_mix_yuv2rgb_false_Pipeline_VITIS_LOOP_897_2'.
WARNING: [SYN 201-103] Legalizing function name 'v_mix_yuv2rgb<false>' to 'v_mix_yuv2rgb_false_s'.
WARNING: [SYN 201-103] Legalizing function name 'v_mix_upsample<false>_Pipeline_VITIS_LOOP_107_2' to 'v_mix_upsample_false_Pipeline_VITIS_LOOP_107_2'.
WARNING: [SYN 201-103] Legalizing function name 'v_mix_upsample<false>' to 'v_mix_upsample_false_s'.
WARNING: [SYN 201-103] Legalizing function name 'reg<unsigned short>12' to 'reg_unsigned_short_12'.
WARNING: [SYN 201-103] Legalizing function name 'v_mix_core_alpha<true, false>_Pipeline_VITIS_LOOP_395_3' to 'v_mix_core_alpha_true_false_Pipeline_VITIS_LOOP_395_3'.
WARNING: [SYN 201-103] Legalizing function name 'v_mix_core_alpha<true, false>' to 'v_mix_core_alpha_true_false_s'.
WARNING: [SYN 201-103] Legalizing function name 'v_mix_rgb2yuv<false>_Pipeline_VITIS_LOOP_1042_2' to 'v_mix_rgb2yuv_false_Pipeline_VITIS_LOOP_1042_2'.
WARNING: [SYN 201-103] Legalizing function name 'v_mix_rgb2yuv<false>' to 'v_mix_rgb2yuv_false_s'.
WARNING: [SYN 201-103] Legalizing function name 'v_mix_444_to_422<false>_Pipeline_VITIS_LOOP_718_2' to 'v_mix_444_to_422_false_Pipeline_VITIS_LOOP_718_2'.
WARNING: [SYN 201-103] Legalizing function name 'v_mix_444_to_422<false>' to 'v_mix_444_to_422_false_s'.
WARNING: [SYN 201-103] Legalizing function name 'v_mix_422_to_420<false>_Pipeline_VITIS_LOOP_508_2' to 'v_mix_422_to_420_false_Pipeline_VITIS_LOOP_508_2'.
WARNING: [SYN 201-103] Legalizing function name 'v_mix_422_to_420<false>' to 'v_mix_422_to_420_false_s'.
Execute         get_model_list v_mix -filter all-wo-channel -topdown 
Execute         preproc_iomode -model v_mix 
Execute         preproc_iomode -model VMixHlsDataFlowFunction 
Execute         preproc_iomode -model MultiPixStream2AXIvideo 
Execute         preproc_iomode -model MultiPixStream2AXIvideo_Pipeline_VITIS_LOOP_3519_3 
Execute         preproc_iomode -model v_mix_422_to_420<false> 
Execute         preproc_iomode -model v_mix_422_to_420<false>_Pipeline_VITIS_LOOP_508_2 
Execute         preproc_iomode -model v_mix_444_to_422<false> 
Execute         preproc_iomode -model v_mix_444_to_422<false>_Pipeline_VITIS_LOOP_718_2 
Execute         preproc_iomode -model v_mix_rgb2yuv<false> 
Execute         preproc_iomode -model v_mix_rgb2yuv<false>_Pipeline_VITIS_LOOP_1042_2 
Execute         preproc_iomode -model v_mix_core_alpha<true, false> 
Execute         preproc_iomode -model v_mix_core_alpha<true, false>_Pipeline_VITIS_LOOP_395_3 
Execute         preproc_iomode -model reg<unsigned short>12 
Execute         preproc_iomode -model v_mix_upsample<false> 
Execute         preproc_iomode -model v_mix_upsample<false>_Pipeline_VITIS_LOOP_107_2 
Execute         preproc_iomode -model v_mix_yuv2rgb<false> 
Execute         preproc_iomode -model v_mix_yuv2rgb<false>_Pipeline_VITIS_LOOP_897_2 
Execute         preproc_iomode -model v_mix_422_to_444<false> 
Execute         preproc_iomode -model v_mix_422_to_444<false>_Pipeline_VITIS_LOOP_105_2 
Execute         preproc_iomode -model v_mix_420_to_422<false> 
Execute         preproc_iomode -model v_mix_420_to_422<false>_Pipeline_VITIS_LOOP_76_2 
Execute         preproc_iomode -model AXIvideo2MultiPixStream 
Execute         preproc_iomode -model AXIvideo2MultiPixStream_Pipeline_loop_wait_for_eol 
Execute         preproc_iomode -model AXIvideo2MultiPixStream_Pipeline_loop_width 
Execute         preproc_iomode -model AXIvideo2MultiPixStream_Pipeline_loop_wait_for_start 
Execute         preproc_iomode -model v_mix_core_alpha<false, false> 
Execute         preproc_iomode -model v_mix_core_alpha<false, false>_Pipeline_VITIS_LOOP_465_3 
Execute         preproc_iomode -model v_mix_upsample<false>.7 
Execute         preproc_iomode -model v_mix_upsample<false>.7_Pipeline_VITIS_LOOP_107_2 
Execute         preproc_iomode -model v_mix_yuv2rgb<true> 
Execute         preproc_iomode -model v_mix_yuv2rgb<true>_Pipeline_VITIS_LOOP_941_2 
Execute         preproc_iomode -model v_mix_422_to_444<true> 
Execute         preproc_iomode -model v_mix_422_to_444<true>_Pipeline_VITIS_LOOP_161_2 
Execute         preproc_iomode -model v_mix_420_to_422<false>.6 
Execute         preproc_iomode -model v_mix_420_to_422<false>.6_Pipeline_VITIS_LOOP_76_2 
Execute         preproc_iomode -model AXIvideo2MultiPixStream.5 
Execute         preproc_iomode -model AXIvideo2MultiPixStream.5_Pipeline_loop_wait_for_eol 
Execute         preproc_iomode -model AXIvideo2MultiPixStream.5_Pipeline_loop_width 
Execute         preproc_iomode -model AXIvideo2MultiPixStream.5_Pipeline_loop_wait_for_start 
Execute         preproc_iomode -model reg<unsigned short> 
Execute         preproc_iomode -model v_mix_yuv2rgb<false>.4 
Execute         preproc_iomode -model v_mix_yuv2rgb<false>.4_Pipeline_VITIS_LOOP_897_2 
Execute         preproc_iomode -model v_mix_422_to_444<false>.3 
Execute         preproc_iomode -model v_mix_422_to_444<false>.3_Pipeline_VITIS_LOOP_105_2 
Execute         preproc_iomode -model v_mix_420_to_422<false>.2 
Execute         preproc_iomode -model v_mix_420_to_422<false>.2_Pipeline_VITIS_LOOP_76_2 
Execute         preproc_iomode -model AXIvideo2MultiPixStream.1 
Execute         preproc_iomode -model AXIvideo2MultiPixStream.1_Pipeline_loop_wait_for_eol 
Execute         preproc_iomode -model AXIvideo2MultiPixStream.1_Pipeline_loop_width 
Execute         preproc_iomode -model AXIvideo2MultiPixStream.1_Pipeline_loop_wait_for_start 
Execute         preproc_iomode -model reg<unsigned short>1 
Execute         get_model_list v_mix -filter all-wo-channel 
INFO-FLOW: Model list for configure: {reg<unsigned short>1} AXIvideo2MultiPixStream.1_Pipeline_loop_wait_for_start AXIvideo2MultiPixStream.1_Pipeline_loop_width AXIvideo2MultiPixStream.1_Pipeline_loop_wait_for_eol AXIvideo2MultiPixStream.1 v_mix_420_to_422<false>.2_Pipeline_VITIS_LOOP_76_2 v_mix_420_to_422<false>.2 v_mix_422_to_444<false>.3_Pipeline_VITIS_LOOP_105_2 v_mix_422_to_444<false>.3 v_mix_yuv2rgb<false>.4_Pipeline_VITIS_LOOP_897_2 v_mix_yuv2rgb<false>.4 {reg<unsigned short>} AXIvideo2MultiPixStream.5_Pipeline_loop_wait_for_start AXIvideo2MultiPixStream.5_Pipeline_loop_width AXIvideo2MultiPixStream.5_Pipeline_loop_wait_for_eol AXIvideo2MultiPixStream.5 v_mix_420_to_422<false>.6_Pipeline_VITIS_LOOP_76_2 v_mix_420_to_422<false>.6 v_mix_422_to_444<true>_Pipeline_VITIS_LOOP_161_2 v_mix_422_to_444<true> v_mix_yuv2rgb<true>_Pipeline_VITIS_LOOP_941_2 v_mix_yuv2rgb<true> v_mix_upsample<false>.7_Pipeline_VITIS_LOOP_107_2 v_mix_upsample<false>.7 {v_mix_core_alpha<false, false>_Pipeline_VITIS_LOOP_465_3} {v_mix_core_alpha<false, false>} AXIvideo2MultiPixStream_Pipeline_loop_wait_for_start AXIvideo2MultiPixStream_Pipeline_loop_width AXIvideo2MultiPixStream_Pipeline_loop_wait_for_eol AXIvideo2MultiPixStream v_mix_420_to_422<false>_Pipeline_VITIS_LOOP_76_2 v_mix_420_to_422<false> v_mix_422_to_444<false>_Pipeline_VITIS_LOOP_105_2 v_mix_422_to_444<false> v_mix_yuv2rgb<false>_Pipeline_VITIS_LOOP_897_2 v_mix_yuv2rgb<false> v_mix_upsample<false>_Pipeline_VITIS_LOOP_107_2 v_mix_upsample<false> {reg<unsigned short>12} {v_mix_core_alpha<true, false>_Pipeline_VITIS_LOOP_395_3} {v_mix_core_alpha<true, false>} v_mix_rgb2yuv<false>_Pipeline_VITIS_LOOP_1042_2 v_mix_rgb2yuv<false> v_mix_444_to_422<false>_Pipeline_VITIS_LOOP_718_2 v_mix_444_to_422<false> v_mix_422_to_420<false>_Pipeline_VITIS_LOOP_508_2 v_mix_422_to_420<false> MultiPixStream2AXIvideo_Pipeline_VITIS_LOOP_3519_3 MultiPixStream2AXIvideo VMixHlsDataFlowFunction v_mix
INFO-FLOW: Configuring Module : reg<unsigned short>1 ...
Execute         set_default_model reg<unsigned short>1 
Execute         apply_spec_resource_limit reg<unsigned short>1 
INFO-FLOW: Configuring Module : AXIvideo2MultiPixStream.1_Pipeline_loop_wait_for_start ...
Execute         set_default_model AXIvideo2MultiPixStream.1_Pipeline_loop_wait_for_start 
Execute         apply_spec_resource_limit AXIvideo2MultiPixStream.1_Pipeline_loop_wait_for_start 
INFO-FLOW: Configuring Module : AXIvideo2MultiPixStream.1_Pipeline_loop_width ...
Execute         set_default_model AXIvideo2MultiPixStream.1_Pipeline_loop_width 
Execute         apply_spec_resource_limit AXIvideo2MultiPixStream.1_Pipeline_loop_width 
INFO-FLOW: Configuring Module : AXIvideo2MultiPixStream.1_Pipeline_loop_wait_for_eol ...
Execute         set_default_model AXIvideo2MultiPixStream.1_Pipeline_loop_wait_for_eol 
Execute         apply_spec_resource_limit AXIvideo2MultiPixStream.1_Pipeline_loop_wait_for_eol 
INFO-FLOW: Configuring Module : AXIvideo2MultiPixStream.1 ...
Execute         set_default_model AXIvideo2MultiPixStream.1 
Execute         apply_spec_resource_limit AXIvideo2MultiPixStream.1 
INFO-FLOW: Configuring Module : v_mix_420_to_422<false>.2_Pipeline_VITIS_LOOP_76_2 ...
Execute         set_default_model v_mix_420_to_422<false>.2_Pipeline_VITIS_LOOP_76_2 
Execute         apply_spec_resource_limit v_mix_420_to_422<false>.2_Pipeline_VITIS_LOOP_76_2 
INFO-FLOW: Configuring Module : v_mix_420_to_422<false>.2 ...
Execute         set_default_model v_mix_420_to_422<false>.2 
Execute         apply_spec_resource_limit v_mix_420_to_422<false>.2 
INFO-FLOW: Configuring Module : v_mix_422_to_444<false>.3_Pipeline_VITIS_LOOP_105_2 ...
Execute         set_default_model v_mix_422_to_444<false>.3_Pipeline_VITIS_LOOP_105_2 
Execute         apply_spec_resource_limit v_mix_422_to_444<false>.3_Pipeline_VITIS_LOOP_105_2 
INFO-FLOW: Configuring Module : v_mix_422_to_444<false>.3 ...
Execute         set_default_model v_mix_422_to_444<false>.3 
Execute         apply_spec_resource_limit v_mix_422_to_444<false>.3 
INFO-FLOW: Configuring Module : v_mix_yuv2rgb<false>.4_Pipeline_VITIS_LOOP_897_2 ...
Execute         set_default_model v_mix_yuv2rgb<false>.4_Pipeline_VITIS_LOOP_897_2 
Execute         apply_spec_resource_limit v_mix_yuv2rgb<false>.4_Pipeline_VITIS_LOOP_897_2 
INFO-FLOW: Configuring Module : v_mix_yuv2rgb<false>.4 ...
Execute         set_default_model v_mix_yuv2rgb<false>.4 
Execute         apply_spec_resource_limit v_mix_yuv2rgb<false>.4 
INFO-FLOW: Configuring Module : reg<unsigned short> ...
Execute         set_default_model reg<unsigned short> 
Execute         apply_spec_resource_limit reg<unsigned short> 
INFO-FLOW: Configuring Module : AXIvideo2MultiPixStream.5_Pipeline_loop_wait_for_start ...
Execute         set_default_model AXIvideo2MultiPixStream.5_Pipeline_loop_wait_for_start 
Execute         apply_spec_resource_limit AXIvideo2MultiPixStream.5_Pipeline_loop_wait_for_start 
INFO-FLOW: Configuring Module : AXIvideo2MultiPixStream.5_Pipeline_loop_width ...
Execute         set_default_model AXIvideo2MultiPixStream.5_Pipeline_loop_width 
Execute         apply_spec_resource_limit AXIvideo2MultiPixStream.5_Pipeline_loop_width 
INFO-FLOW: Configuring Module : AXIvideo2MultiPixStream.5_Pipeline_loop_wait_for_eol ...
Execute         set_default_model AXIvideo2MultiPixStream.5_Pipeline_loop_wait_for_eol 
Execute         apply_spec_resource_limit AXIvideo2MultiPixStream.5_Pipeline_loop_wait_for_eol 
INFO-FLOW: Configuring Module : AXIvideo2MultiPixStream.5 ...
Execute         set_default_model AXIvideo2MultiPixStream.5 
Execute         apply_spec_resource_limit AXIvideo2MultiPixStream.5 
INFO-FLOW: Configuring Module : v_mix_420_to_422<false>.6_Pipeline_VITIS_LOOP_76_2 ...
Execute         set_default_model v_mix_420_to_422<false>.6_Pipeline_VITIS_LOOP_76_2 
Execute         apply_spec_resource_limit v_mix_420_to_422<false>.6_Pipeline_VITIS_LOOP_76_2 
INFO-FLOW: Configuring Module : v_mix_420_to_422<false>.6 ...
Execute         set_default_model v_mix_420_to_422<false>.6 
Execute         apply_spec_resource_limit v_mix_420_to_422<false>.6 
INFO-FLOW: Configuring Module : v_mix_422_to_444<true>_Pipeline_VITIS_LOOP_161_2 ...
Execute         set_default_model v_mix_422_to_444<true>_Pipeline_VITIS_LOOP_161_2 
Execute         apply_spec_resource_limit v_mix_422_to_444<true>_Pipeline_VITIS_LOOP_161_2 
INFO-FLOW: Configuring Module : v_mix_422_to_444<true> ...
Execute         set_default_model v_mix_422_to_444<true> 
Execute         apply_spec_resource_limit v_mix_422_to_444<true> 
INFO-FLOW: Configuring Module : v_mix_yuv2rgb<true>_Pipeline_VITIS_LOOP_941_2 ...
Execute         set_default_model v_mix_yuv2rgb<true>_Pipeline_VITIS_LOOP_941_2 
Execute         apply_spec_resource_limit v_mix_yuv2rgb<true>_Pipeline_VITIS_LOOP_941_2 
INFO-FLOW: Configuring Module : v_mix_yuv2rgb<true> ...
Execute         set_default_model v_mix_yuv2rgb<true> 
Execute         apply_spec_resource_limit v_mix_yuv2rgb<true> 
INFO-FLOW: Configuring Module : v_mix_upsample<false>.7_Pipeline_VITIS_LOOP_107_2 ...
Execute         set_default_model v_mix_upsample<false>.7_Pipeline_VITIS_LOOP_107_2 
Execute         apply_spec_resource_limit v_mix_upsample<false>.7_Pipeline_VITIS_LOOP_107_2 
INFO-FLOW: Configuring Module : v_mix_upsample<false>.7 ...
Execute         set_default_model v_mix_upsample<false>.7 
Execute         apply_spec_resource_limit v_mix_upsample<false>.7 
INFO-FLOW: Configuring Module : v_mix_core_alpha<false, false>_Pipeline_VITIS_LOOP_465_3 ...
Execute         set_default_model v_mix_core_alpha<false, false>_Pipeline_VITIS_LOOP_465_3 
Execute         apply_spec_resource_limit v_mix_core_alpha<false, false>_Pipeline_VITIS_LOOP_465_3 
INFO-FLOW: Configuring Module : v_mix_core_alpha<false, false> ...
Execute         set_default_model v_mix_core_alpha<false, false> 
Execute         apply_spec_resource_limit v_mix_core_alpha<false, false> 
INFO-FLOW: Configuring Module : AXIvideo2MultiPixStream_Pipeline_loop_wait_for_start ...
Execute         set_default_model AXIvideo2MultiPixStream_Pipeline_loop_wait_for_start 
Execute         apply_spec_resource_limit AXIvideo2MultiPixStream_Pipeline_loop_wait_for_start 
INFO-FLOW: Configuring Module : AXIvideo2MultiPixStream_Pipeline_loop_width ...
Execute         set_default_model AXIvideo2MultiPixStream_Pipeline_loop_width 
Execute         apply_spec_resource_limit AXIvideo2MultiPixStream_Pipeline_loop_width 
INFO-FLOW: Configuring Module : AXIvideo2MultiPixStream_Pipeline_loop_wait_for_eol ...
Execute         set_default_model AXIvideo2MultiPixStream_Pipeline_loop_wait_for_eol 
Execute         apply_spec_resource_limit AXIvideo2MultiPixStream_Pipeline_loop_wait_for_eol 
INFO-FLOW: Configuring Module : AXIvideo2MultiPixStream ...
Execute         set_default_model AXIvideo2MultiPixStream 
Execute         apply_spec_resource_limit AXIvideo2MultiPixStream 
INFO-FLOW: Configuring Module : v_mix_420_to_422<false>_Pipeline_VITIS_LOOP_76_2 ...
Execute         set_default_model v_mix_420_to_422<false>_Pipeline_VITIS_LOOP_76_2 
Execute         apply_spec_resource_limit v_mix_420_to_422<false>_Pipeline_VITIS_LOOP_76_2 
INFO-FLOW: Configuring Module : v_mix_420_to_422<false> ...
Execute         set_default_model v_mix_420_to_422<false> 
Execute         apply_spec_resource_limit v_mix_420_to_422<false> 
INFO-FLOW: Configuring Module : v_mix_422_to_444<false>_Pipeline_VITIS_LOOP_105_2 ...
Execute         set_default_model v_mix_422_to_444<false>_Pipeline_VITIS_LOOP_105_2 
Execute         apply_spec_resource_limit v_mix_422_to_444<false>_Pipeline_VITIS_LOOP_105_2 
INFO-FLOW: Configuring Module : v_mix_422_to_444<false> ...
Execute         set_default_model v_mix_422_to_444<false> 
Execute         apply_spec_resource_limit v_mix_422_to_444<false> 
INFO-FLOW: Configuring Module : v_mix_yuv2rgb<false>_Pipeline_VITIS_LOOP_897_2 ...
Execute         set_default_model v_mix_yuv2rgb<false>_Pipeline_VITIS_LOOP_897_2 
Execute         apply_spec_resource_limit v_mix_yuv2rgb<false>_Pipeline_VITIS_LOOP_897_2 
INFO-FLOW: Configuring Module : v_mix_yuv2rgb<false> ...
Execute         set_default_model v_mix_yuv2rgb<false> 
Execute         apply_spec_resource_limit v_mix_yuv2rgb<false> 
INFO-FLOW: Configuring Module : v_mix_upsample<false>_Pipeline_VITIS_LOOP_107_2 ...
Execute         set_default_model v_mix_upsample<false>_Pipeline_VITIS_LOOP_107_2 
Execute         apply_spec_resource_limit v_mix_upsample<false>_Pipeline_VITIS_LOOP_107_2 
INFO-FLOW: Configuring Module : v_mix_upsample<false> ...
Execute         set_default_model v_mix_upsample<false> 
Execute         apply_spec_resource_limit v_mix_upsample<false> 
INFO-FLOW: Configuring Module : reg<unsigned short>12 ...
Execute         set_default_model reg<unsigned short>12 
Execute         apply_spec_resource_limit reg<unsigned short>12 
INFO-FLOW: Configuring Module : v_mix_core_alpha<true, false>_Pipeline_VITIS_LOOP_395_3 ...
Execute         set_default_model v_mix_core_alpha<true, false>_Pipeline_VITIS_LOOP_395_3 
Execute         apply_spec_resource_limit v_mix_core_alpha<true, false>_Pipeline_VITIS_LOOP_395_3 
INFO-FLOW: Configuring Module : v_mix_core_alpha<true, false> ...
Execute         set_default_model v_mix_core_alpha<true, false> 
Execute         apply_spec_resource_limit v_mix_core_alpha<true, false> 
INFO-FLOW: Configuring Module : v_mix_rgb2yuv<false>_Pipeline_VITIS_LOOP_1042_2 ...
Execute         set_default_model v_mix_rgb2yuv<false>_Pipeline_VITIS_LOOP_1042_2 
Execute         apply_spec_resource_limit v_mix_rgb2yuv<false>_Pipeline_VITIS_LOOP_1042_2 
INFO-FLOW: Configuring Module : v_mix_rgb2yuv<false> ...
Execute         set_default_model v_mix_rgb2yuv<false> 
Execute         apply_spec_resource_limit v_mix_rgb2yuv<false> 
INFO-FLOW: Configuring Module : v_mix_444_to_422<false>_Pipeline_VITIS_LOOP_718_2 ...
Execute         set_default_model v_mix_444_to_422<false>_Pipeline_VITIS_LOOP_718_2 
Execute         apply_spec_resource_limit v_mix_444_to_422<false>_Pipeline_VITIS_LOOP_718_2 
INFO-FLOW: Configuring Module : v_mix_444_to_422<false> ...
Execute         set_default_model v_mix_444_to_422<false> 
Execute         apply_spec_resource_limit v_mix_444_to_422<false> 
INFO-FLOW: Configuring Module : v_mix_422_to_420<false>_Pipeline_VITIS_LOOP_508_2 ...
Execute         set_default_model v_mix_422_to_420<false>_Pipeline_VITIS_LOOP_508_2 
Execute         apply_spec_resource_limit v_mix_422_to_420<false>_Pipeline_VITIS_LOOP_508_2 
INFO-FLOW: Configuring Module : v_mix_422_to_420<false> ...
Execute         set_default_model v_mix_422_to_420<false> 
Execute         apply_spec_resource_limit v_mix_422_to_420<false> 
INFO-FLOW: Configuring Module : MultiPixStream2AXIvideo_Pipeline_VITIS_LOOP_3519_3 ...
Execute         set_default_model MultiPixStream2AXIvideo_Pipeline_VITIS_LOOP_3519_3 
Execute         apply_spec_resource_limit MultiPixStream2AXIvideo_Pipeline_VITIS_LOOP_3519_3 
INFO-FLOW: Configuring Module : MultiPixStream2AXIvideo ...
Execute         set_default_model MultiPixStream2AXIvideo 
Execute         apply_spec_resource_limit MultiPixStream2AXIvideo 
INFO-FLOW: Configuring Module : VMixHlsDataFlowFunction ...
Execute         set_default_model VMixHlsDataFlowFunction 
Execute         apply_spec_resource_limit VMixHlsDataFlowFunction 
INFO-FLOW: Configuring Module : v_mix ...
Execute         set_default_model v_mix 
Execute         apply_spec_resource_limit v_mix 
INFO-FLOW: Model list for preprocess: {reg<unsigned short>1} AXIvideo2MultiPixStream.1_Pipeline_loop_wait_for_start AXIvideo2MultiPixStream.1_Pipeline_loop_width AXIvideo2MultiPixStream.1_Pipeline_loop_wait_for_eol AXIvideo2MultiPixStream.1 v_mix_420_to_422<false>.2_Pipeline_VITIS_LOOP_76_2 v_mix_420_to_422<false>.2 v_mix_422_to_444<false>.3_Pipeline_VITIS_LOOP_105_2 v_mix_422_to_444<false>.3 v_mix_yuv2rgb<false>.4_Pipeline_VITIS_LOOP_897_2 v_mix_yuv2rgb<false>.4 {reg<unsigned short>} AXIvideo2MultiPixStream.5_Pipeline_loop_wait_for_start AXIvideo2MultiPixStream.5_Pipeline_loop_width AXIvideo2MultiPixStream.5_Pipeline_loop_wait_for_eol AXIvideo2MultiPixStream.5 v_mix_420_to_422<false>.6_Pipeline_VITIS_LOOP_76_2 v_mix_420_to_422<false>.6 v_mix_422_to_444<true>_Pipeline_VITIS_LOOP_161_2 v_mix_422_to_444<true> v_mix_yuv2rgb<true>_Pipeline_VITIS_LOOP_941_2 v_mix_yuv2rgb<true> v_mix_upsample<false>.7_Pipeline_VITIS_LOOP_107_2 v_mix_upsample<false>.7 {v_mix_core_alpha<false, false>_Pipeline_VITIS_LOOP_465_3} {v_mix_core_alpha<false, false>} AXIvideo2MultiPixStream_Pipeline_loop_wait_for_start AXIvideo2MultiPixStream_Pipeline_loop_width AXIvideo2MultiPixStream_Pipeline_loop_wait_for_eol AXIvideo2MultiPixStream v_mix_420_to_422<false>_Pipeline_VITIS_LOOP_76_2 v_mix_420_to_422<false> v_mix_422_to_444<false>_Pipeline_VITIS_LOOP_105_2 v_mix_422_to_444<false> v_mix_yuv2rgb<false>_Pipeline_VITIS_LOOP_897_2 v_mix_yuv2rgb<false> v_mix_upsample<false>_Pipeline_VITIS_LOOP_107_2 v_mix_upsample<false> {reg<unsigned short>12} {v_mix_core_alpha<true, false>_Pipeline_VITIS_LOOP_395_3} {v_mix_core_alpha<true, false>} v_mix_rgb2yuv<false>_Pipeline_VITIS_LOOP_1042_2 v_mix_rgb2yuv<false> v_mix_444_to_422<false>_Pipeline_VITIS_LOOP_718_2 v_mix_444_to_422<false> v_mix_422_to_420<false>_Pipeline_VITIS_LOOP_508_2 v_mix_422_to_420<false> MultiPixStream2AXIvideo_Pipeline_VITIS_LOOP_3519_3 MultiPixStream2AXIvideo VMixHlsDataFlowFunction v_mix
INFO-FLOW: Preprocessing Module: reg<unsigned short>1 ...
Execute         set_default_model reg<unsigned short>1 
Execute         cdfg_preprocess -model reg<unsigned short>1 
Execute         rtl_gen_preprocess reg<unsigned short>1 
INFO-FLOW: Preprocessing Module: AXIvideo2MultiPixStream.1_Pipeline_loop_wait_for_start ...
Execute         set_default_model AXIvideo2MultiPixStream.1_Pipeline_loop_wait_for_start 
Execute         cdfg_preprocess -model AXIvideo2MultiPixStream.1_Pipeline_loop_wait_for_start 
Execute         rtl_gen_preprocess AXIvideo2MultiPixStream.1_Pipeline_loop_wait_for_start 
INFO-FLOW: Preprocessing Module: AXIvideo2MultiPixStream.1_Pipeline_loop_width ...
Execute         set_default_model AXIvideo2MultiPixStream.1_Pipeline_loop_width 
Execute         cdfg_preprocess -model AXIvideo2MultiPixStream.1_Pipeline_loop_width 
Execute         rtl_gen_preprocess AXIvideo2MultiPixStream.1_Pipeline_loop_width 
INFO-FLOW: Preprocessing Module: AXIvideo2MultiPixStream.1_Pipeline_loop_wait_for_eol ...
Execute         set_default_model AXIvideo2MultiPixStream.1_Pipeline_loop_wait_for_eol 
Execute         cdfg_preprocess -model AXIvideo2MultiPixStream.1_Pipeline_loop_wait_for_eol 
Execute         rtl_gen_preprocess AXIvideo2MultiPixStream.1_Pipeline_loop_wait_for_eol 
INFO-FLOW: Preprocessing Module: AXIvideo2MultiPixStream.1 ...
Execute         set_default_model AXIvideo2MultiPixStream.1 
Execute         cdfg_preprocess -model AXIvideo2MultiPixStream.1 
Execute         rtl_gen_preprocess AXIvideo2MultiPixStream.1 
INFO-FLOW: Preprocessing Module: v_mix_420_to_422<false>.2_Pipeline_VITIS_LOOP_76_2 ...
Execute         set_default_model v_mix_420_to_422<false>.2_Pipeline_VITIS_LOOP_76_2 
Execute         cdfg_preprocess -model v_mix_420_to_422<false>.2_Pipeline_VITIS_LOOP_76_2 
Execute         rtl_gen_preprocess v_mix_420_to_422<false>.2_Pipeline_VITIS_LOOP_76_2 
INFO-FLOW: Preprocessing Module: v_mix_420_to_422<false>.2 ...
Execute         set_default_model v_mix_420_to_422<false>.2 
Execute         cdfg_preprocess -model v_mix_420_to_422<false>.2 
Execute         rtl_gen_preprocess v_mix_420_to_422<false>.2 
INFO-FLOW: Preprocessing Module: v_mix_422_to_444<false>.3_Pipeline_VITIS_LOOP_105_2 ...
Execute         set_default_model v_mix_422_to_444<false>.3_Pipeline_VITIS_LOOP_105_2 
Execute         cdfg_preprocess -model v_mix_422_to_444<false>.3_Pipeline_VITIS_LOOP_105_2 
Execute         rtl_gen_preprocess v_mix_422_to_444<false>.3_Pipeline_VITIS_LOOP_105_2 
INFO-FLOW: Preprocessing Module: v_mix_422_to_444<false>.3 ...
Execute         set_default_model v_mix_422_to_444<false>.3 
Execute         cdfg_preprocess -model v_mix_422_to_444<false>.3 
Execute         rtl_gen_preprocess v_mix_422_to_444<false>.3 
INFO-FLOW: Preprocessing Module: v_mix_yuv2rgb<false>.4_Pipeline_VITIS_LOOP_897_2 ...
Execute         set_default_model v_mix_yuv2rgb<false>.4_Pipeline_VITIS_LOOP_897_2 
Execute         cdfg_preprocess -model v_mix_yuv2rgb<false>.4_Pipeline_VITIS_LOOP_897_2 
Execute         rtl_gen_preprocess v_mix_yuv2rgb<false>.4_Pipeline_VITIS_LOOP_897_2 
INFO-FLOW: Preprocessing Module: v_mix_yuv2rgb<false>.4 ...
Execute         set_default_model v_mix_yuv2rgb<false>.4 
Execute         cdfg_preprocess -model v_mix_yuv2rgb<false>.4 
Execute         rtl_gen_preprocess v_mix_yuv2rgb<false>.4 
INFO-FLOW: Preprocessing Module: reg<unsigned short> ...
Execute         set_default_model reg<unsigned short> 
Execute         cdfg_preprocess -model reg<unsigned short> 
Execute         rtl_gen_preprocess reg<unsigned short> 
INFO-FLOW: Preprocessing Module: AXIvideo2MultiPixStream.5_Pipeline_loop_wait_for_start ...
Execute         set_default_model AXIvideo2MultiPixStream.5_Pipeline_loop_wait_for_start 
Execute         cdfg_preprocess -model AXIvideo2MultiPixStream.5_Pipeline_loop_wait_for_start 
Execute         rtl_gen_preprocess AXIvideo2MultiPixStream.5_Pipeline_loop_wait_for_start 
INFO-FLOW: Preprocessing Module: AXIvideo2MultiPixStream.5_Pipeline_loop_width ...
Execute         set_default_model AXIvideo2MultiPixStream.5_Pipeline_loop_width 
Execute         cdfg_preprocess -model AXIvideo2MultiPixStream.5_Pipeline_loop_width 
Execute         rtl_gen_preprocess AXIvideo2MultiPixStream.5_Pipeline_loop_width 
INFO-FLOW: Preprocessing Module: AXIvideo2MultiPixStream.5_Pipeline_loop_wait_for_eol ...
Execute         set_default_model AXIvideo2MultiPixStream.5_Pipeline_loop_wait_for_eol 
Execute         cdfg_preprocess -model AXIvideo2MultiPixStream.5_Pipeline_loop_wait_for_eol 
Execute         rtl_gen_preprocess AXIvideo2MultiPixStream.5_Pipeline_loop_wait_for_eol 
INFO-FLOW: Preprocessing Module: AXIvideo2MultiPixStream.5 ...
Execute         set_default_model AXIvideo2MultiPixStream.5 
Execute         cdfg_preprocess -model AXIvideo2MultiPixStream.5 
Execute         rtl_gen_preprocess AXIvideo2MultiPixStream.5 
INFO-FLOW: Preprocessing Module: v_mix_420_to_422<false>.6_Pipeline_VITIS_LOOP_76_2 ...
Execute         set_default_model v_mix_420_to_422<false>.6_Pipeline_VITIS_LOOP_76_2 
Execute         cdfg_preprocess -model v_mix_420_to_422<false>.6_Pipeline_VITIS_LOOP_76_2 
Execute         rtl_gen_preprocess v_mix_420_to_422<false>.6_Pipeline_VITIS_LOOP_76_2 
INFO-FLOW: Preprocessing Module: v_mix_420_to_422<false>.6 ...
Execute         set_default_model v_mix_420_to_422<false>.6 
Execute         cdfg_preprocess -model v_mix_420_to_422<false>.6 
Execute         rtl_gen_preprocess v_mix_420_to_422<false>.6 
INFO-FLOW: Preprocessing Module: v_mix_422_to_444<true>_Pipeline_VITIS_LOOP_161_2 ...
Execute         set_default_model v_mix_422_to_444<true>_Pipeline_VITIS_LOOP_161_2 
Execute         cdfg_preprocess -model v_mix_422_to_444<true>_Pipeline_VITIS_LOOP_161_2 
Execute         rtl_gen_preprocess v_mix_422_to_444<true>_Pipeline_VITIS_LOOP_161_2 
INFO-FLOW: Preprocessing Module: v_mix_422_to_444<true> ...
Execute         set_default_model v_mix_422_to_444<true> 
Execute         cdfg_preprocess -model v_mix_422_to_444<true> 
Execute         rtl_gen_preprocess v_mix_422_to_444<true> 
INFO-FLOW: Preprocessing Module: v_mix_yuv2rgb<true>_Pipeline_VITIS_LOOP_941_2 ...
Execute         set_default_model v_mix_yuv2rgb<true>_Pipeline_VITIS_LOOP_941_2 
Execute         cdfg_preprocess -model v_mix_yuv2rgb<true>_Pipeline_VITIS_LOOP_941_2 
Execute         rtl_gen_preprocess v_mix_yuv2rgb<true>_Pipeline_VITIS_LOOP_941_2 
INFO-FLOW: Preprocessing Module: v_mix_yuv2rgb<true> ...
Execute         set_default_model v_mix_yuv2rgb<true> 
Execute         cdfg_preprocess -model v_mix_yuv2rgb<true> 
Execute         rtl_gen_preprocess v_mix_yuv2rgb<true> 
INFO-FLOW: Preprocessing Module: v_mix_upsample<false>.7_Pipeline_VITIS_LOOP_107_2 ...
Execute         set_default_model v_mix_upsample<false>.7_Pipeline_VITIS_LOOP_107_2 
Execute         cdfg_preprocess -model v_mix_upsample<false>.7_Pipeline_VITIS_LOOP_107_2 
Execute         rtl_gen_preprocess v_mix_upsample<false>.7_Pipeline_VITIS_LOOP_107_2 
INFO-FLOW: Preprocessing Module: v_mix_upsample<false>.7 ...
Execute         set_default_model v_mix_upsample<false>.7 
Execute         cdfg_preprocess -model v_mix_upsample<false>.7 
Execute         rtl_gen_preprocess v_mix_upsample<false>.7 
INFO-FLOW: Preprocessing Module: v_mix_core_alpha<false, false>_Pipeline_VITIS_LOOP_465_3 ...
Execute         set_default_model v_mix_core_alpha<false, false>_Pipeline_VITIS_LOOP_465_3 
Execute         cdfg_preprocess -model v_mix_core_alpha<false, false>_Pipeline_VITIS_LOOP_465_3 
Execute         rtl_gen_preprocess v_mix_core_alpha<false, false>_Pipeline_VITIS_LOOP_465_3 
INFO-FLOW: Preprocessing Module: v_mix_core_alpha<false, false> ...
Execute         set_default_model v_mix_core_alpha<false, false> 
Execute         cdfg_preprocess -model v_mix_core_alpha<false, false> 
Execute         rtl_gen_preprocess v_mix_core_alpha<false, false> 
INFO-FLOW: Preprocessing Module: AXIvideo2MultiPixStream_Pipeline_loop_wait_for_start ...
Execute         set_default_model AXIvideo2MultiPixStream_Pipeline_loop_wait_for_start 
Execute         cdfg_preprocess -model AXIvideo2MultiPixStream_Pipeline_loop_wait_for_start 
Execute         rtl_gen_preprocess AXIvideo2MultiPixStream_Pipeline_loop_wait_for_start 
INFO-FLOW: Preprocessing Module: AXIvideo2MultiPixStream_Pipeline_loop_width ...
Execute         set_default_model AXIvideo2MultiPixStream_Pipeline_loop_width 
Execute         cdfg_preprocess -model AXIvideo2MultiPixStream_Pipeline_loop_width 
Execute         rtl_gen_preprocess AXIvideo2MultiPixStream_Pipeline_loop_width 
INFO-FLOW: Preprocessing Module: AXIvideo2MultiPixStream_Pipeline_loop_wait_for_eol ...
Execute         set_default_model AXIvideo2MultiPixStream_Pipeline_loop_wait_for_eol 
Execute         cdfg_preprocess -model AXIvideo2MultiPixStream_Pipeline_loop_wait_for_eol 
Execute         rtl_gen_preprocess AXIvideo2MultiPixStream_Pipeline_loop_wait_for_eol 
INFO-FLOW: Preprocessing Module: AXIvideo2MultiPixStream ...
Execute         set_default_model AXIvideo2MultiPixStream 
Execute         cdfg_preprocess -model AXIvideo2MultiPixStream 
Execute         rtl_gen_preprocess AXIvideo2MultiPixStream 
INFO-FLOW: Preprocessing Module: v_mix_420_to_422<false>_Pipeline_VITIS_LOOP_76_2 ...
Execute         set_default_model v_mix_420_to_422<false>_Pipeline_VITIS_LOOP_76_2 
Execute         cdfg_preprocess -model v_mix_420_to_422<false>_Pipeline_VITIS_LOOP_76_2 
Execute         rtl_gen_preprocess v_mix_420_to_422<false>_Pipeline_VITIS_LOOP_76_2 
INFO-FLOW: Preprocessing Module: v_mix_420_to_422<false> ...
Execute         set_default_model v_mix_420_to_422<false> 
Execute         cdfg_preprocess -model v_mix_420_to_422<false> 
Execute         rtl_gen_preprocess v_mix_420_to_422<false> 
INFO-FLOW: Preprocessing Module: v_mix_422_to_444<false>_Pipeline_VITIS_LOOP_105_2 ...
Execute         set_default_model v_mix_422_to_444<false>_Pipeline_VITIS_LOOP_105_2 
Execute         cdfg_preprocess -model v_mix_422_to_444<false>_Pipeline_VITIS_LOOP_105_2 
Execute         rtl_gen_preprocess v_mix_422_to_444<false>_Pipeline_VITIS_LOOP_105_2 
INFO-FLOW: Preprocessing Module: v_mix_422_to_444<false> ...
Execute         set_default_model v_mix_422_to_444<false> 
Execute         cdfg_preprocess -model v_mix_422_to_444<false> 
Execute         rtl_gen_preprocess v_mix_422_to_444<false> 
INFO-FLOW: Preprocessing Module: v_mix_yuv2rgb<false>_Pipeline_VITIS_LOOP_897_2 ...
Execute         set_default_model v_mix_yuv2rgb<false>_Pipeline_VITIS_LOOP_897_2 
Execute         cdfg_preprocess -model v_mix_yuv2rgb<false>_Pipeline_VITIS_LOOP_897_2 
Execute         rtl_gen_preprocess v_mix_yuv2rgb<false>_Pipeline_VITIS_LOOP_897_2 
INFO-FLOW: Preprocessing Module: v_mix_yuv2rgb<false> ...
Execute         set_default_model v_mix_yuv2rgb<false> 
Execute         cdfg_preprocess -model v_mix_yuv2rgb<false> 
Execute         rtl_gen_preprocess v_mix_yuv2rgb<false> 
INFO-FLOW: Preprocessing Module: v_mix_upsample<false>_Pipeline_VITIS_LOOP_107_2 ...
Execute         set_default_model v_mix_upsample<false>_Pipeline_VITIS_LOOP_107_2 
Execute         cdfg_preprocess -model v_mix_upsample<false>_Pipeline_VITIS_LOOP_107_2 
Execute         rtl_gen_preprocess v_mix_upsample<false>_Pipeline_VITIS_LOOP_107_2 
INFO-FLOW: Preprocessing Module: v_mix_upsample<false> ...
Execute         set_default_model v_mix_upsample<false> 
Execute         cdfg_preprocess -model v_mix_upsample<false> 
Execute         rtl_gen_preprocess v_mix_upsample<false> 
INFO-FLOW: Preprocessing Module: reg<unsigned short>12 ...
Execute         set_default_model reg<unsigned short>12 
Execute         cdfg_preprocess -model reg<unsigned short>12 
Execute         rtl_gen_preprocess reg<unsigned short>12 
INFO-FLOW: Preprocessing Module: v_mix_core_alpha<true, false>_Pipeline_VITIS_LOOP_395_3 ...
Execute         set_default_model v_mix_core_alpha<true, false>_Pipeline_VITIS_LOOP_395_3 
Execute         cdfg_preprocess -model v_mix_core_alpha<true, false>_Pipeline_VITIS_LOOP_395_3 
Execute         rtl_gen_preprocess v_mix_core_alpha<true, false>_Pipeline_VITIS_LOOP_395_3 
INFO-FLOW: Preprocessing Module: v_mix_core_alpha<true, false> ...
Execute         set_default_model v_mix_core_alpha<true, false> 
Execute         cdfg_preprocess -model v_mix_core_alpha<true, false> 
Execute         rtl_gen_preprocess v_mix_core_alpha<true, false> 
INFO-FLOW: Preprocessing Module: v_mix_rgb2yuv<false>_Pipeline_VITIS_LOOP_1042_2 ...
Execute         set_default_model v_mix_rgb2yuv<false>_Pipeline_VITIS_LOOP_1042_2 
Execute         cdfg_preprocess -model v_mix_rgb2yuv<false>_Pipeline_VITIS_LOOP_1042_2 
Execute         rtl_gen_preprocess v_mix_rgb2yuv<false>_Pipeline_VITIS_LOOP_1042_2 
INFO-FLOW: Preprocessing Module: v_mix_rgb2yuv<false> ...
Execute         set_default_model v_mix_rgb2yuv<false> 
Execute         cdfg_preprocess -model v_mix_rgb2yuv<false> 
Execute         rtl_gen_preprocess v_mix_rgb2yuv<false> 
INFO-FLOW: Preprocessing Module: v_mix_444_to_422<false>_Pipeline_VITIS_LOOP_718_2 ...
Execute         set_default_model v_mix_444_to_422<false>_Pipeline_VITIS_LOOP_718_2 
Execute         cdfg_preprocess -model v_mix_444_to_422<false>_Pipeline_VITIS_LOOP_718_2 
Execute         rtl_gen_preprocess v_mix_444_to_422<false>_Pipeline_VITIS_LOOP_718_2 
INFO-FLOW: Preprocessing Module: v_mix_444_to_422<false> ...
Execute         set_default_model v_mix_444_to_422<false> 
Execute         cdfg_preprocess -model v_mix_444_to_422<false> 
Execute         rtl_gen_preprocess v_mix_444_to_422<false> 
INFO-FLOW: Preprocessing Module: v_mix_422_to_420<false>_Pipeline_VITIS_LOOP_508_2 ...
Execute         set_default_model v_mix_422_to_420<false>_Pipeline_VITIS_LOOP_508_2 
Execute         cdfg_preprocess -model v_mix_422_to_420<false>_Pipeline_VITIS_LOOP_508_2 
Execute         rtl_gen_preprocess v_mix_422_to_420<false>_Pipeline_VITIS_LOOP_508_2 
INFO-FLOW: Preprocessing Module: v_mix_422_to_420<false> ...
Execute         set_default_model v_mix_422_to_420<false> 
Execute         cdfg_preprocess -model v_mix_422_to_420<false> 
Execute         rtl_gen_preprocess v_mix_422_to_420<false> 
INFO-FLOW: Preprocessing Module: MultiPixStream2AXIvideo_Pipeline_VITIS_LOOP_3519_3 ...
Execute         set_default_model MultiPixStream2AXIvideo_Pipeline_VITIS_LOOP_3519_3 
Execute         cdfg_preprocess -model MultiPixStream2AXIvideo_Pipeline_VITIS_LOOP_3519_3 
Execute         rtl_gen_preprocess MultiPixStream2AXIvideo_Pipeline_VITIS_LOOP_3519_3 
INFO-FLOW: Preprocessing Module: MultiPixStream2AXIvideo ...
Execute         set_default_model MultiPixStream2AXIvideo 
Execute         cdfg_preprocess -model MultiPixStream2AXIvideo 
Execute         rtl_gen_preprocess MultiPixStream2AXIvideo 
INFO-FLOW: Preprocessing Module: VMixHlsDataFlowFunction ...
Execute         set_default_model VMixHlsDataFlowFunction 
Execute         cdfg_preprocess -model VMixHlsDataFlowFunction 
Execute         rtl_gen_preprocess VMixHlsDataFlowFunction 
INFO-FLOW: Preprocessing Module: v_mix ...
Execute         set_default_model v_mix 
Execute         cdfg_preprocess -model v_mix 
Execute         rtl_gen_preprocess v_mix 
INFO-FLOW: Model list for synthesis: {reg<unsigned short>1} AXIvideo2MultiPixStream.1_Pipeline_loop_wait_for_start AXIvideo2MultiPixStream.1_Pipeline_loop_width AXIvideo2MultiPixStream.1_Pipeline_loop_wait_for_eol AXIvideo2MultiPixStream.1 v_mix_420_to_422<false>.2_Pipeline_VITIS_LOOP_76_2 v_mix_420_to_422<false>.2 v_mix_422_to_444<false>.3_Pipeline_VITIS_LOOP_105_2 v_mix_422_to_444<false>.3 v_mix_yuv2rgb<false>.4_Pipeline_VITIS_LOOP_897_2 v_mix_yuv2rgb<false>.4 {reg<unsigned short>} AXIvideo2MultiPixStream.5_Pipeline_loop_wait_for_start AXIvideo2MultiPixStream.5_Pipeline_loop_width AXIvideo2MultiPixStream.5_Pipeline_loop_wait_for_eol AXIvideo2MultiPixStream.5 v_mix_420_to_422<false>.6_Pipeline_VITIS_LOOP_76_2 v_mix_420_to_422<false>.6 v_mix_422_to_444<true>_Pipeline_VITIS_LOOP_161_2 v_mix_422_to_444<true> v_mix_yuv2rgb<true>_Pipeline_VITIS_LOOP_941_2 v_mix_yuv2rgb<true> v_mix_upsample<false>.7_Pipeline_VITIS_LOOP_107_2 v_mix_upsample<false>.7 {v_mix_core_alpha<false, false>_Pipeline_VITIS_LOOP_465_3} {v_mix_core_alpha<false, false>} AXIvideo2MultiPixStream_Pipeline_loop_wait_for_start AXIvideo2MultiPixStream_Pipeline_loop_width AXIvideo2MultiPixStream_Pipeline_loop_wait_for_eol AXIvideo2MultiPixStream v_mix_420_to_422<false>_Pipeline_VITIS_LOOP_76_2 v_mix_420_to_422<false> v_mix_422_to_444<false>_Pipeline_VITIS_LOOP_105_2 v_mix_422_to_444<false> v_mix_yuv2rgb<false>_Pipeline_VITIS_LOOP_897_2 v_mix_yuv2rgb<false> v_mix_upsample<false>_Pipeline_VITIS_LOOP_107_2 v_mix_upsample<false> {reg<unsigned short>12} {v_mix_core_alpha<true, false>_Pipeline_VITIS_LOOP_395_3} {v_mix_core_alpha<true, false>} v_mix_rgb2yuv<false>_Pipeline_VITIS_LOOP_1042_2 v_mix_rgb2yuv<false> v_mix_444_to_422<false>_Pipeline_VITIS_LOOP_718_2 v_mix_444_to_422<false> v_mix_422_to_420<false>_Pipeline_VITIS_LOOP_508_2 v_mix_422_to_420<false> MultiPixStream2AXIvideo_Pipeline_VITIS_LOOP_3519_3 MultiPixStream2AXIvideo VMixHlsDataFlowFunction v_mix
INFO: [HLS 200-10] ----------------------------------------------------------------
INFO: [HLS 200-42] -- Implementing module 'reg_unsigned_short_1' 
INFO: [HLS 200-10] ----------------------------------------------------------------
Execute         set_default_model reg<unsigned short>1 
Execute         schedule -model reg<unsigned short>1 
INFO: [SCHED 204-11] Starting scheduling ...
INFO: [SCHED 204-61] Pipelining function 'reg<unsigned short>1'.
INFO: [HLS 200-1470] Pipelining result : Target II = 1, Final II = 1, Depth = 2, function 'reg<unsigned short>1'
INFO: [SCHED 204-11] Finished scheduling.
INFO: [HLS 200-111] Finished Scheduling: CPU user time: 0.05 seconds. CPU system time: 0.03 seconds. Elapsed time: 0.09 seconds; current allocated memory: 807.691 MB.
Execute         syn_report -verbosereport -o /home/e/Documents/research/byotee/OSDZU3_Ref_Design/OSDZU3_Ref_Design.runs/design_1_v_mix_0_0_synth_1/prj/sol/.autopilot/db/reg_unsigned_short_1.verbose.sched.rpt 
Execute           list_part -family xczu3eg-sfvc784-1-e 
Execute             ap_family_info -name xczu3eg-sfvc784-1-e -data names 
Execute             ap_part_info -quiet -name xczu3eg-sfvc784-1-e -data family 
Execute         db_write -o /home/e/Documents/research/byotee/OSDZU3_Ref_Design/OSDZU3_Ref_Design.runs/design_1_v_mix_0_0_synth_1/prj/sol/.autopilot/db/reg_unsigned_short_1.sched.adb -f 
INFO-FLOW: Finish scheduling reg<unsigned short>1.
Execute         set_default_model reg<unsigned short>1 
Execute         bind -model reg<unsigned short>1 
INFO: [BIND 205-100] Starting micro-architecture generation ...
INFO: [BIND 205-101] Performing variable lifetime analysis.
INFO: [BIND 205-101] Exploring resource sharing.
INFO: [BIND 205-101] Binding ...
INFO: [BIND 205-100] Finished micro-architecture generation.
INFO: [HLS 200-111] Finished Binding: CPU user time: 0.01 seconds. CPU system time: 0.01 seconds. Elapsed time: 0.01 seconds; current allocated memory: 807.691 MB.
Execute         syn_report -verbosereport -o /home/e/Documents/research/byotee/OSDZU3_Ref_Design/OSDZU3_Ref_Design.runs/design_1_v_mix_0_0_synth_1/prj/sol/.autopilot/db/reg_unsigned_short_1.verbose.bind.rpt 
Execute           list_part -family xczu3eg-sfvc784-1-e 
Execute             ap_family_info -name xczu3eg-sfvc784-1-e -data names 
Execute             ap_part_info -quiet -name xczu3eg-sfvc784-1-e -data family 
Execute         db_write -o /home/e/Documents/research/byotee/OSDZU3_Ref_Design/OSDZU3_Ref_Design.runs/design_1_v_mix_0_0_synth_1/prj/sol/.autopilot/db/reg_unsigned_short_1.bind.adb -f 
INFO-FLOW: Finish binding reg<unsigned short>1.
INFO: [HLS 200-10] ----------------------------------------------------------------
INFO: [HLS 200-42] -- Implementing module 'AXIvideo2MultiPixStream_1_Pipeline_loop_wait_for_start' 
INFO: [HLS 200-10] ----------------------------------------------------------------
Execute         set_default_model AXIvideo2MultiPixStream.1_Pipeline_loop_wait_for_start 
Execute         schedule -model AXIvideo2MultiPixStream.1_Pipeline_loop_wait_for_start 
INFO: [SCHED 204-11] Starting scheduling ...
INFO: [SCHED 204-61] Pipelining loop 'loop_wait_for_start'.
INFO: [HLS 200-1470] Pipelining result : Target II = 1, Final II = 1, Depth = 1, loop 'loop_wait_for_start'
INFO: [SCHED 204-11] Finished scheduling.
INFO: [HLS 200-111] Finished Scheduling: CPU user time: 0.02 seconds. CPU system time: 0 seconds. Elapsed time: 0.02 seconds; current allocated memory: 808.965 MB.
Execute         syn_report -verbosereport -o /home/e/Documents/research/byotee/OSDZU3_Ref_Design/OSDZU3_Ref_Design.runs/design_1_v_mix_0_0_synth_1/prj/sol/.autopilot/db/AXIvideo2MultiPixStream_1_Pipeline_loop_wait_for_start.verbose.sched.rpt 
Execute           list_part -family xczu3eg-sfvc784-1-e 
Execute             ap_family_info -name xczu3eg-sfvc784-1-e -data names 
Execute             ap_part_info -quiet -name xczu3eg-sfvc784-1-e -data family 
Execute         db_write -o /home/e/Documents/research/byotee/OSDZU3_Ref_Design/OSDZU3_Ref_Design.runs/design_1_v_mix_0_0_synth_1/prj/sol/.autopilot/db/AXIvideo2MultiPixStream_1_Pipeline_loop_wait_for_start.sched.adb -f 
INFO-FLOW: Finish scheduling AXIvideo2MultiPixStream.1_Pipeline_loop_wait_for_start.
Execute         set_default_model AXIvideo2MultiPixStream.1_Pipeline_loop_wait_for_start 
Execute         bind -model AXIvideo2MultiPixStream.1_Pipeline_loop_wait_for_start 
INFO: [BIND 205-100] Starting micro-architecture generation ...
INFO: [BIND 205-101] Performing variable lifetime analysis.
INFO: [BIND 205-101] Exploring resource sharing.
INFO: [BIND 205-101] Binding ...
INFO: [BIND 205-100] Finished micro-architecture generation.
INFO: [HLS 200-111] Finished Binding: CPU user time: 0.01 seconds. CPU system time: 0 seconds. Elapsed time: 0.01 seconds; current allocated memory: 808.965 MB.
Execute         syn_report -verbosereport -o /home/e/Documents/research/byotee/OSDZU3_Ref_Design/OSDZU3_Ref_Design.runs/design_1_v_mix_0_0_synth_1/prj/sol/.autopilot/db/AXIvideo2MultiPixStream_1_Pipeline_loop_wait_for_start.verbose.bind.rpt 
Execute           list_part -family xczu3eg-sfvc784-1-e 
Execute             ap_family_info -name xczu3eg-sfvc784-1-e -data names 
Execute             ap_part_info -quiet -name xczu3eg-sfvc784-1-e -data family 
Execute         db_write -o /home/e/Documents/research/byotee/OSDZU3_Ref_Design/OSDZU3_Ref_Design.runs/design_1_v_mix_0_0_synth_1/prj/sol/.autopilot/db/AXIvideo2MultiPixStream_1_Pipeline_loop_wait_for_start.bind.adb -f 
INFO-FLOW: Finish binding AXIvideo2MultiPixStream.1_Pipeline_loop_wait_for_start.
INFO: [HLS 200-10] ----------------------------------------------------------------
INFO: [HLS 200-42] -- Implementing module 'AXIvideo2MultiPixStream_1_Pipeline_loop_width' 
INFO: [HLS 200-10] ----------------------------------------------------------------
Execute         set_default_model AXIvideo2MultiPixStream.1_Pipeline_loop_width 
Execute         schedule -model AXIvideo2MultiPixStream.1_Pipeline_loop_width 
INFO: [SCHED 204-11] Starting scheduling ...
INFO: [SCHED 204-61] Pipelining loop 'loop_width'.
INFO: [HLS 200-1470] Pipelining result : Target II = 1, Final II = 1, Depth = 3, loop 'loop_width'
INFO: [SCHED 204-11] Finished scheduling.
INFO: [HLS 200-111] Finished Scheduling: CPU user time: 0.02 seconds. CPU system time: 0 seconds. Elapsed time: 0.02 seconds; current allocated memory: 809.453 MB.
Execute         syn_report -verbosereport -o /home/e/Documents/research/byotee/OSDZU3_Ref_Design/OSDZU3_Ref_Design.runs/design_1_v_mix_0_0_synth_1/prj/sol/.autopilot/db/AXIvideo2MultiPixStream_1_Pipeline_loop_width.verbose.sched.rpt 
Execute           list_part -family xczu3eg-sfvc784-1-e 
Execute             ap_family_info -name xczu3eg-sfvc784-1-e -data names 
Execute             ap_part_info -quiet -name xczu3eg-sfvc784-1-e -data family 
Execute         db_write -o /home/e/Documents/research/byotee/OSDZU3_Ref_Design/OSDZU3_Ref_Design.runs/design_1_v_mix_0_0_synth_1/prj/sol/.autopilot/db/AXIvideo2MultiPixStream_1_Pipeline_loop_width.sched.adb -f 
INFO-FLOW: Finish scheduling AXIvideo2MultiPixStream.1_Pipeline_loop_width.
Execute         set_default_model AXIvideo2MultiPixStream.1_Pipeline_loop_width 
Execute         bind -model AXIvideo2MultiPixStream.1_Pipeline_loop_width 
INFO: [BIND 205-100] Starting micro-architecture generation ...
INFO: [BIND 205-101] Performing variable lifetime analysis.
INFO: [BIND 205-101] Exploring resource sharing.
INFO: [BIND 205-101] Binding ...
INFO: [BIND 205-100] Finished micro-architecture generation.
INFO: [HLS 200-111] Finished Binding: CPU user time: 0.01 seconds. CPU system time: 0 seconds. Elapsed time: 0.01 seconds; current allocated memory: 809.453 MB.
Execute         syn_report -verbosereport -o /home/e/Documents/research/byotee/OSDZU3_Ref_Design/OSDZU3_Ref_Design.runs/design_1_v_mix_0_0_synth_1/prj/sol/.autopilot/db/AXIvideo2MultiPixStream_1_Pipeline_loop_width.verbose.bind.rpt 
Execute           list_part -family xczu3eg-sfvc784-1-e 
Execute             ap_family_info -name xczu3eg-sfvc784-1-e -data names 
Execute             ap_part_info -quiet -name xczu3eg-sfvc784-1-e -data family 
Execute         db_write -o /home/e/Documents/research/byotee/OSDZU3_Ref_Design/OSDZU3_Ref_Design.runs/design_1_v_mix_0_0_synth_1/prj/sol/.autopilot/db/AXIvideo2MultiPixStream_1_Pipeline_loop_width.bind.adb -f 
INFO-FLOW: Finish binding AXIvideo2MultiPixStream.1_Pipeline_loop_width.
INFO: [HLS 200-10] ----------------------------------------------------------------
INFO: [HLS 200-42] -- Implementing module 'AXIvideo2MultiPixStream_1_Pipeline_loop_wait_for_eol' 
INFO: [HLS 200-10] ----------------------------------------------------------------
Execute         set_default_model AXIvideo2MultiPixStream.1_Pipeline_loop_wait_for_eol 
Execute         schedule -model AXIvideo2MultiPixStream.1_Pipeline_loop_wait_for_eol 
INFO: [SCHED 204-11] Starting scheduling ...
INFO: [SCHED 204-61] Pipelining loop 'loop_wait_for_eol'.
INFO: [HLS 200-1470] Pipelining result : Target II = 1, Final II = 1, Depth = 1, loop 'loop_wait_for_eol'
INFO: [SCHED 204-11] Finished scheduling.
INFO: [HLS 200-111] Finished Scheduling: CPU user time: 0.01 seconds. CPU system time: 0 seconds. Elapsed time: 0.02 seconds; current allocated memory: 809.707 MB.
Execute         syn_report -verbosereport -o /home/e/Documents/research/byotee/OSDZU3_Ref_Design/OSDZU3_Ref_Design.runs/design_1_v_mix_0_0_synth_1/prj/sol/.autopilot/db/AXIvideo2MultiPixStream_1_Pipeline_loop_wait_for_eol.verbose.sched.rpt 
Execute           list_part -family xczu3eg-sfvc784-1-e 
Execute             ap_family_info -name xczu3eg-sfvc784-1-e -data names 
Execute             ap_part_info -quiet -name xczu3eg-sfvc784-1-e -data family 
Execute         db_write -o /home/e/Documents/research/byotee/OSDZU3_Ref_Design/OSDZU3_Ref_Design.runs/design_1_v_mix_0_0_synth_1/prj/sol/.autopilot/db/AXIvideo2MultiPixStream_1_Pipeline_loop_wait_for_eol.sched.adb -f 
INFO-FLOW: Finish scheduling AXIvideo2MultiPixStream.1_Pipeline_loop_wait_for_eol.
Execute         set_default_model AXIvideo2MultiPixStream.1_Pipeline_loop_wait_for_eol 
Execute         bind -model AXIvideo2MultiPixStream.1_Pipeline_loop_wait_for_eol 
INFO: [BIND 205-100] Starting micro-architecture generation ...
INFO: [BIND 205-101] Performing variable lifetime analysis.
INFO: [BIND 205-101] Exploring resource sharing.
INFO: [BIND 205-101] Binding ...
INFO: [BIND 205-100] Finished micro-architecture generation.
INFO: [HLS 200-111] Finished Binding: CPU user time: 0.01 seconds. CPU system time: 0 seconds. Elapsed time: 0.01 seconds; current allocated memory: 809.707 MB.
Execute         syn_report -verbosereport -o /home/e/Documents/research/byotee/OSDZU3_Ref_Design/OSDZU3_Ref_Design.runs/design_1_v_mix_0_0_synth_1/prj/sol/.autopilot/db/AXIvideo2MultiPixStream_1_Pipeline_loop_wait_for_eol.verbose.bind.rpt 
Execute           list_part -family xczu3eg-sfvc784-1-e 
Execute             ap_family_info -name xczu3eg-sfvc784-1-e -data names 
Execute             ap_part_info -quiet -name xczu3eg-sfvc784-1-e -data family 
Execute         db_write -o /home/e/Documents/research/byotee/OSDZU3_Ref_Design/OSDZU3_Ref_Design.runs/design_1_v_mix_0_0_synth_1/prj/sol/.autopilot/db/AXIvideo2MultiPixStream_1_Pipeline_loop_wait_for_eol.bind.adb -f 
INFO-FLOW: Finish binding AXIvideo2MultiPixStream.1_Pipeline_loop_wait_for_eol.
INFO: [HLS 200-10] ----------------------------------------------------------------
INFO: [HLS 200-42] -- Implementing module 'AXIvideo2MultiPixStream_1' 
INFO: [HLS 200-10] ----------------------------------------------------------------
Execute         set_default_model AXIvideo2MultiPixStream.1 
Execute         schedule -model AXIvideo2MultiPixStream.1 
INFO: [SCHED 204-11] Starting scheduling ...
INFO: [SCHED 204-11] Finished scheduling.
INFO: [HLS 200-111] Finished Scheduling: CPU user time: 0.02 seconds. CPU system time: 0 seconds. Elapsed time: 0.01 seconds; current allocated memory: 810.195 MB.
Execute         syn_report -verbosereport -o /home/e/Documents/research/byotee/OSDZU3_Ref_Design/OSDZU3_Ref_Design.runs/design_1_v_mix_0_0_synth_1/prj/sol/.autopilot/db/AXIvideo2MultiPixStream_1.verbose.sched.rpt 
Execute           list_part -family xczu3eg-sfvc784-1-e 
Execute             ap_family_info -name xczu3eg-sfvc784-1-e -data names 
Execute             ap_part_info -quiet -name xczu3eg-sfvc784-1-e -data family 
Execute         db_write -o /home/e/Documents/research/byotee/OSDZU3_Ref_Design/OSDZU3_Ref_Design.runs/design_1_v_mix_0_0_synth_1/prj/sol/.autopilot/db/AXIvideo2MultiPixStream_1.sched.adb -f 
INFO-FLOW: Finish scheduling AXIvideo2MultiPixStream.1.
Execute         set_default_model AXIvideo2MultiPixStream.1 
Execute         bind -model AXIvideo2MultiPixStream.1 
INFO: [BIND 205-100] Starting micro-architecture generation ...
INFO: [BIND 205-101] Performing variable lifetime analysis.
INFO: [BIND 205-101] Exploring resource sharing.
INFO: [BIND 205-101] Binding ...
INFO: [BIND 205-100] Finished micro-architecture generation.
INFO: [HLS 200-111] Finished Binding: CPU user time: 0.01 seconds. CPU system time: 0 seconds. Elapsed time: 0.01 seconds; current allocated memory: 810.195 MB.
Execute         syn_report -verbosereport -o /home/e/Documents/research/byotee/OSDZU3_Ref_Design/OSDZU3_Ref_Design.runs/design_1_v_mix_0_0_synth_1/prj/sol/.autopilot/db/AXIvideo2MultiPixStream_1.verbose.bind.rpt 
Execute           list_part -family xczu3eg-sfvc784-1-e 
Execute             ap_family_info -name xczu3eg-sfvc784-1-e -data names 
Execute             ap_part_info -quiet -name xczu3eg-sfvc784-1-e -data family 
Execute         db_write -o /home/e/Documents/research/byotee/OSDZU3_Ref_Design/OSDZU3_Ref_Design.runs/design_1_v_mix_0_0_synth_1/prj/sol/.autopilot/db/AXIvideo2MultiPixStream_1.bind.adb -f 
INFO-FLOW: Finish binding AXIvideo2MultiPixStream.1.
INFO: [HLS 200-10] ----------------------------------------------------------------
INFO: [HLS 200-42] -- Implementing module 'v_mix_420_to_422_false_2_Pipeline_VITIS_LOOP_76_2' 
INFO: [HLS 200-10] ----------------------------------------------------------------
Execute         set_default_model v_mix_420_to_422<false>.2_Pipeline_VITIS_LOOP_76_2 
Execute         schedule -model v_mix_420_to_422<false>.2_Pipeline_VITIS_LOOP_76_2 
INFO: [SCHED 204-11] Starting scheduling ...
INFO: [SCHED 204-61] Pipelining loop 'VITIS_LOOP_76_2'.
INFO: [HLS 200-1470] Pipelining result : Target II = NA, Final II = 1, Depth = 2, loop 'VITIS_LOOP_76_2'
INFO: [SCHED 204-11] Finished scheduling.
INFO: [HLS 200-111] Finished Scheduling: CPU user time: 0.01 seconds. CPU system time: 0 seconds. Elapsed time: 0.02 seconds; current allocated memory: 810.504 MB.
Execute         syn_report -verbosereport -o /home/e/Documents/research/byotee/OSDZU3_Ref_Design/OSDZU3_Ref_Design.runs/design_1_v_mix_0_0_synth_1/prj/sol/.autopilot/db/v_mix_420_to_422_false_2_Pipeline_VITIS_LOOP_76_2.verbose.sched.rpt 
Execute           list_part -family xczu3eg-sfvc784-1-e 
Execute             ap_family_info -name xczu3eg-sfvc784-1-e -data names 
Execute             ap_part_info -quiet -name xczu3eg-sfvc784-1-e -data family 
Execute         db_write -o /home/e/Documents/research/byotee/OSDZU3_Ref_Design/OSDZU3_Ref_Design.runs/design_1_v_mix_0_0_synth_1/prj/sol/.autopilot/db/v_mix_420_to_422_false_2_Pipeline_VITIS_LOOP_76_2.sched.adb -f 
INFO-FLOW: Finish scheduling v_mix_420_to_422<false>.2_Pipeline_VITIS_LOOP_76_2.
Execute         set_default_model v_mix_420_to_422<false>.2_Pipeline_VITIS_LOOP_76_2 
Execute         bind -model v_mix_420_to_422<false>.2_Pipeline_VITIS_LOOP_76_2 
INFO: [BIND 205-100] Starting micro-architecture generation ...
INFO: [BIND 205-101] Performing variable lifetime analysis.
INFO: [BIND 205-101] Exploring resource sharing.
INFO: [BIND 205-101] Binding ...
INFO: [BIND 205-100] Finished micro-architecture generation.
INFO: [HLS 200-111] Finished Binding: CPU user time: 0.01 seconds. CPU system time: 0 seconds. Elapsed time: 0.01 seconds; current allocated memory: 810.504 MB.
Execute         syn_report -verbosereport -o /home/e/Documents/research/byotee/OSDZU3_Ref_Design/OSDZU3_Ref_Design.runs/design_1_v_mix_0_0_synth_1/prj/sol/.autopilot/db/v_mix_420_to_422_false_2_Pipeline_VITIS_LOOP_76_2.verbose.bind.rpt 
Execute           list_part -family xczu3eg-sfvc784-1-e 
Execute             ap_family_info -name xczu3eg-sfvc784-1-e -data names 
Execute             ap_part_info -quiet -name xczu3eg-sfvc784-1-e -data family 
Execute         db_write -o /home/e/Documents/research/byotee/OSDZU3_Ref_Design/OSDZU3_Ref_Design.runs/design_1_v_mix_0_0_synth_1/prj/sol/.autopilot/db/v_mix_420_to_422_false_2_Pipeline_VITIS_LOOP_76_2.bind.adb -f 
INFO-FLOW: Finish binding v_mix_420_to_422<false>.2_Pipeline_VITIS_LOOP_76_2.
INFO: [HLS 200-10] ----------------------------------------------------------------
INFO: [HLS 200-42] -- Implementing module 'v_mix_420_to_422_false_2' 
INFO: [HLS 200-10] ----------------------------------------------------------------
Execute         set_default_model v_mix_420_to_422<false>.2 
Execute         schedule -model v_mix_420_to_422<false>.2 
INFO: [SCHED 204-11] Starting scheduling ...
INFO: [SCHED 204-11] Finished scheduling.
INFO: [HLS 200-111] Finished Scheduling: CPU user time: 0.01 seconds. CPU system time: 0.01 seconds. Elapsed time: 0.01 seconds; current allocated memory: 810.738 MB.
Execute         syn_report -verbosereport -o /home/e/Documents/research/byotee/OSDZU3_Ref_Design/OSDZU3_Ref_Design.runs/design_1_v_mix_0_0_synth_1/prj/sol/.autopilot/db/v_mix_420_to_422_false_2.verbose.sched.rpt 
Execute           list_part -family xczu3eg-sfvc784-1-e 
Execute             ap_family_info -name xczu3eg-sfvc784-1-e -data names 
Execute             ap_part_info -quiet -name xczu3eg-sfvc784-1-e -data family 
Execute         db_write -o /home/e/Documents/research/byotee/OSDZU3_Ref_Design/OSDZU3_Ref_Design.runs/design_1_v_mix_0_0_synth_1/prj/sol/.autopilot/db/v_mix_420_to_422_false_2.sched.adb -f 
INFO-FLOW: Finish scheduling v_mix_420_to_422<false>.2.
Execute         set_default_model v_mix_420_to_422<false>.2 
Execute         bind -model v_mix_420_to_422<false>.2 
INFO: [BIND 205-100] Starting micro-architecture generation ...
INFO: [BIND 205-101] Performing variable lifetime analysis.
INFO: [BIND 205-101] Exploring resource sharing.
INFO: [BIND 205-101] Binding ...
INFO: [BIND 205-100] Finished micro-architecture generation.
INFO: [HLS 200-111] Finished Binding: CPU user time: 0.01 seconds. CPU system time: 0 seconds. Elapsed time: 0.01 seconds; current allocated memory: 810.738 MB.
Execute         syn_report -verbosereport -o /home/e/Documents/research/byotee/OSDZU3_Ref_Design/OSDZU3_Ref_Design.runs/design_1_v_mix_0_0_synth_1/prj/sol/.autopilot/db/v_mix_420_to_422_false_2.verbose.bind.rpt 
Execute           list_part -family xczu3eg-sfvc784-1-e 
Execute             ap_family_info -name xczu3eg-sfvc784-1-e -data names 
Execute             ap_part_info -quiet -name xczu3eg-sfvc784-1-e -data family 
Execute         db_write -o /home/e/Documents/research/byotee/OSDZU3_Ref_Design/OSDZU3_Ref_Design.runs/design_1_v_mix_0_0_synth_1/prj/sol/.autopilot/db/v_mix_420_to_422_false_2.bind.adb -f 
INFO-FLOW: Finish binding v_mix_420_to_422<false>.2.
INFO: [HLS 200-10] ----------------------------------------------------------------
INFO: [HLS 200-42] -- Implementing module 'v_mix_422_to_444_false_3_Pipeline_VITIS_LOOP_105_2' 
INFO: [HLS 200-10] ----------------------------------------------------------------
Execute         set_default_model v_mix_422_to_444<false>.3_Pipeline_VITIS_LOOP_105_2 
Execute         schedule -model v_mix_422_to_444<false>.3_Pipeline_VITIS_LOOP_105_2 
INFO: [SCHED 204-11] Starting scheduling ...
INFO: [SCHED 204-61] Pipelining loop 'VITIS_LOOP_105_2'.
INFO: [HLS 200-1470] Pipelining result : Target II = NA, Final II = 1, Depth = 2, loop 'VITIS_LOOP_105_2'
INFO: [SCHED 204-11] Finished scheduling.
INFO: [HLS 200-111] Finished Scheduling: CPU user time: 0.01 seconds. CPU system time: 0 seconds. Elapsed time: 0.01 seconds; current allocated memory: 810.977 MB.
Execute         syn_report -verbosereport -o /home/e/Documents/research/byotee/OSDZU3_Ref_Design/OSDZU3_Ref_Design.runs/design_1_v_mix_0_0_synth_1/prj/sol/.autopilot/db/v_mix_422_to_444_false_3_Pipeline_VITIS_LOOP_105_2.verbose.sched.rpt 
Execute           list_part -family xczu3eg-sfvc784-1-e 
Execute             ap_family_info -name xczu3eg-sfvc784-1-e -data names 
Execute             ap_part_info -quiet -name xczu3eg-sfvc784-1-e -data family 
Execute         db_write -o /home/e/Documents/research/byotee/OSDZU3_Ref_Design/OSDZU3_Ref_Design.runs/design_1_v_mix_0_0_synth_1/prj/sol/.autopilot/db/v_mix_422_to_444_false_3_Pipeline_VITIS_LOOP_105_2.sched.adb -f 
INFO-FLOW: Finish scheduling v_mix_422_to_444<false>.3_Pipeline_VITIS_LOOP_105_2.
Execute         set_default_model v_mix_422_to_444<false>.3_Pipeline_VITIS_LOOP_105_2 
Execute         bind -model v_mix_422_to_444<false>.3_Pipeline_VITIS_LOOP_105_2 
INFO: [BIND 205-100] Starting micro-architecture generation ...
INFO: [BIND 205-101] Performing variable lifetime analysis.
INFO: [BIND 205-101] Exploring resource sharing.
INFO: [BIND 205-101] Binding ...
INFO: [BIND 205-100] Finished micro-architecture generation.
INFO: [HLS 200-111] Finished Binding: CPU user time: 0.01 seconds. CPU system time: 0 seconds. Elapsed time: 0.01 seconds; current allocated memory: 810.977 MB.
Execute         syn_report -verbosereport -o /home/e/Documents/research/byotee/OSDZU3_Ref_Design/OSDZU3_Ref_Design.runs/design_1_v_mix_0_0_synth_1/prj/sol/.autopilot/db/v_mix_422_to_444_false_3_Pipeline_VITIS_LOOP_105_2.verbose.bind.rpt 
Execute           list_part -family xczu3eg-sfvc784-1-e 
Execute             ap_family_info -name xczu3eg-sfvc784-1-e -data names 
Execute             ap_part_info -quiet -name xczu3eg-sfvc784-1-e -data family 
Execute         db_write -o /home/e/Documents/research/byotee/OSDZU3_Ref_Design/OSDZU3_Ref_Design.runs/design_1_v_mix_0_0_synth_1/prj/sol/.autopilot/db/v_mix_422_to_444_false_3_Pipeline_VITIS_LOOP_105_2.bind.adb -f 
INFO-FLOW: Finish binding v_mix_422_to_444<false>.3_Pipeline_VITIS_LOOP_105_2.
INFO: [HLS 200-10] ----------------------------------------------------------------
INFO: [HLS 200-42] -- Implementing module 'v_mix_422_to_444_false_3' 
INFO: [HLS 200-10] ----------------------------------------------------------------
Execute         set_default_model v_mix_422_to_444<false>.3 
Execute         schedule -model v_mix_422_to_444<false>.3 
INFO: [SCHED 204-11] Starting scheduling ...
INFO: [SCHED 204-11] Finished scheduling.
INFO: [HLS 200-111] Finished Scheduling: CPU user time: 0.02 seconds. CPU system time: 0 seconds. Elapsed time: 0.01 seconds; current allocated memory: 811.242 MB.
Execute         syn_report -verbosereport -o /home/e/Documents/research/byotee/OSDZU3_Ref_Design/OSDZU3_Ref_Design.runs/design_1_v_mix_0_0_synth_1/prj/sol/.autopilot/db/v_mix_422_to_444_false_3.verbose.sched.rpt 
Execute           list_part -family xczu3eg-sfvc784-1-e 
Execute             ap_family_info -name xczu3eg-sfvc784-1-e -data names 
Execute             ap_part_info -quiet -name xczu3eg-sfvc784-1-e -data family 
Execute         db_write -o /home/e/Documents/research/byotee/OSDZU3_Ref_Design/OSDZU3_Ref_Design.runs/design_1_v_mix_0_0_synth_1/prj/sol/.autopilot/db/v_mix_422_to_444_false_3.sched.adb -f 
INFO-FLOW: Finish scheduling v_mix_422_to_444<false>.3.
Execute         set_default_model v_mix_422_to_444<false>.3 
Execute         bind -model v_mix_422_to_444<false>.3 
INFO: [BIND 205-100] Starting micro-architecture generation ...
INFO: [BIND 205-101] Performing variable lifetime analysis.
INFO: [BIND 205-101] Exploring resource sharing.
INFO: [BIND 205-101] Binding ...
INFO: [BIND 205-100] Finished micro-architecture generation.
INFO: [HLS 200-111] Finished Binding: CPU user time: 0.01 seconds. CPU system time: 0 seconds. Elapsed time: 0.02 seconds; current allocated memory: 811.242 MB.
Execute         syn_report -verbosereport -o /home/e/Documents/research/byotee/OSDZU3_Ref_Design/OSDZU3_Ref_Design.runs/design_1_v_mix_0_0_synth_1/prj/sol/.autopilot/db/v_mix_422_to_444_false_3.verbose.bind.rpt 
Execute           list_part -family xczu3eg-sfvc784-1-e 
Execute             ap_family_info -name xczu3eg-sfvc784-1-e -data names 
Execute             ap_part_info -quiet -name xczu3eg-sfvc784-1-e -data family 
Execute         db_write -o /home/e/Documents/research/byotee/OSDZU3_Ref_Design/OSDZU3_Ref_Design.runs/design_1_v_mix_0_0_synth_1/prj/sol/.autopilot/db/v_mix_422_to_444_false_3.bind.adb -f 
INFO-FLOW: Finish binding v_mix_422_to_444<false>.3.
INFO: [HLS 200-10] ----------------------------------------------------------------
INFO: [HLS 200-42] -- Implementing module 'v_mix_yuv2rgb_false_4_Pipeline_VITIS_LOOP_897_2' 
INFO: [HLS 200-10] ----------------------------------------------------------------
Execute         set_default_model v_mix_yuv2rgb<false>.4_Pipeline_VITIS_LOOP_897_2 
Execute         schedule -model v_mix_yuv2rgb<false>.4_Pipeline_VITIS_LOOP_897_2 
INFO: [SCHED 204-11] Starting scheduling ...
INFO: [SCHED 204-61] Pipelining loop 'VITIS_LOOP_897_2'.
INFO: [HLS 200-1470] Pipelining result : Target II = NA, Final II = 1, Depth = 2, loop 'VITIS_LOOP_897_2'
INFO: [SCHED 204-11] Finished scheduling.
INFO: [HLS 200-111] Finished Scheduling: CPU user time: 0.01 seconds. CPU system time: 0 seconds. Elapsed time: 0.01 seconds; current allocated memory: 811.449 MB.
Execute         syn_report -verbosereport -o /home/e/Documents/research/byotee/OSDZU3_Ref_Design/OSDZU3_Ref_Design.runs/design_1_v_mix_0_0_synth_1/prj/sol/.autopilot/db/v_mix_yuv2rgb_false_4_Pipeline_VITIS_LOOP_897_2.verbose.sched.rpt 
Execute           list_part -family xczu3eg-sfvc784-1-e 
Execute             ap_family_info -name xczu3eg-sfvc784-1-e -data names 
Execute             ap_part_info -quiet -name xczu3eg-sfvc784-1-e -data family 
Execute         db_write -o /home/e/Documents/research/byotee/OSDZU3_Ref_Design/OSDZU3_Ref_Design.runs/design_1_v_mix_0_0_synth_1/prj/sol/.autopilot/db/v_mix_yuv2rgb_false_4_Pipeline_VITIS_LOOP_897_2.sched.adb -f 
INFO-FLOW: Finish scheduling v_mix_yuv2rgb<false>.4_Pipeline_VITIS_LOOP_897_2.
Execute         set_default_model v_mix_yuv2rgb<false>.4_Pipeline_VITIS_LOOP_897_2 
Execute         bind -model v_mix_yuv2rgb<false>.4_Pipeline_VITIS_LOOP_897_2 
INFO: [BIND 205-100] Starting micro-architecture generation ...
INFO: [BIND 205-101] Performing variable lifetime analysis.
INFO: [BIND 205-101] Exploring resource sharing.
INFO: [BIND 205-101] Binding ...
INFO: [BIND 205-100] Finished micro-architecture generation.
INFO: [HLS 200-111] Finished Binding: CPU user time: 0.01 seconds. CPU system time: 0 seconds. Elapsed time: 0.01 seconds; current allocated memory: 811.449 MB.
Execute         syn_report -verbosereport -o /home/e/Documents/research/byotee/OSDZU3_Ref_Design/OSDZU3_Ref_Design.runs/design_1_v_mix_0_0_synth_1/prj/sol/.autopilot/db/v_mix_yuv2rgb_false_4_Pipeline_VITIS_LOOP_897_2.verbose.bind.rpt 
Execute           list_part -family xczu3eg-sfvc784-1-e 
Execute             ap_family_info -name xczu3eg-sfvc784-1-e -data names 
Execute             ap_part_info -quiet -name xczu3eg-sfvc784-1-e -data family 
Execute         db_write -o /home/e/Documents/research/byotee/OSDZU3_Ref_Design/OSDZU3_Ref_Design.runs/design_1_v_mix_0_0_synth_1/prj/sol/.autopilot/db/v_mix_yuv2rgb_false_4_Pipeline_VITIS_LOOP_897_2.bind.adb -f 
INFO-FLOW: Finish binding v_mix_yuv2rgb<false>.4_Pipeline_VITIS_LOOP_897_2.
INFO: [HLS 200-10] ----------------------------------------------------------------
INFO: [HLS 200-42] -- Implementing module 'v_mix_yuv2rgb_false_4' 
INFO: [HLS 200-10] ----------------------------------------------------------------
Execute         set_default_model v_mix_yuv2rgb<false>.4 
Execute         schedule -model v_mix_yuv2rgb<false>.4 
INFO: [SCHED 204-11] Starting scheduling ...
INFO: [SCHED 204-11] Finished scheduling.
INFO: [HLS 200-111] Finished Scheduling: CPU user time: 0.02 seconds. CPU system time: 0 seconds. Elapsed time: 0.02 seconds; current allocated memory: 811.684 MB.
Execute         syn_report -verbosereport -o /home/e/Documents/research/byotee/OSDZU3_Ref_Design/OSDZU3_Ref_Design.runs/design_1_v_mix_0_0_synth_1/prj/sol/.autopilot/db/v_mix_yuv2rgb_false_4.verbose.sched.rpt 
Execute           list_part -family xczu3eg-sfvc784-1-e 
Execute             ap_family_info -name xczu3eg-sfvc784-1-e -data names 
Execute             ap_part_info -quiet -name xczu3eg-sfvc784-1-e -data family 
Execute         db_write -o /home/e/Documents/research/byotee/OSDZU3_Ref_Design/OSDZU3_Ref_Design.runs/design_1_v_mix_0_0_synth_1/prj/sol/.autopilot/db/v_mix_yuv2rgb_false_4.sched.adb -f 
INFO-FLOW: Finish scheduling v_mix_yuv2rgb<false>.4.
Execute         set_default_model v_mix_yuv2rgb<false>.4 
Execute         bind -model v_mix_yuv2rgb<false>.4 
INFO: [BIND 205-100] Starting micro-architecture generation ...
INFO: [BIND 205-101] Performing variable lifetime analysis.
INFO: [BIND 205-101] Exploring resource sharing.
INFO: [BIND 205-101] Binding ...
INFO: [BIND 205-100] Finished micro-architecture generation.
INFO: [HLS 200-111] Finished Binding: CPU user time: 0.01 seconds. CPU system time: 0.01 seconds. Elapsed time: 0.01 seconds; current allocated memory: 811.684 MB.
Execute         syn_report -verbosereport -o /home/e/Documents/research/byotee/OSDZU3_Ref_Design/OSDZU3_Ref_Design.runs/design_1_v_mix_0_0_synth_1/prj/sol/.autopilot/db/v_mix_yuv2rgb_false_4.verbose.bind.rpt 
Execute           list_part -family xczu3eg-sfvc784-1-e 
Execute             ap_family_info -name xczu3eg-sfvc784-1-e -data names 
Execute             ap_part_info -quiet -name xczu3eg-sfvc784-1-e -data family 
Execute         db_write -o /home/e/Documents/research/byotee/OSDZU3_Ref_Design/OSDZU3_Ref_Design.runs/design_1_v_mix_0_0_synth_1/prj/sol/.autopilot/db/v_mix_yuv2rgb_false_4.bind.adb -f 
INFO-FLOW: Finish binding v_mix_yuv2rgb<false>.4.
INFO: [HLS 200-10] ----------------------------------------------------------------
INFO: [HLS 200-42] -- Implementing module 'reg_unsigned_short_s' 
INFO: [HLS 200-10] ----------------------------------------------------------------
Execute         set_default_model reg<unsigned short> 
Execute         schedule -model reg<unsigned short> 
INFO: [SCHED 204-11] Starting scheduling ...
INFO: [SCHED 204-61] Pipelining function 'reg<unsigned short>'.
INFO: [HLS 200-1470] Pipelining result : Target II = 1, Final II = 1, Depth = 2, function 'reg<unsigned short>'
INFO: [SCHED 204-11] Finished scheduling.
INFO: [HLS 200-111] Finished Scheduling: CPU user time: 0.01 seconds. CPU system time: 0 seconds. Elapsed time: 0.01 seconds; current allocated memory: 811.684 MB.
Execute         syn_report -verbosereport -o /home/e/Documents/research/byotee/OSDZU3_Ref_Design/OSDZU3_Ref_Design.runs/design_1_v_mix_0_0_synth_1/prj/sol/.autopilot/db/reg_unsigned_short_s.verbose.sched.rpt 
Execute           list_part -family xczu3eg-sfvc784-1-e 
Execute             ap_family_info -name xczu3eg-sfvc784-1-e -data names 
Execute             ap_part_info -quiet -name xczu3eg-sfvc784-1-e -data family 
Execute         db_write -o /home/e/Documents/research/byotee/OSDZU3_Ref_Design/OSDZU3_Ref_Design.runs/design_1_v_mix_0_0_synth_1/prj/sol/.autopilot/db/reg_unsigned_short_s.sched.adb -f 
INFO-FLOW: Finish scheduling reg<unsigned short>.
Execute         set_default_model reg<unsigned short> 
Execute         bind -model reg<unsigned short> 
INFO: [BIND 205-100] Starting micro-architecture generation ...
INFO: [BIND 205-101] Performing variable lifetime analysis.
INFO: [BIND 205-101] Exploring resource sharing.
INFO: [BIND 205-101] Binding ...
INFO: [BIND 205-100] Finished micro-architecture generation.
INFO: [HLS 200-111] Finished Binding: CPU user time: 0.01 seconds. CPU system time: 0 seconds. Elapsed time: 0.01 seconds; current allocated memory: 811.684 MB.
Execute         syn_report -verbosereport -o /home/e/Documents/research/byotee/OSDZU3_Ref_Design/OSDZU3_Ref_Design.runs/design_1_v_mix_0_0_synth_1/prj/sol/.autopilot/db/reg_unsigned_short_s.verbose.bind.rpt 
Execute           list_part -family xczu3eg-sfvc784-1-e 
Execute             ap_family_info -name xczu3eg-sfvc784-1-e -data names 
Execute             ap_part_info -quiet -name xczu3eg-sfvc784-1-e -data family 
Execute         db_write -o /home/e/Documents/research/byotee/OSDZU3_Ref_Design/OSDZU3_Ref_Design.runs/design_1_v_mix_0_0_synth_1/prj/sol/.autopilot/db/reg_unsigned_short_s.bind.adb -f 
INFO-FLOW: Finish binding reg<unsigned short>.
INFO: [HLS 200-10] ----------------------------------------------------------------
INFO: [HLS 200-42] -- Implementing module 'AXIvideo2MultiPixStream_5_Pipeline_loop_wait_for_start' 
INFO: [HLS 200-10] ----------------------------------------------------------------
Execute         set_default_model AXIvideo2MultiPixStream.5_Pipeline_loop_wait_for_start 
Execute         schedule -model AXIvideo2MultiPixStream.5_Pipeline_loop_wait_for_start 
INFO: [SCHED 204-11] Starting scheduling ...
INFO: [SCHED 204-61] Pipelining loop 'loop_wait_for_start'.
INFO: [HLS 200-1470] Pipelining result : Target II = 1, Final II = 1, Depth = 1, loop 'loop_wait_for_start'
INFO: [SCHED 204-11] Finished scheduling.
INFO: [HLS 200-111] Finished Scheduling: CPU user time: 0.01 seconds. CPU system time: 0 seconds. Elapsed time: 0.02 seconds; current allocated memory: 812.047 MB.
Execute         syn_report -verbosereport -o /home/e/Documents/research/byotee/OSDZU3_Ref_Design/OSDZU3_Ref_Design.runs/design_1_v_mix_0_0_synth_1/prj/sol/.autopilot/db/AXIvideo2MultiPixStream_5_Pipeline_loop_wait_for_start.verbose.sched.rpt 
Execute           list_part -family xczu3eg-sfvc784-1-e 
Execute             ap_family_info -name xczu3eg-sfvc784-1-e -data names 
Execute             ap_part_info -quiet -name xczu3eg-sfvc784-1-e -data family 
Execute         db_write -o /home/e/Documents/research/byotee/OSDZU3_Ref_Design/OSDZU3_Ref_Design.runs/design_1_v_mix_0_0_synth_1/prj/sol/.autopilot/db/AXIvideo2MultiPixStream_5_Pipeline_loop_wait_for_start.sched.adb -f 
INFO-FLOW: Finish scheduling AXIvideo2MultiPixStream.5_Pipeline_loop_wait_for_start.
Execute         set_default_model AXIvideo2MultiPixStream.5_Pipeline_loop_wait_for_start 
Execute         bind -model AXIvideo2MultiPixStream.5_Pipeline_loop_wait_for_start 
INFO: [BIND 205-100] Starting micro-architecture generation ...
INFO: [BIND 205-101] Performing variable lifetime analysis.
INFO: [BIND 205-101] Exploring resource sharing.
INFO: [BIND 205-101] Binding ...
INFO: [BIND 205-100] Finished micro-architecture generation.
INFO: [HLS 200-111] Finished Binding: CPU user time: 0.01 seconds. CPU system time: 0 seconds. Elapsed time: 0.01 seconds; current allocated memory: 812.047 MB.
Execute         syn_report -verbosereport -o /home/e/Documents/research/byotee/OSDZU3_Ref_Design/OSDZU3_Ref_Design.runs/design_1_v_mix_0_0_synth_1/prj/sol/.autopilot/db/AXIvideo2MultiPixStream_5_Pipeline_loop_wait_for_start.verbose.bind.rpt 
Execute           list_part -family xczu3eg-sfvc784-1-e 
Execute             ap_family_info -name xczu3eg-sfvc784-1-e -data names 
Execute             ap_part_info -quiet -name xczu3eg-sfvc784-1-e -data family 
Execute         db_write -o /home/e/Documents/research/byotee/OSDZU3_Ref_Design/OSDZU3_Ref_Design.runs/design_1_v_mix_0_0_synth_1/prj/sol/.autopilot/db/AXIvideo2MultiPixStream_5_Pipeline_loop_wait_for_start.bind.adb -f 
INFO-FLOW: Finish binding AXIvideo2MultiPixStream.5_Pipeline_loop_wait_for_start.
INFO: [HLS 200-10] ----------------------------------------------------------------
INFO: [HLS 200-42] -- Implementing module 'AXIvideo2MultiPixStream_5_Pipeline_loop_width' 
INFO: [HLS 200-10] ----------------------------------------------------------------
Execute         set_default_model AXIvideo2MultiPixStream.5_Pipeline_loop_width 
Execute         schedule -model AXIvideo2MultiPixStream.5_Pipeline_loop_width 
INFO: [SCHED 204-11] Starting scheduling ...
INFO: [SCHED 204-61] Pipelining loop 'loop_width'.
INFO: [HLS 200-1470] Pipelining result : Target II = 1, Final II = 1, Depth = 3, loop 'loop_width'
INFO: [SCHED 204-11] Finished scheduling.
INFO: [HLS 200-111] Finished Scheduling: CPU user time: 0.02 seconds. CPU system time: 0 seconds. Elapsed time: 0.02 seconds; current allocated memory: 812.547 MB.
Execute         syn_report -verbosereport -o /home/e/Documents/research/byotee/OSDZU3_Ref_Design/OSDZU3_Ref_Design.runs/design_1_v_mix_0_0_synth_1/prj/sol/.autopilot/db/AXIvideo2MultiPixStream_5_Pipeline_loop_width.verbose.sched.rpt 
Execute           list_part -family xczu3eg-sfvc784-1-e 
Execute             ap_family_info -name xczu3eg-sfvc784-1-e -data names 
Execute             ap_part_info -quiet -name xczu3eg-sfvc784-1-e -data family 
Execute         db_write -o /home/e/Documents/research/byotee/OSDZU3_Ref_Design/OSDZU3_Ref_Design.runs/design_1_v_mix_0_0_synth_1/prj/sol/.autopilot/db/AXIvideo2MultiPixStream_5_Pipeline_loop_width.sched.adb -f 
INFO-FLOW: Finish scheduling AXIvideo2MultiPixStream.5_Pipeline_loop_width.
Execute         set_default_model AXIvideo2MultiPixStream.5_Pipeline_loop_width 
Execute         bind -model AXIvideo2MultiPixStream.5_Pipeline_loop_width 
INFO: [BIND 205-100] Starting micro-architecture generation ...
INFO: [BIND 205-101] Performing variable lifetime analysis.
INFO: [BIND 205-101] Exploring resource sharing.
INFO: [BIND 205-101] Binding ...
INFO: [BIND 205-100] Finished micro-architecture generation.
INFO: [HLS 200-111] Finished Binding: CPU user time: 0.01 seconds. CPU system time: 0.01 seconds. Elapsed time: 0.01 seconds; current allocated memory: 812.547 MB.
Execute         syn_report -verbosereport -o /home/e/Documents/research/byotee/OSDZU3_Ref_Design/OSDZU3_Ref_Design.runs/design_1_v_mix_0_0_synth_1/prj/sol/.autopilot/db/AXIvideo2MultiPixStream_5_Pipeline_loop_width.verbose.bind.rpt 
Execute           list_part -family xczu3eg-sfvc784-1-e 
Execute             ap_family_info -name xczu3eg-sfvc784-1-e -data names 
Execute             ap_part_info -quiet -name xczu3eg-sfvc784-1-e -data family 
Execute         db_write -o /home/e/Documents/research/byotee/OSDZU3_Ref_Design/OSDZU3_Ref_Design.runs/design_1_v_mix_0_0_synth_1/prj/sol/.autopilot/db/AXIvideo2MultiPixStream_5_Pipeline_loop_width.bind.adb -f 
INFO-FLOW: Finish binding AXIvideo2MultiPixStream.5_Pipeline_loop_width.
INFO: [HLS 200-10] ----------------------------------------------------------------
INFO: [HLS 200-42] -- Implementing module 'AXIvideo2MultiPixStream_5_Pipeline_loop_wait_for_eol' 
INFO: [HLS 200-10] ----------------------------------------------------------------
Execute         set_default_model AXIvideo2MultiPixStream.5_Pipeline_loop_wait_for_eol 
Execute         schedule -model AXIvideo2MultiPixStream.5_Pipeline_loop_wait_for_eol 
INFO: [SCHED 204-11] Starting scheduling ...
INFO: [SCHED 204-61] Pipelining loop 'loop_wait_for_eol'.
INFO: [HLS 200-1470] Pipelining result : Target II = 1, Final II = 1, Depth = 1, loop 'loop_wait_for_eol'
INFO: [SCHED 204-11] Finished scheduling.
INFO: [HLS 200-111] Finished Scheduling: CPU user time: 0.02 seconds. CPU system time: 0 seconds. Elapsed time: 0.02 seconds; current allocated memory: 812.801 MB.
Execute         syn_report -verbosereport -o /home/e/Documents/research/byotee/OSDZU3_Ref_Design/OSDZU3_Ref_Design.runs/design_1_v_mix_0_0_synth_1/prj/sol/.autopilot/db/AXIvideo2MultiPixStream_5_Pipeline_loop_wait_for_eol.verbose.sched.rpt 
Execute           list_part -family xczu3eg-sfvc784-1-e 
Execute             ap_family_info -name xczu3eg-sfvc784-1-e -data names 
Execute             ap_part_info -quiet -name xczu3eg-sfvc784-1-e -data family 
Execute         db_write -o /home/e/Documents/research/byotee/OSDZU3_Ref_Design/OSDZU3_Ref_Design.runs/design_1_v_mix_0_0_synth_1/prj/sol/.autopilot/db/AXIvideo2MultiPixStream_5_Pipeline_loop_wait_for_eol.sched.adb -f 
INFO-FLOW: Finish scheduling AXIvideo2MultiPixStream.5_Pipeline_loop_wait_for_eol.
Execute         set_default_model AXIvideo2MultiPixStream.5_Pipeline_loop_wait_for_eol 
Execute         bind -model AXIvideo2MultiPixStream.5_Pipeline_loop_wait_for_eol 
INFO: [BIND 205-100] Starting micro-architecture generation ...
INFO: [BIND 205-101] Performing variable lifetime analysis.
INFO: [BIND 205-101] Exploring resource sharing.
INFO: [BIND 205-101] Binding ...
INFO: [BIND 205-100] Finished micro-architecture generation.
INFO: [HLS 200-111] Finished Binding: CPU user time: 0.01 seconds. CPU system time: 0 seconds. Elapsed time: 0.01 seconds; current allocated memory: 812.801 MB.
Execute         syn_report -verbosereport -o /home/e/Documents/research/byotee/OSDZU3_Ref_Design/OSDZU3_Ref_Design.runs/design_1_v_mix_0_0_synth_1/prj/sol/.autopilot/db/AXIvideo2MultiPixStream_5_Pipeline_loop_wait_for_eol.verbose.bind.rpt 
Execute           list_part -family xczu3eg-sfvc784-1-e 
Execute             ap_family_info -name xczu3eg-sfvc784-1-e -data names 
Execute             ap_part_info -quiet -name xczu3eg-sfvc784-1-e -data family 
Execute         db_write -o /home/e/Documents/research/byotee/OSDZU3_Ref_Design/OSDZU3_Ref_Design.runs/design_1_v_mix_0_0_synth_1/prj/sol/.autopilot/db/AXIvideo2MultiPixStream_5_Pipeline_loop_wait_for_eol.bind.adb -f 
INFO-FLOW: Finish binding AXIvideo2MultiPixStream.5_Pipeline_loop_wait_for_eol.
INFO: [HLS 200-10] ----------------------------------------------------------------
INFO: [HLS 200-42] -- Implementing module 'AXIvideo2MultiPixStream_5' 
INFO: [HLS 200-10] ----------------------------------------------------------------
Execute         set_default_model AXIvideo2MultiPixStream.5 
Execute         schedule -model AXIvideo2MultiPixStream.5 
INFO: [SCHED 204-11] Starting scheduling ...
INFO: [SCHED 204-11] Finished scheduling.
INFO: [HLS 200-111] Finished Scheduling: CPU user time: 0.02 seconds. CPU system time: 0 seconds. Elapsed time: 0.02 seconds; current allocated memory: 813.289 MB.
Execute         syn_report -verbosereport -o /home/e/Documents/research/byotee/OSDZU3_Ref_Design/OSDZU3_Ref_Design.runs/design_1_v_mix_0_0_synth_1/prj/sol/.autopilot/db/AXIvideo2MultiPixStream_5.verbose.sched.rpt 
Execute           list_part -family xczu3eg-sfvc784-1-e 
Execute             ap_family_info -name xczu3eg-sfvc784-1-e -data names 
Execute             ap_part_info -quiet -name xczu3eg-sfvc784-1-e -data family 
Execute         db_write -o /home/e/Documents/research/byotee/OSDZU3_Ref_Design/OSDZU3_Ref_Design.runs/design_1_v_mix_0_0_synth_1/prj/sol/.autopilot/db/AXIvideo2MultiPixStream_5.sched.adb -f 
INFO-FLOW: Finish scheduling AXIvideo2MultiPixStream.5.
Execute         set_default_model AXIvideo2MultiPixStream.5 
Execute         bind -model AXIvideo2MultiPixStream.5 
INFO: [BIND 205-100] Starting micro-architecture generation ...
INFO: [BIND 205-101] Performing variable lifetime analysis.
INFO: [BIND 205-101] Exploring resource sharing.
INFO: [BIND 205-101] Binding ...
INFO: [BIND 205-100] Finished micro-architecture generation.
INFO: [HLS 200-111] Finished Binding: CPU user time: 0.01 seconds. CPU system time: 0 seconds. Elapsed time: 0.01 seconds; current allocated memory: 813.289 MB.
Execute         syn_report -verbosereport -o /home/e/Documents/research/byotee/OSDZU3_Ref_Design/OSDZU3_Ref_Design.runs/design_1_v_mix_0_0_synth_1/prj/sol/.autopilot/db/AXIvideo2MultiPixStream_5.verbose.bind.rpt 
Execute           list_part -family xczu3eg-sfvc784-1-e 
Execute             ap_family_info -name xczu3eg-sfvc784-1-e -data names 
Execute             ap_part_info -quiet -name xczu3eg-sfvc784-1-e -data family 
Execute         db_write -o /home/e/Documents/research/byotee/OSDZU3_Ref_Design/OSDZU3_Ref_Design.runs/design_1_v_mix_0_0_synth_1/prj/sol/.autopilot/db/AXIvideo2MultiPixStream_5.bind.adb -f 
INFO-FLOW: Finish binding AXIvideo2MultiPixStream.5.
INFO: [HLS 200-10] ----------------------------------------------------------------
INFO: [HLS 200-42] -- Implementing module 'v_mix_420_to_422_false_6_Pipeline_VITIS_LOOP_76_2' 
INFO: [HLS 200-10] ----------------------------------------------------------------
Execute         set_default_model v_mix_420_to_422<false>.6_Pipeline_VITIS_LOOP_76_2 
Execute         schedule -model v_mix_420_to_422<false>.6_Pipeline_VITIS_LOOP_76_2 
INFO: [SCHED 204-11] Starting scheduling ...
INFO: [SCHED 204-61] Pipelining loop 'VITIS_LOOP_76_2'.
INFO: [HLS 200-1470] Pipelining result : Target II = NA, Final II = 1, Depth = 2, loop 'VITIS_LOOP_76_2'
INFO: [SCHED 204-11] Finished scheduling.
INFO: [HLS 200-111] Finished Scheduling: CPU user time: 0.01 seconds. CPU system time: 0 seconds. Elapsed time: 0.02 seconds; current allocated memory: 813.605 MB.
Execute         syn_report -verbosereport -o /home/e/Documents/research/byotee/OSDZU3_Ref_Design/OSDZU3_Ref_Design.runs/design_1_v_mix_0_0_synth_1/prj/sol/.autopilot/db/v_mix_420_to_422_false_6_Pipeline_VITIS_LOOP_76_2.verbose.sched.rpt 
Execute           list_part -family xczu3eg-sfvc784-1-e 
Execute             ap_family_info -name xczu3eg-sfvc784-1-e -data names 
Execute             ap_part_info -quiet -name xczu3eg-sfvc784-1-e -data family 
Execute         db_write -o /home/e/Documents/research/byotee/OSDZU3_Ref_Design/OSDZU3_Ref_Design.runs/design_1_v_mix_0_0_synth_1/prj/sol/.autopilot/db/v_mix_420_to_422_false_6_Pipeline_VITIS_LOOP_76_2.sched.adb -f 
INFO-FLOW: Finish scheduling v_mix_420_to_422<false>.6_Pipeline_VITIS_LOOP_76_2.
Execute         set_default_model v_mix_420_to_422<false>.6_Pipeline_VITIS_LOOP_76_2 
Execute         bind -model v_mix_420_to_422<false>.6_Pipeline_VITIS_LOOP_76_2 
INFO: [BIND 205-100] Starting micro-architecture generation ...
INFO: [BIND 205-101] Performing variable lifetime analysis.
INFO: [BIND 205-101] Exploring resource sharing.
INFO: [BIND 205-101] Binding ...
INFO: [BIND 205-100] Finished micro-architecture generation.
INFO: [HLS 200-111] Finished Binding: CPU user time: 0.01 seconds. CPU system time: 0 seconds. Elapsed time: 0.01 seconds; current allocated memory: 813.605 MB.
Execute         syn_report -verbosereport -o /home/e/Documents/research/byotee/OSDZU3_Ref_Design/OSDZU3_Ref_Design.runs/design_1_v_mix_0_0_synth_1/prj/sol/.autopilot/db/v_mix_420_to_422_false_6_Pipeline_VITIS_LOOP_76_2.verbose.bind.rpt 
Execute           list_part -family xczu3eg-sfvc784-1-e 
Execute             ap_family_info -name xczu3eg-sfvc784-1-e -data names 
Execute             ap_part_info -quiet -name xczu3eg-sfvc784-1-e -data family 
Execute         db_write -o /home/e/Documents/research/byotee/OSDZU3_Ref_Design/OSDZU3_Ref_Design.runs/design_1_v_mix_0_0_synth_1/prj/sol/.autopilot/db/v_mix_420_to_422_false_6_Pipeline_VITIS_LOOP_76_2.bind.adb -f 
INFO-FLOW: Finish binding v_mix_420_to_422<false>.6_Pipeline_VITIS_LOOP_76_2.
INFO: [HLS 200-10] ----------------------------------------------------------------
INFO: [HLS 200-42] -- Implementing module 'v_mix_420_to_422_false_6' 
INFO: [HLS 200-10] ----------------------------------------------------------------
Execute         set_default_model v_mix_420_to_422<false>.6 
Execute         schedule -model v_mix_420_to_422<false>.6 
INFO: [SCHED 204-11] Starting scheduling ...
INFO: [SCHED 204-11] Finished scheduling.
INFO: [HLS 200-111] Finished Scheduling: CPU user time: 0.02 seconds. CPU system time: 0 seconds. Elapsed time: 0.01 seconds; current allocated memory: 813.836 MB.
Execute         syn_report -verbosereport -o /home/e/Documents/research/byotee/OSDZU3_Ref_Design/OSDZU3_Ref_Design.runs/design_1_v_mix_0_0_synth_1/prj/sol/.autopilot/db/v_mix_420_to_422_false_6.verbose.sched.rpt 
Execute           list_part -family xczu3eg-sfvc784-1-e 
Execute             ap_family_info -name xczu3eg-sfvc784-1-e -data names 
Execute             ap_part_info -quiet -name xczu3eg-sfvc784-1-e -data family 
Execute         db_write -o /home/e/Documents/research/byotee/OSDZU3_Ref_Design/OSDZU3_Ref_Design.runs/design_1_v_mix_0_0_synth_1/prj/sol/.autopilot/db/v_mix_420_to_422_false_6.sched.adb -f 
INFO-FLOW: Finish scheduling v_mix_420_to_422<false>.6.
Execute         set_default_model v_mix_420_to_422<false>.6 
Execute         bind -model v_mix_420_to_422<false>.6 
INFO: [BIND 205-100] Starting micro-architecture generation ...
INFO: [BIND 205-101] Performing variable lifetime analysis.
INFO: [BIND 205-101] Exploring resource sharing.
INFO: [BIND 205-101] Binding ...
INFO: [BIND 205-100] Finished micro-architecture generation.
INFO: [HLS 200-111] Finished Binding: CPU user time: 0 seconds. CPU system time: 0 seconds. Elapsed time: 0.01 seconds; current allocated memory: 813.836 MB.
Execute         syn_report -verbosereport -o /home/e/Documents/research/byotee/OSDZU3_Ref_Design/OSDZU3_Ref_Design.runs/design_1_v_mix_0_0_synth_1/prj/sol/.autopilot/db/v_mix_420_to_422_false_6.verbose.bind.rpt 
Execute           list_part -family xczu3eg-sfvc784-1-e 
Execute             ap_family_info -name xczu3eg-sfvc784-1-e -data names 
Execute             ap_part_info -quiet -name xczu3eg-sfvc784-1-e -data family 
Execute         db_write -o /home/e/Documents/research/byotee/OSDZU3_Ref_Design/OSDZU3_Ref_Design.runs/design_1_v_mix_0_0_synth_1/prj/sol/.autopilot/db/v_mix_420_to_422_false_6.bind.adb -f 
INFO-FLOW: Finish binding v_mix_420_to_422<false>.6.
INFO: [HLS 200-10] ----------------------------------------------------------------
INFO: [HLS 200-42] -- Implementing module 'v_mix_422_to_444_true_Pipeline_VITIS_LOOP_161_2' 
INFO: [HLS 200-10] ----------------------------------------------------------------
Execute         set_default_model v_mix_422_to_444<true>_Pipeline_VITIS_LOOP_161_2 
Execute         schedule -model v_mix_422_to_444<true>_Pipeline_VITIS_LOOP_161_2 
INFO: [SCHED 204-11] Starting scheduling ...
INFO: [SCHED 204-61] Pipelining loop 'VITIS_LOOP_161_2'.
INFO: [HLS 200-1470] Pipelining result : Target II = 1, Final II = 1, Depth = 4, loop 'VITIS_LOOP_161_2'
INFO: [SCHED 204-11] Finished scheduling.
INFO: [HLS 200-111] Finished Scheduling: CPU user time: 0.04 seconds. CPU system time: 0 seconds. Elapsed time: 0.04 seconds; current allocated memory: 815.164 MB.
Execute         syn_report -verbosereport -o /home/e/Documents/research/byotee/OSDZU3_Ref_Design/OSDZU3_Ref_Design.runs/design_1_v_mix_0_0_synth_1/prj/sol/.autopilot/db/v_mix_422_to_444_true_Pipeline_VITIS_LOOP_161_2.verbose.sched.rpt 
Execute           list_part -family xczu3eg-sfvc784-1-e 
Execute             ap_family_info -name xczu3eg-sfvc784-1-e -data names 
Execute             ap_part_info -quiet -name xczu3eg-sfvc784-1-e -data family 
Execute         db_write -o /home/e/Documents/research/byotee/OSDZU3_Ref_Design/OSDZU3_Ref_Design.runs/design_1_v_mix_0_0_synth_1/prj/sol/.autopilot/db/v_mix_422_to_444_true_Pipeline_VITIS_LOOP_161_2.sched.adb -f 
INFO-FLOW: Finish scheduling v_mix_422_to_444<true>_Pipeline_VITIS_LOOP_161_2.
Execute         set_default_model v_mix_422_to_444<true>_Pipeline_VITIS_LOOP_161_2 
Execute         bind -model v_mix_422_to_444<true>_Pipeline_VITIS_LOOP_161_2 
INFO: [BIND 205-100] Starting micro-architecture generation ...
INFO: [BIND 205-101] Performing variable lifetime analysis.
INFO: [BIND 205-101] Exploring resource sharing.
INFO: [BIND 205-101] Binding ...
INFO: [BIND 205-100] Finished micro-architecture generation.
INFO: [HLS 200-111] Finished Binding: CPU user time: 0.01 seconds. CPU system time: 0 seconds. Elapsed time: 0.01 seconds; current allocated memory: 815.164 MB.
Execute         syn_report -verbosereport -o /home/e/Documents/research/byotee/OSDZU3_Ref_Design/OSDZU3_Ref_Design.runs/design_1_v_mix_0_0_synth_1/prj/sol/.autopilot/db/v_mix_422_to_444_true_Pipeline_VITIS_LOOP_161_2.verbose.bind.rpt 
Execute           list_part -family xczu3eg-sfvc784-1-e 
Execute             ap_family_info -name xczu3eg-sfvc784-1-e -data names 
Execute             ap_part_info -quiet -name xczu3eg-sfvc784-1-e -data family 
Execute         db_write -o /home/e/Documents/research/byotee/OSDZU3_Ref_Design/OSDZU3_Ref_Design.runs/design_1_v_mix_0_0_synth_1/prj/sol/.autopilot/db/v_mix_422_to_444_true_Pipeline_VITIS_LOOP_161_2.bind.adb -f 
INFO-FLOW: Finish binding v_mix_422_to_444<true>_Pipeline_VITIS_LOOP_161_2.
INFO: [HLS 200-10] ----------------------------------------------------------------
INFO: [HLS 200-42] -- Implementing module 'v_mix_422_to_444_true_s' 
INFO: [HLS 200-10] ----------------------------------------------------------------
Execute         set_default_model v_mix_422_to_444<true> 
Execute         schedule -model v_mix_422_to_444<true> 
INFO: [SCHED 204-11] Starting scheduling ...
INFO: [SCHED 204-11] Finished scheduling.
INFO: [HLS 200-111] Finished Scheduling: CPU user time: 0.02 seconds. CPU system time: 0.01 seconds. Elapsed time: 0.03 seconds; current allocated memory: 815.176 MB.
Execute         syn_report -verbosereport -o /home/e/Documents/research/byotee/OSDZU3_Ref_Design/OSDZU3_Ref_Design.runs/design_1_v_mix_0_0_synth_1/prj/sol/.autopilot/db/v_mix_422_to_444_true_s.verbose.sched.rpt 
Execute           list_part -family xczu3eg-sfvc784-1-e 
Execute             ap_family_info -name xczu3eg-sfvc784-1-e -data names 
Execute             ap_part_info -quiet -name xczu3eg-sfvc784-1-e -data family 
Execute         db_write -o /home/e/Documents/research/byotee/OSDZU3_Ref_Design/OSDZU3_Ref_Design.runs/design_1_v_mix_0_0_synth_1/prj/sol/.autopilot/db/v_mix_422_to_444_true_s.sched.adb -f 
INFO-FLOW: Finish scheduling v_mix_422_to_444<true>.
Execute         set_default_model v_mix_422_to_444<true> 
Execute         bind -model v_mix_422_to_444<true> 
INFO: [BIND 205-100] Starting micro-architecture generation ...
INFO: [BIND 205-101] Performing variable lifetime analysis.
INFO: [BIND 205-101] Exploring resource sharing.
INFO: [BIND 205-101] Binding ...
INFO: [BIND 205-100] Finished micro-architecture generation.
INFO: [HLS 200-111] Finished Binding: CPU user time: 0.02 seconds. CPU system time: 0 seconds. Elapsed time: 0.01 seconds; current allocated memory: 815.176 MB.
Execute         syn_report -verbosereport -o /home/e/Documents/research/byotee/OSDZU3_Ref_Design/OSDZU3_Ref_Design.runs/design_1_v_mix_0_0_synth_1/prj/sol/.autopilot/db/v_mix_422_to_444_true_s.verbose.bind.rpt 
Execute           list_part -family xczu3eg-sfvc784-1-e 
Execute             ap_family_info -name xczu3eg-sfvc784-1-e -data names 
Execute             ap_part_info -quiet -name xczu3eg-sfvc784-1-e -data family 
Execute         db_write -o /home/e/Documents/research/byotee/OSDZU3_Ref_Design/OSDZU3_Ref_Design.runs/design_1_v_mix_0_0_synth_1/prj/sol/.autopilot/db/v_mix_422_to_444_true_s.bind.adb -f 
INFO-FLOW: Finish binding v_mix_422_to_444<true>.
INFO: [HLS 200-10] ----------------------------------------------------------------
INFO: [HLS 200-42] -- Implementing module 'v_mix_yuv2rgb_true_Pipeline_VITIS_LOOP_941_2' 
INFO: [HLS 200-10] ----------------------------------------------------------------
Execute         set_default_model v_mix_yuv2rgb<true>_Pipeline_VITIS_LOOP_941_2 
Execute         schedule -model v_mix_yuv2rgb<true>_Pipeline_VITIS_LOOP_941_2 
INFO: [SCHED 204-11] Starting scheduling ...
INFO: [HLS 200-486] Changing DSP latency (root=add_ln970) to 3 in order to utilize available DSP registers.
WARNING: [SYN 201-303] Cannot apply core 'DSP48' on 'mul' operation 20 bit ('Cr_mul', /home/e/Documents/research/byotee/OSDZU3_Ref_Design/OSDZU3_Ref_Design.runs/design_1_v_mix_0_0_synth_1/prj/sol/.autopilot/db/v_csc.cpp:968->/home/e/Documents/research/byotee/OSDZU3_Ref_Design/OSDZU3_Ref_Design.runs/design_1_v_mix_0_0_synth_1/prj/sol/.autopilot/db/v_mix.cpp:715->/home/e/Documents/research/byotee/OSDZU3_Ref_Design/OSDZU3_Ref_Design.runs/design_1_v_mix_0_0_synth_1/prj/sol/.autopilot/db/v_mix.cpp:715) due to incompatible operation.
INFO: [SCHED 204-61] Pipelining loop 'VITIS_LOOP_941_2'.
INFO: [HLS 200-1470] Pipelining result : Target II = NA, Final II = 1, Depth = 6, loop 'VITIS_LOOP_941_2'
INFO: [SCHED 204-11] Finished scheduling.
INFO: [HLS 200-111] Finished Scheduling: CPU user time: 0.03 seconds. CPU system time: 0 seconds. Elapsed time: 0.04 seconds; current allocated memory: 815.820 MB.
Execute         syn_report -verbosereport -o /home/e/Documents/research/byotee/OSDZU3_Ref_Design/OSDZU3_Ref_Design.runs/design_1_v_mix_0_0_synth_1/prj/sol/.autopilot/db/v_mix_yuv2rgb_true_Pipeline_VITIS_LOOP_941_2.verbose.sched.rpt 
Execute           list_part -family xczu3eg-sfvc784-1-e 
Execute             ap_family_info -name xczu3eg-sfvc784-1-e -data names 
Execute             ap_part_info -quiet -name xczu3eg-sfvc784-1-e -data family 
Execute         db_write -o /home/e/Documents/research/byotee/OSDZU3_Ref_Design/OSDZU3_Ref_Design.runs/design_1_v_mix_0_0_synth_1/prj/sol/.autopilot/db/v_mix_yuv2rgb_true_Pipeline_VITIS_LOOP_941_2.sched.adb -f 
INFO-FLOW: Finish scheduling v_mix_yuv2rgb<true>_Pipeline_VITIS_LOOP_941_2.
Execute         set_default_model v_mix_yuv2rgb<true>_Pipeline_VITIS_LOOP_941_2 
Execute         bind -model v_mix_yuv2rgb<true>_Pipeline_VITIS_LOOP_941_2 
INFO: [BIND 205-100] Starting micro-architecture generation ...
INFO: [BIND 205-101] Performing variable lifetime analysis.
INFO: [BIND 205-101] Exploring resource sharing.
INFO: [BIND 205-101] Binding ...
INFO: [BIND 205-100] Finished micro-architecture generation.
INFO: [HLS 200-111] Finished Binding: CPU user time: 0.01 seconds. CPU system time: 0 seconds. Elapsed time: 0.01 seconds; current allocated memory: 815.820 MB.
Execute         syn_report -verbosereport -o /home/e/Documents/research/byotee/OSDZU3_Ref_Design/OSDZU3_Ref_Design.runs/design_1_v_mix_0_0_synth_1/prj/sol/.autopilot/db/v_mix_yuv2rgb_true_Pipeline_VITIS_LOOP_941_2.verbose.bind.rpt 
Execute           list_part -family xczu3eg-sfvc784-1-e 
Execute             ap_family_info -name xczu3eg-sfvc784-1-e -data names 
Execute             ap_part_info -quiet -name xczu3eg-sfvc784-1-e -data family 
Execute         db_write -o /home/e/Documents/research/byotee/OSDZU3_Ref_Design/OSDZU3_Ref_Design.runs/design_1_v_mix_0_0_synth_1/prj/sol/.autopilot/db/v_mix_yuv2rgb_true_Pipeline_VITIS_LOOP_941_2.bind.adb -f 
INFO-FLOW: Finish binding v_mix_yuv2rgb<true>_Pipeline_VITIS_LOOP_941_2.
INFO: [HLS 200-10] ----------------------------------------------------------------
INFO: [HLS 200-42] -- Implementing module 'v_mix_yuv2rgb_true_s' 
INFO: [HLS 200-10] ----------------------------------------------------------------
Execute         set_default_model v_mix_yuv2rgb<true> 
Execute         schedule -model v_mix_yuv2rgb<true> 
INFO: [SCHED 204-11] Starting scheduling ...
INFO: [SCHED 204-11] Finished scheduling.
INFO: [HLS 200-111] Finished Scheduling: CPU user time: 0.02 seconds. CPU system time: 0 seconds. Elapsed time: 0.02 seconds; current allocated memory: 816.137 MB.
Execute         syn_report -verbosereport -o /home/e/Documents/research/byotee/OSDZU3_Ref_Design/OSDZU3_Ref_Design.runs/design_1_v_mix_0_0_synth_1/prj/sol/.autopilot/db/v_mix_yuv2rgb_true_s.verbose.sched.rpt 
Execute           list_part -family xczu3eg-sfvc784-1-e 
Execute             ap_family_info -name xczu3eg-sfvc784-1-e -data names 
Execute             ap_part_info -quiet -name xczu3eg-sfvc784-1-e -data family 
Execute         db_write -o /home/e/Documents/research/byotee/OSDZU3_Ref_Design/OSDZU3_Ref_Design.runs/design_1_v_mix_0_0_synth_1/prj/sol/.autopilot/db/v_mix_yuv2rgb_true_s.sched.adb -f 
INFO-FLOW: Finish scheduling v_mix_yuv2rgb<true>.
Execute         set_default_model v_mix_yuv2rgb<true> 
Execute         bind -model v_mix_yuv2rgb<true> 
INFO: [BIND 205-100] Starting micro-architecture generation ...
INFO: [BIND 205-101] Performing variable lifetime analysis.
INFO: [BIND 205-101] Exploring resource sharing.
INFO: [BIND 205-101] Binding ...
INFO: [BIND 205-100] Finished micro-architecture generation.
INFO: [HLS 200-111] Finished Binding: CPU user time: 0.01 seconds. CPU system time: 0.01 seconds. Elapsed time: 0.01 seconds; current allocated memory: 816.137 MB.
Execute         syn_report -verbosereport -o /home/e/Documents/research/byotee/OSDZU3_Ref_Design/OSDZU3_Ref_Design.runs/design_1_v_mix_0_0_synth_1/prj/sol/.autopilot/db/v_mix_yuv2rgb_true_s.verbose.bind.rpt 
Execute           list_part -family xczu3eg-sfvc784-1-e 
Execute             ap_family_info -name xczu3eg-sfvc784-1-e -data names 
Execute             ap_part_info -quiet -name xczu3eg-sfvc784-1-e -data family 
Execute         db_write -o /home/e/Documents/research/byotee/OSDZU3_Ref_Design/OSDZU3_Ref_Design.runs/design_1_v_mix_0_0_synth_1/prj/sol/.autopilot/db/v_mix_yuv2rgb_true_s.bind.adb -f 
INFO-FLOW: Finish binding v_mix_yuv2rgb<true>.
INFO: [HLS 200-10] ----------------------------------------------------------------
INFO: [HLS 200-42] -- Implementing module 'v_mix_upsample_false_7_Pipeline_VITIS_LOOP_107_2' 
INFO: [HLS 200-10] ----------------------------------------------------------------
Execute         set_default_model v_mix_upsample<false>.7_Pipeline_VITIS_LOOP_107_2 
Execute         schedule -model v_mix_upsample<false>.7_Pipeline_VITIS_LOOP_107_2 
INFO: [SCHED 204-11] Starting scheduling ...
INFO: [SCHED 204-61] Pipelining loop 'VITIS_LOOP_107_2'.
INFO: [HLS 200-1470] Pipelining result : Target II = NA, Final II = 1, Depth = 2, loop 'VITIS_LOOP_107_2'
INFO: [SCHED 204-11] Finished scheduling.
INFO: [HLS 200-111] Finished Scheduling: CPU user time: 0.02 seconds. CPU system time: 0 seconds. Elapsed time: 0.02 seconds; current allocated memory: 816.348 MB.
Execute         syn_report -verbosereport -o /home/e/Documents/research/byotee/OSDZU3_Ref_Design/OSDZU3_Ref_Design.runs/design_1_v_mix_0_0_synth_1/prj/sol/.autopilot/db/v_mix_upsample_false_7_Pipeline_VITIS_LOOP_107_2.verbose.sched.rpt 
Execute           list_part -family xczu3eg-sfvc784-1-e 
Execute             ap_family_info -name xczu3eg-sfvc784-1-e -data names 
Execute             ap_part_info -quiet -name xczu3eg-sfvc784-1-e -data family 
Execute         db_write -o /home/e/Documents/research/byotee/OSDZU3_Ref_Design/OSDZU3_Ref_Design.runs/design_1_v_mix_0_0_synth_1/prj/sol/.autopilot/db/v_mix_upsample_false_7_Pipeline_VITIS_LOOP_107_2.sched.adb -f 
INFO-FLOW: Finish scheduling v_mix_upsample<false>.7_Pipeline_VITIS_LOOP_107_2.
Execute         set_default_model v_mix_upsample<false>.7_Pipeline_VITIS_LOOP_107_2 
Execute         bind -model v_mix_upsample<false>.7_Pipeline_VITIS_LOOP_107_2 
INFO: [BIND 205-100] Starting micro-architecture generation ...
INFO: [BIND 205-101] Performing variable lifetime analysis.
INFO: [BIND 205-101] Exploring resource sharing.
INFO: [BIND 205-101] Binding ...
INFO: [BIND 205-100] Finished micro-architecture generation.
INFO: [HLS 200-111] Finished Binding: CPU user time: 0.01 seconds. CPU system time: 0 seconds. Elapsed time: 0.01 seconds; current allocated memory: 816.348 MB.
Execute         syn_report -verbosereport -o /home/e/Documents/research/byotee/OSDZU3_Ref_Design/OSDZU3_Ref_Design.runs/design_1_v_mix_0_0_synth_1/prj/sol/.autopilot/db/v_mix_upsample_false_7_Pipeline_VITIS_LOOP_107_2.verbose.bind.rpt 
Execute           list_part -family xczu3eg-sfvc784-1-e 
Execute             ap_family_info -name xczu3eg-sfvc784-1-e -data names 
Execute             ap_part_info -quiet -name xczu3eg-sfvc784-1-e -data family 
Execute         db_write -o /home/e/Documents/research/byotee/OSDZU3_Ref_Design/OSDZU3_Ref_Design.runs/design_1_v_mix_0_0_synth_1/prj/sol/.autopilot/db/v_mix_upsample_false_7_Pipeline_VITIS_LOOP_107_2.bind.adb -f 
INFO-FLOW: Finish binding v_mix_upsample<false>.7_Pipeline_VITIS_LOOP_107_2.
INFO: [HLS 200-10] ----------------------------------------------------------------
INFO: [HLS 200-42] -- Implementing module 'v_mix_upsample_false_7' 
INFO: [HLS 200-10] ----------------------------------------------------------------
Execute         set_default_model v_mix_upsample<false>.7 
Execute         schedule -model v_mix_upsample<false>.7 
INFO: [SCHED 204-11] Starting scheduling ...
INFO: [SCHED 204-11] Finished scheduling.
INFO: [HLS 200-111] Finished Scheduling: CPU user time: 0.01 seconds. CPU system time: 0 seconds. Elapsed time: 0.01 seconds; current allocated memory: 816.621 MB.
Execute         syn_report -verbosereport -o /home/e/Documents/research/byotee/OSDZU3_Ref_Design/OSDZU3_Ref_Design.runs/design_1_v_mix_0_0_synth_1/prj/sol/.autopilot/db/v_mix_upsample_false_7.verbose.sched.rpt 
Execute           list_part -family xczu3eg-sfvc784-1-e 
Execute             ap_family_info -name xczu3eg-sfvc784-1-e -data names 
Execute             ap_part_info -quiet -name xczu3eg-sfvc784-1-e -data family 
Execute         db_write -o /home/e/Documents/research/byotee/OSDZU3_Ref_Design/OSDZU3_Ref_Design.runs/design_1_v_mix_0_0_synth_1/prj/sol/.autopilot/db/v_mix_upsample_false_7.sched.adb -f 
INFO-FLOW: Finish scheduling v_mix_upsample<false>.7.
Execute         set_default_model v_mix_upsample<false>.7 
Execute         bind -model v_mix_upsample<false>.7 
INFO: [BIND 205-100] Starting micro-architecture generation ...
INFO: [BIND 205-101] Performing variable lifetime analysis.
INFO: [BIND 205-101] Exploring resource sharing.
INFO: [BIND 205-101] Binding ...
INFO: [BIND 205-100] Finished micro-architecture generation.
INFO: [HLS 200-111] Finished Binding: CPU user time: 0.01 seconds. CPU system time: 0 seconds. Elapsed time: 0.02 seconds; current allocated memory: 816.621 MB.
Execute         syn_report -verbosereport -o /home/e/Documents/research/byotee/OSDZU3_Ref_Design/OSDZU3_Ref_Design.runs/design_1_v_mix_0_0_synth_1/prj/sol/.autopilot/db/v_mix_upsample_false_7.verbose.bind.rpt 
Execute           list_part -family xczu3eg-sfvc784-1-e 
Execute             ap_family_info -name xczu3eg-sfvc784-1-e -data names 
Execute             ap_part_info -quiet -name xczu3eg-sfvc784-1-e -data family 
Execute         db_write -o /home/e/Documents/research/byotee/OSDZU3_Ref_Design/OSDZU3_Ref_Design.runs/design_1_v_mix_0_0_synth_1/prj/sol/.autopilot/db/v_mix_upsample_false_7.bind.adb -f 
INFO-FLOW: Finish binding v_mix_upsample<false>.7.
INFO: [HLS 200-10] ----------------------------------------------------------------
INFO: [HLS 200-42] -- Implementing module 'v_mix_core_alpha_false_false_Pipeline_VITIS_LOOP_465_3' 
INFO: [HLS 200-10] ----------------------------------------------------------------
Execute         set_default_model v_mix_core_alpha<false, false>_Pipeline_VITIS_LOOP_465_3 
Execute         schedule -model v_mix_core_alpha<false, false>_Pipeline_VITIS_LOOP_465_3 
INFO: [SCHED 204-11] Starting scheduling ...
INFO: [SCHED 204-61] Pipelining loop 'VITIS_LOOP_465_3'.
INFO: [HLS 200-1470] Pipelining result : Target II = NA, Final II = 1, Depth = 3, loop 'VITIS_LOOP_465_3'
INFO: [SCHED 204-11] Finished scheduling.
INFO: [HLS 200-111] Finished Scheduling: CPU user time: 0.03 seconds. CPU system time: 0 seconds. Elapsed time: 0.02 seconds; current allocated memory: 817.250 MB.
Execute         syn_report -verbosereport -o /home/e/Documents/research/byotee/OSDZU3_Ref_Design/OSDZU3_Ref_Design.runs/design_1_v_mix_0_0_synth_1/prj/sol/.autopilot/db/v_mix_core_alpha_false_false_Pipeline_VITIS_LOOP_465_3.verbose.sched.rpt 
Execute           list_part -family xczu3eg-sfvc784-1-e 
Execute             ap_family_info -name xczu3eg-sfvc784-1-e -data names 
Execute             ap_part_info -quiet -name xczu3eg-sfvc784-1-e -data family 
Execute         db_write -o /home/e/Documents/research/byotee/OSDZU3_Ref_Design/OSDZU3_Ref_Design.runs/design_1_v_mix_0_0_synth_1/prj/sol/.autopilot/db/v_mix_core_alpha_false_false_Pipeline_VITIS_LOOP_465_3.sched.adb -f 
INFO-FLOW: Finish scheduling v_mix_core_alpha<false, false>_Pipeline_VITIS_LOOP_465_3.
Execute         set_default_model v_mix_core_alpha<false, false>_Pipeline_VITIS_LOOP_465_3 
Execute         bind -model v_mix_core_alpha<false, false>_Pipeline_VITIS_LOOP_465_3 
INFO: [BIND 205-100] Starting micro-architecture generation ...
INFO: [BIND 205-101] Performing variable lifetime analysis.
INFO: [BIND 205-101] Exploring resource sharing.
INFO: [BIND 205-101] Binding ...
INFO: [BIND 205-100] Finished micro-architecture generation.
INFO: [HLS 200-111] Finished Binding: CPU user time: 0.01 seconds. CPU system time: 0 seconds. Elapsed time: 0.02 seconds; current allocated memory: 817.250 MB.
Execute         syn_report -verbosereport -o /home/e/Documents/research/byotee/OSDZU3_Ref_Design/OSDZU3_Ref_Design.runs/design_1_v_mix_0_0_synth_1/prj/sol/.autopilot/db/v_mix_core_alpha_false_false_Pipeline_VITIS_LOOP_465_3.verbose.bind.rpt 
Execute           list_part -family xczu3eg-sfvc784-1-e 
Execute             ap_family_info -name xczu3eg-sfvc784-1-e -data names 
Execute             ap_part_info -quiet -name xczu3eg-sfvc784-1-e -data family 
Execute         db_write -o /home/e/Documents/research/byotee/OSDZU3_Ref_Design/OSDZU3_Ref_Design.runs/design_1_v_mix_0_0_synth_1/prj/sol/.autopilot/db/v_mix_core_alpha_false_false_Pipeline_VITIS_LOOP_465_3.bind.adb -f 
INFO-FLOW: Finish binding v_mix_core_alpha<false, false>_Pipeline_VITIS_LOOP_465_3.
INFO: [HLS 200-10] ----------------------------------------------------------------
INFO: [HLS 200-42] -- Implementing module 'v_mix_core_alpha_false_false_s' 
INFO: [HLS 200-10] ----------------------------------------------------------------
Execute         set_default_model v_mix_core_alpha<false, false> 
Execute         schedule -model v_mix_core_alpha<false, false> 
INFO: [SCHED 204-11] Starting scheduling ...
INFO: [SCHED 204-11] Finished scheduling.
INFO: [HLS 200-111] Finished Scheduling: CPU user time: 0.02 seconds. CPU system time: 0 seconds. Elapsed time: 0.02 seconds; current allocated memory: 817.648 MB.
Execute         syn_report -verbosereport -o /home/e/Documents/research/byotee/OSDZU3_Ref_Design/OSDZU3_Ref_Design.runs/design_1_v_mix_0_0_synth_1/prj/sol/.autopilot/db/v_mix_core_alpha_false_false_s.verbose.sched.rpt 
Execute           list_part -family xczu3eg-sfvc784-1-e 
Execute             ap_family_info -name xczu3eg-sfvc784-1-e -data names 
Execute             ap_part_info -quiet -name xczu3eg-sfvc784-1-e -data family 
Execute         db_write -o /home/e/Documents/research/byotee/OSDZU3_Ref_Design/OSDZU3_Ref_Design.runs/design_1_v_mix_0_0_synth_1/prj/sol/.autopilot/db/v_mix_core_alpha_false_false_s.sched.adb -f 
INFO-FLOW: Finish scheduling v_mix_core_alpha<false, false>.
Execute         set_default_model v_mix_core_alpha<false, false> 
Execute         bind -model v_mix_core_alpha<false, false> 
INFO: [BIND 205-100] Starting micro-architecture generation ...
INFO: [BIND 205-101] Performing variable lifetime analysis.
INFO: [BIND 205-101] Exploring resource sharing.
INFO: [BIND 205-101] Binding ...
INFO: [BIND 205-100] Finished micro-architecture generation.
INFO: [HLS 200-111] Finished Binding: CPU user time: 0.01 seconds. CPU system time: 0 seconds. Elapsed time: 0.01 seconds; current allocated memory: 817.648 MB.
Execute         syn_report -verbosereport -o /home/e/Documents/research/byotee/OSDZU3_Ref_Design/OSDZU3_Ref_Design.runs/design_1_v_mix_0_0_synth_1/prj/sol/.autopilot/db/v_mix_core_alpha_false_false_s.verbose.bind.rpt 
Execute           list_part -family xczu3eg-sfvc784-1-e 
Execute             ap_family_info -name xczu3eg-sfvc784-1-e -data names 
Execute             ap_part_info -quiet -name xczu3eg-sfvc784-1-e -data family 
Execute         db_write -o /home/e/Documents/research/byotee/OSDZU3_Ref_Design/OSDZU3_Ref_Design.runs/design_1_v_mix_0_0_synth_1/prj/sol/.autopilot/db/v_mix_core_alpha_false_false_s.bind.adb -f 
INFO-FLOW: Finish binding v_mix_core_alpha<false, false>.
INFO: [HLS 200-10] ----------------------------------------------------------------
INFO: [HLS 200-42] -- Implementing module 'AXIvideo2MultiPixStream_Pipeline_loop_wait_for_start' 
INFO: [HLS 200-10] ----------------------------------------------------------------
Execute         set_default_model AXIvideo2MultiPixStream_Pipeline_loop_wait_for_start 
Execute         schedule -model AXIvideo2MultiPixStream_Pipeline_loop_wait_for_start 
INFO: [SCHED 204-11] Starting scheduling ...
INFO: [SCHED 204-61] Pipelining loop 'loop_wait_for_start'.
INFO: [HLS 200-1470] Pipelining result : Target II = 1, Final II = 1, Depth = 1, loop 'loop_wait_for_start'
INFO: [SCHED 204-11] Finished scheduling.
INFO: [HLS 200-111] Finished Scheduling: CPU user time: 0.02 seconds. CPU system time: 0.01 seconds. Elapsed time: 0.02 seconds; current allocated memory: 817.918 MB.
Execute         syn_report -verbosereport -o /home/e/Documents/research/byotee/OSDZU3_Ref_Design/OSDZU3_Ref_Design.runs/design_1_v_mix_0_0_synth_1/prj/sol/.autopilot/db/AXIvideo2MultiPixStream_Pipeline_loop_wait_for_start.verbose.sched.rpt 
Execute           list_part -family xczu3eg-sfvc784-1-e 
Execute             ap_family_info -name xczu3eg-sfvc784-1-e -data names 
Execute             ap_part_info -quiet -name xczu3eg-sfvc784-1-e -data family 
Execute         db_write -o /home/e/Documents/research/byotee/OSDZU3_Ref_Design/OSDZU3_Ref_Design.runs/design_1_v_mix_0_0_synth_1/prj/sol/.autopilot/db/AXIvideo2MultiPixStream_Pipeline_loop_wait_for_start.sched.adb -f 
INFO-FLOW: Finish scheduling AXIvideo2MultiPixStream_Pipeline_loop_wait_for_start.
Execute         set_default_model AXIvideo2MultiPixStream_Pipeline_loop_wait_for_start 
Execute         bind -model AXIvideo2MultiPixStream_Pipeline_loop_wait_for_start 
INFO: [BIND 205-100] Starting micro-architecture generation ...
INFO: [BIND 205-101] Performing variable lifetime analysis.
INFO: [BIND 205-101] Exploring resource sharing.
INFO: [BIND 205-101] Binding ...
INFO: [BIND 205-100] Finished micro-architecture generation.
INFO: [HLS 200-111] Finished Binding: CPU user time: 0.01 seconds. CPU system time: 0 seconds. Elapsed time: 0.01 seconds; current allocated memory: 817.918 MB.
Execute         syn_report -verbosereport -o /home/e/Documents/research/byotee/OSDZU3_Ref_Design/OSDZU3_Ref_Design.runs/design_1_v_mix_0_0_synth_1/prj/sol/.autopilot/db/AXIvideo2MultiPixStream_Pipeline_loop_wait_for_start.verbose.bind.rpt 
Execute           list_part -family xczu3eg-sfvc784-1-e 
Execute             ap_family_info -name xczu3eg-sfvc784-1-e -data names 
Execute             ap_part_info -quiet -name xczu3eg-sfvc784-1-e -data family 
Execute         db_write -o /home/e/Documents/research/byotee/OSDZU3_Ref_Design/OSDZU3_Ref_Design.runs/design_1_v_mix_0_0_synth_1/prj/sol/.autopilot/db/AXIvideo2MultiPixStream_Pipeline_loop_wait_for_start.bind.adb -f 
INFO-FLOW: Finish binding AXIvideo2MultiPixStream_Pipeline_loop_wait_for_start.
INFO: [HLS 200-10] ----------------------------------------------------------------
INFO: [HLS 200-42] -- Implementing module 'AXIvideo2MultiPixStream_Pipeline_loop_width' 
INFO: [HLS 200-10] ----------------------------------------------------------------
Execute         set_default_model AXIvideo2MultiPixStream_Pipeline_loop_width 
Execute         schedule -model AXIvideo2MultiPixStream_Pipeline_loop_width 
INFO: [SCHED 204-11] Starting scheduling ...
INFO: [SCHED 204-61] Pipelining loop 'loop_width'.
INFO: [HLS 200-1470] Pipelining result : Target II = 1, Final II = 1, Depth = 3, loop 'loop_width'
INFO: [SCHED 204-11] Finished scheduling.
INFO: [HLS 200-111] Finished Scheduling: CPU user time: 0.02 seconds. CPU system time: 0 seconds. Elapsed time: 0.02 seconds; current allocated memory: 818.418 MB.
Execute         syn_report -verbosereport -o /home/e/Documents/research/byotee/OSDZU3_Ref_Design/OSDZU3_Ref_Design.runs/design_1_v_mix_0_0_synth_1/prj/sol/.autopilot/db/AXIvideo2MultiPixStream_Pipeline_loop_width.verbose.sched.rpt 
Execute           list_part -family xczu3eg-sfvc784-1-e 
Execute             ap_family_info -name xczu3eg-sfvc784-1-e -data names 
Execute             ap_part_info -quiet -name xczu3eg-sfvc784-1-e -data family 
Execute         db_write -o /home/e/Documents/research/byotee/OSDZU3_Ref_Design/OSDZU3_Ref_Design.runs/design_1_v_mix_0_0_synth_1/prj/sol/.autopilot/db/AXIvideo2MultiPixStream_Pipeline_loop_width.sched.adb -f 
INFO-FLOW: Finish scheduling AXIvideo2MultiPixStream_Pipeline_loop_width.
Execute         set_default_model AXIvideo2MultiPixStream_Pipeline_loop_width 
Execute         bind -model AXIvideo2MultiPixStream_Pipeline_loop_width 
INFO: [BIND 205-100] Starting micro-architecture generation ...
INFO: [BIND 205-101] Performing variable lifetime analysis.
INFO: [BIND 205-101] Exploring resource sharing.
INFO: [BIND 205-101] Binding ...
INFO: [BIND 205-100] Finished micro-architecture generation.
INFO: [HLS 200-111] Finished Binding: CPU user time: 0.01 seconds. CPU system time: 0 seconds. Elapsed time: 0.02 seconds; current allocated memory: 818.418 MB.
Execute         syn_report -verbosereport -o /home/e/Documents/research/byotee/OSDZU3_Ref_Design/OSDZU3_Ref_Design.runs/design_1_v_mix_0_0_synth_1/prj/sol/.autopilot/db/AXIvideo2MultiPixStream_Pipeline_loop_width.verbose.bind.rpt 
Execute           list_part -family xczu3eg-sfvc784-1-e 
Execute             ap_family_info -name xczu3eg-sfvc784-1-e -data names 
Execute             ap_part_info -quiet -name xczu3eg-sfvc784-1-e -data family 
Execute         db_write -o /home/e/Documents/research/byotee/OSDZU3_Ref_Design/OSDZU3_Ref_Design.runs/design_1_v_mix_0_0_synth_1/prj/sol/.autopilot/db/AXIvideo2MultiPixStream_Pipeline_loop_width.bind.adb -f 
INFO-FLOW: Finish binding AXIvideo2MultiPixStream_Pipeline_loop_width.
INFO: [HLS 200-10] ----------------------------------------------------------------
INFO: [HLS 200-42] -- Implementing module 'AXIvideo2MultiPixStream_Pipeline_loop_wait_for_eol' 
INFO: [HLS 200-10] ----------------------------------------------------------------
Execute         set_default_model AXIvideo2MultiPixStream_Pipeline_loop_wait_for_eol 
Execute         schedule -model AXIvideo2MultiPixStream_Pipeline_loop_wait_for_eol 
INFO: [SCHED 204-11] Starting scheduling ...
INFO: [SCHED 204-61] Pipelining loop 'loop_wait_for_eol'.
INFO: [HLS 200-1470] Pipelining result : Target II = 1, Final II = 1, Depth = 1, loop 'loop_wait_for_eol'
INFO: [SCHED 204-11] Finished scheduling.
INFO: [HLS 200-111] Finished Scheduling: CPU user time: 0.02 seconds. CPU system time: 0 seconds. Elapsed time: 0.01 seconds; current allocated memory: 818.672 MB.
Execute         syn_report -verbosereport -o /home/e/Documents/research/byotee/OSDZU3_Ref_Design/OSDZU3_Ref_Design.runs/design_1_v_mix_0_0_synth_1/prj/sol/.autopilot/db/AXIvideo2MultiPixStream_Pipeline_loop_wait_for_eol.verbose.sched.rpt 
Execute           list_part -family xczu3eg-sfvc784-1-e 
Execute             ap_family_info -name xczu3eg-sfvc784-1-e -data names 
Execute             ap_part_info -quiet -name xczu3eg-sfvc784-1-e -data family 
Execute         db_write -o /home/e/Documents/research/byotee/OSDZU3_Ref_Design/OSDZU3_Ref_Design.runs/design_1_v_mix_0_0_synth_1/prj/sol/.autopilot/db/AXIvideo2MultiPixStream_Pipeline_loop_wait_for_eol.sched.adb -f 
INFO-FLOW: Finish scheduling AXIvideo2MultiPixStream_Pipeline_loop_wait_for_eol.
Execute         set_default_model AXIvideo2MultiPixStream_Pipeline_loop_wait_for_eol 
Execute         bind -model AXIvideo2MultiPixStream_Pipeline_loop_wait_for_eol 
INFO: [BIND 205-100] Starting micro-architecture generation ...
INFO: [BIND 205-101] Performing variable lifetime analysis.
INFO: [BIND 205-101] Exploring resource sharing.
INFO: [BIND 205-101] Binding ...
INFO: [BIND 205-100] Finished micro-architecture generation.
INFO: [HLS 200-111] Finished Binding: CPU user time: 0.01 seconds. CPU system time: 0 seconds. Elapsed time: 0.02 seconds; current allocated memory: 818.672 MB.
Execute         syn_report -verbosereport -o /home/e/Documents/research/byotee/OSDZU3_Ref_Design/OSDZU3_Ref_Design.runs/design_1_v_mix_0_0_synth_1/prj/sol/.autopilot/db/AXIvideo2MultiPixStream_Pipeline_loop_wait_for_eol.verbose.bind.rpt 
Execute           list_part -family xczu3eg-sfvc784-1-e 
Execute             ap_family_info -name xczu3eg-sfvc784-1-e -data names 
Execute             ap_part_info -quiet -name xczu3eg-sfvc784-1-e -data family 
Execute         db_write -o /home/e/Documents/research/byotee/OSDZU3_Ref_Design/OSDZU3_Ref_Design.runs/design_1_v_mix_0_0_synth_1/prj/sol/.autopilot/db/AXIvideo2MultiPixStream_Pipeline_loop_wait_for_eol.bind.adb -f 
INFO-FLOW: Finish binding AXIvideo2MultiPixStream_Pipeline_loop_wait_for_eol.
INFO: [HLS 200-10] ----------------------------------------------------------------
INFO: [HLS 200-42] -- Implementing module 'AXIvideo2MultiPixStream' 
INFO: [HLS 200-10] ----------------------------------------------------------------
Execute         set_default_model AXIvideo2MultiPixStream 
Execute         schedule -model AXIvideo2MultiPixStream 
INFO: [SCHED 204-11] Starting scheduling ...
INFO: [SCHED 204-11] Finished scheduling.
INFO: [HLS 200-111] Finished Scheduling: CPU user time: 0.02 seconds. CPU system time: 0 seconds. Elapsed time: 0.01 seconds; current allocated memory: 819.160 MB.
Execute         syn_report -verbosereport -o /home/e/Documents/research/byotee/OSDZU3_Ref_Design/OSDZU3_Ref_Design.runs/design_1_v_mix_0_0_synth_1/prj/sol/.autopilot/db/AXIvideo2MultiPixStream.verbose.sched.rpt 
Execute           list_part -family xczu3eg-sfvc784-1-e 
Execute             ap_family_info -name xczu3eg-sfvc784-1-e -data names 
Execute             ap_part_info -quiet -name xczu3eg-sfvc784-1-e -data family 
Execute         db_write -o /home/e/Documents/research/byotee/OSDZU3_Ref_Design/OSDZU3_Ref_Design.runs/design_1_v_mix_0_0_synth_1/prj/sol/.autopilot/db/AXIvideo2MultiPixStream.sched.adb -f 
INFO-FLOW: Finish scheduling AXIvideo2MultiPixStream.
Execute         set_default_model AXIvideo2MultiPixStream 
Execute         bind -model AXIvideo2MultiPixStream 
INFO: [BIND 205-100] Starting micro-architecture generation ...
INFO: [BIND 205-101] Performing variable lifetime analysis.
INFO: [BIND 205-101] Exploring resource sharing.
INFO: [BIND 205-101] Binding ...
INFO: [BIND 205-100] Finished micro-architecture generation.
INFO: [HLS 200-111] Finished Binding: CPU user time: 0.01 seconds. CPU system time: 0 seconds. Elapsed time: 0.02 seconds; current allocated memory: 819.160 MB.
Execute         syn_report -verbosereport -o /home/e/Documents/research/byotee/OSDZU3_Ref_Design/OSDZU3_Ref_Design.runs/design_1_v_mix_0_0_synth_1/prj/sol/.autopilot/db/AXIvideo2MultiPixStream.verbose.bind.rpt 
Execute           list_part -family xczu3eg-sfvc784-1-e 
Execute             ap_family_info -name xczu3eg-sfvc784-1-e -data names 
Execute             ap_part_info -quiet -name xczu3eg-sfvc784-1-e -data family 
Execute         db_write -o /home/e/Documents/research/byotee/OSDZU3_Ref_Design/OSDZU3_Ref_Design.runs/design_1_v_mix_0_0_synth_1/prj/sol/.autopilot/db/AXIvideo2MultiPixStream.bind.adb -f 
INFO-FLOW: Finish binding AXIvideo2MultiPixStream.
INFO: [HLS 200-10] ----------------------------------------------------------------
INFO: [HLS 200-42] -- Implementing module 'v_mix_420_to_422_false_Pipeline_VITIS_LOOP_76_2' 
INFO: [HLS 200-10] ----------------------------------------------------------------
Execute         set_default_model v_mix_420_to_422<false>_Pipeline_VITIS_LOOP_76_2 
Execute         schedule -model v_mix_420_to_422<false>_Pipeline_VITIS_LOOP_76_2 
INFO: [SCHED 204-11] Starting scheduling ...
INFO: [SCHED 204-61] Pipelining loop 'VITIS_LOOP_76_2'.
INFO: [HLS 200-1470] Pipelining result : Target II = NA, Final II = 1, Depth = 2, loop 'VITIS_LOOP_76_2'
INFO: [SCHED 204-11] Finished scheduling.
INFO: [HLS 200-111] Finished Scheduling: CPU user time: 0.02 seconds. CPU system time: 0 seconds. Elapsed time: 0.02 seconds; current allocated memory: 819.441 MB.
Execute         syn_report -verbosereport -o /home/e/Documents/research/byotee/OSDZU3_Ref_Design/OSDZU3_Ref_Design.runs/design_1_v_mix_0_0_synth_1/prj/sol/.autopilot/db/v_mix_420_to_422_false_Pipeline_VITIS_LOOP_76_2.verbose.sched.rpt 
Execute           list_part -family xczu3eg-sfvc784-1-e 
Execute             ap_family_info -name xczu3eg-sfvc784-1-e -data names 
Execute             ap_part_info -quiet -name xczu3eg-sfvc784-1-e -data family 
Execute         db_write -o /home/e/Documents/research/byotee/OSDZU3_Ref_Design/OSDZU3_Ref_Design.runs/design_1_v_mix_0_0_synth_1/prj/sol/.autopilot/db/v_mix_420_to_422_false_Pipeline_VITIS_LOOP_76_2.sched.adb -f 
INFO-FLOW: Finish scheduling v_mix_420_to_422<false>_Pipeline_VITIS_LOOP_76_2.
Execute         set_default_model v_mix_420_to_422<false>_Pipeline_VITIS_LOOP_76_2 
Execute         bind -model v_mix_420_to_422<false>_Pipeline_VITIS_LOOP_76_2 
INFO: [BIND 205-100] Starting micro-architecture generation ...
INFO: [BIND 205-101] Performing variable lifetime analysis.
INFO: [BIND 205-101] Exploring resource sharing.
INFO: [BIND 205-101] Binding ...
INFO: [BIND 205-100] Finished micro-architecture generation.
INFO: [HLS 200-111] Finished Binding: CPU user time: 0.01 seconds. CPU system time: 0 seconds. Elapsed time: 0.01 seconds; current allocated memory: 819.441 MB.
Execute         syn_report -verbosereport -o /home/e/Documents/research/byotee/OSDZU3_Ref_Design/OSDZU3_Ref_Design.runs/design_1_v_mix_0_0_synth_1/prj/sol/.autopilot/db/v_mix_420_to_422_false_Pipeline_VITIS_LOOP_76_2.verbose.bind.rpt 
Execute           list_part -family xczu3eg-sfvc784-1-e 
Execute             ap_family_info -name xczu3eg-sfvc784-1-e -data names 
Execute             ap_part_info -quiet -name xczu3eg-sfvc784-1-e -data family 
Execute         db_write -o /home/e/Documents/research/byotee/OSDZU3_Ref_Design/OSDZU3_Ref_Design.runs/design_1_v_mix_0_0_synth_1/prj/sol/.autopilot/db/v_mix_420_to_422_false_Pipeline_VITIS_LOOP_76_2.bind.adb -f 
INFO-FLOW: Finish binding v_mix_420_to_422<false>_Pipeline_VITIS_LOOP_76_2.
INFO: [HLS 200-10] ----------------------------------------------------------------
INFO: [HLS 200-42] -- Implementing module 'v_mix_420_to_422_false_s' 
INFO: [HLS 200-10] ----------------------------------------------------------------
Execute         set_default_model v_mix_420_to_422<false> 
Execute         schedule -model v_mix_420_to_422<false> 
INFO: [SCHED 204-11] Starting scheduling ...
INFO: [SCHED 204-11] Finished scheduling.
INFO: [HLS 200-111] Finished Scheduling: CPU user time: 0.01 seconds. CPU system time: 0 seconds. Elapsed time: 0.01 seconds; current allocated memory: 819.738 MB.
Execute         syn_report -verbosereport -o /home/e/Documents/research/byotee/OSDZU3_Ref_Design/OSDZU3_Ref_Design.runs/design_1_v_mix_0_0_synth_1/prj/sol/.autopilot/db/v_mix_420_to_422_false_s.verbose.sched.rpt 
Execute           list_part -family xczu3eg-sfvc784-1-e 
Execute             ap_family_info -name xczu3eg-sfvc784-1-e -data names 
Execute             ap_part_info -quiet -name xczu3eg-sfvc784-1-e -data family 
Execute         db_write -o /home/e/Documents/research/byotee/OSDZU3_Ref_Design/OSDZU3_Ref_Design.runs/design_1_v_mix_0_0_synth_1/prj/sol/.autopilot/db/v_mix_420_to_422_false_s.sched.adb -f 
INFO-FLOW: Finish scheduling v_mix_420_to_422<false>.
Execute         set_default_model v_mix_420_to_422<false> 
Execute         bind -model v_mix_420_to_422<false> 
INFO: [BIND 205-100] Starting micro-architecture generation ...
INFO: [BIND 205-101] Performing variable lifetime analysis.
INFO: [BIND 205-101] Exploring resource sharing.
INFO: [BIND 205-101] Binding ...
INFO: [BIND 205-100] Finished micro-architecture generation.
INFO: [HLS 200-111] Finished Binding: CPU user time: 0.02 seconds. CPU system time: 0 seconds. Elapsed time: 0.02 seconds; current allocated memory: 819.738 MB.
Execute         syn_report -verbosereport -o /home/e/Documents/research/byotee/OSDZU3_Ref_Design/OSDZU3_Ref_Design.runs/design_1_v_mix_0_0_synth_1/prj/sol/.autopilot/db/v_mix_420_to_422_false_s.verbose.bind.rpt 
Execute           list_part -family xczu3eg-sfvc784-1-e 
Execute             ap_family_info -name xczu3eg-sfvc784-1-e -data names 
Execute             ap_part_info -quiet -name xczu3eg-sfvc784-1-e -data family 
Execute         db_write -o /home/e/Documents/research/byotee/OSDZU3_Ref_Design/OSDZU3_Ref_Design.runs/design_1_v_mix_0_0_synth_1/prj/sol/.autopilot/db/v_mix_420_to_422_false_s.bind.adb -f 
INFO-FLOW: Finish binding v_mix_420_to_422<false>.
INFO: [HLS 200-10] ----------------------------------------------------------------
INFO: [HLS 200-42] -- Implementing module 'v_mix_422_to_444_false_Pipeline_VITIS_LOOP_105_2' 
INFO: [HLS 200-10] ----------------------------------------------------------------
Execute         set_default_model v_mix_422_to_444<false>_Pipeline_VITIS_LOOP_105_2 
Execute         schedule -model v_mix_422_to_444<false>_Pipeline_VITIS_LOOP_105_2 
INFO: [SCHED 204-11] Starting scheduling ...
INFO: [SCHED 204-61] Pipelining loop 'VITIS_LOOP_105_2'.
INFO: [HLS 200-1470] Pipelining result : Target II = NA, Final II = 1, Depth = 2, loop 'VITIS_LOOP_105_2'
INFO: [SCHED 204-11] Finished scheduling.
INFO: [HLS 200-111] Finished Scheduling: CPU user time: 0.01 seconds. CPU system time: 0 seconds. Elapsed time: 0.01 seconds; current allocated memory: 819.949 MB.
Execute         syn_report -verbosereport -o /home/e/Documents/research/byotee/OSDZU3_Ref_Design/OSDZU3_Ref_Design.runs/design_1_v_mix_0_0_synth_1/prj/sol/.autopilot/db/v_mix_422_to_444_false_Pipeline_VITIS_LOOP_105_2.verbose.sched.rpt 
Execute           list_part -family xczu3eg-sfvc784-1-e 
Execute             ap_family_info -name xczu3eg-sfvc784-1-e -data names 
Execute             ap_part_info -quiet -name xczu3eg-sfvc784-1-e -data family 
Execute         db_write -o /home/e/Documents/research/byotee/OSDZU3_Ref_Design/OSDZU3_Ref_Design.runs/design_1_v_mix_0_0_synth_1/prj/sol/.autopilot/db/v_mix_422_to_444_false_Pipeline_VITIS_LOOP_105_2.sched.adb -f 
INFO-FLOW: Finish scheduling v_mix_422_to_444<false>_Pipeline_VITIS_LOOP_105_2.
Execute         set_default_model v_mix_422_to_444<false>_Pipeline_VITIS_LOOP_105_2 
Execute         bind -model v_mix_422_to_444<false>_Pipeline_VITIS_LOOP_105_2 
INFO: [BIND 205-100] Starting micro-architecture generation ...
INFO: [BIND 205-101] Performing variable lifetime analysis.
INFO: [BIND 205-101] Exploring resource sharing.
INFO: [BIND 205-101] Binding ...
INFO: [BIND 205-100] Finished micro-architecture generation.
INFO: [HLS 200-111] Finished Binding: CPU user time: 0.01 seconds. CPU system time: 0 seconds. Elapsed time: 0.01 seconds; current allocated memory: 819.949 MB.
Execute         syn_report -verbosereport -o /home/e/Documents/research/byotee/OSDZU3_Ref_Design/OSDZU3_Ref_Design.runs/design_1_v_mix_0_0_synth_1/prj/sol/.autopilot/db/v_mix_422_to_444_false_Pipeline_VITIS_LOOP_105_2.verbose.bind.rpt 
Execute           list_part -family xczu3eg-sfvc784-1-e 
Execute             ap_family_info -name xczu3eg-sfvc784-1-e -data names 
Execute             ap_part_info -quiet -name xczu3eg-sfvc784-1-e -data family 
Execute         db_write -o /home/e/Documents/research/byotee/OSDZU3_Ref_Design/OSDZU3_Ref_Design.runs/design_1_v_mix_0_0_synth_1/prj/sol/.autopilot/db/v_mix_422_to_444_false_Pipeline_VITIS_LOOP_105_2.bind.adb -f 
INFO-FLOW: Finish binding v_mix_422_to_444<false>_Pipeline_VITIS_LOOP_105_2.
INFO: [HLS 200-10] ----------------------------------------------------------------
INFO: [HLS 200-42] -- Implementing module 'v_mix_422_to_444_false_s' 
INFO: [HLS 200-10] ----------------------------------------------------------------
Execute         set_default_model v_mix_422_to_444<false> 
Execute         schedule -model v_mix_422_to_444<false> 
INFO: [SCHED 204-11] Starting scheduling ...
INFO: [SCHED 204-11] Finished scheduling.
INFO: [HLS 200-111] Finished Scheduling: CPU user time: 0.02 seconds. CPU system time: 0.01 seconds. Elapsed time: 0.02 seconds; current allocated memory: 820.188 MB.
Execute         syn_report -verbosereport -o /home/e/Documents/research/byotee/OSDZU3_Ref_Design/OSDZU3_Ref_Design.runs/design_1_v_mix_0_0_synth_1/prj/sol/.autopilot/db/v_mix_422_to_444_false_s.verbose.sched.rpt 
Execute           list_part -family xczu3eg-sfvc784-1-e 
Execute             ap_family_info -name xczu3eg-sfvc784-1-e -data names 
Execute             ap_part_info -quiet -name xczu3eg-sfvc784-1-e -data family 
Execute         db_write -o /home/e/Documents/research/byotee/OSDZU3_Ref_Design/OSDZU3_Ref_Design.runs/design_1_v_mix_0_0_synth_1/prj/sol/.autopilot/db/v_mix_422_to_444_false_s.sched.adb -f 
INFO-FLOW: Finish scheduling v_mix_422_to_444<false>.
Execute         set_default_model v_mix_422_to_444<false> 
Execute         bind -model v_mix_422_to_444<false> 
INFO: [BIND 205-100] Starting micro-architecture generation ...
INFO: [BIND 205-101] Performing variable lifetime analysis.
INFO: [BIND 205-101] Exploring resource sharing.
INFO: [BIND 205-101] Binding ...
INFO: [BIND 205-100] Finished micro-architecture generation.
INFO: [HLS 200-111] Finished Binding: CPU user time: 0.01 seconds. CPU system time: 0 seconds. Elapsed time: 0.01 seconds; current allocated memory: 820.188 MB.
Execute         syn_report -verbosereport -o /home/e/Documents/research/byotee/OSDZU3_Ref_Design/OSDZU3_Ref_Design.runs/design_1_v_mix_0_0_synth_1/prj/sol/.autopilot/db/v_mix_422_to_444_false_s.verbose.bind.rpt 
Execute           list_part -family xczu3eg-sfvc784-1-e 
Execute             ap_family_info -name xczu3eg-sfvc784-1-e -data names 
Execute             ap_part_info -quiet -name xczu3eg-sfvc784-1-e -data family 
Execute         db_write -o /home/e/Documents/research/byotee/OSDZU3_Ref_Design/OSDZU3_Ref_Design.runs/design_1_v_mix_0_0_synth_1/prj/sol/.autopilot/db/v_mix_422_to_444_false_s.bind.adb -f 
INFO-FLOW: Finish binding v_mix_422_to_444<false>.
INFO: [HLS 200-10] ----------------------------------------------------------------
INFO: [HLS 200-42] -- Implementing module 'v_mix_yuv2rgb_false_Pipeline_VITIS_LOOP_897_2' 
INFO: [HLS 200-10] ----------------------------------------------------------------
Execute         set_default_model v_mix_yuv2rgb<false>_Pipeline_VITIS_LOOP_897_2 
Execute         schedule -model v_mix_yuv2rgb<false>_Pipeline_VITIS_LOOP_897_2 
INFO: [SCHED 204-11] Starting scheduling ...
INFO: [SCHED 204-61] Pipelining loop 'VITIS_LOOP_897_2'.
INFO: [HLS 200-1470] Pipelining result : Target II = NA, Final II = 1, Depth = 2, loop 'VITIS_LOOP_897_2'
INFO: [SCHED 204-11] Finished scheduling.
INFO: [HLS 200-111] Finished Scheduling: CPU user time: 0.01 seconds. CPU system time: 0 seconds. Elapsed time: 0.02 seconds; current allocated memory: 820.398 MB.
Execute         syn_report -verbosereport -o /home/e/Documents/research/byotee/OSDZU3_Ref_Design/OSDZU3_Ref_Design.runs/design_1_v_mix_0_0_synth_1/prj/sol/.autopilot/db/v_mix_yuv2rgb_false_Pipeline_VITIS_LOOP_897_2.verbose.sched.rpt 
Execute           list_part -family xczu3eg-sfvc784-1-e 
Execute             ap_family_info -name xczu3eg-sfvc784-1-e -data names 
Execute             ap_part_info -quiet -name xczu3eg-sfvc784-1-e -data family 
Execute         db_write -o /home/e/Documents/research/byotee/OSDZU3_Ref_Design/OSDZU3_Ref_Design.runs/design_1_v_mix_0_0_synth_1/prj/sol/.autopilot/db/v_mix_yuv2rgb_false_Pipeline_VITIS_LOOP_897_2.sched.adb -f 
INFO-FLOW: Finish scheduling v_mix_yuv2rgb<false>_Pipeline_VITIS_LOOP_897_2.
Execute         set_default_model v_mix_yuv2rgb<false>_Pipeline_VITIS_LOOP_897_2 
Execute         bind -model v_mix_yuv2rgb<false>_Pipeline_VITIS_LOOP_897_2 
INFO: [BIND 205-100] Starting micro-architecture generation ...
INFO: [BIND 205-101] Performing variable lifetime analysis.
INFO: [BIND 205-101] Exploring resource sharing.
INFO: [BIND 205-101] Binding ...
INFO: [BIND 205-100] Finished micro-architecture generation.
INFO: [HLS 200-111] Finished Binding: CPU user time: 0.01 seconds. CPU system time: 0 seconds. Elapsed time: 0.01 seconds; current allocated memory: 820.398 MB.
Execute         syn_report -verbosereport -o /home/e/Documents/research/byotee/OSDZU3_Ref_Design/OSDZU3_Ref_Design.runs/design_1_v_mix_0_0_synth_1/prj/sol/.autopilot/db/v_mix_yuv2rgb_false_Pipeline_VITIS_LOOP_897_2.verbose.bind.rpt 
Execute           list_part -family xczu3eg-sfvc784-1-e 
Execute             ap_family_info -name xczu3eg-sfvc784-1-e -data names 
Execute             ap_part_info -quiet -name xczu3eg-sfvc784-1-e -data family 
Execute         db_write -o /home/e/Documents/research/byotee/OSDZU3_Ref_Design/OSDZU3_Ref_Design.runs/design_1_v_mix_0_0_synth_1/prj/sol/.autopilot/db/v_mix_yuv2rgb_false_Pipeline_VITIS_LOOP_897_2.bind.adb -f 
INFO-FLOW: Finish binding v_mix_yuv2rgb<false>_Pipeline_VITIS_LOOP_897_2.
INFO: [HLS 200-10] ----------------------------------------------------------------
INFO: [HLS 200-42] -- Implementing module 'v_mix_yuv2rgb_false_s' 
INFO: [HLS 200-10] ----------------------------------------------------------------
Execute         set_default_model v_mix_yuv2rgb<false> 
Execute         schedule -model v_mix_yuv2rgb<false> 
INFO: [SCHED 204-11] Starting scheduling ...
INFO: [SCHED 204-11] Finished scheduling.
INFO: [HLS 200-111] Finished Scheduling: CPU user time: 0.02 seconds. CPU system time: 0 seconds. Elapsed time: 0.02 seconds; current allocated memory: 820.668 MB.
Execute         syn_report -verbosereport -o /home/e/Documents/research/byotee/OSDZU3_Ref_Design/OSDZU3_Ref_Design.runs/design_1_v_mix_0_0_synth_1/prj/sol/.autopilot/db/v_mix_yuv2rgb_false_s.verbose.sched.rpt 
Execute           list_part -family xczu3eg-sfvc784-1-e 
Execute             ap_family_info -name xczu3eg-sfvc784-1-e -data names 
Execute             ap_part_info -quiet -name xczu3eg-sfvc784-1-e -data family 
Execute         db_write -o /home/e/Documents/research/byotee/OSDZU3_Ref_Design/OSDZU3_Ref_Design.runs/design_1_v_mix_0_0_synth_1/prj/sol/.autopilot/db/v_mix_yuv2rgb_false_s.sched.adb -f 
INFO-FLOW: Finish scheduling v_mix_yuv2rgb<false>.
Execute         set_default_model v_mix_yuv2rgb<false> 
Execute         bind -model v_mix_yuv2rgb<false> 
INFO: [BIND 205-100] Starting micro-architecture generation ...
INFO: [BIND 205-101] Performing variable lifetime analysis.
INFO: [BIND 205-101] Exploring resource sharing.
INFO: [BIND 205-101] Binding ...
INFO: [BIND 205-100] Finished micro-architecture generation.
INFO: [HLS 200-111] Finished Binding: CPU user time: 0.01 seconds. CPU system time: 0 seconds. Elapsed time: 0.01 seconds; current allocated memory: 820.668 MB.
Execute         syn_report -verbosereport -o /home/e/Documents/research/byotee/OSDZU3_Ref_Design/OSDZU3_Ref_Design.runs/design_1_v_mix_0_0_synth_1/prj/sol/.autopilot/db/v_mix_yuv2rgb_false_s.verbose.bind.rpt 
Execute           list_part -family xczu3eg-sfvc784-1-e 
Execute             ap_family_info -name xczu3eg-sfvc784-1-e -data names 
Execute             ap_part_info -quiet -name xczu3eg-sfvc784-1-e -data family 
Execute         db_write -o /home/e/Documents/research/byotee/OSDZU3_Ref_Design/OSDZU3_Ref_Design.runs/design_1_v_mix_0_0_synth_1/prj/sol/.autopilot/db/v_mix_yuv2rgb_false_s.bind.adb -f 
INFO-FLOW: Finish binding v_mix_yuv2rgb<false>.
INFO: [HLS 200-10] ----------------------------------------------------------------
INFO: [HLS 200-42] -- Implementing module 'v_mix_upsample_false_Pipeline_VITIS_LOOP_107_2' 
INFO: [HLS 200-10] ----------------------------------------------------------------
Execute         set_default_model v_mix_upsample<false>_Pipeline_VITIS_LOOP_107_2 
Execute         schedule -model v_mix_upsample<false>_Pipeline_VITIS_LOOP_107_2 
INFO: [SCHED 204-11] Starting scheduling ...
INFO: [SCHED 204-61] Pipelining loop 'VITIS_LOOP_107_2'.
INFO: [HLS 200-1470] Pipelining result : Target II = NA, Final II = 1, Depth = 2, loop 'VITIS_LOOP_107_2'
INFO: [SCHED 204-11] Finished scheduling.
INFO: [HLS 200-111] Finished Scheduling: CPU user time: 0.02 seconds. CPU system time: 0.01 seconds. Elapsed time: 0.02 seconds; current allocated memory: 820.883 MB.
Execute         syn_report -verbosereport -o /home/e/Documents/research/byotee/OSDZU3_Ref_Design/OSDZU3_Ref_Design.runs/design_1_v_mix_0_0_synth_1/prj/sol/.autopilot/db/v_mix_upsample_false_Pipeline_VITIS_LOOP_107_2.verbose.sched.rpt 
Execute           list_part -family xczu3eg-sfvc784-1-e 
Execute             ap_family_info -name xczu3eg-sfvc784-1-e -data names 
Execute             ap_part_info -quiet -name xczu3eg-sfvc784-1-e -data family 
Execute         db_write -o /home/e/Documents/research/byotee/OSDZU3_Ref_Design/OSDZU3_Ref_Design.runs/design_1_v_mix_0_0_synth_1/prj/sol/.autopilot/db/v_mix_upsample_false_Pipeline_VITIS_LOOP_107_2.sched.adb -f 
INFO-FLOW: Finish scheduling v_mix_upsample<false>_Pipeline_VITIS_LOOP_107_2.
Execute         set_default_model v_mix_upsample<false>_Pipeline_VITIS_LOOP_107_2 
Execute         bind -model v_mix_upsample<false>_Pipeline_VITIS_LOOP_107_2 
INFO: [BIND 205-100] Starting micro-architecture generation ...
INFO: [BIND 205-101] Performing variable lifetime analysis.
INFO: [BIND 205-101] Exploring resource sharing.
INFO: [BIND 205-101] Binding ...
INFO: [BIND 205-100] Finished micro-architecture generation.
INFO: [HLS 200-111] Finished Binding: CPU user time: 0.01 seconds. CPU system time: 0 seconds. Elapsed time: 0.01 seconds; current allocated memory: 820.883 MB.
Execute         syn_report -verbosereport -o /home/e/Documents/research/byotee/OSDZU3_Ref_Design/OSDZU3_Ref_Design.runs/design_1_v_mix_0_0_synth_1/prj/sol/.autopilot/db/v_mix_upsample_false_Pipeline_VITIS_LOOP_107_2.verbose.bind.rpt 
Execute           list_part -family xczu3eg-sfvc784-1-e 
Execute             ap_family_info -name xczu3eg-sfvc784-1-e -data names 
Execute             ap_part_info -quiet -name xczu3eg-sfvc784-1-e -data family 
Execute         db_write -o /home/e/Documents/research/byotee/OSDZU3_Ref_Design/OSDZU3_Ref_Design.runs/design_1_v_mix_0_0_synth_1/prj/sol/.autopilot/db/v_mix_upsample_false_Pipeline_VITIS_LOOP_107_2.bind.adb -f 
INFO-FLOW: Finish binding v_mix_upsample<false>_Pipeline_VITIS_LOOP_107_2.
INFO: [HLS 200-10] ----------------------------------------------------------------
INFO: [HLS 200-42] -- Implementing module 'v_mix_upsample_false_s' 
INFO: [HLS 200-10] ----------------------------------------------------------------
Execute         set_default_model v_mix_upsample<false> 
Execute         schedule -model v_mix_upsample<false> 
INFO: [SCHED 204-11] Starting scheduling ...
INFO: [SCHED 204-11] Finished scheduling.
INFO: [HLS 200-111] Finished Scheduling: CPU user time: 0.01 seconds. CPU system time: 0 seconds. Elapsed time: 0.02 seconds; current allocated memory: 821.039 MB.
Execute         syn_report -verbosereport -o /home/e/Documents/research/byotee/OSDZU3_Ref_Design/OSDZU3_Ref_Design.runs/design_1_v_mix_0_0_synth_1/prj/sol/.autopilot/db/v_mix_upsample_false_s.verbose.sched.rpt 
Execute           list_part -family xczu3eg-sfvc784-1-e 
Execute             ap_family_info -name xczu3eg-sfvc784-1-e -data names 
Execute             ap_part_info -quiet -name xczu3eg-sfvc784-1-e -data family 
Execute         db_write -o /home/e/Documents/research/byotee/OSDZU3_Ref_Design/OSDZU3_Ref_Design.runs/design_1_v_mix_0_0_synth_1/prj/sol/.autopilot/db/v_mix_upsample_false_s.sched.adb -f 
INFO-FLOW: Finish scheduling v_mix_upsample<false>.
Execute         set_default_model v_mix_upsample<false> 
Execute         bind -model v_mix_upsample<false> 
INFO: [BIND 205-100] Starting micro-architecture generation ...
INFO: [BIND 205-101] Performing variable lifetime analysis.
INFO: [BIND 205-101] Exploring resource sharing.
INFO: [BIND 205-101] Binding ...
INFO: [BIND 205-100] Finished micro-architecture generation.
INFO: [HLS 200-111] Finished Binding: CPU user time: 0.01 seconds. CPU system time: 0 seconds. Elapsed time: 0.01 seconds; current allocated memory: 821.039 MB.
Execute         syn_report -verbosereport -o /home/e/Documents/research/byotee/OSDZU3_Ref_Design/OSDZU3_Ref_Design.runs/design_1_v_mix_0_0_synth_1/prj/sol/.autopilot/db/v_mix_upsample_false_s.verbose.bind.rpt 
Execute           list_part -family xczu3eg-sfvc784-1-e 
Execute             ap_family_info -name xczu3eg-sfvc784-1-e -data names 
Execute             ap_part_info -quiet -name xczu3eg-sfvc784-1-e -data family 
Execute         db_write -o /home/e/Documents/research/byotee/OSDZU3_Ref_Design/OSDZU3_Ref_Design.runs/design_1_v_mix_0_0_synth_1/prj/sol/.autopilot/db/v_mix_upsample_false_s.bind.adb -f 
INFO-FLOW: Finish binding v_mix_upsample<false>.
INFO: [HLS 200-10] ----------------------------------------------------------------
INFO: [HLS 200-42] -- Implementing module 'reg_unsigned_short_12' 
INFO: [HLS 200-10] ----------------------------------------------------------------
Execute         set_default_model reg<unsigned short>12 
Execute         schedule -model reg<unsigned short>12 
INFO: [SCHED 204-11] Starting scheduling ...
INFO: [SCHED 204-61] Pipelining function 'reg<unsigned short>12'.
INFO: [HLS 200-1470] Pipelining result : Target II = 1, Final II = 1, Depth = 2, function 'reg<unsigned short>12'
INFO: [SCHED 204-11] Finished scheduling.
INFO: [HLS 200-111] Finished Scheduling: CPU user time: 0.01 seconds. CPU system time: 0.01 seconds. Elapsed time: 0.01 seconds; current allocated memory: 821.039 MB.
Execute         syn_report -verbosereport -o /home/e/Documents/research/byotee/OSDZU3_Ref_Design/OSDZU3_Ref_Design.runs/design_1_v_mix_0_0_synth_1/prj/sol/.autopilot/db/reg_unsigned_short_12.verbose.sched.rpt 
Execute           list_part -family xczu3eg-sfvc784-1-e 
Execute             ap_family_info -name xczu3eg-sfvc784-1-e -data names 
Execute             ap_part_info -quiet -name xczu3eg-sfvc784-1-e -data family 
Execute         db_write -o /home/e/Documents/research/byotee/OSDZU3_Ref_Design/OSDZU3_Ref_Design.runs/design_1_v_mix_0_0_synth_1/prj/sol/.autopilot/db/reg_unsigned_short_12.sched.adb -f 
INFO-FLOW: Finish scheduling reg<unsigned short>12.
Execute         set_default_model reg<unsigned short>12 
Execute         bind -model reg<unsigned short>12 
INFO: [BIND 205-100] Starting micro-architecture generation ...
INFO: [BIND 205-101] Performing variable lifetime analysis.
INFO: [BIND 205-101] Exploring resource sharing.
INFO: [BIND 205-101] Binding ...
INFO: [BIND 205-100] Finished micro-architecture generation.
INFO: [HLS 200-111] Finished Binding: CPU user time: 0.01 seconds. CPU system time: 0 seconds. Elapsed time: 0.01 seconds; current allocated memory: 821.039 MB.
Execute         syn_report -verbosereport -o /home/e/Documents/research/byotee/OSDZU3_Ref_Design/OSDZU3_Ref_Design.runs/design_1_v_mix_0_0_synth_1/prj/sol/.autopilot/db/reg_unsigned_short_12.verbose.bind.rpt 
Execute           list_part -family xczu3eg-sfvc784-1-e 
Execute             ap_family_info -name xczu3eg-sfvc784-1-e -data names 
Execute             ap_part_info -quiet -name xczu3eg-sfvc784-1-e -data family 
Execute         db_write -o /home/e/Documents/research/byotee/OSDZU3_Ref_Design/OSDZU3_Ref_Design.runs/design_1_v_mix_0_0_synth_1/prj/sol/.autopilot/db/reg_unsigned_short_12.bind.adb -f 
INFO-FLOW: Finish binding reg<unsigned short>12.
INFO: [HLS 200-10] ----------------------------------------------------------------
INFO: [HLS 200-42] -- Implementing module 'v_mix_core_alpha_true_false_Pipeline_VITIS_LOOP_395_3' 
INFO: [HLS 200-10] ----------------------------------------------------------------
Execute         set_default_model v_mix_core_alpha<true, false>_Pipeline_VITIS_LOOP_395_3 
Execute         schedule -model v_mix_core_alpha<true, false>_Pipeline_VITIS_LOOP_395_3 
INFO: [SCHED 204-11] Starting scheduling ...
INFO: [HLS 200-486] Changing DSP latency (root=add_ln427_2) to 3 in order to utilize available DSP registers.
INFO: [HLS 200-486] Changing DSP latency (root=add_ln427_1) to 3 in order to utilize available DSP registers.
INFO: [HLS 200-486] Changing DSP latency (root=add_ln427) to 3 in order to utilize available DSP registers.
INFO: [SCHED 204-61] Pipelining loop 'VITIS_LOOP_395_3'.
INFO: [HLS 200-1470] Pipelining result : Target II = NA, Final II = 1, Depth = 6, loop 'VITIS_LOOP_395_3'
INFO: [SCHED 204-11] Finished scheduling.
INFO: [HLS 200-111] Finished Scheduling: CPU user time: 0.02 seconds. CPU system time: 0 seconds. Elapsed time: 0.03 seconds; current allocated memory: 822.227 MB.
Execute         syn_report -verbosereport -o /home/e/Documents/research/byotee/OSDZU3_Ref_Design/OSDZU3_Ref_Design.runs/design_1_v_mix_0_0_synth_1/prj/sol/.autopilot/db/v_mix_core_alpha_true_false_Pipeline_VITIS_LOOP_395_3.verbose.sched.rpt 
Execute           list_part -family xczu3eg-sfvc784-1-e 
Execute             ap_family_info -name xczu3eg-sfvc784-1-e -data names 
Execute             ap_part_info -quiet -name xczu3eg-sfvc784-1-e -data family 
Execute         db_write -o /home/e/Documents/research/byotee/OSDZU3_Ref_Design/OSDZU3_Ref_Design.runs/design_1_v_mix_0_0_synth_1/prj/sol/.autopilot/db/v_mix_core_alpha_true_false_Pipeline_VITIS_LOOP_395_3.sched.adb -f 
INFO-FLOW: Finish scheduling v_mix_core_alpha<true, false>_Pipeline_VITIS_LOOP_395_3.
Execute         set_default_model v_mix_core_alpha<true, false>_Pipeline_VITIS_LOOP_395_3 
Execute         bind -model v_mix_core_alpha<true, false>_Pipeline_VITIS_LOOP_395_3 
INFO: [BIND 205-100] Starting micro-architecture generation ...
INFO: [BIND 205-101] Performing variable lifetime analysis.
INFO: [BIND 205-101] Exploring resource sharing.
INFO: [BIND 205-101] Binding ...
INFO: [BIND 205-100] Finished micro-architecture generation.
INFO: [HLS 200-111] Finished Binding: CPU user time: 0.02 seconds. CPU system time: 0 seconds. Elapsed time: 0.01 seconds; current allocated memory: 822.227 MB.
Execute         syn_report -verbosereport -o /home/e/Documents/research/byotee/OSDZU3_Ref_Design/OSDZU3_Ref_Design.runs/design_1_v_mix_0_0_synth_1/prj/sol/.autopilot/db/v_mix_core_alpha_true_false_Pipeline_VITIS_LOOP_395_3.verbose.bind.rpt 
Execute           list_part -family xczu3eg-sfvc784-1-e 
Execute             ap_family_info -name xczu3eg-sfvc784-1-e -data names 
Execute             ap_part_info -quiet -name xczu3eg-sfvc784-1-e -data family 
Execute         db_write -o /home/e/Documents/research/byotee/OSDZU3_Ref_Design/OSDZU3_Ref_Design.runs/design_1_v_mix_0_0_synth_1/prj/sol/.autopilot/db/v_mix_core_alpha_true_false_Pipeline_VITIS_LOOP_395_3.bind.adb -f 
INFO-FLOW: Finish binding v_mix_core_alpha<true, false>_Pipeline_VITIS_LOOP_395_3.
INFO: [HLS 200-10] ----------------------------------------------------------------
INFO: [HLS 200-42] -- Implementing module 'v_mix_core_alpha_true_false_s' 
INFO: [HLS 200-10] ----------------------------------------------------------------
Execute         set_default_model v_mix_core_alpha<true, false> 
Execute         schedule -model v_mix_core_alpha<true, false> 
INFO: [SCHED 204-11] Starting scheduling ...
INFO: [SCHED 204-11] Finished scheduling.
INFO: [HLS 200-111] Finished Scheduling: CPU user time: 0.02 seconds. CPU system time: 0 seconds. Elapsed time: 0.03 seconds; current allocated memory: 822.562 MB.
Execute         syn_report -verbosereport -o /home/e/Documents/research/byotee/OSDZU3_Ref_Design/OSDZU3_Ref_Design.runs/design_1_v_mix_0_0_synth_1/prj/sol/.autopilot/db/v_mix_core_alpha_true_false_s.verbose.sched.rpt 
Execute           list_part -family xczu3eg-sfvc784-1-e 
Execute             ap_family_info -name xczu3eg-sfvc784-1-e -data names 
Execute             ap_part_info -quiet -name xczu3eg-sfvc784-1-e -data family 
Execute         db_write -o /home/e/Documents/research/byotee/OSDZU3_Ref_Design/OSDZU3_Ref_Design.runs/design_1_v_mix_0_0_synth_1/prj/sol/.autopilot/db/v_mix_core_alpha_true_false_s.sched.adb -f 
INFO-FLOW: Finish scheduling v_mix_core_alpha<true, false>.
Execute         set_default_model v_mix_core_alpha<true, false> 
Execute         bind -model v_mix_core_alpha<true, false> 
INFO: [BIND 205-100] Starting micro-architecture generation ...
INFO: [BIND 205-101] Performing variable lifetime analysis.
INFO: [BIND 205-101] Exploring resource sharing.
INFO: [BIND 205-101] Binding ...
INFO: [BIND 205-100] Finished micro-architecture generation.
INFO: [HLS 200-111] Finished Binding: CPU user time: 0.01 seconds. CPU system time: 0 seconds. Elapsed time: 0.01 seconds; current allocated memory: 822.562 MB.
Execute         syn_report -verbosereport -o /home/e/Documents/research/byotee/OSDZU3_Ref_Design/OSDZU3_Ref_Design.runs/design_1_v_mix_0_0_synth_1/prj/sol/.autopilot/db/v_mix_core_alpha_true_false_s.verbose.bind.rpt 
Execute           list_part -family xczu3eg-sfvc784-1-e 
Execute             ap_family_info -name xczu3eg-sfvc784-1-e -data names 
Execute             ap_part_info -quiet -name xczu3eg-sfvc784-1-e -data family 
Execute         db_write -o /home/e/Documents/research/byotee/OSDZU3_Ref_Design/OSDZU3_Ref_Design.runs/design_1_v_mix_0_0_synth_1/prj/sol/.autopilot/db/v_mix_core_alpha_true_false_s.bind.adb -f 
INFO-FLOW: Finish binding v_mix_core_alpha<true, false>.
INFO: [HLS 200-10] ----------------------------------------------------------------
INFO: [HLS 200-42] -- Implementing module 'v_mix_rgb2yuv_false_Pipeline_VITIS_LOOP_1042_2' 
INFO: [HLS 200-10] ----------------------------------------------------------------
Execute         set_default_model v_mix_rgb2yuv<false>_Pipeline_VITIS_LOOP_1042_2 
Execute         schedule -model v_mix_rgb2yuv<false>_Pipeline_VITIS_LOOP_1042_2 
INFO: [SCHED 204-11] Starting scheduling ...
INFO: [SCHED 204-61] Pipelining loop 'VITIS_LOOP_1042_2'.
INFO: [HLS 200-1470] Pipelining result : Target II = NA, Final II = 1, Depth = 2, loop 'VITIS_LOOP_1042_2'
INFO: [SCHED 204-11] Finished scheduling.
INFO: [HLS 200-111] Finished Scheduling: CPU user time: 0.02 seconds. CPU system time: 0 seconds. Elapsed time: 0.02 seconds; current allocated memory: 822.809 MB.
Execute         syn_report -verbosereport -o /home/e/Documents/research/byotee/OSDZU3_Ref_Design/OSDZU3_Ref_Design.runs/design_1_v_mix_0_0_synth_1/prj/sol/.autopilot/db/v_mix_rgb2yuv_false_Pipeline_VITIS_LOOP_1042_2.verbose.sched.rpt 
Execute           list_part -family xczu3eg-sfvc784-1-e 
Execute             ap_family_info -name xczu3eg-sfvc784-1-e -data names 
Execute             ap_part_info -quiet -name xczu3eg-sfvc784-1-e -data family 
Execute         db_write -o /home/e/Documents/research/byotee/OSDZU3_Ref_Design/OSDZU3_Ref_Design.runs/design_1_v_mix_0_0_synth_1/prj/sol/.autopilot/db/v_mix_rgb2yuv_false_Pipeline_VITIS_LOOP_1042_2.sched.adb -f 
INFO-FLOW: Finish scheduling v_mix_rgb2yuv<false>_Pipeline_VITIS_LOOP_1042_2.
Execute         set_default_model v_mix_rgb2yuv<false>_Pipeline_VITIS_LOOP_1042_2 
Execute         bind -model v_mix_rgb2yuv<false>_Pipeline_VITIS_LOOP_1042_2 
INFO: [BIND 205-100] Starting micro-architecture generation ...
INFO: [BIND 205-101] Performing variable lifetime analysis.
INFO: [BIND 205-101] Exploring resource sharing.
INFO: [BIND 205-101] Binding ...
INFO: [BIND 205-100] Finished micro-architecture generation.
INFO: [HLS 200-111] Finished Binding: CPU user time: 0.01 seconds. CPU system time: 0 seconds. Elapsed time: 0.01 seconds; current allocated memory: 822.809 MB.
Execute         syn_report -verbosereport -o /home/e/Documents/research/byotee/OSDZU3_Ref_Design/OSDZU3_Ref_Design.runs/design_1_v_mix_0_0_synth_1/prj/sol/.autopilot/db/v_mix_rgb2yuv_false_Pipeline_VITIS_LOOP_1042_2.verbose.bind.rpt 
Execute           list_part -family xczu3eg-sfvc784-1-e 
Execute             ap_family_info -name xczu3eg-sfvc784-1-e -data names 
Execute             ap_part_info -quiet -name xczu3eg-sfvc784-1-e -data family 
Execute         db_write -o /home/e/Documents/research/byotee/OSDZU3_Ref_Design/OSDZU3_Ref_Design.runs/design_1_v_mix_0_0_synth_1/prj/sol/.autopilot/db/v_mix_rgb2yuv_false_Pipeline_VITIS_LOOP_1042_2.bind.adb -f 
INFO-FLOW: Finish binding v_mix_rgb2yuv<false>_Pipeline_VITIS_LOOP_1042_2.
INFO: [HLS 200-10] ----------------------------------------------------------------
INFO: [HLS 200-42] -- Implementing module 'v_mix_rgb2yuv_false_s' 
INFO: [HLS 200-10] ----------------------------------------------------------------
Execute         set_default_model v_mix_rgb2yuv<false> 
Execute         schedule -model v_mix_rgb2yuv<false> 
INFO: [SCHED 204-11] Starting scheduling ...
INFO: [SCHED 204-11] Finished scheduling.
INFO: [HLS 200-111] Finished Scheduling: CPU user time: 0.01 seconds. CPU system time: 0.01 seconds. Elapsed time: 0.01 seconds; current allocated memory: 823.039 MB.
Execute         syn_report -verbosereport -o /home/e/Documents/research/byotee/OSDZU3_Ref_Design/OSDZU3_Ref_Design.runs/design_1_v_mix_0_0_synth_1/prj/sol/.autopilot/db/v_mix_rgb2yuv_false_s.verbose.sched.rpt 
Execute           list_part -family xczu3eg-sfvc784-1-e 
Execute             ap_family_info -name xczu3eg-sfvc784-1-e -data names 
Execute             ap_part_info -quiet -name xczu3eg-sfvc784-1-e -data family 
Execute         db_write -o /home/e/Documents/research/byotee/OSDZU3_Ref_Design/OSDZU3_Ref_Design.runs/design_1_v_mix_0_0_synth_1/prj/sol/.autopilot/db/v_mix_rgb2yuv_false_s.sched.adb -f 
INFO-FLOW: Finish scheduling v_mix_rgb2yuv<false>.
Execute         set_default_model v_mix_rgb2yuv<false> 
Execute         bind -model v_mix_rgb2yuv<false> 
INFO: [BIND 205-100] Starting micro-architecture generation ...
INFO: [BIND 205-101] Performing variable lifetime analysis.
INFO: [BIND 205-101] Exploring resource sharing.
INFO: [BIND 205-101] Binding ...
INFO: [BIND 205-100] Finished micro-architecture generation.
INFO: [HLS 200-111] Finished Binding: CPU user time: 0.01 seconds. CPU system time: 0 seconds. Elapsed time: 0.01 seconds; current allocated memory: 823.039 MB.
Execute         syn_report -verbosereport -o /home/e/Documents/research/byotee/OSDZU3_Ref_Design/OSDZU3_Ref_Design.runs/design_1_v_mix_0_0_synth_1/prj/sol/.autopilot/db/v_mix_rgb2yuv_false_s.verbose.bind.rpt 
Execute           list_part -family xczu3eg-sfvc784-1-e 
Execute             ap_family_info -name xczu3eg-sfvc784-1-e -data names 
Execute             ap_part_info -quiet -name xczu3eg-sfvc784-1-e -data family 
Execute         db_write -o /home/e/Documents/research/byotee/OSDZU3_Ref_Design/OSDZU3_Ref_Design.runs/design_1_v_mix_0_0_synth_1/prj/sol/.autopilot/db/v_mix_rgb2yuv_false_s.bind.adb -f 
INFO-FLOW: Finish binding v_mix_rgb2yuv<false>.
INFO: [HLS 200-10] ----------------------------------------------------------------
INFO: [HLS 200-42] -- Implementing module 'v_mix_444_to_422_false_Pipeline_VITIS_LOOP_718_2' 
INFO: [HLS 200-10] ----------------------------------------------------------------
Execute         set_default_model v_mix_444_to_422<false>_Pipeline_VITIS_LOOP_718_2 
Execute         schedule -model v_mix_444_to_422<false>_Pipeline_VITIS_LOOP_718_2 
INFO: [SCHED 204-11] Starting scheduling ...
INFO: [SCHED 204-61] Pipelining loop 'VITIS_LOOP_718_2'.
INFO: [HLS 200-1470] Pipelining result : Target II = NA, Final II = 1, Depth = 2, loop 'VITIS_LOOP_718_2'
INFO: [SCHED 204-11] Finished scheduling.
INFO: [HLS 200-111] Finished Scheduling: CPU user time: 0.02 seconds. CPU system time: 0 seconds. Elapsed time: 0.02 seconds; current allocated memory: 823.281 MB.
Execute         syn_report -verbosereport -o /home/e/Documents/research/byotee/OSDZU3_Ref_Design/OSDZU3_Ref_Design.runs/design_1_v_mix_0_0_synth_1/prj/sol/.autopilot/db/v_mix_444_to_422_false_Pipeline_VITIS_LOOP_718_2.verbose.sched.rpt 
Execute           list_part -family xczu3eg-sfvc784-1-e 
Execute             ap_family_info -name xczu3eg-sfvc784-1-e -data names 
Execute             ap_part_info -quiet -name xczu3eg-sfvc784-1-e -data family 
Execute         db_write -o /home/e/Documents/research/byotee/OSDZU3_Ref_Design/OSDZU3_Ref_Design.runs/design_1_v_mix_0_0_synth_1/prj/sol/.autopilot/db/v_mix_444_to_422_false_Pipeline_VITIS_LOOP_718_2.sched.adb -f 
INFO-FLOW: Finish scheduling v_mix_444_to_422<false>_Pipeline_VITIS_LOOP_718_2.
Execute         set_default_model v_mix_444_to_422<false>_Pipeline_VITIS_LOOP_718_2 
Execute         bind -model v_mix_444_to_422<false>_Pipeline_VITIS_LOOP_718_2 
INFO: [BIND 205-100] Starting micro-architecture generation ...
INFO: [BIND 205-101] Performing variable lifetime analysis.
INFO: [BIND 205-101] Exploring resource sharing.
INFO: [BIND 205-101] Binding ...
INFO: [BIND 205-100] Finished micro-architecture generation.
INFO: [HLS 200-111] Finished Binding: CPU user time: 0.01 seconds. CPU system time: 0 seconds. Elapsed time: 0.01 seconds; current allocated memory: 823.281 MB.
Execute         syn_report -verbosereport -o /home/e/Documents/research/byotee/OSDZU3_Ref_Design/OSDZU3_Ref_Design.runs/design_1_v_mix_0_0_synth_1/prj/sol/.autopilot/db/v_mix_444_to_422_false_Pipeline_VITIS_LOOP_718_2.verbose.bind.rpt 
Execute           list_part -family xczu3eg-sfvc784-1-e 
Execute             ap_family_info -name xczu3eg-sfvc784-1-e -data names 
Execute             ap_part_info -quiet -name xczu3eg-sfvc784-1-e -data family 
Execute         db_write -o /home/e/Documents/research/byotee/OSDZU3_Ref_Design/OSDZU3_Ref_Design.runs/design_1_v_mix_0_0_synth_1/prj/sol/.autopilot/db/v_mix_444_to_422_false_Pipeline_VITIS_LOOP_718_2.bind.adb -f 
INFO-FLOW: Finish binding v_mix_444_to_422<false>_Pipeline_VITIS_LOOP_718_2.
INFO: [HLS 200-10] ----------------------------------------------------------------
INFO: [HLS 200-42] -- Implementing module 'v_mix_444_to_422_false_s' 
INFO: [HLS 200-10] ----------------------------------------------------------------
Execute         set_default_model v_mix_444_to_422<false> 
Execute         schedule -model v_mix_444_to_422<false> 
INFO: [SCHED 204-11] Starting scheduling ...
INFO: [SCHED 204-11] Finished scheduling.
INFO: [HLS 200-111] Finished Scheduling: CPU user time: 0.01 seconds. CPU system time: 0 seconds. Elapsed time: 0.01 seconds; current allocated memory: 823.484 MB.
Execute         syn_report -verbosereport -o /home/e/Documents/research/byotee/OSDZU3_Ref_Design/OSDZU3_Ref_Design.runs/design_1_v_mix_0_0_synth_1/prj/sol/.autopilot/db/v_mix_444_to_422_false_s.verbose.sched.rpt 
Execute           list_part -family xczu3eg-sfvc784-1-e 
Execute             ap_family_info -name xczu3eg-sfvc784-1-e -data names 
Execute             ap_part_info -quiet -name xczu3eg-sfvc784-1-e -data family 
Execute         db_write -o /home/e/Documents/research/byotee/OSDZU3_Ref_Design/OSDZU3_Ref_Design.runs/design_1_v_mix_0_0_synth_1/prj/sol/.autopilot/db/v_mix_444_to_422_false_s.sched.adb -f 
INFO-FLOW: Finish scheduling v_mix_444_to_422<false>.
Execute         set_default_model v_mix_444_to_422<false> 
Execute         bind -model v_mix_444_to_422<false> 
INFO: [BIND 205-100] Starting micro-architecture generation ...
INFO: [BIND 205-101] Performing variable lifetime analysis.
INFO: [BIND 205-101] Exploring resource sharing.
INFO: [BIND 205-101] Binding ...
INFO: [BIND 205-100] Finished micro-architecture generation.
INFO: [HLS 200-111] Finished Binding: CPU user time: 0.01 seconds. CPU system time: 0 seconds. Elapsed time: 0.01 seconds; current allocated memory: 823.484 MB.
Execute         syn_report -verbosereport -o /home/e/Documents/research/byotee/OSDZU3_Ref_Design/OSDZU3_Ref_Design.runs/design_1_v_mix_0_0_synth_1/prj/sol/.autopilot/db/v_mix_444_to_422_false_s.verbose.bind.rpt 
Execute           list_part -family xczu3eg-sfvc784-1-e 
Execute             ap_family_info -name xczu3eg-sfvc784-1-e -data names 
Execute             ap_part_info -quiet -name xczu3eg-sfvc784-1-e -data family 
Execute         db_write -o /home/e/Documents/research/byotee/OSDZU3_Ref_Design/OSDZU3_Ref_Design.runs/design_1_v_mix_0_0_synth_1/prj/sol/.autopilot/db/v_mix_444_to_422_false_s.bind.adb -f 
INFO-FLOW: Finish binding v_mix_444_to_422<false>.
INFO: [HLS 200-10] ----------------------------------------------------------------
INFO: [HLS 200-42] -- Implementing module 'v_mix_422_to_420_false_Pipeline_VITIS_LOOP_508_2' 
INFO: [HLS 200-10] ----------------------------------------------------------------
Execute         set_default_model v_mix_422_to_420<false>_Pipeline_VITIS_LOOP_508_2 
Execute         schedule -model v_mix_422_to_420<false>_Pipeline_VITIS_LOOP_508_2 
INFO: [SCHED 204-11] Starting scheduling ...
INFO: [SCHED 204-61] Pipelining loop 'VITIS_LOOP_508_2'.
INFO: [HLS 200-1470] Pipelining result : Target II = NA, Final II = 1, Depth = 2, loop 'VITIS_LOOP_508_2'
INFO: [SCHED 204-11] Finished scheduling.
INFO: [HLS 200-111] Finished Scheduling: CPU user time: 0.01 seconds. CPU system time: 0 seconds. Elapsed time: 0.02 seconds; current allocated memory: 823.695 MB.
Execute         syn_report -verbosereport -o /home/e/Documents/research/byotee/OSDZU3_Ref_Design/OSDZU3_Ref_Design.runs/design_1_v_mix_0_0_synth_1/prj/sol/.autopilot/db/v_mix_422_to_420_false_Pipeline_VITIS_LOOP_508_2.verbose.sched.rpt 
Execute           list_part -family xczu3eg-sfvc784-1-e 
Execute             ap_family_info -name xczu3eg-sfvc784-1-e -data names 
Execute             ap_part_info -quiet -name xczu3eg-sfvc784-1-e -data family 
Execute         db_write -o /home/e/Documents/research/byotee/OSDZU3_Ref_Design/OSDZU3_Ref_Design.runs/design_1_v_mix_0_0_synth_1/prj/sol/.autopilot/db/v_mix_422_to_420_false_Pipeline_VITIS_LOOP_508_2.sched.adb -f 
INFO-FLOW: Finish scheduling v_mix_422_to_420<false>_Pipeline_VITIS_LOOP_508_2.
Execute         set_default_model v_mix_422_to_420<false>_Pipeline_VITIS_LOOP_508_2 
Execute         bind -model v_mix_422_to_420<false>_Pipeline_VITIS_LOOP_508_2 
INFO: [BIND 205-100] Starting micro-architecture generation ...
INFO: [BIND 205-101] Performing variable lifetime analysis.
INFO: [BIND 205-101] Exploring resource sharing.
INFO: [BIND 205-101] Binding ...
INFO: [BIND 205-100] Finished micro-architecture generation.
INFO: [HLS 200-111] Finished Binding: CPU user time: 0.01 seconds. CPU system time: 0 seconds. Elapsed time: 0.01 seconds; current allocated memory: 823.695 MB.
Execute         syn_report -verbosereport -o /home/e/Documents/research/byotee/OSDZU3_Ref_Design/OSDZU3_Ref_Design.runs/design_1_v_mix_0_0_synth_1/prj/sol/.autopilot/db/v_mix_422_to_420_false_Pipeline_VITIS_LOOP_508_2.verbose.bind.rpt 
Execute           list_part -family xczu3eg-sfvc784-1-e 
Execute             ap_family_info -name xczu3eg-sfvc784-1-e -data names 
Execute             ap_part_info -quiet -name xczu3eg-sfvc784-1-e -data family 
Execute         db_write -o /home/e/Documents/research/byotee/OSDZU3_Ref_Design/OSDZU3_Ref_Design.runs/design_1_v_mix_0_0_synth_1/prj/sol/.autopilot/db/v_mix_422_to_420_false_Pipeline_VITIS_LOOP_508_2.bind.adb -f 
INFO-FLOW: Finish binding v_mix_422_to_420<false>_Pipeline_VITIS_LOOP_508_2.
INFO: [HLS 200-10] ----------------------------------------------------------------
INFO: [HLS 200-42] -- Implementing module 'v_mix_422_to_420_false_s' 
INFO: [HLS 200-10] ----------------------------------------------------------------
Execute         set_default_model v_mix_422_to_420<false> 
Execute         schedule -model v_mix_422_to_420<false> 
INFO: [SCHED 204-11] Starting scheduling ...
INFO: [SCHED 204-11] Finished scheduling.
INFO: [HLS 200-111] Finished Scheduling: CPU user time: 0.02 seconds. CPU system time: 0 seconds. Elapsed time: 0.01 seconds; current allocated memory: 823.930 MB.
Execute         syn_report -verbosereport -o /home/e/Documents/research/byotee/OSDZU3_Ref_Design/OSDZU3_Ref_Design.runs/design_1_v_mix_0_0_synth_1/prj/sol/.autopilot/db/v_mix_422_to_420_false_s.verbose.sched.rpt 
Execute           list_part -family xczu3eg-sfvc784-1-e 
Execute             ap_family_info -name xczu3eg-sfvc784-1-e -data names 
Execute             ap_part_info -quiet -name xczu3eg-sfvc784-1-e -data family 
Execute         db_write -o /home/e/Documents/research/byotee/OSDZU3_Ref_Design/OSDZU3_Ref_Design.runs/design_1_v_mix_0_0_synth_1/prj/sol/.autopilot/db/v_mix_422_to_420_false_s.sched.adb -f 
INFO-FLOW: Finish scheduling v_mix_422_to_420<false>.
Execute         set_default_model v_mix_422_to_420<false> 
Execute         bind -model v_mix_422_to_420<false> 
INFO: [BIND 205-100] Starting micro-architecture generation ...
INFO: [BIND 205-101] Performing variable lifetime analysis.
INFO: [BIND 205-101] Exploring resource sharing.
INFO: [BIND 205-101] Binding ...
INFO: [BIND 205-100] Finished micro-architecture generation.
INFO: [HLS 200-111] Finished Binding: CPU user time: 0.01 seconds. CPU system time: 0 seconds. Elapsed time: 0.02 seconds; current allocated memory: 823.930 MB.
Execute         syn_report -verbosereport -o /home/e/Documents/research/byotee/OSDZU3_Ref_Design/OSDZU3_Ref_Design.runs/design_1_v_mix_0_0_synth_1/prj/sol/.autopilot/db/v_mix_422_to_420_false_s.verbose.bind.rpt 
Execute           list_part -family xczu3eg-sfvc784-1-e 
Execute             ap_family_info -name xczu3eg-sfvc784-1-e -data names 
Execute             ap_part_info -quiet -name xczu3eg-sfvc784-1-e -data family 
Execute         db_write -o /home/e/Documents/research/byotee/OSDZU3_Ref_Design/OSDZU3_Ref_Design.runs/design_1_v_mix_0_0_synth_1/prj/sol/.autopilot/db/v_mix_422_to_420_false_s.bind.adb -f 
INFO-FLOW: Finish binding v_mix_422_to_420<false>.
INFO: [HLS 200-10] ----------------------------------------------------------------
INFO: [HLS 200-42] -- Implementing module 'MultiPixStream2AXIvideo_Pipeline_VITIS_LOOP_3519_3' 
INFO: [HLS 200-10] ----------------------------------------------------------------
Execute         set_default_model MultiPixStream2AXIvideo_Pipeline_VITIS_LOOP_3519_3 
Execute         schedule -model MultiPixStream2AXIvideo_Pipeline_VITIS_LOOP_3519_3 
INFO: [SCHED 204-11] Starting scheduling ...
INFO: [SCHED 204-61] Pipelining loop 'VITIS_LOOP_3519_3'.
INFO: [HLS 200-1470] Pipelining result : Target II = 1, Final II = 1, Depth = 2, loop 'VITIS_LOOP_3519_3'
INFO: [SCHED 204-11] Finished scheduling.
INFO: [HLS 200-111] Finished Scheduling: CPU user time: 0.02 seconds. CPU system time: 0 seconds. Elapsed time: 0.02 seconds; current allocated memory: 824.219 MB.
Execute         syn_report -verbosereport -o /home/e/Documents/research/byotee/OSDZU3_Ref_Design/OSDZU3_Ref_Design.runs/design_1_v_mix_0_0_synth_1/prj/sol/.autopilot/db/MultiPixStream2AXIvideo_Pipeline_VITIS_LOOP_3519_3.verbose.sched.rpt 
Execute           list_part -family xczu3eg-sfvc784-1-e 
Execute             ap_family_info -name xczu3eg-sfvc784-1-e -data names 
Execute             ap_part_info -quiet -name xczu3eg-sfvc784-1-e -data family 
Execute         db_write -o /home/e/Documents/research/byotee/OSDZU3_Ref_Design/OSDZU3_Ref_Design.runs/design_1_v_mix_0_0_synth_1/prj/sol/.autopilot/db/MultiPixStream2AXIvideo_Pipeline_VITIS_LOOP_3519_3.sched.adb -f 
INFO-FLOW: Finish scheduling MultiPixStream2AXIvideo_Pipeline_VITIS_LOOP_3519_3.
Execute         set_default_model MultiPixStream2AXIvideo_Pipeline_VITIS_LOOP_3519_3 
Execute         bind -model MultiPixStream2AXIvideo_Pipeline_VITIS_LOOP_3519_3 
INFO: [BIND 205-100] Starting micro-architecture generation ...
INFO: [BIND 205-101] Performing variable lifetime analysis.
INFO: [BIND 205-101] Exploring resource sharing.
INFO: [BIND 205-101] Binding ...
INFO: [BIND 205-100] Finished micro-architecture generation.
INFO: [HLS 200-111] Finished Binding: CPU user time: 0.01 seconds. CPU system time: 0 seconds. Elapsed time: 0.01 seconds; current allocated memory: 824.219 MB.
Execute         syn_report -verbosereport -o /home/e/Documents/research/byotee/OSDZU3_Ref_Design/OSDZU3_Ref_Design.runs/design_1_v_mix_0_0_synth_1/prj/sol/.autopilot/db/MultiPixStream2AXIvideo_Pipeline_VITIS_LOOP_3519_3.verbose.bind.rpt 
Execute           list_part -family xczu3eg-sfvc784-1-e 
Execute             ap_family_info -name xczu3eg-sfvc784-1-e -data names 
Execute             ap_part_info -quiet -name xczu3eg-sfvc784-1-e -data family 
Execute         db_write -o /home/e/Documents/research/byotee/OSDZU3_Ref_Design/OSDZU3_Ref_Design.runs/design_1_v_mix_0_0_synth_1/prj/sol/.autopilot/db/MultiPixStream2AXIvideo_Pipeline_VITIS_LOOP_3519_3.bind.adb -f 
INFO-FLOW: Finish binding MultiPixStream2AXIvideo_Pipeline_VITIS_LOOP_3519_3.
INFO: [HLS 200-10] ----------------------------------------------------------------
INFO: [HLS 200-42] -- Implementing module 'MultiPixStream2AXIvideo' 
INFO: [HLS 200-10] ----------------------------------------------------------------
Execute         set_default_model MultiPixStream2AXIvideo 
Execute         schedule -model MultiPixStream2AXIvideo 
INFO: [SCHED 204-11] Starting scheduling ...
INFO: [SCHED 204-11] Finished scheduling.
INFO: [HLS 200-111] Finished Scheduling: CPU user time: 0.02 seconds. CPU system time: 0 seconds. Elapsed time: 0.02 seconds; current allocated memory: 824.496 MB.
Execute         syn_report -verbosereport -o /home/e/Documents/research/byotee/OSDZU3_Ref_Design/OSDZU3_Ref_Design.runs/design_1_v_mix_0_0_synth_1/prj/sol/.autopilot/db/MultiPixStream2AXIvideo.verbose.sched.rpt 
Execute           list_part -family xczu3eg-sfvc784-1-e 
Execute             ap_family_info -name xczu3eg-sfvc784-1-e -data names 
Execute             ap_part_info -quiet -name xczu3eg-sfvc784-1-e -data family 
Execute         db_write -o /home/e/Documents/research/byotee/OSDZU3_Ref_Design/OSDZU3_Ref_Design.runs/design_1_v_mix_0_0_synth_1/prj/sol/.autopilot/db/MultiPixStream2AXIvideo.sched.adb -f 
INFO-FLOW: Finish scheduling MultiPixStream2AXIvideo.
Execute         set_default_model MultiPixStream2AXIvideo 
Execute         bind -model MultiPixStream2AXIvideo 
INFO: [BIND 205-100] Starting micro-architecture generation ...
INFO: [BIND 205-101] Performing variable lifetime analysis.
INFO: [BIND 205-101] Exploring resource sharing.
INFO: [BIND 205-101] Binding ...
INFO: [BIND 205-100] Finished micro-architecture generation.
INFO: [HLS 200-111] Finished Binding: CPU user time: 0.01 seconds. CPU system time: 0 seconds. Elapsed time: 0.01 seconds; current allocated memory: 824.496 MB.
Execute         syn_report -verbosereport -o /home/e/Documents/research/byotee/OSDZU3_Ref_Design/OSDZU3_Ref_Design.runs/design_1_v_mix_0_0_synth_1/prj/sol/.autopilot/db/MultiPixStream2AXIvideo.verbose.bind.rpt 
Execute           list_part -family xczu3eg-sfvc784-1-e 
Execute             ap_family_info -name xczu3eg-sfvc784-1-e -data names 
Execute             ap_part_info -quiet -name xczu3eg-sfvc784-1-e -data family 
Execute         db_write -o /home/e/Documents/research/byotee/OSDZU3_Ref_Design/OSDZU3_Ref_Design.runs/design_1_v_mix_0_0_synth_1/prj/sol/.autopilot/db/MultiPixStream2AXIvideo.bind.adb -f 
INFO-FLOW: Finish binding MultiPixStream2AXIvideo.
INFO: [HLS 200-10] ----------------------------------------------------------------
INFO: [HLS 200-42] -- Implementing module 'VMixHlsDataFlowFunction' 
INFO: [HLS 200-10] ----------------------------------------------------------------
Execute         set_default_model VMixHlsDataFlowFunction 
Execute         schedule -model VMixHlsDataFlowFunction 
INFO: [SCHED 204-11] Starting scheduling ...
INFO: [SCHED 204-11] Finished scheduling.
WARNING: [HLS 200-1020] Increasing the depth of FIFO start_for_v_mix_core_alpha_false_false_U0 (from v_mix_yuv2rgb_false_4_U0 to v_mix_core_alpha_false_false_U0) to 3 to improve performance and/or avoid deadlocks.
WARNING: [HLS 200-1018] Consider increasing the depth of FIFO outLayer0 (from v_mix_yuv2rgb_false_4_U0 to v_mix_core_alpha_false_false_U0) to 3 to improve performance and/or avoid deadlocks.
WARNING: [HLS 200-1018] Consider increasing the depth of FIFO srcLayer2x (from v_mix_upsample_false_U0 to v_mix_core_alpha_true_false_U0) to 3 to improve performance and/or avoid deadlocks.
INFO: [HLS 200-111] Finished Scheduling: CPU user time: 0.04 seconds. CPU system time: 0 seconds. Elapsed time: 0.03 seconds; current allocated memory: 825.578 MB.
Execute         syn_report -verbosereport -o /home/e/Documents/research/byotee/OSDZU3_Ref_Design/OSDZU3_Ref_Design.runs/design_1_v_mix_0_0_synth_1/prj/sol/.autopilot/db/VMixHlsDataFlowFunction.verbose.sched.rpt 
Execute           list_part -family xczu3eg-sfvc784-1-e 
Execute             ap_family_info -name xczu3eg-sfvc784-1-e -data names 
Execute             ap_part_info -quiet -name xczu3eg-sfvc784-1-e -data family 
Execute         db_write -o /home/e/Documents/research/byotee/OSDZU3_Ref_Design/OSDZU3_Ref_Design.runs/design_1_v_mix_0_0_synth_1/prj/sol/.autopilot/db/VMixHlsDataFlowFunction.sched.adb -f 
INFO-FLOW: Finish scheduling VMixHlsDataFlowFunction.
Execute         set_default_model VMixHlsDataFlowFunction 
Execute         bind -model VMixHlsDataFlowFunction 
INFO: [BIND 205-100] Starting micro-architecture generation ...
INFO: [BIND 205-101] Performing variable lifetime analysis.
INFO: [BIND 205-101] Exploring resource sharing.
INFO: [BIND 205-101] Binding ...
INFO: [BIND 205-100] Finished micro-architecture generation.
INFO: [HLS 200-111] Finished Binding: CPU user time: 0.02 seconds. CPU system time: 0 seconds. Elapsed time: 0.02 seconds; current allocated memory: 825.578 MB.
Execute         syn_report -verbosereport -o /home/e/Documents/research/byotee/OSDZU3_Ref_Design/OSDZU3_Ref_Design.runs/design_1_v_mix_0_0_synth_1/prj/sol/.autopilot/db/VMixHlsDataFlowFunction.verbose.bind.rpt 
Execute           list_part -family xczu3eg-sfvc784-1-e 
Execute             ap_family_info -name xczu3eg-sfvc784-1-e -data names 
Execute             ap_part_info -quiet -name xczu3eg-sfvc784-1-e -data family 
Execute         db_write -o /home/e/Documents/research/byotee/OSDZU3_Ref_Design/OSDZU3_Ref_Design.runs/design_1_v_mix_0_0_synth_1/prj/sol/.autopilot/db/VMixHlsDataFlowFunction.bind.adb -f 
INFO-FLOW: Finish binding VMixHlsDataFlowFunction.
INFO: [HLS 200-10] ----------------------------------------------------------------
INFO: [HLS 200-42] -- Implementing module 'v_mix' 
INFO: [HLS 200-10] ----------------------------------------------------------------
Execute         set_default_model v_mix 
Execute         schedule -model v_mix 
INFO: [SCHED 204-11] Starting scheduling ...
INFO: [SCHED 204-61] Pipelining loop 'VITIS_LOOP_2912_1'.
INFO: [HLS 200-1470] Pipelining result : Target II = NA, Final II = 1, Depth = 1, loop 'VITIS_LOOP_2912_1'
INFO: [SCHED 204-11] Finished scheduling.
INFO: [HLS 200-111] Finished Scheduling: CPU user time: 0.05 seconds. CPU system time: 0.01 seconds. Elapsed time: 0.06 seconds; current allocated memory: 827.438 MB.
Execute         syn_report -verbosereport -o /home/e/Documents/research/byotee/OSDZU3_Ref_Design/OSDZU3_Ref_Design.runs/design_1_v_mix_0_0_synth_1/prj/sol/.autopilot/db/v_mix.verbose.sched.rpt 
Execute           list_part -family xczu3eg-sfvc784-1-e 
Execute             ap_family_info -name xczu3eg-sfvc784-1-e -data names 
Execute             ap_part_info -quiet -name xczu3eg-sfvc784-1-e -data family 
Execute         db_write -o /home/e/Documents/research/byotee/OSDZU3_Ref_Design/OSDZU3_Ref_Design.runs/design_1_v_mix_0_0_synth_1/prj/sol/.autopilot/db/v_mix.sched.adb -f 
INFO-FLOW: Finish scheduling v_mix.
Execute         set_default_model v_mix 
Execute         bind -model v_mix 
INFO: [BIND 205-100] Starting micro-architecture generation ...
INFO: [BIND 205-101] Performing variable lifetime analysis.
INFO: [BIND 205-101] Exploring resource sharing.
INFO: [BIND 205-101] Binding ...
INFO: [BIND 205-100] Finished micro-architecture generation.
INFO: [HLS 200-111] Finished Binding: CPU user time: 0.02 seconds. CPU system time: 0 seconds. Elapsed time: 0.03 seconds; current allocated memory: 827.438 MB.
Execute         syn_report -verbosereport -o /home/e/Documents/research/byotee/OSDZU3_Ref_Design/OSDZU3_Ref_Design.runs/design_1_v_mix_0_0_synth_1/prj/sol/.autopilot/db/v_mix.verbose.bind.rpt 
Execute           list_part -family xczu3eg-sfvc784-1-e 
Execute             ap_family_info -name xczu3eg-sfvc784-1-e -data names 
Execute             ap_part_info -quiet -name xczu3eg-sfvc784-1-e -data family 
Execute         db_write -o /home/e/Documents/research/byotee/OSDZU3_Ref_Design/OSDZU3_Ref_Design.runs/design_1_v_mix_0_0_synth_1/prj/sol/.autopilot/db/v_mix.bind.adb -f 
INFO-FLOW: Finish binding v_mix.
Execute         get_model_list v_mix -filter all-wo-channel 
INFO-FLOW: Preprocessing for RTLGen ...
Execute         rtl_gen_preprocess reg<unsigned short>1 
Execute         rtl_gen_preprocess AXIvideo2MultiPixStream.1_Pipeline_loop_wait_for_start 
Execute         rtl_gen_preprocess AXIvideo2MultiPixStream.1_Pipeline_loop_width 
Execute         rtl_gen_preprocess AXIvideo2MultiPixStream.1_Pipeline_loop_wait_for_eol 
Execute         rtl_gen_preprocess AXIvideo2MultiPixStream.1 
Execute         rtl_gen_preprocess v_mix_420_to_422<false>.2_Pipeline_VITIS_LOOP_76_2 
Execute         rtl_gen_preprocess v_mix_420_to_422<false>.2 
Execute         rtl_gen_preprocess v_mix_422_to_444<false>.3_Pipeline_VITIS_LOOP_105_2 
Execute         rtl_gen_preprocess v_mix_422_to_444<false>.3 
Execute         rtl_gen_preprocess v_mix_yuv2rgb<false>.4_Pipeline_VITIS_LOOP_897_2 
Execute         rtl_gen_preprocess v_mix_yuv2rgb<false>.4 
Execute         rtl_gen_preprocess reg<unsigned short> 
Execute         rtl_gen_preprocess AXIvideo2MultiPixStream.5_Pipeline_loop_wait_for_start 
Execute         rtl_gen_preprocess AXIvideo2MultiPixStream.5_Pipeline_loop_width 
Execute         rtl_gen_preprocess AXIvideo2MultiPixStream.5_Pipeline_loop_wait_for_eol 
Execute         rtl_gen_preprocess AXIvideo2MultiPixStream.5 
Execute         rtl_gen_preprocess v_mix_420_to_422<false>.6_Pipeline_VITIS_LOOP_76_2 
Execute         rtl_gen_preprocess v_mix_420_to_422<false>.6 
Execute         rtl_gen_preprocess v_mix_422_to_444<true>_Pipeline_VITIS_LOOP_161_2 
Execute         rtl_gen_preprocess v_mix_422_to_444<true> 
Execute         rtl_gen_preprocess v_mix_yuv2rgb<true>_Pipeline_VITIS_LOOP_941_2 
Execute         rtl_gen_preprocess v_mix_yuv2rgb<true> 
Execute         rtl_gen_preprocess v_mix_upsample<false>.7_Pipeline_VITIS_LOOP_107_2 
Execute         rtl_gen_preprocess v_mix_upsample<false>.7 
Execute         rtl_gen_preprocess v_mix_core_alpha<false, false>_Pipeline_VITIS_LOOP_465_3 
Execute         rtl_gen_preprocess v_mix_core_alpha<false, false> 
Execute         rtl_gen_preprocess AXIvideo2MultiPixStream_Pipeline_loop_wait_for_start 
Execute         rtl_gen_preprocess AXIvideo2MultiPixStream_Pipeline_loop_width 
Execute         rtl_gen_preprocess AXIvideo2MultiPixStream_Pipeline_loop_wait_for_eol 
Execute         rtl_gen_preprocess AXIvideo2MultiPixStream 
Execute         rtl_gen_preprocess v_mix_420_to_422<false>_Pipeline_VITIS_LOOP_76_2 
Execute         rtl_gen_preprocess v_mix_420_to_422<false> 
Execute         rtl_gen_preprocess v_mix_422_to_444<false>_Pipeline_VITIS_LOOP_105_2 
Execute         rtl_gen_preprocess v_mix_422_to_444<false> 
Execute         rtl_gen_preprocess v_mix_yuv2rgb<false>_Pipeline_VITIS_LOOP_897_2 
Execute         rtl_gen_preprocess v_mix_yuv2rgb<false> 
Execute         rtl_gen_preprocess v_mix_upsample<false>_Pipeline_VITIS_LOOP_107_2 
Execute         rtl_gen_preprocess v_mix_upsample<false> 
Execute         rtl_gen_preprocess reg<unsigned short>12 
Execute         rtl_gen_preprocess v_mix_core_alpha<true, false>_Pipeline_VITIS_LOOP_395_3 
Execute         rtl_gen_preprocess v_mix_core_alpha<true, false> 
Execute         rtl_gen_preprocess v_mix_rgb2yuv<false>_Pipeline_VITIS_LOOP_1042_2 
Execute         rtl_gen_preprocess v_mix_rgb2yuv<false> 
Execute         rtl_gen_preprocess v_mix_444_to_422<false>_Pipeline_VITIS_LOOP_718_2 
Execute         rtl_gen_preprocess v_mix_444_to_422<false> 
Execute         rtl_gen_preprocess v_mix_422_to_420<false>_Pipeline_VITIS_LOOP_508_2 
Execute         rtl_gen_preprocess v_mix_422_to_420<false> 
Execute         rtl_gen_preprocess MultiPixStream2AXIvideo_Pipeline_VITIS_LOOP_3519_3 
Execute         rtl_gen_preprocess MultiPixStream2AXIvideo 
Execute         rtl_gen_preprocess VMixHlsDataFlowFunction 
Execute         rtl_gen_preprocess v_mix 
INFO-FLOW: Model list for RTL generation: {reg<unsigned short>1} AXIvideo2MultiPixStream.1_Pipeline_loop_wait_for_start AXIvideo2MultiPixStream.1_Pipeline_loop_width AXIvideo2MultiPixStream.1_Pipeline_loop_wait_for_eol AXIvideo2MultiPixStream.1 v_mix_420_to_422<false>.2_Pipeline_VITIS_LOOP_76_2 v_mix_420_to_422<false>.2 v_mix_422_to_444<false>.3_Pipeline_VITIS_LOOP_105_2 v_mix_422_to_444<false>.3 v_mix_yuv2rgb<false>.4_Pipeline_VITIS_LOOP_897_2 v_mix_yuv2rgb<false>.4 {reg<unsigned short>} AXIvideo2MultiPixStream.5_Pipeline_loop_wait_for_start AXIvideo2MultiPixStream.5_Pipeline_loop_width AXIvideo2MultiPixStream.5_Pipeline_loop_wait_for_eol AXIvideo2MultiPixStream.5 v_mix_420_to_422<false>.6_Pipeline_VITIS_LOOP_76_2 v_mix_420_to_422<false>.6 v_mix_422_to_444<true>_Pipeline_VITIS_LOOP_161_2 v_mix_422_to_444<true> v_mix_yuv2rgb<true>_Pipeline_VITIS_LOOP_941_2 v_mix_yuv2rgb<true> v_mix_upsample<false>.7_Pipeline_VITIS_LOOP_107_2 v_mix_upsample<false>.7 {v_mix_core_alpha<false, false>_Pipeline_VITIS_LOOP_465_3} {v_mix_core_alpha<false, false>} AXIvideo2MultiPixStream_Pipeline_loop_wait_for_start AXIvideo2MultiPixStream_Pipeline_loop_width AXIvideo2MultiPixStream_Pipeline_loop_wait_for_eol AXIvideo2MultiPixStream v_mix_420_to_422<false>_Pipeline_VITIS_LOOP_76_2 v_mix_420_to_422<false> v_mix_422_to_444<false>_Pipeline_VITIS_LOOP_105_2 v_mix_422_to_444<false> v_mix_yuv2rgb<false>_Pipeline_VITIS_LOOP_897_2 v_mix_yuv2rgb<false> v_mix_upsample<false>_Pipeline_VITIS_LOOP_107_2 v_mix_upsample<false> {reg<unsigned short>12} {v_mix_core_alpha<true, false>_Pipeline_VITIS_LOOP_395_3} {v_mix_core_alpha<true, false>} v_mix_rgb2yuv<false>_Pipeline_VITIS_LOOP_1042_2 v_mix_rgb2yuv<false> v_mix_444_to_422<false>_Pipeline_VITIS_LOOP_718_2 v_mix_444_to_422<false> v_mix_422_to_420<false>_Pipeline_VITIS_LOOP_508_2 v_mix_422_to_420<false> MultiPixStream2AXIvideo_Pipeline_VITIS_LOOP_3519_3 MultiPixStream2AXIvideo VMixHlsDataFlowFunction v_mix
INFO: [HLS 200-10] ----------------------------------------------------------------
INFO: [HLS 200-10] -- Generating RTL for module 'reg_unsigned_short_1' 
INFO: [HLS 200-10] ----------------------------------------------------------------
Execute         create_rtl_model reg<unsigned short>1 -top_prefix design_1_v_mix_0_0_ -sub_prefix design_1_v_mix_0_0_ -mg_file /home/e/Documents/research/byotee/OSDZU3_Ref_Design/OSDZU3_Ref_Design.runs/design_1_v_mix_0_0_synth_1/prj/sol/.autopilot/db/reg_unsigned_short_1.compgen.tcl 
INFO: [HLS 200-1030] Apply Unified Pipeline Control on module 'reg_unsigned_short_1' pipeline 'reg<unsigned short>1' pipeline type 'function pipeline'
INFO: [RTGEN 206-100] Finished creating RTL model for 'reg_unsigned_short_1'.
INFO: [HLS 200-111] Finished Creating RTL model: CPU user time: 0.05 seconds. CPU system time: 0 seconds. Elapsed time: 0.05 seconds; current allocated memory: 827.438 MB.
Execute         source /home/e/Documents/research/byotee/OSDZU3_Ref_Design/OSDZU3_Ref_Design.runs/design_1_v_mix_0_0_synth_1/prj/sol/.autopilot/db/v_mix.rtl_wrap.cfg.tcl 
Execute         gen_rtl reg<unsigned short>1 -style xilinx -f -lang vhdl -o /home/e/Documents/research/byotee/OSDZU3_Ref_Design/OSDZU3_Ref_Design.runs/design_1_v_mix_0_0_synth_1/prj/sol/syn/vhdl/design_1_v_mix_0_0_reg_unsigned_short_1 
Execute         gen_rtl reg<unsigned short>1 -style xilinx -f -lang vlog -o /home/e/Documents/research/byotee/OSDZU3_Ref_Design/OSDZU3_Ref_Design.runs/design_1_v_mix_0_0_synth_1/prj/sol/syn/verilog/design_1_v_mix_0_0_reg_unsigned_short_1 
Execute         syn_report -csynth -model reg<unsigned short>1 -o /home/e/Documents/research/byotee/OSDZU3_Ref_Design/OSDZU3_Ref_Design.runs/design_1_v_mix_0_0_synth_1/prj/sol/syn/report/reg_unsigned_short_1_csynth.rpt 
Execute           list_part -family xczu3eg-sfvc784-1-e 
Execute             ap_family_info -name xczu3eg-sfvc784-1-e -data names 
Execute             ap_part_info -quiet -name xczu3eg-sfvc784-1-e -data family 
Execute         syn_report -rtlxml -model reg<unsigned short>1 -o /home/e/Documents/research/byotee/OSDZU3_Ref_Design/OSDZU3_Ref_Design.runs/design_1_v_mix_0_0_synth_1/prj/sol/syn/report/reg_unsigned_short_1_csynth.xml 
Execute           list_part -family xczu3eg-sfvc784-1-e 
Execute             ap_family_info -name xczu3eg-sfvc784-1-e -data names 
Execute             ap_part_info -quiet -name xczu3eg-sfvc784-1-e -data family 
Execute         syn_report -verbosereport -model reg<unsigned short>1 -o /home/e/Documents/research/byotee/OSDZU3_Ref_Design/OSDZU3_Ref_Design.runs/design_1_v_mix_0_0_synth_1/prj/sol/.autopilot/db/reg_unsigned_short_1.verbose.rpt 
Execute           list_part -family xczu3eg-sfvc784-1-e 
Execute             ap_family_info -name xczu3eg-sfvc784-1-e -data names 
Execute             ap_part_info -quiet -name xczu3eg-sfvc784-1-e -data family 
Execute         db_write -model reg<unsigned short>1 -f -o /home/e/Documents/research/byotee/OSDZU3_Ref_Design/OSDZU3_Ref_Design.runs/design_1_v_mix_0_0_synth_1/prj/sol/.autopilot/db/reg_unsigned_short_1.adb 
Execute         db_write -model reg<unsigned short>1 -bindview -o /home/e/Documents/research/byotee/OSDZU3_Ref_Design/OSDZU3_Ref_Design.runs/design_1_v_mix_0_0_synth_1/prj/sol/.autopilot/db/design.bindinfo.xml 
Execute         gen_tb_info reg<unsigned short>1 -p /home/e/Documents/research/byotee/OSDZU3_Ref_Design/OSDZU3_Ref_Design.runs/design_1_v_mix_0_0_synth_1/prj/sol/.autopilot/db -o /home/e/Documents/research/byotee/OSDZU3_Ref_Design/OSDZU3_Ref_Design.runs/design_1_v_mix_0_0_synth_1/prj/sol/.autopilot/db/reg_unsigned_short_1 
INFO: [HLS 200-10] ----------------------------------------------------------------
INFO: [HLS 200-10] -- Generating RTL for module 'AXIvideo2MultiPixStream_1_Pipeline_loop_wait_for_start' 
INFO: [HLS 200-10] ----------------------------------------------------------------
Execute         create_rtl_model AXIvideo2MultiPixStream.1_Pipeline_loop_wait_for_start -top_prefix design_1_v_mix_0_0_ -sub_prefix design_1_v_mix_0_0_ -mg_file /home/e/Documents/research/byotee/OSDZU3_Ref_Design/OSDZU3_Ref_Design.runs/design_1_v_mix_0_0_synth_1/prj/sol/.autopilot/db/AXIvideo2MultiPixStream_1_Pipeline_loop_wait_for_start.compgen.tcl 
INFO: [RTGEN 206-100] Finished creating RTL model for 'AXIvideo2MultiPixStream_1_Pipeline_loop_wait_for_start'.
INFO: [HLS 200-111] Finished Creating RTL model: CPU user time: 0.04 seconds. CPU system time: 0 seconds. Elapsed time: 0.04 seconds; current allocated memory: 827.438 MB.
Execute         source /home/e/Documents/research/byotee/OSDZU3_Ref_Design/OSDZU3_Ref_Design.runs/design_1_v_mix_0_0_synth_1/prj/sol/.autopilot/db/v_mix.rtl_wrap.cfg.tcl 
Execute         gen_rtl AXIvideo2MultiPixStream.1_Pipeline_loop_wait_for_start -style xilinx -f -lang vhdl -o /home/e/Documents/research/byotee/OSDZU3_Ref_Design/OSDZU3_Ref_Design.runs/design_1_v_mix_0_0_synth_1/prj/sol/syn/vhdl/design_1_v_mix_0_0_AXIvideo2MultiPixStream_1_Pipeline_loop_wait_for_start 
Execute         gen_rtl AXIvideo2MultiPixStream.1_Pipeline_loop_wait_for_start -style xilinx -f -lang vlog -o /home/e/Documents/research/byotee/OSDZU3_Ref_Design/OSDZU3_Ref_Design.runs/design_1_v_mix_0_0_synth_1/prj/sol/syn/verilog/design_1_v_mix_0_0_AXIvideo2MultiPixStream_1_Pipeline_loop_wait_for_start 
Execute         syn_report -csynth -model AXIvideo2MultiPixStream.1_Pipeline_loop_wait_for_start -o /home/e/Documents/research/byotee/OSDZU3_Ref_Design/OSDZU3_Ref_Design.runs/design_1_v_mix_0_0_synth_1/prj/sol/syn/report/AXIvideo2MultiPixStream_1_Pipeline_loop_wait_for_start_csynth.rpt 
Execute           list_part -family xczu3eg-sfvc784-1-e 
Execute             ap_family_info -name xczu3eg-sfvc784-1-e -data names 
Execute             ap_part_info -quiet -name xczu3eg-sfvc784-1-e -data family 
Execute         syn_report -rtlxml -model AXIvideo2MultiPixStream.1_Pipeline_loop_wait_for_start -o /home/e/Documents/research/byotee/OSDZU3_Ref_Design/OSDZU3_Ref_Design.runs/design_1_v_mix_0_0_synth_1/prj/sol/syn/report/AXIvideo2MultiPixStream_1_Pipeline_loop_wait_for_start_csynth.xml 
Execute           list_part -family xczu3eg-sfvc784-1-e 
Execute             ap_family_info -name xczu3eg-sfvc784-1-e -data names 
Execute             ap_part_info -quiet -name xczu3eg-sfvc784-1-e -data family 
Execute         syn_report -verbosereport -model AXIvideo2MultiPixStream.1_Pipeline_loop_wait_for_start -o /home/e/Documents/research/byotee/OSDZU3_Ref_Design/OSDZU3_Ref_Design.runs/design_1_v_mix_0_0_synth_1/prj/sol/.autopilot/db/AXIvideo2MultiPixStream_1_Pipeline_loop_wait_for_start.verbose.rpt 
Execute           list_part -family xczu3eg-sfvc784-1-e 
Execute             ap_family_info -name xczu3eg-sfvc784-1-e -data names 
Execute             ap_part_info -quiet -name xczu3eg-sfvc784-1-e -data family 
Execute         db_write -model AXIvideo2MultiPixStream.1_Pipeline_loop_wait_for_start -f -o /home/e/Documents/research/byotee/OSDZU3_Ref_Design/OSDZU3_Ref_Design.runs/design_1_v_mix_0_0_synth_1/prj/sol/.autopilot/db/AXIvideo2MultiPixStream_1_Pipeline_loop_wait_for_start.adb 
Execute         db_write -model AXIvideo2MultiPixStream.1_Pipeline_loop_wait_for_start -bindview -o /home/e/Documents/research/byotee/OSDZU3_Ref_Design/OSDZU3_Ref_Design.runs/design_1_v_mix_0_0_synth_1/prj/sol/.autopilot/db/design.bindinfo.xml 
Execute         gen_tb_info AXIvideo2MultiPixStream.1_Pipeline_loop_wait_for_start -p /home/e/Documents/research/byotee/OSDZU3_Ref_Design/OSDZU3_Ref_Design.runs/design_1_v_mix_0_0_synth_1/prj/sol/.autopilot/db -o /home/e/Documents/research/byotee/OSDZU3_Ref_Design/OSDZU3_Ref_Design.runs/design_1_v_mix_0_0_synth_1/prj/sol/.autopilot/db/AXIvideo2MultiPixStream_1_Pipeline_loop_wait_for_start 
INFO: [HLS 200-10] ----------------------------------------------------------------
INFO: [HLS 200-10] -- Generating RTL for module 'AXIvideo2MultiPixStream_1_Pipeline_loop_width' 
INFO: [HLS 200-10] ----------------------------------------------------------------
Execute         create_rtl_model AXIvideo2MultiPixStream.1_Pipeline_loop_width -top_prefix design_1_v_mix_0_0_ -sub_prefix design_1_v_mix_0_0_ -mg_file /home/e/Documents/research/byotee/OSDZU3_Ref_Design/OSDZU3_Ref_Design.runs/design_1_v_mix_0_0_synth_1/prj/sol/.autopilot/db/AXIvideo2MultiPixStream_1_Pipeline_loop_width.compgen.tcl 
INFO: [HLS 200-1030] Apply Unified Pipeline Control on module 'AXIvideo2MultiPixStream_1_Pipeline_loop_width' pipeline 'loop_width' pipeline type 'loop pipeline'
INFO: [RTGEN 206-100] Finished creating RTL model for 'AXIvideo2MultiPixStream_1_Pipeline_loop_width'.
INFO: [HLS 200-111] Finished Creating RTL model: CPU user time: 0.04 seconds. CPU system time: 0.01 seconds. Elapsed time: 0.04 seconds; current allocated memory: 828.309 MB.
Execute         source /home/e/Documents/research/byotee/OSDZU3_Ref_Design/OSDZU3_Ref_Design.runs/design_1_v_mix_0_0_synth_1/prj/sol/.autopilot/db/v_mix.rtl_wrap.cfg.tcl 
Execute         gen_rtl AXIvideo2MultiPixStream.1_Pipeline_loop_width -style xilinx -f -lang vhdl -o /home/e/Documents/research/byotee/OSDZU3_Ref_Design/OSDZU3_Ref_Design.runs/design_1_v_mix_0_0_synth_1/prj/sol/syn/vhdl/design_1_v_mix_0_0_AXIvideo2MultiPixStream_1_Pipeline_loop_width 
Execute         gen_rtl AXIvideo2MultiPixStream.1_Pipeline_loop_width -style xilinx -f -lang vlog -o /home/e/Documents/research/byotee/OSDZU3_Ref_Design/OSDZU3_Ref_Design.runs/design_1_v_mix_0_0_synth_1/prj/sol/syn/verilog/design_1_v_mix_0_0_AXIvideo2MultiPixStream_1_Pipeline_loop_width 
Execute         syn_report -csynth -model AXIvideo2MultiPixStream.1_Pipeline_loop_width -o /home/e/Documents/research/byotee/OSDZU3_Ref_Design/OSDZU3_Ref_Design.runs/design_1_v_mix_0_0_synth_1/prj/sol/syn/report/AXIvideo2MultiPixStream_1_Pipeline_loop_width_csynth.rpt 
Execute           list_part -family xczu3eg-sfvc784-1-e 
Execute             ap_family_info -name xczu3eg-sfvc784-1-e -data names 
Execute             ap_part_info -quiet -name xczu3eg-sfvc784-1-e -data family 
Execute         syn_report -rtlxml -model AXIvideo2MultiPixStream.1_Pipeline_loop_width -o /home/e/Documents/research/byotee/OSDZU3_Ref_Design/OSDZU3_Ref_Design.runs/design_1_v_mix_0_0_synth_1/prj/sol/syn/report/AXIvideo2MultiPixStream_1_Pipeline_loop_width_csynth.xml 
Execute           list_part -family xczu3eg-sfvc784-1-e 
Execute             ap_family_info -name xczu3eg-sfvc784-1-e -data names 
Execute             ap_part_info -quiet -name xczu3eg-sfvc784-1-e -data family 
Execute         syn_report -verbosereport -model AXIvideo2MultiPixStream.1_Pipeline_loop_width -o /home/e/Documents/research/byotee/OSDZU3_Ref_Design/OSDZU3_Ref_Design.runs/design_1_v_mix_0_0_synth_1/prj/sol/.autopilot/db/AXIvideo2MultiPixStream_1_Pipeline_loop_width.verbose.rpt 
Execute           list_part -family xczu3eg-sfvc784-1-e 
Execute             ap_family_info -name xczu3eg-sfvc784-1-e -data names 
Execute             ap_part_info -quiet -name xczu3eg-sfvc784-1-e -data family 
Execute         db_write -model AXIvideo2MultiPixStream.1_Pipeline_loop_width -f -o /home/e/Documents/research/byotee/OSDZU3_Ref_Design/OSDZU3_Ref_Design.runs/design_1_v_mix_0_0_synth_1/prj/sol/.autopilot/db/AXIvideo2MultiPixStream_1_Pipeline_loop_width.adb 
Execute         db_write -model AXIvideo2MultiPixStream.1_Pipeline_loop_width -bindview -o /home/e/Documents/research/byotee/OSDZU3_Ref_Design/OSDZU3_Ref_Design.runs/design_1_v_mix_0_0_synth_1/prj/sol/.autopilot/db/design.bindinfo.xml 
Execute         gen_tb_info AXIvideo2MultiPixStream.1_Pipeline_loop_width -p /home/e/Documents/research/byotee/OSDZU3_Ref_Design/OSDZU3_Ref_Design.runs/design_1_v_mix_0_0_synth_1/prj/sol/.autopilot/db -o /home/e/Documents/research/byotee/OSDZU3_Ref_Design/OSDZU3_Ref_Design.runs/design_1_v_mix_0_0_synth_1/prj/sol/.autopilot/db/AXIvideo2MultiPixStream_1_Pipeline_loop_width 
INFO: [HLS 200-10] ----------------------------------------------------------------
INFO: [HLS 200-10] -- Generating RTL for module 'AXIvideo2MultiPixStream_1_Pipeline_loop_wait_for_eol' 
INFO: [HLS 200-10] ----------------------------------------------------------------
Execute         create_rtl_model AXIvideo2MultiPixStream.1_Pipeline_loop_wait_for_eol -top_prefix design_1_v_mix_0_0_ -sub_prefix design_1_v_mix_0_0_ -mg_file /home/e/Documents/research/byotee/OSDZU3_Ref_Design/OSDZU3_Ref_Design.runs/design_1_v_mix_0_0_synth_1/prj/sol/.autopilot/db/AXIvideo2MultiPixStream_1_Pipeline_loop_wait_for_eol.compgen.tcl 
INFO: [RTGEN 206-100] Finished creating RTL model for 'AXIvideo2MultiPixStream_1_Pipeline_loop_wait_for_eol'.
INFO: [HLS 200-111] Finished Creating RTL model: CPU user time: 0.04 seconds. CPU system time: 0 seconds. Elapsed time: 0.05 seconds; current allocated memory: 829.484 MB.
Execute         source /home/e/Documents/research/byotee/OSDZU3_Ref_Design/OSDZU3_Ref_Design.runs/design_1_v_mix_0_0_synth_1/prj/sol/.autopilot/db/v_mix.rtl_wrap.cfg.tcl 
Execute         gen_rtl AXIvideo2MultiPixStream.1_Pipeline_loop_wait_for_eol -style xilinx -f -lang vhdl -o /home/e/Documents/research/byotee/OSDZU3_Ref_Design/OSDZU3_Ref_Design.runs/design_1_v_mix_0_0_synth_1/prj/sol/syn/vhdl/design_1_v_mix_0_0_AXIvideo2MultiPixStream_1_Pipeline_loop_wait_for_eol 
Execute         gen_rtl AXIvideo2MultiPixStream.1_Pipeline_loop_wait_for_eol -style xilinx -f -lang vlog -o /home/e/Documents/research/byotee/OSDZU3_Ref_Design/OSDZU3_Ref_Design.runs/design_1_v_mix_0_0_synth_1/prj/sol/syn/verilog/design_1_v_mix_0_0_AXIvideo2MultiPixStream_1_Pipeline_loop_wait_for_eol 
Execute         syn_report -csynth -model AXIvideo2MultiPixStream.1_Pipeline_loop_wait_for_eol -o /home/e/Documents/research/byotee/OSDZU3_Ref_Design/OSDZU3_Ref_Design.runs/design_1_v_mix_0_0_synth_1/prj/sol/syn/report/AXIvideo2MultiPixStream_1_Pipeline_loop_wait_for_eol_csynth.rpt 
Execute           list_part -family xczu3eg-sfvc784-1-e 
Execute             ap_family_info -name xczu3eg-sfvc784-1-e -data names 
Execute             ap_part_info -quiet -name xczu3eg-sfvc784-1-e -data family 
Execute         syn_report -rtlxml -model AXIvideo2MultiPixStream.1_Pipeline_loop_wait_for_eol -o /home/e/Documents/research/byotee/OSDZU3_Ref_Design/OSDZU3_Ref_Design.runs/design_1_v_mix_0_0_synth_1/prj/sol/syn/report/AXIvideo2MultiPixStream_1_Pipeline_loop_wait_for_eol_csynth.xml 
Execute           list_part -family xczu3eg-sfvc784-1-e 
Execute             ap_family_info -name xczu3eg-sfvc784-1-e -data names 
Execute             ap_part_info -quiet -name xczu3eg-sfvc784-1-e -data family 
Execute         syn_report -verbosereport -model AXIvideo2MultiPixStream.1_Pipeline_loop_wait_for_eol -o /home/e/Documents/research/byotee/OSDZU3_Ref_Design/OSDZU3_Ref_Design.runs/design_1_v_mix_0_0_synth_1/prj/sol/.autopilot/db/AXIvideo2MultiPixStream_1_Pipeline_loop_wait_for_eol.verbose.rpt 
Execute           list_part -family xczu3eg-sfvc784-1-e 
Execute             ap_family_info -name xczu3eg-sfvc784-1-e -data names 
Execute             ap_part_info -quiet -name xczu3eg-sfvc784-1-e -data family 
Execute         db_write -model AXIvideo2MultiPixStream.1_Pipeline_loop_wait_for_eol -f -o /home/e/Documents/research/byotee/OSDZU3_Ref_Design/OSDZU3_Ref_Design.runs/design_1_v_mix_0_0_synth_1/prj/sol/.autopilot/db/AXIvideo2MultiPixStream_1_Pipeline_loop_wait_for_eol.adb 
Execute         db_write -model AXIvideo2MultiPixStream.1_Pipeline_loop_wait_for_eol -bindview -o /home/e/Documents/research/byotee/OSDZU3_Ref_Design/OSDZU3_Ref_Design.runs/design_1_v_mix_0_0_synth_1/prj/sol/.autopilot/db/design.bindinfo.xml 
Execute         gen_tb_info AXIvideo2MultiPixStream.1_Pipeline_loop_wait_for_eol -p /home/e/Documents/research/byotee/OSDZU3_Ref_Design/OSDZU3_Ref_Design.runs/design_1_v_mix_0_0_synth_1/prj/sol/.autopilot/db -o /home/e/Documents/research/byotee/OSDZU3_Ref_Design/OSDZU3_Ref_Design.runs/design_1_v_mix_0_0_synth_1/prj/sol/.autopilot/db/AXIvideo2MultiPixStream_1_Pipeline_loop_wait_for_eol 
INFO: [HLS 200-10] ----------------------------------------------------------------
INFO: [HLS 200-10] -- Generating RTL for module 'AXIvideo2MultiPixStream_1' 
INFO: [HLS 200-10] ----------------------------------------------------------------
Execute         create_rtl_model AXIvideo2MultiPixStream.1 -top_prefix design_1_v_mix_0_0_ -sub_prefix design_1_v_mix_0_0_ -mg_file /home/e/Documents/research/byotee/OSDZU3_Ref_Design/OSDZU3_Ref_Design.runs/design_1_v_mix_0_0_synth_1/prj/sol/.autopilot/db/AXIvideo2MultiPixStream_1.compgen.tcl 
INFO: [RTGEN 206-100] Finished creating RTL model for 'AXIvideo2MultiPixStream_1'.
INFO: [HLS 200-111] Finished Creating RTL model: CPU user time: 0.05 seconds. CPU system time: 0 seconds. Elapsed time: 0.05 seconds; current allocated memory: 830.438 MB.
Execute         source /home/e/Documents/research/byotee/OSDZU3_Ref_Design/OSDZU3_Ref_Design.runs/design_1_v_mix_0_0_synth_1/prj/sol/.autopilot/db/v_mix.rtl_wrap.cfg.tcl 
Execute         gen_rtl AXIvideo2MultiPixStream.1 -style xilinx -f -lang vhdl -o /home/e/Documents/research/byotee/OSDZU3_Ref_Design/OSDZU3_Ref_Design.runs/design_1_v_mix_0_0_synth_1/prj/sol/syn/vhdl/design_1_v_mix_0_0_AXIvideo2MultiPixStream_1 
Execute         gen_rtl AXIvideo2MultiPixStream.1 -style xilinx -f -lang vlog -o /home/e/Documents/research/byotee/OSDZU3_Ref_Design/OSDZU3_Ref_Design.runs/design_1_v_mix_0_0_synth_1/prj/sol/syn/verilog/design_1_v_mix_0_0_AXIvideo2MultiPixStream_1 
Execute         syn_report -csynth -model AXIvideo2MultiPixStream.1 -o /home/e/Documents/research/byotee/OSDZU3_Ref_Design/OSDZU3_Ref_Design.runs/design_1_v_mix_0_0_synth_1/prj/sol/syn/report/AXIvideo2MultiPixStream_1_csynth.rpt 
Execute           list_part -family xczu3eg-sfvc784-1-e 
Execute             ap_family_info -name xczu3eg-sfvc784-1-e -data names 
Execute             ap_part_info -quiet -name xczu3eg-sfvc784-1-e -data family 
Execute         syn_report -rtlxml -model AXIvideo2MultiPixStream.1 -o /home/e/Documents/research/byotee/OSDZU3_Ref_Design/OSDZU3_Ref_Design.runs/design_1_v_mix_0_0_synth_1/prj/sol/syn/report/AXIvideo2MultiPixStream_1_csynth.xml 
Execute           list_part -family xczu3eg-sfvc784-1-e 
Execute             ap_family_info -name xczu3eg-sfvc784-1-e -data names 
Execute             ap_part_info -quiet -name xczu3eg-sfvc784-1-e -data family 
Execute         syn_report -verbosereport -model AXIvideo2MultiPixStream.1 -o /home/e/Documents/research/byotee/OSDZU3_Ref_Design/OSDZU3_Ref_Design.runs/design_1_v_mix_0_0_synth_1/prj/sol/.autopilot/db/AXIvideo2MultiPixStream_1.verbose.rpt 
Execute           list_part -family xczu3eg-sfvc784-1-e 
Execute             ap_family_info -name xczu3eg-sfvc784-1-e -data names 
Execute             ap_part_info -quiet -name xczu3eg-sfvc784-1-e -data family 
Execute         db_write -model AXIvideo2MultiPixStream.1 -f -o /home/e/Documents/research/byotee/OSDZU3_Ref_Design/OSDZU3_Ref_Design.runs/design_1_v_mix_0_0_synth_1/prj/sol/.autopilot/db/AXIvideo2MultiPixStream_1.adb 
Execute         db_write -model AXIvideo2MultiPixStream.1 -bindview -o /home/e/Documents/research/byotee/OSDZU3_Ref_Design/OSDZU3_Ref_Design.runs/design_1_v_mix_0_0_synth_1/prj/sol/.autopilot/db/design.bindinfo.xml 
Execute         gen_tb_info AXIvideo2MultiPixStream.1 -p /home/e/Documents/research/byotee/OSDZU3_Ref_Design/OSDZU3_Ref_Design.runs/design_1_v_mix_0_0_synth_1/prj/sol/.autopilot/db -o /home/e/Documents/research/byotee/OSDZU3_Ref_Design/OSDZU3_Ref_Design.runs/design_1_v_mix_0_0_synth_1/prj/sol/.autopilot/db/AXIvideo2MultiPixStream_1 
INFO: [HLS 200-10] ----------------------------------------------------------------
INFO: [HLS 200-10] -- Generating RTL for module 'v_mix_420_to_422_false_2_Pipeline_VITIS_LOOP_76_2' 
INFO: [HLS 200-10] ----------------------------------------------------------------
Execute         create_rtl_model v_mix_420_to_422<false>.2_Pipeline_VITIS_LOOP_76_2 -top_prefix design_1_v_mix_0_0_ -sub_prefix design_1_v_mix_0_0_ -mg_file /home/e/Documents/research/byotee/OSDZU3_Ref_Design/OSDZU3_Ref_Design.runs/design_1_v_mix_0_0_synth_1/prj/sol/.autopilot/db/v_mix_420_to_422_false_2_Pipeline_VITIS_LOOP_76_2.compgen.tcl 
INFO: [HLS 200-1030] Apply Unified Pipeline Control on module 'v_mix_420_to_422_false_2_Pipeline_VITIS_LOOP_76_2' pipeline 'VITIS_LOOP_76_2' pipeline type 'loop pipeline'
INFO: [RTGEN 206-100] Finished creating RTL model for 'v_mix_420_to_422_false_2_Pipeline_VITIS_LOOP_76_2'.
INFO: [HLS 200-111] Finished Creating RTL model: CPU user time: 0.03 seconds. CPU system time: 0.01 seconds. Elapsed time: 0.03 seconds; current allocated memory: 831.770 MB.
Execute         source /home/e/Documents/research/byotee/OSDZU3_Ref_Design/OSDZU3_Ref_Design.runs/design_1_v_mix_0_0_synth_1/prj/sol/.autopilot/db/v_mix.rtl_wrap.cfg.tcl 
Execute         gen_rtl v_mix_420_to_422<false>.2_Pipeline_VITIS_LOOP_76_2 -style xilinx -f -lang vhdl -o /home/e/Documents/research/byotee/OSDZU3_Ref_Design/OSDZU3_Ref_Design.runs/design_1_v_mix_0_0_synth_1/prj/sol/syn/vhdl/design_1_v_mix_0_0_v_mix_420_to_422_false_2_Pipeline_VITIS_LOOP_76_2 
Execute         gen_rtl v_mix_420_to_422<false>.2_Pipeline_VITIS_LOOP_76_2 -style xilinx -f -lang vlog -o /home/e/Documents/research/byotee/OSDZU3_Ref_Design/OSDZU3_Ref_Design.runs/design_1_v_mix_0_0_synth_1/prj/sol/syn/verilog/design_1_v_mix_0_0_v_mix_420_to_422_false_2_Pipeline_VITIS_LOOP_76_2 
Execute         syn_report -csynth -model v_mix_420_to_422<false>.2_Pipeline_VITIS_LOOP_76_2 -o /home/e/Documents/research/byotee/OSDZU3_Ref_Design/OSDZU3_Ref_Design.runs/design_1_v_mix_0_0_synth_1/prj/sol/syn/report/v_mix_420_to_422_false_2_Pipeline_VITIS_LOOP_76_2_csynth.rpt 
Execute           list_part -family xczu3eg-sfvc784-1-e 
Execute             ap_family_info -name xczu3eg-sfvc784-1-e -data names 
Execute             ap_part_info -quiet -name xczu3eg-sfvc784-1-e -data family 
Execute         syn_report -rtlxml -model v_mix_420_to_422<false>.2_Pipeline_VITIS_LOOP_76_2 -o /home/e/Documents/research/byotee/OSDZU3_Ref_Design/OSDZU3_Ref_Design.runs/design_1_v_mix_0_0_synth_1/prj/sol/syn/report/v_mix_420_to_422_false_2_Pipeline_VITIS_LOOP_76_2_csynth.xml 
Execute           list_part -family xczu3eg-sfvc784-1-e 
Execute             ap_family_info -name xczu3eg-sfvc784-1-e -data names 
Execute             ap_part_info -quiet -name xczu3eg-sfvc784-1-e -data family 
Execute         syn_report -verbosereport -model v_mix_420_to_422<false>.2_Pipeline_VITIS_LOOP_76_2 -o /home/e/Documents/research/byotee/OSDZU3_Ref_Design/OSDZU3_Ref_Design.runs/design_1_v_mix_0_0_synth_1/prj/sol/.autopilot/db/v_mix_420_to_422_false_2_Pipeline_VITIS_LOOP_76_2.verbose.rpt 
Execute           list_part -family xczu3eg-sfvc784-1-e 
Execute             ap_family_info -name xczu3eg-sfvc784-1-e -data names 
Execute             ap_part_info -quiet -name xczu3eg-sfvc784-1-e -data family 
Execute         db_write -model v_mix_420_to_422<false>.2_Pipeline_VITIS_LOOP_76_2 -f -o /home/e/Documents/research/byotee/OSDZU3_Ref_Design/OSDZU3_Ref_Design.runs/design_1_v_mix_0_0_synth_1/prj/sol/.autopilot/db/v_mix_420_to_422_false_2_Pipeline_VITIS_LOOP_76_2.adb 
Execute         db_write -model v_mix_420_to_422<false>.2_Pipeline_VITIS_LOOP_76_2 -bindview -o /home/e/Documents/research/byotee/OSDZU3_Ref_Design/OSDZU3_Ref_Design.runs/design_1_v_mix_0_0_synth_1/prj/sol/.autopilot/db/design.bindinfo.xml 
Execute         gen_tb_info v_mix_420_to_422<false>.2_Pipeline_VITIS_LOOP_76_2 -p /home/e/Documents/research/byotee/OSDZU3_Ref_Design/OSDZU3_Ref_Design.runs/design_1_v_mix_0_0_synth_1/prj/sol/.autopilot/db -o /home/e/Documents/research/byotee/OSDZU3_Ref_Design/OSDZU3_Ref_Design.runs/design_1_v_mix_0_0_synth_1/prj/sol/.autopilot/db/v_mix_420_to_422_false_2_Pipeline_VITIS_LOOP_76_2 
INFO: [HLS 200-10] ----------------------------------------------------------------
INFO: [HLS 200-10] -- Generating RTL for module 'v_mix_420_to_422_false_2' 
INFO: [HLS 200-10] ----------------------------------------------------------------
Execute         create_rtl_model v_mix_420_to_422<false>.2 -top_prefix design_1_v_mix_0_0_ -sub_prefix design_1_v_mix_0_0_ -mg_file /home/e/Documents/research/byotee/OSDZU3_Ref_Design/OSDZU3_Ref_Design.runs/design_1_v_mix_0_0_synth_1/prj/sol/.autopilot/db/v_mix_420_to_422_false_2.compgen.tcl 
INFO: [RTGEN 206-100] Finished creating RTL model for 'v_mix_420_to_422_false_2'.
INFO: [HLS 200-111] Finished Creating RTL model: CPU user time: 0.04 seconds. CPU system time: 0 seconds. Elapsed time: 0.04 seconds; current allocated memory: 832.211 MB.
Execute         source /home/e/Documents/research/byotee/OSDZU3_Ref_Design/OSDZU3_Ref_Design.runs/design_1_v_mix_0_0_synth_1/prj/sol/.autopilot/db/v_mix.rtl_wrap.cfg.tcl 
Execute         gen_rtl v_mix_420_to_422<false>.2 -style xilinx -f -lang vhdl -o /home/e/Documents/research/byotee/OSDZU3_Ref_Design/OSDZU3_Ref_Design.runs/design_1_v_mix_0_0_synth_1/prj/sol/syn/vhdl/design_1_v_mix_0_0_v_mix_420_to_422_false_2 
Execute         gen_rtl v_mix_420_to_422<false>.2 -style xilinx -f -lang vlog -o /home/e/Documents/research/byotee/OSDZU3_Ref_Design/OSDZU3_Ref_Design.runs/design_1_v_mix_0_0_synth_1/prj/sol/syn/verilog/design_1_v_mix_0_0_v_mix_420_to_422_false_2 
Execute         syn_report -csynth -model v_mix_420_to_422<false>.2 -o /home/e/Documents/research/byotee/OSDZU3_Ref_Design/OSDZU3_Ref_Design.runs/design_1_v_mix_0_0_synth_1/prj/sol/syn/report/v_mix_420_to_422_false_2_csynth.rpt 
Execute           list_part -family xczu3eg-sfvc784-1-e 
Execute             ap_family_info -name xczu3eg-sfvc784-1-e -data names 
Execute             ap_part_info -quiet -name xczu3eg-sfvc784-1-e -data family 
Execute         syn_report -rtlxml -model v_mix_420_to_422<false>.2 -o /home/e/Documents/research/byotee/OSDZU3_Ref_Design/OSDZU3_Ref_Design.runs/design_1_v_mix_0_0_synth_1/prj/sol/syn/report/v_mix_420_to_422_false_2_csynth.xml 
Execute           list_part -family xczu3eg-sfvc784-1-e 
Execute             ap_family_info -name xczu3eg-sfvc784-1-e -data names 
Execute             ap_part_info -quiet -name xczu3eg-sfvc784-1-e -data family 
Execute         syn_report -verbosereport -model v_mix_420_to_422<false>.2 -o /home/e/Documents/research/byotee/OSDZU3_Ref_Design/OSDZU3_Ref_Design.runs/design_1_v_mix_0_0_synth_1/prj/sol/.autopilot/db/v_mix_420_to_422_false_2.verbose.rpt 
Execute           list_part -family xczu3eg-sfvc784-1-e 
Execute             ap_family_info -name xczu3eg-sfvc784-1-e -data names 
Execute             ap_part_info -quiet -name xczu3eg-sfvc784-1-e -data family 
Execute         db_write -model v_mix_420_to_422<false>.2 -f -o /home/e/Documents/research/byotee/OSDZU3_Ref_Design/OSDZU3_Ref_Design.runs/design_1_v_mix_0_0_synth_1/prj/sol/.autopilot/db/v_mix_420_to_422_false_2.adb 
Execute         db_write -model v_mix_420_to_422<false>.2 -bindview -o /home/e/Documents/research/byotee/OSDZU3_Ref_Design/OSDZU3_Ref_Design.runs/design_1_v_mix_0_0_synth_1/prj/sol/.autopilot/db/design.bindinfo.xml 
Execute         gen_tb_info v_mix_420_to_422<false>.2 -p /home/e/Documents/research/byotee/OSDZU3_Ref_Design/OSDZU3_Ref_Design.runs/design_1_v_mix_0_0_synth_1/prj/sol/.autopilot/db -o /home/e/Documents/research/byotee/OSDZU3_Ref_Design/OSDZU3_Ref_Design.runs/design_1_v_mix_0_0_synth_1/prj/sol/.autopilot/db/v_mix_420_to_422_false_2 
INFO: [HLS 200-10] ----------------------------------------------------------------
INFO: [HLS 200-10] -- Generating RTL for module 'v_mix_422_to_444_false_3_Pipeline_VITIS_LOOP_105_2' 
INFO: [HLS 200-10] ----------------------------------------------------------------
Execute         create_rtl_model v_mix_422_to_444<false>.3_Pipeline_VITIS_LOOP_105_2 -top_prefix design_1_v_mix_0_0_ -sub_prefix design_1_v_mix_0_0_ -mg_file /home/e/Documents/research/byotee/OSDZU3_Ref_Design/OSDZU3_Ref_Design.runs/design_1_v_mix_0_0_synth_1/prj/sol/.autopilot/db/v_mix_422_to_444_false_3_Pipeline_VITIS_LOOP_105_2.compgen.tcl 
INFO: [HLS 200-1030] Apply Unified Pipeline Control on module 'v_mix_422_to_444_false_3_Pipeline_VITIS_LOOP_105_2' pipeline 'VITIS_LOOP_105_2' pipeline type 'loop pipeline'
INFO: [RTGEN 206-100] Finished creating RTL model for 'v_mix_422_to_444_false_3_Pipeline_VITIS_LOOP_105_2'.
INFO: [HLS 200-111] Finished Creating RTL model: CPU user time: 0.03 seconds. CPU system time: 0 seconds. Elapsed time: 0.03 seconds; current allocated memory: 832.918 MB.
Execute         source /home/e/Documents/research/byotee/OSDZU3_Ref_Design/OSDZU3_Ref_Design.runs/design_1_v_mix_0_0_synth_1/prj/sol/.autopilot/db/v_mix.rtl_wrap.cfg.tcl 
Execute         gen_rtl v_mix_422_to_444<false>.3_Pipeline_VITIS_LOOP_105_2 -style xilinx -f -lang vhdl -o /home/e/Documents/research/byotee/OSDZU3_Ref_Design/OSDZU3_Ref_Design.runs/design_1_v_mix_0_0_synth_1/prj/sol/syn/vhdl/design_1_v_mix_0_0_v_mix_422_to_444_false_3_Pipeline_VITIS_LOOP_105_2 
Execute         gen_rtl v_mix_422_to_444<false>.3_Pipeline_VITIS_LOOP_105_2 -style xilinx -f -lang vlog -o /home/e/Documents/research/byotee/OSDZU3_Ref_Design/OSDZU3_Ref_Design.runs/design_1_v_mix_0_0_synth_1/prj/sol/syn/verilog/design_1_v_mix_0_0_v_mix_422_to_444_false_3_Pipeline_VITIS_LOOP_105_2 
Execute         syn_report -csynth -model v_mix_422_to_444<false>.3_Pipeline_VITIS_LOOP_105_2 -o /home/e/Documents/research/byotee/OSDZU3_Ref_Design/OSDZU3_Ref_Design.runs/design_1_v_mix_0_0_synth_1/prj/sol/syn/report/v_mix_422_to_444_false_3_Pipeline_VITIS_LOOP_105_2_csynth.rpt 
Execute           list_part -family xczu3eg-sfvc784-1-e 
Execute             ap_family_info -name xczu3eg-sfvc784-1-e -data names 
Execute             ap_part_info -quiet -name xczu3eg-sfvc784-1-e -data family 
Execute         syn_report -rtlxml -model v_mix_422_to_444<false>.3_Pipeline_VITIS_LOOP_105_2 -o /home/e/Documents/research/byotee/OSDZU3_Ref_Design/OSDZU3_Ref_Design.runs/design_1_v_mix_0_0_synth_1/prj/sol/syn/report/v_mix_422_to_444_false_3_Pipeline_VITIS_LOOP_105_2_csynth.xml 
Execute           list_part -family xczu3eg-sfvc784-1-e 
Execute             ap_family_info -name xczu3eg-sfvc784-1-e -data names 
Execute             ap_part_info -quiet -name xczu3eg-sfvc784-1-e -data family 
Execute         syn_report -verbosereport -model v_mix_422_to_444<false>.3_Pipeline_VITIS_LOOP_105_2 -o /home/e/Documents/research/byotee/OSDZU3_Ref_Design/OSDZU3_Ref_Design.runs/design_1_v_mix_0_0_synth_1/prj/sol/.autopilot/db/v_mix_422_to_444_false_3_Pipeline_VITIS_LOOP_105_2.verbose.rpt 
Execute           list_part -family xczu3eg-sfvc784-1-e 
Execute             ap_family_info -name xczu3eg-sfvc784-1-e -data names 
Execute             ap_part_info -quiet -name xczu3eg-sfvc784-1-e -data family 
Execute         db_write -model v_mix_422_to_444<false>.3_Pipeline_VITIS_LOOP_105_2 -f -o /home/e/Documents/research/byotee/OSDZU3_Ref_Design/OSDZU3_Ref_Design.runs/design_1_v_mix_0_0_synth_1/prj/sol/.autopilot/db/v_mix_422_to_444_false_3_Pipeline_VITIS_LOOP_105_2.adb 
Execute         db_write -model v_mix_422_to_444<false>.3_Pipeline_VITIS_LOOP_105_2 -bindview -o /home/e/Documents/research/byotee/OSDZU3_Ref_Design/OSDZU3_Ref_Design.runs/design_1_v_mix_0_0_synth_1/prj/sol/.autopilot/db/design.bindinfo.xml 
Execute         gen_tb_info v_mix_422_to_444<false>.3_Pipeline_VITIS_LOOP_105_2 -p /home/e/Documents/research/byotee/OSDZU3_Ref_Design/OSDZU3_Ref_Design.runs/design_1_v_mix_0_0_synth_1/prj/sol/.autopilot/db -o /home/e/Documents/research/byotee/OSDZU3_Ref_Design/OSDZU3_Ref_Design.runs/design_1_v_mix_0_0_synth_1/prj/sol/.autopilot/db/v_mix_422_to_444_false_3_Pipeline_VITIS_LOOP_105_2 
INFO: [HLS 200-10] ----------------------------------------------------------------
INFO: [HLS 200-10] -- Generating RTL for module 'v_mix_422_to_444_false_3' 
INFO: [HLS 200-10] ----------------------------------------------------------------
Execute         create_rtl_model v_mix_422_to_444<false>.3 -top_prefix design_1_v_mix_0_0_ -sub_prefix design_1_v_mix_0_0_ -mg_file /home/e/Documents/research/byotee/OSDZU3_Ref_Design/OSDZU3_Ref_Design.runs/design_1_v_mix_0_0_synth_1/prj/sol/.autopilot/db/v_mix_422_to_444_false_3.compgen.tcl 
INFO: [RTGEN 206-100] Finished creating RTL model for 'v_mix_422_to_444_false_3'.
INFO: [HLS 200-111] Finished Creating RTL model: CPU user time: 0.02 seconds. CPU system time: 0 seconds. Elapsed time: 0.04 seconds; current allocated memory: 833.535 MB.
Execute         source /home/e/Documents/research/byotee/OSDZU3_Ref_Design/OSDZU3_Ref_Design.runs/design_1_v_mix_0_0_synth_1/prj/sol/.autopilot/db/v_mix.rtl_wrap.cfg.tcl 
Execute         gen_rtl v_mix_422_to_444<false>.3 -style xilinx -f -lang vhdl -o /home/e/Documents/research/byotee/OSDZU3_Ref_Design/OSDZU3_Ref_Design.runs/design_1_v_mix_0_0_synth_1/prj/sol/syn/vhdl/design_1_v_mix_0_0_v_mix_422_to_444_false_3 
Execute         gen_rtl v_mix_422_to_444<false>.3 -style xilinx -f -lang vlog -o /home/e/Documents/research/byotee/OSDZU3_Ref_Design/OSDZU3_Ref_Design.runs/design_1_v_mix_0_0_synth_1/prj/sol/syn/verilog/design_1_v_mix_0_0_v_mix_422_to_444_false_3 
Execute         syn_report -csynth -model v_mix_422_to_444<false>.3 -o /home/e/Documents/research/byotee/OSDZU3_Ref_Design/OSDZU3_Ref_Design.runs/design_1_v_mix_0_0_synth_1/prj/sol/syn/report/v_mix_422_to_444_false_3_csynth.rpt 
Execute           list_part -family xczu3eg-sfvc784-1-e 
Execute             ap_family_info -name xczu3eg-sfvc784-1-e -data names 
Execute             ap_part_info -quiet -name xczu3eg-sfvc784-1-e -data family 
Execute         syn_report -rtlxml -model v_mix_422_to_444<false>.3 -o /home/e/Documents/research/byotee/OSDZU3_Ref_Design/OSDZU3_Ref_Design.runs/design_1_v_mix_0_0_synth_1/prj/sol/syn/report/v_mix_422_to_444_false_3_csynth.xml 
Execute           list_part -family xczu3eg-sfvc784-1-e 
Execute             ap_family_info -name xczu3eg-sfvc784-1-e -data names 
Execute             ap_part_info -quiet -name xczu3eg-sfvc784-1-e -data family 
Execute         syn_report -verbosereport -model v_mix_422_to_444<false>.3 -o /home/e/Documents/research/byotee/OSDZU3_Ref_Design/OSDZU3_Ref_Design.runs/design_1_v_mix_0_0_synth_1/prj/sol/.autopilot/db/v_mix_422_to_444_false_3.verbose.rpt 
Execute           list_part -family xczu3eg-sfvc784-1-e 
Execute             ap_family_info -name xczu3eg-sfvc784-1-e -data names 
Execute             ap_part_info -quiet -name xczu3eg-sfvc784-1-e -data family 
Execute         db_write -model v_mix_422_to_444<false>.3 -f -o /home/e/Documents/research/byotee/OSDZU3_Ref_Design/OSDZU3_Ref_Design.runs/design_1_v_mix_0_0_synth_1/prj/sol/.autopilot/db/v_mix_422_to_444_false_3.adb 
Execute         db_write -model v_mix_422_to_444<false>.3 -bindview -o /home/e/Documents/research/byotee/OSDZU3_Ref_Design/OSDZU3_Ref_Design.runs/design_1_v_mix_0_0_synth_1/prj/sol/.autopilot/db/design.bindinfo.xml 
Execute         gen_tb_info v_mix_422_to_444<false>.3 -p /home/e/Documents/research/byotee/OSDZU3_Ref_Design/OSDZU3_Ref_Design.runs/design_1_v_mix_0_0_synth_1/prj/sol/.autopilot/db -o /home/e/Documents/research/byotee/OSDZU3_Ref_Design/OSDZU3_Ref_Design.runs/design_1_v_mix_0_0_synth_1/prj/sol/.autopilot/db/v_mix_422_to_444_false_3 
INFO: [HLS 200-10] ----------------------------------------------------------------
INFO: [HLS 200-10] -- Generating RTL for module 'v_mix_yuv2rgb_false_4_Pipeline_VITIS_LOOP_897_2' 
INFO: [HLS 200-10] ----------------------------------------------------------------
Execute         create_rtl_model v_mix_yuv2rgb<false>.4_Pipeline_VITIS_LOOP_897_2 -top_prefix design_1_v_mix_0_0_ -sub_prefix design_1_v_mix_0_0_ -mg_file /home/e/Documents/research/byotee/OSDZU3_Ref_Design/OSDZU3_Ref_Design.runs/design_1_v_mix_0_0_synth_1/prj/sol/.autopilot/db/v_mix_yuv2rgb_false_4_Pipeline_VITIS_LOOP_897_2.compgen.tcl 
INFO: [HLS 200-1030] Apply Unified Pipeline Control on module 'v_mix_yuv2rgb_false_4_Pipeline_VITIS_LOOP_897_2' pipeline 'VITIS_LOOP_897_2' pipeline type 'loop pipeline'
INFO: [RTGEN 206-100] Finished creating RTL model for 'v_mix_yuv2rgb_false_4_Pipeline_VITIS_LOOP_897_2'.
INFO: [HLS 200-111] Finished Creating RTL model: CPU user time: 0.03 seconds. CPU system time: 0.01 seconds. Elapsed time: 0.03 seconds; current allocated memory: 834.211 MB.
Execute         source /home/e/Documents/research/byotee/OSDZU3_Ref_Design/OSDZU3_Ref_Design.runs/design_1_v_mix_0_0_synth_1/prj/sol/.autopilot/db/v_mix.rtl_wrap.cfg.tcl 
Execute         gen_rtl v_mix_yuv2rgb<false>.4_Pipeline_VITIS_LOOP_897_2 -style xilinx -f -lang vhdl -o /home/e/Documents/research/byotee/OSDZU3_Ref_Design/OSDZU3_Ref_Design.runs/design_1_v_mix_0_0_synth_1/prj/sol/syn/vhdl/design_1_v_mix_0_0_v_mix_yuv2rgb_false_4_Pipeline_VITIS_LOOP_897_2 
Execute         gen_rtl v_mix_yuv2rgb<false>.4_Pipeline_VITIS_LOOP_897_2 -style xilinx -f -lang vlog -o /home/e/Documents/research/byotee/OSDZU3_Ref_Design/OSDZU3_Ref_Design.runs/design_1_v_mix_0_0_synth_1/prj/sol/syn/verilog/design_1_v_mix_0_0_v_mix_yuv2rgb_false_4_Pipeline_VITIS_LOOP_897_2 
Execute         syn_report -csynth -model v_mix_yuv2rgb<false>.4_Pipeline_VITIS_LOOP_897_2 -o /home/e/Documents/research/byotee/OSDZU3_Ref_Design/OSDZU3_Ref_Design.runs/design_1_v_mix_0_0_synth_1/prj/sol/syn/report/v_mix_yuv2rgb_false_4_Pipeline_VITIS_LOOP_897_2_csynth.rpt 
Execute           list_part -family xczu3eg-sfvc784-1-e 
Execute             ap_family_info -name xczu3eg-sfvc784-1-e -data names 
Execute             ap_part_info -quiet -name xczu3eg-sfvc784-1-e -data family 
Execute         syn_report -rtlxml -model v_mix_yuv2rgb<false>.4_Pipeline_VITIS_LOOP_897_2 -o /home/e/Documents/research/byotee/OSDZU3_Ref_Design/OSDZU3_Ref_Design.runs/design_1_v_mix_0_0_synth_1/prj/sol/syn/report/v_mix_yuv2rgb_false_4_Pipeline_VITIS_LOOP_897_2_csynth.xml 
Execute           list_part -family xczu3eg-sfvc784-1-e 
Execute             ap_family_info -name xczu3eg-sfvc784-1-e -data names 
Execute             ap_part_info -quiet -name xczu3eg-sfvc784-1-e -data family 
Execute         syn_report -verbosereport -model v_mix_yuv2rgb<false>.4_Pipeline_VITIS_LOOP_897_2 -o /home/e/Documents/research/byotee/OSDZU3_Ref_Design/OSDZU3_Ref_Design.runs/design_1_v_mix_0_0_synth_1/prj/sol/.autopilot/db/v_mix_yuv2rgb_false_4_Pipeline_VITIS_LOOP_897_2.verbose.rpt 
Execute           list_part -family xczu3eg-sfvc784-1-e 
Execute             ap_family_info -name xczu3eg-sfvc784-1-e -data names 
Execute             ap_part_info -quiet -name xczu3eg-sfvc784-1-e -data family 
Execute         db_write -model v_mix_yuv2rgb<false>.4_Pipeline_VITIS_LOOP_897_2 -f -o /home/e/Documents/research/byotee/OSDZU3_Ref_Design/OSDZU3_Ref_Design.runs/design_1_v_mix_0_0_synth_1/prj/sol/.autopilot/db/v_mix_yuv2rgb_false_4_Pipeline_VITIS_LOOP_897_2.adb 
Execute         db_write -model v_mix_yuv2rgb<false>.4_Pipeline_VITIS_LOOP_897_2 -bindview -o /home/e/Documents/research/byotee/OSDZU3_Ref_Design/OSDZU3_Ref_Design.runs/design_1_v_mix_0_0_synth_1/prj/sol/.autopilot/db/design.bindinfo.xml 
Execute         gen_tb_info v_mix_yuv2rgb<false>.4_Pipeline_VITIS_LOOP_897_2 -p /home/e/Documents/research/byotee/OSDZU3_Ref_Design/OSDZU3_Ref_Design.runs/design_1_v_mix_0_0_synth_1/prj/sol/.autopilot/db -o /home/e/Documents/research/byotee/OSDZU3_Ref_Design/OSDZU3_Ref_Design.runs/design_1_v_mix_0_0_synth_1/prj/sol/.autopilot/db/v_mix_yuv2rgb_false_4_Pipeline_VITIS_LOOP_897_2 
INFO: [HLS 200-10] ----------------------------------------------------------------
INFO: [HLS 200-10] -- Generating RTL for module 'v_mix_yuv2rgb_false_4' 
INFO: [HLS 200-10] ----------------------------------------------------------------
Execute         create_rtl_model v_mix_yuv2rgb<false>.4 -top_prefix design_1_v_mix_0_0_ -sub_prefix design_1_v_mix_0_0_ -mg_file /home/e/Documents/research/byotee/OSDZU3_Ref_Design/OSDZU3_Ref_Design.runs/design_1_v_mix_0_0_synth_1/prj/sol/.autopilot/db/v_mix_yuv2rgb_false_4.compgen.tcl 
INFO: [RTGEN 206-100] Finished creating RTL model for 'v_mix_yuv2rgb_false_4'.
INFO: [HLS 200-111] Finished Creating RTL model: CPU user time: 0.03 seconds. CPU system time: 0 seconds. Elapsed time: 0.03 seconds; current allocated memory: 834.891 MB.
Execute         source /home/e/Documents/research/byotee/OSDZU3_Ref_Design/OSDZU3_Ref_Design.runs/design_1_v_mix_0_0_synth_1/prj/sol/.autopilot/db/v_mix.rtl_wrap.cfg.tcl 
Execute         gen_rtl v_mix_yuv2rgb<false>.4 -style xilinx -f -lang vhdl -o /home/e/Documents/research/byotee/OSDZU3_Ref_Design/OSDZU3_Ref_Design.runs/design_1_v_mix_0_0_synth_1/prj/sol/syn/vhdl/design_1_v_mix_0_0_v_mix_yuv2rgb_false_4 
Execute         gen_rtl v_mix_yuv2rgb<false>.4 -style xilinx -f -lang vlog -o /home/e/Documents/research/byotee/OSDZU3_Ref_Design/OSDZU3_Ref_Design.runs/design_1_v_mix_0_0_synth_1/prj/sol/syn/verilog/design_1_v_mix_0_0_v_mix_yuv2rgb_false_4 
Execute         syn_report -csynth -model v_mix_yuv2rgb<false>.4 -o /home/e/Documents/research/byotee/OSDZU3_Ref_Design/OSDZU3_Ref_Design.runs/design_1_v_mix_0_0_synth_1/prj/sol/syn/report/v_mix_yuv2rgb_false_4_csynth.rpt 
Execute           list_part -family xczu3eg-sfvc784-1-e 
Execute             ap_family_info -name xczu3eg-sfvc784-1-e -data names 
Execute             ap_part_info -quiet -name xczu3eg-sfvc784-1-e -data family 
Execute         syn_report -rtlxml -model v_mix_yuv2rgb<false>.4 -o /home/e/Documents/research/byotee/OSDZU3_Ref_Design/OSDZU3_Ref_Design.runs/design_1_v_mix_0_0_synth_1/prj/sol/syn/report/v_mix_yuv2rgb_false_4_csynth.xml 
Execute           list_part -family xczu3eg-sfvc784-1-e 
Execute             ap_family_info -name xczu3eg-sfvc784-1-e -data names 
Execute             ap_part_info -quiet -name xczu3eg-sfvc784-1-e -data family 
Execute         syn_report -verbosereport -model v_mix_yuv2rgb<false>.4 -o /home/e/Documents/research/byotee/OSDZU3_Ref_Design/OSDZU3_Ref_Design.runs/design_1_v_mix_0_0_synth_1/prj/sol/.autopilot/db/v_mix_yuv2rgb_false_4.verbose.rpt 
Execute           list_part -family xczu3eg-sfvc784-1-e 
Execute             ap_family_info -name xczu3eg-sfvc784-1-e -data names 
Execute             ap_part_info -quiet -name xczu3eg-sfvc784-1-e -data family 
Execute         db_write -model v_mix_yuv2rgb<false>.4 -f -o /home/e/Documents/research/byotee/OSDZU3_Ref_Design/OSDZU3_Ref_Design.runs/design_1_v_mix_0_0_synth_1/prj/sol/.autopilot/db/v_mix_yuv2rgb_false_4.adb 
Execute         db_write -model v_mix_yuv2rgb<false>.4 -bindview -o /home/e/Documents/research/byotee/OSDZU3_Ref_Design/OSDZU3_Ref_Design.runs/design_1_v_mix_0_0_synth_1/prj/sol/.autopilot/db/design.bindinfo.xml 
Execute         gen_tb_info v_mix_yuv2rgb<false>.4 -p /home/e/Documents/research/byotee/OSDZU3_Ref_Design/OSDZU3_Ref_Design.runs/design_1_v_mix_0_0_synth_1/prj/sol/.autopilot/db -o /home/e/Documents/research/byotee/OSDZU3_Ref_Design/OSDZU3_Ref_Design.runs/design_1_v_mix_0_0_synth_1/prj/sol/.autopilot/db/v_mix_yuv2rgb_false_4 
INFO: [HLS 200-10] ----------------------------------------------------------------
INFO: [HLS 200-10] -- Generating RTL for module 'reg_unsigned_short_s' 
INFO: [HLS 200-10] ----------------------------------------------------------------
Execute         create_rtl_model reg<unsigned short> -top_prefix design_1_v_mix_0_0_ -sub_prefix design_1_v_mix_0_0_ -mg_file /home/e/Documents/research/byotee/OSDZU3_Ref_Design/OSDZU3_Ref_Design.runs/design_1_v_mix_0_0_synth_1/prj/sol/.autopilot/db/reg_unsigned_short_s.compgen.tcl 
INFO: [HLS 200-1030] Apply Unified Pipeline Control on module 'reg_unsigned_short_s' pipeline 'reg<unsigned short>' pipeline type 'function pipeline'
INFO: [RTGEN 206-100] Finished creating RTL model for 'reg_unsigned_short_s'.
INFO: [HLS 200-111] Finished Creating RTL model: CPU user time: 0.04 seconds. CPU system time: 0.01 seconds. Elapsed time: 0.03 seconds; current allocated memory: 835.465 MB.
Execute         source /home/e/Documents/research/byotee/OSDZU3_Ref_Design/OSDZU3_Ref_Design.runs/design_1_v_mix_0_0_synth_1/prj/sol/.autopilot/db/v_mix.rtl_wrap.cfg.tcl 
Execute         gen_rtl reg<unsigned short> -style xilinx -f -lang vhdl -o /home/e/Documents/research/byotee/OSDZU3_Ref_Design/OSDZU3_Ref_Design.runs/design_1_v_mix_0_0_synth_1/prj/sol/syn/vhdl/design_1_v_mix_0_0_reg_unsigned_short_s 
Execute         gen_rtl reg<unsigned short> -style xilinx -f -lang vlog -o /home/e/Documents/research/byotee/OSDZU3_Ref_Design/OSDZU3_Ref_Design.runs/design_1_v_mix_0_0_synth_1/prj/sol/syn/verilog/design_1_v_mix_0_0_reg_unsigned_short_s 
Execute         syn_report -csynth -model reg<unsigned short> -o /home/e/Documents/research/byotee/OSDZU3_Ref_Design/OSDZU3_Ref_Design.runs/design_1_v_mix_0_0_synth_1/prj/sol/syn/report/reg_unsigned_short_s_csynth.rpt 
Execute           list_part -family xczu3eg-sfvc784-1-e 
Execute             ap_family_info -name xczu3eg-sfvc784-1-e -data names 
Execute             ap_part_info -quiet -name xczu3eg-sfvc784-1-e -data family 
Execute         syn_report -rtlxml -model reg<unsigned short> -o /home/e/Documents/research/byotee/OSDZU3_Ref_Design/OSDZU3_Ref_Design.runs/design_1_v_mix_0_0_synth_1/prj/sol/syn/report/reg_unsigned_short_s_csynth.xml 
Execute           list_part -family xczu3eg-sfvc784-1-e 
Execute             ap_family_info -name xczu3eg-sfvc784-1-e -data names 
Execute             ap_part_info -quiet -name xczu3eg-sfvc784-1-e -data family 
Execute         syn_report -verbosereport -model reg<unsigned short> -o /home/e/Documents/research/byotee/OSDZU3_Ref_Design/OSDZU3_Ref_Design.runs/design_1_v_mix_0_0_synth_1/prj/sol/.autopilot/db/reg_unsigned_short_s.verbose.rpt 
Execute           list_part -family xczu3eg-sfvc784-1-e 
Execute             ap_family_info -name xczu3eg-sfvc784-1-e -data names 
Execute             ap_part_info -quiet -name xczu3eg-sfvc784-1-e -data family 
Execute         db_write -model reg<unsigned short> -f -o /home/e/Documents/research/byotee/OSDZU3_Ref_Design/OSDZU3_Ref_Design.runs/design_1_v_mix_0_0_synth_1/prj/sol/.autopilot/db/reg_unsigned_short_s.adb 
Execute         db_write -model reg<unsigned short> -bindview -o /home/e/Documents/research/byotee/OSDZU3_Ref_Design/OSDZU3_Ref_Design.runs/design_1_v_mix_0_0_synth_1/prj/sol/.autopilot/db/design.bindinfo.xml 
Execute         gen_tb_info reg<unsigned short> -p /home/e/Documents/research/byotee/OSDZU3_Ref_Design/OSDZU3_Ref_Design.runs/design_1_v_mix_0_0_synth_1/prj/sol/.autopilot/db -o /home/e/Documents/research/byotee/OSDZU3_Ref_Design/OSDZU3_Ref_Design.runs/design_1_v_mix_0_0_synth_1/prj/sol/.autopilot/db/reg_unsigned_short_s 
INFO: [HLS 200-10] ----------------------------------------------------------------
INFO: [HLS 200-10] -- Generating RTL for module 'AXIvideo2MultiPixStream_5_Pipeline_loop_wait_for_start' 
INFO: [HLS 200-10] ----------------------------------------------------------------
Execute         create_rtl_model AXIvideo2MultiPixStream.5_Pipeline_loop_wait_for_start -top_prefix design_1_v_mix_0_0_ -sub_prefix design_1_v_mix_0_0_ -mg_file /home/e/Documents/research/byotee/OSDZU3_Ref_Design/OSDZU3_Ref_Design.runs/design_1_v_mix_0_0_synth_1/prj/sol/.autopilot/db/AXIvideo2MultiPixStream_5_Pipeline_loop_wait_for_start.compgen.tcl 
INFO: [RTGEN 206-100] Finished creating RTL model for 'AXIvideo2MultiPixStream_5_Pipeline_loop_wait_for_start'.
INFO: [HLS 200-111] Finished Creating RTL model: CPU user time: 0.03 seconds. CPU system time: 0 seconds. Elapsed time: 0.04 seconds; current allocated memory: 835.852 MB.
Execute         source /home/e/Documents/research/byotee/OSDZU3_Ref_Design/OSDZU3_Ref_Design.runs/design_1_v_mix_0_0_synth_1/prj/sol/.autopilot/db/v_mix.rtl_wrap.cfg.tcl 
Execute         gen_rtl AXIvideo2MultiPixStream.5_Pipeline_loop_wait_for_start -style xilinx -f -lang vhdl -o /home/e/Documents/research/byotee/OSDZU3_Ref_Design/OSDZU3_Ref_Design.runs/design_1_v_mix_0_0_synth_1/prj/sol/syn/vhdl/design_1_v_mix_0_0_AXIvideo2MultiPixStream_5_Pipeline_loop_wait_for_start 
Execute         gen_rtl AXIvideo2MultiPixStream.5_Pipeline_loop_wait_for_start -style xilinx -f -lang vlog -o /home/e/Documents/research/byotee/OSDZU3_Ref_Design/OSDZU3_Ref_Design.runs/design_1_v_mix_0_0_synth_1/prj/sol/syn/verilog/design_1_v_mix_0_0_AXIvideo2MultiPixStream_5_Pipeline_loop_wait_for_start 
Execute         syn_report -csynth -model AXIvideo2MultiPixStream.5_Pipeline_loop_wait_for_start -o /home/e/Documents/research/byotee/OSDZU3_Ref_Design/OSDZU3_Ref_Design.runs/design_1_v_mix_0_0_synth_1/prj/sol/syn/report/AXIvideo2MultiPixStream_5_Pipeline_loop_wait_for_start_csynth.rpt 
Execute           list_part -family xczu3eg-sfvc784-1-e 
Execute             ap_family_info -name xczu3eg-sfvc784-1-e -data names 
Execute             ap_part_info -quiet -name xczu3eg-sfvc784-1-e -data family 
Execute         syn_report -rtlxml -model AXIvideo2MultiPixStream.5_Pipeline_loop_wait_for_start -o /home/e/Documents/research/byotee/OSDZU3_Ref_Design/OSDZU3_Ref_Design.runs/design_1_v_mix_0_0_synth_1/prj/sol/syn/report/AXIvideo2MultiPixStream_5_Pipeline_loop_wait_for_start_csynth.xml 
Execute           list_part -family xczu3eg-sfvc784-1-e 
Execute             ap_family_info -name xczu3eg-sfvc784-1-e -data names 
Execute             ap_part_info -quiet -name xczu3eg-sfvc784-1-e -data family 
Execute         syn_report -verbosereport -model AXIvideo2MultiPixStream.5_Pipeline_loop_wait_for_start -o /home/e/Documents/research/byotee/OSDZU3_Ref_Design/OSDZU3_Ref_Design.runs/design_1_v_mix_0_0_synth_1/prj/sol/.autopilot/db/AXIvideo2MultiPixStream_5_Pipeline_loop_wait_for_start.verbose.rpt 
Execute           list_part -family xczu3eg-sfvc784-1-e 
Execute             ap_family_info -name xczu3eg-sfvc784-1-e -data names 
Execute             ap_part_info -quiet -name xczu3eg-sfvc784-1-e -data family 
Execute         db_write -model AXIvideo2MultiPixStream.5_Pipeline_loop_wait_for_start -f -o /home/e/Documents/research/byotee/OSDZU3_Ref_Design/OSDZU3_Ref_Design.runs/design_1_v_mix_0_0_synth_1/prj/sol/.autopilot/db/AXIvideo2MultiPixStream_5_Pipeline_loop_wait_for_start.adb 
Execute         db_write -model AXIvideo2MultiPixStream.5_Pipeline_loop_wait_for_start -bindview -o /home/e/Documents/research/byotee/OSDZU3_Ref_Design/OSDZU3_Ref_Design.runs/design_1_v_mix_0_0_synth_1/prj/sol/.autopilot/db/design.bindinfo.xml 
Execute         gen_tb_info AXIvideo2MultiPixStream.5_Pipeline_loop_wait_for_start -p /home/e/Documents/research/byotee/OSDZU3_Ref_Design/OSDZU3_Ref_Design.runs/design_1_v_mix_0_0_synth_1/prj/sol/.autopilot/db -o /home/e/Documents/research/byotee/OSDZU3_Ref_Design/OSDZU3_Ref_Design.runs/design_1_v_mix_0_0_synth_1/prj/sol/.autopilot/db/AXIvideo2MultiPixStream_5_Pipeline_loop_wait_for_start 
INFO: [HLS 200-10] ----------------------------------------------------------------
INFO: [HLS 200-10] -- Generating RTL for module 'AXIvideo2MultiPixStream_5_Pipeline_loop_width' 
INFO: [HLS 200-10] ----------------------------------------------------------------
Execute         create_rtl_model AXIvideo2MultiPixStream.5_Pipeline_loop_width -top_prefix design_1_v_mix_0_0_ -sub_prefix design_1_v_mix_0_0_ -mg_file /home/e/Documents/research/byotee/OSDZU3_Ref_Design/OSDZU3_Ref_Design.runs/design_1_v_mix_0_0_synth_1/prj/sol/.autopilot/db/AXIvideo2MultiPixStream_5_Pipeline_loop_width.compgen.tcl 
INFO: [HLS 200-1030] Apply Unified Pipeline Control on module 'AXIvideo2MultiPixStream_5_Pipeline_loop_width' pipeline 'loop_width' pipeline type 'loop pipeline'
INFO: [RTGEN 206-100] Finished creating RTL model for 'AXIvideo2MultiPixStream_5_Pipeline_loop_width'.
INFO: [HLS 200-111] Finished Creating RTL model: CPU user time: 0.03 seconds. CPU system time: 0.01 seconds. Elapsed time: 0.04 seconds; current allocated memory: 836.730 MB.
Execute         source /home/e/Documents/research/byotee/OSDZU3_Ref_Design/OSDZU3_Ref_Design.runs/design_1_v_mix_0_0_synth_1/prj/sol/.autopilot/db/v_mix.rtl_wrap.cfg.tcl 
Execute         gen_rtl AXIvideo2MultiPixStream.5_Pipeline_loop_width -style xilinx -f -lang vhdl -o /home/e/Documents/research/byotee/OSDZU3_Ref_Design/OSDZU3_Ref_Design.runs/design_1_v_mix_0_0_synth_1/prj/sol/syn/vhdl/design_1_v_mix_0_0_AXIvideo2MultiPixStream_5_Pipeline_loop_width 
Execute         gen_rtl AXIvideo2MultiPixStream.5_Pipeline_loop_width -style xilinx -f -lang vlog -o /home/e/Documents/research/byotee/OSDZU3_Ref_Design/OSDZU3_Ref_Design.runs/design_1_v_mix_0_0_synth_1/prj/sol/syn/verilog/design_1_v_mix_0_0_AXIvideo2MultiPixStream_5_Pipeline_loop_width 
Execute         syn_report -csynth -model AXIvideo2MultiPixStream.5_Pipeline_loop_width -o /home/e/Documents/research/byotee/OSDZU3_Ref_Design/OSDZU3_Ref_Design.runs/design_1_v_mix_0_0_synth_1/prj/sol/syn/report/AXIvideo2MultiPixStream_5_Pipeline_loop_width_csynth.rpt 
Execute           list_part -family xczu3eg-sfvc784-1-e 
Execute             ap_family_info -name xczu3eg-sfvc784-1-e -data names 
Execute             ap_part_info -quiet -name xczu3eg-sfvc784-1-e -data family 
Execute         syn_report -rtlxml -model AXIvideo2MultiPixStream.5_Pipeline_loop_width -o /home/e/Documents/research/byotee/OSDZU3_Ref_Design/OSDZU3_Ref_Design.runs/design_1_v_mix_0_0_synth_1/prj/sol/syn/report/AXIvideo2MultiPixStream_5_Pipeline_loop_width_csynth.xml 
Execute           list_part -family xczu3eg-sfvc784-1-e 
Execute             ap_family_info -name xczu3eg-sfvc784-1-e -data names 
Execute             ap_part_info -quiet -name xczu3eg-sfvc784-1-e -data family 
Execute         syn_report -verbosereport -model AXIvideo2MultiPixStream.5_Pipeline_loop_width -o /home/e/Documents/research/byotee/OSDZU3_Ref_Design/OSDZU3_Ref_Design.runs/design_1_v_mix_0_0_synth_1/prj/sol/.autopilot/db/AXIvideo2MultiPixStream_5_Pipeline_loop_width.verbose.rpt 
Execute           list_part -family xczu3eg-sfvc784-1-e 
Execute             ap_family_info -name xczu3eg-sfvc784-1-e -data names 
Execute             ap_part_info -quiet -name xczu3eg-sfvc784-1-e -data family 
Execute         db_write -model AXIvideo2MultiPixStream.5_Pipeline_loop_width -f -o /home/e/Documents/research/byotee/OSDZU3_Ref_Design/OSDZU3_Ref_Design.runs/design_1_v_mix_0_0_synth_1/prj/sol/.autopilot/db/AXIvideo2MultiPixStream_5_Pipeline_loop_width.adb 
Execute         db_write -model AXIvideo2MultiPixStream.5_Pipeline_loop_width -bindview -o /home/e/Documents/research/byotee/OSDZU3_Ref_Design/OSDZU3_Ref_Design.runs/design_1_v_mix_0_0_synth_1/prj/sol/.autopilot/db/design.bindinfo.xml 
Execute         gen_tb_info AXIvideo2MultiPixStream.5_Pipeline_loop_width -p /home/e/Documents/research/byotee/OSDZU3_Ref_Design/OSDZU3_Ref_Design.runs/design_1_v_mix_0_0_synth_1/prj/sol/.autopilot/db -o /home/e/Documents/research/byotee/OSDZU3_Ref_Design/OSDZU3_Ref_Design.runs/design_1_v_mix_0_0_synth_1/prj/sol/.autopilot/db/AXIvideo2MultiPixStream_5_Pipeline_loop_width 
INFO: [HLS 200-10] ----------------------------------------------------------------
INFO: [HLS 200-10] -- Generating RTL for module 'AXIvideo2MultiPixStream_5_Pipeline_loop_wait_for_eol' 
INFO: [HLS 200-10] ----------------------------------------------------------------
Execute         create_rtl_model AXIvideo2MultiPixStream.5_Pipeline_loop_wait_for_eol -top_prefix design_1_v_mix_0_0_ -sub_prefix design_1_v_mix_0_0_ -mg_file /home/e/Documents/research/byotee/OSDZU3_Ref_Design/OSDZU3_Ref_Design.runs/design_1_v_mix_0_0_synth_1/prj/sol/.autopilot/db/AXIvideo2MultiPixStream_5_Pipeline_loop_wait_for_eol.compgen.tcl 
INFO: [RTGEN 206-100] Finished creating RTL model for 'AXIvideo2MultiPixStream_5_Pipeline_loop_wait_for_eol'.
INFO: [HLS 200-111] Finished Creating RTL model: CPU user time: 0.03 seconds. CPU system time: 0.01 seconds. Elapsed time: 0.04 seconds; current allocated memory: 837.875 MB.
Execute         source /home/e/Documents/research/byotee/OSDZU3_Ref_Design/OSDZU3_Ref_Design.runs/design_1_v_mix_0_0_synth_1/prj/sol/.autopilot/db/v_mix.rtl_wrap.cfg.tcl 
Execute         gen_rtl AXIvideo2MultiPixStream.5_Pipeline_loop_wait_for_eol -style xilinx -f -lang vhdl -o /home/e/Documents/research/byotee/OSDZU3_Ref_Design/OSDZU3_Ref_Design.runs/design_1_v_mix_0_0_synth_1/prj/sol/syn/vhdl/design_1_v_mix_0_0_AXIvideo2MultiPixStream_5_Pipeline_loop_wait_for_eol 
Execute         gen_rtl AXIvideo2MultiPixStream.5_Pipeline_loop_wait_for_eol -style xilinx -f -lang vlog -o /home/e/Documents/research/byotee/OSDZU3_Ref_Design/OSDZU3_Ref_Design.runs/design_1_v_mix_0_0_synth_1/prj/sol/syn/verilog/design_1_v_mix_0_0_AXIvideo2MultiPixStream_5_Pipeline_loop_wait_for_eol 
Execute         syn_report -csynth -model AXIvideo2MultiPixStream.5_Pipeline_loop_wait_for_eol -o /home/e/Documents/research/byotee/OSDZU3_Ref_Design/OSDZU3_Ref_Design.runs/design_1_v_mix_0_0_synth_1/prj/sol/syn/report/AXIvideo2MultiPixStream_5_Pipeline_loop_wait_for_eol_csynth.rpt 
Execute           list_part -family xczu3eg-sfvc784-1-e 
Execute             ap_family_info -name xczu3eg-sfvc784-1-e -data names 
Execute             ap_part_info -quiet -name xczu3eg-sfvc784-1-e -data family 
Execute         syn_report -rtlxml -model AXIvideo2MultiPixStream.5_Pipeline_loop_wait_for_eol -o /home/e/Documents/research/byotee/OSDZU3_Ref_Design/OSDZU3_Ref_Design.runs/design_1_v_mix_0_0_synth_1/prj/sol/syn/report/AXIvideo2MultiPixStream_5_Pipeline_loop_wait_for_eol_csynth.xml 
Execute           list_part -family xczu3eg-sfvc784-1-e 
Execute             ap_family_info -name xczu3eg-sfvc784-1-e -data names 
Execute             ap_part_info -quiet -name xczu3eg-sfvc784-1-e -data family 
Execute         syn_report -verbosereport -model AXIvideo2MultiPixStream.5_Pipeline_loop_wait_for_eol -o /home/e/Documents/research/byotee/OSDZU3_Ref_Design/OSDZU3_Ref_Design.runs/design_1_v_mix_0_0_synth_1/prj/sol/.autopilot/db/AXIvideo2MultiPixStream_5_Pipeline_loop_wait_for_eol.verbose.rpt 
Execute           list_part -family xczu3eg-sfvc784-1-e 
Execute             ap_family_info -name xczu3eg-sfvc784-1-e -data names 
Execute             ap_part_info -quiet -name xczu3eg-sfvc784-1-e -data family 
Execute         db_write -model AXIvideo2MultiPixStream.5_Pipeline_loop_wait_for_eol -f -o /home/e/Documents/research/byotee/OSDZU3_Ref_Design/OSDZU3_Ref_Design.runs/design_1_v_mix_0_0_synth_1/prj/sol/.autopilot/db/AXIvideo2MultiPixStream_5_Pipeline_loop_wait_for_eol.adb 
Execute         db_write -model AXIvideo2MultiPixStream.5_Pipeline_loop_wait_for_eol -bindview -o /home/e/Documents/research/byotee/OSDZU3_Ref_Design/OSDZU3_Ref_Design.runs/design_1_v_mix_0_0_synth_1/prj/sol/.autopilot/db/design.bindinfo.xml 
Execute         gen_tb_info AXIvideo2MultiPixStream.5_Pipeline_loop_wait_for_eol -p /home/e/Documents/research/byotee/OSDZU3_Ref_Design/OSDZU3_Ref_Design.runs/design_1_v_mix_0_0_synth_1/prj/sol/.autopilot/db -o /home/e/Documents/research/byotee/OSDZU3_Ref_Design/OSDZU3_Ref_Design.runs/design_1_v_mix_0_0_synth_1/prj/sol/.autopilot/db/AXIvideo2MultiPixStream_5_Pipeline_loop_wait_for_eol 
INFO: [HLS 200-10] ----------------------------------------------------------------
INFO: [HLS 200-10] -- Generating RTL for module 'AXIvideo2MultiPixStream_5' 
INFO: [HLS 200-10] ----------------------------------------------------------------
Execute         create_rtl_model AXIvideo2MultiPixStream.5 -top_prefix design_1_v_mix_0_0_ -sub_prefix design_1_v_mix_0_0_ -mg_file /home/e/Documents/research/byotee/OSDZU3_Ref_Design/OSDZU3_Ref_Design.runs/design_1_v_mix_0_0_synth_1/prj/sol/.autopilot/db/AXIvideo2MultiPixStream_5.compgen.tcl 
INFO: [RTGEN 206-100] Finished creating RTL model for 'AXIvideo2MultiPixStream_5'.
INFO: [HLS 200-111] Finished Creating RTL model: CPU user time: 0.04 seconds. CPU system time: 0 seconds. Elapsed time: 0.04 seconds; current allocated memory: 838.852 MB.
Execute         source /home/e/Documents/research/byotee/OSDZU3_Ref_Design/OSDZU3_Ref_Design.runs/design_1_v_mix_0_0_synth_1/prj/sol/.autopilot/db/v_mix.rtl_wrap.cfg.tcl 
Execute         gen_rtl AXIvideo2MultiPixStream.5 -style xilinx -f -lang vhdl -o /home/e/Documents/research/byotee/OSDZU3_Ref_Design/OSDZU3_Ref_Design.runs/design_1_v_mix_0_0_synth_1/prj/sol/syn/vhdl/design_1_v_mix_0_0_AXIvideo2MultiPixStream_5 
Execute         gen_rtl AXIvideo2MultiPixStream.5 -style xilinx -f -lang vlog -o /home/e/Documents/research/byotee/OSDZU3_Ref_Design/OSDZU3_Ref_Design.runs/design_1_v_mix_0_0_synth_1/prj/sol/syn/verilog/design_1_v_mix_0_0_AXIvideo2MultiPixStream_5 
Execute         syn_report -csynth -model AXIvideo2MultiPixStream.5 -o /home/e/Documents/research/byotee/OSDZU3_Ref_Design/OSDZU3_Ref_Design.runs/design_1_v_mix_0_0_synth_1/prj/sol/syn/report/AXIvideo2MultiPixStream_5_csynth.rpt 
Execute           list_part -family xczu3eg-sfvc784-1-e 
Execute             ap_family_info -name xczu3eg-sfvc784-1-e -data names 
Execute             ap_part_info -quiet -name xczu3eg-sfvc784-1-e -data family 
Execute         syn_report -rtlxml -model AXIvideo2MultiPixStream.5 -o /home/e/Documents/research/byotee/OSDZU3_Ref_Design/OSDZU3_Ref_Design.runs/design_1_v_mix_0_0_synth_1/prj/sol/syn/report/AXIvideo2MultiPixStream_5_csynth.xml 
Execute           list_part -family xczu3eg-sfvc784-1-e 
Execute             ap_family_info -name xczu3eg-sfvc784-1-e -data names 
Execute             ap_part_info -quiet -name xczu3eg-sfvc784-1-e -data family 
Execute         syn_report -verbosereport -model AXIvideo2MultiPixStream.5 -o /home/e/Documents/research/byotee/OSDZU3_Ref_Design/OSDZU3_Ref_Design.runs/design_1_v_mix_0_0_synth_1/prj/sol/.autopilot/db/AXIvideo2MultiPixStream_5.verbose.rpt 
Execute           list_part -family xczu3eg-sfvc784-1-e 
Execute             ap_family_info -name xczu3eg-sfvc784-1-e -data names 
Execute             ap_part_info -quiet -name xczu3eg-sfvc784-1-e -data family 
Execute         db_write -model AXIvideo2MultiPixStream.5 -f -o /home/e/Documents/research/byotee/OSDZU3_Ref_Design/OSDZU3_Ref_Design.runs/design_1_v_mix_0_0_synth_1/prj/sol/.autopilot/db/AXIvideo2MultiPixStream_5.adb 
Execute         db_write -model AXIvideo2MultiPixStream.5 -bindview -o /home/e/Documents/research/byotee/OSDZU3_Ref_Design/OSDZU3_Ref_Design.runs/design_1_v_mix_0_0_synth_1/prj/sol/.autopilot/db/design.bindinfo.xml 
Execute         gen_tb_info AXIvideo2MultiPixStream.5 -p /home/e/Documents/research/byotee/OSDZU3_Ref_Design/OSDZU3_Ref_Design.runs/design_1_v_mix_0_0_synth_1/prj/sol/.autopilot/db -o /home/e/Documents/research/byotee/OSDZU3_Ref_Design/OSDZU3_Ref_Design.runs/design_1_v_mix_0_0_synth_1/prj/sol/.autopilot/db/AXIvideo2MultiPixStream_5 
INFO: [HLS 200-10] ----------------------------------------------------------------
INFO: [HLS 200-10] -- Generating RTL for module 'v_mix_420_to_422_false_6_Pipeline_VITIS_LOOP_76_2' 
INFO: [HLS 200-10] ----------------------------------------------------------------
Execute         create_rtl_model v_mix_420_to_422<false>.6_Pipeline_VITIS_LOOP_76_2 -top_prefix design_1_v_mix_0_0_ -sub_prefix design_1_v_mix_0_0_ -mg_file /home/e/Documents/research/byotee/OSDZU3_Ref_Design/OSDZU3_Ref_Design.runs/design_1_v_mix_0_0_synth_1/prj/sol/.autopilot/db/v_mix_420_to_422_false_6_Pipeline_VITIS_LOOP_76_2.compgen.tcl 
INFO: [HLS 200-1030] Apply Unified Pipeline Control on module 'v_mix_420_to_422_false_6_Pipeline_VITIS_LOOP_76_2' pipeline 'VITIS_LOOP_76_2' pipeline type 'loop pipeline'
INFO: [RTGEN 206-100] Finished creating RTL model for 'v_mix_420_to_422_false_6_Pipeline_VITIS_LOOP_76_2'.
INFO: [HLS 200-111] Finished Creating RTL model: CPU user time: 0.05 seconds. CPU system time: 0.01 seconds. Elapsed time: 0.05 seconds; current allocated memory: 840.219 MB.
Execute         source /home/e/Documents/research/byotee/OSDZU3_Ref_Design/OSDZU3_Ref_Design.runs/design_1_v_mix_0_0_synth_1/prj/sol/.autopilot/db/v_mix.rtl_wrap.cfg.tcl 
Execute         gen_rtl v_mix_420_to_422<false>.6_Pipeline_VITIS_LOOP_76_2 -style xilinx -f -lang vhdl -o /home/e/Documents/research/byotee/OSDZU3_Ref_Design/OSDZU3_Ref_Design.runs/design_1_v_mix_0_0_synth_1/prj/sol/syn/vhdl/design_1_v_mix_0_0_v_mix_420_to_422_false_6_Pipeline_VITIS_LOOP_76_2 
Execute         gen_rtl v_mix_420_to_422<false>.6_Pipeline_VITIS_LOOP_76_2 -style xilinx -f -lang vlog -o /home/e/Documents/research/byotee/OSDZU3_Ref_Design/OSDZU3_Ref_Design.runs/design_1_v_mix_0_0_synth_1/prj/sol/syn/verilog/design_1_v_mix_0_0_v_mix_420_to_422_false_6_Pipeline_VITIS_LOOP_76_2 
Execute         syn_report -csynth -model v_mix_420_to_422<false>.6_Pipeline_VITIS_LOOP_76_2 -o /home/e/Documents/research/byotee/OSDZU3_Ref_Design/OSDZU3_Ref_Design.runs/design_1_v_mix_0_0_synth_1/prj/sol/syn/report/v_mix_420_to_422_false_6_Pipeline_VITIS_LOOP_76_2_csynth.rpt 
Execute           list_part -family xczu3eg-sfvc784-1-e 
Execute             ap_family_info -name xczu3eg-sfvc784-1-e -data names 
Execute             ap_part_info -quiet -name xczu3eg-sfvc784-1-e -data family 
Execute         syn_report -rtlxml -model v_mix_420_to_422<false>.6_Pipeline_VITIS_LOOP_76_2 -o /home/e/Documents/research/byotee/OSDZU3_Ref_Design/OSDZU3_Ref_Design.runs/design_1_v_mix_0_0_synth_1/prj/sol/syn/report/v_mix_420_to_422_false_6_Pipeline_VITIS_LOOP_76_2_csynth.xml 
Execute           list_part -family xczu3eg-sfvc784-1-e 
Execute             ap_family_info -name xczu3eg-sfvc784-1-e -data names 
Execute             ap_part_info -quiet -name xczu3eg-sfvc784-1-e -data family 
Execute         syn_report -verbosereport -model v_mix_420_to_422<false>.6_Pipeline_VITIS_LOOP_76_2 -o /home/e/Documents/research/byotee/OSDZU3_Ref_Design/OSDZU3_Ref_Design.runs/design_1_v_mix_0_0_synth_1/prj/sol/.autopilot/db/v_mix_420_to_422_false_6_Pipeline_VITIS_LOOP_76_2.verbose.rpt 
Execute           list_part -family xczu3eg-sfvc784-1-e 
Execute             ap_family_info -name xczu3eg-sfvc784-1-e -data names 
Execute             ap_part_info -quiet -name xczu3eg-sfvc784-1-e -data family 
Execute         db_write -model v_mix_420_to_422<false>.6_Pipeline_VITIS_LOOP_76_2 -f -o /home/e/Documents/research/byotee/OSDZU3_Ref_Design/OSDZU3_Ref_Design.runs/design_1_v_mix_0_0_synth_1/prj/sol/.autopilot/db/v_mix_420_to_422_false_6_Pipeline_VITIS_LOOP_76_2.adb 
Execute         db_write -model v_mix_420_to_422<false>.6_Pipeline_VITIS_LOOP_76_2 -bindview -o /home/e/Documents/research/byotee/OSDZU3_Ref_Design/OSDZU3_Ref_Design.runs/design_1_v_mix_0_0_synth_1/prj/sol/.autopilot/db/design.bindinfo.xml 
Execute         gen_tb_info v_mix_420_to_422<false>.6_Pipeline_VITIS_LOOP_76_2 -p /home/e/Documents/research/byotee/OSDZU3_Ref_Design/OSDZU3_Ref_Design.runs/design_1_v_mix_0_0_synth_1/prj/sol/.autopilot/db -o /home/e/Documents/research/byotee/OSDZU3_Ref_Design/OSDZU3_Ref_Design.runs/design_1_v_mix_0_0_synth_1/prj/sol/.autopilot/db/v_mix_420_to_422_false_6_Pipeline_VITIS_LOOP_76_2 
INFO: [HLS 200-10] ----------------------------------------------------------------
INFO: [HLS 200-10] -- Generating RTL for module 'v_mix_420_to_422_false_6' 
INFO: [HLS 200-10] ----------------------------------------------------------------
Execute         create_rtl_model v_mix_420_to_422<false>.6 -top_prefix design_1_v_mix_0_0_ -sub_prefix design_1_v_mix_0_0_ -mg_file /home/e/Documents/research/byotee/OSDZU3_Ref_Design/OSDZU3_Ref_Design.runs/design_1_v_mix_0_0_synth_1/prj/sol/.autopilot/db/v_mix_420_to_422_false_6.compgen.tcl 
INFO: [RTGEN 206-100] Finished creating RTL model for 'v_mix_420_to_422_false_6'.
INFO: [HLS 200-111] Finished Creating RTL model: CPU user time: 0.04 seconds. CPU system time: 0 seconds. Elapsed time: 0.04 seconds; current allocated memory: 840.699 MB.
Execute         source /home/e/Documents/research/byotee/OSDZU3_Ref_Design/OSDZU3_Ref_Design.runs/design_1_v_mix_0_0_synth_1/prj/sol/.autopilot/db/v_mix.rtl_wrap.cfg.tcl 
Execute         gen_rtl v_mix_420_to_422<false>.6 -style xilinx -f -lang vhdl -o /home/e/Documents/research/byotee/OSDZU3_Ref_Design/OSDZU3_Ref_Design.runs/design_1_v_mix_0_0_synth_1/prj/sol/syn/vhdl/design_1_v_mix_0_0_v_mix_420_to_422_false_6 
Execute         gen_rtl v_mix_420_to_422<false>.6 -style xilinx -f -lang vlog -o /home/e/Documents/research/byotee/OSDZU3_Ref_Design/OSDZU3_Ref_Design.runs/design_1_v_mix_0_0_synth_1/prj/sol/syn/verilog/design_1_v_mix_0_0_v_mix_420_to_422_false_6 
Execute         syn_report -csynth -model v_mix_420_to_422<false>.6 -o /home/e/Documents/research/byotee/OSDZU3_Ref_Design/OSDZU3_Ref_Design.runs/design_1_v_mix_0_0_synth_1/prj/sol/syn/report/v_mix_420_to_422_false_6_csynth.rpt 
Execute           list_part -family xczu3eg-sfvc784-1-e 
Execute             ap_family_info -name xczu3eg-sfvc784-1-e -data names 
Execute             ap_part_info -quiet -name xczu3eg-sfvc784-1-e -data family 
Execute         syn_report -rtlxml -model v_mix_420_to_422<false>.6 -o /home/e/Documents/research/byotee/OSDZU3_Ref_Design/OSDZU3_Ref_Design.runs/design_1_v_mix_0_0_synth_1/prj/sol/syn/report/v_mix_420_to_422_false_6_csynth.xml 
Execute           list_part -family xczu3eg-sfvc784-1-e 
Execute             ap_family_info -name xczu3eg-sfvc784-1-e -data names 
Execute             ap_part_info -quiet -name xczu3eg-sfvc784-1-e -data family 
Execute         syn_report -verbosereport -model v_mix_420_to_422<false>.6 -o /home/e/Documents/research/byotee/OSDZU3_Ref_Design/OSDZU3_Ref_Design.runs/design_1_v_mix_0_0_synth_1/prj/sol/.autopilot/db/v_mix_420_to_422_false_6.verbose.rpt 
Execute           list_part -family xczu3eg-sfvc784-1-e 
Execute             ap_family_info -name xczu3eg-sfvc784-1-e -data names 
Execute             ap_part_info -quiet -name xczu3eg-sfvc784-1-e -data family 
Execute         db_write -model v_mix_420_to_422<false>.6 -f -o /home/e/Documents/research/byotee/OSDZU3_Ref_Design/OSDZU3_Ref_Design.runs/design_1_v_mix_0_0_synth_1/prj/sol/.autopilot/db/v_mix_420_to_422_false_6.adb 
Execute         db_write -model v_mix_420_to_422<false>.6 -bindview -o /home/e/Documents/research/byotee/OSDZU3_Ref_Design/OSDZU3_Ref_Design.runs/design_1_v_mix_0_0_synth_1/prj/sol/.autopilot/db/design.bindinfo.xml 
Execute         gen_tb_info v_mix_420_to_422<false>.6 -p /home/e/Documents/research/byotee/OSDZU3_Ref_Design/OSDZU3_Ref_Design.runs/design_1_v_mix_0_0_synth_1/prj/sol/.autopilot/db -o /home/e/Documents/research/byotee/OSDZU3_Ref_Design/OSDZU3_Ref_Design.runs/design_1_v_mix_0_0_synth_1/prj/sol/.autopilot/db/v_mix_420_to_422_false_6 
INFO: [HLS 200-10] ----------------------------------------------------------------
INFO: [HLS 200-10] -- Generating RTL for module 'v_mix_422_to_444_true_Pipeline_VITIS_LOOP_161_2' 
INFO: [HLS 200-10] ----------------------------------------------------------------
Execute         create_rtl_model v_mix_422_to_444<true>_Pipeline_VITIS_LOOP_161_2 -top_prefix design_1_v_mix_0_0_ -sub_prefix design_1_v_mix_0_0_ -mg_file /home/e/Documents/research/byotee/OSDZU3_Ref_Design/OSDZU3_Ref_Design.runs/design_1_v_mix_0_0_synth_1/prj/sol/.autopilot/db/v_mix_422_to_444_true_Pipeline_VITIS_LOOP_161_2.compgen.tcl 
INFO: [HLS 200-1030] Apply Unified Pipeline Control on module 'v_mix_422_to_444_true_Pipeline_VITIS_LOOP_161_2' pipeline 'VITIS_LOOP_161_2' pipeline type 'loop pipeline'
INFO: [RTGEN 206-100] Finished creating RTL model for 'v_mix_422_to_444_true_Pipeline_VITIS_LOOP_161_2'.
INFO: [HLS 200-111] Finished Creating RTL model: CPU user time: 0.04 seconds. CPU system time: 0 seconds. Elapsed time: 0.04 seconds; current allocated memory: 842.164 MB.
Execute         source /home/e/Documents/research/byotee/OSDZU3_Ref_Design/OSDZU3_Ref_Design.runs/design_1_v_mix_0_0_synth_1/prj/sol/.autopilot/db/v_mix.rtl_wrap.cfg.tcl 
Execute         gen_rtl v_mix_422_to_444<true>_Pipeline_VITIS_LOOP_161_2 -style xilinx -f -lang vhdl -o /home/e/Documents/research/byotee/OSDZU3_Ref_Design/OSDZU3_Ref_Design.runs/design_1_v_mix_0_0_synth_1/prj/sol/syn/vhdl/design_1_v_mix_0_0_v_mix_422_to_444_true_Pipeline_VITIS_LOOP_161_2 
Execute         gen_rtl v_mix_422_to_444<true>_Pipeline_VITIS_LOOP_161_2 -style xilinx -f -lang vlog -o /home/e/Documents/research/byotee/OSDZU3_Ref_Design/OSDZU3_Ref_Design.runs/design_1_v_mix_0_0_synth_1/prj/sol/syn/verilog/design_1_v_mix_0_0_v_mix_422_to_444_true_Pipeline_VITIS_LOOP_161_2 
Execute         syn_report -csynth -model v_mix_422_to_444<true>_Pipeline_VITIS_LOOP_161_2 -o /home/e/Documents/research/byotee/OSDZU3_Ref_Design/OSDZU3_Ref_Design.runs/design_1_v_mix_0_0_synth_1/prj/sol/syn/report/v_mix_422_to_444_true_Pipeline_VITIS_LOOP_161_2_csynth.rpt 
Execute           list_part -family xczu3eg-sfvc784-1-e 
Execute             ap_family_info -name xczu3eg-sfvc784-1-e -data names 
Execute             ap_part_info -quiet -name xczu3eg-sfvc784-1-e -data family 
Execute         syn_report -rtlxml -model v_mix_422_to_444<true>_Pipeline_VITIS_LOOP_161_2 -o /home/e/Documents/research/byotee/OSDZU3_Ref_Design/OSDZU3_Ref_Design.runs/design_1_v_mix_0_0_synth_1/prj/sol/syn/report/v_mix_422_to_444_true_Pipeline_VITIS_LOOP_161_2_csynth.xml 
Execute           list_part -family xczu3eg-sfvc784-1-e 
Execute             ap_family_info -name xczu3eg-sfvc784-1-e -data names 
Execute             ap_part_info -quiet -name xczu3eg-sfvc784-1-e -data family 
Execute         syn_report -verbosereport -model v_mix_422_to_444<true>_Pipeline_VITIS_LOOP_161_2 -o /home/e/Documents/research/byotee/OSDZU3_Ref_Design/OSDZU3_Ref_Design.runs/design_1_v_mix_0_0_synth_1/prj/sol/.autopilot/db/v_mix_422_to_444_true_Pipeline_VITIS_LOOP_161_2.verbose.rpt 
Execute           list_part -family xczu3eg-sfvc784-1-e 
Execute             ap_family_info -name xczu3eg-sfvc784-1-e -data names 
Execute             ap_part_info -quiet -name xczu3eg-sfvc784-1-e -data family 
Execute         db_write -model v_mix_422_to_444<true>_Pipeline_VITIS_LOOP_161_2 -f -o /home/e/Documents/research/byotee/OSDZU3_Ref_Design/OSDZU3_Ref_Design.runs/design_1_v_mix_0_0_synth_1/prj/sol/.autopilot/db/v_mix_422_to_444_true_Pipeline_VITIS_LOOP_161_2.adb 
Execute         db_write -model v_mix_422_to_444<true>_Pipeline_VITIS_LOOP_161_2 -bindview -o /home/e/Documents/research/byotee/OSDZU3_Ref_Design/OSDZU3_Ref_Design.runs/design_1_v_mix_0_0_synth_1/prj/sol/.autopilot/db/design.bindinfo.xml 
Execute         gen_tb_info v_mix_422_to_444<true>_Pipeline_VITIS_LOOP_161_2 -p /home/e/Documents/research/byotee/OSDZU3_Ref_Design/OSDZU3_Ref_Design.runs/design_1_v_mix_0_0_synth_1/prj/sol/.autopilot/db -o /home/e/Documents/research/byotee/OSDZU3_Ref_Design/OSDZU3_Ref_Design.runs/design_1_v_mix_0_0_synth_1/prj/sol/.autopilot/db/v_mix_422_to_444_true_Pipeline_VITIS_LOOP_161_2 
INFO: [HLS 200-10] ----------------------------------------------------------------
INFO: [HLS 200-10] -- Generating RTL for module 'v_mix_422_to_444_true_s' 
INFO: [HLS 200-10] ----------------------------------------------------------------
Execute         create_rtl_model v_mix_422_to_444<true> -top_prefix design_1_v_mix_0_0_ -sub_prefix design_1_v_mix_0_0_ -mg_file /home/e/Documents/research/byotee/OSDZU3_Ref_Design/OSDZU3_Ref_Design.runs/design_1_v_mix_0_0_synth_1/prj/sol/.autopilot/db/v_mix_422_to_444_true_s.compgen.tcl 
INFO: [RTGEN 206-100] Finished creating RTL model for 'v_mix_422_to_444_true_s'.
INFO: [HLS 200-111] Finished Creating RTL model: CPU user time: 0.04 seconds. CPU system time: 0.01 seconds. Elapsed time: 0.06 seconds; current allocated memory: 844.805 MB.
Execute         source /home/e/Documents/research/byotee/OSDZU3_Ref_Design/OSDZU3_Ref_Design.runs/design_1_v_mix_0_0_synth_1/prj/sol/.autopilot/db/v_mix.rtl_wrap.cfg.tcl 
Execute         gen_rtl v_mix_422_to_444<true> -style xilinx -f -lang vhdl -o /home/e/Documents/research/byotee/OSDZU3_Ref_Design/OSDZU3_Ref_Design.runs/design_1_v_mix_0_0_synth_1/prj/sol/syn/vhdl/design_1_v_mix_0_0_v_mix_422_to_444_true_s 
Execute         gen_rtl v_mix_422_to_444<true> -style xilinx -f -lang vlog -o /home/e/Documents/research/byotee/OSDZU3_Ref_Design/OSDZU3_Ref_Design.runs/design_1_v_mix_0_0_synth_1/prj/sol/syn/verilog/design_1_v_mix_0_0_v_mix_422_to_444_true_s 
Execute         syn_report -csynth -model v_mix_422_to_444<true> -o /home/e/Documents/research/byotee/OSDZU3_Ref_Design/OSDZU3_Ref_Design.runs/design_1_v_mix_0_0_synth_1/prj/sol/syn/report/v_mix_422_to_444_true_s_csynth.rpt 
Execute           list_part -family xczu3eg-sfvc784-1-e 
Execute             ap_family_info -name xczu3eg-sfvc784-1-e -data names 
Execute             ap_part_info -quiet -name xczu3eg-sfvc784-1-e -data family 
Execute         syn_report -rtlxml -model v_mix_422_to_444<true> -o /home/e/Documents/research/byotee/OSDZU3_Ref_Design/OSDZU3_Ref_Design.runs/design_1_v_mix_0_0_synth_1/prj/sol/syn/report/v_mix_422_to_444_true_s_csynth.xml 
Execute           list_part -family xczu3eg-sfvc784-1-e 
Execute             ap_family_info -name xczu3eg-sfvc784-1-e -data names 
Execute             ap_part_info -quiet -name xczu3eg-sfvc784-1-e -data family 
Execute         syn_report -verbosereport -model v_mix_422_to_444<true> -o /home/e/Documents/research/byotee/OSDZU3_Ref_Design/OSDZU3_Ref_Design.runs/design_1_v_mix_0_0_synth_1/prj/sol/.autopilot/db/v_mix_422_to_444_true_s.verbose.rpt 
Execute           list_part -family xczu3eg-sfvc784-1-e 
Execute             ap_family_info -name xczu3eg-sfvc784-1-e -data names 
Execute             ap_part_info -quiet -name xczu3eg-sfvc784-1-e -data family 
Execute         db_write -model v_mix_422_to_444<true> -f -o /home/e/Documents/research/byotee/OSDZU3_Ref_Design/OSDZU3_Ref_Design.runs/design_1_v_mix_0_0_synth_1/prj/sol/.autopilot/db/v_mix_422_to_444_true_s.adb 
Execute         db_write -model v_mix_422_to_444<true> -bindview -o /home/e/Documents/research/byotee/OSDZU3_Ref_Design/OSDZU3_Ref_Design.runs/design_1_v_mix_0_0_synth_1/prj/sol/.autopilot/db/design.bindinfo.xml 
Execute         gen_tb_info v_mix_422_to_444<true> -p /home/e/Documents/research/byotee/OSDZU3_Ref_Design/OSDZU3_Ref_Design.runs/design_1_v_mix_0_0_synth_1/prj/sol/.autopilot/db -o /home/e/Documents/research/byotee/OSDZU3_Ref_Design/OSDZU3_Ref_Design.runs/design_1_v_mix_0_0_synth_1/prj/sol/.autopilot/db/v_mix_422_to_444_true_s 
INFO: [HLS 200-10] ----------------------------------------------------------------
INFO: [HLS 200-10] -- Generating RTL for module 'v_mix_yuv2rgb_true_Pipeline_VITIS_LOOP_941_2' 
INFO: [HLS 200-10] ----------------------------------------------------------------
Execute         create_rtl_model v_mix_yuv2rgb<true>_Pipeline_VITIS_LOOP_941_2 -top_prefix design_1_v_mix_0_0_ -sub_prefix design_1_v_mix_0_0_ -mg_file /home/e/Documents/research/byotee/OSDZU3_Ref_Design/OSDZU3_Ref_Design.runs/design_1_v_mix_0_0_synth_1/prj/sol/.autopilot/db/v_mix_yuv2rgb_true_Pipeline_VITIS_LOOP_941_2.compgen.tcl 
INFO: [HLS 200-1030] Apply Unified Pipeline Control on module 'v_mix_yuv2rgb_true_Pipeline_VITIS_LOOP_941_2' pipeline 'VITIS_LOOP_941_2' pipeline type 'loop pipeline'
INFO: [RTGEN 206-100] Generating core module 'mac_muladd_9ns_8s_18s_18_4_1': 1 instance(s).
INFO: [RTGEN 206-100] Generating core module 'mul_8s_11ns_18_1_1': 1 instance(s).
INFO: [RTGEN 206-100] Generating core module 'mul_8s_12ns_20_1_1': 1 instance(s).
INFO: [RTGEN 206-100] Generating core module 'mul_8s_13ns_21_1_1': 1 instance(s).
INFO: [RTGEN 206-100] Finished creating RTL model for 'v_mix_yuv2rgb_true_Pipeline_VITIS_LOOP_941_2'.
INFO: [HLS 200-111] Finished Creating RTL model: CPU user time: 0.05 seconds. CPU system time: 0.01 seconds. Elapsed time: 0.05 seconds; current allocated memory: 846.039 MB.
Execute         source /home/e/Documents/research/byotee/OSDZU3_Ref_Design/OSDZU3_Ref_Design.runs/design_1_v_mix_0_0_synth_1/prj/sol/.autopilot/db/v_mix.rtl_wrap.cfg.tcl 
Execute         gen_rtl v_mix_yuv2rgb<true>_Pipeline_VITIS_LOOP_941_2 -style xilinx -f -lang vhdl -o /home/e/Documents/research/byotee/OSDZU3_Ref_Design/OSDZU3_Ref_Design.runs/design_1_v_mix_0_0_synth_1/prj/sol/syn/vhdl/design_1_v_mix_0_0_v_mix_yuv2rgb_true_Pipeline_VITIS_LOOP_941_2 
Execute         gen_rtl v_mix_yuv2rgb<true>_Pipeline_VITIS_LOOP_941_2 -style xilinx -f -lang vlog -o /home/e/Documents/research/byotee/OSDZU3_Ref_Design/OSDZU3_Ref_Design.runs/design_1_v_mix_0_0_synth_1/prj/sol/syn/verilog/design_1_v_mix_0_0_v_mix_yuv2rgb_true_Pipeline_VITIS_LOOP_941_2 
Execute         syn_report -csynth -model v_mix_yuv2rgb<true>_Pipeline_VITIS_LOOP_941_2 -o /home/e/Documents/research/byotee/OSDZU3_Ref_Design/OSDZU3_Ref_Design.runs/design_1_v_mix_0_0_synth_1/prj/sol/syn/report/v_mix_yuv2rgb_true_Pipeline_VITIS_LOOP_941_2_csynth.rpt 
Execute           list_part -family xczu3eg-sfvc784-1-e 
Execute             ap_family_info -name xczu3eg-sfvc784-1-e -data names 
Execute             ap_part_info -quiet -name xczu3eg-sfvc784-1-e -data family 
Execute         syn_report -rtlxml -model v_mix_yuv2rgb<true>_Pipeline_VITIS_LOOP_941_2 -o /home/e/Documents/research/byotee/OSDZU3_Ref_Design/OSDZU3_Ref_Design.runs/design_1_v_mix_0_0_synth_1/prj/sol/syn/report/v_mix_yuv2rgb_true_Pipeline_VITIS_LOOP_941_2_csynth.xml 
Execute           list_part -family xczu3eg-sfvc784-1-e 
Execute             ap_family_info -name xczu3eg-sfvc784-1-e -data names 
Execute             ap_part_info -quiet -name xczu3eg-sfvc784-1-e -data family 
Execute         syn_report -verbosereport -model v_mix_yuv2rgb<true>_Pipeline_VITIS_LOOP_941_2 -o /home/e/Documents/research/byotee/OSDZU3_Ref_Design/OSDZU3_Ref_Design.runs/design_1_v_mix_0_0_synth_1/prj/sol/.autopilot/db/v_mix_yuv2rgb_true_Pipeline_VITIS_LOOP_941_2.verbose.rpt 
Execute           list_part -family xczu3eg-sfvc784-1-e 
Execute             ap_family_info -name xczu3eg-sfvc784-1-e -data names 
Execute             ap_part_info -quiet -name xczu3eg-sfvc784-1-e -data family 
Execute         db_write -model v_mix_yuv2rgb<true>_Pipeline_VITIS_LOOP_941_2 -f -o /home/e/Documents/research/byotee/OSDZU3_Ref_Design/OSDZU3_Ref_Design.runs/design_1_v_mix_0_0_synth_1/prj/sol/.autopilot/db/v_mix_yuv2rgb_true_Pipeline_VITIS_LOOP_941_2.adb 
Execute         db_write -model v_mix_yuv2rgb<true>_Pipeline_VITIS_LOOP_941_2 -bindview -o /home/e/Documents/research/byotee/OSDZU3_Ref_Design/OSDZU3_Ref_Design.runs/design_1_v_mix_0_0_synth_1/prj/sol/.autopilot/db/design.bindinfo.xml 
Execute         gen_tb_info v_mix_yuv2rgb<true>_Pipeline_VITIS_LOOP_941_2 -p /home/e/Documents/research/byotee/OSDZU3_Ref_Design/OSDZU3_Ref_Design.runs/design_1_v_mix_0_0_synth_1/prj/sol/.autopilot/db -o /home/e/Documents/research/byotee/OSDZU3_Ref_Design/OSDZU3_Ref_Design.runs/design_1_v_mix_0_0_synth_1/prj/sol/.autopilot/db/v_mix_yuv2rgb_true_Pipeline_VITIS_LOOP_941_2 
INFO: [HLS 200-10] ----------------------------------------------------------------
INFO: [HLS 200-10] -- Generating RTL for module 'v_mix_yuv2rgb_true_s' 
INFO: [HLS 200-10] ----------------------------------------------------------------
Execute         create_rtl_model v_mix_yuv2rgb<true> -top_prefix design_1_v_mix_0_0_ -sub_prefix design_1_v_mix_0_0_ -mg_file /home/e/Documents/research/byotee/OSDZU3_Ref_Design/OSDZU3_Ref_Design.runs/design_1_v_mix_0_0_synth_1/prj/sol/.autopilot/db/v_mix_yuv2rgb_true_s.compgen.tcl 
INFO: [RTGEN 206-100] Finished creating RTL model for 'v_mix_yuv2rgb_true_s'.
INFO: [HLS 200-111] Finished Creating RTL model: CPU user time: 0.04 seconds. CPU system time: 0 seconds. Elapsed time: 0.06 seconds; current allocated memory: 848.168 MB.
Execute         source /home/e/Documents/research/byotee/OSDZU3_Ref_Design/OSDZU3_Ref_Design.runs/design_1_v_mix_0_0_synth_1/prj/sol/.autopilot/db/v_mix.rtl_wrap.cfg.tcl 
Execute         gen_rtl v_mix_yuv2rgb<true> -style xilinx -f -lang vhdl -o /home/e/Documents/research/byotee/OSDZU3_Ref_Design/OSDZU3_Ref_Design.runs/design_1_v_mix_0_0_synth_1/prj/sol/syn/vhdl/design_1_v_mix_0_0_v_mix_yuv2rgb_true_s 
Execute         gen_rtl v_mix_yuv2rgb<true> -style xilinx -f -lang vlog -o /home/e/Documents/research/byotee/OSDZU3_Ref_Design/OSDZU3_Ref_Design.runs/design_1_v_mix_0_0_synth_1/prj/sol/syn/verilog/design_1_v_mix_0_0_v_mix_yuv2rgb_true_s 
Execute         syn_report -csynth -model v_mix_yuv2rgb<true> -o /home/e/Documents/research/byotee/OSDZU3_Ref_Design/OSDZU3_Ref_Design.runs/design_1_v_mix_0_0_synth_1/prj/sol/syn/report/v_mix_yuv2rgb_true_s_csynth.rpt 
Execute           list_part -family xczu3eg-sfvc784-1-e 
Execute             ap_family_info -name xczu3eg-sfvc784-1-e -data names 
Execute             ap_part_info -quiet -name xczu3eg-sfvc784-1-e -data family 
Execute         syn_report -rtlxml -model v_mix_yuv2rgb<true> -o /home/e/Documents/research/byotee/OSDZU3_Ref_Design/OSDZU3_Ref_Design.runs/design_1_v_mix_0_0_synth_1/prj/sol/syn/report/v_mix_yuv2rgb_true_s_csynth.xml 
Execute           list_part -family xczu3eg-sfvc784-1-e 
Execute             ap_family_info -name xczu3eg-sfvc784-1-e -data names 
Execute             ap_part_info -quiet -name xczu3eg-sfvc784-1-e -data family 
Execute         syn_report -verbosereport -model v_mix_yuv2rgb<true> -o /home/e/Documents/research/byotee/OSDZU3_Ref_Design/OSDZU3_Ref_Design.runs/design_1_v_mix_0_0_synth_1/prj/sol/.autopilot/db/v_mix_yuv2rgb_true_s.verbose.rpt 
Execute           list_part -family xczu3eg-sfvc784-1-e 
Execute             ap_family_info -name xczu3eg-sfvc784-1-e -data names 
Execute             ap_part_info -quiet -name xczu3eg-sfvc784-1-e -data family 
Execute         db_write -model v_mix_yuv2rgb<true> -f -o /home/e/Documents/research/byotee/OSDZU3_Ref_Design/OSDZU3_Ref_Design.runs/design_1_v_mix_0_0_synth_1/prj/sol/.autopilot/db/v_mix_yuv2rgb_true_s.adb 
Execute         db_write -model v_mix_yuv2rgb<true> -bindview -o /home/e/Documents/research/byotee/OSDZU3_Ref_Design/OSDZU3_Ref_Design.runs/design_1_v_mix_0_0_synth_1/prj/sol/.autopilot/db/design.bindinfo.xml 
Execute         gen_tb_info v_mix_yuv2rgb<true> -p /home/e/Documents/research/byotee/OSDZU3_Ref_Design/OSDZU3_Ref_Design.runs/design_1_v_mix_0_0_synth_1/prj/sol/.autopilot/db -o /home/e/Documents/research/byotee/OSDZU3_Ref_Design/OSDZU3_Ref_Design.runs/design_1_v_mix_0_0_synth_1/prj/sol/.autopilot/db/v_mix_yuv2rgb_true_s 
INFO: [HLS 200-10] ----------------------------------------------------------------
INFO: [HLS 200-10] -- Generating RTL for module 'v_mix_upsample_false_7_Pipeline_VITIS_LOOP_107_2' 
INFO: [HLS 200-10] ----------------------------------------------------------------
Execute         create_rtl_model v_mix_upsample<false>.7_Pipeline_VITIS_LOOP_107_2 -top_prefix design_1_v_mix_0_0_ -sub_prefix design_1_v_mix_0_0_ -mg_file /home/e/Documents/research/byotee/OSDZU3_Ref_Design/OSDZU3_Ref_Design.runs/design_1_v_mix_0_0_synth_1/prj/sol/.autopilot/db/v_mix_upsample_false_7_Pipeline_VITIS_LOOP_107_2.compgen.tcl 
INFO: [HLS 200-1030] Apply Unified Pipeline Control on module 'v_mix_upsample_false_7_Pipeline_VITIS_LOOP_107_2' pipeline 'VITIS_LOOP_107_2' pipeline type 'loop pipeline'
INFO: [RTGEN 206-100] Finished creating RTL model for 'v_mix_upsample_false_7_Pipeline_VITIS_LOOP_107_2'.
INFO: [HLS 200-111] Finished Creating RTL model: CPU user time: 0.04 seconds. CPU system time: 0.01 seconds. Elapsed time: 0.04 seconds; current allocated memory: 848.578 MB.
Execute         source /home/e/Documents/research/byotee/OSDZU3_Ref_Design/OSDZU3_Ref_Design.runs/design_1_v_mix_0_0_synth_1/prj/sol/.autopilot/db/v_mix.rtl_wrap.cfg.tcl 
Execute         gen_rtl v_mix_upsample<false>.7_Pipeline_VITIS_LOOP_107_2 -style xilinx -f -lang vhdl -o /home/e/Documents/research/byotee/OSDZU3_Ref_Design/OSDZU3_Ref_Design.runs/design_1_v_mix_0_0_synth_1/prj/sol/syn/vhdl/design_1_v_mix_0_0_v_mix_upsample_false_7_Pipeline_VITIS_LOOP_107_2 
Execute         gen_rtl v_mix_upsample<false>.7_Pipeline_VITIS_LOOP_107_2 -style xilinx -f -lang vlog -o /home/e/Documents/research/byotee/OSDZU3_Ref_Design/OSDZU3_Ref_Design.runs/design_1_v_mix_0_0_synth_1/prj/sol/syn/verilog/design_1_v_mix_0_0_v_mix_upsample_false_7_Pipeline_VITIS_LOOP_107_2 
Execute         syn_report -csynth -model v_mix_upsample<false>.7_Pipeline_VITIS_LOOP_107_2 -o /home/e/Documents/research/byotee/OSDZU3_Ref_Design/OSDZU3_Ref_Design.runs/design_1_v_mix_0_0_synth_1/prj/sol/syn/report/v_mix_upsample_false_7_Pipeline_VITIS_LOOP_107_2_csynth.rpt 
Execute           list_part -family xczu3eg-sfvc784-1-e 
Execute             ap_family_info -name xczu3eg-sfvc784-1-e -data names 
Execute             ap_part_info -quiet -name xczu3eg-sfvc784-1-e -data family 
Execute         syn_report -rtlxml -model v_mix_upsample<false>.7_Pipeline_VITIS_LOOP_107_2 -o /home/e/Documents/research/byotee/OSDZU3_Ref_Design/OSDZU3_Ref_Design.runs/design_1_v_mix_0_0_synth_1/prj/sol/syn/report/v_mix_upsample_false_7_Pipeline_VITIS_LOOP_107_2_csynth.xml 
Execute           list_part -family xczu3eg-sfvc784-1-e 
Execute             ap_family_info -name xczu3eg-sfvc784-1-e -data names 
Execute             ap_part_info -quiet -name xczu3eg-sfvc784-1-e -data family 
Execute         syn_report -verbosereport -model v_mix_upsample<false>.7_Pipeline_VITIS_LOOP_107_2 -o /home/e/Documents/research/byotee/OSDZU3_Ref_Design/OSDZU3_Ref_Design.runs/design_1_v_mix_0_0_synth_1/prj/sol/.autopilot/db/v_mix_upsample_false_7_Pipeline_VITIS_LOOP_107_2.verbose.rpt 
Execute           list_part -family xczu3eg-sfvc784-1-e 
Execute             ap_family_info -name xczu3eg-sfvc784-1-e -data names 
Execute             ap_part_info -quiet -name xczu3eg-sfvc784-1-e -data family 
Execute         db_write -model v_mix_upsample<false>.7_Pipeline_VITIS_LOOP_107_2 -f -o /home/e/Documents/research/byotee/OSDZU3_Ref_Design/OSDZU3_Ref_Design.runs/design_1_v_mix_0_0_synth_1/prj/sol/.autopilot/db/v_mix_upsample_false_7_Pipeline_VITIS_LOOP_107_2.adb 
Execute         db_write -model v_mix_upsample<false>.7_Pipeline_VITIS_LOOP_107_2 -bindview -o /home/e/Documents/research/byotee/OSDZU3_Ref_Design/OSDZU3_Ref_Design.runs/design_1_v_mix_0_0_synth_1/prj/sol/.autopilot/db/design.bindinfo.xml 
Execute         gen_tb_info v_mix_upsample<false>.7_Pipeline_VITIS_LOOP_107_2 -p /home/e/Documents/research/byotee/OSDZU3_Ref_Design/OSDZU3_Ref_Design.runs/design_1_v_mix_0_0_synth_1/prj/sol/.autopilot/db -o /home/e/Documents/research/byotee/OSDZU3_Ref_Design/OSDZU3_Ref_Design.runs/design_1_v_mix_0_0_synth_1/prj/sol/.autopilot/db/v_mix_upsample_false_7_Pipeline_VITIS_LOOP_107_2 
INFO: [HLS 200-10] ----------------------------------------------------------------
INFO: [HLS 200-10] -- Generating RTL for module 'v_mix_upsample_false_7' 
INFO: [HLS 200-10] ----------------------------------------------------------------
Execute         create_rtl_model v_mix_upsample<false>.7 -top_prefix design_1_v_mix_0_0_ -sub_prefix design_1_v_mix_0_0_ -mg_file /home/e/Documents/research/byotee/OSDZU3_Ref_Design/OSDZU3_Ref_Design.runs/design_1_v_mix_0_0_synth_1/prj/sol/.autopilot/db/v_mix_upsample_false_7.compgen.tcl 
INFO: [RTGEN 206-100] Finished creating RTL model for 'v_mix_upsample_false_7'.
INFO: [HLS 200-111] Finished Creating RTL model: CPU user time: 0.04 seconds. CPU system time: 0 seconds. Elapsed time: 0.04 seconds; current allocated memory: 849.223 MB.
Execute         source /home/e/Documents/research/byotee/OSDZU3_Ref_Design/OSDZU3_Ref_Design.runs/design_1_v_mix_0_0_synth_1/prj/sol/.autopilot/db/v_mix.rtl_wrap.cfg.tcl 
Execute         gen_rtl v_mix_upsample<false>.7 -style xilinx -f -lang vhdl -o /home/e/Documents/research/byotee/OSDZU3_Ref_Design/OSDZU3_Ref_Design.runs/design_1_v_mix_0_0_synth_1/prj/sol/syn/vhdl/design_1_v_mix_0_0_v_mix_upsample_false_7 
Execute         gen_rtl v_mix_upsample<false>.7 -style xilinx -f -lang vlog -o /home/e/Documents/research/byotee/OSDZU3_Ref_Design/OSDZU3_Ref_Design.runs/design_1_v_mix_0_0_synth_1/prj/sol/syn/verilog/design_1_v_mix_0_0_v_mix_upsample_false_7 
Execute         syn_report -csynth -model v_mix_upsample<false>.7 -o /home/e/Documents/research/byotee/OSDZU3_Ref_Design/OSDZU3_Ref_Design.runs/design_1_v_mix_0_0_synth_1/prj/sol/syn/report/v_mix_upsample_false_7_csynth.rpt 
Execute           list_part -family xczu3eg-sfvc784-1-e 
Execute             ap_family_info -name xczu3eg-sfvc784-1-e -data names 
Execute             ap_part_info -quiet -name xczu3eg-sfvc784-1-e -data family 
Execute         syn_report -rtlxml -model v_mix_upsample<false>.7 -o /home/e/Documents/research/byotee/OSDZU3_Ref_Design/OSDZU3_Ref_Design.runs/design_1_v_mix_0_0_synth_1/prj/sol/syn/report/v_mix_upsample_false_7_csynth.xml 
Execute           list_part -family xczu3eg-sfvc784-1-e 
Execute             ap_family_info -name xczu3eg-sfvc784-1-e -data names 
Execute             ap_part_info -quiet -name xczu3eg-sfvc784-1-e -data family 
Execute         syn_report -verbosereport -model v_mix_upsample<false>.7 -o /home/e/Documents/research/byotee/OSDZU3_Ref_Design/OSDZU3_Ref_Design.runs/design_1_v_mix_0_0_synth_1/prj/sol/.autopilot/db/v_mix_upsample_false_7.verbose.rpt 
Execute           list_part -family xczu3eg-sfvc784-1-e 
Execute             ap_family_info -name xczu3eg-sfvc784-1-e -data names 
Execute             ap_part_info -quiet -name xczu3eg-sfvc784-1-e -data family 
Execute         db_write -model v_mix_upsample<false>.7 -f -o /home/e/Documents/research/byotee/OSDZU3_Ref_Design/OSDZU3_Ref_Design.runs/design_1_v_mix_0_0_synth_1/prj/sol/.autopilot/db/v_mix_upsample_false_7.adb 
Execute         db_write -model v_mix_upsample<false>.7 -bindview -o /home/e/Documents/research/byotee/OSDZU3_Ref_Design/OSDZU3_Ref_Design.runs/design_1_v_mix_0_0_synth_1/prj/sol/.autopilot/db/design.bindinfo.xml 
Execute         gen_tb_info v_mix_upsample<false>.7 -p /home/e/Documents/research/byotee/OSDZU3_Ref_Design/OSDZU3_Ref_Design.runs/design_1_v_mix_0_0_synth_1/prj/sol/.autopilot/db -o /home/e/Documents/research/byotee/OSDZU3_Ref_Design/OSDZU3_Ref_Design.runs/design_1_v_mix_0_0_synth_1/prj/sol/.autopilot/db/v_mix_upsample_false_7 
INFO: [HLS 200-10] ----------------------------------------------------------------
INFO: [HLS 200-10] -- Generating RTL for module 'v_mix_core_alpha_false_false_Pipeline_VITIS_LOOP_465_3' 
INFO: [HLS 200-10] ----------------------------------------------------------------
Execute         create_rtl_model v_mix_core_alpha<false, false>_Pipeline_VITIS_LOOP_465_3 -top_prefix design_1_v_mix_0_0_ -sub_prefix design_1_v_mix_0_0_ -mg_file /home/e/Documents/research/byotee/OSDZU3_Ref_Design/OSDZU3_Ref_Design.runs/design_1_v_mix_0_0_synth_1/prj/sol/.autopilot/db/v_mix_core_alpha_false_false_Pipeline_VITIS_LOOP_465_3.compgen.tcl 
INFO: [HLS 200-1030] Apply Unified Pipeline Control on module 'v_mix_core_alpha_false_false_Pipeline_VITIS_LOOP_465_3' pipeline 'VITIS_LOOP_465_3' pipeline type 'loop pipeline'
INFO: [RTGEN 206-100] Finished creating RTL model for 'v_mix_core_alpha_false_false_Pipeline_VITIS_LOOP_465_3'.
INFO: [HLS 200-111] Finished Creating RTL model: CPU user time: 0.04 seconds. CPU system time: 0.01 seconds. Elapsed time: 0.04 seconds; current allocated memory: 849.930 MB.
Execute         source /home/e/Documents/research/byotee/OSDZU3_Ref_Design/OSDZU3_Ref_Design.runs/design_1_v_mix_0_0_synth_1/prj/sol/.autopilot/db/v_mix.rtl_wrap.cfg.tcl 
Execute         gen_rtl v_mix_core_alpha<false, false>_Pipeline_VITIS_LOOP_465_3 -style xilinx -f -lang vhdl -o /home/e/Documents/research/byotee/OSDZU3_Ref_Design/OSDZU3_Ref_Design.runs/design_1_v_mix_0_0_synth_1/prj/sol/syn/vhdl/design_1_v_mix_0_0_v_mix_core_alpha_false_false_Pipeline_VITIS_LOOP_465_3 
Execute         gen_rtl v_mix_core_alpha<false, false>_Pipeline_VITIS_LOOP_465_3 -style xilinx -f -lang vlog -o /home/e/Documents/research/byotee/OSDZU3_Ref_Design/OSDZU3_Ref_Design.runs/design_1_v_mix_0_0_synth_1/prj/sol/syn/verilog/design_1_v_mix_0_0_v_mix_core_alpha_false_false_Pipeline_VITIS_LOOP_465_3 
Execute         syn_report -csynth -model v_mix_core_alpha<false, false>_Pipeline_VITIS_LOOP_465_3 -o /home/e/Documents/research/byotee/OSDZU3_Ref_Design/OSDZU3_Ref_Design.runs/design_1_v_mix_0_0_synth_1/prj/sol/syn/report/v_mix_core_alpha_false_false_Pipeline_VITIS_LOOP_465_3_csynth.rpt 
Execute           list_part -family xczu3eg-sfvc784-1-e 
Execute             ap_family_info -name xczu3eg-sfvc784-1-e -data names 
Execute             ap_part_info -quiet -name xczu3eg-sfvc784-1-e -data family 
Execute         syn_report -rtlxml -model v_mix_core_alpha<false, false>_Pipeline_VITIS_LOOP_465_3 -o /home/e/Documents/research/byotee/OSDZU3_Ref_Design/OSDZU3_Ref_Design.runs/design_1_v_mix_0_0_synth_1/prj/sol/syn/report/v_mix_core_alpha_false_false_Pipeline_VITIS_LOOP_465_3_csynth.xml 
Execute           list_part -family xczu3eg-sfvc784-1-e 
Execute             ap_family_info -name xczu3eg-sfvc784-1-e -data names 
Execute             ap_part_info -quiet -name xczu3eg-sfvc784-1-e -data family 
Execute         syn_report -verbosereport -model v_mix_core_alpha<false, false>_Pipeline_VITIS_LOOP_465_3 -o /home/e/Documents/research/byotee/OSDZU3_Ref_Design/OSDZU3_Ref_Design.runs/design_1_v_mix_0_0_synth_1/prj/sol/.autopilot/db/v_mix_core_alpha_false_false_Pipeline_VITIS_LOOP_465_3.verbose.rpt 
Execute           list_part -family xczu3eg-sfvc784-1-e 
Execute             ap_family_info -name xczu3eg-sfvc784-1-e -data names 
Execute             ap_part_info -quiet -name xczu3eg-sfvc784-1-e -data family 
Execute         db_write -model v_mix_core_alpha<false, false>_Pipeline_VITIS_LOOP_465_3 -f -o /home/e/Documents/research/byotee/OSDZU3_Ref_Design/OSDZU3_Ref_Design.runs/design_1_v_mix_0_0_synth_1/prj/sol/.autopilot/db/v_mix_core_alpha_false_false_Pipeline_VITIS_LOOP_465_3.adb 
Execute         db_write -model v_mix_core_alpha<false, false>_Pipeline_VITIS_LOOP_465_3 -bindview -o /home/e/Documents/research/byotee/OSDZU3_Ref_Design/OSDZU3_Ref_Design.runs/design_1_v_mix_0_0_synth_1/prj/sol/.autopilot/db/design.bindinfo.xml 
Execute         gen_tb_info v_mix_core_alpha<false, false>_Pipeline_VITIS_LOOP_465_3 -p /home/e/Documents/research/byotee/OSDZU3_Ref_Design/OSDZU3_Ref_Design.runs/design_1_v_mix_0_0_synth_1/prj/sol/.autopilot/db -o /home/e/Documents/research/byotee/OSDZU3_Ref_Design/OSDZU3_Ref_Design.runs/design_1_v_mix_0_0_synth_1/prj/sol/.autopilot/db/v_mix_core_alpha_false_false_Pipeline_VITIS_LOOP_465_3 
INFO: [HLS 200-10] ----------------------------------------------------------------
INFO: [HLS 200-10] -- Generating RTL for module 'v_mix_core_alpha_false_false_s' 
INFO: [HLS 200-10] ----------------------------------------------------------------
Execute         create_rtl_model v_mix_core_alpha<false, false> -top_prefix design_1_v_mix_0_0_ -sub_prefix design_1_v_mix_0_0_ -mg_file /home/e/Documents/research/byotee/OSDZU3_Ref_Design/OSDZU3_Ref_Design.runs/design_1_v_mix_0_0_synth_1/prj/sol/.autopilot/db/v_mix_core_alpha_false_false_s.compgen.tcl 
INFO: [RTGEN 206-100] Finished creating RTL model for 'v_mix_core_alpha_false_false_s'.
INFO: [HLS 200-111] Finished Creating RTL model: CPU user time: 0.04 seconds. CPU system time: 0.01 seconds. Elapsed time: 0.05 seconds; current allocated memory: 851.582 MB.
Execute         source /home/e/Documents/research/byotee/OSDZU3_Ref_Design/OSDZU3_Ref_Design.runs/design_1_v_mix_0_0_synth_1/prj/sol/.autopilot/db/v_mix.rtl_wrap.cfg.tcl 
Execute         gen_rtl v_mix_core_alpha<false, false> -style xilinx -f -lang vhdl -o /home/e/Documents/research/byotee/OSDZU3_Ref_Design/OSDZU3_Ref_Design.runs/design_1_v_mix_0_0_synth_1/prj/sol/syn/vhdl/design_1_v_mix_0_0_v_mix_core_alpha_false_false_s 
Execute         gen_rtl v_mix_core_alpha<false, false> -style xilinx -f -lang vlog -o /home/e/Documents/research/byotee/OSDZU3_Ref_Design/OSDZU3_Ref_Design.runs/design_1_v_mix_0_0_synth_1/prj/sol/syn/verilog/design_1_v_mix_0_0_v_mix_core_alpha_false_false_s 
Execute         syn_report -csynth -model v_mix_core_alpha<false, false> -o /home/e/Documents/research/byotee/OSDZU3_Ref_Design/OSDZU3_Ref_Design.runs/design_1_v_mix_0_0_synth_1/prj/sol/syn/report/v_mix_core_alpha_false_false_s_csynth.rpt 
Execute           list_part -family xczu3eg-sfvc784-1-e 
Execute             ap_family_info -name xczu3eg-sfvc784-1-e -data names 
Execute             ap_part_info -quiet -name xczu3eg-sfvc784-1-e -data family 
Execute         syn_report -rtlxml -model v_mix_core_alpha<false, false> -o /home/e/Documents/research/byotee/OSDZU3_Ref_Design/OSDZU3_Ref_Design.runs/design_1_v_mix_0_0_synth_1/prj/sol/syn/report/v_mix_core_alpha_false_false_s_csynth.xml 
Execute           list_part -family xczu3eg-sfvc784-1-e 
Execute             ap_family_info -name xczu3eg-sfvc784-1-e -data names 
Execute             ap_part_info -quiet -name xczu3eg-sfvc784-1-e -data family 
Execute         syn_report -verbosereport -model v_mix_core_alpha<false, false> -o /home/e/Documents/research/byotee/OSDZU3_Ref_Design/OSDZU3_Ref_Design.runs/design_1_v_mix_0_0_synth_1/prj/sol/.autopilot/db/v_mix_core_alpha_false_false_s.verbose.rpt 
Execute           list_part -family xczu3eg-sfvc784-1-e 
Execute             ap_family_info -name xczu3eg-sfvc784-1-e -data names 
Execute             ap_part_info -quiet -name xczu3eg-sfvc784-1-e -data family 
Execute         db_write -model v_mix_core_alpha<false, false> -f -o /home/e/Documents/research/byotee/OSDZU3_Ref_Design/OSDZU3_Ref_Design.runs/design_1_v_mix_0_0_synth_1/prj/sol/.autopilot/db/v_mix_core_alpha_false_false_s.adb 
Execute         db_write -model v_mix_core_alpha<false, false> -bindview -o /home/e/Documents/research/byotee/OSDZU3_Ref_Design/OSDZU3_Ref_Design.runs/design_1_v_mix_0_0_synth_1/prj/sol/.autopilot/db/design.bindinfo.xml 
Execute         gen_tb_info v_mix_core_alpha<false, false> -p /home/e/Documents/research/byotee/OSDZU3_Ref_Design/OSDZU3_Ref_Design.runs/design_1_v_mix_0_0_synth_1/prj/sol/.autopilot/db -o /home/e/Documents/research/byotee/OSDZU3_Ref_Design/OSDZU3_Ref_Design.runs/design_1_v_mix_0_0_synth_1/prj/sol/.autopilot/db/v_mix_core_alpha_false_false_s 
INFO: [HLS 200-10] ----------------------------------------------------------------
INFO: [HLS 200-10] -- Generating RTL for module 'AXIvideo2MultiPixStream_Pipeline_loop_wait_for_start' 
INFO: [HLS 200-10] ----------------------------------------------------------------
Execute         create_rtl_model AXIvideo2MultiPixStream_Pipeline_loop_wait_for_start -top_prefix design_1_v_mix_0_0_ -sub_prefix design_1_v_mix_0_0_ -mg_file /home/e/Documents/research/byotee/OSDZU3_Ref_Design/OSDZU3_Ref_Design.runs/design_1_v_mix_0_0_synth_1/prj/sol/.autopilot/db/AXIvideo2MultiPixStream_Pipeline_loop_wait_for_start.compgen.tcl 
INFO: [RTGEN 206-100] Finished creating RTL model for 'AXIvideo2MultiPixStream_Pipeline_loop_wait_for_start'.
INFO: [HLS 200-111] Finished Creating RTL model: CPU user time: 0.04 seconds. CPU system time: 0 seconds. Elapsed time: 0.04 seconds; current allocated memory: 852.980 MB.
Execute         source /home/e/Documents/research/byotee/OSDZU3_Ref_Design/OSDZU3_Ref_Design.runs/design_1_v_mix_0_0_synth_1/prj/sol/.autopilot/db/v_mix.rtl_wrap.cfg.tcl 
Execute         gen_rtl AXIvideo2MultiPixStream_Pipeline_loop_wait_for_start -style xilinx -f -lang vhdl -o /home/e/Documents/research/byotee/OSDZU3_Ref_Design/OSDZU3_Ref_Design.runs/design_1_v_mix_0_0_synth_1/prj/sol/syn/vhdl/design_1_v_mix_0_0_AXIvideo2MultiPixStream_Pipeline_loop_wait_for_start 
Execute         gen_rtl AXIvideo2MultiPixStream_Pipeline_loop_wait_for_start -style xilinx -f -lang vlog -o /home/e/Documents/research/byotee/OSDZU3_Ref_Design/OSDZU3_Ref_Design.runs/design_1_v_mix_0_0_synth_1/prj/sol/syn/verilog/design_1_v_mix_0_0_AXIvideo2MultiPixStream_Pipeline_loop_wait_for_start 
Execute         syn_report -csynth -model AXIvideo2MultiPixStream_Pipeline_loop_wait_for_start -o /home/e/Documents/research/byotee/OSDZU3_Ref_Design/OSDZU3_Ref_Design.runs/design_1_v_mix_0_0_synth_1/prj/sol/syn/report/AXIvideo2MultiPixStream_Pipeline_loop_wait_for_start_csynth.rpt 
Execute           list_part -family xczu3eg-sfvc784-1-e 
Execute             ap_family_info -name xczu3eg-sfvc784-1-e -data names 
Execute             ap_part_info -quiet -name xczu3eg-sfvc784-1-e -data family 
Execute         syn_report -rtlxml -model AXIvideo2MultiPixStream_Pipeline_loop_wait_for_start -o /home/e/Documents/research/byotee/OSDZU3_Ref_Design/OSDZU3_Ref_Design.runs/design_1_v_mix_0_0_synth_1/prj/sol/syn/report/AXIvideo2MultiPixStream_Pipeline_loop_wait_for_start_csynth.xml 
Execute           list_part -family xczu3eg-sfvc784-1-e 
Execute             ap_family_info -name xczu3eg-sfvc784-1-e -data names 
Execute             ap_part_info -quiet -name xczu3eg-sfvc784-1-e -data family 
Execute         syn_report -verbosereport -model AXIvideo2MultiPixStream_Pipeline_loop_wait_for_start -o /home/e/Documents/research/byotee/OSDZU3_Ref_Design/OSDZU3_Ref_Design.runs/design_1_v_mix_0_0_synth_1/prj/sol/.autopilot/db/AXIvideo2MultiPixStream_Pipeline_loop_wait_for_start.verbose.rpt 
Execute           list_part -family xczu3eg-sfvc784-1-e 
Execute             ap_family_info -name xczu3eg-sfvc784-1-e -data names 
Execute             ap_part_info -quiet -name xczu3eg-sfvc784-1-e -data family 
Execute         db_write -model AXIvideo2MultiPixStream_Pipeline_loop_wait_for_start -f -o /home/e/Documents/research/byotee/OSDZU3_Ref_Design/OSDZU3_Ref_Design.runs/design_1_v_mix_0_0_synth_1/prj/sol/.autopilot/db/AXIvideo2MultiPixStream_Pipeline_loop_wait_for_start.adb 
Execute         db_write -model AXIvideo2MultiPixStream_Pipeline_loop_wait_for_start -bindview -o /home/e/Documents/research/byotee/OSDZU3_Ref_Design/OSDZU3_Ref_Design.runs/design_1_v_mix_0_0_synth_1/prj/sol/.autopilot/db/design.bindinfo.xml 
Execute         gen_tb_info AXIvideo2MultiPixStream_Pipeline_loop_wait_for_start -p /home/e/Documents/research/byotee/OSDZU3_Ref_Design/OSDZU3_Ref_Design.runs/design_1_v_mix_0_0_synth_1/prj/sol/.autopilot/db -o /home/e/Documents/research/byotee/OSDZU3_Ref_Design/OSDZU3_Ref_Design.runs/design_1_v_mix_0_0_synth_1/prj/sol/.autopilot/db/AXIvideo2MultiPixStream_Pipeline_loop_wait_for_start 
INFO: [HLS 200-10] ----------------------------------------------------------------
INFO: [HLS 200-10] -- Generating RTL for module 'AXIvideo2MultiPixStream_Pipeline_loop_width' 
INFO: [HLS 200-10] ----------------------------------------------------------------
Execute         create_rtl_model AXIvideo2MultiPixStream_Pipeline_loop_width -top_prefix design_1_v_mix_0_0_ -sub_prefix design_1_v_mix_0_0_ -mg_file /home/e/Documents/research/byotee/OSDZU3_Ref_Design/OSDZU3_Ref_Design.runs/design_1_v_mix_0_0_synth_1/prj/sol/.autopilot/db/AXIvideo2MultiPixStream_Pipeline_loop_width.compgen.tcl 
INFO: [HLS 200-1030] Apply Unified Pipeline Control on module 'AXIvideo2MultiPixStream_Pipeline_loop_width' pipeline 'loop_width' pipeline type 'loop pipeline'
INFO: [RTGEN 206-100] Finished creating RTL model for 'AXIvideo2MultiPixStream_Pipeline_loop_width'.
INFO: [HLS 200-111] Finished Creating RTL model: CPU user time: 0.02 seconds. CPU system time: 0.01 seconds. Elapsed time: 0.04 seconds; current allocated memory: 853.695 MB.
Execute         source /home/e/Documents/research/byotee/OSDZU3_Ref_Design/OSDZU3_Ref_Design.runs/design_1_v_mix_0_0_synth_1/prj/sol/.autopilot/db/v_mix.rtl_wrap.cfg.tcl 
Execute         gen_rtl AXIvideo2MultiPixStream_Pipeline_loop_width -style xilinx -f -lang vhdl -o /home/e/Documents/research/byotee/OSDZU3_Ref_Design/OSDZU3_Ref_Design.runs/design_1_v_mix_0_0_synth_1/prj/sol/syn/vhdl/design_1_v_mix_0_0_AXIvideo2MultiPixStream_Pipeline_loop_width 
Execute         gen_rtl AXIvideo2MultiPixStream_Pipeline_loop_width -style xilinx -f -lang vlog -o /home/e/Documents/research/byotee/OSDZU3_Ref_Design/OSDZU3_Ref_Design.runs/design_1_v_mix_0_0_synth_1/prj/sol/syn/verilog/design_1_v_mix_0_0_AXIvideo2MultiPixStream_Pipeline_loop_width 
Execute         syn_report -csynth -model AXIvideo2MultiPixStream_Pipeline_loop_width -o /home/e/Documents/research/byotee/OSDZU3_Ref_Design/OSDZU3_Ref_Design.runs/design_1_v_mix_0_0_synth_1/prj/sol/syn/report/AXIvideo2MultiPixStream_Pipeline_loop_width_csynth.rpt 
Execute           list_part -family xczu3eg-sfvc784-1-e 
Execute             ap_family_info -name xczu3eg-sfvc784-1-e -data names 
Execute             ap_part_info -quiet -name xczu3eg-sfvc784-1-e -data family 
Execute         syn_report -rtlxml -model AXIvideo2MultiPixStream_Pipeline_loop_width -o /home/e/Documents/research/byotee/OSDZU3_Ref_Design/OSDZU3_Ref_Design.runs/design_1_v_mix_0_0_synth_1/prj/sol/syn/report/AXIvideo2MultiPixStream_Pipeline_loop_width_csynth.xml 
Execute           list_part -family xczu3eg-sfvc784-1-e 
Execute             ap_family_info -name xczu3eg-sfvc784-1-e -data names 
Execute             ap_part_info -quiet -name xczu3eg-sfvc784-1-e -data family 
Execute         syn_report -verbosereport -model AXIvideo2MultiPixStream_Pipeline_loop_width -o /home/e/Documents/research/byotee/OSDZU3_Ref_Design/OSDZU3_Ref_Design.runs/design_1_v_mix_0_0_synth_1/prj/sol/.autopilot/db/AXIvideo2MultiPixStream_Pipeline_loop_width.verbose.rpt 
Execute           list_part -family xczu3eg-sfvc784-1-e 
Execute             ap_family_info -name xczu3eg-sfvc784-1-e -data names 
Execute             ap_part_info -quiet -name xczu3eg-sfvc784-1-e -data family 
Execute         db_write -model AXIvideo2MultiPixStream_Pipeline_loop_width -f -o /home/e/Documents/research/byotee/OSDZU3_Ref_Design/OSDZU3_Ref_Design.runs/design_1_v_mix_0_0_synth_1/prj/sol/.autopilot/db/AXIvideo2MultiPixStream_Pipeline_loop_width.adb 
Execute         db_write -model AXIvideo2MultiPixStream_Pipeline_loop_width -bindview -o /home/e/Documents/research/byotee/OSDZU3_Ref_Design/OSDZU3_Ref_Design.runs/design_1_v_mix_0_0_synth_1/prj/sol/.autopilot/db/design.bindinfo.xml 
Execute         gen_tb_info AXIvideo2MultiPixStream_Pipeline_loop_width -p /home/e/Documents/research/byotee/OSDZU3_Ref_Design/OSDZU3_Ref_Design.runs/design_1_v_mix_0_0_synth_1/prj/sol/.autopilot/db -o /home/e/Documents/research/byotee/OSDZU3_Ref_Design/OSDZU3_Ref_Design.runs/design_1_v_mix_0_0_synth_1/prj/sol/.autopilot/db/AXIvideo2MultiPixStream_Pipeline_loop_width 
INFO: [HLS 200-10] ----------------------------------------------------------------
INFO: [HLS 200-10] -- Generating RTL for module 'AXIvideo2MultiPixStream_Pipeline_loop_wait_for_eol' 
INFO: [HLS 200-10] ----------------------------------------------------------------
Execute         create_rtl_model AXIvideo2MultiPixStream_Pipeline_loop_wait_for_eol -top_prefix design_1_v_mix_0_0_ -sub_prefix design_1_v_mix_0_0_ -mg_file /home/e/Documents/research/byotee/OSDZU3_Ref_Design/OSDZU3_Ref_Design.runs/design_1_v_mix_0_0_synth_1/prj/sol/.autopilot/db/AXIvideo2MultiPixStream_Pipeline_loop_wait_for_eol.compgen.tcl 
INFO: [RTGEN 206-100] Finished creating RTL model for 'AXIvideo2MultiPixStream_Pipeline_loop_wait_for_eol'.
INFO: [HLS 200-111] Finished Creating RTL model: CPU user time: 0.04 seconds. CPU system time: 0 seconds. Elapsed time: 0.04 seconds; current allocated memory: 854.918 MB.
Execute         source /home/e/Documents/research/byotee/OSDZU3_Ref_Design/OSDZU3_Ref_Design.runs/design_1_v_mix_0_0_synth_1/prj/sol/.autopilot/db/v_mix.rtl_wrap.cfg.tcl 
Execute         gen_rtl AXIvideo2MultiPixStream_Pipeline_loop_wait_for_eol -style xilinx -f -lang vhdl -o /home/e/Documents/research/byotee/OSDZU3_Ref_Design/OSDZU3_Ref_Design.runs/design_1_v_mix_0_0_synth_1/prj/sol/syn/vhdl/design_1_v_mix_0_0_AXIvideo2MultiPixStream_Pipeline_loop_wait_for_eol 
Execute         gen_rtl AXIvideo2MultiPixStream_Pipeline_loop_wait_for_eol -style xilinx -f -lang vlog -o /home/e/Documents/research/byotee/OSDZU3_Ref_Design/OSDZU3_Ref_Design.runs/design_1_v_mix_0_0_synth_1/prj/sol/syn/verilog/design_1_v_mix_0_0_AXIvideo2MultiPixStream_Pipeline_loop_wait_for_eol 
Execute         syn_report -csynth -model AXIvideo2MultiPixStream_Pipeline_loop_wait_for_eol -o /home/e/Documents/research/byotee/OSDZU3_Ref_Design/OSDZU3_Ref_Design.runs/design_1_v_mix_0_0_synth_1/prj/sol/syn/report/AXIvideo2MultiPixStream_Pipeline_loop_wait_for_eol_csynth.rpt 
Execute           list_part -family xczu3eg-sfvc784-1-e 
Execute             ap_family_info -name xczu3eg-sfvc784-1-e -data names 
Execute             ap_part_info -quiet -name xczu3eg-sfvc784-1-e -data family 
Execute         syn_report -rtlxml -model AXIvideo2MultiPixStream_Pipeline_loop_wait_for_eol -o /home/e/Documents/research/byotee/OSDZU3_Ref_Design/OSDZU3_Ref_Design.runs/design_1_v_mix_0_0_synth_1/prj/sol/syn/report/AXIvideo2MultiPixStream_Pipeline_loop_wait_for_eol_csynth.xml 
Execute           list_part -family xczu3eg-sfvc784-1-e 
Execute             ap_family_info -name xczu3eg-sfvc784-1-e -data names 
Execute             ap_part_info -quiet -name xczu3eg-sfvc784-1-e -data family 
Execute         syn_report -verbosereport -model AXIvideo2MultiPixStream_Pipeline_loop_wait_for_eol -o /home/e/Documents/research/byotee/OSDZU3_Ref_Design/OSDZU3_Ref_Design.runs/design_1_v_mix_0_0_synth_1/prj/sol/.autopilot/db/AXIvideo2MultiPixStream_Pipeline_loop_wait_for_eol.verbose.rpt 
Execute           list_part -family xczu3eg-sfvc784-1-e 
Execute             ap_family_info -name xczu3eg-sfvc784-1-e -data names 
Execute             ap_part_info -quiet -name xczu3eg-sfvc784-1-e -data family 
Execute         db_write -model AXIvideo2MultiPixStream_Pipeline_loop_wait_for_eol -f -o /home/e/Documents/research/byotee/OSDZU3_Ref_Design/OSDZU3_Ref_Design.runs/design_1_v_mix_0_0_synth_1/prj/sol/.autopilot/db/AXIvideo2MultiPixStream_Pipeline_loop_wait_for_eol.adb 
Execute         db_write -model AXIvideo2MultiPixStream_Pipeline_loop_wait_for_eol -bindview -o /home/e/Documents/research/byotee/OSDZU3_Ref_Design/OSDZU3_Ref_Design.runs/design_1_v_mix_0_0_synth_1/prj/sol/.autopilot/db/design.bindinfo.xml 
Execute         gen_tb_info AXIvideo2MultiPixStream_Pipeline_loop_wait_for_eol -p /home/e/Documents/research/byotee/OSDZU3_Ref_Design/OSDZU3_Ref_Design.runs/design_1_v_mix_0_0_synth_1/prj/sol/.autopilot/db -o /home/e/Documents/research/byotee/OSDZU3_Ref_Design/OSDZU3_Ref_Design.runs/design_1_v_mix_0_0_synth_1/prj/sol/.autopilot/db/AXIvideo2MultiPixStream_Pipeline_loop_wait_for_eol 
INFO: [HLS 200-10] ----------------------------------------------------------------
INFO: [HLS 200-10] -- Generating RTL for module 'AXIvideo2MultiPixStream' 
INFO: [HLS 200-10] ----------------------------------------------------------------
Execute         create_rtl_model AXIvideo2MultiPixStream -top_prefix design_1_v_mix_0_0_ -sub_prefix design_1_v_mix_0_0_ -mg_file /home/e/Documents/research/byotee/OSDZU3_Ref_Design/OSDZU3_Ref_Design.runs/design_1_v_mix_0_0_synth_1/prj/sol/.autopilot/db/AXIvideo2MultiPixStream.compgen.tcl 
INFO: [RTGEN 206-100] Finished creating RTL model for 'AXIvideo2MultiPixStream'.
INFO: [HLS 200-111] Finished Creating RTL model: CPU user time: 0.04 seconds. CPU system time: 0.01 seconds. Elapsed time: 0.04 seconds; current allocated memory: 855.633 MB.
Execute         source /home/e/Documents/research/byotee/OSDZU3_Ref_Design/OSDZU3_Ref_Design.runs/design_1_v_mix_0_0_synth_1/prj/sol/.autopilot/db/v_mix.rtl_wrap.cfg.tcl 
Execute         gen_rtl AXIvideo2MultiPixStream -style xilinx -f -lang vhdl -o /home/e/Documents/research/byotee/OSDZU3_Ref_Design/OSDZU3_Ref_Design.runs/design_1_v_mix_0_0_synth_1/prj/sol/syn/vhdl/design_1_v_mix_0_0_AXIvideo2MultiPixStream 
Execute         gen_rtl AXIvideo2MultiPixStream -style xilinx -f -lang vlog -o /home/e/Documents/research/byotee/OSDZU3_Ref_Design/OSDZU3_Ref_Design.runs/design_1_v_mix_0_0_synth_1/prj/sol/syn/verilog/design_1_v_mix_0_0_AXIvideo2MultiPixStream 
Execute         syn_report -csynth -model AXIvideo2MultiPixStream -o /home/e/Documents/research/byotee/OSDZU3_Ref_Design/OSDZU3_Ref_Design.runs/design_1_v_mix_0_0_synth_1/prj/sol/syn/report/AXIvideo2MultiPixStream_csynth.rpt 
Execute           list_part -family xczu3eg-sfvc784-1-e 
Execute             ap_family_info -name xczu3eg-sfvc784-1-e -data names 
Execute             ap_part_info -quiet -name xczu3eg-sfvc784-1-e -data family 
Execute         syn_report -rtlxml -model AXIvideo2MultiPixStream -o /home/e/Documents/research/byotee/OSDZU3_Ref_Design/OSDZU3_Ref_Design.runs/design_1_v_mix_0_0_synth_1/prj/sol/syn/report/AXIvideo2MultiPixStream_csynth.xml 
Execute           list_part -family xczu3eg-sfvc784-1-e 
Execute             ap_family_info -name xczu3eg-sfvc784-1-e -data names 
Execute             ap_part_info -quiet -name xczu3eg-sfvc784-1-e -data family 
Execute         syn_report -verbosereport -model AXIvideo2MultiPixStream -o /home/e/Documents/research/byotee/OSDZU3_Ref_Design/OSDZU3_Ref_Design.runs/design_1_v_mix_0_0_synth_1/prj/sol/.autopilot/db/AXIvideo2MultiPixStream.verbose.rpt 
Execute           list_part -family xczu3eg-sfvc784-1-e 
Execute             ap_family_info -name xczu3eg-sfvc784-1-e -data names 
Execute             ap_part_info -quiet -name xczu3eg-sfvc784-1-e -data family 
Execute         db_write -model AXIvideo2MultiPixStream -f -o /home/e/Documents/research/byotee/OSDZU3_Ref_Design/OSDZU3_Ref_Design.runs/design_1_v_mix_0_0_synth_1/prj/sol/.autopilot/db/AXIvideo2MultiPixStream.adb 
Execute         db_write -model AXIvideo2MultiPixStream -bindview -o /home/e/Documents/research/byotee/OSDZU3_Ref_Design/OSDZU3_Ref_Design.runs/design_1_v_mix_0_0_synth_1/prj/sol/.autopilot/db/design.bindinfo.xml 
Execute         gen_tb_info AXIvideo2MultiPixStream -p /home/e/Documents/research/byotee/OSDZU3_Ref_Design/OSDZU3_Ref_Design.runs/design_1_v_mix_0_0_synth_1/prj/sol/.autopilot/db -o /home/e/Documents/research/byotee/OSDZU3_Ref_Design/OSDZU3_Ref_Design.runs/design_1_v_mix_0_0_synth_1/prj/sol/.autopilot/db/AXIvideo2MultiPixStream 
INFO: [HLS 200-10] ----------------------------------------------------------------
INFO: [HLS 200-10] -- Generating RTL for module 'v_mix_420_to_422_false_Pipeline_VITIS_LOOP_76_2' 
INFO: [HLS 200-10] ----------------------------------------------------------------
Execute         create_rtl_model v_mix_420_to_422<false>_Pipeline_VITIS_LOOP_76_2 -top_prefix design_1_v_mix_0_0_ -sub_prefix design_1_v_mix_0_0_ -mg_file /home/e/Documents/research/byotee/OSDZU3_Ref_Design/OSDZU3_Ref_Design.runs/design_1_v_mix_0_0_synth_1/prj/sol/.autopilot/db/v_mix_420_to_422_false_Pipeline_VITIS_LOOP_76_2.compgen.tcl 
INFO: [HLS 200-1030] Apply Unified Pipeline Control on module 'v_mix_420_to_422_false_Pipeline_VITIS_LOOP_76_2' pipeline 'VITIS_LOOP_76_2' pipeline type 'loop pipeline'
INFO: [RTGEN 206-100] Finished creating RTL model for 'v_mix_420_to_422_false_Pipeline_VITIS_LOOP_76_2'.
INFO: [HLS 200-111] Finished Creating RTL model: CPU user time: 0.03 seconds. CPU system time: 0 seconds. Elapsed time: 0.04 seconds; current allocated memory: 857.348 MB.
Execute         source /home/e/Documents/research/byotee/OSDZU3_Ref_Design/OSDZU3_Ref_Design.runs/design_1_v_mix_0_0_synth_1/prj/sol/.autopilot/db/v_mix.rtl_wrap.cfg.tcl 
Execute         gen_rtl v_mix_420_to_422<false>_Pipeline_VITIS_LOOP_76_2 -style xilinx -f -lang vhdl -o /home/e/Documents/research/byotee/OSDZU3_Ref_Design/OSDZU3_Ref_Design.runs/design_1_v_mix_0_0_synth_1/prj/sol/syn/vhdl/design_1_v_mix_0_0_v_mix_420_to_422_false_Pipeline_VITIS_LOOP_76_2 
Execute         gen_rtl v_mix_420_to_422<false>_Pipeline_VITIS_LOOP_76_2 -style xilinx -f -lang vlog -o /home/e/Documents/research/byotee/OSDZU3_Ref_Design/OSDZU3_Ref_Design.runs/design_1_v_mix_0_0_synth_1/prj/sol/syn/verilog/design_1_v_mix_0_0_v_mix_420_to_422_false_Pipeline_VITIS_LOOP_76_2 
Execute         syn_report -csynth -model v_mix_420_to_422<false>_Pipeline_VITIS_LOOP_76_2 -o /home/e/Documents/research/byotee/OSDZU3_Ref_Design/OSDZU3_Ref_Design.runs/design_1_v_mix_0_0_synth_1/prj/sol/syn/report/v_mix_420_to_422_false_Pipeline_VITIS_LOOP_76_2_csynth.rpt 
Execute           list_part -family xczu3eg-sfvc784-1-e 
Execute             ap_family_info -name xczu3eg-sfvc784-1-e -data names 
Execute             ap_part_info -quiet -name xczu3eg-sfvc784-1-e -data family 
Execute         syn_report -rtlxml -model v_mix_420_to_422<false>_Pipeline_VITIS_LOOP_76_2 -o /home/e/Documents/research/byotee/OSDZU3_Ref_Design/OSDZU3_Ref_Design.runs/design_1_v_mix_0_0_synth_1/prj/sol/syn/report/v_mix_420_to_422_false_Pipeline_VITIS_LOOP_76_2_csynth.xml 
Execute           list_part -family xczu3eg-sfvc784-1-e 
Execute             ap_family_info -name xczu3eg-sfvc784-1-e -data names 
Execute             ap_part_info -quiet -name xczu3eg-sfvc784-1-e -data family 
Execute         syn_report -verbosereport -model v_mix_420_to_422<false>_Pipeline_VITIS_LOOP_76_2 -o /home/e/Documents/research/byotee/OSDZU3_Ref_Design/OSDZU3_Ref_Design.runs/design_1_v_mix_0_0_synth_1/prj/sol/.autopilot/db/v_mix_420_to_422_false_Pipeline_VITIS_LOOP_76_2.verbose.rpt 
Execute           list_part -family xczu3eg-sfvc784-1-e 
Execute             ap_family_info -name xczu3eg-sfvc784-1-e -data names 
Execute             ap_part_info -quiet -name xczu3eg-sfvc784-1-e -data family 
Execute         db_write -model v_mix_420_to_422<false>_Pipeline_VITIS_LOOP_76_2 -f -o /home/e/Documents/research/byotee/OSDZU3_Ref_Design/OSDZU3_Ref_Design.runs/design_1_v_mix_0_0_synth_1/prj/sol/.autopilot/db/v_mix_420_to_422_false_Pipeline_VITIS_LOOP_76_2.adb 
Execute         db_write -model v_mix_420_to_422<false>_Pipeline_VITIS_LOOP_76_2 -bindview -o /home/e/Documents/research/byotee/OSDZU3_Ref_Design/OSDZU3_Ref_Design.runs/design_1_v_mix_0_0_synth_1/prj/sol/.autopilot/db/design.bindinfo.xml 
Execute         gen_tb_info v_mix_420_to_422<false>_Pipeline_VITIS_LOOP_76_2 -p /home/e/Documents/research/byotee/OSDZU3_Ref_Design/OSDZU3_Ref_Design.runs/design_1_v_mix_0_0_synth_1/prj/sol/.autopilot/db -o /home/e/Documents/research/byotee/OSDZU3_Ref_Design/OSDZU3_Ref_Design.runs/design_1_v_mix_0_0_synth_1/prj/sol/.autopilot/db/v_mix_420_to_422_false_Pipeline_VITIS_LOOP_76_2 
INFO: [HLS 200-10] ----------------------------------------------------------------
INFO: [HLS 200-10] -- Generating RTL for module 'v_mix_420_to_422_false_s' 
INFO: [HLS 200-10] ----------------------------------------------------------------
Execute         create_rtl_model v_mix_420_to_422<false> -top_prefix design_1_v_mix_0_0_ -sub_prefix design_1_v_mix_0_0_ -mg_file /home/e/Documents/research/byotee/OSDZU3_Ref_Design/OSDZU3_Ref_Design.runs/design_1_v_mix_0_0_synth_1/prj/sol/.autopilot/db/v_mix_420_to_422_false_s.compgen.tcl 
INFO: [RTGEN 206-100] Finished creating RTL model for 'v_mix_420_to_422_false_s'.
INFO: [HLS 200-111] Finished Creating RTL model: CPU user time: 0.03 seconds. CPU system time: 0.01 seconds. Elapsed time: 0.04 seconds; current allocated memory: 858.105 MB.
Execute         source /home/e/Documents/research/byotee/OSDZU3_Ref_Design/OSDZU3_Ref_Design.runs/design_1_v_mix_0_0_synth_1/prj/sol/.autopilot/db/v_mix.rtl_wrap.cfg.tcl 
Execute         gen_rtl v_mix_420_to_422<false> -style xilinx -f -lang vhdl -o /home/e/Documents/research/byotee/OSDZU3_Ref_Design/OSDZU3_Ref_Design.runs/design_1_v_mix_0_0_synth_1/prj/sol/syn/vhdl/design_1_v_mix_0_0_v_mix_420_to_422_false_s 
Execute         gen_rtl v_mix_420_to_422<false> -style xilinx -f -lang vlog -o /home/e/Documents/research/byotee/OSDZU3_Ref_Design/OSDZU3_Ref_Design.runs/design_1_v_mix_0_0_synth_1/prj/sol/syn/verilog/design_1_v_mix_0_0_v_mix_420_to_422_false_s 
Execute         syn_report -csynth -model v_mix_420_to_422<false> -o /home/e/Documents/research/byotee/OSDZU3_Ref_Design/OSDZU3_Ref_Design.runs/design_1_v_mix_0_0_synth_1/prj/sol/syn/report/v_mix_420_to_422_false_s_csynth.rpt 
Execute           list_part -family xczu3eg-sfvc784-1-e 
Execute             ap_family_info -name xczu3eg-sfvc784-1-e -data names 
Execute             ap_part_info -quiet -name xczu3eg-sfvc784-1-e -data family 
Execute         syn_report -rtlxml -model v_mix_420_to_422<false> -o /home/e/Documents/research/byotee/OSDZU3_Ref_Design/OSDZU3_Ref_Design.runs/design_1_v_mix_0_0_synth_1/prj/sol/syn/report/v_mix_420_to_422_false_s_csynth.xml 
Execute           list_part -family xczu3eg-sfvc784-1-e 
Execute             ap_family_info -name xczu3eg-sfvc784-1-e -data names 
Execute             ap_part_info -quiet -name xczu3eg-sfvc784-1-e -data family 
Execute         syn_report -verbosereport -model v_mix_420_to_422<false> -o /home/e/Documents/research/byotee/OSDZU3_Ref_Design/OSDZU3_Ref_Design.runs/design_1_v_mix_0_0_synth_1/prj/sol/.autopilot/db/v_mix_420_to_422_false_s.verbose.rpt 
Execute           list_part -family xczu3eg-sfvc784-1-e 
Execute             ap_family_info -name xczu3eg-sfvc784-1-e -data names 
Execute             ap_part_info -quiet -name xczu3eg-sfvc784-1-e -data family 
Execute         db_write -model v_mix_420_to_422<false> -f -o /home/e/Documents/research/byotee/OSDZU3_Ref_Design/OSDZU3_Ref_Design.runs/design_1_v_mix_0_0_synth_1/prj/sol/.autopilot/db/v_mix_420_to_422_false_s.adb 
Execute         db_write -model v_mix_420_to_422<false> -bindview -o /home/e/Documents/research/byotee/OSDZU3_Ref_Design/OSDZU3_Ref_Design.runs/design_1_v_mix_0_0_synth_1/prj/sol/.autopilot/db/design.bindinfo.xml 
Execute         gen_tb_info v_mix_420_to_422<false> -p /home/e/Documents/research/byotee/OSDZU3_Ref_Design/OSDZU3_Ref_Design.runs/design_1_v_mix_0_0_synth_1/prj/sol/.autopilot/db -o /home/e/Documents/research/byotee/OSDZU3_Ref_Design/OSDZU3_Ref_Design.runs/design_1_v_mix_0_0_synth_1/prj/sol/.autopilot/db/v_mix_420_to_422_false_s 
INFO: [HLS 200-10] ----------------------------------------------------------------
INFO: [HLS 200-10] -- Generating RTL for module 'v_mix_422_to_444_false_Pipeline_VITIS_LOOP_105_2' 
INFO: [HLS 200-10] ----------------------------------------------------------------
Execute         create_rtl_model v_mix_422_to_444<false>_Pipeline_VITIS_LOOP_105_2 -top_prefix design_1_v_mix_0_0_ -sub_prefix design_1_v_mix_0_0_ -mg_file /home/e/Documents/research/byotee/OSDZU3_Ref_Design/OSDZU3_Ref_Design.runs/design_1_v_mix_0_0_synth_1/prj/sol/.autopilot/db/v_mix_422_to_444_false_Pipeline_VITIS_LOOP_105_2.compgen.tcl 
INFO: [HLS 200-1030] Apply Unified Pipeline Control on module 'v_mix_422_to_444_false_Pipeline_VITIS_LOOP_105_2' pipeline 'VITIS_LOOP_105_2' pipeline type 'loop pipeline'
INFO: [RTGEN 206-100] Finished creating RTL model for 'v_mix_422_to_444_false_Pipeline_VITIS_LOOP_105_2'.
INFO: [HLS 200-111] Finished Creating RTL model: CPU user time: 0.04 seconds. CPU system time: 0 seconds. Elapsed time: 0.03 seconds; current allocated memory: 858.875 MB.
Execute         source /home/e/Documents/research/byotee/OSDZU3_Ref_Design/OSDZU3_Ref_Design.runs/design_1_v_mix_0_0_synth_1/prj/sol/.autopilot/db/v_mix.rtl_wrap.cfg.tcl 
Execute         gen_rtl v_mix_422_to_444<false>_Pipeline_VITIS_LOOP_105_2 -style xilinx -f -lang vhdl -o /home/e/Documents/research/byotee/OSDZU3_Ref_Design/OSDZU3_Ref_Design.runs/design_1_v_mix_0_0_synth_1/prj/sol/syn/vhdl/design_1_v_mix_0_0_v_mix_422_to_444_false_Pipeline_VITIS_LOOP_105_2 
Execute         gen_rtl v_mix_422_to_444<false>_Pipeline_VITIS_LOOP_105_2 -style xilinx -f -lang vlog -o /home/e/Documents/research/byotee/OSDZU3_Ref_Design/OSDZU3_Ref_Design.runs/design_1_v_mix_0_0_synth_1/prj/sol/syn/verilog/design_1_v_mix_0_0_v_mix_422_to_444_false_Pipeline_VITIS_LOOP_105_2 
Execute         syn_report -csynth -model v_mix_422_to_444<false>_Pipeline_VITIS_LOOP_105_2 -o /home/e/Documents/research/byotee/OSDZU3_Ref_Design/OSDZU3_Ref_Design.runs/design_1_v_mix_0_0_synth_1/prj/sol/syn/report/v_mix_422_to_444_false_Pipeline_VITIS_LOOP_105_2_csynth.rpt 
Execute           list_part -family xczu3eg-sfvc784-1-e 
Execute             ap_family_info -name xczu3eg-sfvc784-1-e -data names 
Execute             ap_part_info -quiet -name xczu3eg-sfvc784-1-e -data family 
Execute         syn_report -rtlxml -model v_mix_422_to_444<false>_Pipeline_VITIS_LOOP_105_2 -o /home/e/Documents/research/byotee/OSDZU3_Ref_Design/OSDZU3_Ref_Design.runs/design_1_v_mix_0_0_synth_1/prj/sol/syn/report/v_mix_422_to_444_false_Pipeline_VITIS_LOOP_105_2_csynth.xml 
Execute           list_part -family xczu3eg-sfvc784-1-e 
Execute             ap_family_info -name xczu3eg-sfvc784-1-e -data names 
Execute             ap_part_info -quiet -name xczu3eg-sfvc784-1-e -data family 
Execute         syn_report -verbosereport -model v_mix_422_to_444<false>_Pipeline_VITIS_LOOP_105_2 -o /home/e/Documents/research/byotee/OSDZU3_Ref_Design/OSDZU3_Ref_Design.runs/design_1_v_mix_0_0_synth_1/prj/sol/.autopilot/db/v_mix_422_to_444_false_Pipeline_VITIS_LOOP_105_2.verbose.rpt 
Execute           list_part -family xczu3eg-sfvc784-1-e 
Execute             ap_family_info -name xczu3eg-sfvc784-1-e -data names 
Execute             ap_part_info -quiet -name xczu3eg-sfvc784-1-e -data family 
Execute         db_write -model v_mix_422_to_444<false>_Pipeline_VITIS_LOOP_105_2 -f -o /home/e/Documents/research/byotee/OSDZU3_Ref_Design/OSDZU3_Ref_Design.runs/design_1_v_mix_0_0_synth_1/prj/sol/.autopilot/db/v_mix_422_to_444_false_Pipeline_VITIS_LOOP_105_2.adb 
Execute         db_write -model v_mix_422_to_444<false>_Pipeline_VITIS_LOOP_105_2 -bindview -o /home/e/Documents/research/byotee/OSDZU3_Ref_Design/OSDZU3_Ref_Design.runs/design_1_v_mix_0_0_synth_1/prj/sol/.autopilot/db/design.bindinfo.xml 
Execute         gen_tb_info v_mix_422_to_444<false>_Pipeline_VITIS_LOOP_105_2 -p /home/e/Documents/research/byotee/OSDZU3_Ref_Design/OSDZU3_Ref_Design.runs/design_1_v_mix_0_0_synth_1/prj/sol/.autopilot/db -o /home/e/Documents/research/byotee/OSDZU3_Ref_Design/OSDZU3_Ref_Design.runs/design_1_v_mix_0_0_synth_1/prj/sol/.autopilot/db/v_mix_422_to_444_false_Pipeline_VITIS_LOOP_105_2 
INFO: [HLS 200-10] ----------------------------------------------------------------
INFO: [HLS 200-10] -- Generating RTL for module 'v_mix_422_to_444_false_s' 
INFO: [HLS 200-10] ----------------------------------------------------------------
Execute         create_rtl_model v_mix_422_to_444<false> -top_prefix design_1_v_mix_0_0_ -sub_prefix design_1_v_mix_0_0_ -mg_file /home/e/Documents/research/byotee/OSDZU3_Ref_Design/OSDZU3_Ref_Design.runs/design_1_v_mix_0_0_synth_1/prj/sol/.autopilot/db/v_mix_422_to_444_false_s.compgen.tcl 
INFO: [RTGEN 206-100] Finished creating RTL model for 'v_mix_422_to_444_false_s'.
INFO: [HLS 200-111] Finished Creating RTL model: CPU user time: 0.02 seconds. CPU system time: 0 seconds. Elapsed time: 0.03 seconds; current allocated memory: 859.547 MB.
Execute         source /home/e/Documents/research/byotee/OSDZU3_Ref_Design/OSDZU3_Ref_Design.runs/design_1_v_mix_0_0_synth_1/prj/sol/.autopilot/db/v_mix.rtl_wrap.cfg.tcl 
Execute         gen_rtl v_mix_422_to_444<false> -style xilinx -f -lang vhdl -o /home/e/Documents/research/byotee/OSDZU3_Ref_Design/OSDZU3_Ref_Design.runs/design_1_v_mix_0_0_synth_1/prj/sol/syn/vhdl/design_1_v_mix_0_0_v_mix_422_to_444_false_s 
Execute         gen_rtl v_mix_422_to_444<false> -style xilinx -f -lang vlog -o /home/e/Documents/research/byotee/OSDZU3_Ref_Design/OSDZU3_Ref_Design.runs/design_1_v_mix_0_0_synth_1/prj/sol/syn/verilog/design_1_v_mix_0_0_v_mix_422_to_444_false_s 
Execute         syn_report -csynth -model v_mix_422_to_444<false> -o /home/e/Documents/research/byotee/OSDZU3_Ref_Design/OSDZU3_Ref_Design.runs/design_1_v_mix_0_0_synth_1/prj/sol/syn/report/v_mix_422_to_444_false_s_csynth.rpt 
Execute           list_part -family xczu3eg-sfvc784-1-e 
Execute             ap_family_info -name xczu3eg-sfvc784-1-e -data names 
Execute             ap_part_info -quiet -name xczu3eg-sfvc784-1-e -data family 
Execute         syn_report -rtlxml -model v_mix_422_to_444<false> -o /home/e/Documents/research/byotee/OSDZU3_Ref_Design/OSDZU3_Ref_Design.runs/design_1_v_mix_0_0_synth_1/prj/sol/syn/report/v_mix_422_to_444_false_s_csynth.xml 
Execute           list_part -family xczu3eg-sfvc784-1-e 
Execute             ap_family_info -name xczu3eg-sfvc784-1-e -data names 
Execute             ap_part_info -quiet -name xczu3eg-sfvc784-1-e -data family 
Execute         syn_report -verbosereport -model v_mix_422_to_444<false> -o /home/e/Documents/research/byotee/OSDZU3_Ref_Design/OSDZU3_Ref_Design.runs/design_1_v_mix_0_0_synth_1/prj/sol/.autopilot/db/v_mix_422_to_444_false_s.verbose.rpt 
Execute           list_part -family xczu3eg-sfvc784-1-e 
Execute             ap_family_info -name xczu3eg-sfvc784-1-e -data names 
Execute             ap_part_info -quiet -name xczu3eg-sfvc784-1-e -data family 
Execute         db_write -model v_mix_422_to_444<false> -f -o /home/e/Documents/research/byotee/OSDZU3_Ref_Design/OSDZU3_Ref_Design.runs/design_1_v_mix_0_0_synth_1/prj/sol/.autopilot/db/v_mix_422_to_444_false_s.adb 
Execute         db_write -model v_mix_422_to_444<false> -bindview -o /home/e/Documents/research/byotee/OSDZU3_Ref_Design/OSDZU3_Ref_Design.runs/design_1_v_mix_0_0_synth_1/prj/sol/.autopilot/db/design.bindinfo.xml 
Execute         gen_tb_info v_mix_422_to_444<false> -p /home/e/Documents/research/byotee/OSDZU3_Ref_Design/OSDZU3_Ref_Design.runs/design_1_v_mix_0_0_synth_1/prj/sol/.autopilot/db -o /home/e/Documents/research/byotee/OSDZU3_Ref_Design/OSDZU3_Ref_Design.runs/design_1_v_mix_0_0_synth_1/prj/sol/.autopilot/db/v_mix_422_to_444_false_s 
INFO: [HLS 200-10] ----------------------------------------------------------------
INFO: [HLS 200-10] -- Generating RTL for module 'v_mix_yuv2rgb_false_Pipeline_VITIS_LOOP_897_2' 
INFO: [HLS 200-10] ----------------------------------------------------------------
Execute         create_rtl_model v_mix_yuv2rgb<false>_Pipeline_VITIS_LOOP_897_2 -top_prefix design_1_v_mix_0_0_ -sub_prefix design_1_v_mix_0_0_ -mg_file /home/e/Documents/research/byotee/OSDZU3_Ref_Design/OSDZU3_Ref_Design.runs/design_1_v_mix_0_0_synth_1/prj/sol/.autopilot/db/v_mix_yuv2rgb_false_Pipeline_VITIS_LOOP_897_2.compgen.tcl 
INFO: [HLS 200-1030] Apply Unified Pipeline Control on module 'v_mix_yuv2rgb_false_Pipeline_VITIS_LOOP_897_2' pipeline 'VITIS_LOOP_897_2' pipeline type 'loop pipeline'
INFO: [RTGEN 206-100] Finished creating RTL model for 'v_mix_yuv2rgb_false_Pipeline_VITIS_LOOP_897_2'.
INFO: [HLS 200-111] Finished Creating RTL model: CPU user time: 0.04 seconds. CPU system time: 0 seconds. Elapsed time: 0.04 seconds; current allocated memory: 860.340 MB.
Execute         source /home/e/Documents/research/byotee/OSDZU3_Ref_Design/OSDZU3_Ref_Design.runs/design_1_v_mix_0_0_synth_1/prj/sol/.autopilot/db/v_mix.rtl_wrap.cfg.tcl 
Execute         gen_rtl v_mix_yuv2rgb<false>_Pipeline_VITIS_LOOP_897_2 -style xilinx -f -lang vhdl -o /home/e/Documents/research/byotee/OSDZU3_Ref_Design/OSDZU3_Ref_Design.runs/design_1_v_mix_0_0_synth_1/prj/sol/syn/vhdl/design_1_v_mix_0_0_v_mix_yuv2rgb_false_Pipeline_VITIS_LOOP_897_2 
Execute         gen_rtl v_mix_yuv2rgb<false>_Pipeline_VITIS_LOOP_897_2 -style xilinx -f -lang vlog -o /home/e/Documents/research/byotee/OSDZU3_Ref_Design/OSDZU3_Ref_Design.runs/design_1_v_mix_0_0_synth_1/prj/sol/syn/verilog/design_1_v_mix_0_0_v_mix_yuv2rgb_false_Pipeline_VITIS_LOOP_897_2 
Execute         syn_report -csynth -model v_mix_yuv2rgb<false>_Pipeline_VITIS_LOOP_897_2 -o /home/e/Documents/research/byotee/OSDZU3_Ref_Design/OSDZU3_Ref_Design.runs/design_1_v_mix_0_0_synth_1/prj/sol/syn/report/v_mix_yuv2rgb_false_Pipeline_VITIS_LOOP_897_2_csynth.rpt 
Execute           list_part -family xczu3eg-sfvc784-1-e 
Execute             ap_family_info -name xczu3eg-sfvc784-1-e -data names 
Execute             ap_part_info -quiet -name xczu3eg-sfvc784-1-e -data family 
Execute         syn_report -rtlxml -model v_mix_yuv2rgb<false>_Pipeline_VITIS_LOOP_897_2 -o /home/e/Documents/research/byotee/OSDZU3_Ref_Design/OSDZU3_Ref_Design.runs/design_1_v_mix_0_0_synth_1/prj/sol/syn/report/v_mix_yuv2rgb_false_Pipeline_VITIS_LOOP_897_2_csynth.xml 
Execute           list_part -family xczu3eg-sfvc784-1-e 
Execute             ap_family_info -name xczu3eg-sfvc784-1-e -data names 
Execute             ap_part_info -quiet -name xczu3eg-sfvc784-1-e -data family 
Execute         syn_report -verbosereport -model v_mix_yuv2rgb<false>_Pipeline_VITIS_LOOP_897_2 -o /home/e/Documents/research/byotee/OSDZU3_Ref_Design/OSDZU3_Ref_Design.runs/design_1_v_mix_0_0_synth_1/prj/sol/.autopilot/db/v_mix_yuv2rgb_false_Pipeline_VITIS_LOOP_897_2.verbose.rpt 
Execute           list_part -family xczu3eg-sfvc784-1-e 
Execute             ap_family_info -name xczu3eg-sfvc784-1-e -data names 
Execute             ap_part_info -quiet -name xczu3eg-sfvc784-1-e -data family 
Execute         db_write -model v_mix_yuv2rgb<false>_Pipeline_VITIS_LOOP_897_2 -f -o /home/e/Documents/research/byotee/OSDZU3_Ref_Design/OSDZU3_Ref_Design.runs/design_1_v_mix_0_0_synth_1/prj/sol/.autopilot/db/v_mix_yuv2rgb_false_Pipeline_VITIS_LOOP_897_2.adb 
Execute         db_write -model v_mix_yuv2rgb<false>_Pipeline_VITIS_LOOP_897_2 -bindview -o /home/e/Documents/research/byotee/OSDZU3_Ref_Design/OSDZU3_Ref_Design.runs/design_1_v_mix_0_0_synth_1/prj/sol/.autopilot/db/design.bindinfo.xml 
Execute         gen_tb_info v_mix_yuv2rgb<false>_Pipeline_VITIS_LOOP_897_2 -p /home/e/Documents/research/byotee/OSDZU3_Ref_Design/OSDZU3_Ref_Design.runs/design_1_v_mix_0_0_synth_1/prj/sol/.autopilot/db -o /home/e/Documents/research/byotee/OSDZU3_Ref_Design/OSDZU3_Ref_Design.runs/design_1_v_mix_0_0_synth_1/prj/sol/.autopilot/db/v_mix_yuv2rgb_false_Pipeline_VITIS_LOOP_897_2 
INFO: [HLS 200-10] ----------------------------------------------------------------
INFO: [HLS 200-10] -- Generating RTL for module 'v_mix_yuv2rgb_false_s' 
INFO: [HLS 200-10] ----------------------------------------------------------------
Execute         create_rtl_model v_mix_yuv2rgb<false> -top_prefix design_1_v_mix_0_0_ -sub_prefix design_1_v_mix_0_0_ -mg_file /home/e/Documents/research/byotee/OSDZU3_Ref_Design/OSDZU3_Ref_Design.runs/design_1_v_mix_0_0_synth_1/prj/sol/.autopilot/db/v_mix_yuv2rgb_false_s.compgen.tcl 
INFO: [RTGEN 206-100] Finished creating RTL model for 'v_mix_yuv2rgb_false_s'.
INFO: [HLS 200-111] Finished Creating RTL model: CPU user time: 0.04 seconds. CPU system time: 0.01 seconds. Elapsed time: 0.04 seconds; current allocated memory: 861.012 MB.
Execute         source /home/e/Documents/research/byotee/OSDZU3_Ref_Design/OSDZU3_Ref_Design.runs/design_1_v_mix_0_0_synth_1/prj/sol/.autopilot/db/v_mix.rtl_wrap.cfg.tcl 
Execute         gen_rtl v_mix_yuv2rgb<false> -style xilinx -f -lang vhdl -o /home/e/Documents/research/byotee/OSDZU3_Ref_Design/OSDZU3_Ref_Design.runs/design_1_v_mix_0_0_synth_1/prj/sol/syn/vhdl/design_1_v_mix_0_0_v_mix_yuv2rgb_false_s 
Execute         gen_rtl v_mix_yuv2rgb<false> -style xilinx -f -lang vlog -o /home/e/Documents/research/byotee/OSDZU3_Ref_Design/OSDZU3_Ref_Design.runs/design_1_v_mix_0_0_synth_1/prj/sol/syn/verilog/design_1_v_mix_0_0_v_mix_yuv2rgb_false_s 
Execute         syn_report -csynth -model v_mix_yuv2rgb<false> -o /home/e/Documents/research/byotee/OSDZU3_Ref_Design/OSDZU3_Ref_Design.runs/design_1_v_mix_0_0_synth_1/prj/sol/syn/report/v_mix_yuv2rgb_false_s_csynth.rpt 
Execute           list_part -family xczu3eg-sfvc784-1-e 
Execute             ap_family_info -name xczu3eg-sfvc784-1-e -data names 
Execute             ap_part_info -quiet -name xczu3eg-sfvc784-1-e -data family 
Execute         syn_report -rtlxml -model v_mix_yuv2rgb<false> -o /home/e/Documents/research/byotee/OSDZU3_Ref_Design/OSDZU3_Ref_Design.runs/design_1_v_mix_0_0_synth_1/prj/sol/syn/report/v_mix_yuv2rgb_false_s_csynth.xml 
Execute           list_part -family xczu3eg-sfvc784-1-e 
Execute             ap_family_info -name xczu3eg-sfvc784-1-e -data names 
Execute             ap_part_info -quiet -name xczu3eg-sfvc784-1-e -data family 
Execute         syn_report -verbosereport -model v_mix_yuv2rgb<false> -o /home/e/Documents/research/byotee/OSDZU3_Ref_Design/OSDZU3_Ref_Design.runs/design_1_v_mix_0_0_synth_1/prj/sol/.autopilot/db/v_mix_yuv2rgb_false_s.verbose.rpt 
Execute           list_part -family xczu3eg-sfvc784-1-e 
Execute             ap_family_info -name xczu3eg-sfvc784-1-e -data names 
Execute             ap_part_info -quiet -name xczu3eg-sfvc784-1-e -data family 
Execute         db_write -model v_mix_yuv2rgb<false> -f -o /home/e/Documents/research/byotee/OSDZU3_Ref_Design/OSDZU3_Ref_Design.runs/design_1_v_mix_0_0_synth_1/prj/sol/.autopilot/db/v_mix_yuv2rgb_false_s.adb 
Execute         db_write -model v_mix_yuv2rgb<false> -bindview -o /home/e/Documents/research/byotee/OSDZU3_Ref_Design/OSDZU3_Ref_Design.runs/design_1_v_mix_0_0_synth_1/prj/sol/.autopilot/db/design.bindinfo.xml 
Execute         gen_tb_info v_mix_yuv2rgb<false> -p /home/e/Documents/research/byotee/OSDZU3_Ref_Design/OSDZU3_Ref_Design.runs/design_1_v_mix_0_0_synth_1/prj/sol/.autopilot/db -o /home/e/Documents/research/byotee/OSDZU3_Ref_Design/OSDZU3_Ref_Design.runs/design_1_v_mix_0_0_synth_1/prj/sol/.autopilot/db/v_mix_yuv2rgb_false_s 
INFO: [HLS 200-10] ----------------------------------------------------------------
INFO: [HLS 200-10] -- Generating RTL for module 'v_mix_upsample_false_Pipeline_VITIS_LOOP_107_2' 
INFO: [HLS 200-10] ----------------------------------------------------------------
Execute         create_rtl_model v_mix_upsample<false>_Pipeline_VITIS_LOOP_107_2 -top_prefix design_1_v_mix_0_0_ -sub_prefix design_1_v_mix_0_0_ -mg_file /home/e/Documents/research/byotee/OSDZU3_Ref_Design/OSDZU3_Ref_Design.runs/design_1_v_mix_0_0_synth_1/prj/sol/.autopilot/db/v_mix_upsample_false_Pipeline_VITIS_LOOP_107_2.compgen.tcl 
INFO: [HLS 200-1030] Apply Unified Pipeline Control on module 'v_mix_upsample_false_Pipeline_VITIS_LOOP_107_2' pipeline 'VITIS_LOOP_107_2' pipeline type 'loop pipeline'
INFO: [RTGEN 206-100] Finished creating RTL model for 'v_mix_upsample_false_Pipeline_VITIS_LOOP_107_2'.
INFO: [HLS 200-111] Finished Creating RTL model: CPU user time: 0.04 seconds. CPU system time: 0 seconds. Elapsed time: 0.05 seconds; current allocated memory: 861.758 MB.
Execute         source /home/e/Documents/research/byotee/OSDZU3_Ref_Design/OSDZU3_Ref_Design.runs/design_1_v_mix_0_0_synth_1/prj/sol/.autopilot/db/v_mix.rtl_wrap.cfg.tcl 
Execute         gen_rtl v_mix_upsample<false>_Pipeline_VITIS_LOOP_107_2 -style xilinx -f -lang vhdl -o /home/e/Documents/research/byotee/OSDZU3_Ref_Design/OSDZU3_Ref_Design.runs/design_1_v_mix_0_0_synth_1/prj/sol/syn/vhdl/design_1_v_mix_0_0_v_mix_upsample_false_Pipeline_VITIS_LOOP_107_2 
Execute         gen_rtl v_mix_upsample<false>_Pipeline_VITIS_LOOP_107_2 -style xilinx -f -lang vlog -o /home/e/Documents/research/byotee/OSDZU3_Ref_Design/OSDZU3_Ref_Design.runs/design_1_v_mix_0_0_synth_1/prj/sol/syn/verilog/design_1_v_mix_0_0_v_mix_upsample_false_Pipeline_VITIS_LOOP_107_2 
Execute         syn_report -csynth -model v_mix_upsample<false>_Pipeline_VITIS_LOOP_107_2 -o /home/e/Documents/research/byotee/OSDZU3_Ref_Design/OSDZU3_Ref_Design.runs/design_1_v_mix_0_0_synth_1/prj/sol/syn/report/v_mix_upsample_false_Pipeline_VITIS_LOOP_107_2_csynth.rpt 
Execute           list_part -family xczu3eg-sfvc784-1-e 
Execute             ap_family_info -name xczu3eg-sfvc784-1-e -data names 
Execute             ap_part_info -quiet -name xczu3eg-sfvc784-1-e -data family 
Execute         syn_report -rtlxml -model v_mix_upsample<false>_Pipeline_VITIS_LOOP_107_2 -o /home/e/Documents/research/byotee/OSDZU3_Ref_Design/OSDZU3_Ref_Design.runs/design_1_v_mix_0_0_synth_1/prj/sol/syn/report/v_mix_upsample_false_Pipeline_VITIS_LOOP_107_2_csynth.xml 
Execute           list_part -family xczu3eg-sfvc784-1-e 
Execute             ap_family_info -name xczu3eg-sfvc784-1-e -data names 
Execute             ap_part_info -quiet -name xczu3eg-sfvc784-1-e -data family 
Execute         syn_report -verbosereport -model v_mix_upsample<false>_Pipeline_VITIS_LOOP_107_2 -o /home/e/Documents/research/byotee/OSDZU3_Ref_Design/OSDZU3_Ref_Design.runs/design_1_v_mix_0_0_synth_1/prj/sol/.autopilot/db/v_mix_upsample_false_Pipeline_VITIS_LOOP_107_2.verbose.rpt 
Execute           list_part -family xczu3eg-sfvc784-1-e 
Execute             ap_family_info -name xczu3eg-sfvc784-1-e -data names 
Execute             ap_part_info -quiet -name xczu3eg-sfvc784-1-e -data family 
Execute         db_write -model v_mix_upsample<false>_Pipeline_VITIS_LOOP_107_2 -f -o /home/e/Documents/research/byotee/OSDZU3_Ref_Design/OSDZU3_Ref_Design.runs/design_1_v_mix_0_0_synth_1/prj/sol/.autopilot/db/v_mix_upsample_false_Pipeline_VITIS_LOOP_107_2.adb 
Execute         db_write -model v_mix_upsample<false>_Pipeline_VITIS_LOOP_107_2 -bindview -o /home/e/Documents/research/byotee/OSDZU3_Ref_Design/OSDZU3_Ref_Design.runs/design_1_v_mix_0_0_synth_1/prj/sol/.autopilot/db/design.bindinfo.xml 
Execute         gen_tb_info v_mix_upsample<false>_Pipeline_VITIS_LOOP_107_2 -p /home/e/Documents/research/byotee/OSDZU3_Ref_Design/OSDZU3_Ref_Design.runs/design_1_v_mix_0_0_synth_1/prj/sol/.autopilot/db -o /home/e/Documents/research/byotee/OSDZU3_Ref_Design/OSDZU3_Ref_Design.runs/design_1_v_mix_0_0_synth_1/prj/sol/.autopilot/db/v_mix_upsample_false_Pipeline_VITIS_LOOP_107_2 
INFO: [HLS 200-10] ----------------------------------------------------------------
INFO: [HLS 200-10] -- Generating RTL for module 'v_mix_upsample_false_s' 
INFO: [HLS 200-10] ----------------------------------------------------------------
Execute         create_rtl_model v_mix_upsample<false> -top_prefix design_1_v_mix_0_0_ -sub_prefix design_1_v_mix_0_0_ -mg_file /home/e/Documents/research/byotee/OSDZU3_Ref_Design/OSDZU3_Ref_Design.runs/design_1_v_mix_0_0_synth_1/prj/sol/.autopilot/db/v_mix_upsample_false_s.compgen.tcl 
INFO: [RTGEN 206-100] Finished creating RTL model for 'v_mix_upsample_false_s'.
INFO: [HLS 200-111] Finished Creating RTL model: CPU user time: 0.03 seconds. CPU system time: 0 seconds. Elapsed time: 0.03 seconds; current allocated memory: 862.445 MB.
Execute         source /home/e/Documents/research/byotee/OSDZU3_Ref_Design/OSDZU3_Ref_Design.runs/design_1_v_mix_0_0_synth_1/prj/sol/.autopilot/db/v_mix.rtl_wrap.cfg.tcl 
Execute         gen_rtl v_mix_upsample<false> -style xilinx -f -lang vhdl -o /home/e/Documents/research/byotee/OSDZU3_Ref_Design/OSDZU3_Ref_Design.runs/design_1_v_mix_0_0_synth_1/prj/sol/syn/vhdl/design_1_v_mix_0_0_v_mix_upsample_false_s 
Execute         gen_rtl v_mix_upsample<false> -style xilinx -f -lang vlog -o /home/e/Documents/research/byotee/OSDZU3_Ref_Design/OSDZU3_Ref_Design.runs/design_1_v_mix_0_0_synth_1/prj/sol/syn/verilog/design_1_v_mix_0_0_v_mix_upsample_false_s 
Execute         syn_report -csynth -model v_mix_upsample<false> -o /home/e/Documents/research/byotee/OSDZU3_Ref_Design/OSDZU3_Ref_Design.runs/design_1_v_mix_0_0_synth_1/prj/sol/syn/report/v_mix_upsample_false_s_csynth.rpt 
Execute           list_part -family xczu3eg-sfvc784-1-e 
Execute             ap_family_info -name xczu3eg-sfvc784-1-e -data names 
Execute             ap_part_info -quiet -name xczu3eg-sfvc784-1-e -data family 
Execute         syn_report -rtlxml -model v_mix_upsample<false> -o /home/e/Documents/research/byotee/OSDZU3_Ref_Design/OSDZU3_Ref_Design.runs/design_1_v_mix_0_0_synth_1/prj/sol/syn/report/v_mix_upsample_false_s_csynth.xml 
Execute           list_part -family xczu3eg-sfvc784-1-e 
Execute             ap_family_info -name xczu3eg-sfvc784-1-e -data names 
Execute             ap_part_info -quiet -name xczu3eg-sfvc784-1-e -data family 
Execute         syn_report -verbosereport -model v_mix_upsample<false> -o /home/e/Documents/research/byotee/OSDZU3_Ref_Design/OSDZU3_Ref_Design.runs/design_1_v_mix_0_0_synth_1/prj/sol/.autopilot/db/v_mix_upsample_false_s.verbose.rpt 
Execute           list_part -family xczu3eg-sfvc784-1-e 
Execute             ap_family_info -name xczu3eg-sfvc784-1-e -data names 
Execute             ap_part_info -quiet -name xczu3eg-sfvc784-1-e -data family 
Execute         db_write -model v_mix_upsample<false> -f -o /home/e/Documents/research/byotee/OSDZU3_Ref_Design/OSDZU3_Ref_Design.runs/design_1_v_mix_0_0_synth_1/prj/sol/.autopilot/db/v_mix_upsample_false_s.adb 
Execute         db_write -model v_mix_upsample<false> -bindview -o /home/e/Documents/research/byotee/OSDZU3_Ref_Design/OSDZU3_Ref_Design.runs/design_1_v_mix_0_0_synth_1/prj/sol/.autopilot/db/design.bindinfo.xml 
Execute         gen_tb_info v_mix_upsample<false> -p /home/e/Documents/research/byotee/OSDZU3_Ref_Design/OSDZU3_Ref_Design.runs/design_1_v_mix_0_0_synth_1/prj/sol/.autopilot/db -o /home/e/Documents/research/byotee/OSDZU3_Ref_Design/OSDZU3_Ref_Design.runs/design_1_v_mix_0_0_synth_1/prj/sol/.autopilot/db/v_mix_upsample_false_s 
INFO: [HLS 200-10] ----------------------------------------------------------------
INFO: [HLS 200-10] -- Generating RTL for module 'reg_unsigned_short_12' 
INFO: [HLS 200-10] ----------------------------------------------------------------
Execute         create_rtl_model reg<unsigned short>12 -top_prefix design_1_v_mix_0_0_ -sub_prefix design_1_v_mix_0_0_ -mg_file /home/e/Documents/research/byotee/OSDZU3_Ref_Design/OSDZU3_Ref_Design.runs/design_1_v_mix_0_0_synth_1/prj/sol/.autopilot/db/reg_unsigned_short_12.compgen.tcl 
INFO: [HLS 200-1030] Apply Unified Pipeline Control on module 'reg_unsigned_short_12' pipeline 'reg<unsigned short>12' pipeline type 'function pipeline'
INFO: [RTGEN 206-100] Finished creating RTL model for 'reg_unsigned_short_12'.
INFO: [HLS 200-111] Finished Creating RTL model: CPU user time: 0.03 seconds. CPU system time: 0.01 seconds. Elapsed time: 0.04 seconds; current allocated memory: 863.203 MB.
Execute         source /home/e/Documents/research/byotee/OSDZU3_Ref_Design/OSDZU3_Ref_Design.runs/design_1_v_mix_0_0_synth_1/prj/sol/.autopilot/db/v_mix.rtl_wrap.cfg.tcl 
Execute         gen_rtl reg<unsigned short>12 -style xilinx -f -lang vhdl -o /home/e/Documents/research/byotee/OSDZU3_Ref_Design/OSDZU3_Ref_Design.runs/design_1_v_mix_0_0_synth_1/prj/sol/syn/vhdl/design_1_v_mix_0_0_reg_unsigned_short_12 
Execute         gen_rtl reg<unsigned short>12 -style xilinx -f -lang vlog -o /home/e/Documents/research/byotee/OSDZU3_Ref_Design/OSDZU3_Ref_Design.runs/design_1_v_mix_0_0_synth_1/prj/sol/syn/verilog/design_1_v_mix_0_0_reg_unsigned_short_12 
Execute         syn_report -csynth -model reg<unsigned short>12 -o /home/e/Documents/research/byotee/OSDZU3_Ref_Design/OSDZU3_Ref_Design.runs/design_1_v_mix_0_0_synth_1/prj/sol/syn/report/reg_unsigned_short_12_csynth.rpt 
Execute           list_part -family xczu3eg-sfvc784-1-e 
Execute             ap_family_info -name xczu3eg-sfvc784-1-e -data names 
Execute             ap_part_info -quiet -name xczu3eg-sfvc784-1-e -data family 
Execute         syn_report -rtlxml -model reg<unsigned short>12 -o /home/e/Documents/research/byotee/OSDZU3_Ref_Design/OSDZU3_Ref_Design.runs/design_1_v_mix_0_0_synth_1/prj/sol/syn/report/reg_unsigned_short_12_csynth.xml 
Execute           list_part -family xczu3eg-sfvc784-1-e 
Execute             ap_family_info -name xczu3eg-sfvc784-1-e -data names 
Execute             ap_part_info -quiet -name xczu3eg-sfvc784-1-e -data family 
Execute         syn_report -verbosereport -model reg<unsigned short>12 -o /home/e/Documents/research/byotee/OSDZU3_Ref_Design/OSDZU3_Ref_Design.runs/design_1_v_mix_0_0_synth_1/prj/sol/.autopilot/db/reg_unsigned_short_12.verbose.rpt 
Execute           list_part -family xczu3eg-sfvc784-1-e 
Execute             ap_family_info -name xczu3eg-sfvc784-1-e -data names 
Execute             ap_part_info -quiet -name xczu3eg-sfvc784-1-e -data family 
Execute         db_write -model reg<unsigned short>12 -f -o /home/e/Documents/research/byotee/OSDZU3_Ref_Design/OSDZU3_Ref_Design.runs/design_1_v_mix_0_0_synth_1/prj/sol/.autopilot/db/reg_unsigned_short_12.adb 
Execute         db_write -model reg<unsigned short>12 -bindview -o /home/e/Documents/research/byotee/OSDZU3_Ref_Design/OSDZU3_Ref_Design.runs/design_1_v_mix_0_0_synth_1/prj/sol/.autopilot/db/design.bindinfo.xml 
Execute         gen_tb_info reg<unsigned short>12 -p /home/e/Documents/research/byotee/OSDZU3_Ref_Design/OSDZU3_Ref_Design.runs/design_1_v_mix_0_0_synth_1/prj/sol/.autopilot/db -o /home/e/Documents/research/byotee/OSDZU3_Ref_Design/OSDZU3_Ref_Design.runs/design_1_v_mix_0_0_synth_1/prj/sol/.autopilot/db/reg_unsigned_short_12 
INFO: [HLS 200-10] ----------------------------------------------------------------
INFO: [HLS 200-10] -- Generating RTL for module 'v_mix_core_alpha_true_false_Pipeline_VITIS_LOOP_395_3' 
INFO: [HLS 200-10] ----------------------------------------------------------------
Execute         create_rtl_model v_mix_core_alpha<true, false>_Pipeline_VITIS_LOOP_395_3 -top_prefix design_1_v_mix_0_0_ -sub_prefix design_1_v_mix_0_0_ -mg_file /home/e/Documents/research/byotee/OSDZU3_Ref_Design/OSDZU3_Ref_Design.runs/design_1_v_mix_0_0_synth_1/prj/sol/.autopilot/db/v_mix_core_alpha_true_false_Pipeline_VITIS_LOOP_395_3.compgen.tcl 
INFO: [HLS 200-1030] Apply Unified Pipeline Control on module 'v_mix_core_alpha_true_false_Pipeline_VITIS_LOOP_395_3' pipeline 'VITIS_LOOP_395_3' pipeline type 'loop pipeline'
INFO: [RTGEN 206-100] Generating core module 'mac_muladd_9ns_9s_16ns_16_4_1': 2 instance(s).
INFO: [RTGEN 206-100] Generating core module 'mac_muladd_9s_9ns_16ns_16_4_1': 1 instance(s).
INFO: [RTGEN 206-100] Finished creating RTL model for 'v_mix_core_alpha_true_false_Pipeline_VITIS_LOOP_395_3'.
INFO: [HLS 200-111] Finished Creating RTL model: CPU user time: 0.04 seconds. CPU system time: 0 seconds. Elapsed time: 0.04 seconds; current allocated memory: 863.539 MB.
Execute         source /home/e/Documents/research/byotee/OSDZU3_Ref_Design/OSDZU3_Ref_Design.runs/design_1_v_mix_0_0_synth_1/prj/sol/.autopilot/db/v_mix.rtl_wrap.cfg.tcl 
Execute         gen_rtl v_mix_core_alpha<true, false>_Pipeline_VITIS_LOOP_395_3 -style xilinx -f -lang vhdl -o /home/e/Documents/research/byotee/OSDZU3_Ref_Design/OSDZU3_Ref_Design.runs/design_1_v_mix_0_0_synth_1/prj/sol/syn/vhdl/design_1_v_mix_0_0_v_mix_core_alpha_true_false_Pipeline_VITIS_LOOP_395_3 
Execute         gen_rtl v_mix_core_alpha<true, false>_Pipeline_VITIS_LOOP_395_3 -style xilinx -f -lang vlog -o /home/e/Documents/research/byotee/OSDZU3_Ref_Design/OSDZU3_Ref_Design.runs/design_1_v_mix_0_0_synth_1/prj/sol/syn/verilog/design_1_v_mix_0_0_v_mix_core_alpha_true_false_Pipeline_VITIS_LOOP_395_3 
Execute         syn_report -csynth -model v_mix_core_alpha<true, false>_Pipeline_VITIS_LOOP_395_3 -o /home/e/Documents/research/byotee/OSDZU3_Ref_Design/OSDZU3_Ref_Design.runs/design_1_v_mix_0_0_synth_1/prj/sol/syn/report/v_mix_core_alpha_true_false_Pipeline_VITIS_LOOP_395_3_csynth.rpt 
Execute           list_part -family xczu3eg-sfvc784-1-e 
Execute             ap_family_info -name xczu3eg-sfvc784-1-e -data names 
Execute             ap_part_info -quiet -name xczu3eg-sfvc784-1-e -data family 
Execute         syn_report -rtlxml -model v_mix_core_alpha<true, false>_Pipeline_VITIS_LOOP_395_3 -o /home/e/Documents/research/byotee/OSDZU3_Ref_Design/OSDZU3_Ref_Design.runs/design_1_v_mix_0_0_synth_1/prj/sol/syn/report/v_mix_core_alpha_true_false_Pipeline_VITIS_LOOP_395_3_csynth.xml 
Execute           list_part -family xczu3eg-sfvc784-1-e 
Execute             ap_family_info -name xczu3eg-sfvc784-1-e -data names 
Execute             ap_part_info -quiet -name xczu3eg-sfvc784-1-e -data family 
Execute         syn_report -verbosereport -model v_mix_core_alpha<true, false>_Pipeline_VITIS_LOOP_395_3 -o /home/e/Documents/research/byotee/OSDZU3_Ref_Design/OSDZU3_Ref_Design.runs/design_1_v_mix_0_0_synth_1/prj/sol/.autopilot/db/v_mix_core_alpha_true_false_Pipeline_VITIS_LOOP_395_3.verbose.rpt 
Execute           list_part -family xczu3eg-sfvc784-1-e 
Execute             ap_family_info -name xczu3eg-sfvc784-1-e -data names 
Execute             ap_part_info -quiet -name xczu3eg-sfvc784-1-e -data family 
Execute         db_write -model v_mix_core_alpha<true, false>_Pipeline_VITIS_LOOP_395_3 -f -o /home/e/Documents/research/byotee/OSDZU3_Ref_Design/OSDZU3_Ref_Design.runs/design_1_v_mix_0_0_synth_1/prj/sol/.autopilot/db/v_mix_core_alpha_true_false_Pipeline_VITIS_LOOP_395_3.adb 
Execute         db_write -model v_mix_core_alpha<true, false>_Pipeline_VITIS_LOOP_395_3 -bindview -o /home/e/Documents/research/byotee/OSDZU3_Ref_Design/OSDZU3_Ref_Design.runs/design_1_v_mix_0_0_synth_1/prj/sol/.autopilot/db/design.bindinfo.xml 
Execute         gen_tb_info v_mix_core_alpha<true, false>_Pipeline_VITIS_LOOP_395_3 -p /home/e/Documents/research/byotee/OSDZU3_Ref_Design/OSDZU3_Ref_Design.runs/design_1_v_mix_0_0_synth_1/prj/sol/.autopilot/db -o /home/e/Documents/research/byotee/OSDZU3_Ref_Design/OSDZU3_Ref_Design.runs/design_1_v_mix_0_0_synth_1/prj/sol/.autopilot/db/v_mix_core_alpha_true_false_Pipeline_VITIS_LOOP_395_3 
INFO: [HLS 200-10] ----------------------------------------------------------------
INFO: [HLS 200-10] -- Generating RTL for module 'v_mix_core_alpha_true_false_s' 
INFO: [HLS 200-10] ----------------------------------------------------------------
Execute         create_rtl_model v_mix_core_alpha<true, false> -top_prefix design_1_v_mix_0_0_ -sub_prefix design_1_v_mix_0_0_ -mg_file /home/e/Documents/research/byotee/OSDZU3_Ref_Design/OSDZU3_Ref_Design.runs/design_1_v_mix_0_0_synth_1/prj/sol/.autopilot/db/v_mix_core_alpha_true_false_s.compgen.tcl 
INFO: [RTGEN 206-100] Finished creating RTL model for 'v_mix_core_alpha_true_false_s'.
INFO: [HLS 200-111] Finished Creating RTL model: CPU user time: 0.05 seconds. CPU system time: 0 seconds. Elapsed time: 0.05 seconds; current allocated memory: 865.617 MB.
Execute         source /home/e/Documents/research/byotee/OSDZU3_Ref_Design/OSDZU3_Ref_Design.runs/design_1_v_mix_0_0_synth_1/prj/sol/.autopilot/db/v_mix.rtl_wrap.cfg.tcl 
Execute         gen_rtl v_mix_core_alpha<true, false> -style xilinx -f -lang vhdl -o /home/e/Documents/research/byotee/OSDZU3_Ref_Design/OSDZU3_Ref_Design.runs/design_1_v_mix_0_0_synth_1/prj/sol/syn/vhdl/design_1_v_mix_0_0_v_mix_core_alpha_true_false_s 
Execute         gen_rtl v_mix_core_alpha<true, false> -style xilinx -f -lang vlog -o /home/e/Documents/research/byotee/OSDZU3_Ref_Design/OSDZU3_Ref_Design.runs/design_1_v_mix_0_0_synth_1/prj/sol/syn/verilog/design_1_v_mix_0_0_v_mix_core_alpha_true_false_s 
Execute         syn_report -csynth -model v_mix_core_alpha<true, false> -o /home/e/Documents/research/byotee/OSDZU3_Ref_Design/OSDZU3_Ref_Design.runs/design_1_v_mix_0_0_synth_1/prj/sol/syn/report/v_mix_core_alpha_true_false_s_csynth.rpt 
Execute           list_part -family xczu3eg-sfvc784-1-e 
Execute             ap_family_info -name xczu3eg-sfvc784-1-e -data names 
Execute             ap_part_info -quiet -name xczu3eg-sfvc784-1-e -data family 
Execute         syn_report -rtlxml -model v_mix_core_alpha<true, false> -o /home/e/Documents/research/byotee/OSDZU3_Ref_Design/OSDZU3_Ref_Design.runs/design_1_v_mix_0_0_synth_1/prj/sol/syn/report/v_mix_core_alpha_true_false_s_csynth.xml 
Execute           list_part -family xczu3eg-sfvc784-1-e 
Execute             ap_family_info -name xczu3eg-sfvc784-1-e -data names 
Execute             ap_part_info -quiet -name xczu3eg-sfvc784-1-e -data family 
Execute         syn_report -verbosereport -model v_mix_core_alpha<true, false> -o /home/e/Documents/research/byotee/OSDZU3_Ref_Design/OSDZU3_Ref_Design.runs/design_1_v_mix_0_0_synth_1/prj/sol/.autopilot/db/v_mix_core_alpha_true_false_s.verbose.rpt 
Execute           list_part -family xczu3eg-sfvc784-1-e 
Execute             ap_family_info -name xczu3eg-sfvc784-1-e -data names 
Execute             ap_part_info -quiet -name xczu3eg-sfvc784-1-e -data family 
Execute         db_write -model v_mix_core_alpha<true, false> -f -o /home/e/Documents/research/byotee/OSDZU3_Ref_Design/OSDZU3_Ref_Design.runs/design_1_v_mix_0_0_synth_1/prj/sol/.autopilot/db/v_mix_core_alpha_true_false_s.adb 
Execute         db_write -model v_mix_core_alpha<true, false> -bindview -o /home/e/Documents/research/byotee/OSDZU3_Ref_Design/OSDZU3_Ref_Design.runs/design_1_v_mix_0_0_synth_1/prj/sol/.autopilot/db/design.bindinfo.xml 
Execute         gen_tb_info v_mix_core_alpha<true, false> -p /home/e/Documents/research/byotee/OSDZU3_Ref_Design/OSDZU3_Ref_Design.runs/design_1_v_mix_0_0_synth_1/prj/sol/.autopilot/db -o /home/e/Documents/research/byotee/OSDZU3_Ref_Design/OSDZU3_Ref_Design.runs/design_1_v_mix_0_0_synth_1/prj/sol/.autopilot/db/v_mix_core_alpha_true_false_s 
INFO: [HLS 200-10] ----------------------------------------------------------------
INFO: [HLS 200-10] -- Generating RTL for module 'v_mix_rgb2yuv_false_Pipeline_VITIS_LOOP_1042_2' 
INFO: [HLS 200-10] ----------------------------------------------------------------
Execute         create_rtl_model v_mix_rgb2yuv<false>_Pipeline_VITIS_LOOP_1042_2 -top_prefix design_1_v_mix_0_0_ -sub_prefix design_1_v_mix_0_0_ -mg_file /home/e/Documents/research/byotee/OSDZU3_Ref_Design/OSDZU3_Ref_Design.runs/design_1_v_mix_0_0_synth_1/prj/sol/.autopilot/db/v_mix_rgb2yuv_false_Pipeline_VITIS_LOOP_1042_2.compgen.tcl 
INFO: [HLS 200-1030] Apply Unified Pipeline Control on module 'v_mix_rgb2yuv_false_Pipeline_VITIS_LOOP_1042_2' pipeline 'VITIS_LOOP_1042_2' pipeline type 'loop pipeline'
INFO: [RTGEN 206-100] Finished creating RTL model for 'v_mix_rgb2yuv_false_Pipeline_VITIS_LOOP_1042_2'.
INFO: [HLS 200-111] Finished Creating RTL model: CPU user time: 0.04 seconds. CPU system time: 0.01 seconds. Elapsed time: 0.05 seconds; current allocated memory: 867.207 MB.
Execute         source /home/e/Documents/research/byotee/OSDZU3_Ref_Design/OSDZU3_Ref_Design.runs/design_1_v_mix_0_0_synth_1/prj/sol/.autopilot/db/v_mix.rtl_wrap.cfg.tcl 
Execute         gen_rtl v_mix_rgb2yuv<false>_Pipeline_VITIS_LOOP_1042_2 -style xilinx -f -lang vhdl -o /home/e/Documents/research/byotee/OSDZU3_Ref_Design/OSDZU3_Ref_Design.runs/design_1_v_mix_0_0_synth_1/prj/sol/syn/vhdl/design_1_v_mix_0_0_v_mix_rgb2yuv_false_Pipeline_VITIS_LOOP_1042_2 
Execute         gen_rtl v_mix_rgb2yuv<false>_Pipeline_VITIS_LOOP_1042_2 -style xilinx -f -lang vlog -o /home/e/Documents/research/byotee/OSDZU3_Ref_Design/OSDZU3_Ref_Design.runs/design_1_v_mix_0_0_synth_1/prj/sol/syn/verilog/design_1_v_mix_0_0_v_mix_rgb2yuv_false_Pipeline_VITIS_LOOP_1042_2 
Execute         syn_report -csynth -model v_mix_rgb2yuv<false>_Pipeline_VITIS_LOOP_1042_2 -o /home/e/Documents/research/byotee/OSDZU3_Ref_Design/OSDZU3_Ref_Design.runs/design_1_v_mix_0_0_synth_1/prj/sol/syn/report/v_mix_rgb2yuv_false_Pipeline_VITIS_LOOP_1042_2_csynth.rpt 
Execute           list_part -family xczu3eg-sfvc784-1-e 
Execute             ap_family_info -name xczu3eg-sfvc784-1-e -data names 
Execute             ap_part_info -quiet -name xczu3eg-sfvc784-1-e -data family 
Execute         syn_report -rtlxml -model v_mix_rgb2yuv<false>_Pipeline_VITIS_LOOP_1042_2 -o /home/e/Documents/research/byotee/OSDZU3_Ref_Design/OSDZU3_Ref_Design.runs/design_1_v_mix_0_0_synth_1/prj/sol/syn/report/v_mix_rgb2yuv_false_Pipeline_VITIS_LOOP_1042_2_csynth.xml 
Execute           list_part -family xczu3eg-sfvc784-1-e 
Execute             ap_family_info -name xczu3eg-sfvc784-1-e -data names 
Execute             ap_part_info -quiet -name xczu3eg-sfvc784-1-e -data family 
Execute         syn_report -verbosereport -model v_mix_rgb2yuv<false>_Pipeline_VITIS_LOOP_1042_2 -o /home/e/Documents/research/byotee/OSDZU3_Ref_Design/OSDZU3_Ref_Design.runs/design_1_v_mix_0_0_synth_1/prj/sol/.autopilot/db/v_mix_rgb2yuv_false_Pipeline_VITIS_LOOP_1042_2.verbose.rpt 
Execute           list_part -family xczu3eg-sfvc784-1-e 
Execute             ap_family_info -name xczu3eg-sfvc784-1-e -data names 
Execute             ap_part_info -quiet -name xczu3eg-sfvc784-1-e -data family 
Execute         db_write -model v_mix_rgb2yuv<false>_Pipeline_VITIS_LOOP_1042_2 -f -o /home/e/Documents/research/byotee/OSDZU3_Ref_Design/OSDZU3_Ref_Design.runs/design_1_v_mix_0_0_synth_1/prj/sol/.autopilot/db/v_mix_rgb2yuv_false_Pipeline_VITIS_LOOP_1042_2.adb 
Execute         db_write -model v_mix_rgb2yuv<false>_Pipeline_VITIS_LOOP_1042_2 -bindview -o /home/e/Documents/research/byotee/OSDZU3_Ref_Design/OSDZU3_Ref_Design.runs/design_1_v_mix_0_0_synth_1/prj/sol/.autopilot/db/design.bindinfo.xml 
Execute         gen_tb_info v_mix_rgb2yuv<false>_Pipeline_VITIS_LOOP_1042_2 -p /home/e/Documents/research/byotee/OSDZU3_Ref_Design/OSDZU3_Ref_Design.runs/design_1_v_mix_0_0_synth_1/prj/sol/.autopilot/db -o /home/e/Documents/research/byotee/OSDZU3_Ref_Design/OSDZU3_Ref_Design.runs/design_1_v_mix_0_0_synth_1/prj/sol/.autopilot/db/v_mix_rgb2yuv_false_Pipeline_VITIS_LOOP_1042_2 
INFO: [HLS 200-10] ----------------------------------------------------------------
INFO: [HLS 200-10] -- Generating RTL for module 'v_mix_rgb2yuv_false_s' 
INFO: [HLS 200-10] ----------------------------------------------------------------
Execute         create_rtl_model v_mix_rgb2yuv<false> -top_prefix design_1_v_mix_0_0_ -sub_prefix design_1_v_mix_0_0_ -mg_file /home/e/Documents/research/byotee/OSDZU3_Ref_Design/OSDZU3_Ref_Design.runs/design_1_v_mix_0_0_synth_1/prj/sol/.autopilot/db/v_mix_rgb2yuv_false_s.compgen.tcl 
INFO: [RTGEN 206-100] Finished creating RTL model for 'v_mix_rgb2yuv_false_s'.
INFO: [HLS 200-111] Finished Creating RTL model: CPU user time: 0.03 seconds. CPU system time: 0.01 seconds. Elapsed time: 0.04 seconds; current allocated memory: 867.859 MB.
Execute         source /home/e/Documents/research/byotee/OSDZU3_Ref_Design/OSDZU3_Ref_Design.runs/design_1_v_mix_0_0_synth_1/prj/sol/.autopilot/db/v_mix.rtl_wrap.cfg.tcl 
Execute         gen_rtl v_mix_rgb2yuv<false> -style xilinx -f -lang vhdl -o /home/e/Documents/research/byotee/OSDZU3_Ref_Design/OSDZU3_Ref_Design.runs/design_1_v_mix_0_0_synth_1/prj/sol/syn/vhdl/design_1_v_mix_0_0_v_mix_rgb2yuv_false_s 
Execute         gen_rtl v_mix_rgb2yuv<false> -style xilinx -f -lang vlog -o /home/e/Documents/research/byotee/OSDZU3_Ref_Design/OSDZU3_Ref_Design.runs/design_1_v_mix_0_0_synth_1/prj/sol/syn/verilog/design_1_v_mix_0_0_v_mix_rgb2yuv_false_s 
Execute         syn_report -csynth -model v_mix_rgb2yuv<false> -o /home/e/Documents/research/byotee/OSDZU3_Ref_Design/OSDZU3_Ref_Design.runs/design_1_v_mix_0_0_synth_1/prj/sol/syn/report/v_mix_rgb2yuv_false_s_csynth.rpt 
Execute           list_part -family xczu3eg-sfvc784-1-e 
Execute             ap_family_info -name xczu3eg-sfvc784-1-e -data names 
Execute             ap_part_info -quiet -name xczu3eg-sfvc784-1-e -data family 
Execute         syn_report -rtlxml -model v_mix_rgb2yuv<false> -o /home/e/Documents/research/byotee/OSDZU3_Ref_Design/OSDZU3_Ref_Design.runs/design_1_v_mix_0_0_synth_1/prj/sol/syn/report/v_mix_rgb2yuv_false_s_csynth.xml 
Execute           list_part -family xczu3eg-sfvc784-1-e 
Execute             ap_family_info -name xczu3eg-sfvc784-1-e -data names 
Execute             ap_part_info -quiet -name xczu3eg-sfvc784-1-e -data family 
Execute         syn_report -verbosereport -model v_mix_rgb2yuv<false> -o /home/e/Documents/research/byotee/OSDZU3_Ref_Design/OSDZU3_Ref_Design.runs/design_1_v_mix_0_0_synth_1/prj/sol/.autopilot/db/v_mix_rgb2yuv_false_s.verbose.rpt 
Execute           list_part -family xczu3eg-sfvc784-1-e 
Execute             ap_family_info -name xczu3eg-sfvc784-1-e -data names 
Execute             ap_part_info -quiet -name xczu3eg-sfvc784-1-e -data family 
Execute         db_write -model v_mix_rgb2yuv<false> -f -o /home/e/Documents/research/byotee/OSDZU3_Ref_Design/OSDZU3_Ref_Design.runs/design_1_v_mix_0_0_synth_1/prj/sol/.autopilot/db/v_mix_rgb2yuv_false_s.adb 
Execute         db_write -model v_mix_rgb2yuv<false> -bindview -o /home/e/Documents/research/byotee/OSDZU3_Ref_Design/OSDZU3_Ref_Design.runs/design_1_v_mix_0_0_synth_1/prj/sol/.autopilot/db/design.bindinfo.xml 
Execute         gen_tb_info v_mix_rgb2yuv<false> -p /home/e/Documents/research/byotee/OSDZU3_Ref_Design/OSDZU3_Ref_Design.runs/design_1_v_mix_0_0_synth_1/prj/sol/.autopilot/db -o /home/e/Documents/research/byotee/OSDZU3_Ref_Design/OSDZU3_Ref_Design.runs/design_1_v_mix_0_0_synth_1/prj/sol/.autopilot/db/v_mix_rgb2yuv_false_s 
INFO: [HLS 200-10] ----------------------------------------------------------------
INFO: [HLS 200-10] -- Generating RTL for module 'v_mix_444_to_422_false_Pipeline_VITIS_LOOP_718_2' 
INFO: [HLS 200-10] ----------------------------------------------------------------
Execute         create_rtl_model v_mix_444_to_422<false>_Pipeline_VITIS_LOOP_718_2 -top_prefix design_1_v_mix_0_0_ -sub_prefix design_1_v_mix_0_0_ -mg_file /home/e/Documents/research/byotee/OSDZU3_Ref_Design/OSDZU3_Ref_Design.runs/design_1_v_mix_0_0_synth_1/prj/sol/.autopilot/db/v_mix_444_to_422_false_Pipeline_VITIS_LOOP_718_2.compgen.tcl 
INFO: [HLS 200-1030] Apply Unified Pipeline Control on module 'v_mix_444_to_422_false_Pipeline_VITIS_LOOP_718_2' pipeline 'VITIS_LOOP_718_2' pipeline type 'loop pipeline'
INFO: [RTGEN 206-100] Finished creating RTL model for 'v_mix_444_to_422_false_Pipeline_VITIS_LOOP_718_2'.
INFO: [HLS 200-111] Finished Creating RTL model: CPU user time: 0.04 seconds. CPU system time: 0 seconds. Elapsed time: 0.04 seconds; current allocated memory: 868.574 MB.
Execute         source /home/e/Documents/research/byotee/OSDZU3_Ref_Design/OSDZU3_Ref_Design.runs/design_1_v_mix_0_0_synth_1/prj/sol/.autopilot/db/v_mix.rtl_wrap.cfg.tcl 
Execute         gen_rtl v_mix_444_to_422<false>_Pipeline_VITIS_LOOP_718_2 -style xilinx -f -lang vhdl -o /home/e/Documents/research/byotee/OSDZU3_Ref_Design/OSDZU3_Ref_Design.runs/design_1_v_mix_0_0_synth_1/prj/sol/syn/vhdl/design_1_v_mix_0_0_v_mix_444_to_422_false_Pipeline_VITIS_LOOP_718_2 
Execute         gen_rtl v_mix_444_to_422<false>_Pipeline_VITIS_LOOP_718_2 -style xilinx -f -lang vlog -o /home/e/Documents/research/byotee/OSDZU3_Ref_Design/OSDZU3_Ref_Design.runs/design_1_v_mix_0_0_synth_1/prj/sol/syn/verilog/design_1_v_mix_0_0_v_mix_444_to_422_false_Pipeline_VITIS_LOOP_718_2 
Execute         syn_report -csynth -model v_mix_444_to_422<false>_Pipeline_VITIS_LOOP_718_2 -o /home/e/Documents/research/byotee/OSDZU3_Ref_Design/OSDZU3_Ref_Design.runs/design_1_v_mix_0_0_synth_1/prj/sol/syn/report/v_mix_444_to_422_false_Pipeline_VITIS_LOOP_718_2_csynth.rpt 
Execute           list_part -family xczu3eg-sfvc784-1-e 
Execute             ap_family_info -name xczu3eg-sfvc784-1-e -data names 
Execute             ap_part_info -quiet -name xczu3eg-sfvc784-1-e -data family 
Execute         syn_report -rtlxml -model v_mix_444_to_422<false>_Pipeline_VITIS_LOOP_718_2 -o /home/e/Documents/research/byotee/OSDZU3_Ref_Design/OSDZU3_Ref_Design.runs/design_1_v_mix_0_0_synth_1/prj/sol/syn/report/v_mix_444_to_422_false_Pipeline_VITIS_LOOP_718_2_csynth.xml 
Execute           list_part -family xczu3eg-sfvc784-1-e 
Execute             ap_family_info -name xczu3eg-sfvc784-1-e -data names 
Execute             ap_part_info -quiet -name xczu3eg-sfvc784-1-e -data family 
Execute         syn_report -verbosereport -model v_mix_444_to_422<false>_Pipeline_VITIS_LOOP_718_2 -o /home/e/Documents/research/byotee/OSDZU3_Ref_Design/OSDZU3_Ref_Design.runs/design_1_v_mix_0_0_synth_1/prj/sol/.autopilot/db/v_mix_444_to_422_false_Pipeline_VITIS_LOOP_718_2.verbose.rpt 
Execute           list_part -family xczu3eg-sfvc784-1-e 
Execute             ap_family_info -name xczu3eg-sfvc784-1-e -data names 
Execute             ap_part_info -quiet -name xczu3eg-sfvc784-1-e -data family 
Execute         db_write -model v_mix_444_to_422<false>_Pipeline_VITIS_LOOP_718_2 -f -o /home/e/Documents/research/byotee/OSDZU3_Ref_Design/OSDZU3_Ref_Design.runs/design_1_v_mix_0_0_synth_1/prj/sol/.autopilot/db/v_mix_444_to_422_false_Pipeline_VITIS_LOOP_718_2.adb 
Execute         db_write -model v_mix_444_to_422<false>_Pipeline_VITIS_LOOP_718_2 -bindview -o /home/e/Documents/research/byotee/OSDZU3_Ref_Design/OSDZU3_Ref_Design.runs/design_1_v_mix_0_0_synth_1/prj/sol/.autopilot/db/design.bindinfo.xml 
Execute         gen_tb_info v_mix_444_to_422<false>_Pipeline_VITIS_LOOP_718_2 -p /home/e/Documents/research/byotee/OSDZU3_Ref_Design/OSDZU3_Ref_Design.runs/design_1_v_mix_0_0_synth_1/prj/sol/.autopilot/db -o /home/e/Documents/research/byotee/OSDZU3_Ref_Design/OSDZU3_Ref_Design.runs/design_1_v_mix_0_0_synth_1/prj/sol/.autopilot/db/v_mix_444_to_422_false_Pipeline_VITIS_LOOP_718_2 
INFO: [HLS 200-10] ----------------------------------------------------------------
INFO: [HLS 200-10] -- Generating RTL for module 'v_mix_444_to_422_false_s' 
INFO: [HLS 200-10] ----------------------------------------------------------------
Execute         create_rtl_model v_mix_444_to_422<false> -top_prefix design_1_v_mix_0_0_ -sub_prefix design_1_v_mix_0_0_ -mg_file /home/e/Documents/research/byotee/OSDZU3_Ref_Design/OSDZU3_Ref_Design.runs/design_1_v_mix_0_0_synth_1/prj/sol/.autopilot/db/v_mix_444_to_422_false_s.compgen.tcl 
INFO: [RTGEN 206-100] Finished creating RTL model for 'v_mix_444_to_422_false_s'.
INFO: [HLS 200-111] Finished Creating RTL model: CPU user time: 0.04 seconds. CPU system time: 0 seconds. Elapsed time: 0.04 seconds; current allocated memory: 869.250 MB.
Execute         source /home/e/Documents/research/byotee/OSDZU3_Ref_Design/OSDZU3_Ref_Design.runs/design_1_v_mix_0_0_synth_1/prj/sol/.autopilot/db/v_mix.rtl_wrap.cfg.tcl 
Execute         gen_rtl v_mix_444_to_422<false> -style xilinx -f -lang vhdl -o /home/e/Documents/research/byotee/OSDZU3_Ref_Design/OSDZU3_Ref_Design.runs/design_1_v_mix_0_0_synth_1/prj/sol/syn/vhdl/design_1_v_mix_0_0_v_mix_444_to_422_false_s 
Execute         gen_rtl v_mix_444_to_422<false> -style xilinx -f -lang vlog -o /home/e/Documents/research/byotee/OSDZU3_Ref_Design/OSDZU3_Ref_Design.runs/design_1_v_mix_0_0_synth_1/prj/sol/syn/verilog/design_1_v_mix_0_0_v_mix_444_to_422_false_s 
Execute         syn_report -csynth -model v_mix_444_to_422<false> -o /home/e/Documents/research/byotee/OSDZU3_Ref_Design/OSDZU3_Ref_Design.runs/design_1_v_mix_0_0_synth_1/prj/sol/syn/report/v_mix_444_to_422_false_s_csynth.rpt 
Execute           list_part -family xczu3eg-sfvc784-1-e 
Execute             ap_family_info -name xczu3eg-sfvc784-1-e -data names 
Execute             ap_part_info -quiet -name xczu3eg-sfvc784-1-e -data family 
Execute         syn_report -rtlxml -model v_mix_444_to_422<false> -o /home/e/Documents/research/byotee/OSDZU3_Ref_Design/OSDZU3_Ref_Design.runs/design_1_v_mix_0_0_synth_1/prj/sol/syn/report/v_mix_444_to_422_false_s_csynth.xml 
Execute           list_part -family xczu3eg-sfvc784-1-e 
Execute             ap_family_info -name xczu3eg-sfvc784-1-e -data names 
Execute             ap_part_info -quiet -name xczu3eg-sfvc784-1-e -data family 
Execute         syn_report -verbosereport -model v_mix_444_to_422<false> -o /home/e/Documents/research/byotee/OSDZU3_Ref_Design/OSDZU3_Ref_Design.runs/design_1_v_mix_0_0_synth_1/prj/sol/.autopilot/db/v_mix_444_to_422_false_s.verbose.rpt 
Execute           list_part -family xczu3eg-sfvc784-1-e 
Execute             ap_family_info -name xczu3eg-sfvc784-1-e -data names 
Execute             ap_part_info -quiet -name xczu3eg-sfvc784-1-e -data family 
Execute         db_write -model v_mix_444_to_422<false> -f -o /home/e/Documents/research/byotee/OSDZU3_Ref_Design/OSDZU3_Ref_Design.runs/design_1_v_mix_0_0_synth_1/prj/sol/.autopilot/db/v_mix_444_to_422_false_s.adb 
Execute         db_write -model v_mix_444_to_422<false> -bindview -o /home/e/Documents/research/byotee/OSDZU3_Ref_Design/OSDZU3_Ref_Design.runs/design_1_v_mix_0_0_synth_1/prj/sol/.autopilot/db/design.bindinfo.xml 
Execute         gen_tb_info v_mix_444_to_422<false> -p /home/e/Documents/research/byotee/OSDZU3_Ref_Design/OSDZU3_Ref_Design.runs/design_1_v_mix_0_0_synth_1/prj/sol/.autopilot/db -o /home/e/Documents/research/byotee/OSDZU3_Ref_Design/OSDZU3_Ref_Design.runs/design_1_v_mix_0_0_synth_1/prj/sol/.autopilot/db/v_mix_444_to_422_false_s 
INFO: [HLS 200-10] ----------------------------------------------------------------
INFO: [HLS 200-10] -- Generating RTL for module 'v_mix_422_to_420_false_Pipeline_VITIS_LOOP_508_2' 
INFO: [HLS 200-10] ----------------------------------------------------------------
Execute         create_rtl_model v_mix_422_to_420<false>_Pipeline_VITIS_LOOP_508_2 -top_prefix design_1_v_mix_0_0_ -sub_prefix design_1_v_mix_0_0_ -mg_file /home/e/Documents/research/byotee/OSDZU3_Ref_Design/OSDZU3_Ref_Design.runs/design_1_v_mix_0_0_synth_1/prj/sol/.autopilot/db/v_mix_422_to_420_false_Pipeline_VITIS_LOOP_508_2.compgen.tcl 
INFO: [HLS 200-1030] Apply Unified Pipeline Control on module 'v_mix_422_to_420_false_Pipeline_VITIS_LOOP_508_2' pipeline 'VITIS_LOOP_508_2' pipeline type 'loop pipeline'
INFO: [RTGEN 206-100] Finished creating RTL model for 'v_mix_422_to_420_false_Pipeline_VITIS_LOOP_508_2'.
INFO: [HLS 200-111] Finished Creating RTL model: CPU user time: 0.03 seconds. CPU system time: 0.01 seconds. Elapsed time: 0.04 seconds; current allocated memory: 869.934 MB.
Execute         source /home/e/Documents/research/byotee/OSDZU3_Ref_Design/OSDZU3_Ref_Design.runs/design_1_v_mix_0_0_synth_1/prj/sol/.autopilot/db/v_mix.rtl_wrap.cfg.tcl 
Execute         gen_rtl v_mix_422_to_420<false>_Pipeline_VITIS_LOOP_508_2 -style xilinx -f -lang vhdl -o /home/e/Documents/research/byotee/OSDZU3_Ref_Design/OSDZU3_Ref_Design.runs/design_1_v_mix_0_0_synth_1/prj/sol/syn/vhdl/design_1_v_mix_0_0_v_mix_422_to_420_false_Pipeline_VITIS_LOOP_508_2 
Execute         gen_rtl v_mix_422_to_420<false>_Pipeline_VITIS_LOOP_508_2 -style xilinx -f -lang vlog -o /home/e/Documents/research/byotee/OSDZU3_Ref_Design/OSDZU3_Ref_Design.runs/design_1_v_mix_0_0_synth_1/prj/sol/syn/verilog/design_1_v_mix_0_0_v_mix_422_to_420_false_Pipeline_VITIS_LOOP_508_2 
Execute         syn_report -csynth -model v_mix_422_to_420<false>_Pipeline_VITIS_LOOP_508_2 -o /home/e/Documents/research/byotee/OSDZU3_Ref_Design/OSDZU3_Ref_Design.runs/design_1_v_mix_0_0_synth_1/prj/sol/syn/report/v_mix_422_to_420_false_Pipeline_VITIS_LOOP_508_2_csynth.rpt 
Execute           list_part -family xczu3eg-sfvc784-1-e 
Execute             ap_family_info -name xczu3eg-sfvc784-1-e -data names 
Execute             ap_part_info -quiet -name xczu3eg-sfvc784-1-e -data family 
Execute         syn_report -rtlxml -model v_mix_422_to_420<false>_Pipeline_VITIS_LOOP_508_2 -o /home/e/Documents/research/byotee/OSDZU3_Ref_Design/OSDZU3_Ref_Design.runs/design_1_v_mix_0_0_synth_1/prj/sol/syn/report/v_mix_422_to_420_false_Pipeline_VITIS_LOOP_508_2_csynth.xml 
Execute           list_part -family xczu3eg-sfvc784-1-e 
Execute             ap_family_info -name xczu3eg-sfvc784-1-e -data names 
Execute             ap_part_info -quiet -name xczu3eg-sfvc784-1-e -data family 
Execute         syn_report -verbosereport -model v_mix_422_to_420<false>_Pipeline_VITIS_LOOP_508_2 -o /home/e/Documents/research/byotee/OSDZU3_Ref_Design/OSDZU3_Ref_Design.runs/design_1_v_mix_0_0_synth_1/prj/sol/.autopilot/db/v_mix_422_to_420_false_Pipeline_VITIS_LOOP_508_2.verbose.rpt 
Execute           list_part -family xczu3eg-sfvc784-1-e 
Execute             ap_family_info -name xczu3eg-sfvc784-1-e -data names 
Execute             ap_part_info -quiet -name xczu3eg-sfvc784-1-e -data family 
Execute         db_write -model v_mix_422_to_420<false>_Pipeline_VITIS_LOOP_508_2 -f -o /home/e/Documents/research/byotee/OSDZU3_Ref_Design/OSDZU3_Ref_Design.runs/design_1_v_mix_0_0_synth_1/prj/sol/.autopilot/db/v_mix_422_to_420_false_Pipeline_VITIS_LOOP_508_2.adb 
Execute         db_write -model v_mix_422_to_420<false>_Pipeline_VITIS_LOOP_508_2 -bindview -o /home/e/Documents/research/byotee/OSDZU3_Ref_Design/OSDZU3_Ref_Design.runs/design_1_v_mix_0_0_synth_1/prj/sol/.autopilot/db/design.bindinfo.xml 
Execute         gen_tb_info v_mix_422_to_420<false>_Pipeline_VITIS_LOOP_508_2 -p /home/e/Documents/research/byotee/OSDZU3_Ref_Design/OSDZU3_Ref_Design.runs/design_1_v_mix_0_0_synth_1/prj/sol/.autopilot/db -o /home/e/Documents/research/byotee/OSDZU3_Ref_Design/OSDZU3_Ref_Design.runs/design_1_v_mix_0_0_synth_1/prj/sol/.autopilot/db/v_mix_422_to_420_false_Pipeline_VITIS_LOOP_508_2 
INFO: [HLS 200-10] ----------------------------------------------------------------
INFO: [HLS 200-10] -- Generating RTL for module 'v_mix_422_to_420_false_s' 
INFO: [HLS 200-10] ----------------------------------------------------------------
Execute         create_rtl_model v_mix_422_to_420<false> -top_prefix design_1_v_mix_0_0_ -sub_prefix design_1_v_mix_0_0_ -mg_file /home/e/Documents/research/byotee/OSDZU3_Ref_Design/OSDZU3_Ref_Design.runs/design_1_v_mix_0_0_synth_1/prj/sol/.autopilot/db/v_mix_422_to_420_false_s.compgen.tcl 
INFO: [RTGEN 206-100] Finished creating RTL model for 'v_mix_422_to_420_false_s'.
INFO: [HLS 200-111] Finished Creating RTL model: CPU user time: 0.04 seconds. CPU system time: 0 seconds. Elapsed time: 0.04 seconds; current allocated memory: 870.621 MB.
Execute         source /home/e/Documents/research/byotee/OSDZU3_Ref_Design/OSDZU3_Ref_Design.runs/design_1_v_mix_0_0_synth_1/prj/sol/.autopilot/db/v_mix.rtl_wrap.cfg.tcl 
Execute         gen_rtl v_mix_422_to_420<false> -style xilinx -f -lang vhdl -o /home/e/Documents/research/byotee/OSDZU3_Ref_Design/OSDZU3_Ref_Design.runs/design_1_v_mix_0_0_synth_1/prj/sol/syn/vhdl/design_1_v_mix_0_0_v_mix_422_to_420_false_s 
Execute         gen_rtl v_mix_422_to_420<false> -style xilinx -f -lang vlog -o /home/e/Documents/research/byotee/OSDZU3_Ref_Design/OSDZU3_Ref_Design.runs/design_1_v_mix_0_0_synth_1/prj/sol/syn/verilog/design_1_v_mix_0_0_v_mix_422_to_420_false_s 
Execute         syn_report -csynth -model v_mix_422_to_420<false> -o /home/e/Documents/research/byotee/OSDZU3_Ref_Design/OSDZU3_Ref_Design.runs/design_1_v_mix_0_0_synth_1/prj/sol/syn/report/v_mix_422_to_420_false_s_csynth.rpt 
Execute           list_part -family xczu3eg-sfvc784-1-e 
Execute             ap_family_info -name xczu3eg-sfvc784-1-e -data names 
Execute             ap_part_info -quiet -name xczu3eg-sfvc784-1-e -data family 
Execute         syn_report -rtlxml -model v_mix_422_to_420<false> -o /home/e/Documents/research/byotee/OSDZU3_Ref_Design/OSDZU3_Ref_Design.runs/design_1_v_mix_0_0_synth_1/prj/sol/syn/report/v_mix_422_to_420_false_s_csynth.xml 
Execute           list_part -family xczu3eg-sfvc784-1-e 
Execute             ap_family_info -name xczu3eg-sfvc784-1-e -data names 
Execute             ap_part_info -quiet -name xczu3eg-sfvc784-1-e -data family 
Execute         syn_report -verbosereport -model v_mix_422_to_420<false> -o /home/e/Documents/research/byotee/OSDZU3_Ref_Design/OSDZU3_Ref_Design.runs/design_1_v_mix_0_0_synth_1/prj/sol/.autopilot/db/v_mix_422_to_420_false_s.verbose.rpt 
Execute           list_part -family xczu3eg-sfvc784-1-e 
Execute             ap_family_info -name xczu3eg-sfvc784-1-e -data names 
Execute             ap_part_info -quiet -name xczu3eg-sfvc784-1-e -data family 
Execute         db_write -model v_mix_422_to_420<false> -f -o /home/e/Documents/research/byotee/OSDZU3_Ref_Design/OSDZU3_Ref_Design.runs/design_1_v_mix_0_0_synth_1/prj/sol/.autopilot/db/v_mix_422_to_420_false_s.adb 
Execute         db_write -model v_mix_422_to_420<false> -bindview -o /home/e/Documents/research/byotee/OSDZU3_Ref_Design/OSDZU3_Ref_Design.runs/design_1_v_mix_0_0_synth_1/prj/sol/.autopilot/db/design.bindinfo.xml 
Execute         gen_tb_info v_mix_422_to_420<false> -p /home/e/Documents/research/byotee/OSDZU3_Ref_Design/OSDZU3_Ref_Design.runs/design_1_v_mix_0_0_synth_1/prj/sol/.autopilot/db -o /home/e/Documents/research/byotee/OSDZU3_Ref_Design/OSDZU3_Ref_Design.runs/design_1_v_mix_0_0_synth_1/prj/sol/.autopilot/db/v_mix_422_to_420_false_s 
INFO: [HLS 200-10] ----------------------------------------------------------------
INFO: [HLS 200-10] -- Generating RTL for module 'MultiPixStream2AXIvideo_Pipeline_VITIS_LOOP_3519_3' 
INFO: [HLS 200-10] ----------------------------------------------------------------
Execute         create_rtl_model MultiPixStream2AXIvideo_Pipeline_VITIS_LOOP_3519_3 -top_prefix design_1_v_mix_0_0_ -sub_prefix design_1_v_mix_0_0_ -mg_file /home/e/Documents/research/byotee/OSDZU3_Ref_Design/OSDZU3_Ref_Design.runs/design_1_v_mix_0_0_synth_1/prj/sol/.autopilot/db/MultiPixStream2AXIvideo_Pipeline_VITIS_LOOP_3519_3.compgen.tcl 
INFO: [HLS 200-1030] Apply Unified Pipeline Control on module 'MultiPixStream2AXIvideo_Pipeline_VITIS_LOOP_3519_3' pipeline 'VITIS_LOOP_3519_3' pipeline type 'loop pipeline'
INFO: [RTGEN 206-100] Finished creating RTL model for 'MultiPixStream2AXIvideo_Pipeline_VITIS_LOOP_3519_3'.
INFO: [HLS 200-111] Finished Creating RTL model: CPU user time: 0.04 seconds. CPU system time: 0.01 seconds. Elapsed time: 0.04 seconds; current allocated memory: 871.309 MB.
Execute         source /home/e/Documents/research/byotee/OSDZU3_Ref_Design/OSDZU3_Ref_Design.runs/design_1_v_mix_0_0_synth_1/prj/sol/.autopilot/db/v_mix.rtl_wrap.cfg.tcl 
Execute         gen_rtl MultiPixStream2AXIvideo_Pipeline_VITIS_LOOP_3519_3 -style xilinx -f -lang vhdl -o /home/e/Documents/research/byotee/OSDZU3_Ref_Design/OSDZU3_Ref_Design.runs/design_1_v_mix_0_0_synth_1/prj/sol/syn/vhdl/design_1_v_mix_0_0_MultiPixStream2AXIvideo_Pipeline_VITIS_LOOP_3519_3 
Execute         gen_rtl MultiPixStream2AXIvideo_Pipeline_VITIS_LOOP_3519_3 -style xilinx -f -lang vlog -o /home/e/Documents/research/byotee/OSDZU3_Ref_Design/OSDZU3_Ref_Design.runs/design_1_v_mix_0_0_synth_1/prj/sol/syn/verilog/design_1_v_mix_0_0_MultiPixStream2AXIvideo_Pipeline_VITIS_LOOP_3519_3 
Execute         syn_report -csynth -model MultiPixStream2AXIvideo_Pipeline_VITIS_LOOP_3519_3 -o /home/e/Documents/research/byotee/OSDZU3_Ref_Design/OSDZU3_Ref_Design.runs/design_1_v_mix_0_0_synth_1/prj/sol/syn/report/MultiPixStream2AXIvideo_Pipeline_VITIS_LOOP_3519_3_csynth.rpt 
Execute           list_part -family xczu3eg-sfvc784-1-e 
Execute             ap_family_info -name xczu3eg-sfvc784-1-e -data names 
Execute             ap_part_info -quiet -name xczu3eg-sfvc784-1-e -data family 
Execute         syn_report -rtlxml -model MultiPixStream2AXIvideo_Pipeline_VITIS_LOOP_3519_3 -o /home/e/Documents/research/byotee/OSDZU3_Ref_Design/OSDZU3_Ref_Design.runs/design_1_v_mix_0_0_synth_1/prj/sol/syn/report/MultiPixStream2AXIvideo_Pipeline_VITIS_LOOP_3519_3_csynth.xml 
Execute           list_part -family xczu3eg-sfvc784-1-e 
Execute             ap_family_info -name xczu3eg-sfvc784-1-e -data names 
Execute             ap_part_info -quiet -name xczu3eg-sfvc784-1-e -data family 
Execute         syn_report -verbosereport -model MultiPixStream2AXIvideo_Pipeline_VITIS_LOOP_3519_3 -o /home/e/Documents/research/byotee/OSDZU3_Ref_Design/OSDZU3_Ref_Design.runs/design_1_v_mix_0_0_synth_1/prj/sol/.autopilot/db/MultiPixStream2AXIvideo_Pipeline_VITIS_LOOP_3519_3.verbose.rpt 
Execute           list_part -family xczu3eg-sfvc784-1-e 
Execute             ap_family_info -name xczu3eg-sfvc784-1-e -data names 
Execute             ap_part_info -quiet -name xczu3eg-sfvc784-1-e -data family 
Execute         db_write -model MultiPixStream2AXIvideo_Pipeline_VITIS_LOOP_3519_3 -f -o /home/e/Documents/research/byotee/OSDZU3_Ref_Design/OSDZU3_Ref_Design.runs/design_1_v_mix_0_0_synth_1/prj/sol/.autopilot/db/MultiPixStream2AXIvideo_Pipeline_VITIS_LOOP_3519_3.adb 
Execute         db_write -model MultiPixStream2AXIvideo_Pipeline_VITIS_LOOP_3519_3 -bindview -o /home/e/Documents/research/byotee/OSDZU3_Ref_Design/OSDZU3_Ref_Design.runs/design_1_v_mix_0_0_synth_1/prj/sol/.autopilot/db/design.bindinfo.xml 
Execute         gen_tb_info MultiPixStream2AXIvideo_Pipeline_VITIS_LOOP_3519_3 -p /home/e/Documents/research/byotee/OSDZU3_Ref_Design/OSDZU3_Ref_Design.runs/design_1_v_mix_0_0_synth_1/prj/sol/.autopilot/db -o /home/e/Documents/research/byotee/OSDZU3_Ref_Design/OSDZU3_Ref_Design.runs/design_1_v_mix_0_0_synth_1/prj/sol/.autopilot/db/MultiPixStream2AXIvideo_Pipeline_VITIS_LOOP_3519_3 
INFO: [HLS 200-10] ----------------------------------------------------------------
INFO: [HLS 200-10] -- Generating RTL for module 'MultiPixStream2AXIvideo' 
INFO: [HLS 200-10] ----------------------------------------------------------------
Execute         create_rtl_model MultiPixStream2AXIvideo -top_prefix design_1_v_mix_0_0_ -sub_prefix design_1_v_mix_0_0_ -mg_file /home/e/Documents/research/byotee/OSDZU3_Ref_Design/OSDZU3_Ref_Design.runs/design_1_v_mix_0_0_synth_1/prj/sol/.autopilot/db/MultiPixStream2AXIvideo.compgen.tcl 
INFO: [RTGEN 206-100] Finished creating RTL model for 'MultiPixStream2AXIvideo'.
INFO: [HLS 200-111] Finished Creating RTL model: CPU user time: 0.04 seconds. CPU system time: 0 seconds. Elapsed time: 0.04 seconds; current allocated memory: 872.246 MB.
Execute         source /home/e/Documents/research/byotee/OSDZU3_Ref_Design/OSDZU3_Ref_Design.runs/design_1_v_mix_0_0_synth_1/prj/sol/.autopilot/db/v_mix.rtl_wrap.cfg.tcl 
Execute         gen_rtl MultiPixStream2AXIvideo -style xilinx -f -lang vhdl -o /home/e/Documents/research/byotee/OSDZU3_Ref_Design/OSDZU3_Ref_Design.runs/design_1_v_mix_0_0_synth_1/prj/sol/syn/vhdl/design_1_v_mix_0_0_MultiPixStream2AXIvideo 
Execute         gen_rtl MultiPixStream2AXIvideo -style xilinx -f -lang vlog -o /home/e/Documents/research/byotee/OSDZU3_Ref_Design/OSDZU3_Ref_Design.runs/design_1_v_mix_0_0_synth_1/prj/sol/syn/verilog/design_1_v_mix_0_0_MultiPixStream2AXIvideo 
Execute         syn_report -csynth -model MultiPixStream2AXIvideo -o /home/e/Documents/research/byotee/OSDZU3_Ref_Design/OSDZU3_Ref_Design.runs/design_1_v_mix_0_0_synth_1/prj/sol/syn/report/MultiPixStream2AXIvideo_csynth.rpt 
Execute           list_part -family xczu3eg-sfvc784-1-e 
Execute             ap_family_info -name xczu3eg-sfvc784-1-e -data names 
Execute             ap_part_info -quiet -name xczu3eg-sfvc784-1-e -data family 
Execute         syn_report -rtlxml -model MultiPixStream2AXIvideo -o /home/e/Documents/research/byotee/OSDZU3_Ref_Design/OSDZU3_Ref_Design.runs/design_1_v_mix_0_0_synth_1/prj/sol/syn/report/MultiPixStream2AXIvideo_csynth.xml 
Execute           list_part -family xczu3eg-sfvc784-1-e 
Execute             ap_family_info -name xczu3eg-sfvc784-1-e -data names 
Execute             ap_part_info -quiet -name xczu3eg-sfvc784-1-e -data family 
Execute         syn_report -verbosereport -model MultiPixStream2AXIvideo -o /home/e/Documents/research/byotee/OSDZU3_Ref_Design/OSDZU3_Ref_Design.runs/design_1_v_mix_0_0_synth_1/prj/sol/.autopilot/db/MultiPixStream2AXIvideo.verbose.rpt 
Execute           list_part -family xczu3eg-sfvc784-1-e 
Execute             ap_family_info -name xczu3eg-sfvc784-1-e -data names 
Execute             ap_part_info -quiet -name xczu3eg-sfvc784-1-e -data family 
Execute         db_write -model MultiPixStream2AXIvideo -f -o /home/e/Documents/research/byotee/OSDZU3_Ref_Design/OSDZU3_Ref_Design.runs/design_1_v_mix_0_0_synth_1/prj/sol/.autopilot/db/MultiPixStream2AXIvideo.adb 
Execute         db_write -model MultiPixStream2AXIvideo -bindview -o /home/e/Documents/research/byotee/OSDZU3_Ref_Design/OSDZU3_Ref_Design.runs/design_1_v_mix_0_0_synth_1/prj/sol/.autopilot/db/design.bindinfo.xml 
Execute         gen_tb_info MultiPixStream2AXIvideo -p /home/e/Documents/research/byotee/OSDZU3_Ref_Design/OSDZU3_Ref_Design.runs/design_1_v_mix_0_0_synth_1/prj/sol/.autopilot/db -o /home/e/Documents/research/byotee/OSDZU3_Ref_Design/OSDZU3_Ref_Design.runs/design_1_v_mix_0_0_synth_1/prj/sol/.autopilot/db/MultiPixStream2AXIvideo 
INFO: [HLS 200-10] ----------------------------------------------------------------
INFO: [HLS 200-10] -- Generating RTL for module 'VMixHlsDataFlowFunction' 
INFO: [HLS 200-10] ----------------------------------------------------------------
Execute         create_rtl_model VMixHlsDataFlowFunction -top_prefix design_1_v_mix_0_0_ -sub_prefix design_1_v_mix_0_0_ -mg_file /home/e/Documents/research/byotee/OSDZU3_Ref_Design/OSDZU3_Ref_Design.runs/design_1_v_mix_0_0_synth_1/prj/sol/.autopilot/db/VMixHlsDataFlowFunction.compgen.tcl 
INFO: [RTGEN 206-100] Finished creating RTL model for 'VMixHlsDataFlowFunction'.
INFO: [RTMG 210-285] Implementing FIFO 'srcLayer0_U(design_1_v_mix_0_0_fifo_w24_d2_S)' using Shift Registers.
INFO: [RTMG 210-285] Implementing FIFO 'srcLayer0Yuv422_U(design_1_v_mix_0_0_fifo_w24_d2_S)' using Shift Registers.
INFO: [RTMG 210-285] Implementing FIFO 'srcLayer0Yuv_U(design_1_v_mix_0_0_fifo_w24_d2_S)' using Shift Registers.
INFO: [RTMG 210-285] Implementing FIFO 'outLayer0_U(design_1_v_mix_0_0_fifo_w24_d2_S)' using Shift Registers.
INFO: [RTMG 210-285] Implementing FIFO 'srcLayer1_U(design_1_v_mix_0_0_fifo_w24_d2_S)' using Shift Registers.
INFO: [RTMG 210-285] Implementing FIFO 'srcLayer1Yuv422_U(design_1_v_mix_0_0_fifo_w24_d2_S)' using Shift Registers.
INFO: [RTMG 210-285] Implementing FIFO 'srcLayer1Yuv_U(design_1_v_mix_0_0_fifo_w24_d2_S)' using Shift Registers.
INFO: [RTMG 210-285] Implementing FIFO 'srcLayer1Rgb_U(design_1_v_mix_0_0_fifo_w24_d2_S)' using Shift Registers.
INFO: [RTMG 210-285] Implementing FIFO 'srcLayer1x_U(design_1_v_mix_0_0_fifo_w24_d2_S)' using Shift Registers.
INFO: [RTMG 210-285] Implementing FIFO 'outLayer1_U(design_1_v_mix_0_0_fifo_w24_d2_S)' using Shift Registers.
INFO: [RTMG 210-285] Implementing FIFO 'srcLayer2_U(design_1_v_mix_0_0_fifo_w24_d2_S)' using Shift Registers.
INFO: [RTMG 210-285] Implementing FIFO 'srcLayer2Yuv422_U(design_1_v_mix_0_0_fifo_w24_d2_S)' using Shift Registers.
INFO: [RTMG 210-285] Implementing FIFO 'srcLayer2Yuv_U(design_1_v_mix_0_0_fifo_w24_d2_S)' using Shift Registers.
INFO: [RTMG 210-285] Implementing FIFO 'srcLayer2Rgb_U(design_1_v_mix_0_0_fifo_w24_d2_S)' using Shift Registers.
INFO: [RTMG 210-285] Implementing FIFO 'srcLayer2x_U(design_1_v_mix_0_0_fifo_w24_d2_S)' using Shift Registers.
INFO: [RTMG 210-285] Implementing FIFO 'outLayer2_U(design_1_v_mix_0_0_fifo_w24_d2_S)' using Shift Registers.
INFO: [RTMG 210-285] Implementing FIFO 'outYuv_U(design_1_v_mix_0_0_fifo_w24_d2_S)' using Shift Registers.
INFO: [RTMG 210-285] Implementing FIFO 'out422_U(design_1_v_mix_0_0_fifo_w24_d2_S)' using Shift Registers.
INFO: [RTMG 210-285] Implementing FIFO 'out420_U(design_1_v_mix_0_0_fifo_w24_d2_S)' using Shift Registers.
INFO: [RTMG 210-285] Implementing FIFO 'start_for_v_mix_420_to_422_false_2_U0_U(design_1_v_mix_0_0_start_for_v_mix_420_to_422_false_2_U0)' using Shift Registers.
INFO: [RTMG 210-285] Implementing FIFO 'start_for_v_mix_422_to_444_false_3_U0_U(design_1_v_mix_0_0_start_for_v_mix_422_to_444_false_3_U0)' using Shift Registers.
INFO: [RTMG 210-285] Implementing FIFO 'start_for_v_mix_yuv2rgb_false_4_U0_U(design_1_v_mix_0_0_start_for_v_mix_yuv2rgb_false_4_U0)' using Shift Registers.
INFO: [RTMG 210-285] Implementing FIFO 'start_for_v_mix_core_alpha_false_false_U0_U(design_1_v_mix_0_0_start_for_v_mix_core_alpha_false_false_U0)' using Shift Registers.
INFO: [RTMG 210-285] Implementing FIFO 'start_for_v_mix_420_to_422_false_6_U0_U(design_1_v_mix_0_0_start_for_v_mix_420_to_422_false_6_U0)' using Shift Registers.
INFO: [RTMG 210-285] Implementing FIFO 'start_for_v_mix_422_to_444_true_U0_U(design_1_v_mix_0_0_start_for_v_mix_422_to_444_true_U0)' using Shift Registers.
INFO: [RTMG 210-285] Implementing FIFO 'start_for_v_mix_yuv2rgb_true_U0_U(design_1_v_mix_0_0_start_for_v_mix_yuv2rgb_true_U0)' using Shift Registers.
INFO: [RTMG 210-285] Implementing FIFO 'start_for_v_mix_upsample_false_7_U0_U(design_1_v_mix_0_0_start_for_v_mix_upsample_false_7_U0)' using Shift Registers.
INFO: [RTMG 210-285] Implementing FIFO 'start_for_v_mix_core_alpha_true_false_U0_U(design_1_v_mix_0_0_start_for_v_mix_core_alpha_true_false_U0)' using Shift Registers.
INFO: [RTMG 210-285] Implementing FIFO 'start_for_v_mix_420_to_422_false_U0_U(design_1_v_mix_0_0_start_for_v_mix_420_to_422_false_U0)' using Shift Registers.
INFO: [RTMG 210-285] Implementing FIFO 'start_for_v_mix_422_to_444_false_U0_U(design_1_v_mix_0_0_start_for_v_mix_422_to_444_false_U0)' using Shift Registers.
INFO: [RTMG 210-285] Implementing FIFO 'start_for_v_mix_yuv2rgb_false_U0_U(design_1_v_mix_0_0_start_for_v_mix_yuv2rgb_false_U0)' using Shift Registers.
INFO: [RTMG 210-285] Implementing FIFO 'start_for_v_mix_upsample_false_U0_U(design_1_v_mix_0_0_start_for_v_mix_upsample_false_U0)' using Shift Registers.
INFO: [RTMG 210-285] Implementing FIFO 'start_for_v_mix_rgb2yuv_false_U0_U(design_1_v_mix_0_0_start_for_v_mix_rgb2yuv_false_U0)' using Shift Registers.
INFO: [RTMG 210-285] Implementing FIFO 'start_for_v_mix_444_to_422_false_U0_U(design_1_v_mix_0_0_start_for_v_mix_444_to_422_false_U0)' using Shift Registers.
INFO: [RTMG 210-285] Implementing FIFO 'start_for_v_mix_422_to_420_false_U0_U(design_1_v_mix_0_0_start_for_v_mix_422_to_420_false_U0)' using Shift Registers.
INFO: [RTMG 210-285] Implementing FIFO 'start_for_MultiPixStream2AXIvideo_U0_U(design_1_v_mix_0_0_start_for_MultiPixStream2AXIvideo_U0)' using Shift Registers.
INFO: [HLS 200-111] Finished Creating RTL model: CPU user time: 0.06 seconds. CPU system time: 0.01 seconds. Elapsed time: 0.07 seconds; current allocated memory: 875.168 MB.
Execute         source /home/e/Documents/research/byotee/OSDZU3_Ref_Design/OSDZU3_Ref_Design.runs/design_1_v_mix_0_0_synth_1/prj/sol/.autopilot/db/v_mix.rtl_wrap.cfg.tcl 
Execute         gen_rtl VMixHlsDataFlowFunction -style xilinx -f -lang vhdl -o /home/e/Documents/research/byotee/OSDZU3_Ref_Design/OSDZU3_Ref_Design.runs/design_1_v_mix_0_0_synth_1/prj/sol/syn/vhdl/design_1_v_mix_0_0_VMixHlsDataFlowFunction 
Execute         gen_rtl VMixHlsDataFlowFunction -style xilinx -f -lang vlog -o /home/e/Documents/research/byotee/OSDZU3_Ref_Design/OSDZU3_Ref_Design.runs/design_1_v_mix_0_0_synth_1/prj/sol/syn/verilog/design_1_v_mix_0_0_VMixHlsDataFlowFunction 
Execute         syn_report -csynth -model VMixHlsDataFlowFunction -o /home/e/Documents/research/byotee/OSDZU3_Ref_Design/OSDZU3_Ref_Design.runs/design_1_v_mix_0_0_synth_1/prj/sol/syn/report/VMixHlsDataFlowFunction_csynth.rpt 
Execute           list_part -family xczu3eg-sfvc784-1-e 
Execute             ap_family_info -name xczu3eg-sfvc784-1-e -data names 
Execute             ap_part_info -quiet -name xczu3eg-sfvc784-1-e -data family 
Execute         syn_report -rtlxml -model VMixHlsDataFlowFunction -o /home/e/Documents/research/byotee/OSDZU3_Ref_Design/OSDZU3_Ref_Design.runs/design_1_v_mix_0_0_synth_1/prj/sol/syn/report/VMixHlsDataFlowFunction_csynth.xml 
Execute           list_part -family xczu3eg-sfvc784-1-e 
Execute             ap_family_info -name xczu3eg-sfvc784-1-e -data names 
Execute             ap_part_info -quiet -name xczu3eg-sfvc784-1-e -data family 
Execute         syn_report -verbosereport -model VMixHlsDataFlowFunction -o /home/e/Documents/research/byotee/OSDZU3_Ref_Design/OSDZU3_Ref_Design.runs/design_1_v_mix_0_0_synth_1/prj/sol/.autopilot/db/VMixHlsDataFlowFunction.verbose.rpt 
Execute           list_part -family xczu3eg-sfvc784-1-e 
Execute             ap_family_info -name xczu3eg-sfvc784-1-e -data names 
Execute             ap_part_info -quiet -name xczu3eg-sfvc784-1-e -data family 
Execute         db_write -model VMixHlsDataFlowFunction -f -o /home/e/Documents/research/byotee/OSDZU3_Ref_Design/OSDZU3_Ref_Design.runs/design_1_v_mix_0_0_synth_1/prj/sol/.autopilot/db/VMixHlsDataFlowFunction.adb 
Execute         db_write -model VMixHlsDataFlowFunction -bindview -o /home/e/Documents/research/byotee/OSDZU3_Ref_Design/OSDZU3_Ref_Design.runs/design_1_v_mix_0_0_synth_1/prj/sol/.autopilot/db/design.bindinfo.xml 
Execute         gen_tb_info VMixHlsDataFlowFunction -p /home/e/Documents/research/byotee/OSDZU3_Ref_Design/OSDZU3_Ref_Design.runs/design_1_v_mix_0_0_synth_1/prj/sol/.autopilot/db -o /home/e/Documents/research/byotee/OSDZU3_Ref_Design/OSDZU3_Ref_Design.runs/design_1_v_mix_0_0_synth_1/prj/sol/.autopilot/db/VMixHlsDataFlowFunction 
INFO: [HLS 200-10] ----------------------------------------------------------------
INFO: [HLS 200-10] -- Generating RTL for module 'v_mix' 
INFO: [HLS 200-10] ----------------------------------------------------------------
Execute         create_rtl_model v_mix -top_prefix design_1_v_mix_0_0_ -sub_prefix design_1_v_mix_0_0_ -mg_file /home/e/Documents/research/byotee/OSDZU3_Ref_Design/OSDZU3_Ref_Design.runs/design_1_v_mix_0_0_synth_1/prj/sol/.autopilot/db/v_mix.compgen.tcl 
WARNING: [RTGEN 206-101] Design contains AXI ports. Reset is fixed to synchronous and active low.
INFO: [RTGEN 206-500] Setting interface mode on port 'v_mix/s_axis_video_V_data_V' to 'axis' (register, both mode).
INFO: [RTGEN 206-500] Setting interface mode on port 'v_mix/s_axis_video_V_keep_V' to 'axis' (register, both mode).
INFO: [RTGEN 206-500] Setting interface mode on port 'v_mix/s_axis_video_V_strb_V' to 'axis' (register, both mode).
INFO: [RTGEN 206-500] Setting interface mode on port 'v_mix/s_axis_video_V_user_V' to 'axis' (register, both mode).
INFO: [RTGEN 206-500] Setting interface mode on port 'v_mix/s_axis_video_V_last_V' to 'axis' (register, both mode).
INFO: [RTGEN 206-500] Setting interface mode on port 'v_mix/s_axis_video_V_id_V' to 'axis' (register, both mode).
INFO: [RTGEN 206-500] Setting interface mode on port 'v_mix/s_axis_video_V_dest_V' to 'axis' (register, both mode).
INFO: [RTGEN 206-500] Setting interface mode on port 'v_mix/s_axis_video1_V_data_V' to 'axis' (register, both mode).
INFO: [RTGEN 206-500] Setting interface mode on port 'v_mix/s_axis_video1_V_keep_V' to 'axis' (register, both mode).
INFO: [RTGEN 206-500] Setting interface mode on port 'v_mix/s_axis_video1_V_strb_V' to 'axis' (register, both mode).
INFO: [RTGEN 206-500] Setting interface mode on port 'v_mix/s_axis_video1_V_user_V' to 'axis' (register, both mode).
INFO: [RTGEN 206-500] Setting interface mode on port 'v_mix/s_axis_video1_V_last_V' to 'axis' (register, both mode).
INFO: [RTGEN 206-500] Setting interface mode on port 'v_mix/s_axis_video1_V_id_V' to 'axis' (register, both mode).
INFO: [RTGEN 206-500] Setting interface mode on port 'v_mix/s_axis_video1_V_dest_V' to 'axis' (register, both mode).
INFO: [RTGEN 206-500] Setting interface mode on port 'v_mix/s_axis_video2_V_data_V' to 'axis' (register, both mode).
INFO: [RTGEN 206-500] Setting interface mode on port 'v_mix/s_axis_video2_V_keep_V' to 'axis' (register, both mode).
INFO: [RTGEN 206-500] Setting interface mode on port 'v_mix/s_axis_video2_V_strb_V' to 'axis' (register, both mode).
INFO: [RTGEN 206-500] Setting interface mode on port 'v_mix/s_axis_video2_V_user_V' to 'axis' (register, both mode).
INFO: [RTGEN 206-500] Setting interface mode on port 'v_mix/s_axis_video2_V_last_V' to 'axis' (register, both mode).
INFO: [RTGEN 206-500] Setting interface mode on port 'v_mix/s_axis_video2_V_id_V' to 'axis' (register, both mode).
INFO: [RTGEN 206-500] Setting interface mode on port 'v_mix/s_axis_video2_V_dest_V' to 'axis' (register, both mode).
INFO: [RTGEN 206-500] Setting interface mode on port 'v_mix/width' to 's_axilite & ap_none'.
INFO: [RTGEN 206-500] Setting interface mode on port 'v_mix/height' to 's_axilite & ap_none'.
INFO: [RTGEN 206-500] Setting interface mode on port 'v_mix/video_format' to 's_axilite & ap_none'.
INFO: [RTGEN 206-500] Setting interface mode on port 'v_mix/background_Y_R' to 's_axilite & ap_none'.
INFO: [RTGEN 206-500] Setting interface mode on port 'v_mix/background_U_G' to 's_axilite & ap_none'.
INFO: [RTGEN 206-500] Setting interface mode on port 'v_mix/background_V_B' to 's_axilite & ap_none'.
INFO: [RTGEN 206-500] Setting interface mode on port 'v_mix/layerEnable' to 's_axilite & ap_none'.
INFO: [RTGEN 206-500] Setting interface mode on port 'v_mix/layerAlpha_0' to 'ap_none'.
INFO: [RTGEN 206-500] Setting interface mode on port 'v_mix/layerAlpha_1' to 's_axilite & ap_none'.
INFO: [RTGEN 206-500] Setting interface mode on port 'v_mix/layerAlpha_2' to 's_axilite & ap_none'.
INFO: [RTGEN 206-500] Setting interface mode on port 'v_mix/layerStartX_0' to 'ap_none'.
INFO: [RTGEN 206-500] Setting interface mode on port 'v_mix/layerStartX_1' to 's_axilite & ap_none'.
INFO: [RTGEN 206-500] Setting interface mode on port 'v_mix/layerStartX_2' to 's_axilite & ap_none'.
INFO: [RTGEN 206-500] Setting interface mode on port 'v_mix/layerStartY_0' to 'ap_none'.
INFO: [RTGEN 206-500] Setting interface mode on port 'v_mix/layerStartY_1' to 's_axilite & ap_none'.
INFO: [RTGEN 206-500] Setting interface mode on port 'v_mix/layerStartY_2' to 's_axilite & ap_none'.
INFO: [RTGEN 206-500] Setting interface mode on port 'v_mix/layerWidth_0' to 'ap_none'.
INFO: [RTGEN 206-500] Setting interface mode on port 'v_mix/layerWidth_1' to 's_axilite & ap_none'.
INFO: [RTGEN 206-500] Setting interface mode on port 'v_mix/layerWidth_2' to 's_axilite & ap_none'.
INFO: [RTGEN 206-500] Setting interface mode on port 'v_mix/layerHeight_0' to 'ap_none'.
INFO: [RTGEN 206-500] Setting interface mode on port 'v_mix/layerHeight_1' to 's_axilite & ap_none'.
INFO: [RTGEN 206-500] Setting interface mode on port 'v_mix/layerHeight_2' to 's_axilite & ap_none'.
INFO: [RTGEN 206-500] Setting interface mode on port 'v_mix/layerScaleFactor_0' to 'ap_none'.
INFO: [RTGEN 206-500] Setting interface mode on port 'v_mix/layerScaleFactor_1' to 's_axilite & ap_none'.
INFO: [RTGEN 206-500] Setting interface mode on port 'v_mix/layerScaleFactor_2' to 's_axilite & ap_none'.
INFO: [RTGEN 206-500] Setting interface mode on port 'v_mix/layerVideoFormat' to 'ap_memory'.
INFO: [RTGEN 206-500] Setting interface mode on port 'v_mix/layerStride_0' to 'ap_none'.
INFO: [RTGEN 206-500] Setting interface mode on port 'v_mix/layerStride_1' to 's_axilite & ap_none'.
INFO: [RTGEN 206-500] Setting interface mode on port 'v_mix/layerStride_2' to 's_axilite & ap_none'.
INFO: [RTGEN 206-500] Setting interface mode on port 'v_mix/reserve' to 's_axilite & ap_none'.
INFO: [RTGEN 206-500] Setting interface mode on port 'v_mix/K11' to 'ap_none'.
INFO: [RTGEN 206-500] Setting interface mode on port 'v_mix/K12' to 'ap_none'.
INFO: [RTGEN 206-500] Setting interface mode on port 'v_mix/K13' to 'ap_none'.
INFO: [RTGEN 206-500] Setting interface mode on port 'v_mix/K21' to 'ap_none'.
INFO: [RTGEN 206-500] Setting interface mode on port 'v_mix/K22' to 'ap_none'.
INFO: [RTGEN 206-500] Setting interface mode on port 'v_mix/K23' to 'ap_none'.
INFO: [RTGEN 206-500] Setting interface mode on port 'v_mix/K31' to 'ap_none'.
INFO: [RTGEN 206-500] Setting interface mode on port 'v_mix/K32' to 'ap_none'.
INFO: [RTGEN 206-500] Setting interface mode on port 'v_mix/K33' to 'ap_none'.
INFO: [RTGEN 206-500] Setting interface mode on port 'v_mix/ROffset' to 'ap_none'.
INFO: [RTGEN 206-500] Setting interface mode on port 'v_mix/GOffset' to 'ap_none'.
INFO: [RTGEN 206-500] Setting interface mode on port 'v_mix/BOffset' to 'ap_none'.
INFO: [RTGEN 206-500] Setting interface mode on port 'v_mix/K11_2' to 'ap_none'.
INFO: [RTGEN 206-500] Setting interface mode on port 'v_mix/K12_2' to 'ap_none'.
INFO: [RTGEN 206-500] Setting interface mode on port 'v_mix/K13_2' to 'ap_none'.
INFO: [RTGEN 206-500] Setting interface mode on port 'v_mix/K21_2' to 'ap_none'.
INFO: [RTGEN 206-500] Setting interface mode on port 'v_mix/K22_2' to 'ap_none'.
INFO: [RTGEN 206-500] Setting interface mode on port 'v_mix/K23_2' to 'ap_none'.
INFO: [RTGEN 206-500] Setting interface mode on port 'v_mix/K31_2' to 'ap_none'.
INFO: [RTGEN 206-500] Setting interface mode on port 'v_mix/K32_2' to 'ap_none'.
INFO: [RTGEN 206-500] Setting interface mode on port 'v_mix/K33_2' to 'ap_none'.
INFO: [RTGEN 206-500] Setting interface mode on port 'v_mix/YOffset' to 'ap_none'.
INFO: [RTGEN 206-500] Setting interface mode on port 'v_mix/UOffset' to 'ap_none'.
INFO: [RTGEN 206-500] Setting interface mode on port 'v_mix/VOffset' to 'ap_none'.
INFO: [RTGEN 206-500] Setting interface mode on port 'v_mix/m_axis_video_V_data_V' to 'axis' (register, both mode).
INFO: [RTGEN 206-500] Setting interface mode on port 'v_mix/m_axis_video_V_keep_V' to 'axis' (register, both mode).
INFO: [RTGEN 206-500] Setting interface mode on port 'v_mix/m_axis_video_V_strb_V' to 'axis' (register, both mode).
INFO: [RTGEN 206-500] Setting interface mode on port 'v_mix/m_axis_video_V_user_V' to 'axis' (register, both mode).
INFO: [RTGEN 206-500] Setting interface mode on port 'v_mix/m_axis_video_V_last_V' to 'axis' (register, both mode).
INFO: [RTGEN 206-500] Setting interface mode on port 'v_mix/m_axis_video_V_id_V' to 'axis' (register, both mode).
INFO: [RTGEN 206-500] Setting interface mode on port 'v_mix/m_axis_video_V_dest_V' to 'axis' (register, both mode).
INFO: [RTGEN 206-500] Setting interface mode on function 'v_mix' to 's_axilite & ap_ctrl_hs'.
INFO: [RTGEN 206-100] Bundling port 'width', 'height', 'video_format', 'background_Y_R', 'background_U_G', 'background_V_B', 'layerEnable', 'layerAlpha_1', 'layerStartX_1', 'layerStartY_1', 'layerWidth_1', 'layerStride_1', 'layerHeight_1', 'layerScaleFactor_1', 'layerAlpha_2', 'layerStartX_2', 'layerStartY_2', 'layerWidth_2', 'layerStride_2', 'layerHeight_2', 'layerScaleFactor_2', 'reserve' and 'return' to AXI-Lite port CTRL.
WARNING: [RTGEN 206-101] Port 'v_mix/layerVideoFormat_address0' has no fanin or fanout and is left dangling.
               Please use C simulation to confirm this function argument can be read from or written to.
WARNING: [RTGEN 206-101] Setting dangling out port 'v_mix/layerVideoFormat_address0' to 0.
WARNING: [RTGEN 206-101] Port 'v_mix/layerVideoFormat_ce0' has no fanin or fanout and is left dangling.
               Please use C simulation to confirm this function argument can be read from or written to.
WARNING: [RTGEN 206-101] Setting dangling out port 'v_mix/layerVideoFormat_ce0' to 0.
WARNING: [RTGEN 206-101] Port 'v_mix/layerVideoFormat_we0' has no fanin or fanout and is left dangling.
               Please use C simulation to confirm this function argument can be read from or written to.
WARNING: [RTGEN 206-101] Setting dangling out port 'v_mix/layerVideoFormat_we0' to 0.
WARNING: [RTGEN 206-101] Port 'v_mix/layerVideoFormat_d0' has no fanin or fanout and is left dangling.
               Please use C simulation to confirm this function argument can be read from or written to.
WARNING: [RTGEN 206-101] Setting dangling out port 'v_mix/layerVideoFormat_d0' to 0.
WARNING: [RTGEN 206-101] Port 'v_mix/layerVideoFormat_q0' has no fanin or fanout and is left dangling.
               Please use C simulation to confirm this function argument can be read from or written to.
WARNING: [RTGEN 206-101] Port 'v_mix/layerVideoFormat_address1' has no fanin or fanout and is left dangling.
               Please use C simulation to confirm this function argument can be read from or written to.
WARNING: [RTGEN 206-101] Setting dangling out port 'v_mix/layerVideoFormat_address1' to 0.
WARNING: [RTGEN 206-101] Port 'v_mix/layerVideoFormat_ce1' has no fanin or fanout and is left dangling.
               Please use C simulation to confirm this function argument can be read from or written to.
WARNING: [RTGEN 206-101] Setting dangling out port 'v_mix/layerVideoFormat_ce1' to 0.
WARNING: [RTGEN 206-101] Port 'v_mix/layerVideoFormat_we1' has no fanin or fanout and is left dangling.
               Please use C simulation to confirm this function argument can be read from or written to.
WARNING: [RTGEN 206-101] Setting dangling out port 'v_mix/layerVideoFormat_we1' to 0.
WARNING: [RTGEN 206-101] Port 'v_mix/layerVideoFormat_d1' has no fanin or fanout and is left dangling.
               Please use C simulation to confirm this function argument can be read from or written to.
WARNING: [RTGEN 206-101] Setting dangling out port 'v_mix/layerVideoFormat_d1' to 0.
WARNING: [RTGEN 206-101] Port 'v_mix/layerVideoFormat_q1' has no fanin or fanout and is left dangling.
               Please use C simulation to confirm this function argument can be read from or written to.
WARNING: [RTGEN 206-101] Port 'v_mix/layerStride_0' has no fanin or fanout and is left dangling.
               Please use C simulation to confirm this function argument can be read from or written to.
WARNING: [RTGEN 206-101] Port 'v_mix/K11' has no fanin or fanout and is left dangling.
               Please use C simulation to confirm this function argument can be read from or written to.
WARNING: [RTGEN 206-101] Port 'v_mix/K12' has no fanin or fanout and is left dangling.
               Please use C simulation to confirm this function argument can be read from or written to.
WARNING: [RTGEN 206-101] Port 'v_mix/K13' has no fanin or fanout and is left dangling.
               Please use C simulation to confirm this function argument can be read from or written to.
WARNING: [RTGEN 206-101] Port 'v_mix/K21' has no fanin or fanout and is left dangling.
               Please use C simulation to confirm this function argument can be read from or written to.
WARNING: [RTGEN 206-101] Port 'v_mix/K22' has no fanin or fanout and is left dangling.
               Please use C simulation to confirm this function argument can be read from or written to.
WARNING: [RTGEN 206-101] Port 'v_mix/K23' has no fanin or fanout and is left dangling.
               Please use C simulation to confirm this function argument can be read from or written to.
WARNING: [RTGEN 206-101] Port 'v_mix/K31' has no fanin or fanout and is left dangling.
               Please use C simulation to confirm this function argument can be read from or written to.
WARNING: [RTGEN 206-101] Port 'v_mix/K32' has no fanin or fanout and is left dangling.
               Please use C simulation to confirm this function argument can be read from or written to.
WARNING: [RTGEN 206-101] Port 'v_mix/K33' has no fanin or fanout and is left dangling.
               Please use C simulation to confirm this function argument can be read from or written to.
WARNING: [RTGEN 206-101] Port 'v_mix/ROffset' has no fanin or fanout and is left dangling.
               Please use C simulation to confirm this function argument can be read from or written to.
WARNING: [RTGEN 206-101] Port 'v_mix/GOffset' has no fanin or fanout and is left dangling.
               Please use C simulation to confirm this function argument can be read from or written to.
WARNING: [RTGEN 206-101] Port 'v_mix/BOffset' has no fanin or fanout and is left dangling.
               Please use C simulation to confirm this function argument can be read from or written to.
WARNING: [RTGEN 206-101] Port 'v_mix/K11_2' has no fanin or fanout and is left dangling.
               Please use C simulation to confirm this function argument can be read from or written to.
WARNING: [RTGEN 206-101] Port 'v_mix/K12_2' has no fanin or fanout and is left dangling.
               Please use C simulation to confirm this function argument can be read from or written to.
WARNING: [RTGEN 206-101] Port 'v_mix/K13_2' has no fanin or fanout and is left dangling.
               Please use C simulation to confirm this function argument can be read from or written to.
WARNING: [RTGEN 206-101] Port 'v_mix/K21_2' has no fanin or fanout and is left dangling.
               Please use C simulation to confirm this function argument can be read from or written to.
WARNING: [RTGEN 206-101] Port 'v_mix/K22_2' has no fanin or fanout and is left dangling.
               Please use C simulation to confirm this function argument can be read from or written to.
WARNING: [RTGEN 206-101] Port 'v_mix/K23_2' has no fanin or fanout and is left dangling.
               Please use C simulation to confirm this function argument can be read from or written to.
WARNING: [RTGEN 206-101] Port 'v_mix/K31_2' has no fanin or fanout and is left dangling.
               Please use C simulation to confirm this function argument can be read from or written to.
WARNING: [RTGEN 206-101] Port 'v_mix/K32_2' has no fanin or fanout and is left dangling.
               Please use C simulation to confirm this function argument can be read from or written to.
WARNING: [RTGEN 206-101] Port 'v_mix/K33_2' has no fanin or fanout and is left dangling.
               Please use C simulation to confirm this function argument can be read from or written to.
WARNING: [RTGEN 206-101] Port 'v_mix/YOffset' has no fanin or fanout and is left dangling.
               Please use C simulation to confirm this function argument can be read from or written to.
WARNING: [RTGEN 206-101] Port 'v_mix/UOffset' has no fanin or fanout and is left dangling.
               Please use C simulation to confirm this function argument can be read from or written to.
WARNING: [RTGEN 206-101] Port 'v_mix/VOffset' has no fanin or fanout and is left dangling.
               Please use C simulation to confirm this function argument can be read from or written to.
INFO: [RTGEN 206-100] Generating core module 'bitselect_1ns_32ns_2ns_1_1_1': 1 instance(s).
INFO: [RTGEN 206-100] Generating core module 'sparsemux_7_2_16_1_1': 5 instance(s).
INFO: [RTGEN 206-100] Generating core module 'sparsemux_7_2_8_1_1': 1 instance(s).
INFO: [RTGEN 206-100] Finished creating RTL model for 'v_mix'.
INFO: [HLS 200-111] Finished Creating RTL model: CPU user time: 0.08 seconds. CPU system time: 0.01 seconds. Elapsed time: 0.09 seconds; current allocated memory: 879.035 MB.
Execute         source /home/e/Documents/research/byotee/OSDZU3_Ref_Design/OSDZU3_Ref_Design.runs/design_1_v_mix_0_0_synth_1/prj/sol/.autopilot/db/v_mix.rtl_wrap.cfg.tcl 
Execute         gen_rtl v_mix -istop -style xilinx -f -lang vhdl -o /home/e/Documents/research/byotee/OSDZU3_Ref_Design/OSDZU3_Ref_Design.runs/design_1_v_mix_0_0_synth_1/prj/sol/syn/vhdl/design_1_v_mix_0_0_v_mix 
Execute         gen_rtl v_mix -istop -style xilinx -f -lang vlog -o /home/e/Documents/research/byotee/OSDZU3_Ref_Design/OSDZU3_Ref_Design.runs/design_1_v_mix_0_0_synth_1/prj/sol/syn/verilog/design_1_v_mix_0_0_v_mix 
Execute         syn_report -csynth -model v_mix -o /home/e/Documents/research/byotee/OSDZU3_Ref_Design/OSDZU3_Ref_Design.runs/design_1_v_mix_0_0_synth_1/prj/sol/syn/report/v_mix_csynth.rpt 
Execute           list_part -family xczu3eg-sfvc784-1-e 
Execute             ap_family_info -name xczu3eg-sfvc784-1-e -data names 
Execute             ap_part_info -quiet -name xczu3eg-sfvc784-1-e -data family 
Execute         syn_report -rtlxml -model v_mix -o /home/e/Documents/research/byotee/OSDZU3_Ref_Design/OSDZU3_Ref_Design.runs/design_1_v_mix_0_0_synth_1/prj/sol/syn/report/v_mix_csynth.xml 
Execute           list_part -family xczu3eg-sfvc784-1-e 
Execute             ap_family_info -name xczu3eg-sfvc784-1-e -data names 
Execute             ap_part_info -quiet -name xczu3eg-sfvc784-1-e -data family 
Execute         syn_report -verbosereport -model v_mix -o /home/e/Documents/research/byotee/OSDZU3_Ref_Design/OSDZU3_Ref_Design.runs/design_1_v_mix_0_0_synth_1/prj/sol/.autopilot/db/v_mix.verbose.rpt 
Execute           list_part -family xczu3eg-sfvc784-1-e 
Execute             ap_family_info -name xczu3eg-sfvc784-1-e -data names 
Execute             ap_part_info -quiet -name xczu3eg-sfvc784-1-e -data family 
Execute         db_write -model v_mix -f -o /home/e/Documents/research/byotee/OSDZU3_Ref_Design/OSDZU3_Ref_Design.runs/design_1_v_mix_0_0_synth_1/prj/sol/.autopilot/db/v_mix.adb 
Execute         db_write -model v_mix -bindview -o /home/e/Documents/research/byotee/OSDZU3_Ref_Design/OSDZU3_Ref_Design.runs/design_1_v_mix_0_0_synth_1/prj/sol/.autopilot/db/design.bindinfo.xml 
Execute         gen_tb_info v_mix -p /home/e/Documents/research/byotee/OSDZU3_Ref_Design/OSDZU3_Ref_Design.runs/design_1_v_mix_0_0_synth_1/prj/sol/.autopilot/db -o /home/e/Documents/research/byotee/OSDZU3_Ref_Design/OSDZU3_Ref_Design.runs/design_1_v_mix_0_0_synth_1/prj/sol/.autopilot/db/v_mix 
Execute         export_constraint_db -f -tool general -o /home/e/Documents/research/byotee/OSDZU3_Ref_Design/OSDZU3_Ref_Design.runs/design_1_v_mix_0_0_synth_1/prj/sol/.autopilot/db/v_mix.constraint.tcl 
Execute         syn_report -designview -model v_mix -o /home/e/Documents/research/byotee/OSDZU3_Ref_Design/OSDZU3_Ref_Design.runs/design_1_v_mix_0_0_synth_1/prj/sol/.autopilot/db/v_mix.design.xml 
Execute         syn_report -csynthDesign -model v_mix -o /home/e/Documents/research/byotee/OSDZU3_Ref_Design/OSDZU3_Ref_Design.runs/design_1_v_mix_0_0_synth_1/prj/sol/syn/report/csynth.rpt -MHOut /home/e/Documents/research/byotee/OSDZU3_Ref_Design/OSDZU3_Ref_Design.runs/design_1_v_mix_0_0_synth_1/prj/sol/.autopilot/db/kernel_module_hierarchy.tcl 
Execute           list_part -family xczu3eg-sfvc784-1-e 
Execute             ap_family_info -name xczu3eg-sfvc784-1-e -data names 
Execute             ap_part_info -quiet -name xczu3eg-sfvc784-1-e -data family 
Execute         syn_report -wcfg -model v_mix -o /home/e/Documents/research/byotee/OSDZU3_Ref_Design/OSDZU3_Ref_Design.runs/design_1_v_mix_0_0_synth_1/prj/sol/.autopilot/db/v_mix_dataflow_ana.wcfg 
Execute         syn_report -protoinst -model v_mix -o /home/e/Documents/research/byotee/OSDZU3_Ref_Design/OSDZU3_Ref_Design.runs/design_1_v_mix_0_0_synth_1/prj/sol/.autopilot/db/v_mix.protoinst 
Execute         sc_get_clocks v_mix 
Execute         sc_get_portdomain v_mix 
INFO-FLOW: Model list for RTL component generation: {reg<unsigned short>1} AXIvideo2MultiPixStream.1_Pipeline_loop_wait_for_start AXIvideo2MultiPixStream.1_Pipeline_loop_width AXIvideo2MultiPixStream.1_Pipeline_loop_wait_for_eol AXIvideo2MultiPixStream.1 v_mix_420_to_422<false>.2_Pipeline_VITIS_LOOP_76_2 v_mix_420_to_422<false>.2 v_mix_422_to_444<false>.3_Pipeline_VITIS_LOOP_105_2 v_mix_422_to_444<false>.3 v_mix_yuv2rgb<false>.4_Pipeline_VITIS_LOOP_897_2 v_mix_yuv2rgb<false>.4 {reg<unsigned short>} AXIvideo2MultiPixStream.5_Pipeline_loop_wait_for_start AXIvideo2MultiPixStream.5_Pipeline_loop_width AXIvideo2MultiPixStream.5_Pipeline_loop_wait_for_eol AXIvideo2MultiPixStream.5 v_mix_420_to_422<false>.6_Pipeline_VITIS_LOOP_76_2 v_mix_420_to_422<false>.6 v_mix_422_to_444<true>_Pipeline_VITIS_LOOP_161_2 v_mix_422_to_444<true> v_mix_yuv2rgb<true>_Pipeline_VITIS_LOOP_941_2 v_mix_yuv2rgb<true> v_mix_upsample<false>.7_Pipeline_VITIS_LOOP_107_2 v_mix_upsample<false>.7 {v_mix_core_alpha<false, false>_Pipeline_VITIS_LOOP_465_3} {v_mix_core_alpha<false, false>} AXIvideo2MultiPixStream_Pipeline_loop_wait_for_start AXIvideo2MultiPixStream_Pipeline_loop_width AXIvideo2MultiPixStream_Pipeline_loop_wait_for_eol AXIvideo2MultiPixStream v_mix_420_to_422<false>_Pipeline_VITIS_LOOP_76_2 v_mix_420_to_422<false> v_mix_422_to_444<false>_Pipeline_VITIS_LOOP_105_2 v_mix_422_to_444<false> v_mix_yuv2rgb<false>_Pipeline_VITIS_LOOP_897_2 v_mix_yuv2rgb<false> v_mix_upsample<false>_Pipeline_VITIS_LOOP_107_2 v_mix_upsample<false> {reg<unsigned short>12} {v_mix_core_alpha<true, false>_Pipeline_VITIS_LOOP_395_3} {v_mix_core_alpha<true, false>} v_mix_rgb2yuv<false>_Pipeline_VITIS_LOOP_1042_2 v_mix_rgb2yuv<false> v_mix_444_to_422<false>_Pipeline_VITIS_LOOP_718_2 v_mix_444_to_422<false> v_mix_422_to_420<false>_Pipeline_VITIS_LOOP_508_2 v_mix_422_to_420<false> MultiPixStream2AXIvideo_Pipeline_VITIS_LOOP_3519_3 MultiPixStream2AXIvideo VMixHlsDataFlowFunction v_mix
INFO-FLOW: Handling components in module [reg_unsigned_short_1] ... 
Execute         source /home/e/Documents/research/byotee/OSDZU3_Ref_Design/OSDZU3_Ref_Design.runs/design_1_v_mix_0_0_synth_1/prj/sol/.autopilot/db/reg_unsigned_short_1.compgen.tcl 
INFO-FLOW: Handling components in module [AXIvideo2MultiPixStream_1_Pipeline_loop_wait_for_start] ... 
Execute         source /home/e/Documents/research/byotee/OSDZU3_Ref_Design/OSDZU3_Ref_Design.runs/design_1_v_mix_0_0_synth_1/prj/sol/.autopilot/db/AXIvideo2MultiPixStream_1_Pipeline_loop_wait_for_start.compgen.tcl 
INFO-FLOW: Found component design_1_v_mix_0_0_flow_control_loop_pipe_sequential_init.
INFO-FLOW: Append model design_1_v_mix_0_0_flow_control_loop_pipe_sequential_init
INFO-FLOW: Handling components in module [AXIvideo2MultiPixStream_1_Pipeline_loop_width] ... 
Execute         source /home/e/Documents/research/byotee/OSDZU3_Ref_Design/OSDZU3_Ref_Design.runs/design_1_v_mix_0_0_synth_1/prj/sol/.autopilot/db/AXIvideo2MultiPixStream_1_Pipeline_loop_width.compgen.tcl 
INFO-FLOW: Found component design_1_v_mix_0_0_flow_control_loop_pipe_sequential_init.
INFO-FLOW: Append model design_1_v_mix_0_0_flow_control_loop_pipe_sequential_init
INFO-FLOW: Handling components in module [AXIvideo2MultiPixStream_1_Pipeline_loop_wait_for_eol] ... 
Execute         source /home/e/Documents/research/byotee/OSDZU3_Ref_Design/OSDZU3_Ref_Design.runs/design_1_v_mix_0_0_synth_1/prj/sol/.autopilot/db/AXIvideo2MultiPixStream_1_Pipeline_loop_wait_for_eol.compgen.tcl 
INFO-FLOW: Found component design_1_v_mix_0_0_flow_control_loop_pipe_sequential_init.
INFO-FLOW: Append model design_1_v_mix_0_0_flow_control_loop_pipe_sequential_init
INFO-FLOW: Handling components in module [AXIvideo2MultiPixStream_1] ... 
Execute         source /home/e/Documents/research/byotee/OSDZU3_Ref_Design/OSDZU3_Ref_Design.runs/design_1_v_mix_0_0_synth_1/prj/sol/.autopilot/db/AXIvideo2MultiPixStream_1.compgen.tcl 
INFO-FLOW: Handling components in module [v_mix_420_to_422_false_2_Pipeline_VITIS_LOOP_76_2] ... 
Execute         source /home/e/Documents/research/byotee/OSDZU3_Ref_Design/OSDZU3_Ref_Design.runs/design_1_v_mix_0_0_synth_1/prj/sol/.autopilot/db/v_mix_420_to_422_false_2_Pipeline_VITIS_LOOP_76_2.compgen.tcl 
INFO-FLOW: Found component design_1_v_mix_0_0_flow_control_loop_pipe_sequential_init.
INFO-FLOW: Append model design_1_v_mix_0_0_flow_control_loop_pipe_sequential_init
INFO-FLOW: Handling components in module [v_mix_420_to_422_false_2] ... 
Execute         source /home/e/Documents/research/byotee/OSDZU3_Ref_Design/OSDZU3_Ref_Design.runs/design_1_v_mix_0_0_synth_1/prj/sol/.autopilot/db/v_mix_420_to_422_false_2.compgen.tcl 
INFO-FLOW: Handling components in module [v_mix_422_to_444_false_3_Pipeline_VITIS_LOOP_105_2] ... 
Execute         source /home/e/Documents/research/byotee/OSDZU3_Ref_Design/OSDZU3_Ref_Design.runs/design_1_v_mix_0_0_synth_1/prj/sol/.autopilot/db/v_mix_422_to_444_false_3_Pipeline_VITIS_LOOP_105_2.compgen.tcl 
INFO-FLOW: Found component design_1_v_mix_0_0_flow_control_loop_pipe_sequential_init.
INFO-FLOW: Append model design_1_v_mix_0_0_flow_control_loop_pipe_sequential_init
INFO-FLOW: Handling components in module [v_mix_422_to_444_false_3] ... 
Execute         source /home/e/Documents/research/byotee/OSDZU3_Ref_Design/OSDZU3_Ref_Design.runs/design_1_v_mix_0_0_synth_1/prj/sol/.autopilot/db/v_mix_422_to_444_false_3.compgen.tcl 
INFO-FLOW: Handling components in module [v_mix_yuv2rgb_false_4_Pipeline_VITIS_LOOP_897_2] ... 
Execute         source /home/e/Documents/research/byotee/OSDZU3_Ref_Design/OSDZU3_Ref_Design.runs/design_1_v_mix_0_0_synth_1/prj/sol/.autopilot/db/v_mix_yuv2rgb_false_4_Pipeline_VITIS_LOOP_897_2.compgen.tcl 
INFO-FLOW: Found component design_1_v_mix_0_0_flow_control_loop_pipe_sequential_init.
INFO-FLOW: Append model design_1_v_mix_0_0_flow_control_loop_pipe_sequential_init
INFO-FLOW: Handling components in module [v_mix_yuv2rgb_false_4] ... 
Execute         source /home/e/Documents/research/byotee/OSDZU3_Ref_Design/OSDZU3_Ref_Design.runs/design_1_v_mix_0_0_synth_1/prj/sol/.autopilot/db/v_mix_yuv2rgb_false_4.compgen.tcl 
INFO-FLOW: Handling components in module [reg_unsigned_short_s] ... 
Execute         source /home/e/Documents/research/byotee/OSDZU3_Ref_Design/OSDZU3_Ref_Design.runs/design_1_v_mix_0_0_synth_1/prj/sol/.autopilot/db/reg_unsigned_short_s.compgen.tcl 
INFO-FLOW: Handling components in module [AXIvideo2MultiPixStream_5_Pipeline_loop_wait_for_start] ... 
Execute         source /home/e/Documents/research/byotee/OSDZU3_Ref_Design/OSDZU3_Ref_Design.runs/design_1_v_mix_0_0_synth_1/prj/sol/.autopilot/db/AXIvideo2MultiPixStream_5_Pipeline_loop_wait_for_start.compgen.tcl 
INFO-FLOW: Found component design_1_v_mix_0_0_flow_control_loop_pipe_sequential_init.
INFO-FLOW: Append model design_1_v_mix_0_0_flow_control_loop_pipe_sequential_init
INFO-FLOW: Handling components in module [AXIvideo2MultiPixStream_5_Pipeline_loop_width] ... 
Execute         source /home/e/Documents/research/byotee/OSDZU3_Ref_Design/OSDZU3_Ref_Design.runs/design_1_v_mix_0_0_synth_1/prj/sol/.autopilot/db/AXIvideo2MultiPixStream_5_Pipeline_loop_width.compgen.tcl 
INFO-FLOW: Found component design_1_v_mix_0_0_flow_control_loop_pipe_sequential_init.
INFO-FLOW: Append model design_1_v_mix_0_0_flow_control_loop_pipe_sequential_init
INFO-FLOW: Handling components in module [AXIvideo2MultiPixStream_5_Pipeline_loop_wait_for_eol] ... 
Execute         source /home/e/Documents/research/byotee/OSDZU3_Ref_Design/OSDZU3_Ref_Design.runs/design_1_v_mix_0_0_synth_1/prj/sol/.autopilot/db/AXIvideo2MultiPixStream_5_Pipeline_loop_wait_for_eol.compgen.tcl 
INFO-FLOW: Found component design_1_v_mix_0_0_flow_control_loop_pipe_sequential_init.
INFO-FLOW: Append model design_1_v_mix_0_0_flow_control_loop_pipe_sequential_init
INFO-FLOW: Handling components in module [AXIvideo2MultiPixStream_5] ... 
Execute         source /home/e/Documents/research/byotee/OSDZU3_Ref_Design/OSDZU3_Ref_Design.runs/design_1_v_mix_0_0_synth_1/prj/sol/.autopilot/db/AXIvideo2MultiPixStream_5.compgen.tcl 
INFO-FLOW: Handling components in module [v_mix_420_to_422_false_6_Pipeline_VITIS_LOOP_76_2] ... 
Execute         source /home/e/Documents/research/byotee/OSDZU3_Ref_Design/OSDZU3_Ref_Design.runs/design_1_v_mix_0_0_synth_1/prj/sol/.autopilot/db/v_mix_420_to_422_false_6_Pipeline_VITIS_LOOP_76_2.compgen.tcl 
INFO-FLOW: Found component design_1_v_mix_0_0_flow_control_loop_pipe_sequential_init.
INFO-FLOW: Append model design_1_v_mix_0_0_flow_control_loop_pipe_sequential_init
INFO-FLOW: Handling components in module [v_mix_420_to_422_false_6] ... 
Execute         source /home/e/Documents/research/byotee/OSDZU3_Ref_Design/OSDZU3_Ref_Design.runs/design_1_v_mix_0_0_synth_1/prj/sol/.autopilot/db/v_mix_420_to_422_false_6.compgen.tcl 
INFO-FLOW: Handling components in module [v_mix_422_to_444_true_Pipeline_VITIS_LOOP_161_2] ... 
Execute         source /home/e/Documents/research/byotee/OSDZU3_Ref_Design/OSDZU3_Ref_Design.runs/design_1_v_mix_0_0_synth_1/prj/sol/.autopilot/db/v_mix_422_to_444_true_Pipeline_VITIS_LOOP_161_2.compgen.tcl 
INFO-FLOW: Found component design_1_v_mix_0_0_flow_control_loop_pipe_sequential_init.
INFO-FLOW: Append model design_1_v_mix_0_0_flow_control_loop_pipe_sequential_init
INFO-FLOW: Handling components in module [v_mix_422_to_444_true_s] ... 
Execute         source /home/e/Documents/research/byotee/OSDZU3_Ref_Design/OSDZU3_Ref_Design.runs/design_1_v_mix_0_0_synth_1/prj/sol/.autopilot/db/v_mix_422_to_444_true_s.compgen.tcl 
INFO-FLOW: Handling components in module [v_mix_yuv2rgb_true_Pipeline_VITIS_LOOP_941_2] ... 
Execute         source /home/e/Documents/research/byotee/OSDZU3_Ref_Design/OSDZU3_Ref_Design.runs/design_1_v_mix_0_0_synth_1/prj/sol/.autopilot/db/v_mix_yuv2rgb_true_Pipeline_VITIS_LOOP_941_2.compgen.tcl 
INFO-FLOW: Found component design_1_v_mix_0_0_mul_8s_12ns_20_1_1.
INFO-FLOW: Append model design_1_v_mix_0_0_mul_8s_12ns_20_1_1
INFO-FLOW: Found component design_1_v_mix_0_0_mul_8s_11ns_18_1_1.
INFO-FLOW: Append model design_1_v_mix_0_0_mul_8s_11ns_18_1_1
INFO-FLOW: Found component design_1_v_mix_0_0_mul_8s_13ns_21_1_1.
INFO-FLOW: Append model design_1_v_mix_0_0_mul_8s_13ns_21_1_1
INFO-FLOW: Found component design_1_v_mix_0_0_mac_muladd_9ns_8s_18s_18_4_1.
INFO-FLOW: Append model design_1_v_mix_0_0_mac_muladd_9ns_8s_18s_18_4_1
INFO-FLOW: Found component design_1_v_mix_0_0_flow_control_loop_pipe_sequential_init.
INFO-FLOW: Append model design_1_v_mix_0_0_flow_control_loop_pipe_sequential_init
INFO-FLOW: Handling components in module [v_mix_yuv2rgb_true_s] ... 
Execute         source /home/e/Documents/research/byotee/OSDZU3_Ref_Design/OSDZU3_Ref_Design.runs/design_1_v_mix_0_0_synth_1/prj/sol/.autopilot/db/v_mix_yuv2rgb_true_s.compgen.tcl 
INFO-FLOW: Handling components in module [v_mix_upsample_false_7_Pipeline_VITIS_LOOP_107_2] ... 
Execute         source /home/e/Documents/research/byotee/OSDZU3_Ref_Design/OSDZU3_Ref_Design.runs/design_1_v_mix_0_0_synth_1/prj/sol/.autopilot/db/v_mix_upsample_false_7_Pipeline_VITIS_LOOP_107_2.compgen.tcl 
INFO-FLOW: Found component design_1_v_mix_0_0_flow_control_loop_pipe_sequential_init.
INFO-FLOW: Append model design_1_v_mix_0_0_flow_control_loop_pipe_sequential_init
INFO-FLOW: Handling components in module [v_mix_upsample_false_7] ... 
Execute         source /home/e/Documents/research/byotee/OSDZU3_Ref_Design/OSDZU3_Ref_Design.runs/design_1_v_mix_0_0_synth_1/prj/sol/.autopilot/db/v_mix_upsample_false_7.compgen.tcl 
INFO-FLOW: Handling components in module [v_mix_core_alpha_false_false_Pipeline_VITIS_LOOP_465_3] ... 
Execute         source /home/e/Documents/research/byotee/OSDZU3_Ref_Design/OSDZU3_Ref_Design.runs/design_1_v_mix_0_0_synth_1/prj/sol/.autopilot/db/v_mix_core_alpha_false_false_Pipeline_VITIS_LOOP_465_3.compgen.tcl 
INFO-FLOW: Found component design_1_v_mix_0_0_flow_control_loop_pipe_sequential_init.
INFO-FLOW: Append model design_1_v_mix_0_0_flow_control_loop_pipe_sequential_init
INFO-FLOW: Handling components in module [v_mix_core_alpha_false_false_s] ... 
Execute         source /home/e/Documents/research/byotee/OSDZU3_Ref_Design/OSDZU3_Ref_Design.runs/design_1_v_mix_0_0_synth_1/prj/sol/.autopilot/db/v_mix_core_alpha_false_false_s.compgen.tcl 
INFO-FLOW: Handling components in module [AXIvideo2MultiPixStream_Pipeline_loop_wait_for_start] ... 
Execute         source /home/e/Documents/research/byotee/OSDZU3_Ref_Design/OSDZU3_Ref_Design.runs/design_1_v_mix_0_0_synth_1/prj/sol/.autopilot/db/AXIvideo2MultiPixStream_Pipeline_loop_wait_for_start.compgen.tcl 
INFO-FLOW: Found component design_1_v_mix_0_0_flow_control_loop_pipe_sequential_init.
INFO-FLOW: Append model design_1_v_mix_0_0_flow_control_loop_pipe_sequential_init
INFO-FLOW: Handling components in module [AXIvideo2MultiPixStream_Pipeline_loop_width] ... 
Execute         source /home/e/Documents/research/byotee/OSDZU3_Ref_Design/OSDZU3_Ref_Design.runs/design_1_v_mix_0_0_synth_1/prj/sol/.autopilot/db/AXIvideo2MultiPixStream_Pipeline_loop_width.compgen.tcl 
INFO-FLOW: Found component design_1_v_mix_0_0_flow_control_loop_pipe_sequential_init.
INFO-FLOW: Append model design_1_v_mix_0_0_flow_control_loop_pipe_sequential_init
INFO-FLOW: Handling components in module [AXIvideo2MultiPixStream_Pipeline_loop_wait_for_eol] ... 
Execute         source /home/e/Documents/research/byotee/OSDZU3_Ref_Design/OSDZU3_Ref_Design.runs/design_1_v_mix_0_0_synth_1/prj/sol/.autopilot/db/AXIvideo2MultiPixStream_Pipeline_loop_wait_for_eol.compgen.tcl 
INFO-FLOW: Found component design_1_v_mix_0_0_flow_control_loop_pipe_sequential_init.
INFO-FLOW: Append model design_1_v_mix_0_0_flow_control_loop_pipe_sequential_init
INFO-FLOW: Handling components in module [AXIvideo2MultiPixStream] ... 
Execute         source /home/e/Documents/research/byotee/OSDZU3_Ref_Design/OSDZU3_Ref_Design.runs/design_1_v_mix_0_0_synth_1/prj/sol/.autopilot/db/AXIvideo2MultiPixStream.compgen.tcl 
INFO-FLOW: Handling components in module [v_mix_420_to_422_false_Pipeline_VITIS_LOOP_76_2] ... 
Execute         source /home/e/Documents/research/byotee/OSDZU3_Ref_Design/OSDZU3_Ref_Design.runs/design_1_v_mix_0_0_synth_1/prj/sol/.autopilot/db/v_mix_420_to_422_false_Pipeline_VITIS_LOOP_76_2.compgen.tcl 
INFO-FLOW: Found component design_1_v_mix_0_0_flow_control_loop_pipe_sequential_init.
INFO-FLOW: Append model design_1_v_mix_0_0_flow_control_loop_pipe_sequential_init
INFO-FLOW: Handling components in module [v_mix_420_to_422_false_s] ... 
Execute         source /home/e/Documents/research/byotee/OSDZU3_Ref_Design/OSDZU3_Ref_Design.runs/design_1_v_mix_0_0_synth_1/prj/sol/.autopilot/db/v_mix_420_to_422_false_s.compgen.tcl 
INFO-FLOW: Handling components in module [v_mix_422_to_444_false_Pipeline_VITIS_LOOP_105_2] ... 
Execute         source /home/e/Documents/research/byotee/OSDZU3_Ref_Design/OSDZU3_Ref_Design.runs/design_1_v_mix_0_0_synth_1/prj/sol/.autopilot/db/v_mix_422_to_444_false_Pipeline_VITIS_LOOP_105_2.compgen.tcl 
INFO-FLOW: Found component design_1_v_mix_0_0_flow_control_loop_pipe_sequential_init.
INFO-FLOW: Append model design_1_v_mix_0_0_flow_control_loop_pipe_sequential_init
INFO-FLOW: Handling components in module [v_mix_422_to_444_false_s] ... 
Execute         source /home/e/Documents/research/byotee/OSDZU3_Ref_Design/OSDZU3_Ref_Design.runs/design_1_v_mix_0_0_synth_1/prj/sol/.autopilot/db/v_mix_422_to_444_false_s.compgen.tcl 
INFO-FLOW: Handling components in module [v_mix_yuv2rgb_false_Pipeline_VITIS_LOOP_897_2] ... 
Execute         source /home/e/Documents/research/byotee/OSDZU3_Ref_Design/OSDZU3_Ref_Design.runs/design_1_v_mix_0_0_synth_1/prj/sol/.autopilot/db/v_mix_yuv2rgb_false_Pipeline_VITIS_LOOP_897_2.compgen.tcl 
INFO-FLOW: Found component design_1_v_mix_0_0_flow_control_loop_pipe_sequential_init.
INFO-FLOW: Append model design_1_v_mix_0_0_flow_control_loop_pipe_sequential_init
INFO-FLOW: Handling components in module [v_mix_yuv2rgb_false_s] ... 
Execute         source /home/e/Documents/research/byotee/OSDZU3_Ref_Design/OSDZU3_Ref_Design.runs/design_1_v_mix_0_0_synth_1/prj/sol/.autopilot/db/v_mix_yuv2rgb_false_s.compgen.tcl 
INFO-FLOW: Handling components in module [v_mix_upsample_false_Pipeline_VITIS_LOOP_107_2] ... 
Execute         source /home/e/Documents/research/byotee/OSDZU3_Ref_Design/OSDZU3_Ref_Design.runs/design_1_v_mix_0_0_synth_1/prj/sol/.autopilot/db/v_mix_upsample_false_Pipeline_VITIS_LOOP_107_2.compgen.tcl 
INFO-FLOW: Found component design_1_v_mix_0_0_flow_control_loop_pipe_sequential_init.
INFO-FLOW: Append model design_1_v_mix_0_0_flow_control_loop_pipe_sequential_init
INFO-FLOW: Handling components in module [v_mix_upsample_false_s] ... 
Execute         source /home/e/Documents/research/byotee/OSDZU3_Ref_Design/OSDZU3_Ref_Design.runs/design_1_v_mix_0_0_synth_1/prj/sol/.autopilot/db/v_mix_upsample_false_s.compgen.tcl 
INFO-FLOW: Handling components in module [reg_unsigned_short_12] ... 
Execute         source /home/e/Documents/research/byotee/OSDZU3_Ref_Design/OSDZU3_Ref_Design.runs/design_1_v_mix_0_0_synth_1/prj/sol/.autopilot/db/reg_unsigned_short_12.compgen.tcl 
INFO-FLOW: Handling components in module [v_mix_core_alpha_true_false_Pipeline_VITIS_LOOP_395_3] ... 
Execute         source /home/e/Documents/research/byotee/OSDZU3_Ref_Design/OSDZU3_Ref_Design.runs/design_1_v_mix_0_0_synth_1/prj/sol/.autopilot/db/v_mix_core_alpha_true_false_Pipeline_VITIS_LOOP_395_3.compgen.tcl 
INFO-FLOW: Found component design_1_v_mix_0_0_mac_muladd_9s_9ns_16ns_16_4_1.
INFO-FLOW: Append model design_1_v_mix_0_0_mac_muladd_9s_9ns_16ns_16_4_1
INFO-FLOW: Found component design_1_v_mix_0_0_mac_muladd_9ns_9s_16ns_16_4_1.
INFO-FLOW: Append model design_1_v_mix_0_0_mac_muladd_9ns_9s_16ns_16_4_1
INFO-FLOW: Found component design_1_v_mix_0_0_flow_control_loop_pipe_sequential_init.
INFO-FLOW: Append model design_1_v_mix_0_0_flow_control_loop_pipe_sequential_init
INFO-FLOW: Handling components in module [v_mix_core_alpha_true_false_s] ... 
Execute         source /home/e/Documents/research/byotee/OSDZU3_Ref_Design/OSDZU3_Ref_Design.runs/design_1_v_mix_0_0_synth_1/prj/sol/.autopilot/db/v_mix_core_alpha_true_false_s.compgen.tcl 
INFO-FLOW: Handling components in module [v_mix_rgb2yuv_false_Pipeline_VITIS_LOOP_1042_2] ... 
Execute         source /home/e/Documents/research/byotee/OSDZU3_Ref_Design/OSDZU3_Ref_Design.runs/design_1_v_mix_0_0_synth_1/prj/sol/.autopilot/db/v_mix_rgb2yuv_false_Pipeline_VITIS_LOOP_1042_2.compgen.tcl 
INFO-FLOW: Found component design_1_v_mix_0_0_flow_control_loop_pipe_sequential_init.
INFO-FLOW: Append model design_1_v_mix_0_0_flow_control_loop_pipe_sequential_init
INFO-FLOW: Handling components in module [v_mix_rgb2yuv_false_s] ... 
Execute         source /home/e/Documents/research/byotee/OSDZU3_Ref_Design/OSDZU3_Ref_Design.runs/design_1_v_mix_0_0_synth_1/prj/sol/.autopilot/db/v_mix_rgb2yuv_false_s.compgen.tcl 
INFO-FLOW: Handling components in module [v_mix_444_to_422_false_Pipeline_VITIS_LOOP_718_2] ... 
Execute         source /home/e/Documents/research/byotee/OSDZU3_Ref_Design/OSDZU3_Ref_Design.runs/design_1_v_mix_0_0_synth_1/prj/sol/.autopilot/db/v_mix_444_to_422_false_Pipeline_VITIS_LOOP_718_2.compgen.tcl 
INFO-FLOW: Found component design_1_v_mix_0_0_flow_control_loop_pipe_sequential_init.
INFO-FLOW: Append model design_1_v_mix_0_0_flow_control_loop_pipe_sequential_init
INFO-FLOW: Handling components in module [v_mix_444_to_422_false_s] ... 
Execute         source /home/e/Documents/research/byotee/OSDZU3_Ref_Design/OSDZU3_Ref_Design.runs/design_1_v_mix_0_0_synth_1/prj/sol/.autopilot/db/v_mix_444_to_422_false_s.compgen.tcl 
INFO-FLOW: Handling components in module [v_mix_422_to_420_false_Pipeline_VITIS_LOOP_508_2] ... 
Execute         source /home/e/Documents/research/byotee/OSDZU3_Ref_Design/OSDZU3_Ref_Design.runs/design_1_v_mix_0_0_synth_1/prj/sol/.autopilot/db/v_mix_422_to_420_false_Pipeline_VITIS_LOOP_508_2.compgen.tcl 
INFO-FLOW: Found component design_1_v_mix_0_0_flow_control_loop_pipe_sequential_init.
INFO-FLOW: Append model design_1_v_mix_0_0_flow_control_loop_pipe_sequential_init
INFO-FLOW: Handling components in module [v_mix_422_to_420_false_s] ... 
Execute         source /home/e/Documents/research/byotee/OSDZU3_Ref_Design/OSDZU3_Ref_Design.runs/design_1_v_mix_0_0_synth_1/prj/sol/.autopilot/db/v_mix_422_to_420_false_s.compgen.tcl 
INFO-FLOW: Handling components in module [MultiPixStream2AXIvideo_Pipeline_VITIS_LOOP_3519_3] ... 
Execute         source /home/e/Documents/research/byotee/OSDZU3_Ref_Design/OSDZU3_Ref_Design.runs/design_1_v_mix_0_0_synth_1/prj/sol/.autopilot/db/MultiPixStream2AXIvideo_Pipeline_VITIS_LOOP_3519_3.compgen.tcl 
INFO-FLOW: Found component design_1_v_mix_0_0_flow_control_loop_pipe_sequential_init.
INFO-FLOW: Append model design_1_v_mix_0_0_flow_control_loop_pipe_sequential_init
INFO-FLOW: Handling components in module [MultiPixStream2AXIvideo] ... 
Execute         source /home/e/Documents/research/byotee/OSDZU3_Ref_Design/OSDZU3_Ref_Design.runs/design_1_v_mix_0_0_synth_1/prj/sol/.autopilot/db/MultiPixStream2AXIvideo.compgen.tcl 
INFO-FLOW: Handling components in module [VMixHlsDataFlowFunction] ... 
Execute         source /home/e/Documents/research/byotee/OSDZU3_Ref_Design/OSDZU3_Ref_Design.runs/design_1_v_mix_0_0_synth_1/prj/sol/.autopilot/db/VMixHlsDataFlowFunction.compgen.tcl 
INFO-FLOW: Found component design_1_v_mix_0_0_fifo_w24_d2_S.
INFO-FLOW: Append model design_1_v_mix_0_0_fifo_w24_d2_S
INFO-FLOW: Found component design_1_v_mix_0_0_fifo_w24_d2_S.
INFO-FLOW: Append model design_1_v_mix_0_0_fifo_w24_d2_S
INFO-FLOW: Found component design_1_v_mix_0_0_fifo_w24_d2_S.
INFO-FLOW: Append model design_1_v_mix_0_0_fifo_w24_d2_S
INFO-FLOW: Found component design_1_v_mix_0_0_fifo_w24_d2_S.
INFO-FLOW: Append model design_1_v_mix_0_0_fifo_w24_d2_S
INFO-FLOW: Found component design_1_v_mix_0_0_fifo_w24_d2_S.
INFO-FLOW: Append model design_1_v_mix_0_0_fifo_w24_d2_S
INFO-FLOW: Found component design_1_v_mix_0_0_fifo_w24_d2_S.
INFO-FLOW: Append model design_1_v_mix_0_0_fifo_w24_d2_S
INFO-FLOW: Found component design_1_v_mix_0_0_fifo_w24_d2_S.
INFO-FLOW: Append model design_1_v_mix_0_0_fifo_w24_d2_S
INFO-FLOW: Found component design_1_v_mix_0_0_fifo_w24_d2_S.
INFO-FLOW: Append model design_1_v_mix_0_0_fifo_w24_d2_S
INFO-FLOW: Found component design_1_v_mix_0_0_fifo_w24_d2_S.
INFO-FLOW: Append model design_1_v_mix_0_0_fifo_w24_d2_S
INFO-FLOW: Found component design_1_v_mix_0_0_fifo_w24_d2_S.
INFO-FLOW: Append model design_1_v_mix_0_0_fifo_w24_d2_S
INFO-FLOW: Found component design_1_v_mix_0_0_fifo_w24_d2_S.
INFO-FLOW: Append model design_1_v_mix_0_0_fifo_w24_d2_S
INFO-FLOW: Found component design_1_v_mix_0_0_fifo_w24_d2_S.
INFO-FLOW: Append model design_1_v_mix_0_0_fifo_w24_d2_S
INFO-FLOW: Found component design_1_v_mix_0_0_fifo_w24_d2_S.
INFO-FLOW: Append model design_1_v_mix_0_0_fifo_w24_d2_S
INFO-FLOW: Found component design_1_v_mix_0_0_fifo_w24_d2_S.
INFO-FLOW: Append model design_1_v_mix_0_0_fifo_w24_d2_S
INFO-FLOW: Found component design_1_v_mix_0_0_fifo_w24_d2_S.
INFO-FLOW: Append model design_1_v_mix_0_0_fifo_w24_d2_S
INFO-FLOW: Found component design_1_v_mix_0_0_fifo_w24_d2_S.
INFO-FLOW: Append model design_1_v_mix_0_0_fifo_w24_d2_S
INFO-FLOW: Found component design_1_v_mix_0_0_fifo_w24_d2_S.
INFO-FLOW: Append model design_1_v_mix_0_0_fifo_w24_d2_S
INFO-FLOW: Found component design_1_v_mix_0_0_fifo_w24_d2_S.
INFO-FLOW: Append model design_1_v_mix_0_0_fifo_w24_d2_S
INFO-FLOW: Found component design_1_v_mix_0_0_fifo_w24_d2_S.
INFO-FLOW: Append model design_1_v_mix_0_0_fifo_w24_d2_S
INFO-FLOW: Found component design_1_v_mix_0_0_start_for_v_mix_420_to_422_false_2_U0.
INFO-FLOW: Append model design_1_v_mix_0_0_start_for_v_mix_420_to_422_false_2_U0
INFO-FLOW: Found component design_1_v_mix_0_0_start_for_v_mix_422_to_444_false_3_U0.
INFO-FLOW: Append model design_1_v_mix_0_0_start_for_v_mix_422_to_444_false_3_U0
INFO-FLOW: Found component design_1_v_mix_0_0_start_for_v_mix_yuv2rgb_false_4_U0.
INFO-FLOW: Append model design_1_v_mix_0_0_start_for_v_mix_yuv2rgb_false_4_U0
INFO-FLOW: Found component design_1_v_mix_0_0_start_for_v_mix_core_alpha_false_false_U0.
INFO-FLOW: Append model design_1_v_mix_0_0_start_for_v_mix_core_alpha_false_false_U0
INFO-FLOW: Found component design_1_v_mix_0_0_start_for_v_mix_420_to_422_false_6_U0.
INFO-FLOW: Append model design_1_v_mix_0_0_start_for_v_mix_420_to_422_false_6_U0
INFO-FLOW: Found component design_1_v_mix_0_0_start_for_v_mix_422_to_444_true_U0.
INFO-FLOW: Append model design_1_v_mix_0_0_start_for_v_mix_422_to_444_true_U0
INFO-FLOW: Found component design_1_v_mix_0_0_start_for_v_mix_yuv2rgb_true_U0.
INFO-FLOW: Append model design_1_v_mix_0_0_start_for_v_mix_yuv2rgb_true_U0
INFO-FLOW: Found component design_1_v_mix_0_0_start_for_v_mix_upsample_false_7_U0.
INFO-FLOW: Append model design_1_v_mix_0_0_start_for_v_mix_upsample_false_7_U0
INFO-FLOW: Found component design_1_v_mix_0_0_start_for_v_mix_core_alpha_true_false_U0.
INFO-FLOW: Append model design_1_v_mix_0_0_start_for_v_mix_core_alpha_true_false_U0
INFO-FLOW: Found component design_1_v_mix_0_0_start_for_v_mix_420_to_422_false_U0.
INFO-FLOW: Append model design_1_v_mix_0_0_start_for_v_mix_420_to_422_false_U0
INFO-FLOW: Found component design_1_v_mix_0_0_start_for_v_mix_422_to_444_false_U0.
INFO-FLOW: Append model design_1_v_mix_0_0_start_for_v_mix_422_to_444_false_U0
INFO-FLOW: Found component design_1_v_mix_0_0_start_for_v_mix_yuv2rgb_false_U0.
INFO-FLOW: Append model design_1_v_mix_0_0_start_for_v_mix_yuv2rgb_false_U0
INFO-FLOW: Found component design_1_v_mix_0_0_start_for_v_mix_upsample_false_U0.
INFO-FLOW: Append model design_1_v_mix_0_0_start_for_v_mix_upsample_false_U0
INFO-FLOW: Found component design_1_v_mix_0_0_start_for_v_mix_rgb2yuv_false_U0.
INFO-FLOW: Append model design_1_v_mix_0_0_start_for_v_mix_rgb2yuv_false_U0
INFO-FLOW: Found component design_1_v_mix_0_0_start_for_v_mix_444_to_422_false_U0.
INFO-FLOW: Append model design_1_v_mix_0_0_start_for_v_mix_444_to_422_false_U0
INFO-FLOW: Found component design_1_v_mix_0_0_start_for_v_mix_422_to_420_false_U0.
INFO-FLOW: Append model design_1_v_mix_0_0_start_for_v_mix_422_to_420_false_U0
INFO-FLOW: Found component design_1_v_mix_0_0_start_for_MultiPixStream2AXIvideo_U0.
INFO-FLOW: Append model design_1_v_mix_0_0_start_for_MultiPixStream2AXIvideo_U0
INFO-FLOW: Handling components in module [v_mix] ... 
Execute         source /home/e/Documents/research/byotee/OSDZU3_Ref_Design/OSDZU3_Ref_Design.runs/design_1_v_mix_0_0_synth_1/prj/sol/.autopilot/db/v_mix.compgen.tcl 
INFO-FLOW: Found component design_1_v_mix_0_0_sparsemux_7_2_16_1_1.
INFO-FLOW: Append model design_1_v_mix_0_0_sparsemux_7_2_16_1_1
INFO-FLOW: Found component design_1_v_mix_0_0_sparsemux_7_2_8_1_1.
INFO-FLOW: Append model design_1_v_mix_0_0_sparsemux_7_2_8_1_1
INFO-FLOW: Found component design_1_v_mix_0_0_bitselect_1ns_32ns_2ns_1_1_1.
INFO-FLOW: Append model design_1_v_mix_0_0_bitselect_1ns_32ns_2ns_1_1_1
INFO-FLOW: Found component design_1_v_mix_0_0_CTRL_s_axi.
INFO-FLOW: Append model design_1_v_mix_0_0_CTRL_s_axi
INFO-FLOW: Found component design_1_v_mix_0_0_regslice_both.
INFO-FLOW: Append model design_1_v_mix_0_0_regslice_both
INFO-FLOW: Found component design_1_v_mix_0_0_regslice_both.
INFO-FLOW: Append model design_1_v_mix_0_0_regslice_both
INFO-FLOW: Found component design_1_v_mix_0_0_regslice_both.
INFO-FLOW: Append model design_1_v_mix_0_0_regslice_both
INFO-FLOW: Found component design_1_v_mix_0_0_regslice_both.
INFO-FLOW: Append model design_1_v_mix_0_0_regslice_both
INFO-FLOW: Found component design_1_v_mix_0_0_regslice_both.
INFO-FLOW: Append model design_1_v_mix_0_0_regslice_both
INFO-FLOW: Found component design_1_v_mix_0_0_regslice_both.
INFO-FLOW: Append model design_1_v_mix_0_0_regslice_both
INFO-FLOW: Found component design_1_v_mix_0_0_regslice_both.
INFO-FLOW: Append model design_1_v_mix_0_0_regslice_both
INFO-FLOW: Found component design_1_v_mix_0_0_regslice_both.
INFO-FLOW: Append model design_1_v_mix_0_0_regslice_both
INFO-FLOW: Found component design_1_v_mix_0_0_regslice_both.
INFO-FLOW: Append model design_1_v_mix_0_0_regslice_both
INFO-FLOW: Found component design_1_v_mix_0_0_regslice_both.
INFO-FLOW: Append model design_1_v_mix_0_0_regslice_both
INFO-FLOW: Found component design_1_v_mix_0_0_regslice_both.
INFO-FLOW: Append model design_1_v_mix_0_0_regslice_both
INFO-FLOW: Found component design_1_v_mix_0_0_regslice_both.
INFO-FLOW: Append model design_1_v_mix_0_0_regslice_both
INFO-FLOW: Found component design_1_v_mix_0_0_regslice_both.
INFO-FLOW: Append model design_1_v_mix_0_0_regslice_both
INFO-FLOW: Found component design_1_v_mix_0_0_regslice_both.
INFO-FLOW: Append model design_1_v_mix_0_0_regslice_both
INFO-FLOW: Found component design_1_v_mix_0_0_regslice_both.
INFO-FLOW: Append model design_1_v_mix_0_0_regslice_both
INFO-FLOW: Found component design_1_v_mix_0_0_regslice_both.
INFO-FLOW: Append model design_1_v_mix_0_0_regslice_both
INFO-FLOW: Found component design_1_v_mix_0_0_regslice_both.
INFO-FLOW: Append model design_1_v_mix_0_0_regslice_both
INFO-FLOW: Found component design_1_v_mix_0_0_regslice_both.
INFO-FLOW: Append model design_1_v_mix_0_0_regslice_both
INFO-FLOW: Found component design_1_v_mix_0_0_regslice_both.
INFO-FLOW: Append model design_1_v_mix_0_0_regslice_both
INFO-FLOW: Found component design_1_v_mix_0_0_regslice_both.
INFO-FLOW: Append model design_1_v_mix_0_0_regslice_both
INFO-FLOW: Found component design_1_v_mix_0_0_regslice_both.
INFO-FLOW: Append model design_1_v_mix_0_0_regslice_both
INFO-FLOW: Found component design_1_v_mix_0_0_regslice_both.
INFO-FLOW: Append model design_1_v_mix_0_0_regslice_both
INFO-FLOW: Found component design_1_v_mix_0_0_regslice_both.
INFO-FLOW: Append model design_1_v_mix_0_0_regslice_both
INFO-FLOW: Found component design_1_v_mix_0_0_regslice_both.
INFO-FLOW: Append model design_1_v_mix_0_0_regslice_both
INFO-FLOW: Found component design_1_v_mix_0_0_regslice_both.
INFO-FLOW: Append model design_1_v_mix_0_0_regslice_both
INFO-FLOW: Found component design_1_v_mix_0_0_regslice_both.
INFO-FLOW: Append model design_1_v_mix_0_0_regslice_both
INFO-FLOW: Found component design_1_v_mix_0_0_regslice_both.
INFO-FLOW: Append model design_1_v_mix_0_0_regslice_both
INFO-FLOW: Found component design_1_v_mix_0_0_regslice_both.
INFO-FLOW: Append model design_1_v_mix_0_0_regslice_both
INFO-FLOW: Append model reg_unsigned_short_1
INFO-FLOW: Append model AXIvideo2MultiPixStream_1_Pipeline_loop_wait_for_start
INFO-FLOW: Append model AXIvideo2MultiPixStream_1_Pipeline_loop_width
INFO-FLOW: Append model AXIvideo2MultiPixStream_1_Pipeline_loop_wait_for_eol
INFO-FLOW: Append model AXIvideo2MultiPixStream_1
INFO-FLOW: Append model v_mix_420_to_422_false_2_Pipeline_VITIS_LOOP_76_2
INFO-FLOW: Append model v_mix_420_to_422_false_2
INFO-FLOW: Append model v_mix_422_to_444_false_3_Pipeline_VITIS_LOOP_105_2
INFO-FLOW: Append model v_mix_422_to_444_false_3
INFO-FLOW: Append model v_mix_yuv2rgb_false_4_Pipeline_VITIS_LOOP_897_2
INFO-FLOW: Append model v_mix_yuv2rgb_false_4
INFO-FLOW: Append model reg_unsigned_short_s
INFO-FLOW: Append model AXIvideo2MultiPixStream_5_Pipeline_loop_wait_for_start
INFO-FLOW: Append model AXIvideo2MultiPixStream_5_Pipeline_loop_width
INFO-FLOW: Append model AXIvideo2MultiPixStream_5_Pipeline_loop_wait_for_eol
INFO-FLOW: Append model AXIvideo2MultiPixStream_5
INFO-FLOW: Append model v_mix_420_to_422_false_6_Pipeline_VITIS_LOOP_76_2
INFO-FLOW: Append model v_mix_420_to_422_false_6
INFO-FLOW: Append model v_mix_422_to_444_true_Pipeline_VITIS_LOOP_161_2
INFO-FLOW: Append model v_mix_422_to_444_true_s
INFO-FLOW: Append model v_mix_yuv2rgb_true_Pipeline_VITIS_LOOP_941_2
INFO-FLOW: Append model v_mix_yuv2rgb_true_s
INFO-FLOW: Append model v_mix_upsample_false_7_Pipeline_VITIS_LOOP_107_2
INFO-FLOW: Append model v_mix_upsample_false_7
INFO-FLOW: Append model v_mix_core_alpha_false_false_Pipeline_VITIS_LOOP_465_3
INFO-FLOW: Append model v_mix_core_alpha_false_false_s
INFO-FLOW: Append model AXIvideo2MultiPixStream_Pipeline_loop_wait_for_start
INFO-FLOW: Append model AXIvideo2MultiPixStream_Pipeline_loop_width
INFO-FLOW: Append model AXIvideo2MultiPixStream_Pipeline_loop_wait_for_eol
INFO-FLOW: Append model AXIvideo2MultiPixStream
INFO-FLOW: Append model v_mix_420_to_422_false_Pipeline_VITIS_LOOP_76_2
INFO-FLOW: Append model v_mix_420_to_422_false_s
INFO-FLOW: Append model v_mix_422_to_444_false_Pipeline_VITIS_LOOP_105_2
INFO-FLOW: Append model v_mix_422_to_444_false_s
INFO-FLOW: Append model v_mix_yuv2rgb_false_Pipeline_VITIS_LOOP_897_2
INFO-FLOW: Append model v_mix_yuv2rgb_false_s
INFO-FLOW: Append model v_mix_upsample_false_Pipeline_VITIS_LOOP_107_2
INFO-FLOW: Append model v_mix_upsample_false_s
INFO-FLOW: Append model reg_unsigned_short_12
INFO-FLOW: Append model v_mix_core_alpha_true_false_Pipeline_VITIS_LOOP_395_3
INFO-FLOW: Append model v_mix_core_alpha_true_false_s
INFO-FLOW: Append model v_mix_rgb2yuv_false_Pipeline_VITIS_LOOP_1042_2
INFO-FLOW: Append model v_mix_rgb2yuv_false_s
INFO-FLOW: Append model v_mix_444_to_422_false_Pipeline_VITIS_LOOP_718_2
INFO-FLOW: Append model v_mix_444_to_422_false_s
INFO-FLOW: Append model v_mix_422_to_420_false_Pipeline_VITIS_LOOP_508_2
INFO-FLOW: Append model v_mix_422_to_420_false_s
INFO-FLOW: Append model MultiPixStream2AXIvideo_Pipeline_VITIS_LOOP_3519_3
INFO-FLOW: Append model MultiPixStream2AXIvideo
INFO-FLOW: Append model VMixHlsDataFlowFunction
INFO-FLOW: Append model v_mix
INFO-FLOW: Generating RTL model list ...
INFO-FLOW: All models in this session: design_1_v_mix_0_0_flow_control_loop_pipe_sequential_init design_1_v_mix_0_0_flow_control_loop_pipe_sequential_init design_1_v_mix_0_0_flow_control_loop_pipe_sequential_init design_1_v_mix_0_0_flow_control_loop_pipe_sequential_init design_1_v_mix_0_0_flow_control_loop_pipe_sequential_init design_1_v_mix_0_0_flow_control_loop_pipe_sequential_init design_1_v_mix_0_0_flow_control_loop_pipe_sequential_init design_1_v_mix_0_0_flow_control_loop_pipe_sequential_init design_1_v_mix_0_0_flow_control_loop_pipe_sequential_init design_1_v_mix_0_0_flow_control_loop_pipe_sequential_init design_1_v_mix_0_0_flow_control_loop_pipe_sequential_init design_1_v_mix_0_0_mul_8s_12ns_20_1_1 design_1_v_mix_0_0_mul_8s_11ns_18_1_1 design_1_v_mix_0_0_mul_8s_13ns_21_1_1 design_1_v_mix_0_0_mac_muladd_9ns_8s_18s_18_4_1 design_1_v_mix_0_0_flow_control_loop_pipe_sequential_init design_1_v_mix_0_0_flow_control_loop_pipe_sequential_init design_1_v_mix_0_0_flow_control_loop_pipe_sequential_init design_1_v_mix_0_0_flow_control_loop_pipe_sequential_init design_1_v_mix_0_0_flow_control_loop_pipe_sequential_init design_1_v_mix_0_0_flow_control_loop_pipe_sequential_init design_1_v_mix_0_0_flow_control_loop_pipe_sequential_init design_1_v_mix_0_0_flow_control_loop_pipe_sequential_init design_1_v_mix_0_0_flow_control_loop_pipe_sequential_init design_1_v_mix_0_0_flow_control_loop_pipe_sequential_init design_1_v_mix_0_0_mac_muladd_9s_9ns_16ns_16_4_1 design_1_v_mix_0_0_mac_muladd_9ns_9s_16ns_16_4_1 design_1_v_mix_0_0_flow_control_loop_pipe_sequential_init design_1_v_mix_0_0_flow_control_loop_pipe_sequential_init design_1_v_mix_0_0_flow_control_loop_pipe_sequential_init design_1_v_mix_0_0_flow_control_loop_pipe_sequential_init design_1_v_mix_0_0_flow_control_loop_pipe_sequential_init design_1_v_mix_0_0_fifo_w24_d2_S design_1_v_mix_0_0_fifo_w24_d2_S design_1_v_mix_0_0_fifo_w24_d2_S design_1_v_mix_0_0_fifo_w24_d2_S design_1_v_mix_0_0_fifo_w24_d2_S design_1_v_mix_0_0_fifo_w24_d2_S design_1_v_mix_0_0_fifo_w24_d2_S design_1_v_mix_0_0_fifo_w24_d2_S design_1_v_mix_0_0_fifo_w24_d2_S design_1_v_mix_0_0_fifo_w24_d2_S design_1_v_mix_0_0_fifo_w24_d2_S design_1_v_mix_0_0_fifo_w24_d2_S design_1_v_mix_0_0_fifo_w24_d2_S design_1_v_mix_0_0_fifo_w24_d2_S design_1_v_mix_0_0_fifo_w24_d2_S design_1_v_mix_0_0_fifo_w24_d2_S design_1_v_mix_0_0_fifo_w24_d2_S design_1_v_mix_0_0_fifo_w24_d2_S design_1_v_mix_0_0_fifo_w24_d2_S design_1_v_mix_0_0_start_for_v_mix_420_to_422_false_2_U0 design_1_v_mix_0_0_start_for_v_mix_422_to_444_false_3_U0 design_1_v_mix_0_0_start_for_v_mix_yuv2rgb_false_4_U0 design_1_v_mix_0_0_start_for_v_mix_core_alpha_false_false_U0 design_1_v_mix_0_0_start_for_v_mix_420_to_422_false_6_U0 design_1_v_mix_0_0_start_for_v_mix_422_to_444_true_U0 design_1_v_mix_0_0_start_for_v_mix_yuv2rgb_true_U0 design_1_v_mix_0_0_start_for_v_mix_upsample_false_7_U0 design_1_v_mix_0_0_start_for_v_mix_core_alpha_true_false_U0 design_1_v_mix_0_0_start_for_v_mix_420_to_422_false_U0 design_1_v_mix_0_0_start_for_v_mix_422_to_444_false_U0 design_1_v_mix_0_0_start_for_v_mix_yuv2rgb_false_U0 design_1_v_mix_0_0_start_for_v_mix_upsample_false_U0 design_1_v_mix_0_0_start_for_v_mix_rgb2yuv_false_U0 design_1_v_mix_0_0_start_for_v_mix_444_to_422_false_U0 design_1_v_mix_0_0_start_for_v_mix_422_to_420_false_U0 design_1_v_mix_0_0_start_for_MultiPixStream2AXIvideo_U0 design_1_v_mix_0_0_sparsemux_7_2_16_1_1 design_1_v_mix_0_0_sparsemux_7_2_8_1_1 design_1_v_mix_0_0_bitselect_1ns_32ns_2ns_1_1_1 design_1_v_mix_0_0_CTRL_s_axi design_1_v_mix_0_0_regslice_both design_1_v_mix_0_0_regslice_both design_1_v_mix_0_0_regslice_both design_1_v_mix_0_0_regslice_both design_1_v_mix_0_0_regslice_both design_1_v_mix_0_0_regslice_both design_1_v_mix_0_0_regslice_both design_1_v_mix_0_0_regslice_both design_1_v_mix_0_0_regslice_both design_1_v_mix_0_0_regslice_both design_1_v_mix_0_0_regslice_both design_1_v_mix_0_0_regslice_both design_1_v_mix_0_0_regslice_both design_1_v_mix_0_0_regslice_both design_1_v_mix_0_0_regslice_both design_1_v_mix_0_0_regslice_both design_1_v_mix_0_0_regslice_both design_1_v_mix_0_0_regslice_both design_1_v_mix_0_0_regslice_both design_1_v_mix_0_0_regslice_both design_1_v_mix_0_0_regslice_both design_1_v_mix_0_0_regslice_both design_1_v_mix_0_0_regslice_both design_1_v_mix_0_0_regslice_both design_1_v_mix_0_0_regslice_both design_1_v_mix_0_0_regslice_both design_1_v_mix_0_0_regslice_both design_1_v_mix_0_0_regslice_both reg_unsigned_short_1 AXIvideo2MultiPixStream_1_Pipeline_loop_wait_for_start AXIvideo2MultiPixStream_1_Pipeline_loop_width AXIvideo2MultiPixStream_1_Pipeline_loop_wait_for_eol AXIvideo2MultiPixStream_1 v_mix_420_to_422_false_2_Pipeline_VITIS_LOOP_76_2 v_mix_420_to_422_false_2 v_mix_422_to_444_false_3_Pipeline_VITIS_LOOP_105_2 v_mix_422_to_444_false_3 v_mix_yuv2rgb_false_4_Pipeline_VITIS_LOOP_897_2 v_mix_yuv2rgb_false_4 reg_unsigned_short_s AXIvideo2MultiPixStream_5_Pipeline_loop_wait_for_start AXIvideo2MultiPixStream_5_Pipeline_loop_width AXIvideo2MultiPixStream_5_Pipeline_loop_wait_for_eol AXIvideo2MultiPixStream_5 v_mix_420_to_422_false_6_Pipeline_VITIS_LOOP_76_2 v_mix_420_to_422_false_6 v_mix_422_to_444_true_Pipeline_VITIS_LOOP_161_2 v_mix_422_to_444_true_s v_mix_yuv2rgb_true_Pipeline_VITIS_LOOP_941_2 v_mix_yuv2rgb_true_s v_mix_upsample_false_7_Pipeline_VITIS_LOOP_107_2 v_mix_upsample_false_7 v_mix_core_alpha_false_false_Pipeline_VITIS_LOOP_465_3 v_mix_core_alpha_false_false_s AXIvideo2MultiPixStream_Pipeline_loop_wait_for_start AXIvideo2MultiPixStream_Pipeline_loop_width AXIvideo2MultiPixStream_Pipeline_loop_wait_for_eol AXIvideo2MultiPixStream v_mix_420_to_422_false_Pipeline_VITIS_LOOP_76_2 v_mix_420_to_422_false_s v_mix_422_to_444_false_Pipeline_VITIS_LOOP_105_2 v_mix_422_to_444_false_s v_mix_yuv2rgb_false_Pipeline_VITIS_LOOP_897_2 v_mix_yuv2rgb_false_s v_mix_upsample_false_Pipeline_VITIS_LOOP_107_2 v_mix_upsample_false_s reg_unsigned_short_12 v_mix_core_alpha_true_false_Pipeline_VITIS_LOOP_395_3 v_mix_core_alpha_true_false_s v_mix_rgb2yuv_false_Pipeline_VITIS_LOOP_1042_2 v_mix_rgb2yuv_false_s v_mix_444_to_422_false_Pipeline_VITIS_LOOP_718_2 v_mix_444_to_422_false_s v_mix_422_to_420_false_Pipeline_VITIS_LOOP_508_2 v_mix_422_to_420_false_s MultiPixStream2AXIvideo_Pipeline_VITIS_LOOP_3519_3 MultiPixStream2AXIvideo VMixHlsDataFlowFunction v_mix
INFO-FLOW: Generating /home/e/Documents/research/byotee/OSDZU3_Ref_Design/OSDZU3_Ref_Design.runs/design_1_v_mix_0_0_synth_1/prj/sol/.autopilot/db/autopilot.rtl.models.txt file...
INFO-FLOW: To file: write model design_1_v_mix_0_0_flow_control_loop_pipe_sequential_init
INFO-FLOW: To file: write model design_1_v_mix_0_0_flow_control_loop_pipe_sequential_init
INFO-FLOW: To file: write model design_1_v_mix_0_0_flow_control_loop_pipe_sequential_init
INFO-FLOW: To file: write model design_1_v_mix_0_0_flow_control_loop_pipe_sequential_init
INFO-FLOW: To file: write model design_1_v_mix_0_0_flow_control_loop_pipe_sequential_init
INFO-FLOW: To file: write model design_1_v_mix_0_0_flow_control_loop_pipe_sequential_init
INFO-FLOW: To file: write model design_1_v_mix_0_0_flow_control_loop_pipe_sequential_init
INFO-FLOW: To file: write model design_1_v_mix_0_0_flow_control_loop_pipe_sequential_init
INFO-FLOW: To file: write model design_1_v_mix_0_0_flow_control_loop_pipe_sequential_init
INFO-FLOW: To file: write model design_1_v_mix_0_0_flow_control_loop_pipe_sequential_init
INFO-FLOW: To file: write model design_1_v_mix_0_0_flow_control_loop_pipe_sequential_init
INFO-FLOW: To file: write model design_1_v_mix_0_0_mul_8s_12ns_20_1_1
INFO-FLOW: To file: write model design_1_v_mix_0_0_mul_8s_11ns_18_1_1
INFO-FLOW: To file: write model design_1_v_mix_0_0_mul_8s_13ns_21_1_1
INFO-FLOW: To file: write model design_1_v_mix_0_0_mac_muladd_9ns_8s_18s_18_4_1
INFO-FLOW: To file: write model design_1_v_mix_0_0_flow_control_loop_pipe_sequential_init
INFO-FLOW: To file: write model design_1_v_mix_0_0_flow_control_loop_pipe_sequential_init
INFO-FLOW: To file: write model design_1_v_mix_0_0_flow_control_loop_pipe_sequential_init
INFO-FLOW: To file: write model design_1_v_mix_0_0_flow_control_loop_pipe_sequential_init
INFO-FLOW: To file: write model design_1_v_mix_0_0_flow_control_loop_pipe_sequential_init
INFO-FLOW: To file: write model design_1_v_mix_0_0_flow_control_loop_pipe_sequential_init
INFO-FLOW: To file: write model design_1_v_mix_0_0_flow_control_loop_pipe_sequential_init
INFO-FLOW: To file: write model design_1_v_mix_0_0_flow_control_loop_pipe_sequential_init
INFO-FLOW: To file: write model design_1_v_mix_0_0_flow_control_loop_pipe_sequential_init
INFO-FLOW: To file: write model design_1_v_mix_0_0_flow_control_loop_pipe_sequential_init
INFO-FLOW: To file: write model design_1_v_mix_0_0_mac_muladd_9s_9ns_16ns_16_4_1
INFO-FLOW: To file: write model design_1_v_mix_0_0_mac_muladd_9ns_9s_16ns_16_4_1
INFO-FLOW: To file: write model design_1_v_mix_0_0_flow_control_loop_pipe_sequential_init
INFO-FLOW: To file: write model design_1_v_mix_0_0_flow_control_loop_pipe_sequential_init
INFO-FLOW: To file: write model design_1_v_mix_0_0_flow_control_loop_pipe_sequential_init
INFO-FLOW: To file: write model design_1_v_mix_0_0_flow_control_loop_pipe_sequential_init
INFO-FLOW: To file: write model design_1_v_mix_0_0_flow_control_loop_pipe_sequential_init
INFO-FLOW: To file: write model design_1_v_mix_0_0_fifo_w24_d2_S
INFO-FLOW: To file: write model design_1_v_mix_0_0_fifo_w24_d2_S
INFO-FLOW: To file: write model design_1_v_mix_0_0_fifo_w24_d2_S
INFO-FLOW: To file: write model design_1_v_mix_0_0_fifo_w24_d2_S
INFO-FLOW: To file: write model design_1_v_mix_0_0_fifo_w24_d2_S
INFO-FLOW: To file: write model design_1_v_mix_0_0_fifo_w24_d2_S
INFO-FLOW: To file: write model design_1_v_mix_0_0_fifo_w24_d2_S
INFO-FLOW: To file: write model design_1_v_mix_0_0_fifo_w24_d2_S
INFO-FLOW: To file: write model design_1_v_mix_0_0_fifo_w24_d2_S
INFO-FLOW: To file: write model design_1_v_mix_0_0_fifo_w24_d2_S
INFO-FLOW: To file: write model design_1_v_mix_0_0_fifo_w24_d2_S
INFO-FLOW: To file: write model design_1_v_mix_0_0_fifo_w24_d2_S
INFO-FLOW: To file: write model design_1_v_mix_0_0_fifo_w24_d2_S
INFO-FLOW: To file: write model design_1_v_mix_0_0_fifo_w24_d2_S
INFO-FLOW: To file: write model design_1_v_mix_0_0_fifo_w24_d2_S
INFO-FLOW: To file: write model design_1_v_mix_0_0_fifo_w24_d2_S
INFO-FLOW: To file: write model design_1_v_mix_0_0_fifo_w24_d2_S
INFO-FLOW: To file: write model design_1_v_mix_0_0_fifo_w24_d2_S
INFO-FLOW: To file: write model design_1_v_mix_0_0_fifo_w24_d2_S
INFO-FLOW: To file: write model design_1_v_mix_0_0_start_for_v_mix_420_to_422_false_2_U0
INFO-FLOW: To file: write model design_1_v_mix_0_0_start_for_v_mix_422_to_444_false_3_U0
INFO-FLOW: To file: write model design_1_v_mix_0_0_start_for_v_mix_yuv2rgb_false_4_U0
INFO-FLOW: To file: write model design_1_v_mix_0_0_start_for_v_mix_core_alpha_false_false_U0
INFO-FLOW: To file: write model design_1_v_mix_0_0_start_for_v_mix_420_to_422_false_6_U0
INFO-FLOW: To file: write model design_1_v_mix_0_0_start_for_v_mix_422_to_444_true_U0
INFO-FLOW: To file: write model design_1_v_mix_0_0_start_for_v_mix_yuv2rgb_true_U0
INFO-FLOW: To file: write model design_1_v_mix_0_0_start_for_v_mix_upsample_false_7_U0
INFO-FLOW: To file: write model design_1_v_mix_0_0_start_for_v_mix_core_alpha_true_false_U0
INFO-FLOW: To file: write model design_1_v_mix_0_0_start_for_v_mix_420_to_422_false_U0
INFO-FLOW: To file: write model design_1_v_mix_0_0_start_for_v_mix_422_to_444_false_U0
INFO-FLOW: To file: write model design_1_v_mix_0_0_start_for_v_mix_yuv2rgb_false_U0
INFO-FLOW: To file: write model design_1_v_mix_0_0_start_for_v_mix_upsample_false_U0
INFO-FLOW: To file: write model design_1_v_mix_0_0_start_for_v_mix_rgb2yuv_false_U0
INFO-FLOW: To file: write model design_1_v_mix_0_0_start_for_v_mix_444_to_422_false_U0
INFO-FLOW: To file: write model design_1_v_mix_0_0_start_for_v_mix_422_to_420_false_U0
INFO-FLOW: To file: write model design_1_v_mix_0_0_start_for_MultiPixStream2AXIvideo_U0
INFO-FLOW: To file: write model design_1_v_mix_0_0_sparsemux_7_2_16_1_1
INFO-FLOW: To file: write model design_1_v_mix_0_0_sparsemux_7_2_8_1_1
INFO-FLOW: To file: write model design_1_v_mix_0_0_bitselect_1ns_32ns_2ns_1_1_1
INFO-FLOW: To file: write model design_1_v_mix_0_0_CTRL_s_axi
INFO-FLOW: To file: write model design_1_v_mix_0_0_regslice_both
INFO-FLOW: To file: write model design_1_v_mix_0_0_regslice_both
INFO-FLOW: To file: write model design_1_v_mix_0_0_regslice_both
INFO-FLOW: To file: write model design_1_v_mix_0_0_regslice_both
INFO-FLOW: To file: write model design_1_v_mix_0_0_regslice_both
INFO-FLOW: To file: write model design_1_v_mix_0_0_regslice_both
INFO-FLOW: To file: write model design_1_v_mix_0_0_regslice_both
INFO-FLOW: To file: write model design_1_v_mix_0_0_regslice_both
INFO-FLOW: To file: write model design_1_v_mix_0_0_regslice_both
INFO-FLOW: To file: write model design_1_v_mix_0_0_regslice_both
INFO-FLOW: To file: write model design_1_v_mix_0_0_regslice_both
INFO-FLOW: To file: write model design_1_v_mix_0_0_regslice_both
INFO-FLOW: To file: write model design_1_v_mix_0_0_regslice_both
INFO-FLOW: To file: write model design_1_v_mix_0_0_regslice_both
INFO-FLOW: To file: write model design_1_v_mix_0_0_regslice_both
INFO-FLOW: To file: write model design_1_v_mix_0_0_regslice_both
INFO-FLOW: To file: write model design_1_v_mix_0_0_regslice_both
INFO-FLOW: To file: write model design_1_v_mix_0_0_regslice_both
INFO-FLOW: To file: write model design_1_v_mix_0_0_regslice_both
INFO-FLOW: To file: write model design_1_v_mix_0_0_regslice_both
INFO-FLOW: To file: write model design_1_v_mix_0_0_regslice_both
INFO-FLOW: To file: write model design_1_v_mix_0_0_regslice_both
INFO-FLOW: To file: write model design_1_v_mix_0_0_regslice_both
INFO-FLOW: To file: write model design_1_v_mix_0_0_regslice_both
INFO-FLOW: To file: write model design_1_v_mix_0_0_regslice_both
INFO-FLOW: To file: write model design_1_v_mix_0_0_regslice_both
INFO-FLOW: To file: write model design_1_v_mix_0_0_regslice_both
INFO-FLOW: To file: write model design_1_v_mix_0_0_regslice_both
INFO-FLOW: To file: write model reg_unsigned_short_1
INFO-FLOW: To file: write model AXIvideo2MultiPixStream_1_Pipeline_loop_wait_for_start
INFO-FLOW: To file: write model AXIvideo2MultiPixStream_1_Pipeline_loop_width
INFO-FLOW: To file: write model AXIvideo2MultiPixStream_1_Pipeline_loop_wait_for_eol
INFO-FLOW: To file: write model AXIvideo2MultiPixStream_1
INFO-FLOW: To file: write model v_mix_420_to_422_false_2_Pipeline_VITIS_LOOP_76_2
INFO-FLOW: To file: write model v_mix_420_to_422_false_2
INFO-FLOW: To file: write model v_mix_422_to_444_false_3_Pipeline_VITIS_LOOP_105_2
INFO-FLOW: To file: write model v_mix_422_to_444_false_3
INFO-FLOW: To file: write model v_mix_yuv2rgb_false_4_Pipeline_VITIS_LOOP_897_2
INFO-FLOW: To file: write model v_mix_yuv2rgb_false_4
INFO-FLOW: To file: write model reg_unsigned_short_s
INFO-FLOW: To file: write model AXIvideo2MultiPixStream_5_Pipeline_loop_wait_for_start
INFO-FLOW: To file: write model AXIvideo2MultiPixStream_5_Pipeline_loop_width
INFO-FLOW: To file: write model AXIvideo2MultiPixStream_5_Pipeline_loop_wait_for_eol
INFO-FLOW: To file: write model AXIvideo2MultiPixStream_5
INFO-FLOW: To file: write model v_mix_420_to_422_false_6_Pipeline_VITIS_LOOP_76_2
INFO-FLOW: To file: write model v_mix_420_to_422_false_6
INFO-FLOW: To file: write model v_mix_422_to_444_true_Pipeline_VITIS_LOOP_161_2
INFO-FLOW: To file: write model v_mix_422_to_444_true_s
INFO-FLOW: To file: write model v_mix_yuv2rgb_true_Pipeline_VITIS_LOOP_941_2
INFO-FLOW: To file: write model v_mix_yuv2rgb_true_s
INFO-FLOW: To file: write model v_mix_upsample_false_7_Pipeline_VITIS_LOOP_107_2
INFO-FLOW: To file: write model v_mix_upsample_false_7
INFO-FLOW: To file: write model v_mix_core_alpha_false_false_Pipeline_VITIS_LOOP_465_3
INFO-FLOW: To file: write model v_mix_core_alpha_false_false_s
INFO-FLOW: To file: write model AXIvideo2MultiPixStream_Pipeline_loop_wait_for_start
INFO-FLOW: To file: write model AXIvideo2MultiPixStream_Pipeline_loop_width
INFO-FLOW: To file: write model AXIvideo2MultiPixStream_Pipeline_loop_wait_for_eol
INFO-FLOW: To file: write model AXIvideo2MultiPixStream
INFO-FLOW: To file: write model v_mix_420_to_422_false_Pipeline_VITIS_LOOP_76_2
INFO-FLOW: To file: write model v_mix_420_to_422_false_s
INFO-FLOW: To file: write model v_mix_422_to_444_false_Pipeline_VITIS_LOOP_105_2
INFO-FLOW: To file: write model v_mix_422_to_444_false_s
INFO-FLOW: To file: write model v_mix_yuv2rgb_false_Pipeline_VITIS_LOOP_897_2
INFO-FLOW: To file: write model v_mix_yuv2rgb_false_s
INFO-FLOW: To file: write model v_mix_upsample_false_Pipeline_VITIS_LOOP_107_2
INFO-FLOW: To file: write model v_mix_upsample_false_s
INFO-FLOW: To file: write model reg_unsigned_short_12
INFO-FLOW: To file: write model v_mix_core_alpha_true_false_Pipeline_VITIS_LOOP_395_3
INFO-FLOW: To file: write model v_mix_core_alpha_true_false_s
INFO-FLOW: To file: write model v_mix_rgb2yuv_false_Pipeline_VITIS_LOOP_1042_2
INFO-FLOW: To file: write model v_mix_rgb2yuv_false_s
INFO-FLOW: To file: write model v_mix_444_to_422_false_Pipeline_VITIS_LOOP_718_2
INFO-FLOW: To file: write model v_mix_444_to_422_false_s
INFO-FLOW: To file: write model v_mix_422_to_420_false_Pipeline_VITIS_LOOP_508_2
INFO-FLOW: To file: write model v_mix_422_to_420_false_s
INFO-FLOW: To file: write model MultiPixStream2AXIvideo_Pipeline_VITIS_LOOP_3519_3
INFO-FLOW: To file: write model MultiPixStream2AXIvideo
INFO-FLOW: To file: write model VMixHlsDataFlowFunction
INFO-FLOW: To file: write model v_mix
INFO-FLOW: Generating /home/e/Documents/research/byotee/OSDZU3_Ref_Design/OSDZU3_Ref_Design.runs/design_1_v_mix_0_0_synth_1/prj/sol/.autopilot/db/autopilot.rtl.models.tcl file...
INFO-FLOW: Finished generating RTL model list.


INFO-FLOW: RTL Generation done.
INFO-FLOW: CAS Generation done.
INFO-FLOW: CBC Generation done.
INFO-FLOW: DBG:PROC: ::AESL_AUTOMG::auto_generate_csynth_design
INFO-FLOW: DBG:PUTS: read_platform_lib /home/e/Documents/research/byotee/OSDZU3_Ref_Design/OSDZU3_Ref_Design.runs/design_1_v_mix_0_0_synth_1/prj/sol/.autopilot/db/global.setting.tcl
Execute         source /tools/Xilinx/2025.1/Vitis/common/technology/generic/autopilot/common.gen 
Execute           source /tools/Xilinx/2025.1/Vitis/common/technology/generic/autopilot/APCoreGen.gen 
Execute         source /tools/Xilinx/2025.1/Vitis/common/technology/generic/autopilot/op.gen 
Execute         source /tools/Xilinx/2025.1/Vitis/common/technology/generic/autopilot/op_simcore.gen 
Execute         source /tools/Xilinx/2025.1/Vitis/common/technology/generic/autopilot/interface.gen 
Execute         source /home/e/Documents/research/byotee/OSDZU3_Ref_Design/OSDZU3_Ref_Design.runs/design_1_v_mix_0_0_synth_1/prj/sol/.autopilot/db/global.setting.tcl 
Execute         source /tools/Xilinx/2025.1/Vitis/common/technology/xilinx/common/xilinx.gen 
Execute           source /tools/Xilinx/2025.1/Vitis/common/technology/xilinx/interface/plb46.gen 
Execute           source /tools/Xilinx/2025.1/Vitis/common/technology/xilinx/interface/axi4.gen 
Execute           source /tools/Xilinx/2025.1/Vitis/common/technology/xilinx/interface/nativeAXI4.gen 
Execute             source /tools/Xilinx/2025.1/Vitis/common/technology/xilinx/interface/saxilite.gen 
Execute           source /tools/Xilinx/2025.1/Vitis/common/technology/xilinx/scripts/xilinxcoregen.gen 
Execute           source /tools/Xilinx/2025.1/Vitis/common/technology/xilinx/interface/XilEDKCoreGen.gen 
Execute           source /tools/Xilinx/2025.1/Vitis/common/technology/xilinx/ip/xfft.gen 
Execute           source /tools/Xilinx/2025.1/Vitis/common/technology/xilinx/ip/xfir.gen 
Execute           source /tools/Xilinx/2025.1/Vitis/common/technology/xilinx/ip/util.gen 
Execute           source /tools/Xilinx/2025.1/Vitis/common/technology/xilinx/ip/dds_compiler.gen 
Execute           source /tools/Xilinx/2025.1/Vitis/common/technology/xilinx/DSP48/dsp48.gen 
INFO-FLOW: DBG:PUTS:   using AESL_AUTOCG::g_clock_period=5.000 (was NA)
INFO-FLOW: DBG:PROC: ::AESL_AUTOMG::generate_ip_cores gen_sim_model='1' gen_fp_models='0' gen_for_export='0' dstSCDir='' dstVhdlDir='/home/e/Documents/research/byotee/OSDZU3_Ref_Design/OSDZU3_Ref_Design.runs/design_1_v_mix_0_0_synth_1/prj/sol/.autopilot/db/vhdl' dstVlogDir='/home/e/Documents/research/byotee/OSDZU3_Ref_Design/OSDZU3_Ref_Design.runs/design_1_v_mix_0_0_synth_1/prj/sol/.autopilot/db/vlog' tclDir='/home/e/Documents/research/byotee/OSDZU3_Ref_Design/OSDZU3_Ref_Design.runs/design_1_v_mix_0_0_synth_1/prj/sol/.autopilot/db' modelList='design_1_v_mix_0_0_flow_control_loop_pipe_sequential_init
design_1_v_mix_0_0_flow_control_loop_pipe_sequential_init
design_1_v_mix_0_0_flow_control_loop_pipe_sequential_init
design_1_v_mix_0_0_flow_control_loop_pipe_sequential_init
design_1_v_mix_0_0_flow_control_loop_pipe_sequential_init
design_1_v_mix_0_0_flow_control_loop_pipe_sequential_init
design_1_v_mix_0_0_flow_control_loop_pipe_sequential_init
design_1_v_mix_0_0_flow_control_loop_pipe_sequential_init
design_1_v_mix_0_0_flow_control_loop_pipe_sequential_init
design_1_v_mix_0_0_flow_control_loop_pipe_sequential_init
design_1_v_mix_0_0_flow_control_loop_pipe_sequential_init
design_1_v_mix_0_0_mul_8s_12ns_20_1_1
design_1_v_mix_0_0_mul_8s_11ns_18_1_1
design_1_v_mix_0_0_mul_8s_13ns_21_1_1
design_1_v_mix_0_0_mac_muladd_9ns_8s_18s_18_4_1
design_1_v_mix_0_0_flow_control_loop_pipe_sequential_init
design_1_v_mix_0_0_flow_control_loop_pipe_sequential_init
design_1_v_mix_0_0_flow_control_loop_pipe_sequential_init
design_1_v_mix_0_0_flow_control_loop_pipe_sequential_init
design_1_v_mix_0_0_flow_control_loop_pipe_sequential_init
design_1_v_mix_0_0_flow_control_loop_pipe_sequential_init
design_1_v_mix_0_0_flow_control_loop_pipe_sequential_init
design_1_v_mix_0_0_flow_control_loop_pipe_sequential_init
design_1_v_mix_0_0_flow_control_loop_pipe_sequential_init
design_1_v_mix_0_0_flow_control_loop_pipe_sequential_init
design_1_v_mix_0_0_mac_muladd_9s_9ns_16ns_16_4_1
design_1_v_mix_0_0_mac_muladd_9ns_9s_16ns_16_4_1
design_1_v_mix_0_0_flow_control_loop_pipe_sequential_init
design_1_v_mix_0_0_flow_control_loop_pipe_sequential_init
design_1_v_mix_0_0_flow_control_loop_pipe_sequential_init
design_1_v_mix_0_0_flow_control_loop_pipe_sequential_init
design_1_v_mix_0_0_flow_control_loop_pipe_sequential_init
design_1_v_mix_0_0_fifo_w24_d2_S
design_1_v_mix_0_0_fifo_w24_d2_S
design_1_v_mix_0_0_fifo_w24_d2_S
design_1_v_mix_0_0_fifo_w24_d2_S
design_1_v_mix_0_0_fifo_w24_d2_S
design_1_v_mix_0_0_fifo_w24_d2_S
design_1_v_mix_0_0_fifo_w24_d2_S
design_1_v_mix_0_0_fifo_w24_d2_S
design_1_v_mix_0_0_fifo_w24_d2_S
design_1_v_mix_0_0_fifo_w24_d2_S
design_1_v_mix_0_0_fifo_w24_d2_S
design_1_v_mix_0_0_fifo_w24_d2_S
design_1_v_mix_0_0_fifo_w24_d2_S
design_1_v_mix_0_0_fifo_w24_d2_S
design_1_v_mix_0_0_fifo_w24_d2_S
design_1_v_mix_0_0_fifo_w24_d2_S
design_1_v_mix_0_0_fifo_w24_d2_S
design_1_v_mix_0_0_fifo_w24_d2_S
design_1_v_mix_0_0_fifo_w24_d2_S
design_1_v_mix_0_0_start_for_v_mix_420_to_422_false_2_U0
design_1_v_mix_0_0_start_for_v_mix_422_to_444_false_3_U0
design_1_v_mix_0_0_start_for_v_mix_yuv2rgb_false_4_U0
design_1_v_mix_0_0_start_for_v_mix_core_alpha_false_false_U0
design_1_v_mix_0_0_start_for_v_mix_420_to_422_false_6_U0
design_1_v_mix_0_0_start_for_v_mix_422_to_444_true_U0
design_1_v_mix_0_0_start_for_v_mix_yuv2rgb_true_U0
design_1_v_mix_0_0_start_for_v_mix_upsample_false_7_U0
design_1_v_mix_0_0_start_for_v_mix_core_alpha_true_false_U0
design_1_v_mix_0_0_start_for_v_mix_420_to_422_false_U0
design_1_v_mix_0_0_start_for_v_mix_422_to_444_false_U0
design_1_v_mix_0_0_start_for_v_mix_yuv2rgb_false_U0
design_1_v_mix_0_0_start_for_v_mix_upsample_false_U0
design_1_v_mix_0_0_start_for_v_mix_rgb2yuv_false_U0
design_1_v_mix_0_0_start_for_v_mix_444_to_422_false_U0
design_1_v_mix_0_0_start_for_v_mix_422_to_420_false_U0
design_1_v_mix_0_0_start_for_MultiPixStream2AXIvideo_U0
design_1_v_mix_0_0_sparsemux_7_2_16_1_1
design_1_v_mix_0_0_sparsemux_7_2_8_1_1
design_1_v_mix_0_0_bitselect_1ns_32ns_2ns_1_1_1
design_1_v_mix_0_0_CTRL_s_axi
design_1_v_mix_0_0_regslice_both
design_1_v_mix_0_0_regslice_both
design_1_v_mix_0_0_regslice_both
design_1_v_mix_0_0_regslice_both
design_1_v_mix_0_0_regslice_both
design_1_v_mix_0_0_regslice_both
design_1_v_mix_0_0_regslice_both
design_1_v_mix_0_0_regslice_both
design_1_v_mix_0_0_regslice_both
design_1_v_mix_0_0_regslice_both
design_1_v_mix_0_0_regslice_both
design_1_v_mix_0_0_regslice_both
design_1_v_mix_0_0_regslice_both
design_1_v_mix_0_0_regslice_both
design_1_v_mix_0_0_regslice_both
design_1_v_mix_0_0_regslice_both
design_1_v_mix_0_0_regslice_both
design_1_v_mix_0_0_regslice_both
design_1_v_mix_0_0_regslice_both
design_1_v_mix_0_0_regslice_both
design_1_v_mix_0_0_regslice_both
design_1_v_mix_0_0_regslice_both
design_1_v_mix_0_0_regslice_both
design_1_v_mix_0_0_regslice_both
design_1_v_mix_0_0_regslice_both
design_1_v_mix_0_0_regslice_both
design_1_v_mix_0_0_regslice_both
design_1_v_mix_0_0_regslice_both
reg_unsigned_short_1
AXIvideo2MultiPixStream_1_Pipeline_loop_wait_for_start
AXIvideo2MultiPixStream_1_Pipeline_loop_width
AXIvideo2MultiPixStream_1_Pipeline_loop_wait_for_eol
AXIvideo2MultiPixStream_1
v_mix_420_to_422_false_2_Pipeline_VITIS_LOOP_76_2
v_mix_420_to_422_false_2
v_mix_422_to_444_false_3_Pipeline_VITIS_LOOP_105_2
v_mix_422_to_444_false_3
v_mix_yuv2rgb_false_4_Pipeline_VITIS_LOOP_897_2
v_mix_yuv2rgb_false_4
reg_unsigned_short_s
AXIvideo2MultiPixStream_5_Pipeline_loop_wait_for_start
AXIvideo2MultiPixStream_5_Pipeline_loop_width
AXIvideo2MultiPixStream_5_Pipeline_loop_wait_for_eol
AXIvideo2MultiPixStream_5
v_mix_420_to_422_false_6_Pipeline_VITIS_LOOP_76_2
v_mix_420_to_422_false_6
v_mix_422_to_444_true_Pipeline_VITIS_LOOP_161_2
v_mix_422_to_444_true_s
v_mix_yuv2rgb_true_Pipeline_VITIS_LOOP_941_2
v_mix_yuv2rgb_true_s
v_mix_upsample_false_7_Pipeline_VITIS_LOOP_107_2
v_mix_upsample_false_7
v_mix_core_alpha_false_false_Pipeline_VITIS_LOOP_465_3
v_mix_core_alpha_false_false_s
AXIvideo2MultiPixStream_Pipeline_loop_wait_for_start
AXIvideo2MultiPixStream_Pipeline_loop_width
AXIvideo2MultiPixStream_Pipeline_loop_wait_for_eol
AXIvideo2MultiPixStream
v_mix_420_to_422_false_Pipeline_VITIS_LOOP_76_2
v_mix_420_to_422_false_s
v_mix_422_to_444_false_Pipeline_VITIS_LOOP_105_2
v_mix_422_to_444_false_s
v_mix_yuv2rgb_false_Pipeline_VITIS_LOOP_897_2
v_mix_yuv2rgb_false_s
v_mix_upsample_false_Pipeline_VITIS_LOOP_107_2
v_mix_upsample_false_s
reg_unsigned_short_12
v_mix_core_alpha_true_false_Pipeline_VITIS_LOOP_395_3
v_mix_core_alpha_true_false_s
v_mix_rgb2yuv_false_Pipeline_VITIS_LOOP_1042_2
v_mix_rgb2yuv_false_s
v_mix_444_to_422_false_Pipeline_VITIS_LOOP_718_2
v_mix_444_to_422_false_s
v_mix_422_to_420_false_Pipeline_VITIS_LOOP_508_2
v_mix_422_to_420_false_s
MultiPixStream2AXIvideo_Pipeline_VITIS_LOOP_3519_3
MultiPixStream2AXIvideo
VMixHlsDataFlowFunction
v_mix
' expOnly='0'
Execute         source /home/e/Documents/research/byotee/OSDZU3_Ref_Design/OSDZU3_Ref_Design.runs/design_1_v_mix_0_0_synth_1/prj/sol/.autopilot/db/global.setting.tcl 
Execute         ap_part_info -name xczu3eg-sfvc784-1-e -data names -quiet 
Execute         ap_part_info -name xczu3eg-sfvc784-1-e -data info -quiet 
Execute         source /home/e/Documents/research/byotee/OSDZU3_Ref_Design/OSDZU3_Ref_Design.runs/design_1_v_mix_0_0_synth_1/prj/sol/.autopilot/db/global.setting.tcl 
Execute         source /home/e/Documents/research/byotee/OSDZU3_Ref_Design/OSDZU3_Ref_Design.runs/design_1_v_mix_0_0_synth_1/prj/sol/.autopilot/db/global.setting.tcl 
Execute         source /home/e/Documents/research/byotee/OSDZU3_Ref_Design/OSDZU3_Ref_Design.runs/design_1_v_mix_0_0_synth_1/prj/sol/.autopilot/db/reg_unsigned_short_1.compgen.tcl 
Execute         source /home/e/Documents/research/byotee/OSDZU3_Ref_Design/OSDZU3_Ref_Design.runs/design_1_v_mix_0_0_synth_1/prj/sol/.autopilot/db/AXIvideo2MultiPixStream_1_Pipeline_loop_wait_for_start.compgen.tcl 
Execute         source /home/e/Documents/research/byotee/OSDZU3_Ref_Design/OSDZU3_Ref_Design.runs/design_1_v_mix_0_0_synth_1/prj/sol/.autopilot/db/AXIvideo2MultiPixStream_1_Pipeline_loop_width.compgen.tcl 
Execute         source /home/e/Documents/research/byotee/OSDZU3_Ref_Design/OSDZU3_Ref_Design.runs/design_1_v_mix_0_0_synth_1/prj/sol/.autopilot/db/AXIvideo2MultiPixStream_1_Pipeline_loop_wait_for_eol.compgen.tcl 
Execute         source /home/e/Documents/research/byotee/OSDZU3_Ref_Design/OSDZU3_Ref_Design.runs/design_1_v_mix_0_0_synth_1/prj/sol/.autopilot/db/AXIvideo2MultiPixStream_1.compgen.tcl 
Execute         source /home/e/Documents/research/byotee/OSDZU3_Ref_Design/OSDZU3_Ref_Design.runs/design_1_v_mix_0_0_synth_1/prj/sol/.autopilot/db/v_mix_420_to_422_false_2_Pipeline_VITIS_LOOP_76_2.compgen.tcl 
Execute         source /home/e/Documents/research/byotee/OSDZU3_Ref_Design/OSDZU3_Ref_Design.runs/design_1_v_mix_0_0_synth_1/prj/sol/.autopilot/db/v_mix_420_to_422_false_2.compgen.tcl 
Execute         source /home/e/Documents/research/byotee/OSDZU3_Ref_Design/OSDZU3_Ref_Design.runs/design_1_v_mix_0_0_synth_1/prj/sol/.autopilot/db/v_mix_422_to_444_false_3_Pipeline_VITIS_LOOP_105_2.compgen.tcl 
Execute         source /home/e/Documents/research/byotee/OSDZU3_Ref_Design/OSDZU3_Ref_Design.runs/design_1_v_mix_0_0_synth_1/prj/sol/.autopilot/db/v_mix_422_to_444_false_3.compgen.tcl 
Execute         source /home/e/Documents/research/byotee/OSDZU3_Ref_Design/OSDZU3_Ref_Design.runs/design_1_v_mix_0_0_synth_1/prj/sol/.autopilot/db/v_mix_yuv2rgb_false_4_Pipeline_VITIS_LOOP_897_2.compgen.tcl 
Execute         source /home/e/Documents/research/byotee/OSDZU3_Ref_Design/OSDZU3_Ref_Design.runs/design_1_v_mix_0_0_synth_1/prj/sol/.autopilot/db/v_mix_yuv2rgb_false_4.compgen.tcl 
Execute         source /home/e/Documents/research/byotee/OSDZU3_Ref_Design/OSDZU3_Ref_Design.runs/design_1_v_mix_0_0_synth_1/prj/sol/.autopilot/db/reg_unsigned_short_s.compgen.tcl 
Execute         source /home/e/Documents/research/byotee/OSDZU3_Ref_Design/OSDZU3_Ref_Design.runs/design_1_v_mix_0_0_synth_1/prj/sol/.autopilot/db/AXIvideo2MultiPixStream_5_Pipeline_loop_wait_for_start.compgen.tcl 
Execute         source /home/e/Documents/research/byotee/OSDZU3_Ref_Design/OSDZU3_Ref_Design.runs/design_1_v_mix_0_0_synth_1/prj/sol/.autopilot/db/AXIvideo2MultiPixStream_5_Pipeline_loop_width.compgen.tcl 
Execute         source /home/e/Documents/research/byotee/OSDZU3_Ref_Design/OSDZU3_Ref_Design.runs/design_1_v_mix_0_0_synth_1/prj/sol/.autopilot/db/AXIvideo2MultiPixStream_5_Pipeline_loop_wait_for_eol.compgen.tcl 
Execute         source /home/e/Documents/research/byotee/OSDZU3_Ref_Design/OSDZU3_Ref_Design.runs/design_1_v_mix_0_0_synth_1/prj/sol/.autopilot/db/AXIvideo2MultiPixStream_5.compgen.tcl 
Execute         source /home/e/Documents/research/byotee/OSDZU3_Ref_Design/OSDZU3_Ref_Design.runs/design_1_v_mix_0_0_synth_1/prj/sol/.autopilot/db/v_mix_420_to_422_false_6_Pipeline_VITIS_LOOP_76_2.compgen.tcl 
Execute         source /home/e/Documents/research/byotee/OSDZU3_Ref_Design/OSDZU3_Ref_Design.runs/design_1_v_mix_0_0_synth_1/prj/sol/.autopilot/db/v_mix_420_to_422_false_6.compgen.tcl 
Execute         source /home/e/Documents/research/byotee/OSDZU3_Ref_Design/OSDZU3_Ref_Design.runs/design_1_v_mix_0_0_synth_1/prj/sol/.autopilot/db/v_mix_422_to_444_true_Pipeline_VITIS_LOOP_161_2.compgen.tcl 
Execute         source /home/e/Documents/research/byotee/OSDZU3_Ref_Design/OSDZU3_Ref_Design.runs/design_1_v_mix_0_0_synth_1/prj/sol/.autopilot/db/v_mix_422_to_444_true_s.compgen.tcl 
Execute         source /home/e/Documents/research/byotee/OSDZU3_Ref_Design/OSDZU3_Ref_Design.runs/design_1_v_mix_0_0_synth_1/prj/sol/.autopilot/db/v_mix_yuv2rgb_true_Pipeline_VITIS_LOOP_941_2.compgen.tcl 
Execute         source /home/e/Documents/research/byotee/OSDZU3_Ref_Design/OSDZU3_Ref_Design.runs/design_1_v_mix_0_0_synth_1/prj/sol/.autopilot/db/v_mix_yuv2rgb_true_s.compgen.tcl 
Execute         source /home/e/Documents/research/byotee/OSDZU3_Ref_Design/OSDZU3_Ref_Design.runs/design_1_v_mix_0_0_synth_1/prj/sol/.autopilot/db/v_mix_upsample_false_7_Pipeline_VITIS_LOOP_107_2.compgen.tcl 
Execute         source /home/e/Documents/research/byotee/OSDZU3_Ref_Design/OSDZU3_Ref_Design.runs/design_1_v_mix_0_0_synth_1/prj/sol/.autopilot/db/v_mix_upsample_false_7.compgen.tcl 
Execute         source /home/e/Documents/research/byotee/OSDZU3_Ref_Design/OSDZU3_Ref_Design.runs/design_1_v_mix_0_0_synth_1/prj/sol/.autopilot/db/v_mix_core_alpha_false_false_Pipeline_VITIS_LOOP_465_3.compgen.tcl 
Execute         source /home/e/Documents/research/byotee/OSDZU3_Ref_Design/OSDZU3_Ref_Design.runs/design_1_v_mix_0_0_synth_1/prj/sol/.autopilot/db/v_mix_core_alpha_false_false_s.compgen.tcl 
Execute         source /home/e/Documents/research/byotee/OSDZU3_Ref_Design/OSDZU3_Ref_Design.runs/design_1_v_mix_0_0_synth_1/prj/sol/.autopilot/db/AXIvideo2MultiPixStream_Pipeline_loop_wait_for_start.compgen.tcl 
Execute         source /home/e/Documents/research/byotee/OSDZU3_Ref_Design/OSDZU3_Ref_Design.runs/design_1_v_mix_0_0_synth_1/prj/sol/.autopilot/db/AXIvideo2MultiPixStream_Pipeline_loop_width.compgen.tcl 
Execute         source /home/e/Documents/research/byotee/OSDZU3_Ref_Design/OSDZU3_Ref_Design.runs/design_1_v_mix_0_0_synth_1/prj/sol/.autopilot/db/AXIvideo2MultiPixStream_Pipeline_loop_wait_for_eol.compgen.tcl 
Execute         source /home/e/Documents/research/byotee/OSDZU3_Ref_Design/OSDZU3_Ref_Design.runs/design_1_v_mix_0_0_synth_1/prj/sol/.autopilot/db/AXIvideo2MultiPixStream.compgen.tcl 
Execute         source /home/e/Documents/research/byotee/OSDZU3_Ref_Design/OSDZU3_Ref_Design.runs/design_1_v_mix_0_0_synth_1/prj/sol/.autopilot/db/v_mix_420_to_422_false_Pipeline_VITIS_LOOP_76_2.compgen.tcl 
Execute         source /home/e/Documents/research/byotee/OSDZU3_Ref_Design/OSDZU3_Ref_Design.runs/design_1_v_mix_0_0_synth_1/prj/sol/.autopilot/db/v_mix_420_to_422_false_s.compgen.tcl 
Execute         source /home/e/Documents/research/byotee/OSDZU3_Ref_Design/OSDZU3_Ref_Design.runs/design_1_v_mix_0_0_synth_1/prj/sol/.autopilot/db/v_mix_422_to_444_false_Pipeline_VITIS_LOOP_105_2.compgen.tcl 
Execute         source /home/e/Documents/research/byotee/OSDZU3_Ref_Design/OSDZU3_Ref_Design.runs/design_1_v_mix_0_0_synth_1/prj/sol/.autopilot/db/v_mix_422_to_444_false_s.compgen.tcl 
Execute         source /home/e/Documents/research/byotee/OSDZU3_Ref_Design/OSDZU3_Ref_Design.runs/design_1_v_mix_0_0_synth_1/prj/sol/.autopilot/db/v_mix_yuv2rgb_false_Pipeline_VITIS_LOOP_897_2.compgen.tcl 
Execute         source /home/e/Documents/research/byotee/OSDZU3_Ref_Design/OSDZU3_Ref_Design.runs/design_1_v_mix_0_0_synth_1/prj/sol/.autopilot/db/v_mix_yuv2rgb_false_s.compgen.tcl 
Execute         source /home/e/Documents/research/byotee/OSDZU3_Ref_Design/OSDZU3_Ref_Design.runs/design_1_v_mix_0_0_synth_1/prj/sol/.autopilot/db/v_mix_upsample_false_Pipeline_VITIS_LOOP_107_2.compgen.tcl 
Execute         source /home/e/Documents/research/byotee/OSDZU3_Ref_Design/OSDZU3_Ref_Design.runs/design_1_v_mix_0_0_synth_1/prj/sol/.autopilot/db/v_mix_upsample_false_s.compgen.tcl 
Execute         source /home/e/Documents/research/byotee/OSDZU3_Ref_Design/OSDZU3_Ref_Design.runs/design_1_v_mix_0_0_synth_1/prj/sol/.autopilot/db/reg_unsigned_short_12.compgen.tcl 
Execute         source /home/e/Documents/research/byotee/OSDZU3_Ref_Design/OSDZU3_Ref_Design.runs/design_1_v_mix_0_0_synth_1/prj/sol/.autopilot/db/v_mix_core_alpha_true_false_Pipeline_VITIS_LOOP_395_3.compgen.tcl 
Execute         source /home/e/Documents/research/byotee/OSDZU3_Ref_Design/OSDZU3_Ref_Design.runs/design_1_v_mix_0_0_synth_1/prj/sol/.autopilot/db/v_mix_core_alpha_true_false_s.compgen.tcl 
Execute         source /home/e/Documents/research/byotee/OSDZU3_Ref_Design/OSDZU3_Ref_Design.runs/design_1_v_mix_0_0_synth_1/prj/sol/.autopilot/db/v_mix_rgb2yuv_false_Pipeline_VITIS_LOOP_1042_2.compgen.tcl 
Execute         source /home/e/Documents/research/byotee/OSDZU3_Ref_Design/OSDZU3_Ref_Design.runs/design_1_v_mix_0_0_synth_1/prj/sol/.autopilot/db/v_mix_rgb2yuv_false_s.compgen.tcl 
Execute         source /home/e/Documents/research/byotee/OSDZU3_Ref_Design/OSDZU3_Ref_Design.runs/design_1_v_mix_0_0_synth_1/prj/sol/.autopilot/db/v_mix_444_to_422_false_Pipeline_VITIS_LOOP_718_2.compgen.tcl 
Execute         source /home/e/Documents/research/byotee/OSDZU3_Ref_Design/OSDZU3_Ref_Design.runs/design_1_v_mix_0_0_synth_1/prj/sol/.autopilot/db/v_mix_444_to_422_false_s.compgen.tcl 
Execute         source /home/e/Documents/research/byotee/OSDZU3_Ref_Design/OSDZU3_Ref_Design.runs/design_1_v_mix_0_0_synth_1/prj/sol/.autopilot/db/v_mix_422_to_420_false_Pipeline_VITIS_LOOP_508_2.compgen.tcl 
Execute         source /home/e/Documents/research/byotee/OSDZU3_Ref_Design/OSDZU3_Ref_Design.runs/design_1_v_mix_0_0_synth_1/prj/sol/.autopilot/db/v_mix_422_to_420_false_s.compgen.tcl 
Execute         source /home/e/Documents/research/byotee/OSDZU3_Ref_Design/OSDZU3_Ref_Design.runs/design_1_v_mix_0_0_synth_1/prj/sol/.autopilot/db/MultiPixStream2AXIvideo_Pipeline_VITIS_LOOP_3519_3.compgen.tcl 
Execute         source /home/e/Documents/research/byotee/OSDZU3_Ref_Design/OSDZU3_Ref_Design.runs/design_1_v_mix_0_0_synth_1/prj/sol/.autopilot/db/MultiPixStream2AXIvideo.compgen.tcl 
Execute         source /home/e/Documents/research/byotee/OSDZU3_Ref_Design/OSDZU3_Ref_Design.runs/design_1_v_mix_0_0_synth_1/prj/sol/.autopilot/db/VMixHlsDataFlowFunction.compgen.tcl 
Execute         source /home/e/Documents/research/byotee/OSDZU3_Ref_Design/OSDZU3_Ref_Design.runs/design_1_v_mix_0_0_synth_1/prj/sol/.autopilot/db/v_mix.compgen.tcl 
Execute           source ./design_1_v_mix_0_0_CTRL.slave.tcl 
INFO: [HLS 200-111] Finished Generating all RTL models: CPU user time: 0.26 seconds. CPU system time: 0.07 seconds. Elapsed time: 0.33 seconds; current allocated memory: 884.668 MB.
INFO-FLOW: DBG:PROC: ::HLSREPORTS::create_csynth_xml bind_info_var='bind_info' RtlSubPrefix='design_1_v_mix_0_0_' outfile=''
INFO-FLOW: Running: create_csynth_xml read xml data
INFO-FLOW: Done: create_csynth_xml read xml data time: 0 seconds per iteration
INFO-FLOW: Running: create_csynth_xml bind info
INFO-FLOW: No bind nodes found for module_name reg_unsigned_short_1
INFO-FLOW: No bind nodes found for module_name AXIvideo2MultiPixStream_1_Pipeline_loop_wait_for_start
INFO-FLOW: No bind nodes found for module_name AXIvideo2MultiPixStream_1_Pipeline_loop_wait_for_eol
INFO-FLOW: No bind nodes found for module_name reg_unsigned_short_s
INFO-FLOW: No bind nodes found for module_name AXIvideo2MultiPixStream_5_Pipeline_loop_wait_for_start
INFO-FLOW: No bind nodes found for module_name AXIvideo2MultiPixStream_5_Pipeline_loop_wait_for_eol
INFO-FLOW: No bind nodes found for module_name AXIvideo2MultiPixStream_Pipeline_loop_wait_for_start
INFO-FLOW: No bind nodes found for module_name AXIvideo2MultiPixStream_Pipeline_loop_wait_for_eol
INFO-FLOW: No bind nodes found for module_name reg_unsigned_short_12
INFO-FLOW: Done: create_csynth_xml bind info time: 0 seconds per iteration
INFO-FLOW: Running: create_csynth_xml config info
INFO-FLOW: Done: create_csynth_xml config info time: 0.1 seconds per iteration
INFO-FLOW: Running: create_csynth_xml write xml
INFO-FLOW: Done: create_csynth_xml write xml time: 0 seconds per iteration
INFO-FLOW: DBG:PUTS:      create_csynth_xml wrote csynth_xml=/home/e/Documents/research/byotee/OSDZU3_Ref_Design/OSDZU3_Ref_Design.runs/design_1_v_mix_0_0_synth_1/prj/sol/syn/report/csynth.xml
INFO-FLOW: DBG:PROC: ::AP::DESIGN_DATA::generate_json generate_bd_files='0' generate_xo_files='0' modelList='design_1_v_mix_0_0_flow_control_loop_pipe_sequential_init
design_1_v_mix_0_0_flow_control_loop_pipe_sequential_init
design_1_v_mix_0_0_flow_control_loop_pipe_sequential_init
design_1_v_mix_0_0_flow_control_loop_pipe_sequential_init
design_1_v_mix_0_0_flow_control_loop_pipe_sequential_init
design_1_v_mix_0_0_flow_control_loop_pipe_sequential_init
design_1_v_mix_0_0_flow_control_loop_pipe_sequential_init
design_1_v_mix_0_0_flow_control_loop_pipe_sequential_init
design_1_v_mix_0_0_flow_control_loop_pipe_sequential_init
design_1_v_mix_0_0_flow_control_loop_pipe_sequential_init
design_1_v_mix_0_0_flow_control_loop_pipe_sequential_init
design_1_v_mix_0_0_mul_8s_12ns_20_1_1
design_1_v_mix_0_0_mul_8s_11ns_18_1_1
design_1_v_mix_0_0_mul_8s_13ns_21_1_1
design_1_v_mix_0_0_mac_muladd_9ns_8s_18s_18_4_1
design_1_v_mix_0_0_flow_control_loop_pipe_sequential_init
design_1_v_mix_0_0_flow_control_loop_pipe_sequential_init
design_1_v_mix_0_0_flow_control_loop_pipe_sequential_init
design_1_v_mix_0_0_flow_control_loop_pipe_sequential_init
design_1_v_mix_0_0_flow_control_loop_pipe_sequential_init
design_1_v_mix_0_0_flow_control_loop_pipe_sequential_init
design_1_v_mix_0_0_flow_control_loop_pipe_sequential_init
design_1_v_mix_0_0_flow_control_loop_pipe_sequential_init
design_1_v_mix_0_0_flow_control_loop_pipe_sequential_init
design_1_v_mix_0_0_flow_control_loop_pipe_sequential_init
design_1_v_mix_0_0_mac_muladd_9s_9ns_16ns_16_4_1
design_1_v_mix_0_0_mac_muladd_9ns_9s_16ns_16_4_1
design_1_v_mix_0_0_flow_control_loop_pipe_sequential_init
design_1_v_mix_0_0_flow_control_loop_pipe_sequential_init
design_1_v_mix_0_0_flow_control_loop_pipe_sequential_init
design_1_v_mix_0_0_flow_control_loop_pipe_sequential_init
design_1_v_mix_0_0_flow_control_loop_pipe_sequential_init
design_1_v_mix_0_0_fifo_w24_d2_S
design_1_v_mix_0_0_fifo_w24_d2_S
design_1_v_mix_0_0_fifo_w24_d2_S
design_1_v_mix_0_0_fifo_w24_d2_S
design_1_v_mix_0_0_fifo_w24_d2_S
design_1_v_mix_0_0_fifo_w24_d2_S
design_1_v_mix_0_0_fifo_w24_d2_S
design_1_v_mix_0_0_fifo_w24_d2_S
design_1_v_mix_0_0_fifo_w24_d2_S
design_1_v_mix_0_0_fifo_w24_d2_S
design_1_v_mix_0_0_fifo_w24_d2_S
design_1_v_mix_0_0_fifo_w24_d2_S
design_1_v_mix_0_0_fifo_w24_d2_S
design_1_v_mix_0_0_fifo_w24_d2_S
design_1_v_mix_0_0_fifo_w24_d2_S
design_1_v_mix_0_0_fifo_w24_d2_S
design_1_v_mix_0_0_fifo_w24_d2_S
design_1_v_mix_0_0_fifo_w24_d2_S
design_1_v_mix_0_0_fifo_w24_d2_S
design_1_v_mix_0_0_start_for_v_mix_420_to_422_false_2_U0
design_1_v_mix_0_0_start_for_v_mix_422_to_444_false_3_U0
design_1_v_mix_0_0_start_for_v_mix_yuv2rgb_false_4_U0
design_1_v_mix_0_0_start_for_v_mix_core_alpha_false_false_U0
design_1_v_mix_0_0_start_for_v_mix_420_to_422_false_6_U0
design_1_v_mix_0_0_start_for_v_mix_422_to_444_true_U0
design_1_v_mix_0_0_start_for_v_mix_yuv2rgb_true_U0
design_1_v_mix_0_0_start_for_v_mix_upsample_false_7_U0
design_1_v_mix_0_0_start_for_v_mix_core_alpha_true_false_U0
design_1_v_mix_0_0_start_for_v_mix_420_to_422_false_U0
design_1_v_mix_0_0_start_for_v_mix_422_to_444_false_U0
design_1_v_mix_0_0_start_for_v_mix_yuv2rgb_false_U0
design_1_v_mix_0_0_start_for_v_mix_upsample_false_U0
design_1_v_mix_0_0_start_for_v_mix_rgb2yuv_false_U0
design_1_v_mix_0_0_start_for_v_mix_444_to_422_false_U0
design_1_v_mix_0_0_start_for_v_mix_422_to_420_false_U0
design_1_v_mix_0_0_start_for_MultiPixStream2AXIvideo_U0
design_1_v_mix_0_0_sparsemux_7_2_16_1_1
design_1_v_mix_0_0_sparsemux_7_2_8_1_1
design_1_v_mix_0_0_bitselect_1ns_32ns_2ns_1_1_1
design_1_v_mix_0_0_CTRL_s_axi
design_1_v_mix_0_0_regslice_both
design_1_v_mix_0_0_regslice_both
design_1_v_mix_0_0_regslice_both
design_1_v_mix_0_0_regslice_both
design_1_v_mix_0_0_regslice_both
design_1_v_mix_0_0_regslice_both
design_1_v_mix_0_0_regslice_both
design_1_v_mix_0_0_regslice_both
design_1_v_mix_0_0_regslice_both
design_1_v_mix_0_0_regslice_both
design_1_v_mix_0_0_regslice_both
design_1_v_mix_0_0_regslice_both
design_1_v_mix_0_0_regslice_both
design_1_v_mix_0_0_regslice_both
design_1_v_mix_0_0_regslice_both
design_1_v_mix_0_0_regslice_both
design_1_v_mix_0_0_regslice_both
design_1_v_mix_0_0_regslice_both
design_1_v_mix_0_0_regslice_both
design_1_v_mix_0_0_regslice_both
design_1_v_mix_0_0_regslice_both
design_1_v_mix_0_0_regslice_both
design_1_v_mix_0_0_regslice_both
design_1_v_mix_0_0_regslice_both
design_1_v_mix_0_0_regslice_both
design_1_v_mix_0_0_regslice_both
design_1_v_mix_0_0_regslice_both
design_1_v_mix_0_0_regslice_both
reg_unsigned_short_1
AXIvideo2MultiPixStream_1_Pipeline_loop_wait_for_start
AXIvideo2MultiPixStream_1_Pipeline_loop_width
AXIvideo2MultiPixStream_1_Pipeline_loop_wait_for_eol
AXIvideo2MultiPixStream_1
v_mix_420_to_422_false_2_Pipeline_VITIS_LOOP_76_2
v_mix_420_to_422_false_2
v_mix_422_to_444_false_3_Pipeline_VITIS_LOOP_105_2
v_mix_422_to_444_false_3
v_mix_yuv2rgb_false_4_Pipeline_VITIS_LOOP_897_2
v_mix_yuv2rgb_false_4
reg_unsigned_short_s
AXIvideo2MultiPixStream_5_Pipeline_loop_wait_for_start
AXIvideo2MultiPixStream_5_Pipeline_loop_width
AXIvideo2MultiPixStream_5_Pipeline_loop_wait_for_eol
AXIvideo2MultiPixStream_5
v_mix_420_to_422_false_6_Pipeline_VITIS_LOOP_76_2
v_mix_420_to_422_false_6
v_mix_422_to_444_true_Pipeline_VITIS_LOOP_161_2
v_mix_422_to_444_true_s
v_mix_yuv2rgb_true_Pipeline_VITIS_LOOP_941_2
v_mix_yuv2rgb_true_s
v_mix_upsample_false_7_Pipeline_VITIS_LOOP_107_2
v_mix_upsample_false_7
v_mix_core_alpha_false_false_Pipeline_VITIS_LOOP_465_3
v_mix_core_alpha_false_false_s
AXIvideo2MultiPixStream_Pipeline_loop_wait_for_start
AXIvideo2MultiPixStream_Pipeline_loop_width
AXIvideo2MultiPixStream_Pipeline_loop_wait_for_eol
AXIvideo2MultiPixStream
v_mix_420_to_422_false_Pipeline_VITIS_LOOP_76_2
v_mix_420_to_422_false_s
v_mix_422_to_444_false_Pipeline_VITIS_LOOP_105_2
v_mix_422_to_444_false_s
v_mix_yuv2rgb_false_Pipeline_VITIS_LOOP_897_2
v_mix_yuv2rgb_false_s
v_mix_upsample_false_Pipeline_VITIS_LOOP_107_2
v_mix_upsample_false_s
reg_unsigned_short_12
v_mix_core_alpha_true_false_Pipeline_VITIS_LOOP_395_3
v_mix_core_alpha_true_false_s
v_mix_rgb2yuv_false_Pipeline_VITIS_LOOP_1042_2
v_mix_rgb2yuv_false_s
v_mix_444_to_422_false_Pipeline_VITIS_LOOP_718_2
v_mix_444_to_422_false_s
v_mix_422_to_420_false_Pipeline_VITIS_LOOP_508_2
v_mix_422_to_420_false_s
MultiPixStream2AXIvideo_Pipeline_VITIS_LOOP_3519_3
MultiPixStream2AXIvideo
VMixHlsDataFlowFunction
v_mix
' rtl_lang='both' bootstrap_tcl='false' outdir='' outfilename=''
Execute         source /home/e/Documents/research/byotee/OSDZU3_Ref_Design/OSDZU3_Ref_Design.runs/design_1_v_mix_0_0_synth_1/prj/sol/.autopilot/db/global.setting.tcl 
Execute         source /home/e/Documents/research/byotee/OSDZU3_Ref_Design/OSDZU3_Ref_Design.runs/design_1_v_mix_0_0_synth_1/prj/sol/.autopilot/db/global.setting.tcl 
Execute         source /home/e/Documents/research/byotee/OSDZU3_Ref_Design/OSDZU3_Ref_Design.runs/design_1_v_mix_0_0_synth_1/prj/sol/.autopilot/db/top-io-be.tcl 
Execute         source /home/e/Documents/research/byotee/OSDZU3_Ref_Design/OSDZU3_Ref_Design.runs/design_1_v_mix_0_0_synth_1/prj/sol/.autopilot/db/v_mix.tbgen.tcl 
Execute         source /home/e/Documents/research/byotee/OSDZU3_Ref_Design/OSDZU3_Ref_Design.runs/design_1_v_mix_0_0_synth_1/prj/sol/.autopilot/db/v_mix.compgen.dataonly.tcl 
Execute         source /home/e/Documents/research/byotee/OSDZU3_Ref_Design/OSDZU3_Ref_Design.runs/design_1_v_mix_0_0_synth_1/prj/sol/.autopilot/db/v_mix.compgen.dataonly.tcl 
Execute         source /home/e/Documents/research/byotee/OSDZU3_Ref_Design/OSDZU3_Ref_Design.runs/design_1_v_mix_0_0_synth_1/prj/sol/.autopilot/db/v_mix.rtl_wrap.cfg.tcl 
Execute         source /home/e/Documents/research/byotee/OSDZU3_Ref_Design/OSDZU3_Ref_Design.runs/design_1_v_mix_0_0_synth_1/prj/sol/.autopilot/db/v_mix.compgen.dataonly.tcl 
Execute         source /home/e/Documents/research/byotee/OSDZU3_Ref_Design/OSDZU3_Ref_Design.runs/design_1_v_mix_0_0_synth_1/prj/sol/.autopilot/db/reg_unsigned_short_1.tbgen.tcl 
Execute         source /home/e/Documents/research/byotee/OSDZU3_Ref_Design/OSDZU3_Ref_Design.runs/design_1_v_mix_0_0_synth_1/prj/sol/.autopilot/db/AXIvideo2MultiPixStream_1_Pipeline_loop_wait_for_start.tbgen.tcl 
Execute         source /home/e/Documents/research/byotee/OSDZU3_Ref_Design/OSDZU3_Ref_Design.runs/design_1_v_mix_0_0_synth_1/prj/sol/.autopilot/db/AXIvideo2MultiPixStream_1_Pipeline_loop_width.tbgen.tcl 
Execute         source /home/e/Documents/research/byotee/OSDZU3_Ref_Design/OSDZU3_Ref_Design.runs/design_1_v_mix_0_0_synth_1/prj/sol/.autopilot/db/AXIvideo2MultiPixStream_1_Pipeline_loop_wait_for_eol.tbgen.tcl 
Execute         source /home/e/Documents/research/byotee/OSDZU3_Ref_Design/OSDZU3_Ref_Design.runs/design_1_v_mix_0_0_synth_1/prj/sol/.autopilot/db/AXIvideo2MultiPixStream_1.tbgen.tcl 
Execute         source /home/e/Documents/research/byotee/OSDZU3_Ref_Design/OSDZU3_Ref_Design.runs/design_1_v_mix_0_0_synth_1/prj/sol/.autopilot/db/v_mix_420_to_422_false_2_Pipeline_VITIS_LOOP_76_2.tbgen.tcl 
Execute         source /home/e/Documents/research/byotee/OSDZU3_Ref_Design/OSDZU3_Ref_Design.runs/design_1_v_mix_0_0_synth_1/prj/sol/.autopilot/db/v_mix_420_to_422_false_2.tbgen.tcl 
Execute         source /home/e/Documents/research/byotee/OSDZU3_Ref_Design/OSDZU3_Ref_Design.runs/design_1_v_mix_0_0_synth_1/prj/sol/.autopilot/db/v_mix_422_to_444_false_3_Pipeline_VITIS_LOOP_105_2.tbgen.tcl 
Execute         source /home/e/Documents/research/byotee/OSDZU3_Ref_Design/OSDZU3_Ref_Design.runs/design_1_v_mix_0_0_synth_1/prj/sol/.autopilot/db/v_mix_422_to_444_false_3.tbgen.tcl 
Execute         source /home/e/Documents/research/byotee/OSDZU3_Ref_Design/OSDZU3_Ref_Design.runs/design_1_v_mix_0_0_synth_1/prj/sol/.autopilot/db/v_mix_yuv2rgb_false_4_Pipeline_VITIS_LOOP_897_2.tbgen.tcl 
Execute         source /home/e/Documents/research/byotee/OSDZU3_Ref_Design/OSDZU3_Ref_Design.runs/design_1_v_mix_0_0_synth_1/prj/sol/.autopilot/db/v_mix_yuv2rgb_false_4.tbgen.tcl 
Execute         source /home/e/Documents/research/byotee/OSDZU3_Ref_Design/OSDZU3_Ref_Design.runs/design_1_v_mix_0_0_synth_1/prj/sol/.autopilot/db/reg_unsigned_short_s.tbgen.tcl 
Execute         source /home/e/Documents/research/byotee/OSDZU3_Ref_Design/OSDZU3_Ref_Design.runs/design_1_v_mix_0_0_synth_1/prj/sol/.autopilot/db/AXIvideo2MultiPixStream_5_Pipeline_loop_wait_for_start.tbgen.tcl 
Execute         source /home/e/Documents/research/byotee/OSDZU3_Ref_Design/OSDZU3_Ref_Design.runs/design_1_v_mix_0_0_synth_1/prj/sol/.autopilot/db/AXIvideo2MultiPixStream_5_Pipeline_loop_width.tbgen.tcl 
Execute         source /home/e/Documents/research/byotee/OSDZU3_Ref_Design/OSDZU3_Ref_Design.runs/design_1_v_mix_0_0_synth_1/prj/sol/.autopilot/db/AXIvideo2MultiPixStream_5_Pipeline_loop_wait_for_eol.tbgen.tcl 
Execute         source /home/e/Documents/research/byotee/OSDZU3_Ref_Design/OSDZU3_Ref_Design.runs/design_1_v_mix_0_0_synth_1/prj/sol/.autopilot/db/AXIvideo2MultiPixStream_5.tbgen.tcl 
Execute         source /home/e/Documents/research/byotee/OSDZU3_Ref_Design/OSDZU3_Ref_Design.runs/design_1_v_mix_0_0_synth_1/prj/sol/.autopilot/db/v_mix_420_to_422_false_6_Pipeline_VITIS_LOOP_76_2.tbgen.tcl 
Execute         source /home/e/Documents/research/byotee/OSDZU3_Ref_Design/OSDZU3_Ref_Design.runs/design_1_v_mix_0_0_synth_1/prj/sol/.autopilot/db/v_mix_420_to_422_false_6.tbgen.tcl 
Execute         source /home/e/Documents/research/byotee/OSDZU3_Ref_Design/OSDZU3_Ref_Design.runs/design_1_v_mix_0_0_synth_1/prj/sol/.autopilot/db/v_mix_422_to_444_true_Pipeline_VITIS_LOOP_161_2.tbgen.tcl 
Execute         source /home/e/Documents/research/byotee/OSDZU3_Ref_Design/OSDZU3_Ref_Design.runs/design_1_v_mix_0_0_synth_1/prj/sol/.autopilot/db/v_mix_422_to_444_true_s.tbgen.tcl 
Execute         source /home/e/Documents/research/byotee/OSDZU3_Ref_Design/OSDZU3_Ref_Design.runs/design_1_v_mix_0_0_synth_1/prj/sol/.autopilot/db/v_mix_yuv2rgb_true_Pipeline_VITIS_LOOP_941_2.tbgen.tcl 
Execute         source /home/e/Documents/research/byotee/OSDZU3_Ref_Design/OSDZU3_Ref_Design.runs/design_1_v_mix_0_0_synth_1/prj/sol/.autopilot/db/v_mix_yuv2rgb_true_s.tbgen.tcl 
Execute         source /home/e/Documents/research/byotee/OSDZU3_Ref_Design/OSDZU3_Ref_Design.runs/design_1_v_mix_0_0_synth_1/prj/sol/.autopilot/db/v_mix_upsample_false_7_Pipeline_VITIS_LOOP_107_2.tbgen.tcl 
Execute         source /home/e/Documents/research/byotee/OSDZU3_Ref_Design/OSDZU3_Ref_Design.runs/design_1_v_mix_0_0_synth_1/prj/sol/.autopilot/db/v_mix_upsample_false_7.tbgen.tcl 
Execute         source /home/e/Documents/research/byotee/OSDZU3_Ref_Design/OSDZU3_Ref_Design.runs/design_1_v_mix_0_0_synth_1/prj/sol/.autopilot/db/v_mix_core_alpha_false_false_Pipeline_VITIS_LOOP_465_3.tbgen.tcl 
Execute         source /home/e/Documents/research/byotee/OSDZU3_Ref_Design/OSDZU3_Ref_Design.runs/design_1_v_mix_0_0_synth_1/prj/sol/.autopilot/db/v_mix_core_alpha_false_false_s.tbgen.tcl 
Execute         source /home/e/Documents/research/byotee/OSDZU3_Ref_Design/OSDZU3_Ref_Design.runs/design_1_v_mix_0_0_synth_1/prj/sol/.autopilot/db/AXIvideo2MultiPixStream_Pipeline_loop_wait_for_start.tbgen.tcl 
Execute         source /home/e/Documents/research/byotee/OSDZU3_Ref_Design/OSDZU3_Ref_Design.runs/design_1_v_mix_0_0_synth_1/prj/sol/.autopilot/db/AXIvideo2MultiPixStream_Pipeline_loop_width.tbgen.tcl 
Execute         source /home/e/Documents/research/byotee/OSDZU3_Ref_Design/OSDZU3_Ref_Design.runs/design_1_v_mix_0_0_synth_1/prj/sol/.autopilot/db/AXIvideo2MultiPixStream_Pipeline_loop_wait_for_eol.tbgen.tcl 
Execute         source /home/e/Documents/research/byotee/OSDZU3_Ref_Design/OSDZU3_Ref_Design.runs/design_1_v_mix_0_0_synth_1/prj/sol/.autopilot/db/AXIvideo2MultiPixStream.tbgen.tcl 
Execute         source /home/e/Documents/research/byotee/OSDZU3_Ref_Design/OSDZU3_Ref_Design.runs/design_1_v_mix_0_0_synth_1/prj/sol/.autopilot/db/v_mix_420_to_422_false_Pipeline_VITIS_LOOP_76_2.tbgen.tcl 
Execute         source /home/e/Documents/research/byotee/OSDZU3_Ref_Design/OSDZU3_Ref_Design.runs/design_1_v_mix_0_0_synth_1/prj/sol/.autopilot/db/v_mix_420_to_422_false_s.tbgen.tcl 
Execute         source /home/e/Documents/research/byotee/OSDZU3_Ref_Design/OSDZU3_Ref_Design.runs/design_1_v_mix_0_0_synth_1/prj/sol/.autopilot/db/v_mix_422_to_444_false_Pipeline_VITIS_LOOP_105_2.tbgen.tcl 
Execute         source /home/e/Documents/research/byotee/OSDZU3_Ref_Design/OSDZU3_Ref_Design.runs/design_1_v_mix_0_0_synth_1/prj/sol/.autopilot/db/v_mix_422_to_444_false_s.tbgen.tcl 
Execute         source /home/e/Documents/research/byotee/OSDZU3_Ref_Design/OSDZU3_Ref_Design.runs/design_1_v_mix_0_0_synth_1/prj/sol/.autopilot/db/v_mix_yuv2rgb_false_Pipeline_VITIS_LOOP_897_2.tbgen.tcl 
Execute         source /home/e/Documents/research/byotee/OSDZU3_Ref_Design/OSDZU3_Ref_Design.runs/design_1_v_mix_0_0_synth_1/prj/sol/.autopilot/db/v_mix_yuv2rgb_false_s.tbgen.tcl 
Execute         source /home/e/Documents/research/byotee/OSDZU3_Ref_Design/OSDZU3_Ref_Design.runs/design_1_v_mix_0_0_synth_1/prj/sol/.autopilot/db/v_mix_upsample_false_Pipeline_VITIS_LOOP_107_2.tbgen.tcl 
Execute         source /home/e/Documents/research/byotee/OSDZU3_Ref_Design/OSDZU3_Ref_Design.runs/design_1_v_mix_0_0_synth_1/prj/sol/.autopilot/db/v_mix_upsample_false_s.tbgen.tcl 
Execute         source /home/e/Documents/research/byotee/OSDZU3_Ref_Design/OSDZU3_Ref_Design.runs/design_1_v_mix_0_0_synth_1/prj/sol/.autopilot/db/reg_unsigned_short_12.tbgen.tcl 
Execute         source /home/e/Documents/research/byotee/OSDZU3_Ref_Design/OSDZU3_Ref_Design.runs/design_1_v_mix_0_0_synth_1/prj/sol/.autopilot/db/v_mix_core_alpha_true_false_Pipeline_VITIS_LOOP_395_3.tbgen.tcl 
Execute         source /home/e/Documents/research/byotee/OSDZU3_Ref_Design/OSDZU3_Ref_Design.runs/design_1_v_mix_0_0_synth_1/prj/sol/.autopilot/db/v_mix_core_alpha_true_false_s.tbgen.tcl 
Execute         source /home/e/Documents/research/byotee/OSDZU3_Ref_Design/OSDZU3_Ref_Design.runs/design_1_v_mix_0_0_synth_1/prj/sol/.autopilot/db/v_mix_rgb2yuv_false_Pipeline_VITIS_LOOP_1042_2.tbgen.tcl 
Execute         source /home/e/Documents/research/byotee/OSDZU3_Ref_Design/OSDZU3_Ref_Design.runs/design_1_v_mix_0_0_synth_1/prj/sol/.autopilot/db/v_mix_rgb2yuv_false_s.tbgen.tcl 
Execute         source /home/e/Documents/research/byotee/OSDZU3_Ref_Design/OSDZU3_Ref_Design.runs/design_1_v_mix_0_0_synth_1/prj/sol/.autopilot/db/v_mix_444_to_422_false_Pipeline_VITIS_LOOP_718_2.tbgen.tcl 
Execute         source /home/e/Documents/research/byotee/OSDZU3_Ref_Design/OSDZU3_Ref_Design.runs/design_1_v_mix_0_0_synth_1/prj/sol/.autopilot/db/v_mix_444_to_422_false_s.tbgen.tcl 
Execute         source /home/e/Documents/research/byotee/OSDZU3_Ref_Design/OSDZU3_Ref_Design.runs/design_1_v_mix_0_0_synth_1/prj/sol/.autopilot/db/v_mix_422_to_420_false_Pipeline_VITIS_LOOP_508_2.tbgen.tcl 
Execute         source /home/e/Documents/research/byotee/OSDZU3_Ref_Design/OSDZU3_Ref_Design.runs/design_1_v_mix_0_0_synth_1/prj/sol/.autopilot/db/v_mix_422_to_420_false_s.tbgen.tcl 
Execute         source /home/e/Documents/research/byotee/OSDZU3_Ref_Design/OSDZU3_Ref_Design.runs/design_1_v_mix_0_0_synth_1/prj/sol/.autopilot/db/MultiPixStream2AXIvideo_Pipeline_VITIS_LOOP_3519_3.tbgen.tcl 
Execute         source /home/e/Documents/research/byotee/OSDZU3_Ref_Design/OSDZU3_Ref_Design.runs/design_1_v_mix_0_0_synth_1/prj/sol/.autopilot/db/MultiPixStream2AXIvideo.tbgen.tcl 
Execute         source /home/e/Documents/research/byotee/OSDZU3_Ref_Design/OSDZU3_Ref_Design.runs/design_1_v_mix_0_0_synth_1/prj/sol/.autopilot/db/VMixHlsDataFlowFunction.tbgen.tcl 
Execute         source /home/e/Documents/research/byotee/OSDZU3_Ref_Design/OSDZU3_Ref_Design.runs/design_1_v_mix_0_0_synth_1/prj/sol/.autopilot/db/v_mix.tbgen.tcl 
Execute         source /home/e/Documents/research/byotee/OSDZU3_Ref_Design/OSDZU3_Ref_Design.runs/design_1_v_mix_0_0_synth_1/prj/sol/.autopilot/db/global.setting.tcl 
Execute         ap_part_info -name xczu3eg-sfvc784-1-e -data names -quiet 
Execute         ap_part_info -name xczu3eg-sfvc784-1-e -data info -quiet 
Execute         source /home/e/Documents/research/byotee/OSDZU3_Ref_Design/OSDZU3_Ref_Design.runs/design_1_v_mix_0_0_synth_1/prj/sol/.autopilot/db/v_mix.constraint.tcl 
Execute         sc_get_clocks v_mix 
Execute         source /home/e/Documents/research/byotee/OSDZU3_Ref_Design/OSDZU3_Ref_Design.runs/design_1_v_mix_0_0_synth_1/prj/sol/.autopilot/db/global.setting.tcl 
INFO-FLOW: DBG:PROC: ::HLSREPORTS::add_csynth_report_sections bind_info_dict='adapter_nodes {{BINDTYPE adapter ID {} IMPL {} LATENCY {} OPTYPE {} PRAGMA {} RTLNAME CTRL_s_axi_U SOURCE {} VARIABLE {} LOOP {} BUNDLEDNAME CTRL DSP 0 BRAM 0 URAM 0 STORAGESUBTYPE s_axilite STORAGESIZE {} STORAGEUSAGE interface DISPNAME {bind_adapter }}} cache_nodes {} report_dict {TOPINST v_mix MODULE2INSTS {v_mix v_mix VMixHlsDataFlowFunction grp_VMixHlsDataFlowFunction_fu_500 AXIvideo2MultiPixStream_1 AXIvideo2MultiPixStream_1_U0 reg_unsigned_short_1 {grp_reg_unsigned_short_1_fu_213 grp_reg_unsigned_short_1_fu_219 grp_reg_unsigned_short_1_fu_120 grp_reg_unsigned_short_1_fu_126} AXIvideo2MultiPixStream_1_Pipeline_loop_wait_for_start grp_AXIvideo2MultiPixStream_1_Pipeline_loop_wait_for_start_fu_142 AXIvideo2MultiPixStream_1_Pipeline_loop_width grp_AXIvideo2MultiPixStream_1_Pipeline_loop_width_fu_162 AXIvideo2MultiPixStream_1_Pipeline_loop_wait_for_eol grp_AXIvideo2MultiPixStream_1_Pipeline_loop_wait_for_eol_fu_190 AXIvideo2MultiPixStream_5 AXIvideo2MultiPixStream_5_U0 reg_unsigned_short_s {grp_reg_unsigned_short_s_fu_211 grp_reg_unsigned_short_s_fu_217 grp_reg_unsigned_short_s_fu_211 grp_reg_unsigned_short_s_fu_217} AXIvideo2MultiPixStream_5_Pipeline_loop_wait_for_start grp_AXIvideo2MultiPixStream_5_Pipeline_loop_wait_for_start_fu_140 AXIvideo2MultiPixStream_5_Pipeline_loop_width grp_AXIvideo2MultiPixStream_5_Pipeline_loop_width_fu_160 AXIvideo2MultiPixStream_5_Pipeline_loop_wait_for_eol grp_AXIvideo2MultiPixStream_5_Pipeline_loop_wait_for_eol_fu_188 AXIvideo2MultiPixStream AXIvideo2MultiPixStream_U0 AXIvideo2MultiPixStream_Pipeline_loop_wait_for_start grp_AXIvideo2MultiPixStream_Pipeline_loop_wait_for_start_fu_140 AXIvideo2MultiPixStream_Pipeline_loop_width grp_AXIvideo2MultiPixStream_Pipeline_loop_width_fu_160 AXIvideo2MultiPixStream_Pipeline_loop_wait_for_eol grp_AXIvideo2MultiPixStream_Pipeline_loop_wait_for_eol_fu_188 v_mix_420_to_422_false_2 v_mix_420_to_422_false_2_U0 v_mix_420_to_422_false_2_Pipeline_VITIS_LOOP_76_2 grp_v_mix_420_to_422_false_2_Pipeline_VITIS_LOOP_76_2_fu_74 v_mix_420_to_422_false_6 v_mix_420_to_422_false_6_U0 v_mix_420_to_422_false_6_Pipeline_VITIS_LOOP_76_2 grp_v_mix_420_to_422_false_6_Pipeline_VITIS_LOOP_76_2_fu_70 v_mix_420_to_422_false_s v_mix_420_to_422_false_U0 v_mix_420_to_422_false_Pipeline_VITIS_LOOP_76_2 grp_v_mix_420_to_422_false_Pipeline_VITIS_LOOP_76_2_fu_70 v_mix_422_to_444_false_3 v_mix_422_to_444_false_3_U0 v_mix_422_to_444_false_3_Pipeline_VITIS_LOOP_105_2 grp_v_mix_422_to_444_false_3_Pipeline_VITIS_LOOP_105_2_fu_74 v_mix_422_to_444_true_s v_mix_422_to_444_true_U0 v_mix_422_to_444_true_Pipeline_VITIS_LOOP_161_2 grp_v_mix_422_to_444_true_Pipeline_VITIS_LOOP_161_2_fu_134 v_mix_422_to_444_false_s v_mix_422_to_444_false_U0 v_mix_422_to_444_false_Pipeline_VITIS_LOOP_105_2 grp_v_mix_422_to_444_false_Pipeline_VITIS_LOOP_105_2_fu_70 v_mix_yuv2rgb_false_4 v_mix_yuv2rgb_false_4_U0 v_mix_yuv2rgb_false_4_Pipeline_VITIS_LOOP_897_2 grp_v_mix_yuv2rgb_false_4_Pipeline_VITIS_LOOP_897_2_fu_74 v_mix_yuv2rgb_true_s v_mix_yuv2rgb_true_U0 v_mix_yuv2rgb_true_Pipeline_VITIS_LOOP_941_2 grp_v_mix_yuv2rgb_true_Pipeline_VITIS_LOOP_941_2_fu_70 v_mix_yuv2rgb_false_s v_mix_yuv2rgb_false_U0 v_mix_yuv2rgb_false_Pipeline_VITIS_LOOP_897_2 grp_v_mix_yuv2rgb_false_Pipeline_VITIS_LOOP_897_2_fu_70 v_mix_upsample_false_7 v_mix_upsample_false_7_U0 v_mix_upsample_false_7_Pipeline_VITIS_LOOP_107_2 grp_v_mix_upsample_false_7_Pipeline_VITIS_LOOP_107_2_fu_70 v_mix_upsample_false_s v_mix_upsample_false_U0 v_mix_upsample_false_Pipeline_VITIS_LOOP_107_2 grp_v_mix_upsample_false_Pipeline_VITIS_LOOP_107_2_fu_70 v_mix_core_alpha_false_false_s v_mix_core_alpha_false_false_U0 v_mix_core_alpha_false_false_Pipeline_VITIS_LOOP_465_3 grp_v_mix_core_alpha_false_false_Pipeline_VITIS_LOOP_465_3_fu_146 v_mix_core_alpha_true_false_s v_mix_core_alpha_true_false_U0 reg_unsigned_short_12 grp_reg_unsigned_short_12_fu_168 v_mix_core_alpha_true_false_Pipeline_VITIS_LOOP_395_3 grp_v_mix_core_alpha_true_false_Pipeline_VITIS_LOOP_395_3_fu_148 v_mix_rgb2yuv_false_s v_mix_rgb2yuv_false_U0 v_mix_rgb2yuv_false_Pipeline_VITIS_LOOP_1042_2 grp_v_mix_rgb2yuv_false_Pipeline_VITIS_LOOP_1042_2_fu_62 v_mix_444_to_422_false_s v_mix_444_to_422_false_U0 v_mix_444_to_422_false_Pipeline_VITIS_LOOP_718_2 grp_v_mix_444_to_422_false_Pipeline_VITIS_LOOP_718_2_fu_62 v_mix_422_to_420_false_s v_mix_422_to_420_false_U0 v_mix_422_to_420_false_Pipeline_VITIS_LOOP_508_2 grp_v_mix_422_to_420_false_Pipeline_VITIS_LOOP_508_2_fu_62 MultiPixStream2AXIvideo MultiPixStream2AXIvideo_U0 MultiPixStream2AXIvideo_Pipeline_VITIS_LOOP_3519_3 grp_MultiPixStream2AXIvideo_Pipeline_VITIS_LOOP_3519_3_fu_96} INST2MODULE {v_mix v_mix grp_VMixHlsDataFlowFunction_fu_500 VMixHlsDataFlowFunction AXIvideo2MultiPixStream_1_U0 AXIvideo2MultiPixStream_1 grp_reg_unsigned_short_1_fu_213 reg_unsigned_short_1 grp_reg_unsigned_short_1_fu_219 reg_unsigned_short_1 grp_AXIvideo2MultiPixStream_1_Pipeline_loop_wait_for_start_fu_142 AXIvideo2MultiPixStream_1_Pipeline_loop_wait_for_start grp_AXIvideo2MultiPixStream_1_Pipeline_loop_width_fu_162 AXIvideo2MultiPixStream_1_Pipeline_loop_width grp_AXIvideo2MultiPixStream_1_Pipeline_loop_wait_for_eol_fu_190 AXIvideo2MultiPixStream_1_Pipeline_loop_wait_for_eol AXIvideo2MultiPixStream_5_U0 AXIvideo2MultiPixStream_5 grp_reg_unsigned_short_s_fu_211 reg_unsigned_short_s grp_reg_unsigned_short_s_fu_217 reg_unsigned_short_s grp_AXIvideo2MultiPixStream_5_Pipeline_loop_wait_for_start_fu_140 AXIvideo2MultiPixStream_5_Pipeline_loop_wait_for_start grp_AXIvideo2MultiPixStream_5_Pipeline_loop_width_fu_160 AXIvideo2MultiPixStream_5_Pipeline_loop_width grp_AXIvideo2MultiPixStream_5_Pipeline_loop_wait_for_eol_fu_188 AXIvideo2MultiPixStream_5_Pipeline_loop_wait_for_eol AXIvideo2MultiPixStream_U0 AXIvideo2MultiPixStream grp_AXIvideo2MultiPixStream_Pipeline_loop_wait_for_start_fu_140 AXIvideo2MultiPixStream_Pipeline_loop_wait_for_start grp_AXIvideo2MultiPixStream_Pipeline_loop_width_fu_160 AXIvideo2MultiPixStream_Pipeline_loop_width grp_AXIvideo2MultiPixStream_Pipeline_loop_wait_for_eol_fu_188 AXIvideo2MultiPixStream_Pipeline_loop_wait_for_eol v_mix_420_to_422_false_2_U0 v_mix_420_to_422_false_2 grp_v_mix_420_to_422_false_2_Pipeline_VITIS_LOOP_76_2_fu_74 v_mix_420_to_422_false_2_Pipeline_VITIS_LOOP_76_2 v_mix_420_to_422_false_6_U0 v_mix_420_to_422_false_6 grp_v_mix_420_to_422_false_6_Pipeline_VITIS_LOOP_76_2_fu_70 v_mix_420_to_422_false_6_Pipeline_VITIS_LOOP_76_2 v_mix_420_to_422_false_U0 v_mix_420_to_422_false_s grp_v_mix_420_to_422_false_Pipeline_VITIS_LOOP_76_2_fu_70 v_mix_420_to_422_false_Pipeline_VITIS_LOOP_76_2 v_mix_422_to_444_false_3_U0 v_mix_422_to_444_false_3 grp_v_mix_422_to_444_false_3_Pipeline_VITIS_LOOP_105_2_fu_74 v_mix_422_to_444_false_3_Pipeline_VITIS_LOOP_105_2 v_mix_422_to_444_true_U0 v_mix_422_to_444_true_s grp_v_mix_422_to_444_true_Pipeline_VITIS_LOOP_161_2_fu_134 v_mix_422_to_444_true_Pipeline_VITIS_LOOP_161_2 v_mix_422_to_444_false_U0 v_mix_422_to_444_false_s grp_v_mix_422_to_444_false_Pipeline_VITIS_LOOP_105_2_fu_70 v_mix_422_to_444_false_Pipeline_VITIS_LOOP_105_2 v_mix_yuv2rgb_false_4_U0 v_mix_yuv2rgb_false_4 grp_v_mix_yuv2rgb_false_4_Pipeline_VITIS_LOOP_897_2_fu_74 v_mix_yuv2rgb_false_4_Pipeline_VITIS_LOOP_897_2 v_mix_yuv2rgb_true_U0 v_mix_yuv2rgb_true_s grp_v_mix_yuv2rgb_true_Pipeline_VITIS_LOOP_941_2_fu_70 v_mix_yuv2rgb_true_Pipeline_VITIS_LOOP_941_2 v_mix_yuv2rgb_false_U0 v_mix_yuv2rgb_false_s grp_v_mix_yuv2rgb_false_Pipeline_VITIS_LOOP_897_2_fu_70 v_mix_yuv2rgb_false_Pipeline_VITIS_LOOP_897_2 v_mix_upsample_false_7_U0 v_mix_upsample_false_7 grp_v_mix_upsample_false_7_Pipeline_VITIS_LOOP_107_2_fu_70 v_mix_upsample_false_7_Pipeline_VITIS_LOOP_107_2 v_mix_upsample_false_U0 v_mix_upsample_false_s grp_v_mix_upsample_false_Pipeline_VITIS_LOOP_107_2_fu_70 v_mix_upsample_false_Pipeline_VITIS_LOOP_107_2 v_mix_core_alpha_false_false_U0 v_mix_core_alpha_false_false_s grp_v_mix_core_alpha_false_false_Pipeline_VITIS_LOOP_465_3_fu_146 v_mix_core_alpha_false_false_Pipeline_VITIS_LOOP_465_3 v_mix_core_alpha_true_false_U0 v_mix_core_alpha_true_false_s grp_reg_unsigned_short_12_fu_168 reg_unsigned_short_12 grp_v_mix_core_alpha_true_false_Pipeline_VITIS_LOOP_395_3_fu_148 v_mix_core_alpha_true_false_Pipeline_VITIS_LOOP_395_3 v_mix_rgb2yuv_false_U0 v_mix_rgb2yuv_false_s grp_v_mix_rgb2yuv_false_Pipeline_VITIS_LOOP_1042_2_fu_62 v_mix_rgb2yuv_false_Pipeline_VITIS_LOOP_1042_2 v_mix_444_to_422_false_U0 v_mix_444_to_422_false_s grp_v_mix_444_to_422_false_Pipeline_VITIS_LOOP_718_2_fu_62 v_mix_444_to_422_false_Pipeline_VITIS_LOOP_718_2 v_mix_422_to_420_false_U0 v_mix_422_to_420_false_s grp_v_mix_422_to_420_false_Pipeline_VITIS_LOOP_508_2_fu_62 v_mix_422_to_420_false_Pipeline_VITIS_LOOP_508_2 MultiPixStream2AXIvideo_U0 MultiPixStream2AXIvideo grp_reg_unsigned_short_1_fu_120 reg_unsigned_short_1 grp_reg_unsigned_short_1_fu_126 reg_unsigned_short_1 grp_MultiPixStream2AXIvideo_Pipeline_VITIS_LOOP_3519_3_fu_96 MultiPixStream2AXIvideo_Pipeline_VITIS_LOOP_3519_3} INSTDATA {v_mix {DEPTH 1 CHILDREN grp_VMixHlsDataFlowFunction_fu_500} grp_VMixHlsDataFlowFunction_fu_500 {DEPTH 2 CHILDREN {AXIvideo2MultiPixStream_1_U0 AXIvideo2MultiPixStream_5_U0 AXIvideo2MultiPixStream_U0 v_mix_420_to_422_false_2_U0 v_mix_420_to_422_false_6_U0 v_mix_420_to_422_false_U0 v_mix_422_to_444_false_3_U0 v_mix_422_to_444_true_U0 v_mix_422_to_444_false_U0 v_mix_yuv2rgb_false_4_U0 v_mix_yuv2rgb_true_U0 v_mix_yuv2rgb_false_U0 v_mix_upsample_false_7_U0 v_mix_upsample_false_U0 v_mix_core_alpha_false_false_U0 v_mix_core_alpha_true_false_U0 v_mix_rgb2yuv_false_U0 v_mix_444_to_422_false_U0 v_mix_422_to_420_false_U0 MultiPixStream2AXIvideo_U0}} AXIvideo2MultiPixStream_1_U0 {DEPTH 3 CHILDREN {grp_reg_unsigned_short_1_fu_213 grp_reg_unsigned_short_1_fu_219 grp_AXIvideo2MultiPixStream_1_Pipeline_loop_wait_for_start_fu_142 grp_AXIvideo2MultiPixStream_1_Pipeline_loop_width_fu_162 grp_AXIvideo2MultiPixStream_1_Pipeline_loop_wait_for_eol_fu_190}} grp_reg_unsigned_short_1_fu_213 {DEPTH 4 CHILDREN {}} grp_reg_unsigned_short_1_fu_219 {DEPTH 4 CHILDREN {}} grp_AXIvideo2MultiPixStream_1_Pipeline_loop_wait_for_start_fu_142 {DEPTH 4 CHILDREN {}} grp_AXIvideo2MultiPixStream_1_Pipeline_loop_width_fu_162 {DEPTH 4 CHILDREN {}} grp_AXIvideo2MultiPixStream_1_Pipeline_loop_wait_for_eol_fu_190 {DEPTH 4 CHILDREN {}} AXIvideo2MultiPixStream_5_U0 {DEPTH 3 CHILDREN {grp_reg_unsigned_short_s_fu_211 grp_reg_unsigned_short_s_fu_217 grp_AXIvideo2MultiPixStream_5_Pipeline_loop_wait_for_start_fu_140 grp_AXIvideo2MultiPixStream_5_Pipeline_loop_width_fu_160 grp_AXIvideo2MultiPixStream_5_Pipeline_loop_wait_for_eol_fu_188}} grp_reg_unsigned_short_s_fu_211 {DEPTH 4 CHILDREN {}} grp_reg_unsigned_short_s_fu_217 {DEPTH 4 CHILDREN {}} grp_AXIvideo2MultiPixStream_5_Pipeline_loop_wait_for_start_fu_140 {DEPTH 4 CHILDREN {}} grp_AXIvideo2MultiPixStream_5_Pipeline_loop_width_fu_160 {DEPTH 4 CHILDREN {}} grp_AXIvideo2MultiPixStream_5_Pipeline_loop_wait_for_eol_fu_188 {DEPTH 4 CHILDREN {}} AXIvideo2MultiPixStream_U0 {DEPTH 3 CHILDREN {grp_reg_unsigned_short_s_fu_211 grp_reg_unsigned_short_s_fu_217 grp_AXIvideo2MultiPixStream_Pipeline_loop_wait_for_start_fu_140 grp_AXIvideo2MultiPixStream_Pipeline_loop_width_fu_160 grp_AXIvideo2MultiPixStream_Pipeline_loop_wait_for_eol_fu_188}} grp_AXIvideo2MultiPixStream_Pipeline_loop_wait_for_start_fu_140 {DEPTH 4 CHILDREN {}} grp_AXIvideo2MultiPixStream_Pipeline_loop_width_fu_160 {DEPTH 4 CHILDREN {}} grp_AXIvideo2MultiPixStream_Pipeline_loop_wait_for_eol_fu_188 {DEPTH 4 CHILDREN {}} v_mix_420_to_422_false_2_U0 {DEPTH 3 CHILDREN grp_v_mix_420_to_422_false_2_Pipeline_VITIS_LOOP_76_2_fu_74} grp_v_mix_420_to_422_false_2_Pipeline_VITIS_LOOP_76_2_fu_74 {DEPTH 4 CHILDREN {}} v_mix_420_to_422_false_6_U0 {DEPTH 3 CHILDREN grp_v_mix_420_to_422_false_6_Pipeline_VITIS_LOOP_76_2_fu_70} grp_v_mix_420_to_422_false_6_Pipeline_VITIS_LOOP_76_2_fu_70 {DEPTH 4 CHILDREN {}} v_mix_420_to_422_false_U0 {DEPTH 3 CHILDREN grp_v_mix_420_to_422_false_Pipeline_VITIS_LOOP_76_2_fu_70} grp_v_mix_420_to_422_false_Pipeline_VITIS_LOOP_76_2_fu_70 {DEPTH 4 CHILDREN {}} v_mix_422_to_444_false_3_U0 {DEPTH 3 CHILDREN grp_v_mix_422_to_444_false_3_Pipeline_VITIS_LOOP_105_2_fu_74} grp_v_mix_422_to_444_false_3_Pipeline_VITIS_LOOP_105_2_fu_74 {DEPTH 4 CHILDREN {}} v_mix_422_to_444_true_U0 {DEPTH 3 CHILDREN grp_v_mix_422_to_444_true_Pipeline_VITIS_LOOP_161_2_fu_134} grp_v_mix_422_to_444_true_Pipeline_VITIS_LOOP_161_2_fu_134 {DEPTH 4 CHILDREN {}} v_mix_422_to_444_false_U0 {DEPTH 3 CHILDREN grp_v_mix_422_to_444_false_Pipeline_VITIS_LOOP_105_2_fu_70} grp_v_mix_422_to_444_false_Pipeline_VITIS_LOOP_105_2_fu_70 {DEPTH 4 CHILDREN {}} v_mix_yuv2rgb_false_4_U0 {DEPTH 3 CHILDREN grp_v_mix_yuv2rgb_false_4_Pipeline_VITIS_LOOP_897_2_fu_74} grp_v_mix_yuv2rgb_false_4_Pipeline_VITIS_LOOP_897_2_fu_74 {DEPTH 4 CHILDREN {}} v_mix_yuv2rgb_true_U0 {DEPTH 3 CHILDREN grp_v_mix_yuv2rgb_true_Pipeline_VITIS_LOOP_941_2_fu_70} grp_v_mix_yuv2rgb_true_Pipeline_VITIS_LOOP_941_2_fu_70 {DEPTH 4 CHILDREN {}} v_mix_yuv2rgb_false_U0 {DEPTH 3 CHILDREN grp_v_mix_yuv2rgb_false_Pipeline_VITIS_LOOP_897_2_fu_70} grp_v_mix_yuv2rgb_false_Pipeline_VITIS_LOOP_897_2_fu_70 {DEPTH 4 CHILDREN {}} v_mix_upsample_false_7_U0 {DEPTH 3 CHILDREN grp_v_mix_upsample_false_7_Pipeline_VITIS_LOOP_107_2_fu_70} grp_v_mix_upsample_false_7_Pipeline_VITIS_LOOP_107_2_fu_70 {DEPTH 4 CHILDREN {}} v_mix_upsample_false_U0 {DEPTH 3 CHILDREN grp_v_mix_upsample_false_Pipeline_VITIS_LOOP_107_2_fu_70} grp_v_mix_upsample_false_Pipeline_VITIS_LOOP_107_2_fu_70 {DEPTH 4 CHILDREN {}} v_mix_core_alpha_false_false_U0 {DEPTH 3 CHILDREN grp_v_mix_core_alpha_false_false_Pipeline_VITIS_LOOP_465_3_fu_146} grp_v_mix_core_alpha_false_false_Pipeline_VITIS_LOOP_465_3_fu_146 {DEPTH 4 CHILDREN {}} v_mix_core_alpha_true_false_U0 {DEPTH 3 CHILDREN {grp_reg_unsigned_short_12_fu_168 grp_v_mix_core_alpha_true_false_Pipeline_VITIS_LOOP_395_3_fu_148}} grp_reg_unsigned_short_12_fu_168 {DEPTH 4 CHILDREN {}} grp_v_mix_core_alpha_true_false_Pipeline_VITIS_LOOP_395_3_fu_148 {DEPTH 4 CHILDREN {}} v_mix_rgb2yuv_false_U0 {DEPTH 3 CHILDREN grp_v_mix_rgb2yuv_false_Pipeline_VITIS_LOOP_1042_2_fu_62} grp_v_mix_rgb2yuv_false_Pipeline_VITIS_LOOP_1042_2_fu_62 {DEPTH 4 CHILDREN {}} v_mix_444_to_422_false_U0 {DEPTH 3 CHILDREN grp_v_mix_444_to_422_false_Pipeline_VITIS_LOOP_718_2_fu_62} grp_v_mix_444_to_422_false_Pipeline_VITIS_LOOP_718_2_fu_62 {DEPTH 4 CHILDREN {}} v_mix_422_to_420_false_U0 {DEPTH 3 CHILDREN grp_v_mix_422_to_420_false_Pipeline_VITIS_LOOP_508_2_fu_62} grp_v_mix_422_to_420_false_Pipeline_VITIS_LOOP_508_2_fu_62 {DEPTH 4 CHILDREN {}} MultiPixStream2AXIvideo_U0 {DEPTH 3 CHILDREN {grp_reg_unsigned_short_1_fu_120 grp_reg_unsigned_short_1_fu_126 grp_MultiPixStream2AXIvideo_Pipeline_VITIS_LOOP_3519_3_fu_96}} grp_reg_unsigned_short_1_fu_120 {DEPTH 4 CHILDREN {}} grp_reg_unsigned_short_1_fu_126 {DEPTH 4 CHILDREN {}} grp_MultiPixStream2AXIvideo_Pipeline_VITIS_LOOP_3519_3_fu_96 {DEPTH 4 CHILDREN {}}} MODULEDATA {AXIvideo2MultiPixStream_1_Pipeline_loop_width {BINDINFO {{BINDTYPE op ID {} IMPL auto LATENCY 0 OPTYPE seteq PRAGMA {} RTLNAME icmp_ln3391_fu_202_p2 SOURCE /home/e/Documents/research/byotee/OSDZU3_Ref_Design/OSDZU3_Ref_Design.runs/design_1_v_mix_0_0_synth_1/prj/sol/.autopilot/db/v_mix.cpp:3391 VARIABLE icmp_ln3391 LOOP loop_width BUNDLEDNAME {} DSP 0 BRAM 0 URAM 0 STORAGESUBTYPE {} DISPNAME {bind_op seteq} VISIBLE false} {BINDTYPE op ID {} IMPL fabric LATENCY 0 OPTYPE add PRAGMA {} RTLNAME j_8_fu_208_p2 SOURCE /home/e/Documents/research/byotee/OSDZU3_Ref_Design/OSDZU3_Ref_Design.runs/design_1_v_mix_0_0_synth_1/prj/sol/.autopilot/db/v_mix.cpp:3391 VARIABLE j_8 LOOP loop_width BUNDLEDNAME {} DSP 0 BRAM 0 URAM 0 STORAGESUBTYPE {} DISPNAME {bind_op add} VISIBLE true} {BINDTYPE op ID {} IMPL auto LATENCY 0 OPTYPE or PRAGMA {} RTLNAME or_ln3395_fu_219_p2 SOURCE /home/e/Documents/research/byotee/OSDZU3_Ref_Design/OSDZU3_Ref_Design.runs/design_1_v_mix_0_0_synth_1/prj/sol/.autopilot/db/v_mix.cpp:3395 VARIABLE or_ln3395 LOOP loop_width BUNDLEDNAME {} DSP 0 BRAM 0 URAM 0 STORAGESUBTYPE {} DISPNAME {bind_op or} VISIBLE false}} AREA {DSP 0 BRAM 0 URAM 0}} AXIvideo2MultiPixStream_1 {BINDINFO {{BINDTYPE op ID {} IMPL auto LATENCY 0 OPTYPE setne PRAGMA {} RTLNAME cmp10403_fu_271_p2 SOURCE /home/e/Documents/research/byotee/OSDZU3_Ref_Design/OSDZU3_Ref_Design.runs/design_1_v_mix_0_0_synth_1/prj/sol/.autopilot/db/v_mix.cpp:3367 VARIABLE cmp10403 LOOP {} BUNDLEDNAME {} DSP 0 BRAM 0 URAM 0 STORAGESUBTYPE {} DISPNAME {bind_op setne} VISIBLE false} {BINDTYPE op ID {} IMPL auto LATENCY 0 OPTYPE xor PRAGMA {} RTLNAME xor_ln3436_fu_276_p2 SOURCE /home/e/Documents/research/byotee/OSDZU3_Ref_Design/OSDZU3_Ref_Design.runs/design_1_v_mix_0_0_synth_1/prj/sol/.autopilot/db/v_mix.cpp:3436 VARIABLE xor_ln3436 LOOP {} BUNDLEDNAME {} DSP 0 BRAM 0 URAM 0 STORAGESUBTYPE {} DISPNAME {bind_op xor} VISIBLE false} {BINDTYPE op ID {} IMPL auto LATENCY 0 OPTYPE seteq PRAGMA {} RTLNAME icmp_ln3387_fu_285_p2 SOURCE /home/e/Documents/research/byotee/OSDZU3_Ref_Design/OSDZU3_Ref_Design.runs/design_1_v_mix_0_0_synth_1/prj/sol/.autopilot/db/v_mix.cpp:3387 VARIABLE icmp_ln3387 LOOP loop_height BUNDLEDNAME {} DSP 0 BRAM 0 URAM 0 STORAGESUBTYPE {} DISPNAME {bind_op seteq} VISIBLE false} {BINDTYPE op ID {} IMPL fabric LATENCY 0 OPTYPE add PRAGMA {} RTLNAME i_6_fu_290_p2 SOURCE /home/e/Documents/research/byotee/OSDZU3_Ref_Design/OSDZU3_Ref_Design.runs/design_1_v_mix_0_0_synth_1/prj/sol/.autopilot/db/v_mix.cpp:3387 VARIABLE i_6 LOOP loop_height BUNDLEDNAME {} DSP 0 BRAM 0 URAM 0 STORAGESUBTYPE {} DISPNAME {bind_op add} VISIBLE true} {BINDTYPE op ID {} IMPL auto_sel LATENCY 0 OPTYPE select PRAGMA {} RTLNAME select_ln3436_fu_356_p3 SOURCE /home/e/Documents/research/byotee/OSDZU3_Ref_Design/OSDZU3_Ref_Design.runs/design_1_v_mix_0_0_synth_1/prj/sol/.autopilot/db/v_mix.cpp:3436 VARIABLE select_ln3436 LOOP loop_height BUNDLEDNAME {} DSP 0 BRAM 0 URAM 0 STORAGESUBTYPE {} DISPNAME {bind_op select} VISIBLE false} {BINDTYPE op ID {} IMPL auto LATENCY 0 OPTYPE and PRAGMA {} RTLNAME and_ln3436_fu_300_p2 SOURCE /home/e/Documents/research/byotee/OSDZU3_Ref_Design/OSDZU3_Ref_Design.runs/design_1_v_mix_0_0_synth_1/prj/sol/.autopilot/db/v_mix.cpp:3436 VARIABLE and_ln3436 LOOP loop_height BUNDLEDNAME {} DSP 0 BRAM 0 URAM 0 STORAGESUBTYPE {} DISPNAME {bind_op and} VISIBLE false}} AREA {DSP 0 BRAM 0 URAM 0}} v_mix_420_to_422_false_2_Pipeline_VITIS_LOOP_76_2 {BINDINFO {{BINDTYPE op ID {} IMPL auto LATENCY 0 OPTYPE seteq PRAGMA {} RTLNAME icmp_ln76_fu_80_p2 SOURCE /home/e/Documents/research/byotee/OSDZU3_Ref_Design/OSDZU3_Ref_Design.runs/design_1_v_mix_0_0_synth_1/prj/sol/.autopilot/db/v_csc.cpp:76 VARIABLE icmp_ln76 LOOP VITIS_LOOP_76_2 BUNDLEDNAME {} DSP 0 BRAM 0 URAM 0 STORAGESUBTYPE {} DISPNAME {bind_op seteq} VISIBLE false} {BINDTYPE op ID {} IMPL fabric LATENCY 0 OPTYPE add PRAGMA {} RTLNAME x_24_fu_86_p2 SOURCE /home/e/Documents/research/byotee/OSDZU3_Ref_Design/OSDZU3_Ref_Design.runs/design_1_v_mix_0_0_synth_1/prj/sol/.autopilot/db/v_csc.cpp:76 VARIABLE x_24 LOOP VITIS_LOOP_76_2 BUNDLEDNAME {} DSP 0 BRAM 0 URAM 0 STORAGESUBTYPE {} DISPNAME {bind_op add} VISIBLE true}} AREA {DSP 0 BRAM 0 URAM 0}} v_mix_420_to_422_false_2 {BINDINFO {{BINDTYPE op ID {} IMPL auto LATENCY 0 OPTYPE seteq PRAGMA {} RTLNAME icmp_ln74_fu_91_p2 SOURCE /home/e/Documents/research/byotee/OSDZU3_Ref_Design/OSDZU3_Ref_Design.runs/design_1_v_mix_0_0_synth_1/prj/sol/.autopilot/db/v_csc.cpp:74 VARIABLE icmp_ln74 LOOP VITIS_LOOP_74_1 BUNDLEDNAME {} DSP 0 BRAM 0 URAM 0 STORAGESUBTYPE {} DISPNAME {bind_op seteq} VISIBLE false} {BINDTYPE op ID {} IMPL fabric LATENCY 0 OPTYPE add PRAGMA {} RTLNAME y_22_fu_96_p2 SOURCE /home/e/Documents/research/byotee/OSDZU3_Ref_Design/OSDZU3_Ref_Design.runs/design_1_v_mix_0_0_synth_1/prj/sol/.autopilot/db/v_csc.cpp:74 VARIABLE y_22 LOOP VITIS_LOOP_74_1 BUNDLEDNAME {} DSP 0 BRAM 0 URAM 0 STORAGESUBTYPE {} DISPNAME {bind_op add} VISIBLE true}} AREA {DSP 0 BRAM 0 URAM 0}} v_mix_422_to_444_false_3_Pipeline_VITIS_LOOP_105_2 {BINDINFO {{BINDTYPE op ID {} IMPL auto LATENCY 0 OPTYPE seteq PRAGMA {} RTLNAME icmp_ln105_fu_80_p2 SOURCE /home/e/Documents/research/byotee/OSDZU3_Ref_Design/OSDZU3_Ref_Design.runs/design_1_v_mix_0_0_synth_1/prj/sol/.autopilot/db/v_csc.cpp:105 VARIABLE icmp_ln105 LOOP VITIS_LOOP_105_2 BUNDLEDNAME {} DSP 0 BRAM 0 URAM 0 STORAGESUBTYPE {} DISPNAME {bind_op seteq} VISIBLE false} {BINDTYPE op ID {} IMPL fabric LATENCY 0 OPTYPE add PRAGMA {} RTLNAME x_18_fu_86_p2 SOURCE /home/e/Documents/research/byotee/OSDZU3_Ref_Design/OSDZU3_Ref_Design.runs/design_1_v_mix_0_0_synth_1/prj/sol/.autopilot/db/v_csc.cpp:105 VARIABLE x_18 LOOP VITIS_LOOP_105_2 BUNDLEDNAME {} DSP 0 BRAM 0 URAM 0 STORAGESUBTYPE {} DISPNAME {bind_op add} VISIBLE true}} AREA {DSP 0 BRAM 0 URAM 0}} v_mix_422_to_444_false_3 {BINDINFO {{BINDTYPE op ID {} IMPL auto LATENCY 0 OPTYPE seteq PRAGMA {} RTLNAME icmp_ln103_fu_91_p2 SOURCE /home/e/Documents/research/byotee/OSDZU3_Ref_Design/OSDZU3_Ref_Design.runs/design_1_v_mix_0_0_synth_1/prj/sol/.autopilot/db/v_csc.cpp:103 VARIABLE icmp_ln103 LOOP VITIS_LOOP_103_1 BUNDLEDNAME {} DSP 0 BRAM 0 URAM 0 STORAGESUBTYPE {} DISPNAME {bind_op seteq} VISIBLE false} {BINDTYPE op ID {} IMPL fabric LATENCY 0 OPTYPE add PRAGMA {} RTLNAME y_16_fu_96_p2 SOURCE /home/e/Documents/research/byotee/OSDZU3_Ref_Design/OSDZU3_Ref_Design.runs/design_1_v_mix_0_0_synth_1/prj/sol/.autopilot/db/v_csc.cpp:103 VARIABLE y_16 LOOP VITIS_LOOP_103_1 BUNDLEDNAME {} DSP 0 BRAM 0 URAM 0 STORAGESUBTYPE {} DISPNAME {bind_op add} VISIBLE true}} AREA {DSP 0 BRAM 0 URAM 0}} v_mix_yuv2rgb_false_4_Pipeline_VITIS_LOOP_897_2 {BINDINFO {{BINDTYPE op ID {} IMPL auto LATENCY 0 OPTYPE seteq PRAGMA {} RTLNAME icmp_ln897_fu_80_p2 SOURCE /home/e/Documents/research/byotee/OSDZU3_Ref_Design/OSDZU3_Ref_Design.runs/design_1_v_mix_0_0_synth_1/prj/sol/.autopilot/db/v_csc.cpp:897 VARIABLE icmp_ln897 LOOP VITIS_LOOP_897_2 BUNDLEDNAME {} DSP 0 BRAM 0 URAM 0 STORAGESUBTYPE {} DISPNAME {bind_op seteq} VISIBLE false} {BINDTYPE op ID {} IMPL fabric LATENCY 0 OPTYPE add PRAGMA {} RTLNAME x_6_fu_86_p2 SOURCE /home/e/Documents/research/byotee/OSDZU3_Ref_Design/OSDZU3_Ref_Design.runs/design_1_v_mix_0_0_synth_1/prj/sol/.autopilot/db/v_csc.cpp:897 VARIABLE x_6 LOOP VITIS_LOOP_897_2 BUNDLEDNAME {} DSP 0 BRAM 0 URAM 0 STORAGESUBTYPE {} DISPNAME {bind_op add} VISIBLE true}} AREA {DSP 0 BRAM 0 URAM 0}} v_mix_yuv2rgb_false_4 {BINDINFO {{BINDTYPE op ID {} IMPL auto LATENCY 0 OPTYPE seteq PRAGMA {} RTLNAME icmp_ln895_fu_91_p2 SOURCE /home/e/Documents/research/byotee/OSDZU3_Ref_Design/OSDZU3_Ref_Design.runs/design_1_v_mix_0_0_synth_1/prj/sol/.autopilot/db/v_csc.cpp:895 VARIABLE icmp_ln895 LOOP VITIS_LOOP_895_1 BUNDLEDNAME {} DSP 0 BRAM 0 URAM 0 STORAGESUBTYPE {} DISPNAME {bind_op seteq} VISIBLE false} {BINDTYPE op ID {} IMPL fabric LATENCY 0 OPTYPE add PRAGMA {} RTLNAME y_4_fu_96_p2 SOURCE /home/e/Documents/research/byotee/OSDZU3_Ref_Design/OSDZU3_Ref_Design.runs/design_1_v_mix_0_0_synth_1/prj/sol/.autopilot/db/v_csc.cpp:895 VARIABLE y_4 LOOP VITIS_LOOP_895_1 BUNDLEDNAME {} DSP 0 BRAM 0 URAM 0 STORAGESUBTYPE {} DISPNAME {bind_op add} VISIBLE true}} AREA {DSP 0 BRAM 0 URAM 0}} AXIvideo2MultiPixStream_5_Pipeline_loop_width {BINDINFO {{BINDTYPE op ID {} IMPL auto LATENCY 0 OPTYPE seteq PRAGMA {} RTLNAME icmp_ln3391_fu_196_p2 SOURCE /home/e/Documents/research/byotee/OSDZU3_Ref_Design/OSDZU3_Ref_Design.runs/design_1_v_mix_0_0_synth_1/prj/sol/.autopilot/db/v_mix.cpp:3391 VARIABLE icmp_ln3391 LOOP loop_width BUNDLEDNAME {} DSP 0 BRAM 0 URAM 0 STORAGESUBTYPE {} DISPNAME {bind_op seteq} VISIBLE false} {BINDTYPE op ID {} IMPL fabric LATENCY 0 OPTYPE add PRAGMA {} RTLNAME j_6_fu_202_p2 SOURCE /home/e/Documents/research/byotee/OSDZU3_Ref_Design/OSDZU3_Ref_Design.runs/design_1_v_mix_0_0_synth_1/prj/sol/.autopilot/db/v_mix.cpp:3391 VARIABLE j_6 LOOP loop_width BUNDLEDNAME {} DSP 0 BRAM 0 URAM 0 STORAGESUBTYPE {} DISPNAME {bind_op add} VISIBLE true} {BINDTYPE op ID {} IMPL auto LATENCY 0 OPTYPE or PRAGMA {} RTLNAME or_ln3395_fu_213_p2 SOURCE /home/e/Documents/research/byotee/OSDZU3_Ref_Design/OSDZU3_Ref_Design.runs/design_1_v_mix_0_0_synth_1/prj/sol/.autopilot/db/v_mix.cpp:3395 VARIABLE or_ln3395 LOOP loop_width BUNDLEDNAME {} DSP 0 BRAM 0 URAM 0 STORAGESUBTYPE {} DISPNAME {bind_op or} VISIBLE false}} AREA {DSP 0 BRAM 0 URAM 0}} AXIvideo2MultiPixStream_5 {BINDINFO {{BINDTYPE op ID {} IMPL auto LATENCY 0 OPTYPE setne PRAGMA {} RTLNAME cmp10403_i_i_fu_269_p2 SOURCE /home/e/Documents/research/byotee/OSDZU3_Ref_Design/OSDZU3_Ref_Design.runs/design_1_v_mix_0_0_synth_1/prj/sol/.autopilot/db/v_mix.cpp:3367 VARIABLE cmp10403_i_i LOOP {} BUNDLEDNAME {} DSP 0 BRAM 0 URAM 0 STORAGESUBTYPE {} DISPNAME {bind_op setne} VISIBLE false} {BINDTYPE op ID {} IMPL auto LATENCY 0 OPTYPE xor PRAGMA {} RTLNAME xor_ln3436_fu_274_p2 SOURCE /home/e/Documents/research/byotee/OSDZU3_Ref_Design/OSDZU3_Ref_Design.runs/design_1_v_mix_0_0_synth_1/prj/sol/.autopilot/db/v_mix.cpp:3436 VARIABLE xor_ln3436 LOOP {} BUNDLEDNAME {} DSP 0 BRAM 0 URAM 0 STORAGESUBTYPE {} DISPNAME {bind_op xor} VISIBLE false} {BINDTYPE op ID {} IMPL auto LATENCY 0 OPTYPE seteq PRAGMA {} RTLNAME icmp_ln3387_fu_283_p2 SOURCE /home/e/Documents/research/byotee/OSDZU3_Ref_Design/OSDZU3_Ref_Design.runs/design_1_v_mix_0_0_synth_1/prj/sol/.autopilot/db/v_mix.cpp:3387 VARIABLE icmp_ln3387 LOOP loop_height BUNDLEDNAME {} DSP 0 BRAM 0 URAM 0 STORAGESUBTYPE {} DISPNAME {bind_op seteq} VISIBLE false} {BINDTYPE op ID {} IMPL fabric LATENCY 0 OPTYPE add PRAGMA {} RTLNAME i_4_fu_288_p2 SOURCE /home/e/Documents/research/byotee/OSDZU3_Ref_Design/OSDZU3_Ref_Design.runs/design_1_v_mix_0_0_synth_1/prj/sol/.autopilot/db/v_mix.cpp:3387 VARIABLE i_4 LOOP loop_height BUNDLEDNAME {} DSP 0 BRAM 0 URAM 0 STORAGESUBTYPE {} DISPNAME {bind_op add} VISIBLE true} {BINDTYPE op ID {} IMPL auto_sel LATENCY 0 OPTYPE select PRAGMA {} RTLNAME select_ln3436_fu_354_p3 SOURCE /home/e/Documents/research/byotee/OSDZU3_Ref_Design/OSDZU3_Ref_Design.runs/design_1_v_mix_0_0_synth_1/prj/sol/.autopilot/db/v_mix.cpp:3436 VARIABLE select_ln3436 LOOP loop_height BUNDLEDNAME {} DSP 0 BRAM 0 URAM 0 STORAGESUBTYPE {} DISPNAME {bind_op select} VISIBLE false} {BINDTYPE op ID {} IMPL auto LATENCY 0 OPTYPE and PRAGMA {} RTLNAME and_ln3436_fu_298_p2 SOURCE /home/e/Documents/research/byotee/OSDZU3_Ref_Design/OSDZU3_Ref_Design.runs/design_1_v_mix_0_0_synth_1/prj/sol/.autopilot/db/v_mix.cpp:3436 VARIABLE and_ln3436 LOOP loop_height BUNDLEDNAME {} DSP 0 BRAM 0 URAM 0 STORAGESUBTYPE {} DISPNAME {bind_op and} VISIBLE false}} AREA {DSP 0 BRAM 0 URAM 0}} v_mix_420_to_422_false_6_Pipeline_VITIS_LOOP_76_2 {BINDINFO {{BINDTYPE op ID {} IMPL auto LATENCY 0 OPTYPE seteq PRAGMA {} RTLNAME icmp_ln76_fu_78_p2 SOURCE /home/e/Documents/research/byotee/OSDZU3_Ref_Design/OSDZU3_Ref_Design.runs/design_1_v_mix_0_0_synth_1/prj/sol/.autopilot/db/v_csc.cpp:76 VARIABLE icmp_ln76 LOOP VITIS_LOOP_76_2 BUNDLEDNAME {} DSP 0 BRAM 0 URAM 0 STORAGESUBTYPE {} DISPNAME {bind_op seteq} VISIBLE false} {BINDTYPE op ID {} IMPL fabric LATENCY 0 OPTYPE add PRAGMA {} RTLNAME x_23_fu_84_p2 SOURCE /home/e/Documents/research/byotee/OSDZU3_Ref_Design/OSDZU3_Ref_Design.runs/design_1_v_mix_0_0_synth_1/prj/sol/.autopilot/db/v_csc.cpp:76 VARIABLE x_23 LOOP VITIS_LOOP_76_2 BUNDLEDNAME {} DSP 0 BRAM 0 URAM 0 STORAGESUBTYPE {} DISPNAME {bind_op add} VISIBLE true}} AREA {DSP 0 BRAM 0 URAM 0}} v_mix_420_to_422_false_6 {BINDINFO {{BINDTYPE op ID {} IMPL auto LATENCY 0 OPTYPE seteq PRAGMA {} RTLNAME icmp_ln74_fu_87_p2 SOURCE /home/e/Documents/research/byotee/OSDZU3_Ref_Design/OSDZU3_Ref_Design.runs/design_1_v_mix_0_0_synth_1/prj/sol/.autopilot/db/v_csc.cpp:74 VARIABLE icmp_ln74 LOOP VITIS_LOOP_74_1 BUNDLEDNAME {} DSP 0 BRAM 0 URAM 0 STORAGESUBTYPE {} DISPNAME {bind_op seteq} VISIBLE false} {BINDTYPE op ID {} IMPL fabric LATENCY 0 OPTYPE add PRAGMA {} RTLNAME y_21_fu_92_p2 SOURCE /home/e/Documents/research/byotee/OSDZU3_Ref_Design/OSDZU3_Ref_Design.runs/design_1_v_mix_0_0_synth_1/prj/sol/.autopilot/db/v_csc.cpp:74 VARIABLE y_21 LOOP VITIS_LOOP_74_1 BUNDLEDNAME {} DSP 0 BRAM 0 URAM 0 STORAGESUBTYPE {} DISPNAME {bind_op add} VISIBLE true}} AREA {DSP 0 BRAM 0 URAM 0}} v_mix_422_to_444_true_Pipeline_VITIS_LOOP_161_2 {BINDINFO {{BINDTYPE op ID {} IMPL auto LATENCY 0 OPTYPE setlt PRAGMA {} RTLNAME icmp_ln161_fu_227_p2 SOURCE /home/e/Documents/research/byotee/OSDZU3_Ref_Design/OSDZU3_Ref_Design.runs/design_1_v_mix_0_0_synth_1/prj/sol/.autopilot/db/v_csc.cpp:161 VARIABLE icmp_ln161 LOOP VITIS_LOOP_161_2 BUNDLEDNAME {} DSP 0 BRAM 0 URAM 0 STORAGESUBTYPE {} DISPNAME {bind_op setlt} VISIBLE false} {BINDTYPE op ID {} IMPL fabric LATENCY 0 OPTYPE add PRAGMA {} RTLNAME add_ln161_fu_233_p2 SOURCE /home/e/Documents/research/byotee/OSDZU3_Ref_Design/OSDZU3_Ref_Design.runs/design_1_v_mix_0_0_synth_1/prj/sol/.autopilot/db/v_csc.cpp:161 VARIABLE add_ln161 LOOP VITIS_LOOP_161_2 BUNDLEDNAME {} DSP 0 BRAM 0 URAM 0 STORAGESUBTYPE {} DISPNAME {bind_op add} VISIBLE true} {BINDTYPE op ID {} IMPL fabric LATENCY 0 OPTYPE add PRAGMA {} RTLNAME add_ln167_fu_239_p2 SOURCE /home/e/Documents/research/byotee/OSDZU3_Ref_Design/OSDZU3_Ref_Design.runs/design_1_v_mix_0_0_synth_1/prj/sol/.autopilot/db/v_csc.cpp:167 VARIABLE add_ln167 LOOP VITIS_LOOP_161_2 BUNDLEDNAME {} DSP 0 BRAM 0 URAM 0 STORAGESUBTYPE {} DISPNAME {bind_op add} VISIBLE true} {BINDTYPE op ID {} IMPL auto LATENCY 0 OPTYPE setlt PRAGMA {} RTLNAME icmp_ln169_fu_245_p2 SOURCE /home/e/Documents/research/byotee/OSDZU3_Ref_Design/OSDZU3_Ref_Design.runs/design_1_v_mix_0_0_synth_1/prj/sol/.autopilot/db/v_csc.cpp:169 VARIABLE icmp_ln169 LOOP VITIS_LOOP_161_2 BUNDLEDNAME {} DSP 0 BRAM 0 URAM 0 STORAGESUBTYPE {} DISPNAME {bind_op setlt} VISIBLE false} {BINDTYPE op ID {} IMPL auto_sel LATENCY 0 OPTYPE select PRAGMA {} RTLNAME select_ln177_fu_304_p3 SOURCE /home/e/Documents/research/byotee/OSDZU3_Ref_Design/OSDZU3_Ref_Design.runs/design_1_v_mix_0_0_synth_1/prj/sol/.autopilot/db/v_csc.cpp:177 VARIABLE select_ln177 LOOP VITIS_LOOP_161_2 BUNDLEDNAME {} DSP 0 BRAM 0 URAM 0 STORAGESUBTYPE {} DISPNAME {bind_op select} VISIBLE false} {BINDTYPE op ID {} IMPL auto_sel LATENCY 0 OPTYPE select PRAGMA {} RTLNAME select_ln177_1_fu_311_p3 SOURCE /home/e/Documents/research/byotee/OSDZU3_Ref_Design/OSDZU3_Ref_Design.runs/design_1_v_mix_0_0_synth_1/prj/sol/.autopilot/db/v_csc.cpp:177 VARIABLE select_ln177_1 LOOP VITIS_LOOP_161_2 BUNDLEDNAME {} DSP 0 BRAM 0 URAM 0 STORAGESUBTYPE {} DISPNAME {bind_op select} VISIBLE false} {BINDTYPE op ID {} IMPL auto LATENCY 0 OPTYPE seteq PRAGMA {} RTLNAME cmp111_fu_255_p2 SOURCE /home/e/Documents/research/byotee/OSDZU3_Ref_Design/OSDZU3_Ref_Design.runs/design_1_v_mix_0_0_synth_1/prj/sol/.autopilot/db/v_csc.cpp:161 VARIABLE cmp111 LOOP VITIS_LOOP_161_2 BUNDLEDNAME {} DSP 0 BRAM 0 URAM 0 STORAGESUBTYPE {} DISPNAME {bind_op seteq} VISIBLE false} {BINDTYPE op ID {} IMPL auto_sel LATENCY 0 OPTYPE select PRAGMA {} RTLNAME select_ln222_fu_380_p3 SOURCE /home/e/Documents/research/byotee/OSDZU3_Ref_Design/OSDZU3_Ref_Design.runs/design_1_v_mix_0_0_synth_1/prj/sol/.autopilot/db/v_csc.cpp:222 VARIABLE select_ln222 LOOP VITIS_LOOP_161_2 BUNDLEDNAME {} DSP 0 BRAM 0 URAM 0 STORAGESUBTYPE {} DISPNAME {bind_op select} VISIBLE false} {BINDTYPE op ID {} IMPL auto_sel LATENCY 0 OPTYPE select PRAGMA {} RTLNAME select_ln222_1_fu_387_p3 SOURCE /home/e/Documents/research/byotee/OSDZU3_Ref_Design/OSDZU3_Ref_Design.runs/design_1_v_mix_0_0_synth_1/prj/sol/.autopilot/db/v_csc.cpp:222 VARIABLE select_ln222_1 LOOP VITIS_LOOP_161_2 BUNDLEDNAME {} DSP 0 BRAM 0 URAM 0 STORAGESUBTYPE {} DISPNAME {bind_op select} VISIBLE false} {BINDTYPE op ID {} IMPL auto_sel LATENCY 0 OPTYPE select PRAGMA {} RTLNAME select_ln222_2_fu_394_p3 SOURCE /home/e/Documents/research/byotee/OSDZU3_Ref_Design/OSDZU3_Ref_Design.runs/design_1_v_mix_0_0_synth_1/prj/sol/.autopilot/db/v_csc.cpp:222 VARIABLE select_ln222_2 LOOP VITIS_LOOP_161_2 BUNDLEDNAME {} DSP 0 BRAM 0 URAM 0 STORAGESUBTYPE {} DISPNAME {bind_op select} VISIBLE false} {BINDTYPE op ID {} IMPL auto_sel LATENCY 0 OPTYPE select PRAGMA {} RTLNAME select_ln222_3_fu_401_p3 SOURCE /home/e/Documents/research/byotee/OSDZU3_Ref_Design/OSDZU3_Ref_Design.runs/design_1_v_mix_0_0_synth_1/prj/sol/.autopilot/db/v_csc.cpp:222 VARIABLE select_ln222_3 LOOP VITIS_LOOP_161_2 BUNDLEDNAME {} DSP 0 BRAM 0 URAM 0 STORAGESUBTYPE {} DISPNAME {bind_op select} VISIBLE false} {BINDTYPE op ID {} IMPL auto_sel LATENCY 0 OPTYPE select PRAGMA {} RTLNAME select_ln222_4_fu_408_p3 SOURCE /home/e/Documents/research/byotee/OSDZU3_Ref_Design/OSDZU3_Ref_Design.runs/design_1_v_mix_0_0_synth_1/prj/sol/.autopilot/db/v_csc.cpp:222 VARIABLE select_ln222_4 LOOP VITIS_LOOP_161_2 BUNDLEDNAME {} DSP 0 BRAM 0 URAM 0 STORAGESUBTYPE {} DISPNAME {bind_op select} VISIBLE false} {BINDTYPE op ID {} IMPL auto_sel LATENCY 0 OPTYPE select PRAGMA {} RTLNAME select_ln222_5_fu_415_p3 SOURCE /home/e/Documents/research/byotee/OSDZU3_Ref_Design/OSDZU3_Ref_Design.runs/design_1_v_mix_0_0_synth_1/prj/sol/.autopilot/db/v_csc.cpp:222 VARIABLE select_ln222_5 LOOP VITIS_LOOP_161_2 BUNDLEDNAME {} DSP 0 BRAM 0 URAM 0 STORAGESUBTYPE {} DISPNAME {bind_op select} VISIBLE false} {BINDTYPE op ID {} IMPL auto_sel LATENCY 0 OPTYPE select PRAGMA {} RTLNAME select_ln242_fu_422_p3 SOURCE /home/e/Documents/research/byotee/OSDZU3_Ref_Design/OSDZU3_Ref_Design.runs/design_1_v_mix_0_0_synth_1/prj/sol/.autopilot/db/v_csc.cpp:242 VARIABLE select_ln242 LOOP VITIS_LOOP_161_2 BUNDLEDNAME {} DSP 0 BRAM 0 URAM 0 STORAGESUBTYPE {} DISPNAME {bind_op select} VISIBLE false} {BINDTYPE op ID {} IMPL auto_sel LATENCY 0 OPTYPE select PRAGMA {} RTLNAME select_ln242_1_fu_429_p3 SOURCE /home/e/Documents/research/byotee/OSDZU3_Ref_Design/OSDZU3_Ref_Design.runs/design_1_v_mix_0_0_synth_1/prj/sol/.autopilot/db/v_csc.cpp:242 VARIABLE select_ln242_1 LOOP VITIS_LOOP_161_2 BUNDLEDNAME {} DSP 0 BRAM 0 URAM 0 STORAGESUBTYPE {} DISPNAME {bind_op select} VISIBLE false} {BINDTYPE op ID {} IMPL auto_sel LATENCY 0 OPTYPE select PRAGMA {} RTLNAME select_ln242_2_fu_436_p3 SOURCE /home/e/Documents/research/byotee/OSDZU3_Ref_Design/OSDZU3_Ref_Design.runs/design_1_v_mix_0_0_synth_1/prj/sol/.autopilot/db/v_csc.cpp:242 VARIABLE select_ln242_2 LOOP VITIS_LOOP_161_2 BUNDLEDNAME {} DSP 0 BRAM 0 URAM 0 STORAGESUBTYPE {} DISPNAME {bind_op select} VISIBLE false} {BINDTYPE op ID {} IMPL auto_sel LATENCY 0 OPTYPE select PRAGMA {} RTLNAME select_ln242_3_fu_443_p3 SOURCE /home/e/Documents/research/byotee/OSDZU3_Ref_Design/OSDZU3_Ref_Design.runs/design_1_v_mix_0_0_synth_1/prj/sol/.autopilot/db/v_csc.cpp:242 VARIABLE select_ln242_3 LOOP VITIS_LOOP_161_2 BUNDLEDNAME {} DSP 0 BRAM 0 URAM 0 STORAGESUBTYPE {} DISPNAME {bind_op select} VISIBLE false} {BINDTYPE op ID {} IMPL auto_sel LATENCY 0 OPTYPE select PRAGMA {} RTLNAME select_ln242_4_fu_450_p3 SOURCE /home/e/Documents/research/byotee/OSDZU3_Ref_Design/OSDZU3_Ref_Design.runs/design_1_v_mix_0_0_synth_1/prj/sol/.autopilot/db/v_csc.cpp:242 VARIABLE select_ln242_4 LOOP VITIS_LOOP_161_2 BUNDLEDNAME {} DSP 0 BRAM 0 URAM 0 STORAGESUBTYPE {} DISPNAME {bind_op select} VISIBLE false} {BINDTYPE op ID {} IMPL auto_sel LATENCY 0 OPTYPE select PRAGMA {} RTLNAME select_ln242_5_fu_457_p3 SOURCE /home/e/Documents/research/byotee/OSDZU3_Ref_Design/OSDZU3_Ref_Design.runs/design_1_v_mix_0_0_synth_1/prj/sol/.autopilot/db/v_csc.cpp:242 VARIABLE select_ln242_5 LOOP VITIS_LOOP_161_2 BUNDLEDNAME {} DSP 0 BRAM 0 URAM 0 STORAGESUBTYPE {} DISPNAME {bind_op select} VISIBLE false} {BINDTYPE op ID {} IMPL auto_sel LATENCY 0 OPTYPE select PRAGMA {} RTLNAME conv3_i_i74392_fu_524_p3 SOURCE /home/e/Documents/research/byotee/OSDZU3_Ref_Design/OSDZU3_Ref_Design.runs/design_1_v_mix_0_0_synth_1/prj/sol/.autopilot/db/v_csc.cpp:167 VARIABLE conv3_i_i74392 LOOP VITIS_LOOP_161_2 BUNDLEDNAME {} DSP 0 BRAM 0 URAM 0 STORAGESUBTYPE {} DISPNAME {bind_op select} VISIBLE false} {BINDTYPE op ID {} IMPL auto_sel LATENCY 0 OPTYPE select PRAGMA {} RTLNAME outpix_0_2_0_0_0_load_fu_531_p3 SOURCE /home/e/Documents/research/byotee/OSDZU3_Ref_Design/OSDZU3_Ref_Design.runs/design_1_v_mix_0_0_synth_1/prj/sol/.autopilot/db/v_csc.cpp:167 VARIABLE outpix_0_2_0_0_0_load LOOP VITIS_LOOP_161_2 BUNDLEDNAME {} DSP 0 BRAM 0 URAM 0 STORAGESUBTYPE {} DISPNAME {bind_op select} VISIBLE false}} AREA {DSP 0 BRAM 0 URAM 0}} v_mix_422_to_444_true_s {BINDINFO {{BINDTYPE op ID {} IMPL fabric LATENCY 0 OPTYPE add PRAGMA {} RTLNAME loopWidth_fu_162_p2 SOURCE /home/e/Documents/research/byotee/OSDZU3_Ref_Design/OSDZU3_Ref_Design.runs/design_1_v_mix_0_0_synth_1/prj/sol/.autopilot/db/v_csc.cpp:155 VARIABLE loopWidth LOOP {} BUNDLEDNAME {} DSP 0 BRAM 0 URAM 0 STORAGESUBTYPE {} DISPNAME {bind_op add} VISIBLE true} {BINDTYPE op ID {} IMPL auto LATENCY 0 OPTYPE setgt PRAGMA {} RTLNAME cmp28336_fu_168_p2 SOURCE /home/e/Documents/research/byotee/OSDZU3_Ref_Design/OSDZU3_Ref_Design.runs/design_1_v_mix_0_0_synth_1/prj/sol/.autopilot/db/v_csc.cpp:155 VARIABLE cmp28336 LOOP {} BUNDLEDNAME {} DSP 0 BRAM 0 URAM 0 STORAGESUBTYPE {} DISPNAME {bind_op setgt} VISIBLE false} {BINDTYPE op ID {} IMPL auto LATENCY 0 OPTYPE setlt PRAGMA {} RTLNAME icmp_ln159_fu_186_p2 SOURCE /home/e/Documents/research/byotee/OSDZU3_Ref_Design/OSDZU3_Ref_Design.runs/design_1_v_mix_0_0_synth_1/prj/sol/.autopilot/db/v_csc.cpp:159 VARIABLE icmp_ln159 LOOP VITIS_LOOP_159_1 BUNDLEDNAME {} DSP 0 BRAM 0 URAM 0 STORAGESUBTYPE {} DISPNAME {bind_op setlt} VISIBLE false} {BINDTYPE op ID {} IMPL fabric LATENCY 0 OPTYPE add PRAGMA {} RTLNAME add_ln159_fu_191_p2 SOURCE /home/e/Documents/research/byotee/OSDZU3_Ref_Design/OSDZU3_Ref_Design.runs/design_1_v_mix_0_0_synth_1/prj/sol/.autopilot/db/v_csc.cpp:159 VARIABLE add_ln159 LOOP VITIS_LOOP_159_1 BUNDLEDNAME {} DSP 0 BRAM 0 URAM 0 STORAGESUBTYPE {} DISPNAME {bind_op add} VISIBLE true} {BINDTYPE op ID {} IMPL auto_sel LATENCY 0 OPTYPE select PRAGMA {} RTLNAME select_ln159_fu_222_p3 SOURCE /home/e/Documents/research/byotee/OSDZU3_Ref_Design/OSDZU3_Ref_Design.runs/design_1_v_mix_0_0_synth_1/prj/sol/.autopilot/db/v_csc.cpp:159 VARIABLE select_ln159 LOOP VITIS_LOOP_159_1 BUNDLEDNAME {} DSP 0 BRAM 0 URAM 0 STORAGESUBTYPE {} DISPNAME {bind_op select} VISIBLE false}} AREA {DSP 0 BRAM 0 URAM 0}} v_mix_yuv2rgb_true_Pipeline_VITIS_LOOP_941_2 {BINDINFO {{BINDTYPE op ID {} IMPL auto LATENCY 0 OPTYPE seteq PRAGMA {} RTLNAME icmp_ln941_fu_163_p2 SOURCE /home/e/Documents/research/byotee/OSDZU3_Ref_Design/OSDZU3_Ref_Design.runs/design_1_v_mix_0_0_synth_1/prj/sol/.autopilot/db/v_csc.cpp:941 VARIABLE icmp_ln941 LOOP VITIS_LOOP_941_2 BUNDLEDNAME {} DSP 0 BRAM 0 URAM 0 STORAGESUBTYPE {} DISPNAME {bind_op seteq} VISIBLE false} {BINDTYPE op ID {} IMPL fabric LATENCY 0 OPTYPE add PRAGMA {} RTLNAME x_2_fu_169_p2 SOURCE /home/e/Documents/research/byotee/OSDZU3_Ref_Design/OSDZU3_Ref_Design.runs/design_1_v_mix_0_0_synth_1/prj/sol/.autopilot/db/v_csc.cpp:941 VARIABLE x_2 LOOP VITIS_LOOP_941_2 BUNDLEDNAME {} DSP 0 BRAM 0 URAM 0 STORAGESUBTYPE {} DISPNAME {bind_op add} VISIBLE true} {BINDTYPE op ID {} IMPL auto LATENCY 0 OPTYPE xor PRAGMA {} RTLNAME xor_ln964_fu_238_p2 SOURCE /home/e/Documents/research/byotee/OSDZU3_Ref_Design/OSDZU3_Ref_Design.runs/design_1_v_mix_0_0_synth_1/prj/sol/.autopilot/db/v_csc.cpp:964 VARIABLE xor_ln964 LOOP VITIS_LOOP_941_2 BUNDLEDNAME {} DSP 0 BRAM 0 URAM 0 STORAGESUBTYPE {} DISPNAME {bind_op xor} VISIBLE false} {BINDTYPE op ID {} IMPL auto LATENCY 0 OPTYPE xor PRAGMA {} RTLNAME xor_ln965_fu_210_p2 SOURCE /home/e/Documents/research/byotee/OSDZU3_Ref_Design/OSDZU3_Ref_Design.runs/design_1_v_mix_0_0_synth_1/prj/sol/.autopilot/db/v_csc.cpp:965 VARIABLE xor_ln965 LOOP VITIS_LOOP_941_2 BUNDLEDNAME {} DSP 0 BRAM 0 URAM 0 STORAGESUBTYPE {} DISPNAME {bind_op xor} VISIBLE false} {BINDTYPE op ID {} IMPL auto LATENCY 0 OPTYPE mul PRAGMA yes RTLNAME mul_8s_12ns_20_1_1_U154 SOURCE /home/e/Documents/research/byotee/OSDZU3_Ref_Design/OSDZU3_Ref_Design.runs/design_1_v_mix_0_0_synth_1/prj/sol/.autopilot/db/v_csc.cpp:968 VARIABLE Cr_mul LOOP VITIS_LOOP_941_2 BUNDLEDNAME {} DSP 1 BRAM 0 URAM 0 STORAGESUBTYPE {} DISPNAME {bind_op mul} VISIBLE true} {BINDTYPE op ID {} IMPL fabric LATENCY 0 OPTYPE add PRAGMA {} RTLNAME r_fu_309_p2 SOURCE /home/e/Documents/research/byotee/OSDZU3_Ref_Design/OSDZU3_Ref_Design.runs/design_1_v_mix_0_0_synth_1/prj/sol/.autopilot/db/v_csc.cpp:969 VARIABLE r LOOP VITIS_LOOP_941_2 BUNDLEDNAME {} DSP 0 BRAM 0 URAM 0 STORAGESUBTYPE {} DISPNAME {bind_op add} VISIBLE true} {BINDTYPE op ID {} IMPL dsp_slice LATENCY 3 OPTYPE mul PRAGMA {} RTLNAME mac_muladd_9ns_8s_18s_18_4_1_U157 SOURCE /home/e/Documents/research/byotee/OSDZU3_Ref_Design/OSDZU3_Ref_Design.runs/design_1_v_mix_0_0_synth_1/prj/sol/.autopilot/db/v_csc.cpp:970 VARIABLE mul_ln970 LOOP VITIS_LOOP_941_2 BUNDLEDNAME {} DSP 1 BRAM 0 URAM 0 STORAGESUBTYPE {} DISPNAME {bind_op mul} VISIBLE true} {BINDTYPE op ID {} IMPL auto LATENCY 0 OPTYPE mul PRAGMA {} RTLNAME mul_8s_11ns_18_1_1_U155 SOURCE /home/e/Documents/research/byotee/OSDZU3_Ref_Design/OSDZU3_Ref_Design.runs/design_1_v_mix_0_0_synth_1/prj/sol/.autopilot/db/v_csc.cpp:970 VARIABLE mul_ln970_1 LOOP VITIS_LOOP_941_2 BUNDLEDNAME {} DSP 1 BRAM 0 URAM 0 STORAGESUBTYPE {} DISPNAME {bind_op mul} VISIBLE true} {BINDTYPE op ID {} IMPL dsp_slice LATENCY 3 OPTYPE add PRAGMA {} RTLNAME mac_muladd_9ns_8s_18s_18_4_1_U157 SOURCE /home/e/Documents/research/byotee/OSDZU3_Ref_Design/OSDZU3_Ref_Design.runs/design_1_v_mix_0_0_synth_1/prj/sol/.autopilot/db/v_csc.cpp:970 VARIABLE add_ln970 LOOP VITIS_LOOP_941_2 BUNDLEDNAME {} DSP 1 BRAM 0 URAM 0 STORAGESUBTYPE {} DISPNAME {bind_op add} VISIBLE true} {BINDTYPE op ID {} IMPL fabric LATENCY 0 OPTYPE sub PRAGMA {} RTLNAME g_fu_332_p2 SOURCE /home/e/Documents/research/byotee/OSDZU3_Ref_Design/OSDZU3_Ref_Design.runs/design_1_v_mix_0_0_synth_1/prj/sol/.autopilot/db/v_csc.cpp:970 VARIABLE g LOOP VITIS_LOOP_941_2 BUNDLEDNAME {} DSP 0 BRAM 0 URAM 0 STORAGESUBTYPE {} DISPNAME {bind_op sub} VISIBLE true} {BINDTYPE op ID {} IMPL auto LATENCY 0 OPTYPE mul PRAGMA {} RTLNAME mul_8s_13ns_21_1_1_U156 SOURCE /home/e/Documents/research/byotee/OSDZU3_Ref_Design/OSDZU3_Ref_Design.runs/design_1_v_mix_0_0_synth_1/prj/sol/.autopilot/db/v_csc.cpp:971 VARIABLE mul_ln971 LOOP VITIS_LOOP_941_2 BUNDLEDNAME {} DSP 1 BRAM 0 URAM 0 STORAGESUBTYPE {} DISPNAME {bind_op mul} VISIBLE true} {BINDTYPE op ID {} IMPL fabric LATENCY 0 OPTYPE add PRAGMA {} RTLNAME b_fu_345_p2 SOURCE /home/e/Documents/research/byotee/OSDZU3_Ref_Design/OSDZU3_Ref_Design.runs/design_1_v_mix_0_0_synth_1/prj/sol/.autopilot/db/v_csc.cpp:971 VARIABLE b LOOP VITIS_LOOP_941_2 BUNDLEDNAME {} DSP 0 BRAM 0 URAM 0 STORAGESUBTYPE {} DISPNAME {bind_op add} VISIBLE true} {BINDTYPE op ID {} IMPL auto LATENCY 0 OPTYPE setgt PRAGMA {} RTLNAME icmp_ln973_fu_365_p2 SOURCE /home/e/Documents/research/byotee/OSDZU3_Ref_Design/OSDZU3_Ref_Design.runs/design_1_v_mix_0_0_synth_1/prj/sol/.autopilot/db/v_csc.cpp:973 VARIABLE icmp_ln973 LOOP VITIS_LOOP_941_2 BUNDLEDNAME {} DSP 0 BRAM 0 URAM 0 STORAGESUBTYPE {} DISPNAME {bind_op setgt} VISIBLE false} {BINDTYPE op ID {} IMPL auto_sel LATENCY 0 OPTYPE select PRAGMA {} RTLNAME select_ln973_fu_371_p3 SOURCE /home/e/Documents/research/byotee/OSDZU3_Ref_Design/OSDZU3_Ref_Design.runs/design_1_v_mix_0_0_synth_1/prj/sol/.autopilot/db/v_csc.cpp:973 VARIABLE select_ln973 LOOP VITIS_LOOP_941_2 BUNDLEDNAME {} DSP 0 BRAM 0 URAM 0 STORAGESUBTYPE {} DISPNAME {bind_op select} VISIBLE false} {BINDTYPE op ID {} IMPL auto LATENCY 0 OPTYPE setgt PRAGMA {} RTLNAME icmp_ln973_1_fu_379_p2 SOURCE /home/e/Documents/research/byotee/OSDZU3_Ref_Design/OSDZU3_Ref_Design.runs/design_1_v_mix_0_0_synth_1/prj/sol/.autopilot/db/v_csc.cpp:973 VARIABLE icmp_ln973_1 LOOP VITIS_LOOP_941_2 BUNDLEDNAME {} DSP 0 BRAM 0 URAM 0 STORAGESUBTYPE {} DISPNAME {bind_op setgt} VISIBLE false} {BINDTYPE op ID {} IMPL auto_sel LATENCY 0 OPTYPE select PRAGMA {} RTLNAME select_ln973_1_fu_389_p3 SOURCE /home/e/Documents/research/byotee/OSDZU3_Ref_Design/OSDZU3_Ref_Design.runs/design_1_v_mix_0_0_synth_1/prj/sol/.autopilot/db/v_csc.cpp:973 VARIABLE select_ln973_1 LOOP VITIS_LOOP_941_2 BUNDLEDNAME {} DSP 0 BRAM 0 URAM 0 STORAGESUBTYPE {} DISPNAME {bind_op select} VISIBLE false} {BINDTYPE op ID {} IMPL auto LATENCY 0 OPTYPE seteq PRAGMA {} RTLNAME icmp_ln974_fu_407_p2 SOURCE /home/e/Documents/research/byotee/OSDZU3_Ref_Design/OSDZU3_Ref_Design.runs/design_1_v_mix_0_0_synth_1/prj/sol/.autopilot/db/v_csc.cpp:974 VARIABLE icmp_ln974 LOOP VITIS_LOOP_941_2 BUNDLEDNAME {} DSP 0 BRAM 0 URAM 0 STORAGESUBTYPE {} DISPNAME {bind_op seteq} VISIBLE false} {BINDTYPE op ID {} IMPL auto_sel LATENCY 0 OPTYPE select PRAGMA {} RTLNAME select_ln974_fu_447_p3 SOURCE /home/e/Documents/research/byotee/OSDZU3_Ref_Design/OSDZU3_Ref_Design.runs/design_1_v_mix_0_0_synth_1/prj/sol/.autopilot/db/v_csc.cpp:974 VARIABLE select_ln974 LOOP VITIS_LOOP_941_2 BUNDLEDNAME {} DSP 0 BRAM 0 URAM 0 STORAGESUBTYPE {} DISPNAME {bind_op select} VISIBLE false} {BINDTYPE op ID {} IMPL auto LATENCY 0 OPTYPE setgt PRAGMA {} RTLNAME icmp_ln974_1_fu_453_p2 SOURCE /home/e/Documents/research/byotee/OSDZU3_Ref_Design/OSDZU3_Ref_Design.runs/design_1_v_mix_0_0_synth_1/prj/sol/.autopilot/db/v_csc.cpp:974 VARIABLE icmp_ln974_1 LOOP VITIS_LOOP_941_2 BUNDLEDNAME {} DSP 0 BRAM 0 URAM 0 STORAGESUBTYPE {} DISPNAME {bind_op setgt} VISIBLE false} {BINDTYPE op ID {} IMPL auto LATENCY 0 OPTYPE setgt PRAGMA {} RTLNAME icmp_ln975_fu_423_p2 SOURCE /home/e/Documents/research/byotee/OSDZU3_Ref_Design/OSDZU3_Ref_Design.runs/design_1_v_mix_0_0_synth_1/prj/sol/.autopilot/db/v_csc.cpp:975 VARIABLE icmp_ln975 LOOP VITIS_LOOP_941_2 BUNDLEDNAME {} DSP 0 BRAM 0 URAM 0 STORAGESUBTYPE {} DISPNAME {bind_op setgt} VISIBLE false} {BINDTYPE op ID {} IMPL auto_sel LATENCY 0 OPTYPE select PRAGMA {} RTLNAME select_ln975_fu_429_p3 SOURCE /home/e/Documents/research/byotee/OSDZU3_Ref_Design/OSDZU3_Ref_Design.runs/design_1_v_mix_0_0_synth_1/prj/sol/.autopilot/db/v_csc.cpp:975 VARIABLE select_ln975 LOOP VITIS_LOOP_941_2 BUNDLEDNAME {} DSP 0 BRAM 0 URAM 0 STORAGESUBTYPE {} DISPNAME {bind_op select} VISIBLE false} {BINDTYPE op ID {} IMPL auto LATENCY 0 OPTYPE setgt PRAGMA {} RTLNAME icmp_ln975_1_fu_437_p2 SOURCE /home/e/Documents/research/byotee/OSDZU3_Ref_Design/OSDZU3_Ref_Design.runs/design_1_v_mix_0_0_synth_1/prj/sol/.autopilot/db/v_csc.cpp:975 VARIABLE icmp_ln975_1 LOOP VITIS_LOOP_941_2 BUNDLEDNAME {} DSP 0 BRAM 0 URAM 0 STORAGESUBTYPE {} DISPNAME {bind_op setgt} VISIBLE false} {BINDTYPE op ID {} IMPL auto_sel LATENCY 0 OPTYPE select PRAGMA {} RTLNAME select_ln975_1_fu_463_p3 SOURCE /home/e/Documents/research/byotee/OSDZU3_Ref_Design/OSDZU3_Ref_Design.runs/design_1_v_mix_0_0_synth_1/prj/sol/.autopilot/db/v_csc.cpp:975 VARIABLE select_ln975_1 LOOP VITIS_LOOP_941_2 BUNDLEDNAME {} DSP 0 BRAM 0 URAM 0 STORAGESUBTYPE {} DISPNAME {bind_op select} VISIBLE false} {BINDTYPE op ID {} IMPL auto_sel LATENCY 0 OPTYPE select PRAGMA {} RTLNAME select_ln974_1_fu_469_p3 SOURCE /home/e/Documents/research/byotee/OSDZU3_Ref_Design/OSDZU3_Ref_Design.runs/design_1_v_mix_0_0_synth_1/prj/sol/.autopilot/db/v_csc.cpp:974 VARIABLE select_ln974_1 LOOP VITIS_LOOP_941_2 BUNDLEDNAME {} DSP 0 BRAM 0 URAM 0 STORAGESUBTYPE {} DISPNAME {bind_op select} VISIBLE false}} AREA {DSP 4 BRAM 0 URAM 0}} v_mix_yuv2rgb_true_s {BINDINFO {{BINDTYPE op ID {} IMPL auto LATENCY 0 OPTYPE seteq PRAGMA {} RTLNAME icmp_ln939_fu_87_p2 SOURCE /home/e/Documents/research/byotee/OSDZU3_Ref_Design/OSDZU3_Ref_Design.runs/design_1_v_mix_0_0_synth_1/prj/sol/.autopilot/db/v_csc.cpp:939 VARIABLE icmp_ln939 LOOP VITIS_LOOP_939_1 BUNDLEDNAME {} DSP 0 BRAM 0 URAM 0 STORAGESUBTYPE {} DISPNAME {bind_op seteq} VISIBLE false} {BINDTYPE op ID {} IMPL fabric LATENCY 0 OPTYPE add PRAGMA {} RTLNAME y_2_fu_92_p2 SOURCE /home/e/Documents/research/byotee/OSDZU3_Ref_Design/OSDZU3_Ref_Design.runs/design_1_v_mix_0_0_synth_1/prj/sol/.autopilot/db/v_csc.cpp:939 VARIABLE y_2 LOOP VITIS_LOOP_939_1 BUNDLEDNAME {} DSP 0 BRAM 0 URAM 0 STORAGESUBTYPE {} DISPNAME {bind_op add} VISIBLE true}} AREA {DSP 4 BRAM 0 URAM 0}} v_mix_upsample_false_7_Pipeline_VITIS_LOOP_107_2 {BINDINFO {{BINDTYPE op ID {} IMPL auto LATENCY 0 OPTYPE seteq PRAGMA {} RTLNAME icmp_ln107_fu_78_p2 SOURCE /home/e/Documents/research/byotee/OSDZU3_Ref_Design/OSDZU3_Ref_Design.runs/design_1_v_mix_0_0_synth_1/prj/sol/.autopilot/db/v_mix.cpp:107 VARIABLE icmp_ln107 LOOP VITIS_LOOP_107_2 BUNDLEDNAME {} DSP 0 BRAM 0 URAM 0 STORAGESUBTYPE {} DISPNAME {bind_op seteq} VISIBLE false} {BINDTYPE op ID {} IMPL fabric LATENCY 0 OPTYPE add PRAGMA {} RTLNAME x_10_fu_84_p2 SOURCE /home/e/Documents/research/byotee/OSDZU3_Ref_Design/OSDZU3_Ref_Design.runs/design_1_v_mix_0_0_synth_1/prj/sol/.autopilot/db/v_mix.cpp:107 VARIABLE x_10 LOOP VITIS_LOOP_107_2 BUNDLEDNAME {} DSP 0 BRAM 0 URAM 0 STORAGESUBTYPE {} DISPNAME {bind_op add} VISIBLE true}} AREA {DSP 0 BRAM 0 URAM 0}} v_mix_upsample_false_7 {BINDINFO {{BINDTYPE op ID {} IMPL auto LATENCY 0 OPTYPE seteq PRAGMA {} RTLNAME icmp_ln105_fu_87_p2 SOURCE /home/e/Documents/research/byotee/OSDZU3_Ref_Design/OSDZU3_Ref_Design.runs/design_1_v_mix_0_0_synth_1/prj/sol/.autopilot/db/v_mix.cpp:105 VARIABLE icmp_ln105 LOOP VITIS_LOOP_105_1 BUNDLEDNAME {} DSP 0 BRAM 0 URAM 0 STORAGESUBTYPE {} DISPNAME {bind_op seteq} VISIBLE false} {BINDTYPE op ID {} IMPL fabric LATENCY 0 OPTYPE add PRAGMA {} RTLNAME y_8_fu_92_p2 SOURCE /home/e/Documents/research/byotee/OSDZU3_Ref_Design/OSDZU3_Ref_Design.runs/design_1_v_mix_0_0_synth_1/prj/sol/.autopilot/db/v_mix.cpp:105 VARIABLE y_8 LOOP VITIS_LOOP_105_1 BUNDLEDNAME {} DSP 0 BRAM 0 URAM 0 STORAGESUBTYPE {} DISPNAME {bind_op add} VISIBLE true}} AREA {DSP 0 BRAM 0 URAM 0}} v_mix_core_alpha_false_false_Pipeline_VITIS_LOOP_465_3 {BINDINFO {{BINDTYPE op ID {} IMPL auto LATENCY 0 OPTYPE seteq PRAGMA {} RTLNAME icmp_ln465_fu_241_p2 SOURCE /home/e/Documents/research/byotee/OSDZU3_Ref_Design/OSDZU3_Ref_Design.runs/design_1_v_mix_0_0_synth_1/prj/sol/.autopilot/db/v_mix.cpp:465 VARIABLE icmp_ln465 LOOP VITIS_LOOP_465_3 BUNDLEDNAME {} DSP 0 BRAM 0 URAM 0 STORAGESUBTYPE {} DISPNAME {bind_op seteq} VISIBLE false} {BINDTYPE op ID {} IMPL fabric LATENCY 0 OPTYPE add PRAGMA {} RTLNAME add_ln465_fu_247_p2 SOURCE /home/e/Documents/research/byotee/OSDZU3_Ref_Design/OSDZU3_Ref_Design.runs/design_1_v_mix_0_0_synth_1/prj/sol/.autopilot/db/v_mix.cpp:465 VARIABLE add_ln465 LOOP VITIS_LOOP_465_3 BUNDLEDNAME {} DSP 0 BRAM 0 URAM 0 STORAGESUBTYPE {} DISPNAME {bind_op add} VISIBLE true} {BINDTYPE op ID {} IMPL auto LATENCY 0 OPTYPE setlt PRAGMA {} RTLNAME icmp_ln477_fu_261_p2 SOURCE /home/e/Documents/research/byotee/OSDZU3_Ref_Design/OSDZU3_Ref_Design.runs/design_1_v_mix_0_0_synth_1/prj/sol/.autopilot/db/v_mix.cpp:477 VARIABLE icmp_ln477 LOOP VITIS_LOOP_465_3 BUNDLEDNAME {} DSP 0 BRAM 0 URAM 0 STORAGESUBTYPE {} DISPNAME {bind_op setlt} VISIBLE false} {BINDTYPE op ID {} IMPL auto LATENCY 0 OPTYPE xor PRAGMA {} RTLNAME xor_ln477_fu_267_p2 SOURCE /home/e/Documents/research/byotee/OSDZU3_Ref_Design/OSDZU3_Ref_Design.runs/design_1_v_mix_0_0_synth_1/prj/sol/.autopilot/db/v_mix.cpp:477 VARIABLE xor_ln477 LOOP VITIS_LOOP_465_3 BUNDLEDNAME {} DSP 0 BRAM 0 URAM 0 STORAGESUBTYPE {} DISPNAME {bind_op xor} VISIBLE false} {BINDTYPE op ID {} IMPL auto LATENCY 0 OPTYPE setgt PRAGMA {} RTLNAME icmp_ln478_fu_273_p2 SOURCE /home/e/Documents/research/byotee/OSDZU3_Ref_Design/OSDZU3_Ref_Design.runs/design_1_v_mix_0_0_synth_1/prj/sol/.autopilot/db/v_mix.cpp:478 VARIABLE icmp_ln478 LOOP VITIS_LOOP_465_3 BUNDLEDNAME {} DSP 0 BRAM 0 URAM 0 STORAGESUBTYPE {} DISPNAME {bind_op setgt} VISIBLE false} {BINDTYPE op ID {} IMPL auto LATENCY 0 OPTYPE and PRAGMA {} RTLNAME and_ln476_fu_279_p2 SOURCE /home/e/Documents/research/byotee/OSDZU3_Ref_Design/OSDZU3_Ref_Design.runs/design_1_v_mix_0_0_synth_1/prj/sol/.autopilot/db/v_mix.cpp:476 VARIABLE and_ln476 LOOP VITIS_LOOP_465_3 BUNDLEDNAME {} DSP 0 BRAM 0 URAM 0 STORAGESUBTYPE {} DISPNAME {bind_op and} VISIBLE false} {BINDTYPE op ID {} IMPL auto LATENCY 0 OPTYPE and PRAGMA {} RTLNAME and_ln476_1_fu_285_p2 SOURCE /home/e/Documents/research/byotee/OSDZU3_Ref_Design/OSDZU3_Ref_Design.runs/design_1_v_mix_0_0_synth_1/prj/sol/.autopilot/db/v_mix.cpp:476 VARIABLE and_ln476_1 LOOP VITIS_LOOP_465_3 BUNDLEDNAME {} DSP 0 BRAM 0 URAM 0 STORAGESUBTYPE {} DISPNAME {bind_op and} VISIBLE false} {BINDTYPE op ID {} IMPL auto LATENCY 0 OPTYPE and PRAGMA {} RTLNAME and_ln476_2_fu_291_p2 SOURCE /home/e/Documents/research/byotee/OSDZU3_Ref_Design/OSDZU3_Ref_Design.runs/design_1_v_mix_0_0_synth_1/prj/sol/.autopilot/db/v_mix.cpp:476 VARIABLE and_ln476_2 LOOP VITIS_LOOP_465_3 BUNDLEDNAME {} DSP 0 BRAM 0 URAM 0 STORAGESUBTYPE {} DISPNAME {bind_op and} VISIBLE false} {BINDTYPE op ID {} IMPL auto LATENCY 0 OPTYPE and PRAGMA {} RTLNAME and_ln476_3_fu_297_p2 SOURCE /home/e/Documents/research/byotee/OSDZU3_Ref_Design/OSDZU3_Ref_Design.runs/design_1_v_mix_0_0_synth_1/prj/sol/.autopilot/db/v_mix.cpp:476 VARIABLE and_ln476_3 LOOP VITIS_LOOP_465_3 BUNDLEDNAME {} DSP 0 BRAM 0 URAM 0 STORAGESUBTYPE {} DISPNAME {bind_op and} VISIBLE false}} AREA {DSP 0 BRAM 0 URAM 0}} v_mix_core_alpha_false_false_s {BINDINFO {{BINDTYPE op ID {} IMPL auto_pipe LATENCY 0 OPTYPE shl PRAGMA {} RTLNAME shl_ln449_fu_174_p2 SOURCE /home/e/Documents/research/byotee/OSDZU3_Ref_Design/OSDZU3_Ref_Design.runs/design_1_v_mix_0_0_synth_1/prj/sol/.autopilot/db/v_mix.cpp:449 VARIABLE shl_ln449 LOOP {} BUNDLEDNAME {} DSP 0 BRAM 0 URAM 0 STORAGESUBTYPE {} DISPNAME {bind_op shl} VISIBLE false} {BINDTYPE op ID {} IMPL auto_pipe LATENCY 0 OPTYPE shl PRAGMA {} RTLNAME shl_ln450_fu_184_p2 SOURCE /home/e/Documents/research/byotee/OSDZU3_Ref_Design/OSDZU3_Ref_Design.runs/design_1_v_mix_0_0_synth_1/prj/sol/.autopilot/db/v_mix.cpp:450 VARIABLE shl_ln450 LOOP {} BUNDLEDNAME {} DSP 0 BRAM 0 URAM 0 STORAGESUBTYPE {} DISPNAME {bind_op shl} VISIBLE false} {BINDTYPE op ID {} IMPL fabric LATENCY 0 OPTYPE add PRAGMA {} RTLNAME add60_i_i_fu_198_p2 SOURCE /home/e/Documents/research/byotee/OSDZU3_Ref_Design/OSDZU3_Ref_Design.runs/design_1_v_mix_0_0_synth_1/prj/sol/.autopilot/db/v_mix.cpp:449 VARIABLE add60_i_i LOOP {} BUNDLEDNAME {} DSP 0 BRAM 0 URAM 0 STORAGESUBTYPE {} DISPNAME {bind_op add} VISIBLE true} {BINDTYPE op ID {} IMPL fabric LATENCY 0 OPTYPE add PRAGMA {} RTLNAME add71_i_i_fu_212_p2 SOURCE /home/e/Documents/research/byotee/OSDZU3_Ref_Design/OSDZU3_Ref_Design.runs/design_1_v_mix_0_0_synth_1/prj/sol/.autopilot/db/v_mix.cpp:450 VARIABLE add71_i_i LOOP {} BUNDLEDNAME {} DSP 0 BRAM 0 URAM 0 STORAGESUBTYPE {} DISPNAME {bind_op add} VISIBLE true} {BINDTYPE op ID {} IMPL auto LATENCY 0 OPTYPE seteq PRAGMA {} RTLNAME icmp_ln463_fu_234_p2 SOURCE /home/e/Documents/research/byotee/OSDZU3_Ref_Design/OSDZU3_Ref_Design.runs/design_1_v_mix_0_0_synth_1/prj/sol/.autopilot/db/v_mix.cpp:463 VARIABLE icmp_ln463 LOOP VITIS_LOOP_463_2 BUNDLEDNAME {} DSP 0 BRAM 0 URAM 0 STORAGESUBTYPE {} DISPNAME {bind_op seteq} VISIBLE false} {BINDTYPE op ID {} IMPL fabric LATENCY 0 OPTYPE add PRAGMA {} RTLNAME add_ln463_fu_239_p2 SOURCE /home/e/Documents/research/byotee/OSDZU3_Ref_Design/OSDZU3_Ref_Design.runs/design_1_v_mix_0_0_synth_1/prj/sol/.autopilot/db/v_mix.cpp:463 VARIABLE add_ln463 LOOP VITIS_LOOP_463_2 BUNDLEDNAME {} DSP 0 BRAM 0 URAM 0 STORAGESUBTYPE {} DISPNAME {bind_op add} VISIBLE true} {BINDTYPE op ID {} IMPL auto LATENCY 0 OPTYPE setlt PRAGMA {} RTLNAME ult_fu_253_p2 SOURCE /home/e/Documents/research/byotee/OSDZU3_Ref_Design/OSDZU3_Ref_Design.runs/design_1_v_mix_0_0_synth_1/prj/sol/.autopilot/db/v_mix.cpp:463 VARIABLE ult LOOP VITIS_LOOP_463_2 BUNDLEDNAME {} DSP 0 BRAM 0 URAM 0 STORAGESUBTYPE {} DISPNAME {bind_op setlt} VISIBLE false} {BINDTYPE op ID {} IMPL auto LATENCY 0 OPTYPE xor PRAGMA {} RTLNAME rev15_fu_258_p2 SOURCE /home/e/Documents/research/byotee/OSDZU3_Ref_Design/OSDZU3_Ref_Design.runs/design_1_v_mix_0_0_synth_1/prj/sol/.autopilot/db/v_mix.cpp:463 VARIABLE rev15 LOOP VITIS_LOOP_463_2 BUNDLEDNAME {} DSP 0 BRAM 0 URAM 0 STORAGESUBTYPE {} DISPNAME {bind_op xor} VISIBLE false} {BINDTYPE op ID {} IMPL auto LATENCY 0 OPTYPE setgt PRAGMA {} RTLNAME cmp61_i_i_fu_265_p2 SOURCE /home/e/Documents/research/byotee/OSDZU3_Ref_Design/OSDZU3_Ref_Design.runs/design_1_v_mix_0_0_synth_1/prj/sol/.autopilot/db/v_mix.cpp:449 VARIABLE cmp61_i_i LOOP VITIS_LOOP_463_2 BUNDLEDNAME {} DSP 0 BRAM 0 URAM 0 STORAGESUBTYPE {} DISPNAME {bind_op setgt} VISIBLE false}} AREA {DSP 0 BRAM 0 URAM 0}} AXIvideo2MultiPixStream_Pipeline_loop_width {BINDINFO {{BINDTYPE op ID {} IMPL auto LATENCY 0 OPTYPE seteq PRAGMA {} RTLNAME icmp_ln3391_fu_196_p2 SOURCE /home/e/Documents/research/byotee/OSDZU3_Ref_Design/OSDZU3_Ref_Design.runs/design_1_v_mix_0_0_synth_1/prj/sol/.autopilot/db/v_mix.cpp:3391 VARIABLE icmp_ln3391 LOOP loop_width BUNDLEDNAME {} DSP 0 BRAM 0 URAM 0 STORAGESUBTYPE {} DISPNAME {bind_op seteq} VISIBLE false} {BINDTYPE op ID {} IMPL fabric LATENCY 0 OPTYPE add PRAGMA {} RTLNAME j_4_fu_202_p2 SOURCE /home/e/Documents/research/byotee/OSDZU3_Ref_Design/OSDZU3_Ref_Design.runs/design_1_v_mix_0_0_synth_1/prj/sol/.autopilot/db/v_mix.cpp:3391 VARIABLE j_4 LOOP loop_width BUNDLEDNAME {} DSP 0 BRAM 0 URAM 0 STORAGESUBTYPE {} DISPNAME {bind_op add} VISIBLE true} {BINDTYPE op ID {} IMPL auto LATENCY 0 OPTYPE or PRAGMA {} RTLNAME or_ln3395_fu_213_p2 SOURCE /home/e/Documents/research/byotee/OSDZU3_Ref_Design/OSDZU3_Ref_Design.runs/design_1_v_mix_0_0_synth_1/prj/sol/.autopilot/db/v_mix.cpp:3395 VARIABLE or_ln3395 LOOP loop_width BUNDLEDNAME {} DSP 0 BRAM 0 URAM 0 STORAGESUBTYPE {} DISPNAME {bind_op or} VISIBLE false}} AREA {DSP 0 BRAM 0 URAM 0}} AXIvideo2MultiPixStream {BINDINFO {{BINDTYPE op ID {} IMPL auto LATENCY 0 OPTYPE setne PRAGMA {} RTLNAME cmp10403_i_i_fu_269_p2 SOURCE /home/e/Documents/research/byotee/OSDZU3_Ref_Design/OSDZU3_Ref_Design.runs/design_1_v_mix_0_0_synth_1/prj/sol/.autopilot/db/v_mix.cpp:3367 VARIABLE cmp10403_i_i LOOP {} BUNDLEDNAME {} DSP 0 BRAM 0 URAM 0 STORAGESUBTYPE {} DISPNAME {bind_op setne} VISIBLE false} {BINDTYPE op ID {} IMPL auto LATENCY 0 OPTYPE xor PRAGMA {} RTLNAME xor_ln3436_fu_274_p2 SOURCE /home/e/Documents/research/byotee/OSDZU3_Ref_Design/OSDZU3_Ref_Design.runs/design_1_v_mix_0_0_synth_1/prj/sol/.autopilot/db/v_mix.cpp:3436 VARIABLE xor_ln3436 LOOP {} BUNDLEDNAME {} DSP 0 BRAM 0 URAM 0 STORAGESUBTYPE {} DISPNAME {bind_op xor} VISIBLE false} {BINDTYPE op ID {} IMPL auto LATENCY 0 OPTYPE seteq PRAGMA {} RTLNAME icmp_ln3387_fu_283_p2 SOURCE /home/e/Documents/research/byotee/OSDZU3_Ref_Design/OSDZU3_Ref_Design.runs/design_1_v_mix_0_0_synth_1/prj/sol/.autopilot/db/v_mix.cpp:3387 VARIABLE icmp_ln3387 LOOP loop_height BUNDLEDNAME {} DSP 0 BRAM 0 URAM 0 STORAGESUBTYPE {} DISPNAME {bind_op seteq} VISIBLE false} {BINDTYPE op ID {} IMPL fabric LATENCY 0 OPTYPE add PRAGMA {} RTLNAME i_8_fu_288_p2 SOURCE /home/e/Documents/research/byotee/OSDZU3_Ref_Design/OSDZU3_Ref_Design.runs/design_1_v_mix_0_0_synth_1/prj/sol/.autopilot/db/v_mix.cpp:3387 VARIABLE i_8 LOOP loop_height BUNDLEDNAME {} DSP 0 BRAM 0 URAM 0 STORAGESUBTYPE {} DISPNAME {bind_op add} VISIBLE true} {BINDTYPE op ID {} IMPL auto_sel LATENCY 0 OPTYPE select PRAGMA {} RTLNAME select_ln3436_fu_354_p3 SOURCE /home/e/Documents/research/byotee/OSDZU3_Ref_Design/OSDZU3_Ref_Design.runs/design_1_v_mix_0_0_synth_1/prj/sol/.autopilot/db/v_mix.cpp:3436 VARIABLE select_ln3436 LOOP loop_height BUNDLEDNAME {} DSP 0 BRAM 0 URAM 0 STORAGESUBTYPE {} DISPNAME {bind_op select} VISIBLE false} {BINDTYPE op ID {} IMPL auto LATENCY 0 OPTYPE and PRAGMA {} RTLNAME and_ln3436_fu_298_p2 SOURCE /home/e/Documents/research/byotee/OSDZU3_Ref_Design/OSDZU3_Ref_Design.runs/design_1_v_mix_0_0_synth_1/prj/sol/.autopilot/db/v_mix.cpp:3436 VARIABLE and_ln3436 LOOP loop_height BUNDLEDNAME {} DSP 0 BRAM 0 URAM 0 STORAGESUBTYPE {} DISPNAME {bind_op and} VISIBLE false}} AREA {DSP 0 BRAM 0 URAM 0}} v_mix_420_to_422_false_Pipeline_VITIS_LOOP_76_2 {BINDINFO {{BINDTYPE op ID {} IMPL auto LATENCY 0 OPTYPE seteq PRAGMA {} RTLNAME icmp_ln76_fu_78_p2 SOURCE /home/e/Documents/research/byotee/OSDZU3_Ref_Design/OSDZU3_Ref_Design.runs/design_1_v_mix_0_0_synth_1/prj/sol/.autopilot/db/v_csc.cpp:76 VARIABLE icmp_ln76 LOOP VITIS_LOOP_76_2 BUNDLEDNAME {} DSP 0 BRAM 0 URAM 0 STORAGESUBTYPE {} DISPNAME {bind_op seteq} VISIBLE false} {BINDTYPE op ID {} IMPL fabric LATENCY 0 OPTYPE add PRAGMA {} RTLNAME x_21_fu_84_p2 SOURCE /home/e/Documents/research/byotee/OSDZU3_Ref_Design/OSDZU3_Ref_Design.runs/design_1_v_mix_0_0_synth_1/prj/sol/.autopilot/db/v_csc.cpp:76 VARIABLE x_21 LOOP VITIS_LOOP_76_2 BUNDLEDNAME {} DSP 0 BRAM 0 URAM 0 STORAGESUBTYPE {} DISPNAME {bind_op add} VISIBLE true}} AREA {DSP 0 BRAM 0 URAM 0}} v_mix_420_to_422_false_s {BINDINFO {{BINDTYPE op ID {} IMPL auto LATENCY 0 OPTYPE seteq PRAGMA {} RTLNAME icmp_ln74_fu_87_p2 SOURCE /home/e/Documents/research/byotee/OSDZU3_Ref_Design/OSDZU3_Ref_Design.runs/design_1_v_mix_0_0_synth_1/prj/sol/.autopilot/db/v_csc.cpp:74 VARIABLE icmp_ln74 LOOP VITIS_LOOP_74_1 BUNDLEDNAME {} DSP 0 BRAM 0 URAM 0 STORAGESUBTYPE {} DISPNAME {bind_op seteq} VISIBLE false} {BINDTYPE op ID {} IMPL fabric LATENCY 0 OPTYPE add PRAGMA {} RTLNAME y_24_fu_92_p2 SOURCE /home/e/Documents/research/byotee/OSDZU3_Ref_Design/OSDZU3_Ref_Design.runs/design_1_v_mix_0_0_synth_1/prj/sol/.autopilot/db/v_csc.cpp:74 VARIABLE y_24 LOOP VITIS_LOOP_74_1 BUNDLEDNAME {} DSP 0 BRAM 0 URAM 0 STORAGESUBTYPE {} DISPNAME {bind_op add} VISIBLE true}} AREA {DSP 0 BRAM 0 URAM 0}} v_mix_422_to_444_false_Pipeline_VITIS_LOOP_105_2 {BINDINFO {{BINDTYPE op ID {} IMPL auto LATENCY 0 OPTYPE seteq PRAGMA {} RTLNAME icmp_ln105_fu_78_p2 SOURCE /home/e/Documents/research/byotee/OSDZU3_Ref_Design/OSDZU3_Ref_Design.runs/design_1_v_mix_0_0_synth_1/prj/sol/.autopilot/db/v_csc.cpp:105 VARIABLE icmp_ln105 LOOP VITIS_LOOP_105_2 BUNDLEDNAME {} DSP 0 BRAM 0 URAM 0 STORAGESUBTYPE {} DISPNAME {bind_op seteq} VISIBLE false} {BINDTYPE op ID {} IMPL fabric LATENCY 0 OPTYPE add PRAGMA {} RTLNAME x_17_fu_84_p2 SOURCE /home/e/Documents/research/byotee/OSDZU3_Ref_Design/OSDZU3_Ref_Design.runs/design_1_v_mix_0_0_synth_1/prj/sol/.autopilot/db/v_csc.cpp:105 VARIABLE x_17 LOOP VITIS_LOOP_105_2 BUNDLEDNAME {} DSP 0 BRAM 0 URAM 0 STORAGESUBTYPE {} DISPNAME {bind_op add} VISIBLE true}} AREA {DSP 0 BRAM 0 URAM 0}} v_mix_422_to_444_false_s {BINDINFO {{BINDTYPE op ID {} IMPL auto LATENCY 0 OPTYPE seteq PRAGMA {} RTLNAME icmp_ln103_fu_87_p2 SOURCE /home/e/Documents/research/byotee/OSDZU3_Ref_Design/OSDZU3_Ref_Design.runs/design_1_v_mix_0_0_synth_1/prj/sol/.autopilot/db/v_csc.cpp:103 VARIABLE icmp_ln103 LOOP VITIS_LOOP_103_1 BUNDLEDNAME {} DSP 0 BRAM 0 URAM 0 STORAGESUBTYPE {} DISPNAME {bind_op seteq} VISIBLE false} {BINDTYPE op ID {} IMPL fabric LATENCY 0 OPTYPE add PRAGMA {} RTLNAME y_18_fu_92_p2 SOURCE /home/e/Documents/research/byotee/OSDZU3_Ref_Design/OSDZU3_Ref_Design.runs/design_1_v_mix_0_0_synth_1/prj/sol/.autopilot/db/v_csc.cpp:103 VARIABLE y_18 LOOP VITIS_LOOP_103_1 BUNDLEDNAME {} DSP 0 BRAM 0 URAM 0 STORAGESUBTYPE {} DISPNAME {bind_op add} VISIBLE true}} AREA {DSP 0 BRAM 0 URAM 0}} v_mix_yuv2rgb_false_Pipeline_VITIS_LOOP_897_2 {BINDINFO {{BINDTYPE op ID {} IMPL auto LATENCY 0 OPTYPE seteq PRAGMA {} RTLNAME icmp_ln897_fu_78_p2 SOURCE /home/e/Documents/research/byotee/OSDZU3_Ref_Design/OSDZU3_Ref_Design.runs/design_1_v_mix_0_0_synth_1/prj/sol/.autopilot/db/v_csc.cpp:897 VARIABLE icmp_ln897 LOOP VITIS_LOOP_897_2 BUNDLEDNAME {} DSP 0 BRAM 0 URAM 0 STORAGESUBTYPE {} DISPNAME {bind_op seteq} VISIBLE false} {BINDTYPE op ID {} IMPL fabric LATENCY 0 OPTYPE add PRAGMA {} RTLNAME x_4_fu_84_p2 SOURCE /home/e/Documents/research/byotee/OSDZU3_Ref_Design/OSDZU3_Ref_Design.runs/design_1_v_mix_0_0_synth_1/prj/sol/.autopilot/db/v_csc.cpp:897 VARIABLE x_4 LOOP VITIS_LOOP_897_2 BUNDLEDNAME {} DSP 0 BRAM 0 URAM 0 STORAGESUBTYPE {} DISPNAME {bind_op add} VISIBLE true}} AREA {DSP 0 BRAM 0 URAM 0}} v_mix_yuv2rgb_false_s {BINDINFO {{BINDTYPE op ID {} IMPL auto LATENCY 0 OPTYPE seteq PRAGMA {} RTLNAME icmp_ln895_fu_87_p2 SOURCE /home/e/Documents/research/byotee/OSDZU3_Ref_Design/OSDZU3_Ref_Design.runs/design_1_v_mix_0_0_synth_1/prj/sol/.autopilot/db/v_csc.cpp:895 VARIABLE icmp_ln895 LOOP VITIS_LOOP_895_1 BUNDLEDNAME {} DSP 0 BRAM 0 URAM 0 STORAGESUBTYPE {} DISPNAME {bind_op seteq} VISIBLE false} {BINDTYPE op ID {} IMPL fabric LATENCY 0 OPTYPE add PRAGMA {} RTLNAME y_6_fu_92_p2 SOURCE /home/e/Documents/research/byotee/OSDZU3_Ref_Design/OSDZU3_Ref_Design.runs/design_1_v_mix_0_0_synth_1/prj/sol/.autopilot/db/v_csc.cpp:895 VARIABLE y_6 LOOP VITIS_LOOP_895_1 BUNDLEDNAME {} DSP 0 BRAM 0 URAM 0 STORAGESUBTYPE {} DISPNAME {bind_op add} VISIBLE true}} AREA {DSP 0 BRAM 0 URAM 0}} v_mix_upsample_false_Pipeline_VITIS_LOOP_107_2 {BINDINFO {{BINDTYPE op ID {} IMPL auto LATENCY 0 OPTYPE seteq PRAGMA {} RTLNAME icmp_ln107_fu_78_p2 SOURCE /home/e/Documents/research/byotee/OSDZU3_Ref_Design/OSDZU3_Ref_Design.runs/design_1_v_mix_0_0_synth_1/prj/sol/.autopilot/db/v_mix.cpp:107 VARIABLE icmp_ln107 LOOP VITIS_LOOP_107_2 BUNDLEDNAME {} DSP 0 BRAM 0 URAM 0 STORAGESUBTYPE {} DISPNAME {bind_op seteq} VISIBLE false} {BINDTYPE op ID {} IMPL fabric LATENCY 0 OPTYPE add PRAGMA {} RTLNAME x_8_fu_84_p2 SOURCE /home/e/Documents/research/byotee/OSDZU3_Ref_Design/OSDZU3_Ref_Design.runs/design_1_v_mix_0_0_synth_1/prj/sol/.autopilot/db/v_mix.cpp:107 VARIABLE x_8 LOOP VITIS_LOOP_107_2 BUNDLEDNAME {} DSP 0 BRAM 0 URAM 0 STORAGESUBTYPE {} DISPNAME {bind_op add} VISIBLE true}} AREA {DSP 0 BRAM 0 URAM 0}} v_mix_upsample_false_s {BINDINFO {{BINDTYPE op ID {} IMPL auto LATENCY 0 OPTYPE seteq PRAGMA {} RTLNAME icmp_ln105_fu_87_p2 SOURCE /home/e/Documents/research/byotee/OSDZU3_Ref_Design/OSDZU3_Ref_Design.runs/design_1_v_mix_0_0_synth_1/prj/sol/.autopilot/db/v_mix.cpp:105 VARIABLE icmp_ln105 LOOP VITIS_LOOP_105_1 BUNDLEDNAME {} DSP 0 BRAM 0 URAM 0 STORAGESUBTYPE {} DISPNAME {bind_op seteq} VISIBLE false} {BINDTYPE op ID {} IMPL fabric LATENCY 0 OPTYPE add PRAGMA {} RTLNAME y_10_fu_92_p2 SOURCE /home/e/Documents/research/byotee/OSDZU3_Ref_Design/OSDZU3_Ref_Design.runs/design_1_v_mix_0_0_synth_1/prj/sol/.autopilot/db/v_mix.cpp:105 VARIABLE y_10 LOOP VITIS_LOOP_105_1 BUNDLEDNAME {} DSP 0 BRAM 0 URAM 0 STORAGESUBTYPE {} DISPNAME {bind_op add} VISIBLE true}} AREA {DSP 0 BRAM 0 URAM 0}} v_mix_core_alpha_true_false_Pipeline_VITIS_LOOP_395_3 {BINDINFO {{BINDTYPE op ID {} IMPL auto LATENCY 0 OPTYPE seteq PRAGMA {} RTLNAME icmp_ln395_fu_182_p2 SOURCE /home/e/Documents/research/byotee/OSDZU3_Ref_Design/OSDZU3_Ref_Design.runs/design_1_v_mix_0_0_synth_1/prj/sol/.autopilot/db/v_mix.cpp:395 VARIABLE icmp_ln395 LOOP VITIS_LOOP_395_3 BUNDLEDNAME {} DSP 0 BRAM 0 URAM 0 STORAGESUBTYPE {} DISPNAME {bind_op seteq} VISIBLE false} {BINDTYPE op ID {} IMPL fabric LATENCY 0 OPTYPE add PRAGMA {} RTLNAME add_ln395_fu_188_p2 SOURCE /home/e/Documents/research/byotee/OSDZU3_Ref_Design/OSDZU3_Ref_Design.runs/design_1_v_mix_0_0_synth_1/prj/sol/.autopilot/db/v_mix.cpp:395 VARIABLE add_ln395 LOOP VITIS_LOOP_395_3 BUNDLEDNAME {} DSP 0 BRAM 0 URAM 0 STORAGESUBTYPE {} DISPNAME {bind_op add} VISIBLE true} {BINDTYPE op ID {} IMPL auto LATENCY 0 OPTYPE setlt PRAGMA {} RTLNAME icmp_ln408_fu_202_p2 SOURCE /home/e/Documents/research/byotee/OSDZU3_Ref_Design/OSDZU3_Ref_Design.runs/design_1_v_mix_0_0_synth_1/prj/sol/.autopilot/db/v_mix.cpp:408 VARIABLE icmp_ln408 LOOP VITIS_LOOP_395_3 BUNDLEDNAME {} DSP 0 BRAM 0 URAM 0 STORAGESUBTYPE {} DISPNAME {bind_op setlt} VISIBLE false} {BINDTYPE op ID {} IMPL auto LATENCY 0 OPTYPE xor PRAGMA {} RTLNAME xor_ln408_fu_208_p2 SOURCE /home/e/Documents/research/byotee/OSDZU3_Ref_Design/OSDZU3_Ref_Design.runs/design_1_v_mix_0_0_synth_1/prj/sol/.autopilot/db/v_mix.cpp:408 VARIABLE xor_ln408 LOOP VITIS_LOOP_395_3 BUNDLEDNAME {} DSP 0 BRAM 0 URAM 0 STORAGESUBTYPE {} DISPNAME {bind_op xor} VISIBLE false} {BINDTYPE op ID {} IMPL auto LATENCY 0 OPTYPE setgt PRAGMA {} RTLNAME icmp_ln409_fu_214_p2 SOURCE /home/e/Documents/research/byotee/OSDZU3_Ref_Design/OSDZU3_Ref_Design.runs/design_1_v_mix_0_0_synth_1/prj/sol/.autopilot/db/v_mix.cpp:409 VARIABLE icmp_ln409 LOOP VITIS_LOOP_395_3 BUNDLEDNAME {} DSP 0 BRAM 0 URAM 0 STORAGESUBTYPE {} DISPNAME {bind_op setgt} VISIBLE false} {BINDTYPE op ID {} IMPL auto LATENCY 0 OPTYPE and PRAGMA {} RTLNAME and_ln407_fu_220_p2 SOURCE /home/e/Documents/research/byotee/OSDZU3_Ref_Design/OSDZU3_Ref_Design.runs/design_1_v_mix_0_0_synth_1/prj/sol/.autopilot/db/v_mix.cpp:407 VARIABLE and_ln407 LOOP VITIS_LOOP_395_3 BUNDLEDNAME {} DSP 0 BRAM 0 URAM 0 STORAGESUBTYPE {} DISPNAME {bind_op and} VISIBLE false} {BINDTYPE op ID {} IMPL auto LATENCY 0 OPTYPE and PRAGMA {} RTLNAME and_ln407_2_fu_226_p2 SOURCE /home/e/Documents/research/byotee/OSDZU3_Ref_Design/OSDZU3_Ref_Design.runs/design_1_v_mix_0_0_synth_1/prj/sol/.autopilot/db/v_mix.cpp:407 VARIABLE and_ln407_2 LOOP VITIS_LOOP_395_3 BUNDLEDNAME {} DSP 0 BRAM 0 URAM 0 STORAGESUBTYPE {} DISPNAME {bind_op and} VISIBLE false} {BINDTYPE op ID {} IMPL auto LATENCY 0 OPTYPE and PRAGMA {} RTLNAME and_ln407_1_fu_232_p2 SOURCE /home/e/Documents/research/byotee/OSDZU3_Ref_Design/OSDZU3_Ref_Design.runs/design_1_v_mix_0_0_synth_1/prj/sol/.autopilot/db/v_mix.cpp:407 VARIABLE and_ln407_1 LOOP VITIS_LOOP_395_3 BUNDLEDNAME {} DSP 0 BRAM 0 URAM 0 STORAGESUBTYPE {} DISPNAME {bind_op and} VISIBLE false} {BINDTYPE op ID {} IMPL auto LATENCY 0 OPTYPE and PRAGMA {} RTLNAME and_ln407_3_fu_238_p2 SOURCE /home/e/Documents/research/byotee/OSDZU3_Ref_Design/OSDZU3_Ref_Design.runs/design_1_v_mix_0_0_synth_1/prj/sol/.autopilot/db/v_mix.cpp:407 VARIABLE and_ln407_3 LOOP VITIS_LOOP_395_3 BUNDLEDNAME {} DSP 0 BRAM 0 URAM 0 STORAGESUBTYPE {} DISPNAME {bind_op and} VISIBLE false} {BINDTYPE op ID {} IMPL fabric LATENCY 0 OPTYPE sub PRAGMA {} RTLNAME sub_ln426_fu_334_p2 SOURCE /home/e/Documents/research/byotee/OSDZU3_Ref_Design/OSDZU3_Ref_Design.runs/design_1_v_mix_0_0_synth_1/prj/sol/.autopilot/db/v_mix.cpp:426 VARIABLE sub_ln426 LOOP VITIS_LOOP_395_3 BUNDLEDNAME {} DSP 0 BRAM 0 URAM 0 STORAGESUBTYPE {} DISPNAME {bind_op sub} VISIBLE true} {BINDTYPE op ID {} IMPL dsp_slice LATENCY 3 OPTYPE mul PRAGMA {} RTLNAME mac_muladd_9s_9ns_16ns_16_4_1_U284 SOURCE /home/e/Documents/research/byotee/OSDZU3_Ref_Design/OSDZU3_Ref_Design.runs/design_1_v_mix_0_0_synth_1/prj/sol/.autopilot/db/v_mix.cpp:427 VARIABLE mul_ln427 LOOP VITIS_LOOP_395_3 BUNDLEDNAME {} DSP 1 BRAM 0 URAM 0 STORAGESUBTYPE {} DISPNAME {bind_op mul} VISIBLE true} {BINDTYPE op ID {} IMPL dsp_slice LATENCY 3 OPTYPE add PRAGMA {} RTLNAME mac_muladd_9s_9ns_16ns_16_4_1_U284 SOURCE /home/e/Documents/research/byotee/OSDZU3_Ref_Design/OSDZU3_Ref_Design.runs/design_1_v_mix_0_0_synth_1/prj/sol/.autopilot/db/v_mix.cpp:427 VARIABLE add_ln427 LOOP VITIS_LOOP_395_3 BUNDLEDNAME {} DSP 1 BRAM 0 URAM 0 STORAGESUBTYPE {} DISPNAME {bind_op add} VISIBLE true} {BINDTYPE op ID {} IMPL fabric LATENCY 0 OPTYPE sub PRAGMA {} RTLNAME sub_ln426_1_fu_355_p2 SOURCE /home/e/Documents/research/byotee/OSDZU3_Ref_Design/OSDZU3_Ref_Design.runs/design_1_v_mix_0_0_synth_1/prj/sol/.autopilot/db/v_mix.cpp:426 VARIABLE sub_ln426_1 LOOP VITIS_LOOP_395_3 BUNDLEDNAME {} DSP 0 BRAM 0 URAM 0 STORAGESUBTYPE {} DISPNAME {bind_op sub} VISIBLE true} {BINDTYPE op ID {} IMPL dsp_slice LATENCY 3 OPTYPE mul PRAGMA {} RTLNAME mac_muladd_9ns_9s_16ns_16_4_1_U285 SOURCE /home/e/Documents/research/byotee/OSDZU3_Ref_Design/OSDZU3_Ref_Design.runs/design_1_v_mix_0_0_synth_1/prj/sol/.autopilot/db/v_mix.cpp:427 VARIABLE mul_ln427_1 LOOP VITIS_LOOP_395_3 BUNDLEDNAME {} DSP 1 BRAM 0 URAM 0 STORAGESUBTYPE {} DISPNAME {bind_op mul} VISIBLE true} {BINDTYPE op ID {} IMPL dsp_slice LATENCY 3 OPTYPE add PRAGMA {} RTLNAME mac_muladd_9ns_9s_16ns_16_4_1_U285 SOURCE /home/e/Documents/research/byotee/OSDZU3_Ref_Design/OSDZU3_Ref_Design.runs/design_1_v_mix_0_0_synth_1/prj/sol/.autopilot/db/v_mix.cpp:427 VARIABLE add_ln427_1 LOOP VITIS_LOOP_395_3 BUNDLEDNAME {} DSP 1 BRAM 0 URAM 0 STORAGESUBTYPE {} DISPNAME {bind_op add} VISIBLE true} {BINDTYPE op ID {} IMPL fabric LATENCY 0 OPTYPE sub PRAGMA {} RTLNAME sub_ln426_2_fu_372_p2 SOURCE /home/e/Documents/research/byotee/OSDZU3_Ref_Design/OSDZU3_Ref_Design.runs/design_1_v_mix_0_0_synth_1/prj/sol/.autopilot/db/v_mix.cpp:426 VARIABLE sub_ln426_2 LOOP VITIS_LOOP_395_3 BUNDLEDNAME {} DSP 0 BRAM 0 URAM 0 STORAGESUBTYPE {} DISPNAME {bind_op sub} VISIBLE true} {BINDTYPE op ID {} IMPL dsp_slice LATENCY 3 OPTYPE mul PRAGMA {} RTLNAME mac_muladd_9ns_9s_16ns_16_4_1_U286 SOURCE /home/e/Documents/research/byotee/OSDZU3_Ref_Design/OSDZU3_Ref_Design.runs/design_1_v_mix_0_0_synth_1/prj/sol/.autopilot/db/v_mix.cpp:427 VARIABLE mul_ln427_2 LOOP VITIS_LOOP_395_3 BUNDLEDNAME {} DSP 1 BRAM 0 URAM 0 STORAGESUBTYPE {} DISPNAME {bind_op mul} VISIBLE true} {BINDTYPE op ID {} IMPL dsp_slice LATENCY 3 OPTYPE add PRAGMA {} RTLNAME mac_muladd_9ns_9s_16ns_16_4_1_U286 SOURCE /home/e/Documents/research/byotee/OSDZU3_Ref_Design/OSDZU3_Ref_Design.runs/design_1_v_mix_0_0_synth_1/prj/sol/.autopilot/db/v_mix.cpp:427 VARIABLE add_ln427_2 LOOP VITIS_LOOP_395_3 BUNDLEDNAME {} DSP 1 BRAM 0 URAM 0 STORAGESUBTYPE {} DISPNAME {bind_op add} VISIBLE true}} AREA {DSP 3 BRAM 0 URAM 0}} v_mix_core_alpha_true_false_s {BINDINFO {{BINDTYPE op ID {} IMPL auto_pipe LATENCY 0 OPTYPE shl PRAGMA {} RTLNAME shl_ln375_fu_183_p2 SOURCE /home/e/Documents/research/byotee/OSDZU3_Ref_Design/OSDZU3_Ref_Design.runs/design_1_v_mix_0_0_synth_1/prj/sol/.autopilot/db/v_mix.cpp:375 VARIABLE shl_ln375 LOOP {} BUNDLEDNAME {} DSP 0 BRAM 0 URAM 0 STORAGESUBTYPE {} DISPNAME {bind_op shl} VISIBLE false} {BINDTYPE op ID {} IMPL auto_pipe LATENCY 0 OPTYPE shl PRAGMA {} RTLNAME shl_ln376_fu_193_p2 SOURCE /home/e/Documents/research/byotee/OSDZU3_Ref_Design/OSDZU3_Ref_Design.runs/design_1_v_mix_0_0_synth_1/prj/sol/.autopilot/db/v_mix.cpp:376 VARIABLE shl_ln376 LOOP {} BUNDLEDNAME {} DSP 0 BRAM 0 URAM 0 STORAGESUBTYPE {} DISPNAME {bind_op shl} VISIBLE false} {BINDTYPE op ID {} IMPL fabric LATENCY 0 OPTYPE add PRAGMA {} RTLNAME add64_fu_207_p2 SOURCE /home/e/Documents/research/byotee/OSDZU3_Ref_Design/OSDZU3_Ref_Design.runs/design_1_v_mix_0_0_synth_1/prj/sol/.autopilot/db/v_mix.cpp:375 VARIABLE add64 LOOP {} BUNDLEDNAME {} DSP 0 BRAM 0 URAM 0 STORAGESUBTYPE {} DISPNAME {bind_op add} VISIBLE true} {BINDTYPE op ID {} IMPL fabric LATENCY 0 OPTYPE add PRAGMA {} RTLNAME add75_fu_221_p2 SOURCE /home/e/Documents/research/byotee/OSDZU3_Ref_Design/OSDZU3_Ref_Design.runs/design_1_v_mix_0_0_synth_1/prj/sol/.autopilot/db/v_mix.cpp:376 VARIABLE add75 LOOP {} BUNDLEDNAME {} DSP 0 BRAM 0 URAM 0 STORAGESUBTYPE {} DISPNAME {bind_op add} VISIBLE true} {BINDTYPE op ID {} IMPL auto LATENCY 0 OPTYPE seteq PRAGMA {} RTLNAME icmp_ln393_fu_238_p2 SOURCE /home/e/Documents/research/byotee/OSDZU3_Ref_Design/OSDZU3_Ref_Design.runs/design_1_v_mix_0_0_synth_1/prj/sol/.autopilot/db/v_mix.cpp:393 VARIABLE icmp_ln393 LOOP VITIS_LOOP_393_2 BUNDLEDNAME {} DSP 0 BRAM 0 URAM 0 STORAGESUBTYPE {} DISPNAME {bind_op seteq} VISIBLE false} {BINDTYPE op ID {} IMPL fabric LATENCY 0 OPTYPE add PRAGMA {} RTLNAME add_ln393_fu_243_p2 SOURCE /home/e/Documents/research/byotee/OSDZU3_Ref_Design/OSDZU3_Ref_Design.runs/design_1_v_mix_0_0_synth_1/prj/sol/.autopilot/db/v_mix.cpp:393 VARIABLE add_ln393 LOOP VITIS_LOOP_393_2 BUNDLEDNAME {} DSP 0 BRAM 0 URAM 0 STORAGESUBTYPE {} DISPNAME {bind_op add} VISIBLE true} {BINDTYPE op ID {} IMPL auto LATENCY 0 OPTYPE setlt PRAGMA {} RTLNAME ult_fu_257_p2 SOURCE /home/e/Documents/research/byotee/OSDZU3_Ref_Design/OSDZU3_Ref_Design.runs/design_1_v_mix_0_0_synth_1/prj/sol/.autopilot/db/v_mix.cpp:393 VARIABLE ult LOOP VITIS_LOOP_393_2 BUNDLEDNAME {} DSP 0 BRAM 0 URAM 0 STORAGESUBTYPE {} DISPNAME {bind_op setlt} VISIBLE false} {BINDTYPE op ID {} IMPL auto LATENCY 0 OPTYPE xor PRAGMA {} RTLNAME rev29_fu_262_p2 SOURCE /home/e/Documents/research/byotee/OSDZU3_Ref_Design/OSDZU3_Ref_Design.runs/design_1_v_mix_0_0_synth_1/prj/sol/.autopilot/db/v_mix.cpp:393 VARIABLE rev29 LOOP VITIS_LOOP_393_2 BUNDLEDNAME {} DSP 0 BRAM 0 URAM 0 STORAGESUBTYPE {} DISPNAME {bind_op xor} VISIBLE false} {BINDTYPE op ID {} IMPL auto LATENCY 0 OPTYPE setgt PRAGMA {} RTLNAME cmp65_fu_269_p2 SOURCE /home/e/Documents/research/byotee/OSDZU3_Ref_Design/OSDZU3_Ref_Design.runs/design_1_v_mix_0_0_synth_1/prj/sol/.autopilot/db/v_mix.cpp:375 VARIABLE cmp65 LOOP VITIS_LOOP_393_2 BUNDLEDNAME {} DSP 0 BRAM 0 URAM 0 STORAGESUBTYPE {} DISPNAME {bind_op setgt} VISIBLE false}} AREA {DSP 3 BRAM 0 URAM 0}} v_mix_rgb2yuv_false_Pipeline_VITIS_LOOP_1042_2 {BINDINFO {{BINDTYPE op ID {} IMPL auto LATENCY 0 OPTYPE seteq PRAGMA {} RTLNAME icmp_ln1042_fu_80_p2 SOURCE /home/e/Documents/research/byotee/OSDZU3_Ref_Design/OSDZU3_Ref_Design.runs/design_1_v_mix_0_0_synth_1/prj/sol/.autopilot/db/v_csc.cpp:1042 VARIABLE icmp_ln1042 LOOP VITIS_LOOP_1042_2 BUNDLEDNAME {} DSP 0 BRAM 0 URAM 0 STORAGESUBTYPE {} DISPNAME {bind_op seteq} VISIBLE false} {BINDTYPE op ID {} IMPL fabric LATENCY 0 OPTYPE add PRAGMA {} RTLNAME x_11_fu_86_p2 SOURCE /home/e/Documents/research/byotee/OSDZU3_Ref_Design/OSDZU3_Ref_Design.runs/design_1_v_mix_0_0_synth_1/prj/sol/.autopilot/db/v_csc.cpp:1042 VARIABLE x_11 LOOP VITIS_LOOP_1042_2 BUNDLEDNAME {} DSP 0 BRAM 0 URAM 0 STORAGESUBTYPE {} DISPNAME {bind_op add} VISIBLE true}} AREA {DSP 0 BRAM 0 URAM 0}} v_mix_rgb2yuv_false_s {BINDINFO {{BINDTYPE op ID {} IMPL auto LATENCY 0 OPTYPE seteq PRAGMA {} RTLNAME icmp_ln1040_fu_79_p2 SOURCE /home/e/Documents/research/byotee/OSDZU3_Ref_Design/OSDZU3_Ref_Design.runs/design_1_v_mix_0_0_synth_1/prj/sol/.autopilot/db/v_csc.cpp:1040 VARIABLE icmp_ln1040 LOOP VITIS_LOOP_1040_1 BUNDLEDNAME {} DSP 0 BRAM 0 URAM 0 STORAGESUBTYPE {} DISPNAME {bind_op seteq} VISIBLE false} {BINDTYPE op ID {} IMPL fabric LATENCY 0 OPTYPE add PRAGMA {} RTLNAME y_12_fu_84_p2 SOURCE /home/e/Documents/research/byotee/OSDZU3_Ref_Design/OSDZU3_Ref_Design.runs/design_1_v_mix_0_0_synth_1/prj/sol/.autopilot/db/v_csc.cpp:1040 VARIABLE y_12 LOOP VITIS_LOOP_1040_1 BUNDLEDNAME {} DSP 0 BRAM 0 URAM 0 STORAGESUBTYPE {} DISPNAME {bind_op add} VISIBLE true}} AREA {DSP 0 BRAM 0 URAM 0}} v_mix_444_to_422_false_Pipeline_VITIS_LOOP_718_2 {BINDINFO {{BINDTYPE op ID {} IMPL auto LATENCY 0 OPTYPE seteq PRAGMA {} RTLNAME icmp_ln718_fu_80_p2 SOURCE /home/e/Documents/research/byotee/OSDZU3_Ref_Design/OSDZU3_Ref_Design.runs/design_1_v_mix_0_0_synth_1/prj/sol/.autopilot/db/v_csc.cpp:718 VARIABLE icmp_ln718 LOOP VITIS_LOOP_718_2 BUNDLEDNAME {} DSP 0 BRAM 0 URAM 0 STORAGESUBTYPE {} DISPNAME {bind_op seteq} VISIBLE false} {BINDTYPE op ID {} IMPL fabric LATENCY 0 OPTYPE add PRAGMA {} RTLNAME x_14_fu_86_p2 SOURCE /home/e/Documents/research/byotee/OSDZU3_Ref_Design/OSDZU3_Ref_Design.runs/design_1_v_mix_0_0_synth_1/prj/sol/.autopilot/db/v_csc.cpp:718 VARIABLE x_14 LOOP VITIS_LOOP_718_2 BUNDLEDNAME {} DSP 0 BRAM 0 URAM 0 STORAGESUBTYPE {} DISPNAME {bind_op add} VISIBLE true}} AREA {DSP 0 BRAM 0 URAM 0}} v_mix_444_to_422_false_s {BINDINFO {{BINDTYPE op ID {} IMPL auto LATENCY 0 OPTYPE seteq PRAGMA {} RTLNAME icmp_ln716_fu_79_p2 SOURCE /home/e/Documents/research/byotee/OSDZU3_Ref_Design/OSDZU3_Ref_Design.runs/design_1_v_mix_0_0_synth_1/prj/sol/.autopilot/db/v_csc.cpp:716 VARIABLE icmp_ln716 LOOP VITIS_LOOP_716_1 BUNDLEDNAME {} DSP 0 BRAM 0 URAM 0 STORAGESUBTYPE {} DISPNAME {bind_op seteq} VISIBLE false} {BINDTYPE op ID {} IMPL fabric LATENCY 0 OPTYPE add PRAGMA {} RTLNAME y_15_fu_84_p2 SOURCE /home/e/Documents/research/byotee/OSDZU3_Ref_Design/OSDZU3_Ref_Design.runs/design_1_v_mix_0_0_synth_1/prj/sol/.autopilot/db/v_csc.cpp:716 VARIABLE y_15 LOOP VITIS_LOOP_716_1 BUNDLEDNAME {} DSP 0 BRAM 0 URAM 0 STORAGESUBTYPE {} DISPNAME {bind_op add} VISIBLE true}} AREA {DSP 0 BRAM 0 URAM 0}} v_mix_422_to_420_false_Pipeline_VITIS_LOOP_508_2 {BINDINFO {{BINDTYPE op ID {} IMPL auto LATENCY 0 OPTYPE seteq PRAGMA {} RTLNAME icmp_ln508_fu_80_p2 SOURCE /home/e/Documents/research/byotee/OSDZU3_Ref_Design/OSDZU3_Ref_Design.runs/design_1_v_mix_0_0_synth_1/prj/sol/.autopilot/db/v_csc.cpp:508 VARIABLE icmp_ln508 LOOP VITIS_LOOP_508_2 BUNDLEDNAME {} DSP 0 BRAM 0 URAM 0 STORAGESUBTYPE {} DISPNAME {bind_op seteq} VISIBLE false} {BINDTYPE op ID {} IMPL fabric LATENCY 0 OPTYPE add PRAGMA {} RTLNAME x_19_fu_86_p2 SOURCE /home/e/Documents/research/byotee/OSDZU3_Ref_Design/OSDZU3_Ref_Design.runs/design_1_v_mix_0_0_synth_1/prj/sol/.autopilot/db/v_csc.cpp:508 VARIABLE x_19 LOOP VITIS_LOOP_508_2 BUNDLEDNAME {} DSP 0 BRAM 0 URAM 0 STORAGESUBTYPE {} DISPNAME {bind_op add} VISIBLE true}} AREA {DSP 0 BRAM 0 URAM 0}} v_mix_422_to_420_false_s {BINDINFO {{BINDTYPE op ID {} IMPL auto LATENCY 0 OPTYPE seteq PRAGMA {} RTLNAME icmp_ln506_fu_79_p2 SOURCE /home/e/Documents/research/byotee/OSDZU3_Ref_Design/OSDZU3_Ref_Design.runs/design_1_v_mix_0_0_synth_1/prj/sol/.autopilot/db/v_csc.cpp:506 VARIABLE icmp_ln506 LOOP VITIS_LOOP_506_1 BUNDLEDNAME {} DSP 0 BRAM 0 URAM 0 STORAGESUBTYPE {} DISPNAME {bind_op seteq} VISIBLE false} {BINDTYPE op ID {} IMPL fabric LATENCY 0 OPTYPE add PRAGMA {} RTLNAME y_19_fu_84_p2 SOURCE /home/e/Documents/research/byotee/OSDZU3_Ref_Design/OSDZU3_Ref_Design.runs/design_1_v_mix_0_0_synth_1/prj/sol/.autopilot/db/v_csc.cpp:506 VARIABLE y_19 LOOP VITIS_LOOP_506_1 BUNDLEDNAME {} DSP 0 BRAM 0 URAM 0 STORAGESUBTYPE {} DISPNAME {bind_op add} VISIBLE true}} AREA {DSP 0 BRAM 0 URAM 0}} MultiPixStream2AXIvideo_Pipeline_VITIS_LOOP_3519_3 {BINDINFO {{BINDTYPE op ID {} IMPL auto LATENCY 0 OPTYPE seteq PRAGMA {} RTLNAME icmp_ln3519_fu_161_p2 SOURCE /home/e/Documents/research/byotee/OSDZU3_Ref_Design/OSDZU3_Ref_Design.runs/design_1_v_mix_0_0_synth_1/prj/sol/.autopilot/db/v_mix.cpp:3519 VARIABLE icmp_ln3519 LOOP VITIS_LOOP_3519_3 BUNDLEDNAME {} DSP 0 BRAM 0 URAM 0 STORAGESUBTYPE {} DISPNAME {bind_op seteq} VISIBLE false} {BINDTYPE op ID {} IMPL fabric LATENCY 0 OPTYPE add PRAGMA {} RTLNAME j_2_fu_167_p2 SOURCE /home/e/Documents/research/byotee/OSDZU3_Ref_Design/OSDZU3_Ref_Design.runs/design_1_v_mix_0_0_synth_1/prj/sol/.autopilot/db/v_mix.cpp:3519 VARIABLE j_2 LOOP VITIS_LOOP_3519_3 BUNDLEDNAME {} DSP 0 BRAM 0 URAM 0 STORAGESUBTYPE {} DISPNAME {bind_op add} VISIBLE true} {BINDTYPE op ID {} IMPL auto LATENCY 0 OPTYPE seteq PRAGMA {} RTLNAME axi_last_fu_177_p2 SOURCE /home/e/Documents/research/byotee/OSDZU3_Ref_Design/OSDZU3_Ref_Design.runs/design_1_v_mix_0_0_synth_1/prj/sol/.autopilot/db/v_mix.cpp:3532 VARIABLE axi_last LOOP VITIS_LOOP_3519_3 BUNDLEDNAME {} DSP 0 BRAM 0 URAM 0 STORAGESUBTYPE {} DISPNAME {bind_op seteq} VISIBLE false}} AREA {DSP 0 BRAM 0 URAM 0}} MultiPixStream2AXIvideo {BINDINFO {{BINDTYPE op ID {} IMPL fabric LATENCY 0 OPTYPE add PRAGMA {} RTLNAME sub_fu_141_p2 SOURCE /home/e/Documents/research/byotee/OSDZU3_Ref_Design/OSDZU3_Ref_Design.runs/design_1_v_mix_0_0_synth_1/prj/sol/.autopilot/db/v_mix.cpp:3469 VARIABLE sub LOOP {} BUNDLEDNAME {} DSP 0 BRAM 0 URAM 0 STORAGESUBTYPE {} DISPNAME {bind_op add} VISIBLE true} {BINDTYPE op ID {} IMPL auto LATENCY 0 OPTYPE seteq PRAGMA {} RTLNAME icmp_ln3517_fu_147_p2 SOURCE /home/e/Documents/research/byotee/OSDZU3_Ref_Design/OSDZU3_Ref_Design.runs/design_1_v_mix_0_0_synth_1/prj/sol/.autopilot/db/v_mix.cpp:3517 VARIABLE icmp_ln3517 LOOP {} BUNDLEDNAME {} DSP 0 BRAM 0 URAM 0 STORAGESUBTYPE {} DISPNAME {bind_op seteq} VISIBLE false} {BINDTYPE op ID {} IMPL auto LATENCY 0 OPTYPE seteq PRAGMA {} RTLNAME icmp_ln3517_1_fu_156_p2 SOURCE /home/e/Documents/research/byotee/OSDZU3_Ref_Design/OSDZU3_Ref_Design.runs/design_1_v_mix_0_0_synth_1/prj/sol/.autopilot/db/v_mix.cpp:3517 VARIABLE icmp_ln3517_1 LOOP VITIS_LOOP_3517_2 BUNDLEDNAME {} DSP 0 BRAM 0 URAM 0 STORAGESUBTYPE {} DISPNAME {bind_op seteq} VISIBLE false} {BINDTYPE op ID {} IMPL fabric LATENCY 0 OPTYPE add PRAGMA {} RTLNAME i_2_fu_161_p2 SOURCE /home/e/Documents/research/byotee/OSDZU3_Ref_Design/OSDZU3_Ref_Design.runs/design_1_v_mix_0_0_synth_1/prj/sol/.autopilot/db/v_mix.cpp:3517 VARIABLE i_2 LOOP VITIS_LOOP_3517_2 BUNDLEDNAME {} DSP 0 BRAM 0 URAM 0 STORAGESUBTYPE {} DISPNAME {bind_op add} VISIBLE true} {BINDTYPE op ID {} IMPL auto LATENCY 0 OPTYPE and PRAGMA {} RTLNAME and_ln3517_fu_167_p2 SOURCE /home/e/Documents/research/byotee/OSDZU3_Ref_Design/OSDZU3_Ref_Design.runs/design_1_v_mix_0_0_synth_1/prj/sol/.autopilot/db/v_mix.cpp:3517 VARIABLE and_ln3517 LOOP VITIS_LOOP_3517_2 BUNDLEDNAME {} DSP 0 BRAM 0 URAM 0 STORAGESUBTYPE {} DISPNAME {bind_op and} VISIBLE false}} AREA {DSP 0 BRAM 0 URAM 0}} VMixHlsDataFlowFunction {BINDINFO {{BINDTYPE storage ID {} IMPL srl LATENCY 0 OPTYPE fifo PRAGMA {} RTLNAME srcLayer0_U SOURCE :0 VARIABLE srcLayer0 LOOP {} BUNDLEDNAME {} DSP 0 BRAM 0 URAM 0 STORAGESUBTYPE stream STORAGESIZE {24 2 1} STORAGEUSAGE {fifo channel} DISPNAME {bind_storage fifo} VISIBLE true} {BINDTYPE storage ID {} IMPL srl LATENCY 0 OPTYPE fifo PRAGMA {} RTLNAME srcLayer0Yuv422_U SOURCE :0 VARIABLE srcLayer0Yuv422 LOOP {} BUNDLEDNAME {} DSP 0 BRAM 0 URAM 0 STORAGESUBTYPE stream STORAGESIZE {24 2 1} STORAGEUSAGE {fifo channel} DISPNAME {bind_storage fifo} VISIBLE true} {BINDTYPE storage ID {} IMPL srl LATENCY 0 OPTYPE fifo PRAGMA {} RTLNAME srcLayer0Yuv_U SOURCE :0 VARIABLE srcLayer0Yuv LOOP {} BUNDLEDNAME {} DSP 0 BRAM 0 URAM 0 STORAGESUBTYPE stream STORAGESIZE {24 2 1} STORAGEUSAGE {fifo channel} DISPNAME {bind_storage fifo} VISIBLE true} {BINDTYPE storage ID {} IMPL srl LATENCY 0 OPTYPE fifo PRAGMA {} RTLNAME outLayer0_U SOURCE :0 VARIABLE outLayer0 LOOP {} BUNDLEDNAME {} DSP 0 BRAM 0 URAM 0 STORAGESUBTYPE stream STORAGESIZE {24 2 1} STORAGEUSAGE {fifo channel} DISPNAME {bind_storage fifo} VISIBLE true} {BINDTYPE storage ID {} IMPL srl LATENCY 0 OPTYPE fifo PRAGMA {} RTLNAME srcLayer1_U SOURCE :0 VARIABLE srcLayer1 LOOP {} BUNDLEDNAME {} DSP 0 BRAM 0 URAM 0 STORAGESUBTYPE stream STORAGESIZE {24 2 1} STORAGEUSAGE {fifo channel} DISPNAME {bind_storage fifo} VISIBLE true} {BINDTYPE storage ID {} IMPL srl LATENCY 0 OPTYPE fifo PRAGMA {} RTLNAME srcLayer1Yuv422_U SOURCE :0 VARIABLE srcLayer1Yuv422 LOOP {} BUNDLEDNAME {} DSP 0 BRAM 0 URAM 0 STORAGESUBTYPE stream STORAGESIZE {24 2 1} STORAGEUSAGE {fifo channel} DISPNAME {bind_storage fifo} VISIBLE true} {BINDTYPE storage ID {} IMPL srl LATENCY 0 OPTYPE fifo PRAGMA {} RTLNAME srcLayer1Yuv_U SOURCE :0 VARIABLE srcLayer1Yuv LOOP {} BUNDLEDNAME {} DSP 0 BRAM 0 URAM 0 STORAGESUBTYPE stream STORAGESIZE {24 2 1} STORAGEUSAGE {fifo channel} DISPNAME {bind_storage fifo} VISIBLE true} {BINDTYPE storage ID {} IMPL srl LATENCY 0 OPTYPE fifo PRAGMA {} RTLNAME srcLayer1Rgb_U SOURCE :0 VARIABLE srcLayer1Rgb LOOP {} BUNDLEDNAME {} DSP 0 BRAM 0 URAM 0 STORAGESUBTYPE stream STORAGESIZE {24 2 1} STORAGEUSAGE {fifo channel} DISPNAME {bind_storage fifo} VISIBLE true} {BINDTYPE storage ID {} IMPL srl LATENCY 0 OPTYPE fifo PRAGMA {} RTLNAME srcLayer1x_U SOURCE :0 VARIABLE srcLayer1x LOOP {} BUNDLEDNAME {} DSP 0 BRAM 0 URAM 0 STORAGESUBTYPE stream STORAGESIZE {24 2 1} STORAGEUSAGE {fifo channel} DISPNAME {bind_storage fifo} VISIBLE true} {BINDTYPE storage ID {} IMPL srl LATENCY 0 OPTYPE fifo PRAGMA {} RTLNAME outLayer1_U SOURCE :0 VARIABLE outLayer1 LOOP {} BUNDLEDNAME {} DSP 0 BRAM 0 URAM 0 STORAGESUBTYPE stream STORAGESIZE {24 2 1} STORAGEUSAGE {fifo channel} DISPNAME {bind_storage fifo} VISIBLE true} {BINDTYPE storage ID {} IMPL srl LATENCY 0 OPTYPE fifo PRAGMA {} RTLNAME srcLayer2_U SOURCE :0 VARIABLE srcLayer2 LOOP {} BUNDLEDNAME {} DSP 0 BRAM 0 URAM 0 STORAGESUBTYPE stream STORAGESIZE {24 2 1} STORAGEUSAGE {fifo channel} DISPNAME {bind_storage fifo} VISIBLE true} {BINDTYPE storage ID {} IMPL srl LATENCY 0 OPTYPE fifo PRAGMA {} RTLNAME srcLayer2Yuv422_U SOURCE :0 VARIABLE srcLayer2Yuv422 LOOP {} BUNDLEDNAME {} DSP 0 BRAM 0 URAM 0 STORAGESUBTYPE stream STORAGESIZE {24 2 1} STORAGEUSAGE {fifo channel} DISPNAME {bind_storage fifo} VISIBLE true} {BINDTYPE storage ID {} IMPL srl LATENCY 0 OPTYPE fifo PRAGMA {} RTLNAME srcLayer2Yuv_U SOURCE :0 VARIABLE srcLayer2Yuv LOOP {} BUNDLEDNAME {} DSP 0 BRAM 0 URAM 0 STORAGESUBTYPE stream STORAGESIZE {24 2 1} STORAGEUSAGE {fifo channel} DISPNAME {bind_storage fifo} VISIBLE true} {BINDTYPE storage ID {} IMPL srl LATENCY 0 OPTYPE fifo PRAGMA {} RTLNAME srcLayer2Rgb_U SOURCE :0 VARIABLE srcLayer2Rgb LOOP {} BUNDLEDNAME {} DSP 0 BRAM 0 URAM 0 STORAGESUBTYPE stream STORAGESIZE {24 2 1} STORAGEUSAGE {fifo channel} DISPNAME {bind_storage fifo} VISIBLE true} {BINDTYPE storage ID {} IMPL srl LATENCY 0 OPTYPE fifo PRAGMA {} RTLNAME srcLayer2x_U SOURCE :0 VARIABLE srcLayer2x LOOP {} BUNDLEDNAME {} DSP 0 BRAM 0 URAM 0 STORAGESUBTYPE stream STORAGESIZE {24 2 1} STORAGEUSAGE {fifo channel} DISPNAME {bind_storage fifo} VISIBLE true} {BINDTYPE storage ID {} IMPL srl LATENCY 0 OPTYPE fifo PRAGMA {} RTLNAME outLayer2_U SOURCE :0 VARIABLE outLayer2 LOOP {} BUNDLEDNAME {} DSP 0 BRAM 0 URAM 0 STORAGESUBTYPE stream STORAGESIZE {24 2 1} STORAGEUSAGE {fifo channel} DISPNAME {bind_storage fifo} VISIBLE true} {BINDTYPE storage ID {} IMPL srl LATENCY 0 OPTYPE fifo PRAGMA {} RTLNAME outYuv_U SOURCE :0 VARIABLE outYuv LOOP {} BUNDLEDNAME {} DSP 0 BRAM 0 URAM 0 STORAGESUBTYPE stream STORAGESIZE {24 2 1} STORAGEUSAGE {fifo channel} DISPNAME {bind_storage fifo} VISIBLE true} {BINDTYPE storage ID {} IMPL srl LATENCY 0 OPTYPE fifo PRAGMA {} RTLNAME out422_U SOURCE :0 VARIABLE out422 LOOP {} BUNDLEDNAME {} DSP 0 BRAM 0 URAM 0 STORAGESUBTYPE stream STORAGESIZE {24 2 1} STORAGEUSAGE {fifo channel} DISPNAME {bind_storage fifo} VISIBLE true} {BINDTYPE storage ID {} IMPL srl LATENCY 0 OPTYPE fifo PRAGMA {} RTLNAME out420_U SOURCE :0 VARIABLE out420 LOOP {} BUNDLEDNAME {} DSP 0 BRAM 0 URAM 0 STORAGESUBTYPE stream STORAGESIZE {24 2 1} STORAGEUSAGE {fifo channel} DISPNAME {bind_storage fifo} VISIBLE true}} AREA {DSP 7 BRAM 0 URAM 0}} v_mix {BINDINFO {{BINDTYPE op ID {} IMPL onehotencoding_realdef LATENCY 0 OPTYPE sparsemux PRAGMA {} RTLNAME sparsemux_7_2_16_1_1_U440 SOURCE /home/e/Documents/research/byotee/OSDZU3_Ref_Design/OSDZU3_Ref_Design.runs/design_1_v_mix_0_0_synth_1/prj/sol/.autopilot/db/v_mix.cpp:2914 VARIABLE HwReg_layerAlpha LOOP VITIS_LOOP_2912_1 BUNDLEDNAME {} DSP 0 BRAM 0 URAM 0 STORAGESUBTYPE {} DISPNAME {bind_op sparsemux} VISIBLE false} {BINDTYPE op ID {} IMPL onehotencoding_realdef LATENCY 0 OPTYPE sparsemux PRAGMA {} RTLNAME sparsemux_7_2_16_1_1_U441 SOURCE /home/e/Documents/research/byotee/OSDZU3_Ref_Design/OSDZU3_Ref_Design.runs/design_1_v_mix_0_0_synth_1/prj/sol/.autopilot/db/v_mix.cpp:2915 VARIABLE HwReg_layerStartX LOOP VITIS_LOOP_2912_1 BUNDLEDNAME {} DSP 0 BRAM 0 URAM 0 STORAGESUBTYPE {} DISPNAME {bind_op sparsemux} VISIBLE false} {BINDTYPE op ID {} IMPL onehotencoding_realdef LATENCY 0 OPTYPE sparsemux PRAGMA {} RTLNAME sparsemux_7_2_16_1_1_U442 SOURCE /home/e/Documents/research/byotee/OSDZU3_Ref_Design/OSDZU3_Ref_Design.runs/design_1_v_mix_0_0_synth_1/prj/sol/.autopilot/db/v_mix.cpp:2916 VARIABLE HwReg_layerStartY LOOP VITIS_LOOP_2912_1 BUNDLEDNAME {} DSP 0 BRAM 0 URAM 0 STORAGESUBTYPE {} DISPNAME {bind_op sparsemux} VISIBLE false} {BINDTYPE op ID {} IMPL onehotencoding_realdef LATENCY 0 OPTYPE sparsemux PRAGMA {} RTLNAME sparsemux_7_2_16_1_1_U443 SOURCE /home/e/Documents/research/byotee/OSDZU3_Ref_Design/OSDZU3_Ref_Design.runs/design_1_v_mix_0_0_synth_1/prj/sol/.autopilot/db/v_mix.cpp:2917 VARIABLE tmp_s LOOP VITIS_LOOP_2912_1 BUNDLEDNAME {} DSP 0 BRAM 0 URAM 0 STORAGESUBTYPE {} DISPNAME {bind_op sparsemux} VISIBLE false} {BINDTYPE op ID {} IMPL onehotencoding_realdef LATENCY 0 OPTYPE sparsemux PRAGMA {} RTLNAME sparsemux_7_2_16_1_1_U444 SOURCE /home/e/Documents/research/byotee/OSDZU3_Ref_Design/OSDZU3_Ref_Design.runs/design_1_v_mix_0_0_synth_1/prj/sol/.autopilot/db/v_mix.cpp:2918 VARIABLE tmp_6 LOOP VITIS_LOOP_2912_1 BUNDLEDNAME {} DSP 0 BRAM 0 URAM 0 STORAGESUBTYPE {} DISPNAME {bind_op sparsemux} VISIBLE false} {BINDTYPE op ID {} IMPL onehotencoding_realdef LATENCY 0 OPTYPE sparsemux PRAGMA {} RTLNAME sparsemux_7_2_8_1_1_U445 SOURCE /home/e/Documents/research/byotee/OSDZU3_Ref_Design/OSDZU3_Ref_Design.runs/design_1_v_mix_0_0_synth_1/prj/sol/.autopilot/db/v_mix.cpp:2919 VARIABLE HwReg_layerScaleFactor LOOP VITIS_LOOP_2912_1 BUNDLEDNAME {} DSP 0 BRAM 0 URAM 0 STORAGESUBTYPE {} DISPNAME {bind_op sparsemux} VISIBLE false} {BINDTYPE op ID {} IMPL auto LATENCY 0 OPTYPE bitselect PRAGMA {} RTLNAME bitselect_1ns_32ns_2ns_1_1_1_U446 SOURCE /home/e/Documents/research/byotee/OSDZU3_Ref_Design/OSDZU3_Ref_Design.runs/design_1_v_mix_0_0_synth_1/prj/sol/.autopilot/db/v_mix.cpp:2922 VARIABLE tobool LOOP VITIS_LOOP_2912_1 BUNDLEDNAME {} DSP 0 BRAM 0 URAM 0 STORAGESUBTYPE {} DISPNAME {bind_op bitselect} VISIBLE false} {BINDTYPE op ID {} IMPL fabric LATENCY 0 OPTYPE add PRAGMA {} RTLNAME i_fu_721_p2 SOURCE /home/e/Documents/research/byotee/OSDZU3_Ref_Design/OSDZU3_Ref_Design.runs/design_1_v_mix_0_0_synth_1/prj/sol/.autopilot/db/v_mix.cpp:2912 VARIABLE i LOOP VITIS_LOOP_2912_1 BUNDLEDNAME {} DSP 0 BRAM 0 URAM 0 STORAGESUBTYPE {} DISPNAME {bind_op add} VISIBLE true} {BINDTYPE op ID {} IMPL auto LATENCY 0 OPTYPE seteq PRAGMA {} RTLNAME icmp_ln2912_fu_805_p2 SOURCE /home/e/Documents/research/byotee/OSDZU3_Ref_Design/OSDZU3_Ref_Design.runs/design_1_v_mix_0_0_synth_1/prj/sol/.autopilot/db/v_mix.cpp:2912 VARIABLE icmp_ln2912 LOOP VITIS_LOOP_2912_1 BUNDLEDNAME {} DSP 0 BRAM 0 URAM 0 STORAGESUBTYPE {} DISPNAME {bind_op seteq} VISIBLE false}} AREA {DSP 7 BRAM 0 URAM 0}} reg_unsigned_short_1 {AREA {DSP 0 BRAM 0 URAM 0}} AXIvideo2MultiPixStream_1_Pipeline_loop_wait_for_start {AREA {DSP 0 BRAM 0 URAM 0}} AXIvideo2MultiPixStream_1_Pipeline_loop_wait_for_eol {AREA {DSP 0 BRAM 0 URAM 0}} reg_unsigned_short_s {AREA {DSP 0 BRAM 0 URAM 0}} AXIvideo2MultiPixStream_5_Pipeline_loop_wait_for_start {AREA {DSP 0 BRAM 0 URAM 0}} AXIvideo2MultiPixStream_5_Pipeline_loop_wait_for_eol {AREA {DSP 0 BRAM 0 URAM 0}} AXIvideo2MultiPixStream_Pipeline_loop_wait_for_start {AREA {DSP 0 BRAM 0 URAM 0}} AXIvideo2MultiPixStream_Pipeline_loop_wait_for_eol {AREA {DSP 0 BRAM 0 URAM 0}} reg_unsigned_short_12 {AREA {DSP 0 BRAM 0 URAM 0}}}}'
INFO-FLOW: DBG:PUTS:      update_csynth_reports json2rpt_hw_sw_interfaces
INFO-FLOW: Running: gen_csynth_sec_pragma
INFO-FLOW: Done: gen_csynth_sec_pragma time: 0.3 seconds per iteration
INFO-FLOW: DBG:PUTS:      update_csynth_reports wrote xml
INFO-FLOW: DBG:PUTS:      update_csynth_reports appended to csynth rpt file
INFO: [HLS 200-111] Finished Updating report files: CPU user time: 5.42 seconds. CPU system time: 0.08 seconds. Elapsed time: 5.5 seconds; current allocated memory: 914.027 MB.
INFO: [VHDL 208-304] Generating VHDL RTL for v_mix with prefix design_1_v_mix_0_0_.
INFO: [VLOG 209-307] Generating Verilog RTL for v_mix with prefix design_1_v_mix_0_0_.
Execute         syn_report -model v_mix -printsummary 
INFO: [HLS 200-790] **** Loop Constraint Status: All loop constraints were satisfied.
INFO: [HLS 200-789] **** Estimated Fmax: 273.97 MHz
Command       autosyn done; 9.69 sec.
Command     csynth_design done; 63.61 sec.
INFO: [HLS 200-2161] Finished Command csynth_design Elapsed time: 00:01:03; Allocated memory: 667.156 MB.
Execute     export_design -format ip_catalog 
INFO: [HLS 200-1510] Running: export_design -format ip_catalog 
Execute       config_export -format=ip_catalog 
Execute       ::AP::init_summary_file package-ip 
INFO-FLOW: DBG:PUTS: export_design_wrap: -format ip_catalog -rtl verilog -vendor xilinx.com -library ip -version 5.3
Execute       source /home/e/Documents/research/byotee/OSDZU3_Ref_Design/OSDZU3_Ref_Design.runs/design_1_v_mix_0_0_synth_1/prj/sol/.autopilot/db/global.setting.tcl 
INFO-FLOW: DBG:PUTS:   auto_impl: pack: -export -rtl verilog
INFO-FLOW: DBG:PROC: ::AESL_AUTOIMPL::auto_impl args='-export -rtl verilog'
Execute       source /home/e/Documents/research/byotee/OSDZU3_Ref_Design/OSDZU3_Ref_Design.runs/design_1_v_mix_0_0_synth_1/prj/sol/.autopilot/db/global.setting.tcl 
INFO: [IMPL 213-8] Exporting RTL as a Vivado IP.
INFO-FLOW: DBG:PUTS: automg_wrap -export -pcore_version 1.00.a -rtl vlog -tool Vivado -impltomg_flag
INFO-FLOW: DBG:PROC: ::AESL_AUTOMG::auto_generate args='-export -pcore_version 1.00.a -rtl vlog -tool Vivado -impltomg_flag'
INFO-FLOW: DBG:PUTS:     auto_generate -export -pcore_version 1.00.a -rtl vlog -tool Vivado -impltomg_flag
Execute       source /home/e/Documents/research/byotee/OSDZU3_Ref_Design/OSDZU3_Ref_Design.runs/design_1_v_mix_0_0_synth_1/prj/sol/.autopilot/db/global.setting.tcl 
INFO-FLOW: DBG:PUTS: read_platform_lib /home/e/Documents/research/byotee/OSDZU3_Ref_Design/OSDZU3_Ref_Design.runs/design_1_v_mix_0_0_synth_1/prj/sol/.autopilot/db/global.setting.tcl
Execute       source /tools/Xilinx/2025.1/Vitis/common/technology/generic/autopilot/common.gen 
Execute         source /tools/Xilinx/2025.1/Vitis/common/technology/generic/autopilot/APCoreGen.gen 
Execute       source /tools/Xilinx/2025.1/Vitis/common/technology/generic/autopilot/op.gen 
Execute       source /tools/Xilinx/2025.1/Vitis/common/technology/generic/autopilot/op_simcore.gen 
Execute       source /tools/Xilinx/2025.1/Vitis/common/technology/generic/autopilot/interface.gen 
Execute       source /home/e/Documents/research/byotee/OSDZU3_Ref_Design/OSDZU3_Ref_Design.runs/design_1_v_mix_0_0_synth_1/prj/sol/.autopilot/db/global.setting.tcl 
Execute       source /tools/Xilinx/2025.1/Vitis/common/technology/xilinx/common/xilinx.gen 
Execute         source /tools/Xilinx/2025.1/Vitis/common/technology/xilinx/interface/plb46.gen 
Execute         source /tools/Xilinx/2025.1/Vitis/common/technology/xilinx/interface/axi4.gen 
Execute         source /tools/Xilinx/2025.1/Vitis/common/technology/xilinx/interface/nativeAXI4.gen 
Execute           source /tools/Xilinx/2025.1/Vitis/common/technology/xilinx/interface/saxilite.gen 
Execute         source /tools/Xilinx/2025.1/Vitis/common/technology/xilinx/scripts/xilinxcoregen.gen 
Execute         source /tools/Xilinx/2025.1/Vitis/common/technology/xilinx/interface/XilEDKCoreGen.gen 
Execute         source /tools/Xilinx/2025.1/Vitis/common/technology/xilinx/ip/xfft.gen 
Execute         source /tools/Xilinx/2025.1/Vitis/common/technology/xilinx/ip/xfir.gen 
Execute         source /tools/Xilinx/2025.1/Vitis/common/technology/xilinx/ip/util.gen 
Execute         source /tools/Xilinx/2025.1/Vitis/common/technology/xilinx/ip/dds_compiler.gen 
Execute         source /tools/Xilinx/2025.1/Vitis/common/technology/xilinx/DSP48/dsp48.gen 
INFO-FLOW: DBG:PUTS:       initCTypeInfo top_module=v_mix xml_exists=0
Execute       source /home/e/Documents/research/byotee/OSDZU3_Ref_Design/OSDZU3_Ref_Design.runs/design_1_v_mix_0_0_synth_1/prj/sol/.autopilot/db/v_mix.rtl_wrap.cfg.tcl 
Execute       source /home/e/Documents/research/byotee/OSDZU3_Ref_Design/OSDZU3_Ref_Design.runs/design_1_v_mix_0_0_synth_1/prj/sol/.autopilot/db/v_mix.rtl_wrap.cfg.tcl 
Execute       source /home/e/Documents/research/byotee/OSDZU3_Ref_Design/OSDZU3_Ref_Design.runs/design_1_v_mix_0_0_synth_1/prj/sol/.autopilot/db/v_mix.rtl_wrap.cfg.tcl 
Execute       source /home/e/Documents/research/byotee/OSDZU3_Ref_Design/OSDZU3_Ref_Design.runs/design_1_v_mix_0_0_synth_1/prj/sol/.autopilot/db/v_mix.tbgen.tcl 
Execute       source /home/e/Documents/research/byotee/OSDZU3_Ref_Design/OSDZU3_Ref_Design.runs/design_1_v_mix_0_0_synth_1/prj/sol/.autopilot/db/v_mix.tbgen.tcl 
Execute       source /home/e/Documents/research/byotee/OSDZU3_Ref_Design/OSDZU3_Ref_Design.runs/design_1_v_mix_0_0_synth_1/prj/sol/.autopilot/db/v_mix.tbgen.tcl 
Execute       source /home/e/Documents/research/byotee/OSDZU3_Ref_Design/OSDZU3_Ref_Design.runs/design_1_v_mix_0_0_synth_1/prj/sol/.autopilot/db/global.setting.tcl 
Execute       source /home/e/Documents/research/byotee/OSDZU3_Ref_Design/OSDZU3_Ref_Design.runs/design_1_v_mix_0_0_synth_1/prj/sol/.autopilot/db/v_mix.tbgen.tcl 
Execute       source /home/e/Documents/research/byotee/OSDZU3_Ref_Design/OSDZU3_Ref_Design.runs/design_1_v_mix_0_0_synth_1/prj/sol/.autopilot/db/cosimDB.tcl 
INFO-FLOW: DBG:PUTS:       cosim_export_main adding deadlock detection to design_1_v_mix_0_0_v_mix
INFO-FLOW: DBG:PUTS:       generate_datafile_ip_script ip_types={vitis sysgen} #gSsdmPorts=0
INFO-FLOW: DBG:PUTS: Skipping loadAnalyze_DB, #g_database=82
INFO-FLOW: DBG:PUTS:       generate_json generate_bd_files=0 generate_xo_files=false #modelList=151 #gSsdmPorts=0
INFO-FLOW: DBG:PROC: ::AP::DESIGN_DATA::generate_json generate_bd_files='0' generate_xo_files='false' modelList='design_1_v_mix_0_0_flow_control_loop_pipe_sequential_init
design_1_v_mix_0_0_flow_control_loop_pipe_sequential_init
design_1_v_mix_0_0_flow_control_loop_pipe_sequential_init
design_1_v_mix_0_0_flow_control_loop_pipe_sequential_init
design_1_v_mix_0_0_flow_control_loop_pipe_sequential_init
design_1_v_mix_0_0_flow_control_loop_pipe_sequential_init
design_1_v_mix_0_0_flow_control_loop_pipe_sequential_init
design_1_v_mix_0_0_flow_control_loop_pipe_sequential_init
design_1_v_mix_0_0_flow_control_loop_pipe_sequential_init
design_1_v_mix_0_0_flow_control_loop_pipe_sequential_init
design_1_v_mix_0_0_flow_control_loop_pipe_sequential_init
design_1_v_mix_0_0_mul_8s_12ns_20_1_1
design_1_v_mix_0_0_mul_8s_11ns_18_1_1
design_1_v_mix_0_0_mul_8s_13ns_21_1_1
design_1_v_mix_0_0_mac_muladd_9ns_8s_18s_18_4_1
design_1_v_mix_0_0_flow_control_loop_pipe_sequential_init
design_1_v_mix_0_0_flow_control_loop_pipe_sequential_init
design_1_v_mix_0_0_flow_control_loop_pipe_sequential_init
design_1_v_mix_0_0_flow_control_loop_pipe_sequential_init
design_1_v_mix_0_0_flow_control_loop_pipe_sequential_init
design_1_v_mix_0_0_flow_control_loop_pipe_sequential_init
design_1_v_mix_0_0_flow_control_loop_pipe_sequential_init
design_1_v_mix_0_0_flow_control_loop_pipe_sequential_init
design_1_v_mix_0_0_flow_control_loop_pipe_sequential_init
design_1_v_mix_0_0_flow_control_loop_pipe_sequential_init
design_1_v_mix_0_0_mac_muladd_9s_9ns_16ns_16_4_1
design_1_v_mix_0_0_mac_muladd_9ns_9s_16ns_16_4_1
design_1_v_mix_0_0_flow_control_loop_pipe_sequential_init
design_1_v_mix_0_0_flow_control_loop_pipe_sequential_init
design_1_v_mix_0_0_flow_control_loop_pipe_sequential_init
design_1_v_mix_0_0_flow_control_loop_pipe_sequential_init
design_1_v_mix_0_0_flow_control_loop_pipe_sequential_init
design_1_v_mix_0_0_fifo_w24_d2_S
design_1_v_mix_0_0_fifo_w24_d2_S
design_1_v_mix_0_0_fifo_w24_d2_S
design_1_v_mix_0_0_fifo_w24_d2_S
design_1_v_mix_0_0_fifo_w24_d2_S
design_1_v_mix_0_0_fifo_w24_d2_S
design_1_v_mix_0_0_fifo_w24_d2_S
design_1_v_mix_0_0_fifo_w24_d2_S
design_1_v_mix_0_0_fifo_w24_d2_S
design_1_v_mix_0_0_fifo_w24_d2_S
design_1_v_mix_0_0_fifo_w24_d2_S
design_1_v_mix_0_0_fifo_w24_d2_S
design_1_v_mix_0_0_fifo_w24_d2_S
design_1_v_mix_0_0_fifo_w24_d2_S
design_1_v_mix_0_0_fifo_w24_d2_S
design_1_v_mix_0_0_fifo_w24_d2_S
design_1_v_mix_0_0_fifo_w24_d2_S
design_1_v_mix_0_0_fifo_w24_d2_S
design_1_v_mix_0_0_fifo_w24_d2_S
design_1_v_mix_0_0_start_for_v_mix_420_to_422_false_2_U0
design_1_v_mix_0_0_start_for_v_mix_422_to_444_false_3_U0
design_1_v_mix_0_0_start_for_v_mix_yuv2rgb_false_4_U0
design_1_v_mix_0_0_start_for_v_mix_core_alpha_false_false_U0
design_1_v_mix_0_0_start_for_v_mix_420_to_422_false_6_U0
design_1_v_mix_0_0_start_for_v_mix_422_to_444_true_U0
design_1_v_mix_0_0_start_for_v_mix_yuv2rgb_true_U0
design_1_v_mix_0_0_start_for_v_mix_upsample_false_7_U0
design_1_v_mix_0_0_start_for_v_mix_core_alpha_true_false_U0
design_1_v_mix_0_0_start_for_v_mix_420_to_422_false_U0
design_1_v_mix_0_0_start_for_v_mix_422_to_444_false_U0
design_1_v_mix_0_0_start_for_v_mix_yuv2rgb_false_U0
design_1_v_mix_0_0_start_for_v_mix_upsample_false_U0
design_1_v_mix_0_0_start_for_v_mix_rgb2yuv_false_U0
design_1_v_mix_0_0_start_for_v_mix_444_to_422_false_U0
design_1_v_mix_0_0_start_for_v_mix_422_to_420_false_U0
design_1_v_mix_0_0_start_for_MultiPixStream2AXIvideo_U0
design_1_v_mix_0_0_sparsemux_7_2_16_1_1
design_1_v_mix_0_0_sparsemux_7_2_8_1_1
design_1_v_mix_0_0_bitselect_1ns_32ns_2ns_1_1_1
design_1_v_mix_0_0_CTRL_s_axi
design_1_v_mix_0_0_regslice_both
design_1_v_mix_0_0_regslice_both
design_1_v_mix_0_0_regslice_both
design_1_v_mix_0_0_regslice_both
design_1_v_mix_0_0_regslice_both
design_1_v_mix_0_0_regslice_both
design_1_v_mix_0_0_regslice_both
design_1_v_mix_0_0_regslice_both
design_1_v_mix_0_0_regslice_both
design_1_v_mix_0_0_regslice_both
design_1_v_mix_0_0_regslice_both
design_1_v_mix_0_0_regslice_both
design_1_v_mix_0_0_regslice_both
design_1_v_mix_0_0_regslice_both
design_1_v_mix_0_0_regslice_both
design_1_v_mix_0_0_regslice_both
design_1_v_mix_0_0_regslice_both
design_1_v_mix_0_0_regslice_both
design_1_v_mix_0_0_regslice_both
design_1_v_mix_0_0_regslice_both
design_1_v_mix_0_0_regslice_both
design_1_v_mix_0_0_regslice_both
design_1_v_mix_0_0_regslice_both
design_1_v_mix_0_0_regslice_both
design_1_v_mix_0_0_regslice_both
design_1_v_mix_0_0_regslice_both
design_1_v_mix_0_0_regslice_both
design_1_v_mix_0_0_regslice_both
reg_unsigned_short_1
AXIvideo2MultiPixStream_1_Pipeline_loop_wait_for_start
AXIvideo2MultiPixStream_1_Pipeline_loop_width
AXIvideo2MultiPixStream_1_Pipeline_loop_wait_for_eol
AXIvideo2MultiPixStream_1
v_mix_420_to_422_false_2_Pipeline_VITIS_LOOP_76_2
v_mix_420_to_422_false_2
v_mix_422_to_444_false_3_Pipeline_VITIS_LOOP_105_2
v_mix_422_to_444_false_3
v_mix_yuv2rgb_false_4_Pipeline_VITIS_LOOP_897_2
v_mix_yuv2rgb_false_4
reg_unsigned_short_s
AXIvideo2MultiPixStream_5_Pipeline_loop_wait_for_start
AXIvideo2MultiPixStream_5_Pipeline_loop_width
AXIvideo2MultiPixStream_5_Pipeline_loop_wait_for_eol
AXIvideo2MultiPixStream_5
v_mix_420_to_422_false_6_Pipeline_VITIS_LOOP_76_2
v_mix_420_to_422_false_6
v_mix_422_to_444_true_Pipeline_VITIS_LOOP_161_2
v_mix_422_to_444_true_s
v_mix_yuv2rgb_true_Pipeline_VITIS_LOOP_941_2
v_mix_yuv2rgb_true_s
v_mix_upsample_false_7_Pipeline_VITIS_LOOP_107_2
v_mix_upsample_false_7
v_mix_core_alpha_false_false_Pipeline_VITIS_LOOP_465_3
v_mix_core_alpha_false_false_s
AXIvideo2MultiPixStream_Pipeline_loop_wait_for_start
AXIvideo2MultiPixStream_Pipeline_loop_width
AXIvideo2MultiPixStream_Pipeline_loop_wait_for_eol
AXIvideo2MultiPixStream
v_mix_420_to_422_false_Pipeline_VITIS_LOOP_76_2
v_mix_420_to_422_false_s
v_mix_422_to_444_false_Pipeline_VITIS_LOOP_105_2
v_mix_422_to_444_false_s
v_mix_yuv2rgb_false_Pipeline_VITIS_LOOP_897_2
v_mix_yuv2rgb_false_s
v_mix_upsample_false_Pipeline_VITIS_LOOP_107_2
v_mix_upsample_false_s
reg_unsigned_short_12
v_mix_core_alpha_true_false_Pipeline_VITIS_LOOP_395_3
v_mix_core_alpha_true_false_s
v_mix_rgb2yuv_false_Pipeline_VITIS_LOOP_1042_2
v_mix_rgb2yuv_false_s
v_mix_444_to_422_false_Pipeline_VITIS_LOOP_718_2
v_mix_444_to_422_false_s
v_mix_422_to_420_false_Pipeline_VITIS_LOOP_508_2
v_mix_422_to_420_false_s
MultiPixStream2AXIvideo_Pipeline_VITIS_LOOP_3519_3
MultiPixStream2AXIvideo
VMixHlsDataFlowFunction
v_mix
' rtl_lang='vlog' bootstrap_tcl='false' outdir='' outfilename=''
Execute       source /home/e/Documents/research/byotee/OSDZU3_Ref_Design/OSDZU3_Ref_Design.runs/design_1_v_mix_0_0_synth_1/prj/sol/.autopilot/db/global.setting.tcl 
Execute       source /home/e/Documents/research/byotee/OSDZU3_Ref_Design/OSDZU3_Ref_Design.runs/design_1_v_mix_0_0_synth_1/prj/sol/.autopilot/db/global.setting.tcl 
Execute       source /home/e/Documents/research/byotee/OSDZU3_Ref_Design/OSDZU3_Ref_Design.runs/design_1_v_mix_0_0_synth_1/prj/sol/.autopilot/db/top-io-be.tcl 
Execute       source /home/e/Documents/research/byotee/OSDZU3_Ref_Design/OSDZU3_Ref_Design.runs/design_1_v_mix_0_0_synth_1/prj/sol/.autopilot/db/v_mix.tbgen.tcl 
Execute       source /home/e/Documents/research/byotee/OSDZU3_Ref_Design/OSDZU3_Ref_Design.runs/design_1_v_mix_0_0_synth_1/prj/sol/.autopilot/db/v_mix.compgen.dataonly.tcl 
Execute       source /home/e/Documents/research/byotee/OSDZU3_Ref_Design/OSDZU3_Ref_Design.runs/design_1_v_mix_0_0_synth_1/prj/sol/.autopilot/db/v_mix.compgen.dataonly.tcl 
Execute       source /home/e/Documents/research/byotee/OSDZU3_Ref_Design/OSDZU3_Ref_Design.runs/design_1_v_mix_0_0_synth_1/prj/sol/.autopilot/db/v_mix.rtl_wrap.cfg.tcl 
Execute       source /home/e/Documents/research/byotee/OSDZU3_Ref_Design/OSDZU3_Ref_Design.runs/design_1_v_mix_0_0_synth_1/prj/sol/.autopilot/db/v_mix.compgen.dataonly.tcl 
Execute       source /home/e/Documents/research/byotee/OSDZU3_Ref_Design/OSDZU3_Ref_Design.runs/design_1_v_mix_0_0_synth_1/prj/sol/.autopilot/db/reg_unsigned_short_1.tbgen.tcl 
Execute       source /home/e/Documents/research/byotee/OSDZU3_Ref_Design/OSDZU3_Ref_Design.runs/design_1_v_mix_0_0_synth_1/prj/sol/.autopilot/db/AXIvideo2MultiPixStream_1_Pipeline_loop_wait_for_start.tbgen.tcl 
Execute       source /home/e/Documents/research/byotee/OSDZU3_Ref_Design/OSDZU3_Ref_Design.runs/design_1_v_mix_0_0_synth_1/prj/sol/.autopilot/db/AXIvideo2MultiPixStream_1_Pipeline_loop_width.tbgen.tcl 
Execute       source /home/e/Documents/research/byotee/OSDZU3_Ref_Design/OSDZU3_Ref_Design.runs/design_1_v_mix_0_0_synth_1/prj/sol/.autopilot/db/AXIvideo2MultiPixStream_1_Pipeline_loop_wait_for_eol.tbgen.tcl 
Execute       source /home/e/Documents/research/byotee/OSDZU3_Ref_Design/OSDZU3_Ref_Design.runs/design_1_v_mix_0_0_synth_1/prj/sol/.autopilot/db/AXIvideo2MultiPixStream_1.tbgen.tcl 
Execute       source /home/e/Documents/research/byotee/OSDZU3_Ref_Design/OSDZU3_Ref_Design.runs/design_1_v_mix_0_0_synth_1/prj/sol/.autopilot/db/v_mix_420_to_422_false_2_Pipeline_VITIS_LOOP_76_2.tbgen.tcl 
Execute       source /home/e/Documents/research/byotee/OSDZU3_Ref_Design/OSDZU3_Ref_Design.runs/design_1_v_mix_0_0_synth_1/prj/sol/.autopilot/db/v_mix_420_to_422_false_2.tbgen.tcl 
Execute       source /home/e/Documents/research/byotee/OSDZU3_Ref_Design/OSDZU3_Ref_Design.runs/design_1_v_mix_0_0_synth_1/prj/sol/.autopilot/db/v_mix_422_to_444_false_3_Pipeline_VITIS_LOOP_105_2.tbgen.tcl 
Execute       source /home/e/Documents/research/byotee/OSDZU3_Ref_Design/OSDZU3_Ref_Design.runs/design_1_v_mix_0_0_synth_1/prj/sol/.autopilot/db/v_mix_422_to_444_false_3.tbgen.tcl 
Execute       source /home/e/Documents/research/byotee/OSDZU3_Ref_Design/OSDZU3_Ref_Design.runs/design_1_v_mix_0_0_synth_1/prj/sol/.autopilot/db/v_mix_yuv2rgb_false_4_Pipeline_VITIS_LOOP_897_2.tbgen.tcl 
Execute       source /home/e/Documents/research/byotee/OSDZU3_Ref_Design/OSDZU3_Ref_Design.runs/design_1_v_mix_0_0_synth_1/prj/sol/.autopilot/db/v_mix_yuv2rgb_false_4.tbgen.tcl 
Execute       source /home/e/Documents/research/byotee/OSDZU3_Ref_Design/OSDZU3_Ref_Design.runs/design_1_v_mix_0_0_synth_1/prj/sol/.autopilot/db/reg_unsigned_short_s.tbgen.tcl 
Execute       source /home/e/Documents/research/byotee/OSDZU3_Ref_Design/OSDZU3_Ref_Design.runs/design_1_v_mix_0_0_synth_1/prj/sol/.autopilot/db/AXIvideo2MultiPixStream_5_Pipeline_loop_wait_for_start.tbgen.tcl 
Execute       source /home/e/Documents/research/byotee/OSDZU3_Ref_Design/OSDZU3_Ref_Design.runs/design_1_v_mix_0_0_synth_1/prj/sol/.autopilot/db/AXIvideo2MultiPixStream_5_Pipeline_loop_width.tbgen.tcl 
Execute       source /home/e/Documents/research/byotee/OSDZU3_Ref_Design/OSDZU3_Ref_Design.runs/design_1_v_mix_0_0_synth_1/prj/sol/.autopilot/db/AXIvideo2MultiPixStream_5_Pipeline_loop_wait_for_eol.tbgen.tcl 
Execute       source /home/e/Documents/research/byotee/OSDZU3_Ref_Design/OSDZU3_Ref_Design.runs/design_1_v_mix_0_0_synth_1/prj/sol/.autopilot/db/AXIvideo2MultiPixStream_5.tbgen.tcl 
Execute       source /home/e/Documents/research/byotee/OSDZU3_Ref_Design/OSDZU3_Ref_Design.runs/design_1_v_mix_0_0_synth_1/prj/sol/.autopilot/db/v_mix_420_to_422_false_6_Pipeline_VITIS_LOOP_76_2.tbgen.tcl 
Execute       source /home/e/Documents/research/byotee/OSDZU3_Ref_Design/OSDZU3_Ref_Design.runs/design_1_v_mix_0_0_synth_1/prj/sol/.autopilot/db/v_mix_420_to_422_false_6.tbgen.tcl 
Execute       source /home/e/Documents/research/byotee/OSDZU3_Ref_Design/OSDZU3_Ref_Design.runs/design_1_v_mix_0_0_synth_1/prj/sol/.autopilot/db/v_mix_422_to_444_true_Pipeline_VITIS_LOOP_161_2.tbgen.tcl 
Execute       source /home/e/Documents/research/byotee/OSDZU3_Ref_Design/OSDZU3_Ref_Design.runs/design_1_v_mix_0_0_synth_1/prj/sol/.autopilot/db/v_mix_422_to_444_true_s.tbgen.tcl 
Execute       source /home/e/Documents/research/byotee/OSDZU3_Ref_Design/OSDZU3_Ref_Design.runs/design_1_v_mix_0_0_synth_1/prj/sol/.autopilot/db/v_mix_yuv2rgb_true_Pipeline_VITIS_LOOP_941_2.tbgen.tcl 
Execute       source /home/e/Documents/research/byotee/OSDZU3_Ref_Design/OSDZU3_Ref_Design.runs/design_1_v_mix_0_0_synth_1/prj/sol/.autopilot/db/v_mix_yuv2rgb_true_s.tbgen.tcl 
Execute       source /home/e/Documents/research/byotee/OSDZU3_Ref_Design/OSDZU3_Ref_Design.runs/design_1_v_mix_0_0_synth_1/prj/sol/.autopilot/db/v_mix_upsample_false_7_Pipeline_VITIS_LOOP_107_2.tbgen.tcl 
Execute       source /home/e/Documents/research/byotee/OSDZU3_Ref_Design/OSDZU3_Ref_Design.runs/design_1_v_mix_0_0_synth_1/prj/sol/.autopilot/db/v_mix_upsample_false_7.tbgen.tcl 
Execute       source /home/e/Documents/research/byotee/OSDZU3_Ref_Design/OSDZU3_Ref_Design.runs/design_1_v_mix_0_0_synth_1/prj/sol/.autopilot/db/v_mix_core_alpha_false_false_Pipeline_VITIS_LOOP_465_3.tbgen.tcl 
Execute       source /home/e/Documents/research/byotee/OSDZU3_Ref_Design/OSDZU3_Ref_Design.runs/design_1_v_mix_0_0_synth_1/prj/sol/.autopilot/db/v_mix_core_alpha_false_false_s.tbgen.tcl 
Execute       source /home/e/Documents/research/byotee/OSDZU3_Ref_Design/OSDZU3_Ref_Design.runs/design_1_v_mix_0_0_synth_1/prj/sol/.autopilot/db/AXIvideo2MultiPixStream_Pipeline_loop_wait_for_start.tbgen.tcl 
Execute       source /home/e/Documents/research/byotee/OSDZU3_Ref_Design/OSDZU3_Ref_Design.runs/design_1_v_mix_0_0_synth_1/prj/sol/.autopilot/db/AXIvideo2MultiPixStream_Pipeline_loop_width.tbgen.tcl 
Execute       source /home/e/Documents/research/byotee/OSDZU3_Ref_Design/OSDZU3_Ref_Design.runs/design_1_v_mix_0_0_synth_1/prj/sol/.autopilot/db/AXIvideo2MultiPixStream_Pipeline_loop_wait_for_eol.tbgen.tcl 
Execute       source /home/e/Documents/research/byotee/OSDZU3_Ref_Design/OSDZU3_Ref_Design.runs/design_1_v_mix_0_0_synth_1/prj/sol/.autopilot/db/AXIvideo2MultiPixStream.tbgen.tcl 
Execute       source /home/e/Documents/research/byotee/OSDZU3_Ref_Design/OSDZU3_Ref_Design.runs/design_1_v_mix_0_0_synth_1/prj/sol/.autopilot/db/v_mix_420_to_422_false_Pipeline_VITIS_LOOP_76_2.tbgen.tcl 
Execute       source /home/e/Documents/research/byotee/OSDZU3_Ref_Design/OSDZU3_Ref_Design.runs/design_1_v_mix_0_0_synth_1/prj/sol/.autopilot/db/v_mix_420_to_422_false_s.tbgen.tcl 
Execute       source /home/e/Documents/research/byotee/OSDZU3_Ref_Design/OSDZU3_Ref_Design.runs/design_1_v_mix_0_0_synth_1/prj/sol/.autopilot/db/v_mix_422_to_444_false_Pipeline_VITIS_LOOP_105_2.tbgen.tcl 
Execute       source /home/e/Documents/research/byotee/OSDZU3_Ref_Design/OSDZU3_Ref_Design.runs/design_1_v_mix_0_0_synth_1/prj/sol/.autopilot/db/v_mix_422_to_444_false_s.tbgen.tcl 
Execute       source /home/e/Documents/research/byotee/OSDZU3_Ref_Design/OSDZU3_Ref_Design.runs/design_1_v_mix_0_0_synth_1/prj/sol/.autopilot/db/v_mix_yuv2rgb_false_Pipeline_VITIS_LOOP_897_2.tbgen.tcl 
Execute       source /home/e/Documents/research/byotee/OSDZU3_Ref_Design/OSDZU3_Ref_Design.runs/design_1_v_mix_0_0_synth_1/prj/sol/.autopilot/db/v_mix_yuv2rgb_false_s.tbgen.tcl 
Execute       source /home/e/Documents/research/byotee/OSDZU3_Ref_Design/OSDZU3_Ref_Design.runs/design_1_v_mix_0_0_synth_1/prj/sol/.autopilot/db/v_mix_upsample_false_Pipeline_VITIS_LOOP_107_2.tbgen.tcl 
Execute       source /home/e/Documents/research/byotee/OSDZU3_Ref_Design/OSDZU3_Ref_Design.runs/design_1_v_mix_0_0_synth_1/prj/sol/.autopilot/db/v_mix_upsample_false_s.tbgen.tcl 
Execute       source /home/e/Documents/research/byotee/OSDZU3_Ref_Design/OSDZU3_Ref_Design.runs/design_1_v_mix_0_0_synth_1/prj/sol/.autopilot/db/reg_unsigned_short_12.tbgen.tcl 
Execute       source /home/e/Documents/research/byotee/OSDZU3_Ref_Design/OSDZU3_Ref_Design.runs/design_1_v_mix_0_0_synth_1/prj/sol/.autopilot/db/v_mix_core_alpha_true_false_Pipeline_VITIS_LOOP_395_3.tbgen.tcl 
Execute       source /home/e/Documents/research/byotee/OSDZU3_Ref_Design/OSDZU3_Ref_Design.runs/design_1_v_mix_0_0_synth_1/prj/sol/.autopilot/db/v_mix_core_alpha_true_false_s.tbgen.tcl 
Execute       source /home/e/Documents/research/byotee/OSDZU3_Ref_Design/OSDZU3_Ref_Design.runs/design_1_v_mix_0_0_synth_1/prj/sol/.autopilot/db/v_mix_rgb2yuv_false_Pipeline_VITIS_LOOP_1042_2.tbgen.tcl 
Execute       source /home/e/Documents/research/byotee/OSDZU3_Ref_Design/OSDZU3_Ref_Design.runs/design_1_v_mix_0_0_synth_1/prj/sol/.autopilot/db/v_mix_rgb2yuv_false_s.tbgen.tcl 
Execute       source /home/e/Documents/research/byotee/OSDZU3_Ref_Design/OSDZU3_Ref_Design.runs/design_1_v_mix_0_0_synth_1/prj/sol/.autopilot/db/v_mix_444_to_422_false_Pipeline_VITIS_LOOP_718_2.tbgen.tcl 
Execute       source /home/e/Documents/research/byotee/OSDZU3_Ref_Design/OSDZU3_Ref_Design.runs/design_1_v_mix_0_0_synth_1/prj/sol/.autopilot/db/v_mix_444_to_422_false_s.tbgen.tcl 
Execute       source /home/e/Documents/research/byotee/OSDZU3_Ref_Design/OSDZU3_Ref_Design.runs/design_1_v_mix_0_0_synth_1/prj/sol/.autopilot/db/v_mix_422_to_420_false_Pipeline_VITIS_LOOP_508_2.tbgen.tcl 
Execute       source /home/e/Documents/research/byotee/OSDZU3_Ref_Design/OSDZU3_Ref_Design.runs/design_1_v_mix_0_0_synth_1/prj/sol/.autopilot/db/v_mix_422_to_420_false_s.tbgen.tcl 
Execute       source /home/e/Documents/research/byotee/OSDZU3_Ref_Design/OSDZU3_Ref_Design.runs/design_1_v_mix_0_0_synth_1/prj/sol/.autopilot/db/MultiPixStream2AXIvideo_Pipeline_VITIS_LOOP_3519_3.tbgen.tcl 
Execute       source /home/e/Documents/research/byotee/OSDZU3_Ref_Design/OSDZU3_Ref_Design.runs/design_1_v_mix_0_0_synth_1/prj/sol/.autopilot/db/MultiPixStream2AXIvideo.tbgen.tcl 
Execute       source /home/e/Documents/research/byotee/OSDZU3_Ref_Design/OSDZU3_Ref_Design.runs/design_1_v_mix_0_0_synth_1/prj/sol/.autopilot/db/VMixHlsDataFlowFunction.tbgen.tcl 
Execute       source /home/e/Documents/research/byotee/OSDZU3_Ref_Design/OSDZU3_Ref_Design.runs/design_1_v_mix_0_0_synth_1/prj/sol/.autopilot/db/v_mix.tbgen.tcl 
Execute       source /home/e/Documents/research/byotee/OSDZU3_Ref_Design/OSDZU3_Ref_Design.runs/design_1_v_mix_0_0_synth_1/prj/sol/.autopilot/db/global.setting.tcl 
Execute       ap_part_info -name xczu3eg-sfvc784-1-e -data names -quiet 
Execute       ap_part_info -name xczu3eg-sfvc784-1-e -data info -quiet 
Execute       source /home/e/Documents/research/byotee/OSDZU3_Ref_Design/OSDZU3_Ref_Design.runs/design_1_v_mix_0_0_synth_1/prj/sol/.autopilot/db/v_mix.constraint.tcl 
Execute       sc_get_clocks v_mix 
Execute       source /home/e/Documents/research/byotee/OSDZU3_Ref_Design/OSDZU3_Ref_Design.runs/design_1_v_mix_0_0_synth_1/prj/sol/.autopilot/db/global.setting.tcl 
INFO-FLOW: DBG:PUTS:       generate_syn_sh
Execute       ap_part_info -name xczu3eg-sfvc784-1-e -data names -quiet 
Execute       ap_part_info -name xczu3eg-sfvc784-1-e -data info -quiet 
Execute       source /home/e/Documents/research/byotee/OSDZU3_Ref_Design/OSDZU3_Ref_Design.runs/design_1_v_mix_0_0_synth_1/prj/sol/.autopilot/db/global.setting.tcl 
INFO-FLOW: DBG:PUTS:       generate_imp_constraints
Execute       ap_part_info -name xczu3eg-sfvc784-1-e -data names -quiet 
Execute       ap_part_info -name xczu3eg-sfvc784-1-e -data info -quiet 
Execute       source /home/e/Documents/research/byotee/OSDZU3_Ref_Design/OSDZU3_Ref_Design.runs/design_1_v_mix_0_0_synth_1/prj/sol/.autopilot/db/v_mix.constraint.tcl 
Execute       source /home/e/Documents/research/byotee/OSDZU3_Ref_Design/OSDZU3_Ref_Design.runs/design_1_v_mix_0_0_synth_1/prj/sol/.autopilot/db/v_mix.tbgen.tcl 
INFO-FLOW: DBG:PUTS:       delete-temp-dirs pwd=/home/e/Documents/research/byotee/OSDZU3_Ref_Design/OSDZU3_Ref_Design.runs/design_1_v_mix_0_0_synth_1/prj/sol
Execute       ap_part_info -name xczu3eg-sfvc784-1-e -data names -quiet 
Execute       ap_part_info -name xczu3eg-sfvc784-1-e -data info -quiet 
INFO-FLOW: DBG:PUTS: read_platform_lib /home/e/Documents/research/byotee/OSDZU3_Ref_Design/OSDZU3_Ref_Design.runs/design_1_v_mix_0_0_synth_1/prj/sol/.autopilot/db/global.setting.tcl
Execute       source /tools/Xilinx/2025.1/Vitis/common/technology/generic/autopilot/common.gen 
Execute         source /tools/Xilinx/2025.1/Vitis/common/technology/generic/autopilot/APCoreGen.gen 
Execute       source /tools/Xilinx/2025.1/Vitis/common/technology/generic/autopilot/op.gen 
Execute       source /tools/Xilinx/2025.1/Vitis/common/technology/generic/autopilot/op_simcore.gen 
Execute       source /tools/Xilinx/2025.1/Vitis/common/technology/generic/autopilot/interface.gen 
Execute       source /home/e/Documents/research/byotee/OSDZU3_Ref_Design/OSDZU3_Ref_Design.runs/design_1_v_mix_0_0_synth_1/prj/sol/.autopilot/db/global.setting.tcl 
Execute       source /tools/Xilinx/2025.1/Vitis/common/technology/xilinx/common/xilinx.gen 
Execute         source /tools/Xilinx/2025.1/Vitis/common/technology/xilinx/interface/plb46.gen 
Execute         source /tools/Xilinx/2025.1/Vitis/common/technology/xilinx/interface/axi4.gen 
Execute         source /tools/Xilinx/2025.1/Vitis/common/technology/xilinx/interface/nativeAXI4.gen 
Execute           source /tools/Xilinx/2025.1/Vitis/common/technology/xilinx/interface/saxilite.gen 
Execute         source /tools/Xilinx/2025.1/Vitis/common/technology/xilinx/scripts/xilinxcoregen.gen 
Execute         source /tools/Xilinx/2025.1/Vitis/common/technology/xilinx/interface/XilEDKCoreGen.gen 
Execute         source /tools/Xilinx/2025.1/Vitis/common/technology/xilinx/ip/xfft.gen 
Execute         source /tools/Xilinx/2025.1/Vitis/common/technology/xilinx/ip/xfir.gen 
Execute         source /tools/Xilinx/2025.1/Vitis/common/technology/xilinx/ip/util.gen 
Execute         source /tools/Xilinx/2025.1/Vitis/common/technology/xilinx/ip/dds_compiler.gen 
Execute         source /tools/Xilinx/2025.1/Vitis/common/technology/xilinx/DSP48/dsp48.gen 
INFO-FLOW: DBG:PUTS:     IP package: exec /home/e/Documents/research/byotee/OSDZU3_Ref_Design/OSDZU3_Ref_Design.runs/design_1_v_mix_0_0_synth_1/prj/sol/impl/ip/pack.sh
INFO-FLOW: DBG:PUTS:     IP package: success /home/e/Documents/research/byotee/OSDZU3_Ref_Design/OSDZU3_Ref_Design.runs/design_1_v_mix_0_0_synth_1/prj/sol/impl/ip/pack.sh
Execute       send_msg_by_id INFO @200-802@%s prj/sol/impl/export.zip 
INFO: [HLS 200-802] Generated output file prj/sol/impl/export.zip
Command     export_design done; 30.06 sec.
INFO: [HLS 200-2161] Finished Command export_design Elapsed time: 00:00:30; Allocated memory: 13.398 MB.
Execute     cleanup_all 
