

================================================================
== Vitis HLS Report for 'v_mix'
================================================================
* Date:           Sat Sep  6 13:59:17 2025

* Version:        2025.1 (Build 6135595 on May 21 2025)
* Project:        prj
* Solution:       sol (Vivado IP Flow Target)
* Product family: zynquplus
* Target device:  xczu3eg-sfvc784-1-e


================================================================
== Performance Estimates
================================================================
+ Timing: 
    * Summary: 
    +--------+---------+----------+------------+
    |  Clock |  Target | Estimated| Uncertainty|
    +--------+---------+----------+------------+
    |ap_clk  |  5.00 ns|  3.650 ns|     1.35 ns|
    +--------+---------+----------+------------+

+ Latency: 
    * Summary: 
    +---------+------------+-----------+-----------+------+------------+---------+
    |   Latency (cycles)   |   Latency (absolute)  |      Interval     | Pipeline|
    |   min   |     max    |    min    |    max    |  min |     max    |   Type  |
    +---------+------------+-----------+-----------+------+------------+---------+
    |     4635|  1073938437|  23.175 us|  5.370 sec|  4636|  1073938438|       no|
    +---------+------------+-----------+-----------+------+------------+---------+

    + Detail: 
        * Instance: 
        N/A

        * Loop: 
        +---------------------+---------+---------+----------+-----------+-----------+------+----------+
        |                     |  Latency (cycles) | Iteration|  Initiation Interval  | Trip |          |
        |      Loop Name      |   min   |   max   |  Latency |  achieved |   target  | Count| Pipelined|
        +---------------------+---------+---------+----------+-----------+-----------+------+----------+
        |- VITIS_LOOP_2912_1  |        2|        2|         1|          1|          1|     3|       yes|
        +---------------------+---------+---------+----------+-----------+-----------+------+----------+

============================================================
+ Verbose Summary: Synthesis Manager
============================================================
InlineROM: 1
ExposeGlobal: 0
============================================================
+ Verbose Summary: CDFG Model
============================================================
IsTopModel: 1
ResetActiveHigh: 1
IsCombinational: 0
IsDatapathOnly: 0
HasWiredReturn: 1
HasMFsm: 2
HasVarLatency: 1
IsPipeline: 0
IsRtlPipelined: 0
IsInstanceOverlapped: 0
IsDontTouch: 0
HasImplIP: 0
IsGatedGlobalClock: 0

+ Individual pipeline summary: 
  * Pipeline-0: initiation interval (II) = 1, depth = 1


============================================================
+ Verbose Summary: Schedule
============================================================
* Number of FSM states : 5
* Pipeline : 1
  Pipeline-0 : II = 1, D = 1, States = { 2 }
* Dataflow Pipeline: 0

* FSM state transitions: 
1 --> 2 
2 --> 3 2 
3 --> 4 
4 --> 5 
5 --> 

* FSM state operations: 

State 1 <SV = 0> <Delay = 1.00>
ST_1 : Operation 6 [1/1] (0.00ns)   --->   "%i7 = alloca i32 1"   --->   Operation 6 'alloca' 'i7' <Predicate = true> <Delay = 0.00>
ST_1 : Operation 7 [1/1] (0.00ns)   --->   "%tobool172 = alloca i32 1"   --->   Operation 7 'alloca' 'tobool172' <Predicate = true> <Delay = 0.00>
ST_1 : Operation 8 [1/1] (0.00ns)   --->   "%empty = alloca i32 1"   --->   Operation 8 'alloca' 'empty' <Predicate = true> <Delay = 0.00>
ST_1 : Operation 9 [1/1] (0.00ns)   --->   "%empty_88 = alloca i32 1"   --->   Operation 9 'alloca' 'empty_88' <Predicate = true> <Delay = 0.00>
ST_1 : Operation 10 [1/1] (0.00ns)   --->   "%empty_89 = alloca i32 1"   --->   Operation 10 'alloca' 'empty_89' <Predicate = true> <Delay = 0.00>
ST_1 : Operation 11 [1/1] (0.00ns)   --->   "%empty_90 = alloca i32 1"   --->   Operation 11 'alloca' 'empty_90' <Predicate = true> <Delay = 0.00>
ST_1 : Operation 12 [1/1] (0.00ns)   --->   "%empty_91 = alloca i32 1"   --->   Operation 12 'alloca' 'empty_91' <Predicate = true> <Delay = 0.00>
ST_1 : Operation 13 [1/1] (0.00ns)   --->   "%empty_92 = alloca i32 1"   --->   Operation 13 'alloca' 'empty_92' <Predicate = true> <Delay = 0.00>
ST_1 : Operation 14 [1/1] (0.00ns)   --->   "%tobool94 = alloca i32 1"   --->   Operation 14 'alloca' 'tobool94' <Predicate = true> <Delay = 0.00>
ST_1 : Operation 15 [1/1] (0.00ns)   --->   "%tobool56 = alloca i32 1"   --->   Operation 15 'alloca' 'tobool56' <Predicate = true> <Delay = 0.00>
ST_1 : Operation 16 [1/1] (0.00ns)   --->   "%empty_93 = alloca i32 1"   --->   Operation 16 'alloca' 'empty_93' <Predicate = true> <Delay = 0.00>
ST_1 : Operation 17 [1/1] (0.00ns)   --->   "%empty_94 = alloca i32 1"   --->   Operation 17 'alloca' 'empty_94' <Predicate = true> <Delay = 0.00>
ST_1 : Operation 18 [1/1] (0.00ns)   --->   "%empty_95 = alloca i32 1"   --->   Operation 18 'alloca' 'empty_95' <Predicate = true> <Delay = 0.00>
ST_1 : Operation 19 [1/1] (0.00ns)   --->   "%empty_96 = alloca i32 1"   --->   Operation 19 'alloca' 'empty_96' <Predicate = true> <Delay = 0.00>
ST_1 : Operation 20 [1/1] (0.00ns)   --->   "%empty_97 = alloca i32 1"   --->   Operation 20 'alloca' 'empty_97' <Predicate = true> <Delay = 0.00>
ST_1 : Operation 21 [1/1] (1.00ns)   --->   "%layerEnable_read = read i32 @_ssdm_op_Read.ap_none.i32, i32 %layerEnable" [/home/e/Documents/research/byotee/OSDZU3_Ref_Design/OSDZU3_Ref_Design.runs/design_1_v_mix_0_0_synth_1/prj/sol/.autopilot/db/v_mix.cpp:2034]   --->   Operation 21 'read' 'layerEnable_read' <Predicate = true> <Delay = 1.00> <CoreInst = "s_axilite">   --->   Core 120 's_axilite' <Latency = 0> <II = 1> <Delay = 1.00> <Adapter> <Opcode : 'read' 'write'>
ST_1 : Operation 22 [1/1] (1.00ns)   --->   "%background_V_B_read = read i16 @_ssdm_op_Read.s_axilite.i16, i16 %background_V_B" [/home/e/Documents/research/byotee/OSDZU3_Ref_Design/OSDZU3_Ref_Design.runs/design_1_v_mix_0_0_synth_1/prj/sol/.autopilot/db/v_mix.cpp:2034]   --->   Operation 22 'read' 'background_V_B_read' <Predicate = true> <Delay = 1.00> <CoreInst = "s_axilite">   --->   Core 120 's_axilite' <Latency = 0> <II = 1> <Delay = 1.00> <Adapter> <Opcode : 'read' 'write'>
ST_1 : Operation 23 [1/1] (1.00ns)   --->   "%background_U_G_read = read i16 @_ssdm_op_Read.s_axilite.i16, i16 %background_U_G" [/home/e/Documents/research/byotee/OSDZU3_Ref_Design/OSDZU3_Ref_Design.runs/design_1_v_mix_0_0_synth_1/prj/sol/.autopilot/db/v_mix.cpp:2034]   --->   Operation 23 'read' 'background_U_G_read' <Predicate = true> <Delay = 1.00> <CoreInst = "s_axilite">   --->   Core 120 's_axilite' <Latency = 0> <II = 1> <Delay = 1.00> <Adapter> <Opcode : 'read' 'write'>
ST_1 : Operation 24 [1/1] (1.00ns)   --->   "%background_Y_R_read = read i16 @_ssdm_op_Read.s_axilite.i16, i16 %background_Y_R" [/home/e/Documents/research/byotee/OSDZU3_Ref_Design/OSDZU3_Ref_Design.runs/design_1_v_mix_0_0_synth_1/prj/sol/.autopilot/db/v_mix.cpp:2034]   --->   Operation 24 'read' 'background_Y_R_read' <Predicate = true> <Delay = 1.00> <CoreInst = "s_axilite">   --->   Core 120 's_axilite' <Latency = 0> <II = 1> <Delay = 1.00> <Adapter> <Opcode : 'read' 'write'>
ST_1 : Operation 25 [1/1] (1.00ns)   --->   "%height_read = read i16 @_ssdm_op_Read.s_axilite.i16, i16 %height" [/home/e/Documents/research/byotee/OSDZU3_Ref_Design/OSDZU3_Ref_Design.runs/design_1_v_mix_0_0_synth_1/prj/sol/.autopilot/db/v_mix.cpp:2034]   --->   Operation 25 'read' 'height_read' <Predicate = true> <Delay = 1.00> <CoreInst = "s_axilite">   --->   Core 120 's_axilite' <Latency = 0> <II = 1> <Delay = 1.00> <Adapter> <Opcode : 'read' 'write'>
ST_1 : Operation 26 [1/1] (1.00ns)   --->   "%width_read = read i16 @_ssdm_op_Read.s_axilite.i16, i16 %width" [/home/e/Documents/research/byotee/OSDZU3_Ref_Design/OSDZU3_Ref_Design.runs/design_1_v_mix_0_0_synth_1/prj/sol/.autopilot/db/v_mix.cpp:2034]   --->   Operation 26 'read' 'width_read' <Predicate = true> <Delay = 1.00> <CoreInst = "s_axilite">   --->   Core 120 's_axilite' <Latency = 0> <II = 1> <Delay = 1.00> <Adapter> <Opcode : 'read' 'write'>
ST_1 : Operation 27 [1/1] (0.00ns)   --->   "%trunc_ln2034 = trunc i32 %layerEnable_read" [/home/e/Documents/research/byotee/OSDZU3_Ref_Design/OSDZU3_Ref_Design.runs/design_1_v_mix_0_0_synth_1/prj/sol/.autopilot/db/v_mix.cpp:2034]   --->   Operation 27 'trunc' 'trunc_ln2034' <Predicate = true> <Delay = 0.00>
ST_1 : Operation 28 [1/1] (0.00ns)   --->   "%trunc_ln2034_1 = trunc i16 %background_V_B_read" [/home/e/Documents/research/byotee/OSDZU3_Ref_Design/OSDZU3_Ref_Design.runs/design_1_v_mix_0_0_synth_1/prj/sol/.autopilot/db/v_mix.cpp:2034]   --->   Operation 28 'trunc' 'trunc_ln2034_1' <Predicate = true> <Delay = 0.00>
ST_1 : Operation 29 [1/1] (0.00ns)   --->   "%trunc_ln2034_2 = trunc i16 %background_U_G_read" [/home/e/Documents/research/byotee/OSDZU3_Ref_Design/OSDZU3_Ref_Design.runs/design_1_v_mix_0_0_synth_1/prj/sol/.autopilot/db/v_mix.cpp:2034]   --->   Operation 29 'trunc' 'trunc_ln2034_2' <Predicate = true> <Delay = 0.00>
ST_1 : Operation 30 [1/1] (0.00ns)   --->   "%trunc_ln2034_3 = trunc i16 %background_Y_R_read" [/home/e/Documents/research/byotee/OSDZU3_Ref_Design/OSDZU3_Ref_Design.runs/design_1_v_mix_0_0_synth_1/prj/sol/.autopilot/db/v_mix.cpp:2034]   --->   Operation 30 'trunc' 'trunc_ln2034_3' <Predicate = true> <Delay = 0.00>
ST_1 : Operation 31 [1/1] (0.00ns)   --->   "%trunc_ln2034_4 = trunc i16 %width_read" [/home/e/Documents/research/byotee/OSDZU3_Ref_Design/OSDZU3_Ref_Design.runs/design_1_v_mix_0_0_synth_1/prj/sol/.autopilot/db/v_mix.cpp:2034]   --->   Operation 31 'trunc' 'trunc_ln2034_4' <Predicate = true> <Delay = 0.00>
ST_1 : Operation 32 [1/1] (0.00ns)   --->   "%trunc_ln2034_5 = trunc i16 %height_read" [/home/e/Documents/research/byotee/OSDZU3_Ref_Design/OSDZU3_Ref_Design.runs/design_1_v_mix_0_0_synth_1/prj/sol/.autopilot/db/v_mix.cpp:2034]   --->   Operation 32 'trunc' 'trunc_ln2034_5' <Predicate = true> <Delay = 0.00>
ST_1 : Operation 33 [1/1] (0.00ns)   --->   "%spectopmodule_ln2034 = spectopmodule void @_ssdm_op_SpecTopModule, void @empty_54" [/home/e/Documents/research/byotee/OSDZU3_Ref_Design/OSDZU3_Ref_Design.runs/design_1_v_mix_0_0_synth_1/prj/sol/.autopilot/db/v_mix.cpp:2034]   --->   Operation 33 'spectopmodule' 'spectopmodule_ln2034' <Predicate = true> <Delay = 0.00>
ST_1 : Operation 34 [1/1] (0.00ns)   --->   "%specinterface_ln0 = specinterface void @_ssdm_op_SpecInterface, i24 %s_axis_video_V_data_V, i3 %s_axis_video_V_keep_V, i3 %s_axis_video_V_strb_V, i1 %s_axis_video_V_user_V, i1 %s_axis_video_V_last_V, i1 %s_axis_video_V_id_V, i1 %s_axis_video_V_dest_V, void @empty_10, i32 1, i32 1, void @empty_2, i32 0, i32 0, void @empty_0, void @empty_0, void @empty_0, i32 0, i32 0, i32 0, i32 0, void @empty_0, void @empty_0, i32 4294967295, i32 0, i32 0"   --->   Operation 34 'specinterface' 'specinterface_ln0' <Predicate = true> <Delay = 0.00>
ST_1 : Operation 35 [1/1] (0.00ns)   --->   "%specbitsmap_ln0 = specbitsmap void @_ssdm_op_SpecBitsMap, i24 %s_axis_video_V_data_V"   --->   Operation 35 'specbitsmap' 'specbitsmap_ln0' <Predicate = true> <Delay = 0.00>
ST_1 : Operation 36 [1/1] (0.00ns)   --->   "%specbitsmap_ln0 = specbitsmap void @_ssdm_op_SpecBitsMap, i3 %s_axis_video_V_keep_V"   --->   Operation 36 'specbitsmap' 'specbitsmap_ln0' <Predicate = true> <Delay = 0.00>
ST_1 : Operation 37 [1/1] (0.00ns)   --->   "%specbitsmap_ln0 = specbitsmap void @_ssdm_op_SpecBitsMap, i3 %s_axis_video_V_strb_V"   --->   Operation 37 'specbitsmap' 'specbitsmap_ln0' <Predicate = true> <Delay = 0.00>
ST_1 : Operation 38 [1/1] (0.00ns)   --->   "%specbitsmap_ln0 = specbitsmap void @_ssdm_op_SpecBitsMap, i1 %s_axis_video_V_user_V"   --->   Operation 38 'specbitsmap' 'specbitsmap_ln0' <Predicate = true> <Delay = 0.00>
ST_1 : Operation 39 [1/1] (0.00ns)   --->   "%specbitsmap_ln0 = specbitsmap void @_ssdm_op_SpecBitsMap, i1 %s_axis_video_V_last_V"   --->   Operation 39 'specbitsmap' 'specbitsmap_ln0' <Predicate = true> <Delay = 0.00>
ST_1 : Operation 40 [1/1] (0.00ns)   --->   "%specbitsmap_ln0 = specbitsmap void @_ssdm_op_SpecBitsMap, i1 %s_axis_video_V_id_V"   --->   Operation 40 'specbitsmap' 'specbitsmap_ln0' <Predicate = true> <Delay = 0.00>
ST_1 : Operation 41 [1/1] (0.00ns)   --->   "%specbitsmap_ln0 = specbitsmap void @_ssdm_op_SpecBitsMap, i1 %s_axis_video_V_dest_V"   --->   Operation 41 'specbitsmap' 'specbitsmap_ln0' <Predicate = true> <Delay = 0.00>
ST_1 : Operation 42 [1/1] (0.00ns)   --->   "%specinterface_ln0 = specinterface void @_ssdm_op_SpecInterface, i24 %s_axis_video1_V_data_V, i3 %s_axis_video1_V_keep_V, i3 %s_axis_video1_V_strb_V, i1 %s_axis_video1_V_user_V, i1 %s_axis_video1_V_last_V, i1 %s_axis_video1_V_id_V, i1 %s_axis_video1_V_dest_V, void @empty_10, i32 1, i32 1, void @empty_2, i32 0, i32 0, void @empty_0, void @empty_0, void @empty_0, i32 0, i32 0, i32 0, i32 0, void @empty_0, void @empty_0, i32 4294967295, i32 0, i32 0"   --->   Operation 42 'specinterface' 'specinterface_ln0' <Predicate = true> <Delay = 0.00>
ST_1 : Operation 43 [1/1] (0.00ns)   --->   "%specbitsmap_ln0 = specbitsmap void @_ssdm_op_SpecBitsMap, i24 %s_axis_video1_V_data_V"   --->   Operation 43 'specbitsmap' 'specbitsmap_ln0' <Predicate = true> <Delay = 0.00>
ST_1 : Operation 44 [1/1] (0.00ns)   --->   "%specbitsmap_ln0 = specbitsmap void @_ssdm_op_SpecBitsMap, i3 %s_axis_video1_V_keep_V"   --->   Operation 44 'specbitsmap' 'specbitsmap_ln0' <Predicate = true> <Delay = 0.00>
ST_1 : Operation 45 [1/1] (0.00ns)   --->   "%specbitsmap_ln0 = specbitsmap void @_ssdm_op_SpecBitsMap, i3 %s_axis_video1_V_strb_V"   --->   Operation 45 'specbitsmap' 'specbitsmap_ln0' <Predicate = true> <Delay = 0.00>
ST_1 : Operation 46 [1/1] (0.00ns)   --->   "%specbitsmap_ln0 = specbitsmap void @_ssdm_op_SpecBitsMap, i1 %s_axis_video1_V_user_V"   --->   Operation 46 'specbitsmap' 'specbitsmap_ln0' <Predicate = true> <Delay = 0.00>
ST_1 : Operation 47 [1/1] (0.00ns)   --->   "%specbitsmap_ln0 = specbitsmap void @_ssdm_op_SpecBitsMap, i1 %s_axis_video1_V_last_V"   --->   Operation 47 'specbitsmap' 'specbitsmap_ln0' <Predicate = true> <Delay = 0.00>
ST_1 : Operation 48 [1/1] (0.00ns)   --->   "%specbitsmap_ln0 = specbitsmap void @_ssdm_op_SpecBitsMap, i1 %s_axis_video1_V_id_V"   --->   Operation 48 'specbitsmap' 'specbitsmap_ln0' <Predicate = true> <Delay = 0.00>
ST_1 : Operation 49 [1/1] (0.00ns)   --->   "%specbitsmap_ln0 = specbitsmap void @_ssdm_op_SpecBitsMap, i1 %s_axis_video1_V_dest_V"   --->   Operation 49 'specbitsmap' 'specbitsmap_ln0' <Predicate = true> <Delay = 0.00>
ST_1 : Operation 50 [1/1] (0.00ns)   --->   "%specinterface_ln0 = specinterface void @_ssdm_op_SpecInterface, i24 %s_axis_video2_V_data_V, i3 %s_axis_video2_V_keep_V, i3 %s_axis_video2_V_strb_V, i1 %s_axis_video2_V_user_V, i1 %s_axis_video2_V_last_V, i1 %s_axis_video2_V_id_V, i1 %s_axis_video2_V_dest_V, void @empty_10, i32 1, i32 1, void @empty_2, i32 0, i32 0, void @empty_0, void @empty_0, void @empty_0, i32 0, i32 0, i32 0, i32 0, void @empty_0, void @empty_0, i32 4294967295, i32 0, i32 0"   --->   Operation 50 'specinterface' 'specinterface_ln0' <Predicate = true> <Delay = 0.00>
ST_1 : Operation 51 [1/1] (0.00ns)   --->   "%specbitsmap_ln0 = specbitsmap void @_ssdm_op_SpecBitsMap, i24 %s_axis_video2_V_data_V"   --->   Operation 51 'specbitsmap' 'specbitsmap_ln0' <Predicate = true> <Delay = 0.00>
ST_1 : Operation 52 [1/1] (0.00ns)   --->   "%specbitsmap_ln0 = specbitsmap void @_ssdm_op_SpecBitsMap, i3 %s_axis_video2_V_keep_V"   --->   Operation 52 'specbitsmap' 'specbitsmap_ln0' <Predicate = true> <Delay = 0.00>
ST_1 : Operation 53 [1/1] (0.00ns)   --->   "%specbitsmap_ln0 = specbitsmap void @_ssdm_op_SpecBitsMap, i3 %s_axis_video2_V_strb_V"   --->   Operation 53 'specbitsmap' 'specbitsmap_ln0' <Predicate = true> <Delay = 0.00>
ST_1 : Operation 54 [1/1] (0.00ns)   --->   "%specbitsmap_ln0 = specbitsmap void @_ssdm_op_SpecBitsMap, i1 %s_axis_video2_V_user_V"   --->   Operation 54 'specbitsmap' 'specbitsmap_ln0' <Predicate = true> <Delay = 0.00>
ST_1 : Operation 55 [1/1] (0.00ns)   --->   "%specbitsmap_ln0 = specbitsmap void @_ssdm_op_SpecBitsMap, i1 %s_axis_video2_V_last_V"   --->   Operation 55 'specbitsmap' 'specbitsmap_ln0' <Predicate = true> <Delay = 0.00>
ST_1 : Operation 56 [1/1] (0.00ns)   --->   "%specbitsmap_ln0 = specbitsmap void @_ssdm_op_SpecBitsMap, i1 %s_axis_video2_V_id_V"   --->   Operation 56 'specbitsmap' 'specbitsmap_ln0' <Predicate = true> <Delay = 0.00>
ST_1 : Operation 57 [1/1] (0.00ns)   --->   "%specbitsmap_ln0 = specbitsmap void @_ssdm_op_SpecBitsMap, i1 %s_axis_video2_V_dest_V"   --->   Operation 57 'specbitsmap' 'specbitsmap_ln0' <Predicate = true> <Delay = 0.00>
ST_1 : Operation 58 [1/1] (0.00ns)   --->   "%specbitsmap_ln0 = specbitsmap void @_ssdm_op_SpecBitsMap, i16 %width"   --->   Operation 58 'specbitsmap' 'specbitsmap_ln0' <Predicate = true> <Delay = 0.00>
ST_1 : Operation 59 [1/1] (0.00ns)   --->   "%specinterface_ln0 = specinterface void @_ssdm_op_SpecInterface, i16 %width, void @empty_12, i32 4294967295, i32 4294967295, void @empty_2, i32 0, i32 0, void @empty_3, void @empty_4, void @empty_0, i32 0, i32 0, i32 0, i32 0, void @empty_0, void @empty_0, i32 4294967295, i32 0, i32 0"   --->   Operation 59 'specinterface' 'specinterface_ln0' <Predicate = true> <Delay = 0.00>
ST_1 : Operation 60 [1/1] (0.00ns)   --->   "%specinterface_ln0 = specinterface void @_ssdm_op_SpecInterface, i16 %width, void @empty_27, i32 4294967295, i32 4294967295, void @empty_0, i32 0, i32 0, void @empty_0, void @empty_0, void @empty_0, i32 0, i32 0, i32 0, i32 0, void @empty_0, void @empty_0, i32 4294967295, i32 0, i32 0"   --->   Operation 60 'specinterface' 'specinterface_ln0' <Predicate = true> <Delay = 0.00>
ST_1 : Operation 61 [1/1] (0.00ns)   --->   "%specbitsmap_ln0 = specbitsmap void @_ssdm_op_SpecBitsMap, i16 %height"   --->   Operation 61 'specbitsmap' 'specbitsmap_ln0' <Predicate = true> <Delay = 0.00>
ST_1 : Operation 62 [1/1] (0.00ns)   --->   "%specinterface_ln0 = specinterface void @_ssdm_op_SpecInterface, i16 %height, void @empty_12, i32 4294967295, i32 4294967295, void @empty_2, i32 0, i32 0, void @empty_3, void @empty_6, void @empty_0, i32 0, i32 0, i32 0, i32 0, void @empty_0, void @empty_0, i32 4294967295, i32 0, i32 0"   --->   Operation 62 'specinterface' 'specinterface_ln0' <Predicate = true> <Delay = 0.00>
ST_1 : Operation 63 [1/1] (0.00ns)   --->   "%specinterface_ln0 = specinterface void @_ssdm_op_SpecInterface, i16 %height, void @empty_27, i32 4294967295, i32 4294967295, void @empty_0, i32 0, i32 0, void @empty_0, void @empty_0, void @empty_0, i32 0, i32 0, i32 0, i32 0, void @empty_0, void @empty_0, i32 4294967295, i32 0, i32 0"   --->   Operation 63 'specinterface' 'specinterface_ln0' <Predicate = true> <Delay = 0.00>
ST_1 : Operation 64 [1/1] (0.00ns)   --->   "%specbitsmap_ln0 = specbitsmap void @_ssdm_op_SpecBitsMap, i16 %video_format"   --->   Operation 64 'specbitsmap' 'specbitsmap_ln0' <Predicate = true> <Delay = 0.00>
ST_1 : Operation 65 [1/1] (0.00ns)   --->   "%specinterface_ln0 = specinterface void @_ssdm_op_SpecInterface, i16 %video_format, void @empty_12, i32 4294967295, i32 4294967295, void @empty_2, i32 0, i32 0, void @empty_3, void @empty_47, void @empty_0, i32 0, i32 0, i32 0, i32 0, void @empty_0, void @empty_0, i32 4294967295, i32 0, i32 0"   --->   Operation 65 'specinterface' 'specinterface_ln0' <Predicate = true> <Delay = 0.00>
ST_1 : Operation 66 [1/1] (0.00ns)   --->   "%specinterface_ln0 = specinterface void @_ssdm_op_SpecInterface, i16 %video_format, void @empty_27, i32 4294967295, i32 4294967295, void @empty_0, i32 0, i32 0, void @empty_0, void @empty_0, void @empty_0, i32 0, i32 0, i32 0, i32 0, void @empty_0, void @empty_0, i32 4294967295, i32 0, i32 0"   --->   Operation 66 'specinterface' 'specinterface_ln0' <Predicate = true> <Delay = 0.00>
ST_1 : Operation 67 [1/1] (0.00ns)   --->   "%specbitsmap_ln0 = specbitsmap void @_ssdm_op_SpecBitsMap, i16 %background_Y_R"   --->   Operation 67 'specbitsmap' 'specbitsmap_ln0' <Predicate = true> <Delay = 0.00>
ST_1 : Operation 68 [1/1] (0.00ns)   --->   "%specinterface_ln0 = specinterface void @_ssdm_op_SpecInterface, i16 %background_Y_R, void @empty_12, i32 4294967295, i32 4294967295, void @empty_2, i32 0, i32 0, void @empty_3, void @empty_7, void @empty_0, i32 0, i32 0, i32 0, i32 0, void @empty_0, void @empty_0, i32 4294967295, i32 0, i32 0"   --->   Operation 68 'specinterface' 'specinterface_ln0' <Predicate = true> <Delay = 0.00>
ST_1 : Operation 69 [1/1] (0.00ns)   --->   "%specinterface_ln0 = specinterface void @_ssdm_op_SpecInterface, i16 %background_Y_R, void @empty_27, i32 4294967295, i32 4294967295, void @empty_0, i32 0, i32 0, void @empty_0, void @empty_0, void @empty_0, i32 0, i32 0, i32 0, i32 0, void @empty_0, void @empty_0, i32 4294967295, i32 0, i32 0"   --->   Operation 69 'specinterface' 'specinterface_ln0' <Predicate = true> <Delay = 0.00>
ST_1 : Operation 70 [1/1] (0.00ns)   --->   "%specbitsmap_ln0 = specbitsmap void @_ssdm_op_SpecBitsMap, i16 %background_U_G"   --->   Operation 70 'specbitsmap' 'specbitsmap_ln0' <Predicate = true> <Delay = 0.00>
ST_1 : Operation 71 [1/1] (0.00ns)   --->   "%specinterface_ln0 = specinterface void @_ssdm_op_SpecInterface, i16 %background_U_G, void @empty_12, i32 4294967295, i32 4294967295, void @empty_2, i32 0, i32 0, void @empty_3, void @empty_43, void @empty_0, i32 0, i32 0, i32 0, i32 0, void @empty_0, void @empty_0, i32 4294967295, i32 0, i32 0"   --->   Operation 71 'specinterface' 'specinterface_ln0' <Predicate = true> <Delay = 0.00>
ST_1 : Operation 72 [1/1] (0.00ns)   --->   "%specinterface_ln0 = specinterface void @_ssdm_op_SpecInterface, i16 %background_U_G, void @empty_27, i32 4294967295, i32 4294967295, void @empty_0, i32 0, i32 0, void @empty_0, void @empty_0, void @empty_0, i32 0, i32 0, i32 0, i32 0, void @empty_0, void @empty_0, i32 4294967295, i32 0, i32 0"   --->   Operation 72 'specinterface' 'specinterface_ln0' <Predicate = true> <Delay = 0.00>
ST_1 : Operation 73 [1/1] (0.00ns)   --->   "%specbitsmap_ln0 = specbitsmap void @_ssdm_op_SpecBitsMap, i16 %background_V_B"   --->   Operation 73 'specbitsmap' 'specbitsmap_ln0' <Predicate = true> <Delay = 0.00>
ST_1 : Operation 74 [1/1] (0.00ns)   --->   "%specinterface_ln0 = specinterface void @_ssdm_op_SpecInterface, i16 %background_V_B, void @empty_12, i32 4294967295, i32 4294967295, void @empty_2, i32 0, i32 0, void @empty_3, void @empty_22, void @empty_0, i32 0, i32 0, i32 0, i32 0, void @empty_0, void @empty_0, i32 4294967295, i32 0, i32 0"   --->   Operation 74 'specinterface' 'specinterface_ln0' <Predicate = true> <Delay = 0.00>
ST_1 : Operation 75 [1/1] (0.00ns)   --->   "%specinterface_ln0 = specinterface void @_ssdm_op_SpecInterface, i16 %background_V_B, void @empty_27, i32 4294967295, i32 4294967295, void @empty_0, i32 0, i32 0, void @empty_0, void @empty_0, void @empty_0, i32 0, i32 0, i32 0, i32 0, void @empty_0, void @empty_0, i32 4294967295, i32 0, i32 0"   --->   Operation 75 'specinterface' 'specinterface_ln0' <Predicate = true> <Delay = 0.00>
ST_1 : Operation 76 [1/1] (0.00ns)   --->   "%specbitsmap_ln0 = specbitsmap void @_ssdm_op_SpecBitsMap, i32 %layerEnable"   --->   Operation 76 'specbitsmap' 'specbitsmap_ln0' <Predicate = true> <Delay = 0.00>
ST_1 : Operation 77 [1/1] (0.00ns)   --->   "%specinterface_ln0 = specinterface void @_ssdm_op_SpecInterface, i32 %layerEnable, void @empty_12, i32 4294967295, i32 4294967295, void @empty_2, i32 0, i32 0, void @empty_3, void @empty_17, void @empty_0, i32 0, i32 0, i32 0, i32 0, void @empty_0, void @empty_0, i32 4294967295, i32 0, i32 0"   --->   Operation 77 'specinterface' 'specinterface_ln0' <Predicate = true> <Delay = 0.00>
ST_1 : Operation 78 [1/1] (0.00ns)   --->   "%specinterface_ln0 = specinterface void @_ssdm_op_SpecInterface, i32 %layerEnable, void @empty_40, i32 4294967295, i32 4294967295, void @empty_0, i32 0, i32 0, void @empty_0, void @empty_0, void @empty_0, i32 0, i32 0, i32 0, i32 0, void @empty_0, void @empty_0, i32 4294967295, i32 0, i32 0"   --->   Operation 78 'specinterface' 'specinterface_ln0' <Predicate = true> <Delay = 0.00>
ST_1 : Operation 79 [1/1] (0.00ns)   --->   "%specbitsmap_ln0 = specbitsmap void @_ssdm_op_SpecBitsMap, i16 %layerAlpha_0"   --->   Operation 79 'specbitsmap' 'specbitsmap_ln0' <Predicate = true> <Delay = 0.00>
ST_1 : Operation 80 [1/1] (0.00ns)   --->   "%specinterface_ln0 = specinterface void @_ssdm_op_SpecInterface, i16 %layerAlpha_0, void @empty_27, i32 0, i32 0, void @empty_0, i32 0, i32 0, void @empty_0, void @empty_0, void @empty_0, i32 0, i32 0, i32 0, i32 0, void @empty_0, void @empty_0, i32 4294967295, i32 0, i32 0"   --->   Operation 80 'specinterface' 'specinterface_ln0' <Predicate = true> <Delay = 0.00>
ST_1 : Operation 81 [1/1] (0.00ns)   --->   "%specbitsmap_ln0 = specbitsmap void @_ssdm_op_SpecBitsMap, i16 %layerAlpha_1"   --->   Operation 81 'specbitsmap' 'specbitsmap_ln0' <Predicate = true> <Delay = 0.00>
ST_1 : Operation 82 [1/1] (0.00ns)   --->   "%specinterface_ln0 = specinterface void @_ssdm_op_SpecInterface, i16 %layerAlpha_1, void @empty_12, i32 4294967295, i32 4294967295, void @empty_2, i32 0, i32 0, void @empty_3, void @empty_28, void @empty_0, i32 0, i32 0, i32 0, i32 0, void @empty_0, void @empty_0, i32 4294967295, i32 0, i32 0"   --->   Operation 82 'specinterface' 'specinterface_ln0' <Predicate = true> <Delay = 0.00>
ST_1 : Operation 83 [1/1] (0.00ns)   --->   "%specinterface_ln0 = specinterface void @_ssdm_op_SpecInterface, i16 %layerAlpha_1, void @empty_27, i32 4294967295, i32 4294967295, void @empty_0, i32 0, i32 0, void @empty_0, void @empty_0, void @empty_0, i32 0, i32 0, i32 0, i32 0, void @empty_0, void @empty_0, i32 4294967295, i32 0, i32 0"   --->   Operation 83 'specinterface' 'specinterface_ln0' <Predicate = true> <Delay = 0.00>
ST_1 : Operation 84 [1/1] (0.00ns)   --->   "%specbitsmap_ln0 = specbitsmap void @_ssdm_op_SpecBitsMap, i16 %layerAlpha_2"   --->   Operation 84 'specbitsmap' 'specbitsmap_ln0' <Predicate = true> <Delay = 0.00>
ST_1 : Operation 85 [1/1] (0.00ns)   --->   "%specinterface_ln0 = specinterface void @_ssdm_op_SpecInterface, i16 %layerAlpha_2, void @empty_12, i32 4294967295, i32 4294967295, void @empty_2, i32 0, i32 0, void @empty_3, void @empty_5, void @empty_0, i32 0, i32 0, i32 0, i32 0, void @empty_0, void @empty_0, i32 4294967295, i32 0, i32 0"   --->   Operation 85 'specinterface' 'specinterface_ln0' <Predicate = true> <Delay = 0.00>
ST_1 : Operation 86 [1/1] (0.00ns)   --->   "%specinterface_ln0 = specinterface void @_ssdm_op_SpecInterface, i16 %layerAlpha_2, void @empty_27, i32 4294967295, i32 4294967295, void @empty_0, i32 0, i32 0, void @empty_0, void @empty_0, void @empty_0, i32 0, i32 0, i32 0, i32 0, void @empty_0, void @empty_0, i32 4294967295, i32 0, i32 0"   --->   Operation 86 'specinterface' 'specinterface_ln0' <Predicate = true> <Delay = 0.00>
ST_1 : Operation 87 [1/1] (0.00ns)   --->   "%specbitsmap_ln0 = specbitsmap void @_ssdm_op_SpecBitsMap, i16 %layerStartX_0"   --->   Operation 87 'specbitsmap' 'specbitsmap_ln0' <Predicate = true> <Delay = 0.00>
ST_1 : Operation 88 [1/1] (0.00ns)   --->   "%specinterface_ln0 = specinterface void @_ssdm_op_SpecInterface, i16 %layerStartX_0, void @empty_40, i32 4294967295, i32 4294967295, void @empty_0, i32 0, i32 0, void @empty_0, void @empty_0, void @empty_0, i32 0, i32 0, i32 0, i32 0, void @empty_0, void @empty_0, i32 4294967295, i32 0, i32 0"   --->   Operation 88 'specinterface' 'specinterface_ln0' <Predicate = true> <Delay = 0.00>
ST_1 : Operation 89 [1/1] (0.00ns)   --->   "%specbitsmap_ln0 = specbitsmap void @_ssdm_op_SpecBitsMap, i16 %layerStartX_1"   --->   Operation 89 'specbitsmap' 'specbitsmap_ln0' <Predicate = true> <Delay = 0.00>
ST_1 : Operation 90 [1/1] (0.00ns)   --->   "%specinterface_ln0 = specinterface void @_ssdm_op_SpecInterface, i16 %layerStartX_1, void @empty_12, i32 4294967295, i32 4294967295, void @empty_2, i32 0, i32 0, void @empty_3, void @empty_37, void @empty_0, i32 0, i32 0, i32 0, i32 0, void @empty_0, void @empty_0, i32 4294967295, i32 0, i32 0"   --->   Operation 90 'specinterface' 'specinterface_ln0' <Predicate = true> <Delay = 0.00>
ST_1 : Operation 91 [1/1] (0.00ns)   --->   "%specinterface_ln0 = specinterface void @_ssdm_op_SpecInterface, i16 %layerStartX_1, void @empty_40, i32 4294967295, i32 4294967295, void @empty_0, i32 0, i32 0, void @empty_0, void @empty_0, void @empty_0, i32 0, i32 0, i32 0, i32 0, void @empty_0, void @empty_0, i32 4294967295, i32 0, i32 0"   --->   Operation 91 'specinterface' 'specinterface_ln0' <Predicate = true> <Delay = 0.00>
ST_1 : Operation 92 [1/1] (0.00ns)   --->   "%specbitsmap_ln0 = specbitsmap void @_ssdm_op_SpecBitsMap, i16 %layerStartX_2"   --->   Operation 92 'specbitsmap' 'specbitsmap_ln0' <Predicate = true> <Delay = 0.00>
ST_1 : Operation 93 [1/1] (0.00ns)   --->   "%specinterface_ln0 = specinterface void @_ssdm_op_SpecInterface, i16 %layerStartX_2, void @empty_12, i32 4294967295, i32 4294967295, void @empty_2, i32 0, i32 0, void @empty_3, void @empty_25, void @empty_0, i32 0, i32 0, i32 0, i32 0, void @empty_0, void @empty_0, i32 4294967295, i32 0, i32 0"   --->   Operation 93 'specinterface' 'specinterface_ln0' <Predicate = true> <Delay = 0.00>
ST_1 : Operation 94 [1/1] (0.00ns)   --->   "%specinterface_ln0 = specinterface void @_ssdm_op_SpecInterface, i16 %layerStartX_2, void @empty_40, i32 4294967295, i32 4294967295, void @empty_0, i32 0, i32 0, void @empty_0, void @empty_0, void @empty_0, i32 0, i32 0, i32 0, i32 0, void @empty_0, void @empty_0, i32 4294967295, i32 0, i32 0"   --->   Operation 94 'specinterface' 'specinterface_ln0' <Predicate = true> <Delay = 0.00>
ST_1 : Operation 95 [1/1] (0.00ns)   --->   "%specbitsmap_ln0 = specbitsmap void @_ssdm_op_SpecBitsMap, i16 %layerStartY_0"   --->   Operation 95 'specbitsmap' 'specbitsmap_ln0' <Predicate = true> <Delay = 0.00>
ST_1 : Operation 96 [1/1] (0.00ns)   --->   "%specinterface_ln0 = specinterface void @_ssdm_op_SpecInterface, i16 %layerStartY_0, void @empty_40, i32 4294967295, i32 4294967295, void @empty_0, i32 0, i32 0, void @empty_0, void @empty_0, void @empty_0, i32 0, i32 0, i32 0, i32 0, void @empty_0, void @empty_0, i32 4294967295, i32 0, i32 0"   --->   Operation 96 'specinterface' 'specinterface_ln0' <Predicate = true> <Delay = 0.00>
ST_1 : Operation 97 [1/1] (0.00ns)   --->   "%specbitsmap_ln0 = specbitsmap void @_ssdm_op_SpecBitsMap, i16 %layerStartY_1"   --->   Operation 97 'specbitsmap' 'specbitsmap_ln0' <Predicate = true> <Delay = 0.00>
ST_1 : Operation 98 [1/1] (0.00ns)   --->   "%specinterface_ln0 = specinterface void @_ssdm_op_SpecInterface, i16 %layerStartY_1, void @empty_12, i32 4294967295, i32 4294967295, void @empty_2, i32 0, i32 0, void @empty_3, void @empty_24, void @empty_0, i32 0, i32 0, i32 0, i32 0, void @empty_0, void @empty_0, i32 4294967295, i32 0, i32 0"   --->   Operation 98 'specinterface' 'specinterface_ln0' <Predicate = true> <Delay = 0.00>
ST_1 : Operation 99 [1/1] (0.00ns)   --->   "%specinterface_ln0 = specinterface void @_ssdm_op_SpecInterface, i16 %layerStartY_1, void @empty_40, i32 4294967295, i32 4294967295, void @empty_0, i32 0, i32 0, void @empty_0, void @empty_0, void @empty_0, i32 0, i32 0, i32 0, i32 0, void @empty_0, void @empty_0, i32 4294967295, i32 0, i32 0"   --->   Operation 99 'specinterface' 'specinterface_ln0' <Predicate = true> <Delay = 0.00>
ST_1 : Operation 100 [1/1] (0.00ns)   --->   "%specbitsmap_ln0 = specbitsmap void @_ssdm_op_SpecBitsMap, i16 %layerStartY_2"   --->   Operation 100 'specbitsmap' 'specbitsmap_ln0' <Predicate = true> <Delay = 0.00>
ST_1 : Operation 101 [1/1] (0.00ns)   --->   "%specinterface_ln0 = specinterface void @_ssdm_op_SpecInterface, i16 %layerStartY_2, void @empty_12, i32 4294967295, i32 4294967295, void @empty_2, i32 0, i32 0, void @empty_3, void @empty_1, void @empty_0, i32 0, i32 0, i32 0, i32 0, void @empty_0, void @empty_0, i32 4294967295, i32 0, i32 0"   --->   Operation 101 'specinterface' 'specinterface_ln0' <Predicate = true> <Delay = 0.00>
ST_1 : Operation 102 [1/1] (0.00ns)   --->   "%specinterface_ln0 = specinterface void @_ssdm_op_SpecInterface, i16 %layerStartY_2, void @empty_40, i32 4294967295, i32 4294967295, void @empty_0, i32 0, i32 0, void @empty_0, void @empty_0, void @empty_0, i32 0, i32 0, i32 0, i32 0, void @empty_0, void @empty_0, i32 4294967295, i32 0, i32 0"   --->   Operation 102 'specinterface' 'specinterface_ln0' <Predicate = true> <Delay = 0.00>
ST_1 : Operation 103 [1/1] (0.00ns)   --->   "%specbitsmap_ln0 = specbitsmap void @_ssdm_op_SpecBitsMap, i16 %layerWidth_0"   --->   Operation 103 'specbitsmap' 'specbitsmap_ln0' <Predicate = true> <Delay = 0.00>
ST_1 : Operation 104 [1/1] (0.00ns)   --->   "%specinterface_ln0 = specinterface void @_ssdm_op_SpecInterface, i16 %layerWidth_0, void @empty_27, i32 0, i32 0, void @empty_0, i32 0, i32 0, void @empty_0, void @empty_0, void @empty_0, i32 0, i32 0, i32 0, i32 0, void @empty_0, void @empty_0, i32 4294967295, i32 0, i32 0"   --->   Operation 104 'specinterface' 'specinterface_ln0' <Predicate = true> <Delay = 0.00>
ST_1 : Operation 105 [1/1] (0.00ns)   --->   "%specbitsmap_ln0 = specbitsmap void @_ssdm_op_SpecBitsMap, i16 %layerWidth_1"   --->   Operation 105 'specbitsmap' 'specbitsmap_ln0' <Predicate = true> <Delay = 0.00>
ST_1 : Operation 106 [1/1] (0.00ns)   --->   "%specinterface_ln0 = specinterface void @_ssdm_op_SpecInterface, i16 %layerWidth_1, void @empty_12, i32 4294967295, i32 4294967295, void @empty_2, i32 0, i32 0, void @empty_3, void @empty_18, void @empty_0, i32 0, i32 0, i32 0, i32 0, void @empty_0, void @empty_0, i32 4294967295, i32 0, i32 0"   --->   Operation 106 'specinterface' 'specinterface_ln0' <Predicate = true> <Delay = 0.00>
ST_1 : Operation 107 [1/1] (0.00ns)   --->   "%specinterface_ln0 = specinterface void @_ssdm_op_SpecInterface, i16 %layerWidth_1, void @empty_27, i32 4294967295, i32 4294967295, void @empty_0, i32 0, i32 0, void @empty_0, void @empty_0, void @empty_0, i32 0, i32 0, i32 0, i32 0, void @empty_0, void @empty_0, i32 4294967295, i32 0, i32 0"   --->   Operation 107 'specinterface' 'specinterface_ln0' <Predicate = true> <Delay = 0.00>
ST_1 : Operation 108 [1/1] (0.00ns)   --->   "%specbitsmap_ln0 = specbitsmap void @_ssdm_op_SpecBitsMap, i16 %layerWidth_2"   --->   Operation 108 'specbitsmap' 'specbitsmap_ln0' <Predicate = true> <Delay = 0.00>
ST_1 : Operation 109 [1/1] (0.00ns)   --->   "%specinterface_ln0 = specinterface void @_ssdm_op_SpecInterface, i16 %layerWidth_2, void @empty_12, i32 4294967295, i32 4294967295, void @empty_2, i32 0, i32 0, void @empty_3, void @empty_14, void @empty_0, i32 0, i32 0, i32 0, i32 0, void @empty_0, void @empty_0, i32 4294967295, i32 0, i32 0"   --->   Operation 109 'specinterface' 'specinterface_ln0' <Predicate = true> <Delay = 0.00>
ST_1 : Operation 110 [1/1] (0.00ns)   --->   "%specinterface_ln0 = specinterface void @_ssdm_op_SpecInterface, i16 %layerWidth_2, void @empty_27, i32 4294967295, i32 4294967295, void @empty_0, i32 0, i32 0, void @empty_0, void @empty_0, void @empty_0, i32 0, i32 0, i32 0, i32 0, void @empty_0, void @empty_0, i32 4294967295, i32 0, i32 0"   --->   Operation 110 'specinterface' 'specinterface_ln0' <Predicate = true> <Delay = 0.00>
ST_1 : Operation 111 [1/1] (0.00ns)   --->   "%specbitsmap_ln0 = specbitsmap void @_ssdm_op_SpecBitsMap, i16 %layerHeight_0"   --->   Operation 111 'specbitsmap' 'specbitsmap_ln0' <Predicate = true> <Delay = 0.00>
ST_1 : Operation 112 [1/1] (0.00ns)   --->   "%specinterface_ln0 = specinterface void @_ssdm_op_SpecInterface, i16 %layerHeight_0, void @empty_27, i32 0, i32 0, void @empty_0, i32 0, i32 0, void @empty_0, void @empty_0, void @empty_0, i32 0, i32 0, i32 0, i32 0, void @empty_0, void @empty_0, i32 4294967295, i32 0, i32 0"   --->   Operation 112 'specinterface' 'specinterface_ln0' <Predicate = true> <Delay = 0.00>
ST_1 : Operation 113 [1/1] (0.00ns)   --->   "%specbitsmap_ln0 = specbitsmap void @_ssdm_op_SpecBitsMap, i16 %layerHeight_1"   --->   Operation 113 'specbitsmap' 'specbitsmap_ln0' <Predicate = true> <Delay = 0.00>
ST_1 : Operation 114 [1/1] (0.00ns)   --->   "%specinterface_ln0 = specinterface void @_ssdm_op_SpecInterface, i16 %layerHeight_1, void @empty_12, i32 4294967295, i32 4294967295, void @empty_2, i32 0, i32 0, void @empty_3, void @empty_19, void @empty_0, i32 0, i32 0, i32 0, i32 0, void @empty_0, void @empty_0, i32 4294967295, i32 0, i32 0"   --->   Operation 114 'specinterface' 'specinterface_ln0' <Predicate = true> <Delay = 0.00>
ST_1 : Operation 115 [1/1] (0.00ns)   --->   "%specinterface_ln0 = specinterface void @_ssdm_op_SpecInterface, i16 %layerHeight_1, void @empty_27, i32 4294967295, i32 4294967295, void @empty_0, i32 0, i32 0, void @empty_0, void @empty_0, void @empty_0, i32 0, i32 0, i32 0, i32 0, void @empty_0, void @empty_0, i32 4294967295, i32 0, i32 0"   --->   Operation 115 'specinterface' 'specinterface_ln0' <Predicate = true> <Delay = 0.00>
ST_1 : Operation 116 [1/1] (0.00ns)   --->   "%specbitsmap_ln0 = specbitsmap void @_ssdm_op_SpecBitsMap, i16 %layerHeight_2"   --->   Operation 116 'specbitsmap' 'specbitsmap_ln0' <Predicate = true> <Delay = 0.00>
ST_1 : Operation 117 [1/1] (0.00ns)   --->   "%specinterface_ln0 = specinterface void @_ssdm_op_SpecInterface, i16 %layerHeight_2, void @empty_12, i32 4294967295, i32 4294967295, void @empty_2, i32 0, i32 0, void @empty_3, void @empty_15, void @empty_0, i32 0, i32 0, i32 0, i32 0, void @empty_0, void @empty_0, i32 4294967295, i32 0, i32 0"   --->   Operation 117 'specinterface' 'specinterface_ln0' <Predicate = true> <Delay = 0.00>
ST_1 : Operation 118 [1/1] (0.00ns)   --->   "%specinterface_ln0 = specinterface void @_ssdm_op_SpecInterface, i16 %layerHeight_2, void @empty_27, i32 4294967295, i32 4294967295, void @empty_0, i32 0, i32 0, void @empty_0, void @empty_0, void @empty_0, i32 0, i32 0, i32 0, i32 0, void @empty_0, void @empty_0, i32 4294967295, i32 0, i32 0"   --->   Operation 118 'specinterface' 'specinterface_ln0' <Predicate = true> <Delay = 0.00>
ST_1 : Operation 119 [1/1] (0.00ns)   --->   "%specbitsmap_ln0 = specbitsmap void @_ssdm_op_SpecBitsMap, i8 %layerScaleFactor_0"   --->   Operation 119 'specbitsmap' 'specbitsmap_ln0' <Predicate = true> <Delay = 0.00>
ST_1 : Operation 120 [1/1] (0.00ns)   --->   "%specinterface_ln0 = specinterface void @_ssdm_op_SpecInterface, i8 %layerScaleFactor_0, void @empty_27, i32 0, i32 0, void @empty_0, i32 0, i32 0, void @empty_0, void @empty_0, void @empty_0, i32 0, i32 0, i32 0, i32 0, void @empty_0, void @empty_0, i32 4294967295, i32 0, i32 0"   --->   Operation 120 'specinterface' 'specinterface_ln0' <Predicate = true> <Delay = 0.00>
ST_1 : Operation 121 [1/1] (0.00ns)   --->   "%specbitsmap_ln0 = specbitsmap void @_ssdm_op_SpecBitsMap, i8 %layerScaleFactor_1"   --->   Operation 121 'specbitsmap' 'specbitsmap_ln0' <Predicate = true> <Delay = 0.00>
ST_1 : Operation 122 [1/1] (0.00ns)   --->   "%specinterface_ln0 = specinterface void @_ssdm_op_SpecInterface, i8 %layerScaleFactor_1, void @empty_12, i32 4294967295, i32 4294967295, void @empty_2, i32 0, i32 0, void @empty_3, void @empty_16, void @empty_0, i32 0, i32 0, i32 0, i32 0, void @empty_0, void @empty_0, i32 4294967295, i32 0, i32 0"   --->   Operation 122 'specinterface' 'specinterface_ln0' <Predicate = true> <Delay = 0.00>
ST_1 : Operation 123 [1/1] (0.00ns)   --->   "%specinterface_ln0 = specinterface void @_ssdm_op_SpecInterface, i8 %layerScaleFactor_1, void @empty_27, i32 4294967295, i32 4294967295, void @empty_0, i32 0, i32 0, void @empty_0, void @empty_0, void @empty_0, i32 0, i32 0, i32 0, i32 0, void @empty_0, void @empty_0, i32 4294967295, i32 0, i32 0"   --->   Operation 123 'specinterface' 'specinterface_ln0' <Predicate = true> <Delay = 0.00>
ST_1 : Operation 124 [1/1] (0.00ns)   --->   "%specbitsmap_ln0 = specbitsmap void @_ssdm_op_SpecBitsMap, i8 %layerScaleFactor_2"   --->   Operation 124 'specbitsmap' 'specbitsmap_ln0' <Predicate = true> <Delay = 0.00>
ST_1 : Operation 125 [1/1] (0.00ns)   --->   "%specinterface_ln0 = specinterface void @_ssdm_op_SpecInterface, i8 %layerScaleFactor_2, void @empty_12, i32 4294967295, i32 4294967295, void @empty_2, i32 0, i32 0, void @empty_3, void @empty_20, void @empty_0, i32 0, i32 0, i32 0, i32 0, void @empty_0, void @empty_0, i32 4294967295, i32 0, i32 0"   --->   Operation 125 'specinterface' 'specinterface_ln0' <Predicate = true> <Delay = 0.00>
ST_1 : Operation 126 [1/1] (0.00ns)   --->   "%specinterface_ln0 = specinterface void @_ssdm_op_SpecInterface, i8 %layerScaleFactor_2, void @empty_27, i32 4294967295, i32 4294967295, void @empty_0, i32 0, i32 0, void @empty_0, void @empty_0, void @empty_0, i32 0, i32 0, i32 0, i32 0, void @empty_0, void @empty_0, i32 4294967295, i32 0, i32 0"   --->   Operation 126 'specinterface' 'specinterface_ln0' <Predicate = true> <Delay = 0.00>
ST_1 : Operation 127 [1/1] (0.00ns)   --->   "%specinterface_ln0 = specinterface void @_ssdm_op_SpecInterface, i8 %layerVideoFormat, void @empty_9, i32 0, i32 0, void @empty_0, i32 4294967295, i32 0, void @empty_0, void @empty_0, void @empty_0, i32 0, i32 0, i32 0, i32 0, void @empty_0, void @empty_0, i32 4294967295, i32 0, i32 0"   --->   Operation 127 'specinterface' 'specinterface_ln0' <Predicate = true> <Delay = 0.00>
ST_1 : Operation 128 [1/1] (0.00ns)   --->   "%specbitsmap_ln0 = specbitsmap void @_ssdm_op_SpecBitsMap, i8 %layerVideoFormat"   --->   Operation 128 'specbitsmap' 'specbitsmap_ln0' <Predicate = true> <Delay = 0.00>
ST_1 : Operation 129 [1/1] (0.00ns)   --->   "%specbitsmap_ln0 = specbitsmap void @_ssdm_op_SpecBitsMap, i16 %layerStride_0"   --->   Operation 129 'specbitsmap' 'specbitsmap_ln0' <Predicate = true> <Delay = 0.00>
ST_1 : Operation 130 [1/1] (0.00ns)   --->   "%specinterface_ln0 = specinterface void @_ssdm_op_SpecInterface, i16 %layerStride_0, void @empty_27, i32 0, i32 0, void @empty_0, i32 0, i32 0, void @empty_0, void @empty_0, void @empty_0, i32 0, i32 0, i32 0, i32 0, void @empty_0, void @empty_0, i32 4294967295, i32 0, i32 0"   --->   Operation 130 'specinterface' 'specinterface_ln0' <Predicate = true> <Delay = 0.00>
ST_1 : Operation 131 [1/1] (0.00ns)   --->   "%specbitsmap_ln0 = specbitsmap void @_ssdm_op_SpecBitsMap, i16 %layerStride_1"   --->   Operation 131 'specbitsmap' 'specbitsmap_ln0' <Predicate = true> <Delay = 0.00>
ST_1 : Operation 132 [1/1] (0.00ns)   --->   "%specinterface_ln0 = specinterface void @_ssdm_op_SpecInterface, i16 %layerStride_1, void @empty_12, i32 4294967295, i32 4294967295, void @empty_2, i32 0, i32 0, void @empty_3, void @empty_11, void @empty_0, i32 0, i32 0, i32 0, i32 0, void @empty_0, void @empty_0, i32 4294967295, i32 0, i32 0"   --->   Operation 132 'specinterface' 'specinterface_ln0' <Predicate = true> <Delay = 0.00>
ST_1 : Operation 133 [1/1] (0.00ns)   --->   "%specinterface_ln0 = specinterface void @_ssdm_op_SpecInterface, i16 %layerStride_1, void @empty_27, i32 4294967295, i32 4294967295, void @empty_0, i32 0, i32 0, void @empty_0, void @empty_0, void @empty_0, i32 0, i32 0, i32 0, i32 0, void @empty_0, void @empty_0, i32 4294967295, i32 0, i32 0"   --->   Operation 133 'specinterface' 'specinterface_ln0' <Predicate = true> <Delay = 0.00>
ST_1 : Operation 134 [1/1] (0.00ns)   --->   "%specbitsmap_ln0 = specbitsmap void @_ssdm_op_SpecBitsMap, i16 %layerStride_2"   --->   Operation 134 'specbitsmap' 'specbitsmap_ln0' <Predicate = true> <Delay = 0.00>
ST_1 : Operation 135 [1/1] (0.00ns)   --->   "%specinterface_ln0 = specinterface void @_ssdm_op_SpecInterface, i16 %layerStride_2, void @empty_12, i32 4294967295, i32 4294967295, void @empty_2, i32 0, i32 0, void @empty_3, void @empty_34, void @empty_0, i32 0, i32 0, i32 0, i32 0, void @empty_0, void @empty_0, i32 4294967295, i32 0, i32 0"   --->   Operation 135 'specinterface' 'specinterface_ln0' <Predicate = true> <Delay = 0.00>
ST_1 : Operation 136 [1/1] (0.00ns)   --->   "%specinterface_ln0 = specinterface void @_ssdm_op_SpecInterface, i16 %layerStride_2, void @empty_27, i32 4294967295, i32 4294967295, void @empty_0, i32 0, i32 0, void @empty_0, void @empty_0, void @empty_0, i32 0, i32 0, i32 0, i32 0, void @empty_0, void @empty_0, i32 4294967295, i32 0, i32 0"   --->   Operation 136 'specinterface' 'specinterface_ln0' <Predicate = true> <Delay = 0.00>
ST_1 : Operation 137 [1/1] (0.00ns)   --->   "%specbitsmap_ln0 = specbitsmap void @_ssdm_op_SpecBitsMap, i16 %reserve"   --->   Operation 137 'specbitsmap' 'specbitsmap_ln0' <Predicate = true> <Delay = 0.00>
ST_1 : Operation 138 [1/1] (0.00ns)   --->   "%specinterface_ln0 = specinterface void @_ssdm_op_SpecInterface, i16 %reserve, void @empty_12, i32 4294967295, i32 4294967295, void @empty_2, i32 0, i32 0, void @empty_3, void @empty_13, void @empty_0, i32 0, i32 0, i32 0, i32 0, void @empty_0, void @empty_0, i32 4294967295, i32 0, i32 0"   --->   Operation 138 'specinterface' 'specinterface_ln0' <Predicate = true> <Delay = 0.00>
ST_1 : Operation 139 [1/1] (0.00ns)   --->   "%specinterface_ln0 = specinterface void @_ssdm_op_SpecInterface, i16 %reserve, void @empty_27, i32 4294967295, i32 4294967295, void @empty_0, i32 0, i32 0, void @empty_0, void @empty_0, void @empty_0, i32 0, i32 0, i32 0, i32 0, void @empty_0, void @empty_0, i32 4294967295, i32 0, i32 0"   --->   Operation 139 'specinterface' 'specinterface_ln0' <Predicate = true> <Delay = 0.00>
ST_1 : Operation 140 [1/1] (0.00ns)   --->   "%specbitsmap_ln0 = specbitsmap void @_ssdm_op_SpecBitsMap, i32 %K11"   --->   Operation 140 'specbitsmap' 'specbitsmap_ln0' <Predicate = true> <Delay = 0.00>
ST_1 : Operation 141 [1/1] (0.00ns)   --->   "%specinterface_ln0 = specinterface void @_ssdm_op_SpecInterface, i32 %K11, void @empty_27, i32 0, i32 0, void @empty_0, i32 0, i32 0, void @empty_0, void @empty_0, void @empty_0, i32 0, i32 0, i32 0, i32 0, void @empty_0, void @empty_0, i32 4294967295, i32 0, i32 0"   --->   Operation 141 'specinterface' 'specinterface_ln0' <Predicate = true> <Delay = 0.00>
ST_1 : Operation 142 [1/1] (0.00ns)   --->   "%specbitsmap_ln0 = specbitsmap void @_ssdm_op_SpecBitsMap, i32 %K12"   --->   Operation 142 'specbitsmap' 'specbitsmap_ln0' <Predicate = true> <Delay = 0.00>
ST_1 : Operation 143 [1/1] (0.00ns)   --->   "%specinterface_ln0 = specinterface void @_ssdm_op_SpecInterface, i32 %K12, void @empty_27, i32 0, i32 0, void @empty_0, i32 0, i32 0, void @empty_0, void @empty_0, void @empty_0, i32 0, i32 0, i32 0, i32 0, void @empty_0, void @empty_0, i32 4294967295, i32 0, i32 0"   --->   Operation 143 'specinterface' 'specinterface_ln0' <Predicate = true> <Delay = 0.00>
ST_1 : Operation 144 [1/1] (0.00ns)   --->   "%specbitsmap_ln0 = specbitsmap void @_ssdm_op_SpecBitsMap, i32 %K13"   --->   Operation 144 'specbitsmap' 'specbitsmap_ln0' <Predicate = true> <Delay = 0.00>
ST_1 : Operation 145 [1/1] (0.00ns)   --->   "%specinterface_ln0 = specinterface void @_ssdm_op_SpecInterface, i32 %K13, void @empty_27, i32 0, i32 0, void @empty_0, i32 0, i32 0, void @empty_0, void @empty_0, void @empty_0, i32 0, i32 0, i32 0, i32 0, void @empty_0, void @empty_0, i32 4294967295, i32 0, i32 0"   --->   Operation 145 'specinterface' 'specinterface_ln0' <Predicate = true> <Delay = 0.00>
ST_1 : Operation 146 [1/1] (0.00ns)   --->   "%specbitsmap_ln0 = specbitsmap void @_ssdm_op_SpecBitsMap, i32 %K21"   --->   Operation 146 'specbitsmap' 'specbitsmap_ln0' <Predicate = true> <Delay = 0.00>
ST_1 : Operation 147 [1/1] (0.00ns)   --->   "%specinterface_ln0 = specinterface void @_ssdm_op_SpecInterface, i32 %K21, void @empty_27, i32 0, i32 0, void @empty_0, i32 0, i32 0, void @empty_0, void @empty_0, void @empty_0, i32 0, i32 0, i32 0, i32 0, void @empty_0, void @empty_0, i32 4294967295, i32 0, i32 0"   --->   Operation 147 'specinterface' 'specinterface_ln0' <Predicate = true> <Delay = 0.00>
ST_1 : Operation 148 [1/1] (0.00ns)   --->   "%specbitsmap_ln0 = specbitsmap void @_ssdm_op_SpecBitsMap, i32 %K22"   --->   Operation 148 'specbitsmap' 'specbitsmap_ln0' <Predicate = true> <Delay = 0.00>
ST_1 : Operation 149 [1/1] (0.00ns)   --->   "%specinterface_ln0 = specinterface void @_ssdm_op_SpecInterface, i32 %K22, void @empty_27, i32 0, i32 0, void @empty_0, i32 0, i32 0, void @empty_0, void @empty_0, void @empty_0, i32 0, i32 0, i32 0, i32 0, void @empty_0, void @empty_0, i32 4294967295, i32 0, i32 0"   --->   Operation 149 'specinterface' 'specinterface_ln0' <Predicate = true> <Delay = 0.00>
ST_1 : Operation 150 [1/1] (0.00ns)   --->   "%specbitsmap_ln0 = specbitsmap void @_ssdm_op_SpecBitsMap, i32 %K23"   --->   Operation 150 'specbitsmap' 'specbitsmap_ln0' <Predicate = true> <Delay = 0.00>
ST_1 : Operation 151 [1/1] (0.00ns)   --->   "%specinterface_ln0 = specinterface void @_ssdm_op_SpecInterface, i32 %K23, void @empty_27, i32 0, i32 0, void @empty_0, i32 0, i32 0, void @empty_0, void @empty_0, void @empty_0, i32 0, i32 0, i32 0, i32 0, void @empty_0, void @empty_0, i32 4294967295, i32 0, i32 0"   --->   Operation 151 'specinterface' 'specinterface_ln0' <Predicate = true> <Delay = 0.00>
ST_1 : Operation 152 [1/1] (0.00ns)   --->   "%specbitsmap_ln0 = specbitsmap void @_ssdm_op_SpecBitsMap, i32 %K31"   --->   Operation 152 'specbitsmap' 'specbitsmap_ln0' <Predicate = true> <Delay = 0.00>
ST_1 : Operation 153 [1/1] (0.00ns)   --->   "%specinterface_ln0 = specinterface void @_ssdm_op_SpecInterface, i32 %K31, void @empty_27, i32 0, i32 0, void @empty_0, i32 0, i32 0, void @empty_0, void @empty_0, void @empty_0, i32 0, i32 0, i32 0, i32 0, void @empty_0, void @empty_0, i32 4294967295, i32 0, i32 0"   --->   Operation 153 'specinterface' 'specinterface_ln0' <Predicate = true> <Delay = 0.00>
ST_1 : Operation 154 [1/1] (0.00ns)   --->   "%specbitsmap_ln0 = specbitsmap void @_ssdm_op_SpecBitsMap, i32 %K32"   --->   Operation 154 'specbitsmap' 'specbitsmap_ln0' <Predicate = true> <Delay = 0.00>
ST_1 : Operation 155 [1/1] (0.00ns)   --->   "%specinterface_ln0 = specinterface void @_ssdm_op_SpecInterface, i32 %K32, void @empty_27, i32 0, i32 0, void @empty_0, i32 0, i32 0, void @empty_0, void @empty_0, void @empty_0, i32 0, i32 0, i32 0, i32 0, void @empty_0, void @empty_0, i32 4294967295, i32 0, i32 0"   --->   Operation 155 'specinterface' 'specinterface_ln0' <Predicate = true> <Delay = 0.00>
ST_1 : Operation 156 [1/1] (0.00ns)   --->   "%specbitsmap_ln0 = specbitsmap void @_ssdm_op_SpecBitsMap, i32 %K33"   --->   Operation 156 'specbitsmap' 'specbitsmap_ln0' <Predicate = true> <Delay = 0.00>
ST_1 : Operation 157 [1/1] (0.00ns)   --->   "%specinterface_ln0 = specinterface void @_ssdm_op_SpecInterface, i32 %K33, void @empty_27, i32 0, i32 0, void @empty_0, i32 0, i32 0, void @empty_0, void @empty_0, void @empty_0, i32 0, i32 0, i32 0, i32 0, void @empty_0, void @empty_0, i32 4294967295, i32 0, i32 0"   --->   Operation 157 'specinterface' 'specinterface_ln0' <Predicate = true> <Delay = 0.00>
ST_1 : Operation 158 [1/1] (0.00ns)   --->   "%specbitsmap_ln0 = specbitsmap void @_ssdm_op_SpecBitsMap, i32 %ROffset"   --->   Operation 158 'specbitsmap' 'specbitsmap_ln0' <Predicate = true> <Delay = 0.00>
ST_1 : Operation 159 [1/1] (0.00ns)   --->   "%specinterface_ln0 = specinterface void @_ssdm_op_SpecInterface, i32 %ROffset, void @empty_27, i32 0, i32 0, void @empty_0, i32 0, i32 0, void @empty_0, void @empty_0, void @empty_0, i32 0, i32 0, i32 0, i32 0, void @empty_0, void @empty_0, i32 4294967295, i32 0, i32 0"   --->   Operation 159 'specinterface' 'specinterface_ln0' <Predicate = true> <Delay = 0.00>
ST_1 : Operation 160 [1/1] (0.00ns)   --->   "%specbitsmap_ln0 = specbitsmap void @_ssdm_op_SpecBitsMap, i32 %GOffset"   --->   Operation 160 'specbitsmap' 'specbitsmap_ln0' <Predicate = true> <Delay = 0.00>
ST_1 : Operation 161 [1/1] (0.00ns)   --->   "%specinterface_ln0 = specinterface void @_ssdm_op_SpecInterface, i32 %GOffset, void @empty_27, i32 0, i32 0, void @empty_0, i32 0, i32 0, void @empty_0, void @empty_0, void @empty_0, i32 0, i32 0, i32 0, i32 0, void @empty_0, void @empty_0, i32 4294967295, i32 0, i32 0"   --->   Operation 161 'specinterface' 'specinterface_ln0' <Predicate = true> <Delay = 0.00>
ST_1 : Operation 162 [1/1] (0.00ns)   --->   "%specbitsmap_ln0 = specbitsmap void @_ssdm_op_SpecBitsMap, i32 %BOffset"   --->   Operation 162 'specbitsmap' 'specbitsmap_ln0' <Predicate = true> <Delay = 0.00>
ST_1 : Operation 163 [1/1] (0.00ns)   --->   "%specinterface_ln0 = specinterface void @_ssdm_op_SpecInterface, i32 %BOffset, void @empty_27, i32 0, i32 0, void @empty_0, i32 0, i32 0, void @empty_0, void @empty_0, void @empty_0, i32 0, i32 0, i32 0, i32 0, void @empty_0, void @empty_0, i32 4294967295, i32 0, i32 0"   --->   Operation 163 'specinterface' 'specinterface_ln0' <Predicate = true> <Delay = 0.00>
ST_1 : Operation 164 [1/1] (0.00ns)   --->   "%specbitsmap_ln0 = specbitsmap void @_ssdm_op_SpecBitsMap, i32 %K11_2"   --->   Operation 164 'specbitsmap' 'specbitsmap_ln0' <Predicate = true> <Delay = 0.00>
ST_1 : Operation 165 [1/1] (0.00ns)   --->   "%specinterface_ln0 = specinterface void @_ssdm_op_SpecInterface, i32 %K11_2, void @empty_27, i32 0, i32 0, void @empty_0, i32 0, i32 0, void @empty_0, void @empty_0, void @empty_0, i32 0, i32 0, i32 0, i32 0, void @empty_0, void @empty_0, i32 4294967295, i32 0, i32 0"   --->   Operation 165 'specinterface' 'specinterface_ln0' <Predicate = true> <Delay = 0.00>
ST_1 : Operation 166 [1/1] (0.00ns)   --->   "%specbitsmap_ln0 = specbitsmap void @_ssdm_op_SpecBitsMap, i32 %K12_2"   --->   Operation 166 'specbitsmap' 'specbitsmap_ln0' <Predicate = true> <Delay = 0.00>
ST_1 : Operation 167 [1/1] (0.00ns)   --->   "%specinterface_ln0 = specinterface void @_ssdm_op_SpecInterface, i32 %K12_2, void @empty_27, i32 0, i32 0, void @empty_0, i32 0, i32 0, void @empty_0, void @empty_0, void @empty_0, i32 0, i32 0, i32 0, i32 0, void @empty_0, void @empty_0, i32 4294967295, i32 0, i32 0"   --->   Operation 167 'specinterface' 'specinterface_ln0' <Predicate = true> <Delay = 0.00>
ST_1 : Operation 168 [1/1] (0.00ns)   --->   "%specbitsmap_ln0 = specbitsmap void @_ssdm_op_SpecBitsMap, i32 %K13_2"   --->   Operation 168 'specbitsmap' 'specbitsmap_ln0' <Predicate = true> <Delay = 0.00>
ST_1 : Operation 169 [1/1] (0.00ns)   --->   "%specinterface_ln0 = specinterface void @_ssdm_op_SpecInterface, i32 %K13_2, void @empty_27, i32 0, i32 0, void @empty_0, i32 0, i32 0, void @empty_0, void @empty_0, void @empty_0, i32 0, i32 0, i32 0, i32 0, void @empty_0, void @empty_0, i32 4294967295, i32 0, i32 0"   --->   Operation 169 'specinterface' 'specinterface_ln0' <Predicate = true> <Delay = 0.00>
ST_1 : Operation 170 [1/1] (0.00ns)   --->   "%specbitsmap_ln0 = specbitsmap void @_ssdm_op_SpecBitsMap, i32 %K21_2"   --->   Operation 170 'specbitsmap' 'specbitsmap_ln0' <Predicate = true> <Delay = 0.00>
ST_1 : Operation 171 [1/1] (0.00ns)   --->   "%specinterface_ln0 = specinterface void @_ssdm_op_SpecInterface, i32 %K21_2, void @empty_27, i32 0, i32 0, void @empty_0, i32 0, i32 0, void @empty_0, void @empty_0, void @empty_0, i32 0, i32 0, i32 0, i32 0, void @empty_0, void @empty_0, i32 4294967295, i32 0, i32 0"   --->   Operation 171 'specinterface' 'specinterface_ln0' <Predicate = true> <Delay = 0.00>
ST_1 : Operation 172 [1/1] (0.00ns)   --->   "%specbitsmap_ln0 = specbitsmap void @_ssdm_op_SpecBitsMap, i32 %K22_2"   --->   Operation 172 'specbitsmap' 'specbitsmap_ln0' <Predicate = true> <Delay = 0.00>
ST_1 : Operation 173 [1/1] (0.00ns)   --->   "%specinterface_ln0 = specinterface void @_ssdm_op_SpecInterface, i32 %K22_2, void @empty_27, i32 0, i32 0, void @empty_0, i32 0, i32 0, void @empty_0, void @empty_0, void @empty_0, i32 0, i32 0, i32 0, i32 0, void @empty_0, void @empty_0, i32 4294967295, i32 0, i32 0"   --->   Operation 173 'specinterface' 'specinterface_ln0' <Predicate = true> <Delay = 0.00>
ST_1 : Operation 174 [1/1] (0.00ns)   --->   "%specbitsmap_ln0 = specbitsmap void @_ssdm_op_SpecBitsMap, i32 %K23_2"   --->   Operation 174 'specbitsmap' 'specbitsmap_ln0' <Predicate = true> <Delay = 0.00>
ST_1 : Operation 175 [1/1] (0.00ns)   --->   "%specinterface_ln0 = specinterface void @_ssdm_op_SpecInterface, i32 %K23_2, void @empty_27, i32 0, i32 0, void @empty_0, i32 0, i32 0, void @empty_0, void @empty_0, void @empty_0, i32 0, i32 0, i32 0, i32 0, void @empty_0, void @empty_0, i32 4294967295, i32 0, i32 0"   --->   Operation 175 'specinterface' 'specinterface_ln0' <Predicate = true> <Delay = 0.00>
ST_1 : Operation 176 [1/1] (0.00ns)   --->   "%specbitsmap_ln0 = specbitsmap void @_ssdm_op_SpecBitsMap, i32 %K31_2"   --->   Operation 176 'specbitsmap' 'specbitsmap_ln0' <Predicate = true> <Delay = 0.00>
ST_1 : Operation 177 [1/1] (0.00ns)   --->   "%specinterface_ln0 = specinterface void @_ssdm_op_SpecInterface, i32 %K31_2, void @empty_27, i32 0, i32 0, void @empty_0, i32 0, i32 0, void @empty_0, void @empty_0, void @empty_0, i32 0, i32 0, i32 0, i32 0, void @empty_0, void @empty_0, i32 4294967295, i32 0, i32 0"   --->   Operation 177 'specinterface' 'specinterface_ln0' <Predicate = true> <Delay = 0.00>
ST_1 : Operation 178 [1/1] (0.00ns)   --->   "%specbitsmap_ln0 = specbitsmap void @_ssdm_op_SpecBitsMap, i32 %K32_2"   --->   Operation 178 'specbitsmap' 'specbitsmap_ln0' <Predicate = true> <Delay = 0.00>
ST_1 : Operation 179 [1/1] (0.00ns)   --->   "%specinterface_ln0 = specinterface void @_ssdm_op_SpecInterface, i32 %K32_2, void @empty_27, i32 0, i32 0, void @empty_0, i32 0, i32 0, void @empty_0, void @empty_0, void @empty_0, i32 0, i32 0, i32 0, i32 0, void @empty_0, void @empty_0, i32 4294967295, i32 0, i32 0"   --->   Operation 179 'specinterface' 'specinterface_ln0' <Predicate = true> <Delay = 0.00>
ST_1 : Operation 180 [1/1] (0.00ns)   --->   "%specbitsmap_ln0 = specbitsmap void @_ssdm_op_SpecBitsMap, i32 %K33_2"   --->   Operation 180 'specbitsmap' 'specbitsmap_ln0' <Predicate = true> <Delay = 0.00>
ST_1 : Operation 181 [1/1] (0.00ns)   --->   "%specinterface_ln0 = specinterface void @_ssdm_op_SpecInterface, i32 %K33_2, void @empty_27, i32 0, i32 0, void @empty_0, i32 0, i32 0, void @empty_0, void @empty_0, void @empty_0, i32 0, i32 0, i32 0, i32 0, void @empty_0, void @empty_0, i32 4294967295, i32 0, i32 0"   --->   Operation 181 'specinterface' 'specinterface_ln0' <Predicate = true> <Delay = 0.00>
ST_1 : Operation 182 [1/1] (0.00ns)   --->   "%specbitsmap_ln0 = specbitsmap void @_ssdm_op_SpecBitsMap, i32 %YOffset"   --->   Operation 182 'specbitsmap' 'specbitsmap_ln0' <Predicate = true> <Delay = 0.00>
ST_1 : Operation 183 [1/1] (0.00ns)   --->   "%specinterface_ln0 = specinterface void @_ssdm_op_SpecInterface, i32 %YOffset, void @empty_27, i32 0, i32 0, void @empty_0, i32 0, i32 0, void @empty_0, void @empty_0, void @empty_0, i32 0, i32 0, i32 0, i32 0, void @empty_0, void @empty_0, i32 4294967295, i32 0, i32 0"   --->   Operation 183 'specinterface' 'specinterface_ln0' <Predicate = true> <Delay = 0.00>
ST_1 : Operation 184 [1/1] (0.00ns)   --->   "%specbitsmap_ln0 = specbitsmap void @_ssdm_op_SpecBitsMap, i32 %UOffset"   --->   Operation 184 'specbitsmap' 'specbitsmap_ln0' <Predicate = true> <Delay = 0.00>
ST_1 : Operation 185 [1/1] (0.00ns)   --->   "%specinterface_ln0 = specinterface void @_ssdm_op_SpecInterface, i32 %UOffset, void @empty_27, i32 0, i32 0, void @empty_0, i32 0, i32 0, void @empty_0, void @empty_0, void @empty_0, i32 0, i32 0, i32 0, i32 0, void @empty_0, void @empty_0, i32 4294967295, i32 0, i32 0"   --->   Operation 185 'specinterface' 'specinterface_ln0' <Predicate = true> <Delay = 0.00>
ST_1 : Operation 186 [1/1] (0.00ns)   --->   "%specbitsmap_ln0 = specbitsmap void @_ssdm_op_SpecBitsMap, i32 %VOffset"   --->   Operation 186 'specbitsmap' 'specbitsmap_ln0' <Predicate = true> <Delay = 0.00>
ST_1 : Operation 187 [1/1] (0.00ns)   --->   "%specinterface_ln0 = specinterface void @_ssdm_op_SpecInterface, i32 %VOffset, void @empty_27, i32 0, i32 0, void @empty_0, i32 0, i32 0, void @empty_0, void @empty_0, void @empty_0, i32 0, i32 0, i32 0, i32 0, void @empty_0, void @empty_0, i32 4294967295, i32 0, i32 0"   --->   Operation 187 'specinterface' 'specinterface_ln0' <Predicate = true> <Delay = 0.00>
ST_1 : Operation 188 [1/1] (0.00ns)   --->   "%specinterface_ln0 = specinterface void @_ssdm_op_SpecInterface, i24 %m_axis_video_V_data_V, i3 %m_axis_video_V_keep_V, i3 %m_axis_video_V_strb_V, i1 %m_axis_video_V_user_V, i1 %m_axis_video_V_last_V, i1 %m_axis_video_V_id_V, i1 %m_axis_video_V_dest_V, void @empty_10, i32 1, i32 1, void @empty_2, i32 0, i32 0, void @empty_0, void @empty_0, void @empty_0, i32 0, i32 0, i32 0, i32 0, void @empty_0, void @empty_0, i32 4294967295, i32 0, i32 0"   --->   Operation 188 'specinterface' 'specinterface_ln0' <Predicate = true> <Delay = 0.00>
ST_1 : Operation 189 [1/1] (0.00ns)   --->   "%specbitsmap_ln0 = specbitsmap void @_ssdm_op_SpecBitsMap, i24 %m_axis_video_V_data_V"   --->   Operation 189 'specbitsmap' 'specbitsmap_ln0' <Predicate = true> <Delay = 0.00>
ST_1 : Operation 190 [1/1] (0.00ns)   --->   "%specbitsmap_ln0 = specbitsmap void @_ssdm_op_SpecBitsMap, i3 %m_axis_video_V_keep_V"   --->   Operation 190 'specbitsmap' 'specbitsmap_ln0' <Predicate = true> <Delay = 0.00>
ST_1 : Operation 191 [1/1] (0.00ns)   --->   "%specbitsmap_ln0 = specbitsmap void @_ssdm_op_SpecBitsMap, i3 %m_axis_video_V_strb_V"   --->   Operation 191 'specbitsmap' 'specbitsmap_ln0' <Predicate = true> <Delay = 0.00>
ST_1 : Operation 192 [1/1] (0.00ns)   --->   "%specbitsmap_ln0 = specbitsmap void @_ssdm_op_SpecBitsMap, i1 %m_axis_video_V_user_V"   --->   Operation 192 'specbitsmap' 'specbitsmap_ln0' <Predicate = true> <Delay = 0.00>
ST_1 : Operation 193 [1/1] (0.00ns)   --->   "%specbitsmap_ln0 = specbitsmap void @_ssdm_op_SpecBitsMap, i1 %m_axis_video_V_last_V"   --->   Operation 193 'specbitsmap' 'specbitsmap_ln0' <Predicate = true> <Delay = 0.00>
ST_1 : Operation 194 [1/1] (0.00ns)   --->   "%specbitsmap_ln0 = specbitsmap void @_ssdm_op_SpecBitsMap, i1 %m_axis_video_V_id_V"   --->   Operation 194 'specbitsmap' 'specbitsmap_ln0' <Predicate = true> <Delay = 0.00>
ST_1 : Operation 195 [1/1] (0.00ns)   --->   "%specbitsmap_ln0 = specbitsmap void @_ssdm_op_SpecBitsMap, i1 %m_axis_video_V_dest_V"   --->   Operation 195 'specbitsmap' 'specbitsmap_ln0' <Predicate = true> <Delay = 0.00>
ST_1 : Operation 196 [1/1] (0.00ns)   --->   "%specinterface_ln0 = specinterface void @_ssdm_op_SpecInterface, i32 0, void @empty_12, i32 0, i32 0, void @empty_0, i32 0, i32 0, void @empty_3, void @empty_0, void @empty_0, i32 0, i32 0, i32 0, i32 0, void @empty_0, void @empty_0, i32 4294967295, i32 0, i32 0"   --->   Operation 196 'specinterface' 'specinterface_ln0' <Predicate = true> <Delay = 0.00>
ST_1 : Operation 197 [1/1] (0.00ns)   --->   "%specstablecontent_ln2527 = specstablecontent void @_ssdm_op_SpecStableContent, i16 %width, i1 1, void " [/home/e/Documents/research/byotee/OSDZU3_Ref_Design/OSDZU3_Ref_Design.runs/design_1_v_mix_0_0_synth_1/prj/sol/.autopilot/db/v_mix.cpp:2527]   --->   Operation 197 'specstablecontent' 'specstablecontent_ln2527' <Predicate = true> <Delay = 0.00>
ST_1 : Operation 198 [1/1] (0.00ns)   --->   "%specstablecontent_ln2529 = specstablecontent void @_ssdm_op_SpecStableContent, i16 %height, i1 1, void " [/home/e/Documents/research/byotee/OSDZU3_Ref_Design/OSDZU3_Ref_Design.runs/design_1_v_mix_0_0_synth_1/prj/sol/.autopilot/db/v_mix.cpp:2529]   --->   Operation 198 'specstablecontent' 'specstablecontent_ln2529' <Predicate = true> <Delay = 0.00>
ST_1 : Operation 199 [1/1] (0.00ns)   --->   "%specstablecontent_ln2531 = specstablecontent void @_ssdm_op_SpecStableContent, i16 %video_format, i1 1, void " [/home/e/Documents/research/byotee/OSDZU3_Ref_Design/OSDZU3_Ref_Design.runs/design_1_v_mix_0_0_synth_1/prj/sol/.autopilot/db/v_mix.cpp:2531]   --->   Operation 199 'specstablecontent' 'specstablecontent_ln2531' <Predicate = true> <Delay = 0.00>
ST_1 : Operation 200 [1/1] (0.00ns)   --->   "%specstablecontent_ln2533 = specstablecontent void @_ssdm_op_SpecStableContent, i16 %background_Y_R, i1 1, void " [/home/e/Documents/research/byotee/OSDZU3_Ref_Design/OSDZU3_Ref_Design.runs/design_1_v_mix_0_0_synth_1/prj/sol/.autopilot/db/v_mix.cpp:2533]   --->   Operation 200 'specstablecontent' 'specstablecontent_ln2533' <Predicate = true> <Delay = 0.00>
ST_1 : Operation 201 [1/1] (0.00ns)   --->   "%specstablecontent_ln2535 = specstablecontent void @_ssdm_op_SpecStableContent, i16 %background_U_G, i1 1, void " [/home/e/Documents/research/byotee/OSDZU3_Ref_Design/OSDZU3_Ref_Design.runs/design_1_v_mix_0_0_synth_1/prj/sol/.autopilot/db/v_mix.cpp:2535]   --->   Operation 201 'specstablecontent' 'specstablecontent_ln2535' <Predicate = true> <Delay = 0.00>
ST_1 : Operation 202 [1/1] (0.00ns)   --->   "%specstablecontent_ln2537 = specstablecontent void @_ssdm_op_SpecStableContent, i16 %background_V_B, i1 1, void " [/home/e/Documents/research/byotee/OSDZU3_Ref_Design/OSDZU3_Ref_Design.runs/design_1_v_mix_0_0_synth_1/prj/sol/.autopilot/db/v_mix.cpp:2537]   --->   Operation 202 'specstablecontent' 'specstablecontent_ln2537' <Predicate = true> <Delay = 0.00>
ST_1 : Operation 203 [1/1] (0.00ns)   --->   "%specstablecontent_ln2592 = specstablecontent void @_ssdm_op_SpecStableContent, i16 %layerAlpha_2, i1 1, void " [/home/e/Documents/research/byotee/OSDZU3_Ref_Design/OSDZU3_Ref_Design.runs/design_1_v_mix_0_0_synth_1/prj/sol/.autopilot/db/v_mix.cpp:2592]   --->   Operation 203 'specstablecontent' 'specstablecontent_ln2592' <Predicate = true> <Delay = 0.00>
ST_1 : Operation 204 [1/1] (0.00ns)   --->   "%specstablecontent_ln2592 = specstablecontent void @_ssdm_op_SpecStableContent, i16 %layerAlpha_1, i1 1, void " [/home/e/Documents/research/byotee/OSDZU3_Ref_Design/OSDZU3_Ref_Design.runs/design_1_v_mix_0_0_synth_1/prj/sol/.autopilot/db/v_mix.cpp:2592]   --->   Operation 204 'specstablecontent' 'specstablecontent_ln2592' <Predicate = true> <Delay = 0.00>
ST_1 : Operation 205 [1/1] (0.00ns)   --->   "%specstablecontent_ln2592 = specstablecontent void @_ssdm_op_SpecStableContent, i16 %layerAlpha_0, i1 1, void " [/home/e/Documents/research/byotee/OSDZU3_Ref_Design/OSDZU3_Ref_Design.runs/design_1_v_mix_0_0_synth_1/prj/sol/.autopilot/db/v_mix.cpp:2592]   --->   Operation 205 'specstablecontent' 'specstablecontent_ln2592' <Predicate = true> <Delay = 0.00>
ST_1 : Operation 206 [1/1] (0.00ns)   --->   "%specstablecontent_ln2596 = specstablecontent void @_ssdm_op_SpecStableContent, i16 %layerWidth_2, i1 1, void " [/home/e/Documents/research/byotee/OSDZU3_Ref_Design/OSDZU3_Ref_Design.runs/design_1_v_mix_0_0_synth_1/prj/sol/.autopilot/db/v_mix.cpp:2596]   --->   Operation 206 'specstablecontent' 'specstablecontent_ln2596' <Predicate = true> <Delay = 0.00>
ST_1 : Operation 207 [1/1] (0.00ns)   --->   "%specstablecontent_ln2596 = specstablecontent void @_ssdm_op_SpecStableContent, i16 %layerWidth_1, i1 1, void " [/home/e/Documents/research/byotee/OSDZU3_Ref_Design/OSDZU3_Ref_Design.runs/design_1_v_mix_0_0_synth_1/prj/sol/.autopilot/db/v_mix.cpp:2596]   --->   Operation 207 'specstablecontent' 'specstablecontent_ln2596' <Predicate = true> <Delay = 0.00>
ST_1 : Operation 208 [1/1] (0.00ns)   --->   "%specstablecontent_ln2596 = specstablecontent void @_ssdm_op_SpecStableContent, i16 %layerWidth_0, i1 1, void " [/home/e/Documents/research/byotee/OSDZU3_Ref_Design/OSDZU3_Ref_Design.runs/design_1_v_mix_0_0_synth_1/prj/sol/.autopilot/db/v_mix.cpp:2596]   --->   Operation 208 'specstablecontent' 'specstablecontent_ln2596' <Predicate = true> <Delay = 0.00>
ST_1 : Operation 209 [1/1] (0.00ns)   --->   "%specstablecontent_ln2598 = specstablecontent void @_ssdm_op_SpecStableContent, i16 %layerHeight_2, i1 1, void " [/home/e/Documents/research/byotee/OSDZU3_Ref_Design/OSDZU3_Ref_Design.runs/design_1_v_mix_0_0_synth_1/prj/sol/.autopilot/db/v_mix.cpp:2598]   --->   Operation 209 'specstablecontent' 'specstablecontent_ln2598' <Predicate = true> <Delay = 0.00>
ST_1 : Operation 210 [1/1] (0.00ns)   --->   "%specstablecontent_ln2598 = specstablecontent void @_ssdm_op_SpecStableContent, i16 %layerHeight_1, i1 1, void " [/home/e/Documents/research/byotee/OSDZU3_Ref_Design/OSDZU3_Ref_Design.runs/design_1_v_mix_0_0_synth_1/prj/sol/.autopilot/db/v_mix.cpp:2598]   --->   Operation 210 'specstablecontent' 'specstablecontent_ln2598' <Predicate = true> <Delay = 0.00>
ST_1 : Operation 211 [1/1] (0.00ns)   --->   "%specstablecontent_ln2598 = specstablecontent void @_ssdm_op_SpecStableContent, i16 %layerHeight_0, i1 1, void " [/home/e/Documents/research/byotee/OSDZU3_Ref_Design/OSDZU3_Ref_Design.runs/design_1_v_mix_0_0_synth_1/prj/sol/.autopilot/db/v_mix.cpp:2598]   --->   Operation 211 'specstablecontent' 'specstablecontent_ln2598' <Predicate = true> <Delay = 0.00>
ST_1 : Operation 212 [1/1] (0.00ns)   --->   "%specstablecontent_ln2600 = specstablecontent void @_ssdm_op_SpecStableContent, i16 %layerStride_2, i1 1, void " [/home/e/Documents/research/byotee/OSDZU3_Ref_Design/OSDZU3_Ref_Design.runs/design_1_v_mix_0_0_synth_1/prj/sol/.autopilot/db/v_mix.cpp:2600]   --->   Operation 212 'specstablecontent' 'specstablecontent_ln2600' <Predicate = true> <Delay = 0.00>
ST_1 : Operation 213 [1/1] (0.00ns)   --->   "%specstablecontent_ln2600 = specstablecontent void @_ssdm_op_SpecStableContent, i16 %layerStride_1, i1 1, void " [/home/e/Documents/research/byotee/OSDZU3_Ref_Design/OSDZU3_Ref_Design.runs/design_1_v_mix_0_0_synth_1/prj/sol/.autopilot/db/v_mix.cpp:2600]   --->   Operation 213 'specstablecontent' 'specstablecontent_ln2600' <Predicate = true> <Delay = 0.00>
ST_1 : Operation 214 [1/1] (0.00ns)   --->   "%specstablecontent_ln2600 = specstablecontent void @_ssdm_op_SpecStableContent, i16 %layerStride_0, i1 1, void " [/home/e/Documents/research/byotee/OSDZU3_Ref_Design/OSDZU3_Ref_Design.runs/design_1_v_mix_0_0_synth_1/prj/sol/.autopilot/db/v_mix.cpp:2600]   --->   Operation 214 'specstablecontent' 'specstablecontent_ln2600' <Predicate = true> <Delay = 0.00>
ST_1 : Operation 215 [1/1] (0.00ns)   --->   "%specstablecontent_ln2602 = specstablecontent void @_ssdm_op_SpecStableContent, i8 %layerScaleFactor_2, i1 1, void " [/home/e/Documents/research/byotee/OSDZU3_Ref_Design/OSDZU3_Ref_Design.runs/design_1_v_mix_0_0_synth_1/prj/sol/.autopilot/db/v_mix.cpp:2602]   --->   Operation 215 'specstablecontent' 'specstablecontent_ln2602' <Predicate = true> <Delay = 0.00>
ST_1 : Operation 216 [1/1] (0.00ns)   --->   "%specstablecontent_ln2602 = specstablecontent void @_ssdm_op_SpecStableContent, i8 %layerScaleFactor_1, i1 1, void " [/home/e/Documents/research/byotee/OSDZU3_Ref_Design/OSDZU3_Ref_Design.runs/design_1_v_mix_0_0_synth_1/prj/sol/.autopilot/db/v_mix.cpp:2602]   --->   Operation 216 'specstablecontent' 'specstablecontent_ln2602' <Predicate = true> <Delay = 0.00>
ST_1 : Operation 217 [1/1] (0.00ns)   --->   "%specstablecontent_ln2602 = specstablecontent void @_ssdm_op_SpecStableContent, i8 %layerScaleFactor_0, i1 1, void " [/home/e/Documents/research/byotee/OSDZU3_Ref_Design/OSDZU3_Ref_Design.runs/design_1_v_mix_0_0_synth_1/prj/sol/.autopilot/db/v_mix.cpp:2602]   --->   Operation 217 'specstablecontent' 'specstablecontent_ln2602' <Predicate = true> <Delay = 0.00>
ST_1 : Operation 218 [1/1] (0.00ns)   --->   "%specaxissidechannel_ln2912 = specaxissidechannel void @_ssdm_op_SpecAXISSideChannel, i24 %m_axis_video_V_data_V, i3 %m_axis_video_V_keep_V, i3 %m_axis_video_V_strb_V, i1 %m_axis_video_V_user_V, i1 %m_axis_video_V_last_V, i1 %m_axis_video_V_id_V, i1 %m_axis_video_V_dest_V, void @empty_58" [/home/e/Documents/research/byotee/OSDZU3_Ref_Design/OSDZU3_Ref_Design.runs/design_1_v_mix_0_0_synth_1/prj/sol/.autopilot/db/v_mix.cpp:2912]   --->   Operation 218 'specaxissidechannel' 'specaxissidechannel_ln2912' <Predicate = true> <Delay = 0.00>
ST_1 : Operation 219 [1/1] (0.00ns)   --->   "%specaxissidechannel_ln2912 = specaxissidechannel void @_ssdm_op_SpecAXISSideChannel, i24 %s_axis_video1_V_data_V, i3 %s_axis_video1_V_keep_V, i3 %s_axis_video1_V_strb_V, i1 %s_axis_video1_V_user_V, i1 %s_axis_video1_V_last_V, i1 %s_axis_video1_V_id_V, i1 %s_axis_video1_V_dest_V, void @empty_45" [/home/e/Documents/research/byotee/OSDZU3_Ref_Design/OSDZU3_Ref_Design.runs/design_1_v_mix_0_0_synth_1/prj/sol/.autopilot/db/v_mix.cpp:2912]   --->   Operation 219 'specaxissidechannel' 'specaxissidechannel_ln2912' <Predicate = true> <Delay = 0.00>
ST_1 : Operation 220 [1/1] (0.00ns)   --->   "%specaxissidechannel_ln2912 = specaxissidechannel void @_ssdm_op_SpecAXISSideChannel, i24 %s_axis_video_V_data_V, i3 %s_axis_video_V_keep_V, i3 %s_axis_video_V_strb_V, i1 %s_axis_video_V_user_V, i1 %s_axis_video_V_last_V, i1 %s_axis_video_V_id_V, i1 %s_axis_video_V_dest_V, void @empty_49" [/home/e/Documents/research/byotee/OSDZU3_Ref_Design/OSDZU3_Ref_Design.runs/design_1_v_mix_0_0_synth_1/prj/sol/.autopilot/db/v_mix.cpp:2912]   --->   Operation 220 'specaxissidechannel' 'specaxissidechannel_ln2912' <Predicate = true> <Delay = 0.00>
ST_1 : Operation 221 [1/1] (0.00ns)   --->   "%specaxissidechannel_ln2912 = specaxissidechannel void @_ssdm_op_SpecAXISSideChannel, i24 %s_axis_video2_V_data_V, i3 %s_axis_video2_V_keep_V, i3 %s_axis_video2_V_strb_V, i1 %s_axis_video2_V_user_V, i1 %s_axis_video2_V_last_V, i1 %s_axis_video2_V_id_V, i1 %s_axis_video2_V_dest_V, void @empty_61" [/home/e/Documents/research/byotee/OSDZU3_Ref_Design/OSDZU3_Ref_Design.runs/design_1_v_mix_0_0_synth_1/prj/sol/.autopilot/db/v_mix.cpp:2912]   --->   Operation 221 'specaxissidechannel' 'specaxissidechannel_ln2912' <Predicate = true> <Delay = 0.00>
ST_1 : Operation 222 [1/1] (0.00ns)   --->   "%layerAlpha_0_read = read i16 @_ssdm_op_Read.ap_auto.i16P0A, i16 %layerAlpha_0"   --->   Operation 222 'read' 'layerAlpha_0_read' <Predicate = true> <Delay = 0.00>
ST_1 : Operation 223 [1/1] (1.00ns)   --->   "%layerAlpha_1_read = read i16 @_ssdm_op_Read.s_axilite.i16P0A, i16 %layerAlpha_1"   --->   Operation 223 'read' 'layerAlpha_1_read' <Predicate = true> <Delay = 1.00> <CoreInst = "s_axilite">   --->   Core 120 's_axilite' <Latency = 0> <II = 1> <Delay = 1.00> <Adapter> <Opcode : 'read' 'write'>
ST_1 : Operation 224 [1/1] (1.00ns)   --->   "%layerAlpha_2_read = read i16 @_ssdm_op_Read.s_axilite.i16P0A, i16 %layerAlpha_2"   --->   Operation 224 'read' 'layerAlpha_2_read' <Predicate = true> <Delay = 1.00> <CoreInst = "s_axilite">   --->   Core 120 's_axilite' <Latency = 0> <II = 1> <Delay = 1.00> <Adapter> <Opcode : 'read' 'write'>
ST_1 : Operation 225 [1/1] (0.00ns)   --->   "%layerStartX_0_read = read i16 @_ssdm_op_Read.ap_none.i16P0A, i16 %layerStartX_0"   --->   Operation 225 'read' 'layerStartX_0_read' <Predicate = true> <Delay = 0.00>
ST_1 : Operation 226 [1/1] (1.00ns)   --->   "%layerStartX_1_read = read i16 @_ssdm_op_Read.ap_none.i16P0A, i16 %layerStartX_1"   --->   Operation 226 'read' 'layerStartX_1_read' <Predicate = true> <Delay = 1.00> <CoreInst = "s_axilite">   --->   Core 120 's_axilite' <Latency = 0> <II = 1> <Delay = 1.00> <Adapter> <Opcode : 'read' 'write'>
ST_1 : Operation 227 [1/1] (1.00ns)   --->   "%layerStartX_2_read = read i16 @_ssdm_op_Read.ap_none.i16P0A, i16 %layerStartX_2"   --->   Operation 227 'read' 'layerStartX_2_read' <Predicate = true> <Delay = 1.00> <CoreInst = "s_axilite">   --->   Core 120 's_axilite' <Latency = 0> <II = 1> <Delay = 1.00> <Adapter> <Opcode : 'read' 'write'>
ST_1 : Operation 228 [1/1] (0.00ns)   --->   "%layerStartY_0_read = read i16 @_ssdm_op_Read.ap_none.i16P0A, i16 %layerStartY_0"   --->   Operation 228 'read' 'layerStartY_0_read' <Predicate = true> <Delay = 0.00>
ST_1 : Operation 229 [1/1] (1.00ns)   --->   "%layerStartY_1_read = read i16 @_ssdm_op_Read.ap_none.i16P0A, i16 %layerStartY_1"   --->   Operation 229 'read' 'layerStartY_1_read' <Predicate = true> <Delay = 1.00> <CoreInst = "s_axilite">   --->   Core 120 's_axilite' <Latency = 0> <II = 1> <Delay = 1.00> <Adapter> <Opcode : 'read' 'write'>
ST_1 : Operation 230 [1/1] (1.00ns)   --->   "%layerStartY_2_read = read i16 @_ssdm_op_Read.ap_none.i16P0A, i16 %layerStartY_2"   --->   Operation 230 'read' 'layerStartY_2_read' <Predicate = true> <Delay = 1.00> <CoreInst = "s_axilite">   --->   Core 120 's_axilite' <Latency = 0> <II = 1> <Delay = 1.00> <Adapter> <Opcode : 'read' 'write'>
ST_1 : Operation 231 [1/1] (0.00ns)   --->   "%layerWidth_0_read = read i16 @_ssdm_op_Read.ap_auto.i16P0A, i16 %layerWidth_0"   --->   Operation 231 'read' 'layerWidth_0_read' <Predicate = true> <Delay = 0.00>
ST_1 : Operation 232 [1/1] (1.00ns)   --->   "%layerWidth_1_read = read i16 @_ssdm_op_Read.s_axilite.i16P0A, i16 %layerWidth_1"   --->   Operation 232 'read' 'layerWidth_1_read' <Predicate = true> <Delay = 1.00> <CoreInst = "s_axilite">   --->   Core 120 's_axilite' <Latency = 0> <II = 1> <Delay = 1.00> <Adapter> <Opcode : 'read' 'write'>
ST_1 : Operation 233 [1/1] (1.00ns)   --->   "%layerWidth_2_read = read i16 @_ssdm_op_Read.s_axilite.i16P0A, i16 %layerWidth_2"   --->   Operation 233 'read' 'layerWidth_2_read' <Predicate = true> <Delay = 1.00> <CoreInst = "s_axilite">   --->   Core 120 's_axilite' <Latency = 0> <II = 1> <Delay = 1.00> <Adapter> <Opcode : 'read' 'write'>
ST_1 : Operation 234 [1/1] (0.00ns)   --->   "%layerHeight_0_read = read i16 @_ssdm_op_Read.ap_auto.i16P0A, i16 %layerHeight_0"   --->   Operation 234 'read' 'layerHeight_0_read' <Predicate = true> <Delay = 0.00>
ST_1 : Operation 235 [1/1] (1.00ns)   --->   "%layerHeight_1_read = read i16 @_ssdm_op_Read.s_axilite.i16P0A, i16 %layerHeight_1"   --->   Operation 235 'read' 'layerHeight_1_read' <Predicate = true> <Delay = 1.00> <CoreInst = "s_axilite">   --->   Core 120 's_axilite' <Latency = 0> <II = 1> <Delay = 1.00> <Adapter> <Opcode : 'read' 'write'>
ST_1 : Operation 236 [1/1] (1.00ns)   --->   "%layerHeight_2_read = read i16 @_ssdm_op_Read.s_axilite.i16P0A, i16 %layerHeight_2"   --->   Operation 236 'read' 'layerHeight_2_read' <Predicate = true> <Delay = 1.00> <CoreInst = "s_axilite">   --->   Core 120 's_axilite' <Latency = 0> <II = 1> <Delay = 1.00> <Adapter> <Opcode : 'read' 'write'>
ST_1 : Operation 237 [1/1] (0.00ns)   --->   "%layerScaleFactor_0_read = read i8 @_ssdm_op_Read.ap_auto.i8P0A, i8 %layerScaleFactor_0"   --->   Operation 237 'read' 'layerScaleFactor_0_read' <Predicate = true> <Delay = 0.00>
ST_1 : Operation 238 [1/1] (1.00ns)   --->   "%layerScaleFactor_1_read = read i8 @_ssdm_op_Read.s_axilite.i8P0A, i8 %layerScaleFactor_1"   --->   Operation 238 'read' 'layerScaleFactor_1_read' <Predicate = true> <Delay = 1.00> <CoreInst = "s_axilite">   --->   Core 120 's_axilite' <Latency = 0> <II = 1> <Delay = 1.00> <Adapter> <Opcode : 'read' 'write'>
ST_1 : Operation 239 [1/1] (1.00ns)   --->   "%layerScaleFactor_2_read = read i8 @_ssdm_op_Read.s_axilite.i8P0A, i8 %layerScaleFactor_2"   --->   Operation 239 'read' 'layerScaleFactor_2_read' <Predicate = true> <Delay = 1.00> <CoreInst = "s_axilite">   --->   Core 120 's_axilite' <Latency = 0> <II = 1> <Delay = 1.00> <Adapter> <Opcode : 'read' 'write'>
ST_1 : Operation 240 [1/1] (0.48ns)   --->   "%store_ln0 = store i2 0, i2 %i7"   --->   Operation 240 'store' 'store_ln0' <Predicate = true> <Delay = 0.48>
ST_1 : Operation 241 [1/1] (0.00ns)   --->   "%br_ln2912 = br void %for.inc.split" [/home/e/Documents/research/byotee/OSDZU3_Ref_Design/OSDZU3_Ref_Design.runs/design_1_v_mix_0_0_synth_1/prj/sol/.autopilot/db/v_mix.cpp:2912]   --->   Operation 241 'br' 'br_ln2912' <Predicate = true> <Delay = 0.00>

State 2 <SV = 1> <Delay = 1.11>
ST_2 : Operation 242 [1/1] (0.00ns)   --->   "%i7_load = load i2 %i7" [/home/e/Documents/research/byotee/OSDZU3_Ref_Design/OSDZU3_Ref_Design.runs/design_1_v_mix_0_0_synth_1/prj/sol/.autopilot/db/v_mix.cpp:2912]   --->   Operation 242 'load' 'i7_load' <Predicate = true> <Delay = 0.00>
ST_2 : Operation 243 [1/1] (0.00ns)   --->   "%specpipeline_ln2912 = specpipeline void @_ssdm_op_SpecPipeline, i32 4294967295, i32 0, i32 0, i32 0, void @empty_0" [/home/e/Documents/research/byotee/OSDZU3_Ref_Design/OSDZU3_Ref_Design.runs/design_1_v_mix_0_0_synth_1/prj/sol/.autopilot/db/v_mix.cpp:2912]   --->   Operation 243 'specpipeline' 'specpipeline_ln2912' <Predicate = true> <Delay = 0.00>
ST_2 : Operation 244 [1/1] (0.00ns)   --->   "%speclooptripcount_ln2912 = speclooptripcount void @_ssdm_op_SpecLoopTripCount, i64 3, i64 3, i64 3" [/home/e/Documents/research/byotee/OSDZU3_Ref_Design/OSDZU3_Ref_Design.runs/design_1_v_mix_0_0_synth_1/prj/sol/.autopilot/db/v_mix.cpp:2912]   --->   Operation 244 'speclooptripcount' 'speclooptripcount_ln2912' <Predicate = true> <Delay = 0.00>
ST_2 : Operation 245 [1/1] (0.00ns)   --->   "%specloopname_ln2912 = specloopname void @_ssdm_op_SpecLoopName, void @empty_44" [/home/e/Documents/research/byotee/OSDZU3_Ref_Design/OSDZU3_Ref_Design.runs/design_1_v_mix_0_0_synth_1/prj/sol/.autopilot/db/v_mix.cpp:2912]   --->   Operation 245 'specloopname' 'specloopname_ln2912' <Predicate = true> <Delay = 0.00>
ST_2 : Operation 246 [1/1] (0.48ns)   --->   "%HwReg_layerAlpha = sparsemux i16 @_ssdm_op_SparseMux.ap_auto.3i16.i16.i2, i2 0, i16 %layerAlpha_0_read, i2 1, i16 %layerAlpha_1_read, i2 2, i16 %layerAlpha_2_read, i16 0, i2 %i7_load" [/home/e/Documents/research/byotee/OSDZU3_Ref_Design/OSDZU3_Ref_Design.runs/design_1_v_mix_0_0_synth_1/prj/sol/.autopilot/db/v_mix.cpp:2914]   --->   Operation 246 'sparsemux' 'HwReg_layerAlpha' <Predicate = true> <Delay = 0.48> <CoreInst = "OneHotSparseMux_HasDef">   --->   Core 152 'OneHotSparseMux_HasDef' <Latency = 0> <II = 1> <Delay = 0.48> <FuncUnit> <Opcode : 'sparsemux'> <InPorts = 2> <OutPorts = 1>
ST_2 : Operation 247 [1/1] (0.48ns)   --->   "%HwReg_layerStartX = sparsemux i16 @_ssdm_op_SparseMux.ap_auto.3i16.i16.i2, i2 0, i16 %layerStartX_0_read, i2 1, i16 %layerStartX_1_read, i2 2, i16 %layerStartX_2_read, i16 0, i2 %i7_load" [/home/e/Documents/research/byotee/OSDZU3_Ref_Design/OSDZU3_Ref_Design.runs/design_1_v_mix_0_0_synth_1/prj/sol/.autopilot/db/v_mix.cpp:2915]   --->   Operation 247 'sparsemux' 'HwReg_layerStartX' <Predicate = true> <Delay = 0.48> <CoreInst = "OneHotSparseMux_HasDef">   --->   Core 152 'OneHotSparseMux_HasDef' <Latency = 0> <II = 1> <Delay = 0.48> <FuncUnit> <Opcode : 'sparsemux'> <InPorts = 2> <OutPorts = 1>
ST_2 : Operation 248 [1/1] (0.48ns)   --->   "%HwReg_layerStartY = sparsemux i16 @_ssdm_op_SparseMux.ap_auto.3i16.i16.i2, i2 0, i16 %layerStartY_0_read, i2 1, i16 %layerStartY_1_read, i2 2, i16 %layerStartY_2_read, i16 0, i2 %i7_load" [/home/e/Documents/research/byotee/OSDZU3_Ref_Design/OSDZU3_Ref_Design.runs/design_1_v_mix_0_0_synth_1/prj/sol/.autopilot/db/v_mix.cpp:2916]   --->   Operation 248 'sparsemux' 'HwReg_layerStartY' <Predicate = true> <Delay = 0.48> <CoreInst = "OneHotSparseMux_HasDef">   --->   Core 152 'OneHotSparseMux_HasDef' <Latency = 0> <II = 1> <Delay = 0.48> <FuncUnit> <Opcode : 'sparsemux'> <InPorts = 2> <OutPorts = 1>
ST_2 : Operation 249 [1/1] (0.48ns)   --->   "%tmp_s = sparsemux i16 @_ssdm_op_SparseMux.ap_auto.3i16.i16.i2, i2 0, i16 %layerWidth_0_read, i2 1, i16 %layerWidth_1_read, i2 2, i16 %layerWidth_2_read, i16 0, i2 %i7_load" [/home/e/Documents/research/byotee/OSDZU3_Ref_Design/OSDZU3_Ref_Design.runs/design_1_v_mix_0_0_synth_1/prj/sol/.autopilot/db/v_mix.cpp:2917]   --->   Operation 249 'sparsemux' 'tmp_s' <Predicate = true> <Delay = 0.48> <CoreInst = "OneHotSparseMux_HasDef">   --->   Core 152 'OneHotSparseMux_HasDef' <Latency = 0> <II = 1> <Delay = 0.48> <FuncUnit> <Opcode : 'sparsemux'> <InPorts = 2> <OutPorts = 1>
ST_2 : Operation 250 [1/1] (0.48ns)   --->   "%tmp_6 = sparsemux i16 @_ssdm_op_SparseMux.ap_auto.3i16.i16.i2, i2 0, i16 %layerHeight_0_read, i2 1, i16 %layerHeight_1_read, i2 2, i16 %layerHeight_2_read, i16 0, i2 %i7_load" [/home/e/Documents/research/byotee/OSDZU3_Ref_Design/OSDZU3_Ref_Design.runs/design_1_v_mix_0_0_synth_1/prj/sol/.autopilot/db/v_mix.cpp:2918]   --->   Operation 250 'sparsemux' 'tmp_6' <Predicate = true> <Delay = 0.48> <CoreInst = "OneHotSparseMux_HasDef">   --->   Core 152 'OneHotSparseMux_HasDef' <Latency = 0> <II = 1> <Delay = 0.48> <FuncUnit> <Opcode : 'sparsemux'> <InPorts = 2> <OutPorts = 1>
ST_2 : Operation 251 [1/1] (0.48ns)   --->   "%HwReg_layerScaleFactor = sparsemux i8 @_ssdm_op_SparseMux.ap_auto.3i8.i8.i2, i2 0, i8 %layerScaleFactor_0_read, i2 1, i8 %layerScaleFactor_1_read, i2 2, i8 %layerScaleFactor_2_read, i8 0, i2 %i7_load" [/home/e/Documents/research/byotee/OSDZU3_Ref_Design/OSDZU3_Ref_Design.runs/design_1_v_mix_0_0_synth_1/prj/sol/.autopilot/db/v_mix.cpp:2919]   --->   Operation 251 'sparsemux' 'HwReg_layerScaleFactor' <Predicate = true> <Delay = 0.48> <CoreInst = "OneHotSparseMux_HasDef">   --->   Core 152 'OneHotSparseMux_HasDef' <Latency = 0> <II = 1> <Delay = 0.48> <FuncUnit> <Opcode : 'sparsemux'> <InPorts = 2> <OutPorts = 1>
ST_2 : Operation 252 [1/1] (0.98ns)   --->   "%tobool = bitselect i1 @_ssdm_op_BitSelect.i1.i32.i2, i32 %layerEnable_read, i2 %i7_load" [/home/e/Documents/research/byotee/OSDZU3_Ref_Design/OSDZU3_Ref_Design.runs/design_1_v_mix_0_0_synth_1/prj/sol/.autopilot/db/v_mix.cpp:2922]   --->   Operation 252 'bitselect' 'tobool' <Predicate = true> <Delay = 0.98> <CoreInst = "BitSelector">   --->   Core 153 'BitSelector' <Latency = 0> <II = 1> <Delay = 0.98> <FuncUnit> <Opcode : 'bitselect'> <InPorts = 2> <OutPorts = 1>
ST_2 : Operation 253 [1/1] (0.62ns)   --->   "%i = add i2 %i7_load, i2 1" [/home/e/Documents/research/byotee/OSDZU3_Ref_Design/OSDZU3_Ref_Design.runs/design_1_v_mix_0_0_synth_1/prj/sol/.autopilot/db/v_mix.cpp:2912]   --->   Operation 253 'add' 'i' <Predicate = true> <Delay = 0.62> <CoreInst = "Adder">   --->   Core 1 'Adder' <Latency = 0> <II = 1> <Delay = 0.62> <FuncUnit> <Opcode : 'add' 'sub'> <InPorts = 2> <OutPorts = 1>
ST_2 : Operation 254 [1/1] (0.62ns)   --->   "%switch_ln2914 = switch i2 %i7_load, void %arrayidx5110.case.2, i2 0, void %arrayidx5110.case.0, i2 1, void %for.inc.split.arrayidx5110.exit_crit_edge" [/home/e/Documents/research/byotee/OSDZU3_Ref_Design/OSDZU3_Ref_Design.runs/design_1_v_mix_0_0_synth_1/prj/sol/.autopilot/db/v_mix.cpp:2914]   --->   Operation 254 'switch' 'switch_ln2914' <Predicate = true> <Delay = 0.62>
ST_2 : Operation 255 [1/1] (0.00ns)   --->   "%store_ln2915 = store i16 %HwReg_layerStartX, i16 %empty_97" [/home/e/Documents/research/byotee/OSDZU3_Ref_Design/OSDZU3_Ref_Design.runs/design_1_v_mix_0_0_synth_1/prj/sol/.autopilot/db/v_mix.cpp:2915]   --->   Operation 255 'store' 'store_ln2915' <Predicate = (i7_load == 1)> <Delay = 0.00>
ST_2 : Operation 256 [1/1] (0.00ns)   --->   "%store_ln2916 = store i16 %HwReg_layerStartY, i16 %empty_96" [/home/e/Documents/research/byotee/OSDZU3_Ref_Design/OSDZU3_Ref_Design.runs/design_1_v_mix_0_0_synth_1/prj/sol/.autopilot/db/v_mix.cpp:2916]   --->   Operation 256 'store' 'store_ln2916' <Predicate = (i7_load == 1)> <Delay = 0.00>
ST_2 : Operation 257 [1/1] (0.00ns)   --->   "%store_ln2917 = store i16 %tmp_s, i16 %empty_95" [/home/e/Documents/research/byotee/OSDZU3_Ref_Design/OSDZU3_Ref_Design.runs/design_1_v_mix_0_0_synth_1/prj/sol/.autopilot/db/v_mix.cpp:2917]   --->   Operation 257 'store' 'store_ln2917' <Predicate = (i7_load == 1)> <Delay = 0.00>
ST_2 : Operation 258 [1/1] (0.00ns)   --->   "%store_ln2918 = store i16 %tmp_6, i16 %empty_94" [/home/e/Documents/research/byotee/OSDZU3_Ref_Design/OSDZU3_Ref_Design.runs/design_1_v_mix_0_0_synth_1/prj/sol/.autopilot/db/v_mix.cpp:2918]   --->   Operation 258 'store' 'store_ln2918' <Predicate = (i7_load == 1)> <Delay = 0.00>
ST_2 : Operation 259 [1/1] (0.00ns)   --->   "%store_ln2919 = store i8 %HwReg_layerScaleFactor, i8 %empty_93" [/home/e/Documents/research/byotee/OSDZU3_Ref_Design/OSDZU3_Ref_Design.runs/design_1_v_mix_0_0_synth_1/prj/sol/.autopilot/db/v_mix.cpp:2919]   --->   Operation 259 'store' 'store_ln2919' <Predicate = (i7_load == 1)> <Delay = 0.00>
ST_2 : Operation 260 [1/1] (0.00ns)   --->   "%store_ln2922 = store i1 %tobool, i1 %tobool56" [/home/e/Documents/research/byotee/OSDZU3_Ref_Design/OSDZU3_Ref_Design.runs/design_1_v_mix_0_0_synth_1/prj/sol/.autopilot/db/v_mix.cpp:2922]   --->   Operation 260 'store' 'store_ln2922' <Predicate = (i7_load == 1)> <Delay = 0.00>
ST_2 : Operation 261 [1/1] (0.00ns)   --->   "%br_ln2914 = br void %arrayidx5110.exit" [/home/e/Documents/research/byotee/OSDZU3_Ref_Design/OSDZU3_Ref_Design.runs/design_1_v_mix_0_0_synth_1/prj/sol/.autopilot/db/v_mix.cpp:2914]   --->   Operation 261 'br' 'br_ln2914' <Predicate = (i7_load == 1)> <Delay = 0.00>
ST_2 : Operation 262 [1/1] (0.00ns)   --->   "%store_ln2922 = store i1 %tobool, i1 %tobool94" [/home/e/Documents/research/byotee/OSDZU3_Ref_Design/OSDZU3_Ref_Design.runs/design_1_v_mix_0_0_synth_1/prj/sol/.autopilot/db/v_mix.cpp:2922]   --->   Operation 262 'store' 'store_ln2922' <Predicate = (i7_load == 0)> <Delay = 0.00>
ST_2 : Operation 263 [1/1] (0.00ns)   --->   "%br_ln2922 = br void %arrayidx5110.exit" [/home/e/Documents/research/byotee/OSDZU3_Ref_Design/OSDZU3_Ref_Design.runs/design_1_v_mix_0_0_synth_1/prj/sol/.autopilot/db/v_mix.cpp:2922]   --->   Operation 263 'br' 'br_ln2922' <Predicate = (i7_load == 0)> <Delay = 0.00>
ST_2 : Operation 264 [1/1] (0.00ns)   --->   "%store_ln2914 = store i16 %HwReg_layerAlpha, i16 %empty_92" [/home/e/Documents/research/byotee/OSDZU3_Ref_Design/OSDZU3_Ref_Design.runs/design_1_v_mix_0_0_synth_1/prj/sol/.autopilot/db/v_mix.cpp:2914]   --->   Operation 264 'store' 'store_ln2914' <Predicate = (i7_load != 0 & i7_load != 1)> <Delay = 0.00>
ST_2 : Operation 265 [1/1] (0.00ns)   --->   "%store_ln2915 = store i16 %HwReg_layerStartX, i16 %empty_91" [/home/e/Documents/research/byotee/OSDZU3_Ref_Design/OSDZU3_Ref_Design.runs/design_1_v_mix_0_0_synth_1/prj/sol/.autopilot/db/v_mix.cpp:2915]   --->   Operation 265 'store' 'store_ln2915' <Predicate = (i7_load != 0 & i7_load != 1)> <Delay = 0.00>
ST_2 : Operation 266 [1/1] (0.00ns)   --->   "%store_ln2916 = store i16 %HwReg_layerStartY, i16 %empty_90" [/home/e/Documents/research/byotee/OSDZU3_Ref_Design/OSDZU3_Ref_Design.runs/design_1_v_mix_0_0_synth_1/prj/sol/.autopilot/db/v_mix.cpp:2916]   --->   Operation 266 'store' 'store_ln2916' <Predicate = (i7_load != 0 & i7_load != 1)> <Delay = 0.00>
ST_2 : Operation 267 [1/1] (0.00ns)   --->   "%store_ln2917 = store i16 %tmp_s, i16 %empty_89" [/home/e/Documents/research/byotee/OSDZU3_Ref_Design/OSDZU3_Ref_Design.runs/design_1_v_mix_0_0_synth_1/prj/sol/.autopilot/db/v_mix.cpp:2917]   --->   Operation 267 'store' 'store_ln2917' <Predicate = (i7_load != 0 & i7_load != 1)> <Delay = 0.00>
ST_2 : Operation 268 [1/1] (0.00ns)   --->   "%store_ln2918 = store i16 %tmp_6, i16 %empty_88" [/home/e/Documents/research/byotee/OSDZU3_Ref_Design/OSDZU3_Ref_Design.runs/design_1_v_mix_0_0_synth_1/prj/sol/.autopilot/db/v_mix.cpp:2918]   --->   Operation 268 'store' 'store_ln2918' <Predicate = (i7_load != 0 & i7_load != 1)> <Delay = 0.00>
ST_2 : Operation 269 [1/1] (0.00ns)   --->   "%store_ln2919 = store i8 %HwReg_layerScaleFactor, i8 %empty" [/home/e/Documents/research/byotee/OSDZU3_Ref_Design/OSDZU3_Ref_Design.runs/design_1_v_mix_0_0_synth_1/prj/sol/.autopilot/db/v_mix.cpp:2919]   --->   Operation 269 'store' 'store_ln2919' <Predicate = (i7_load != 0 & i7_load != 1)> <Delay = 0.00>
ST_2 : Operation 270 [1/1] (0.00ns)   --->   "%store_ln2922 = store i1 %tobool, i1 %tobool172" [/home/e/Documents/research/byotee/OSDZU3_Ref_Design/OSDZU3_Ref_Design.runs/design_1_v_mix_0_0_synth_1/prj/sol/.autopilot/db/v_mix.cpp:2922]   --->   Operation 270 'store' 'store_ln2922' <Predicate = (i7_load != 0 & i7_load != 1)> <Delay = 0.00>
ST_2 : Operation 271 [1/1] (0.00ns)   --->   "%br_ln2922 = br void %arrayidx5110.exit" [/home/e/Documents/research/byotee/OSDZU3_Ref_Design/OSDZU3_Ref_Design.runs/design_1_v_mix_0_0_synth_1/prj/sol/.autopilot/db/v_mix.cpp:2922]   --->   Operation 271 'br' 'br_ln2922' <Predicate = (i7_load != 0 & i7_load != 1)> <Delay = 0.00>
ST_2 : Operation 272 [1/1] (0.62ns)   --->   "%icmp_ln2912 = icmp_eq  i2 %i7_load, i2 2" [/home/e/Documents/research/byotee/OSDZU3_Ref_Design/OSDZU3_Ref_Design.runs/design_1_v_mix_0_0_synth_1/prj/sol/.autopilot/db/v_mix.cpp:2912]   --->   Operation 272 'icmp' 'icmp_ln2912' <Predicate = true> <Delay = 0.62> <CoreInst = "Cmp">   --->   Core 9 'Cmp' <Latency = 0> <II = 1> <Delay = 0.62> <FuncUnit> <Opcode : 'seteq' 'setne' 'setle' 'setge' 'setlt' 'setgt'> <InPorts = 2> <OutPorts = 1>
ST_2 : Operation 273 [1/1] (0.48ns)   --->   "%store_ln2912 = store i2 %i, i2 %i7" [/home/e/Documents/research/byotee/OSDZU3_Ref_Design/OSDZU3_Ref_Design.runs/design_1_v_mix_0_0_synth_1/prj/sol/.autopilot/db/v_mix.cpp:2912]   --->   Operation 273 'store' 'store_ln2912' <Predicate = true> <Delay = 0.48>
ST_2 : Operation 274 [1/1] (0.00ns)   --->   "%br_ln2912 = br i1 %icmp_ln2912, void %for.inc.split, void %for.end" [/home/e/Documents/research/byotee/OSDZU3_Ref_Design/OSDZU3_Ref_Design.runs/design_1_v_mix_0_0_synth_1/prj/sol/.autopilot/db/v_mix.cpp:2912]   --->   Operation 274 'br' 'br_ln2912' <Predicate = true> <Delay = 0.00>

State 3 <SV = 2> <Delay = 2.03>
ST_3 : Operation 275 [1/1] (0.00ns)   --->   "%tobool172_load = load i1 %tobool172" [/home/e/Documents/research/byotee/OSDZU3_Ref_Design/OSDZU3_Ref_Design.runs/design_1_v_mix_0_0_synth_1/prj/sol/.autopilot/db/v_mix.cpp:2986]   --->   Operation 275 'load' 'tobool172_load' <Predicate = true> <Delay = 0.00>
ST_3 : Operation 276 [1/1] (0.00ns)   --->   "%p_load33 = load i8 %empty" [/home/e/Documents/research/byotee/OSDZU3_Ref_Design/OSDZU3_Ref_Design.runs/design_1_v_mix_0_0_synth_1/prj/sol/.autopilot/db/v_mix.cpp:2986]   --->   Operation 276 'load' 'p_load33' <Predicate = true> <Delay = 0.00>
ST_3 : Operation 277 [1/1] (0.00ns)   --->   "%p_load32 = load i16 %empty_88" [/home/e/Documents/research/byotee/OSDZU3_Ref_Design/OSDZU3_Ref_Design.runs/design_1_v_mix_0_0_synth_1/prj/sol/.autopilot/db/v_mix.cpp:2986]   --->   Operation 277 'load' 'p_load32' <Predicate = true> <Delay = 0.00>
ST_3 : Operation 278 [1/1] (0.00ns)   --->   "%p_load31 = load i16 %empty_89" [/home/e/Documents/research/byotee/OSDZU3_Ref_Design/OSDZU3_Ref_Design.runs/design_1_v_mix_0_0_synth_1/prj/sol/.autopilot/db/v_mix.cpp:2986]   --->   Operation 278 'load' 'p_load31' <Predicate = true> <Delay = 0.00>
ST_3 : Operation 279 [1/1] (0.00ns)   --->   "%p_load30 = load i16 %empty_90" [/home/e/Documents/research/byotee/OSDZU3_Ref_Design/OSDZU3_Ref_Design.runs/design_1_v_mix_0_0_synth_1/prj/sol/.autopilot/db/v_mix.cpp:2986]   --->   Operation 279 'load' 'p_load30' <Predicate = true> <Delay = 0.00>
ST_3 : Operation 280 [1/1] (0.00ns)   --->   "%p_load29 = load i16 %empty_91" [/home/e/Documents/research/byotee/OSDZU3_Ref_Design/OSDZU3_Ref_Design.runs/design_1_v_mix_0_0_synth_1/prj/sol/.autopilot/db/v_mix.cpp:2986]   --->   Operation 280 'load' 'p_load29' <Predicate = true> <Delay = 0.00>
ST_3 : Operation 281 [1/1] (0.00ns)   --->   "%p_load28 = load i16 %empty_92" [/home/e/Documents/research/byotee/OSDZU3_Ref_Design/OSDZU3_Ref_Design.runs/design_1_v_mix_0_0_synth_1/prj/sol/.autopilot/db/v_mix.cpp:2912]   --->   Operation 281 'load' 'p_load28' <Predicate = true> <Delay = 0.00>
ST_3 : Operation 282 [1/1] (0.00ns)   --->   "%tobool94_load = load i1 %tobool94" [/home/e/Documents/research/byotee/OSDZU3_Ref_Design/OSDZU3_Ref_Design.runs/design_1_v_mix_0_0_synth_1/prj/sol/.autopilot/db/v_mix.cpp:2986]   --->   Operation 282 'load' 'tobool94_load' <Predicate = true> <Delay = 0.00>
ST_3 : Operation 283 [1/1] (0.00ns)   --->   "%tobool56_load = load i1 %tobool56" [/home/e/Documents/research/byotee/OSDZU3_Ref_Design/OSDZU3_Ref_Design.runs/design_1_v_mix_0_0_synth_1/prj/sol/.autopilot/db/v_mix.cpp:2986]   --->   Operation 283 'load' 'tobool56_load' <Predicate = true> <Delay = 0.00>
ST_3 : Operation 284 [1/1] (0.00ns)   --->   "%p_load27 = load i8 %empty_93" [/home/e/Documents/research/byotee/OSDZU3_Ref_Design/OSDZU3_Ref_Design.runs/design_1_v_mix_0_0_synth_1/prj/sol/.autopilot/db/v_mix.cpp:2986]   --->   Operation 284 'load' 'p_load27' <Predicate = true> <Delay = 0.00>
ST_3 : Operation 285 [1/1] (0.00ns)   --->   "%p_load26 = load i16 %empty_94" [/home/e/Documents/research/byotee/OSDZU3_Ref_Design/OSDZU3_Ref_Design.runs/design_1_v_mix_0_0_synth_1/prj/sol/.autopilot/db/v_mix.cpp:2986]   --->   Operation 285 'load' 'p_load26' <Predicate = true> <Delay = 0.00>
ST_3 : Operation 286 [1/1] (0.00ns)   --->   "%p_load25 = load i16 %empty_95" [/home/e/Documents/research/byotee/OSDZU3_Ref_Design/OSDZU3_Ref_Design.runs/design_1_v_mix_0_0_synth_1/prj/sol/.autopilot/db/v_mix.cpp:2986]   --->   Operation 286 'load' 'p_load25' <Predicate = true> <Delay = 0.00>
ST_3 : Operation 287 [1/1] (0.00ns)   --->   "%p_load24 = load i16 %empty_96" [/home/e/Documents/research/byotee/OSDZU3_Ref_Design/OSDZU3_Ref_Design.runs/design_1_v_mix_0_0_synth_1/prj/sol/.autopilot/db/v_mix.cpp:2986]   --->   Operation 287 'load' 'p_load24' <Predicate = true> <Delay = 0.00>
ST_3 : Operation 288 [1/1] (0.00ns)   --->   "%p_load = load i16 %empty_97" [/home/e/Documents/research/byotee/OSDZU3_Ref_Design/OSDZU3_Ref_Design.runs/design_1_v_mix_0_0_synth_1/prj/sol/.autopilot/db/v_mix.cpp:2986]   --->   Operation 288 'load' 'p_load' <Predicate = true> <Delay = 0.00>
ST_3 : Operation 289 [1/1] (0.00ns)   --->   "%trunc_ln2912 = trunc i16 %p_load28" [/home/e/Documents/research/byotee/OSDZU3_Ref_Design/OSDZU3_Ref_Design.runs/design_1_v_mix_0_0_synth_1/prj/sol/.autopilot/db/v_mix.cpp:2912]   --->   Operation 289 'trunc' 'trunc_ln2912' <Predicate = true> <Delay = 0.00>
ST_3 : Operation 290 [2/2] (2.03ns)   --->   "%call_ln2986 = call void @VMixHlsDataFlowFunction, i12 %trunc_ln2034_4, i12 %trunc_ln2034_5, i8 %trunc_ln2034_3, i8 %trunc_ln2034_2, i8 %trunc_ln2034_1, i3 %trunc_ln2034, i1 %tobool94_load, i1 %tobool56_load, i1 %tobool172_load, i9 %trunc_ln2912, i16 %p_load, i16 %p_load29, i16 %p_load24, i16 %p_load30, i16 %p_load25, i16 %p_load31, i16 %p_load26, i16 %p_load32, i8 %p_load27, i8 %p_load33, i24 %s_axis_video_V_data_V, i3 %s_axis_video_V_keep_V, i3 %s_axis_video_V_strb_V, i1 %s_axis_video_V_user_V, i1 %s_axis_video_V_last_V, i1 %s_axis_video_V_id_V, i1 %s_axis_video_V_dest_V, i24 %s_axis_video1_V_data_V, i3 %s_axis_video1_V_keep_V, i3 %s_axis_video1_V_strb_V, i1 %s_axis_video1_V_user_V, i1 %s_axis_video1_V_last_V, i1 %s_axis_video1_V_id_V, i1 %s_axis_video1_V_dest_V, i24 %s_axis_video2_V_data_V, i3 %s_axis_video2_V_keep_V, i3 %s_axis_video2_V_strb_V, i1 %s_axis_video2_V_user_V, i1 %s_axis_video2_V_last_V, i1 %s_axis_video2_V_id_V, i1 %s_axis_video2_V_dest_V, i24 %m_axis_video_V_data_V, i3 %m_axis_video_V_keep_V, i3 %m_axis_video_V_strb_V, i1 %m_axis_video_V_user_V, i1 %m_axis_video_V_last_V, i1 %m_axis_video_V_id_V, i1 %m_axis_video_V_dest_V" [/home/e/Documents/research/byotee/OSDZU3_Ref_Design/OSDZU3_Ref_Design.runs/design_1_v_mix_0_0_synth_1/prj/sol/.autopilot/db/v_mix.cpp:2986]   --->   Operation 290 'call' 'call_ln2986' <Predicate = true> <Delay = 2.03> <CoreType = "Generic">   --->   Generic Core

State 4 <SV = 3> <Delay = 0.00>
ST_4 : Operation 291 [1/2] (0.00ns)   --->   "%call_ln2986 = call void @VMixHlsDataFlowFunction, i12 %trunc_ln2034_4, i12 %trunc_ln2034_5, i8 %trunc_ln2034_3, i8 %trunc_ln2034_2, i8 %trunc_ln2034_1, i3 %trunc_ln2034, i1 %tobool94_load, i1 %tobool56_load, i1 %tobool172_load, i9 %trunc_ln2912, i16 %p_load, i16 %p_load29, i16 %p_load24, i16 %p_load30, i16 %p_load25, i16 %p_load31, i16 %p_load26, i16 %p_load32, i8 %p_load27, i8 %p_load33, i24 %s_axis_video_V_data_V, i3 %s_axis_video_V_keep_V, i3 %s_axis_video_V_strb_V, i1 %s_axis_video_V_user_V, i1 %s_axis_video_V_last_V, i1 %s_axis_video_V_id_V, i1 %s_axis_video_V_dest_V, i24 %s_axis_video1_V_data_V, i3 %s_axis_video1_V_keep_V, i3 %s_axis_video1_V_strb_V, i1 %s_axis_video1_V_user_V, i1 %s_axis_video1_V_last_V, i1 %s_axis_video1_V_id_V, i1 %s_axis_video1_V_dest_V, i24 %s_axis_video2_V_data_V, i3 %s_axis_video2_V_keep_V, i3 %s_axis_video2_V_strb_V, i1 %s_axis_video2_V_user_V, i1 %s_axis_video2_V_last_V, i1 %s_axis_video2_V_id_V, i1 %s_axis_video2_V_dest_V, i24 %m_axis_video_V_data_V, i3 %m_axis_video_V_keep_V, i3 %m_axis_video_V_strb_V, i1 %m_axis_video_V_user_V, i1 %m_axis_video_V_last_V, i1 %m_axis_video_V_id_V, i1 %m_axis_video_V_dest_V" [/home/e/Documents/research/byotee/OSDZU3_Ref_Design/OSDZU3_Ref_Design.runs/design_1_v_mix_0_0_synth_1/prj/sol/.autopilot/db/v_mix.cpp:2986]   --->   Operation 291 'call' 'call_ln2986' <Predicate = true> <Delay = 0.00> <CoreType = "Generic">   --->   Generic Core

State 5 <SV = 4> <Delay = 0.48>
ST_5 : Operation 292 [1/1] (0.48ns)   --->   "%ret_ln3100 = ret" [/home/e/Documents/research/byotee/OSDZU3_Ref_Design/OSDZU3_Ref_Design.runs/design_1_v_mix_0_0_synth_1/prj/sol/.autopilot/db/v_mix.cpp:3100]   --->   Operation 292 'ret' 'ret_ln3100' <Predicate = true> <Delay = 0.48>


============================================================
+ Verbose Summary: Timing violations
============================================================
Target clock period: 5.000ns, clock uncertainty: 1.350ns.

 <State 1>: 1.000ns
The critical path consists of the following:
	wire read operation ('layerEnable_read', /home/e/Documents/research/byotee/OSDZU3_Ref_Design/OSDZU3_Ref_Design.runs/design_1_v_mix_0_0_synth_1/prj/sol/.autopilot/db/v_mix.cpp:2034) on port 'layerEnable' (/home/e/Documents/research/byotee/OSDZU3_Ref_Design/OSDZU3_Ref_Design.runs/design_1_v_mix_0_0_synth_1/prj/sol/.autopilot/db/v_mix.cpp:2034) [98]  (1.000 ns)

 <State 2>: 1.114ns
The critical path consists of the following:
	'load' operation 2 bit ('i7_load', /home/e/Documents/research/byotee/OSDZU3_Ref_Design/OSDZU3_Ref_Design.runs/design_1_v_mix_0_0_synth_1/prj/sol/.autopilot/db/v_mix.cpp:2912) on local variable 'i7' [320]  (0.000 ns)
	'add' operation 2 bit ('i', /home/e/Documents/research/byotee/OSDZU3_Ref_Design/OSDZU3_Ref_Design.runs/design_1_v_mix_0_0_synth_1/prj/sol/.autopilot/db/v_mix.cpp:2912) [331]  (0.625 ns)
	'store' operation 0 bit ('store_ln2912', /home/e/Documents/research/byotee/OSDZU3_Ref_Design/OSDZU3_Ref_Design.runs/design_1_v_mix_0_0_synth_1/prj/sol/.autopilot/db/v_mix.cpp:2912) of variable 'i', /home/e/Documents/research/byotee/OSDZU3_Ref_Design/OSDZU3_Ref_Design.runs/design_1_v_mix_0_0_synth_1/prj/sol/.autopilot/db/v_mix.cpp:2912 on local variable 'i7' [355]  (0.489 ns)

 <State 3>: 2.033ns
The critical path consists of the following:
	'load' operation 1 bit ('tobool172_load', /home/e/Documents/research/byotee/OSDZU3_Ref_Design/OSDZU3_Ref_Design.runs/design_1_v_mix_0_0_synth_1/prj/sol/.autopilot/db/v_mix.cpp:2986) on local variable 'tobool172' [358]  (0.000 ns)
	'call' operation 0 bit ('call_ln2986', /home/e/Documents/research/byotee/OSDZU3_Ref_Design/OSDZU3_Ref_Design.runs/design_1_v_mix_0_0_synth_1/prj/sol/.autopilot/db/v_mix.cpp:2986) to 'VMixHlsDataFlowFunction' [373]  (2.033 ns)

 <State 4>: 0.000ns
The critical path consists of the following:

 <State 5>: 0.489ns
The critical path consists of the following:


============================================================
+ Verbose Summary: Binding
============================================================
N/A
* FSMD analyzer results:
  - Output states:
 - Input state : 
  - Chain level:
	State 1
	State 2
	State 3
	State 4
	State 5


============================================================
+ Verbose Summary: Datapath Resource usage 
============================================================
N/A
