

================================================================
== Vitis HLS Report for 'v_mix_422_to_444_true_Pipeline_VITIS_LOOP_161_2'
================================================================
* Date:           Sat Sep  6 13:59:16 2025

* Version:        2025.1 (Build 6135595 on May 21 2025)
* Project:        prj
* Solution:       sol (Vivado IP Flow Target)
* Product family: zynquplus
* Target device:  xczu3eg-sfvc784-1-e


================================================================
== Performance Estimates
================================================================
+ Timing: 
    * Summary: 
    +--------+---------+----------+------------+
    |  Clock |  Target | Estimated| Uncertainty|
    +--------+---------+----------+------------+
    |ap_clk  |  5.00 ns|  2.314 ns|     1.35 ns|
    +--------+---------+----------+------------+

+ Latency: 
    * Summary: 
    +---------+---------+-----------+----------+-----+-------+------------------------------------------------+
    |  Latency (cycles) |  Latency (absolute)  |   Interval  |                    Pipeline                    |
    |   min   |   max   |    min    |    max   | min |  max  |                      Type                      |
    +---------+---------+-----------+----------+-----+-------+------------------------------------------------+
    |        4|    32771|  20.000 ns|  0.164 ms|    1|  32768|  loop auto-rewind stp (delay=0 clock cycles(s))|
    +---------+---------+-----------+----------+-----+-------+------------------------------------------------+

    + Detail: 
        * Instance: 
        N/A

        * Loop: 
        +--------------------+---------+---------+----------+-----------+-----------+-----------+----------+
        |                    |  Latency (cycles) | Iteration|  Initiation Interval  |    Trip   |          |
        |      Loop Name     |   min   |   max   |  Latency |  achieved |   target  |   Count   | Pipelined|
        +--------------------+---------+---------+----------+-----------+-----------+-----------+----------+
        |- VITIS_LOOP_161_2  |        2|    32769|         4|          1|          1|  0 ~ 32767|       yes|
        +--------------------+---------+---------+----------+-----------+-----------+-----------+----------+

============================================================
+ Verbose Summary: Synthesis Manager
============================================================
InlineROM: 1
ExposeGlobal: 0
============================================================
+ Verbose Summary: CDFG Model
============================================================
IsTopModel: 0
ResetActiveHigh: 1
IsCombinational: 0
IsDatapathOnly: 0
HasWiredReturn: 1
HasMFsm: 2
HasVarLatency: 1
IsPipeline: 0
IsRtlPipelined: 0
IsInstanceOverlapped: 0
IsDontTouch: 0
HasImplIP: 0
IsGatedGlobalClock: 0

+ Individual pipeline summary: 
  * Pipeline-0: initiation interval (II) = 1, depth = 4


============================================================
+ Verbose Summary: Schedule
============================================================
* Number of FSM states : 4
* Pipeline : 1
  Pipeline-0 : II = 1, D = 4, States = { 1 2 3 4 }
* Dataflow Pipeline: 0

* FSM state transitions: 
1 --> 2 
2 --> 3 
3 --> 4 
4 --> 

* FSM state operations: 

State 1 <SV = 0> <Delay = 1.99>
ST_1 : Operation 7 [1/1] (0.00ns)   --->   "%x = alloca i32 1" [/home/e/Documents/research/byotee/OSDZU3_Ref_Design/OSDZU3_Ref_Design.runs/design_1_v_mix_0_0_synth_1/prj/sol/.autopilot/db/v_csc.cpp:131]   --->   Operation 7 'alloca' 'x' <Predicate = true> <Delay = 0.00>
ST_1 : Operation 8 [1/1] (0.00ns)   --->   "%p_0_0_0206357 = alloca i32 1"   --->   Operation 8 'alloca' 'p_0_0_0206357' <Predicate = true> <Delay = 0.00>
ST_1 : Operation 9 [1/1] (0.00ns)   --->   "%p_0_0_0_0_0207_2360 = alloca i32 1"   --->   Operation 9 'alloca' 'p_0_0_0_0_0207_2360' <Predicate = true> <Delay = 0.00>
ST_1 : Operation 10 [1/1] (0.00ns)   --->   "%p_0_0_0_0_0207_3361 = alloca i32 1"   --->   Operation 10 'alloca' 'p_0_0_0_0_0207_3361' <Predicate = true> <Delay = 0.00>
ST_1 : Operation 11 [1/1] (0.00ns)   --->   "%p_0_0_0_0_0207_4362 = alloca i32 1"   --->   Operation 11 'alloca' 'p_0_0_0_0_0207_4362' <Predicate = true> <Delay = 0.00>
ST_1 : Operation 12 [1/1] (0.00ns)   --->   "%p_0_0_0206358363 = alloca i32 1"   --->   Operation 12 'alloca' 'p_0_0_0206358363' <Predicate = true> <Delay = 0.00>
ST_1 : Operation 13 [1/1] (0.00ns)   --->   "%specstablecontent_ln0 = specstablecontent void @_ssdm_op_SpecStableContent, i16 %width, i1 1, void @p_str"   --->   Operation 13 'specstablecontent' 'specstablecontent_ln0' <Predicate = true> <Delay = 0.00>
ST_1 : Operation 14 [1/1] (0.00ns)   --->   "%specinterface_ln0 = specinterface void @_ssdm_op_SpecInterface, i24 %srcLayer1Yuv, void @empty_42, i32 0, i32 0, void @empty_0, i32 0, i32 0, void @empty_0, void @empty_0, void @empty_0, i32 0, i32 0, i32 0, i32 0, void @empty_0, void @empty_0, i32 4294967295, i32 0, i32 0"   --->   Operation 14 'specinterface' 'specinterface_ln0' <Predicate = true> <Delay = 0.00>
ST_1 : Operation 15 [1/1] (0.00ns)   --->   "%specinterface_ln0 = specinterface void @_ssdm_op_SpecInterface, i24 %srcLayer1Yuv422, void @empty_42, i32 0, i32 0, void @empty_0, i32 0, i32 0, void @empty_0, void @empty_0, void @empty_0, i32 0, i32 0, i32 0, i32 0, void @empty_0, void @empty_0, i32 4294967295, i32 0, i32 0"   --->   Operation 15 'specinterface' 'specinterface_ln0' <Predicate = true> <Delay = 0.00>
ST_1 : Operation 16 [1/1] (0.00ns)   --->   "%width_read = read i16 @_ssdm_op_Read.ap_auto.i16, i16 %width" [/home/e/Documents/research/byotee/OSDZU3_Ref_Design/OSDZU3_Ref_Design.runs/design_1_v_mix_0_0_synth_1/prj/sol/.autopilot/db/v_csc.cpp:125]   --->   Operation 16 'read' 'width_read' <Predicate = true> <Delay = 0.00>
ST_1 : Operation 17 [1/1] (0.00ns)   --->   "%loopWidth_read = read i16 @_ssdm_op_Read.ap_auto.i16, i16 %loopWidth" [/home/e/Documents/research/byotee/OSDZU3_Ref_Design/OSDZU3_Ref_Design.runs/design_1_v_mix_0_0_synth_1/prj/sol/.autopilot/db/v_csc.cpp:125]   --->   Operation 17 'read' 'loopWidth_read' <Predicate = true> <Delay = 0.00>
ST_1 : Operation 18 [1/1] (0.00ns)   --->   "%p_0_0_0206358_lcssa409_read = read i8 @_ssdm_op_Read.ap_auto.i8, i8 %p_0_0_0206358_lcssa409" [/home/e/Documents/research/byotee/OSDZU3_Ref_Design/OSDZU3_Ref_Design.runs/design_1_v_mix_0_0_synth_1/prj/sol/.autopilot/db/v_csc.cpp:125]   --->   Operation 18 'read' 'p_0_0_0206358_lcssa409_read' <Predicate = true> <Delay = 0.00>
ST_1 : Operation 19 [1/1] (0.00ns)   --->   "%p_0_0_0_0_0207_2_lcssa417_read = read i8 @_ssdm_op_Read.ap_auto.i8, i8 %p_0_0_0_0_0207_2_lcssa417" [/home/e/Documents/research/byotee/OSDZU3_Ref_Design/OSDZU3_Ref_Design.runs/design_1_v_mix_0_0_synth_1/prj/sol/.autopilot/db/v_csc.cpp:125]   --->   Operation 19 'read' 'p_0_0_0_0_0207_2_lcssa417_read' <Predicate = true> <Delay = 0.00>
ST_1 : Operation 20 [1/1] (0.00ns)   --->   "%p_0_0_0_0_0207_3_lcssa420_read = read i8 @_ssdm_op_Read.ap_auto.i8, i8 %p_0_0_0_0_0207_3_lcssa420" [/home/e/Documents/research/byotee/OSDZU3_Ref_Design/OSDZU3_Ref_Design.runs/design_1_v_mix_0_0_synth_1/prj/sol/.autopilot/db/v_csc.cpp:125]   --->   Operation 20 'read' 'p_0_0_0_0_0207_3_lcssa420_read' <Predicate = true> <Delay = 0.00>
ST_1 : Operation 21 [1/1] (0.00ns)   --->   "%p_0_0_0_0_0207_4_lcssa423_read = read i8 @_ssdm_op_Read.ap_auto.i8, i8 %p_0_0_0_0_0207_4_lcssa423" [/home/e/Documents/research/byotee/OSDZU3_Ref_Design/OSDZU3_Ref_Design.runs/design_1_v_mix_0_0_synth_1/prj/sol/.autopilot/db/v_csc.cpp:125]   --->   Operation 21 'read' 'p_0_0_0_0_0207_4_lcssa423_read' <Predicate = true> <Delay = 0.00>
ST_1 : Operation 22 [1/1] (0.00ns)   --->   "%p_0_0_0206358_lcssa364426_read = read i8 @_ssdm_op_Read.ap_auto.i8, i8 %p_0_0_0206358_lcssa364426" [/home/e/Documents/research/byotee/OSDZU3_Ref_Design/OSDZU3_Ref_Design.runs/design_1_v_mix_0_0_synth_1/prj/sol/.autopilot/db/v_csc.cpp:125]   --->   Operation 22 'read' 'p_0_0_0206358_lcssa364426_read' <Predicate = true> <Delay = 0.00>
ST_1 : Operation 23 [1/1] (0.48ns)   --->   "%store_ln125 = store i8 %p_0_0_0206358_lcssa364426_read, i8 %p_0_0_0206358363" [/home/e/Documents/research/byotee/OSDZU3_Ref_Design/OSDZU3_Ref_Design.runs/design_1_v_mix_0_0_synth_1/prj/sol/.autopilot/db/v_csc.cpp:125]   --->   Operation 23 'store' 'store_ln125' <Predicate = true> <Delay = 0.48>
ST_1 : Operation 24 [1/1] (0.48ns)   --->   "%store_ln125 = store i8 %p_0_0_0_0_0207_4_lcssa423_read, i8 %p_0_0_0_0_0207_4362" [/home/e/Documents/research/byotee/OSDZU3_Ref_Design/OSDZU3_Ref_Design.runs/design_1_v_mix_0_0_synth_1/prj/sol/.autopilot/db/v_csc.cpp:125]   --->   Operation 24 'store' 'store_ln125' <Predicate = true> <Delay = 0.48>
ST_1 : Operation 25 [1/1] (0.48ns)   --->   "%store_ln125 = store i8 %p_0_0_0_0_0207_3_lcssa420_read, i8 %p_0_0_0_0_0207_3361" [/home/e/Documents/research/byotee/OSDZU3_Ref_Design/OSDZU3_Ref_Design.runs/design_1_v_mix_0_0_synth_1/prj/sol/.autopilot/db/v_csc.cpp:125]   --->   Operation 25 'store' 'store_ln125' <Predicate = true> <Delay = 0.48>
ST_1 : Operation 26 [1/1] (0.48ns)   --->   "%store_ln125 = store i8 %p_0_0_0_0_0207_2_lcssa417_read, i8 %p_0_0_0_0_0207_2360" [/home/e/Documents/research/byotee/OSDZU3_Ref_Design/OSDZU3_Ref_Design.runs/design_1_v_mix_0_0_synth_1/prj/sol/.autopilot/db/v_csc.cpp:125]   --->   Operation 26 'store' 'store_ln125' <Predicate = true> <Delay = 0.48>
ST_1 : Operation 27 [1/1] (0.48ns)   --->   "%store_ln125 = store i8 %p_0_0_0206358_lcssa409_read, i8 %p_0_0_0206357" [/home/e/Documents/research/byotee/OSDZU3_Ref_Design/OSDZU3_Ref_Design.runs/design_1_v_mix_0_0_synth_1/prj/sol/.autopilot/db/v_csc.cpp:125]   --->   Operation 27 'store' 'store_ln125' <Predicate = true> <Delay = 0.48>
ST_1 : Operation 28 [1/1] (0.48ns)   --->   "%store_ln131 = store i15 0, i15 %x" [/home/e/Documents/research/byotee/OSDZU3_Ref_Design/OSDZU3_Ref_Design.runs/design_1_v_mix_0_0_synth_1/prj/sol/.autopilot/db/v_csc.cpp:131]   --->   Operation 28 'store' 'store_ln131' <Predicate = true> <Delay = 0.48>
ST_1 : Operation 29 [1/1] (0.00ns)   --->   "%br_ln161 = br void %for.body29" [/home/e/Documents/research/byotee/OSDZU3_Ref_Design/OSDZU3_Ref_Design.runs/design_1_v_mix_0_0_synth_1/prj/sol/.autopilot/db/v_csc.cpp:161]   --->   Operation 29 'br' 'br_ln161' <Predicate = true> <Delay = 0.00>
ST_1 : Operation 30 [1/1] (0.00ns)   --->   "%x_15 = load i15 %x" [/home/e/Documents/research/byotee/OSDZU3_Ref_Design/OSDZU3_Ref_Design.runs/design_1_v_mix_0_0_synth_1/prj/sol/.autopilot/db/v_csc.cpp:161]   --->   Operation 30 'load' 'x_15' <Predicate = true> <Delay = 0.00>
ST_1 : Operation 31 [1/1] (0.00ns)   --->   "%zext_ln161 = zext i15 %x_15" [/home/e/Documents/research/byotee/OSDZU3_Ref_Design/OSDZU3_Ref_Design.runs/design_1_v_mix_0_0_synth_1/prj/sol/.autopilot/db/v_csc.cpp:161]   --->   Operation 31 'zext' 'zext_ln161' <Predicate = true> <Delay = 0.00>
ST_1 : Operation 32 [1/1] (1.01ns)   --->   "%icmp_ln161 = icmp_slt  i16 %zext_ln161, i16 %loopWidth_read" [/home/e/Documents/research/byotee/OSDZU3_Ref_Design/OSDZU3_Ref_Design.runs/design_1_v_mix_0_0_synth_1/prj/sol/.autopilot/db/v_csc.cpp:161]   --->   Operation 32 'icmp' 'icmp_ln161' <Predicate = true> <Delay = 1.01> <CoreInst = "Cmp">   --->   Core 9 'Cmp' <Latency = 0> <II = 1> <Delay = 1.01> <FuncUnit> <Opcode : 'seteq' 'setne' 'setle' 'setge' 'setlt' 'setgt'> <InPorts = 2> <OutPorts = 1>
ST_1 : Operation 33 [1/1] (1.00ns)   --->   "%add_ln161 = add i15 %x_15, i15 1" [/home/e/Documents/research/byotee/OSDZU3_Ref_Design/OSDZU3_Ref_Design.runs/design_1_v_mix_0_0_synth_1/prj/sol/.autopilot/db/v_csc.cpp:161]   --->   Operation 33 'add' 'add_ln161' <Predicate = true> <Delay = 1.00> <CoreInst = "Adder">   --->   Core 1 'Adder' <Latency = 0> <II = 1> <Delay = 1.00> <FuncUnit> <Opcode : 'add' 'sub'> <InPorts = 2> <OutPorts = 1>
ST_1 : Operation 34 [1/1] (0.00ns)   --->   "%br_ln161 = br i1 %icmp_ln161, void %for.inc319.exitStub, void %for.body29.split" [/home/e/Documents/research/byotee/OSDZU3_Ref_Design/OSDZU3_Ref_Design.runs/design_1_v_mix_0_0_synth_1/prj/sol/.autopilot/db/v_csc.cpp:161]   --->   Operation 34 'br' 'br_ln161' <Predicate = true> <Delay = 0.00>
ST_1 : Operation 35 [1/1] (0.00ns)   --->   "%specpipeline_ln164 = specpipeline void @_ssdm_op_SpecPipeline, i32 1, i32 0, i32 0, i32 0, void @empty_0" [/home/e/Documents/research/byotee/OSDZU3_Ref_Design/OSDZU3_Ref_Design.runs/design_1_v_mix_0_0_synth_1/prj/sol/.autopilot/db/v_csc.cpp:164]   --->   Operation 35 'specpipeline' 'specpipeline_ln164' <Predicate = (icmp_ln161)> <Delay = 0.00>
ST_1 : Operation 36 [1/1] (0.00ns)   --->   "%specloopname_ln161 = specloopname void @_ssdm_op_SpecLoopName, void @empty_33" [/home/e/Documents/research/byotee/OSDZU3_Ref_Design/OSDZU3_Ref_Design.runs/design_1_v_mix_0_0_synth_1/prj/sol/.autopilot/db/v_csc.cpp:161]   --->   Operation 36 'specloopname' 'specloopname_ln161' <Predicate = (icmp_ln161)> <Delay = 0.00>
ST_1 : Operation 37 [1/1] (1.00ns)   --->   "%add_ln167 = add i16 %zext_ln161, i16 65531" [/home/e/Documents/research/byotee/OSDZU3_Ref_Design/OSDZU3_Ref_Design.runs/design_1_v_mix_0_0_synth_1/prj/sol/.autopilot/db/v_csc.cpp:167]   --->   Operation 37 'add' 'add_ln167' <Predicate = (icmp_ln161)> <Delay = 1.00> <CoreInst = "Adder">   --->   Core 1 'Adder' <Latency = 0> <II = 1> <Delay = 1.00> <FuncUnit> <Opcode : 'add' 'sub'> <InPorts = 2> <OutPorts = 1>
ST_1 : Operation 38 [1/1] (1.01ns)   --->   "%icmp_ln169 = icmp_ult  i16 %zext_ln161, i16 %width_read" [/home/e/Documents/research/byotee/OSDZU3_Ref_Design/OSDZU3_Ref_Design.runs/design_1_v_mix_0_0_synth_1/prj/sol/.autopilot/db/v_csc.cpp:169]   --->   Operation 38 'icmp' 'icmp_ln169' <Predicate = (icmp_ln161)> <Delay = 1.01> <CoreInst = "Cmp">   --->   Core 9 'Cmp' <Latency = 0> <II = 1> <Delay = 1.01> <FuncUnit> <Opcode : 'seteq' 'setne' 'setle' 'setge' 'setlt' 'setgt'> <InPorts = 2> <OutPorts = 1>
ST_1 : Operation 39 [1/1] (0.00ns)   --->   "%br_ln169 = br i1 %icmp_ln169, void %VITIS_LOOP_190_4_ifconv, void %VITIS_LOOP_174_3" [/home/e/Documents/research/byotee/OSDZU3_Ref_Design/OSDZU3_Ref_Design.runs/design_1_v_mix_0_0_synth_1/prj/sol/.autopilot/db/v_csc.cpp:169]   --->   Operation 39 'br' 'br_ln169' <Predicate = (icmp_ln161)> <Delay = 0.00>
ST_1 : Operation 40 [1/1] (0.00ns)   --->   "%trunc_ln177 = trunc i15 %x_15" [/home/e/Documents/research/byotee/OSDZU3_Ref_Design/OSDZU3_Ref_Design.runs/design_1_v_mix_0_0_synth_1/prj/sol/.autopilot/db/v_csc.cpp:177]   --->   Operation 40 'trunc' 'trunc_ln177' <Predicate = (icmp_ln161 & icmp_ln169)> <Delay = 0.00>
ST_1 : Operation 41 [1/1] (1.00ns)   --->   "%cmp111 = icmp_eq  i15 %x_15, i15 1" [/home/e/Documents/research/byotee/OSDZU3_Ref_Design/OSDZU3_Ref_Design.runs/design_1_v_mix_0_0_synth_1/prj/sol/.autopilot/db/v_csc.cpp:161]   --->   Operation 41 'icmp' 'cmp111' <Predicate = (icmp_ln161)> <Delay = 1.00> <CoreInst = "Cmp">   --->   Core 9 'Cmp' <Latency = 0> <II = 1> <Delay = 1.00> <FuncUnit> <Opcode : 'seteq' 'setne' 'setle' 'setge' 'setlt' 'setgt'> <InPorts = 2> <OutPorts = 1>
ST_1 : Operation 42 [1/1] (0.00ns)   --->   "%CRpix = trunc i15 %x_15" [/home/e/Documents/research/byotee/OSDZU3_Ref_Design/OSDZU3_Ref_Design.runs/design_1_v_mix_0_0_synth_1/prj/sol/.autopilot/db/v_csc.cpp:161]   --->   Operation 42 'trunc' 'CRpix' <Predicate = (icmp_ln161)> <Delay = 0.00>
ST_1 : Operation 43 [1/1] (0.00ns)   --->   "%odd_col = trunc i16 %add_ln167" [/home/e/Documents/research/byotee/OSDZU3_Ref_Design/OSDZU3_Ref_Design.runs/design_1_v_mix_0_0_synth_1/prj/sol/.autopilot/db/v_csc.cpp:167]   --->   Operation 43 'trunc' 'odd_col' <Predicate = (icmp_ln161)> <Delay = 0.00>
ST_1 : Operation 44 [1/1] (0.00ns)   --->   "%tmp = bitselect i1 @_ssdm_op_BitSelect.i1.i16.i32, i16 %add_ln167, i32 15" [/home/e/Documents/research/byotee/OSDZU3_Ref_Design/OSDZU3_Ref_Design.runs/design_1_v_mix_0_0_synth_1/prj/sol/.autopilot/db/v_csc.cpp:281]   --->   Operation 44 'bitselect' 'tmp' <Predicate = (icmp_ln161)> <Delay = 0.00>
ST_1 : Operation 45 [1/1] (0.00ns)   --->   "%br_ln281 = br i1 %tmp, void %if.then314, void %for.inc316" [/home/e/Documents/research/byotee/OSDZU3_Ref_Design/OSDZU3_Ref_Design.runs/design_1_v_mix_0_0_synth_1/prj/sol/.autopilot/db/v_csc.cpp:281]   --->   Operation 45 'br' 'br_ln281' <Predicate = (icmp_ln161)> <Delay = 0.00>
ST_1 : Operation 46 [1/1] (0.48ns)   --->   "%store_ln131 = store i15 %add_ln161, i15 %x" [/home/e/Documents/research/byotee/OSDZU3_Ref_Design/OSDZU3_Ref_Design.runs/design_1_v_mix_0_0_synth_1/prj/sol/.autopilot/db/v_csc.cpp:131]   --->   Operation 46 'store' 'store_ln131' <Predicate = (icmp_ln161)> <Delay = 0.48>

State 2 <SV = 1> <Delay = 2.31>
ST_2 : Operation 47 [1/1] (0.00ns)   --->   "%p_0_0_0200352_out_load = load i8 %p_0_0_0200352_out" [/home/e/Documents/research/byotee/OSDZU3_Ref_Design/OSDZU3_Ref_Design.runs/design_1_v_mix_0_0_synth_1/prj/sol/.autopilot/db/v_csc.cpp:177]   --->   Operation 47 'load' 'p_0_0_0200352_out_load' <Predicate = (icmp_ln161 & icmp_ln169 & trunc_ln177)> <Delay = 0.00>
ST_2 : Operation 48 [1/1] (0.00ns)   --->   "%p_0_0_0199354_out_load = load i8 %p_0_0_0199354_out" [/home/e/Documents/research/byotee/OSDZU3_Ref_Design/OSDZU3_Ref_Design.runs/design_1_v_mix_0_0_synth_1/prj/sol/.autopilot/db/v_csc.cpp:177]   --->   Operation 48 'load' 'p_0_0_0199354_out_load' <Predicate = (icmp_ln161 & icmp_ln169 & !trunc_ln177)> <Delay = 0.00>
ST_2 : Operation 49 [1/1] ( I:1.82ns O:1.82ns )   --->   "%srcLayer1Yuv422_read = read i24 @_ssdm_op_Read.ap_fifo.volatile.i24P0A, i24 %srcLayer1Yuv422" [/home/e/Documents/research/byotee/OSDZU3_Ref_Design/OSDZU3_Ref_Design.runs/design_1_v_mix_0_0_synth_1/prj/sol/.autopilot/db/v_csc.cpp:171]   --->   Operation 49 'read' 'srcLayer1Yuv422_read' <Predicate = (icmp_ln161 & icmp_ln169)> <Delay = 1.82> <CoreInst = "FIFO_SRL">   --->   Core 80 'FIFO_SRL' <Latency = 0> <II = 1> <Delay = 2.16> <Storage> <Opcode : 'read' 'write' 'nbread' 'nbwrite'> <Ports = 0> <Width = 24> <Depth = 2> <FIFO>
ST_2 : Operation 50 [1/1] (0.00ns)   --->   "%trunc_ln171 = trunc i24 %srcLayer1Yuv422_read" [/home/e/Documents/research/byotee/OSDZU3_Ref_Design/OSDZU3_Ref_Design.runs/design_1_v_mix_0_0_synth_1/prj/sol/.autopilot/db/v_csc.cpp:171]   --->   Operation 50 'trunc' 'trunc_ln171' <Predicate = (icmp_ln161 & icmp_ln169)> <Delay = 0.00>
ST_2 : Operation 51 [1/1] (0.00ns)   --->   "%trunc_ln171_1 = partselect i8 @_ssdm_op_PartSelect.i8.i24.i32.i32, i24 %srcLayer1Yuv422_read, i32 8, i32 15" [/home/e/Documents/research/byotee/OSDZU3_Ref_Design/OSDZU3_Ref_Design.runs/design_1_v_mix_0_0_synth_1/prj/sol/.autopilot/db/v_csc.cpp:171]   --->   Operation 51 'partselect' 'trunc_ln171_1' <Predicate = (icmp_ln161 & icmp_ln169)> <Delay = 0.00>
ST_2 : Operation 52 [1/1] (0.44ns)   --->   "%select_ln177 = select i1 %trunc_ln177, i8 %trunc_ln171_1, i8 %p_0_0_0199354_out_load" [/home/e/Documents/research/byotee/OSDZU3_Ref_Design/OSDZU3_Ref_Design.runs/design_1_v_mix_0_0_synth_1/prj/sol/.autopilot/db/v_csc.cpp:177]   --->   Operation 52 'select' 'select_ln177' <Predicate = (icmp_ln161 & icmp_ln169)> <Delay = 0.44> <CoreInst = "Sel">   --->   Core 73 'Sel' <Latency = 0> <II = 1> <Delay = 0.44> <FuncUnit> <Opcode : 'select'> <InPorts = 3> <OutPorts = 1>
ST_2 : Operation 53 [1/1] (0.44ns)   --->   "%select_ln177_1 = select i1 %trunc_ln177, i8 %p_0_0_0200352_out_load, i8 %trunc_ln171_1" [/home/e/Documents/research/byotee/OSDZU3_Ref_Design/OSDZU3_Ref_Design.runs/design_1_v_mix_0_0_synth_1/prj/sol/.autopilot/db/v_csc.cpp:177]   --->   Operation 53 'select' 'select_ln177_1' <Predicate = (icmp_ln161 & icmp_ln169)> <Delay = 0.44> <CoreInst = "Sel">   --->   Core 73 'Sel' <Latency = 0> <II = 1> <Delay = 0.44> <FuncUnit> <Opcode : 'select'> <InPorts = 3> <OutPorts = 1>
ST_2 : Operation 54 [1/1] (0.48ns)   --->   "%store_ln171 = store i8 %trunc_ln171, i8 %p_0_0_0206357" [/home/e/Documents/research/byotee/OSDZU3_Ref_Design/OSDZU3_Ref_Design.runs/design_1_v_mix_0_0_synth_1/prj/sol/.autopilot/db/v_csc.cpp:171]   --->   Operation 54 'store' 'store_ln171' <Predicate = (icmp_ln161 & icmp_ln169)> <Delay = 0.48>
ST_2 : Operation 55 [1/1] (0.00ns)   --->   "%store_ln177 = store i8 %select_ln177, i8 %p_0_0_0199354_out" [/home/e/Documents/research/byotee/OSDZU3_Ref_Design/OSDZU3_Ref_Design.runs/design_1_v_mix_0_0_synth_1/prj/sol/.autopilot/db/v_csc.cpp:177]   --->   Operation 55 'store' 'store_ln177' <Predicate = (icmp_ln161 & icmp_ln169)> <Delay = 0.00>
ST_2 : Operation 56 [1/1] (0.00ns)   --->   "%store_ln177 = store i8 %select_ln177_1, i8 %p_0_0_0200352_out" [/home/e/Documents/research/byotee/OSDZU3_Ref_Design/OSDZU3_Ref_Design.runs/design_1_v_mix_0_0_synth_1/prj/sol/.autopilot/db/v_csc.cpp:177]   --->   Operation 56 'store' 'store_ln177' <Predicate = (icmp_ln161 & icmp_ln169)> <Delay = 0.00>
ST_2 : Operation 57 [1/1] (0.00ns)   --->   "%br_ln186 = br void %VITIS_LOOP_190_4_ifconv" [/home/e/Documents/research/byotee/OSDZU3_Ref_Design/OSDZU3_Ref_Design.runs/design_1_v_mix_0_0_synth_1/prj/sol/.autopilot/db/v_csc.cpp:186]   --->   Operation 57 'br' 'br_ln186' <Predicate = (icmp_ln161 & icmp_ln169)> <Delay = 0.00>

State 3 <SV = 2> <Delay = 2.06>
ST_3 : Operation 58 [1/1] (0.00ns)   --->   "%p_0_0_0_0_0207_2360_load = load i8 %p_0_0_0_0_0207_2360"   --->   Operation 58 'load' 'p_0_0_0_0_0207_2360_load' <Predicate = true> <Delay = 0.00>
ST_3 : Operation 59 [1/1] (0.00ns)   --->   "%p_0_0_0_0_0207_3361_load = load i8 %p_0_0_0_0_0207_3361"   --->   Operation 59 'load' 'p_0_0_0_0_0207_3361_load' <Predicate = true> <Delay = 0.00>
ST_3 : Operation 60 [1/1] (0.00ns)   --->   "%p_0_0_0_0_0207_4362_load = load i8 %p_0_0_0_0_0207_4362"   --->   Operation 60 'load' 'p_0_0_0_0_0207_4362_load' <Predicate = true> <Delay = 0.00>
ST_3 : Operation 61 [1/1] (0.00ns)   --->   "%p_0_0_0206358363_load = load i8 %p_0_0_0206358363"   --->   Operation 61 'load' 'p_0_0_0206358363_load' <Predicate = true> <Delay = 0.00>
ST_3 : Operation 62 [1/1] (0.00ns)   --->   "%speclooptripcount_ln0 = speclooptripcount void @_ssdm_op_SpecLoopTripCount, i64 0, i64 32767, i64 32767"   --->   Operation 62 'speclooptripcount' 'speclooptripcount_ln0' <Predicate = true> <Delay = 0.00>
ST_3 : Operation 63 [1/1] (0.00ns)   --->   "%p_0_0_0_0_0205_1367_out_load = load i8 %p_0_0_0_0_0205_1367_out" [/home/e/Documents/research/byotee/OSDZU3_Ref_Design/OSDZU3_Ref_Design.runs/design_1_v_mix_0_0_synth_1/prj/sol/.autopilot/db/v_csc.cpp:222]   --->   Operation 63 'load' 'p_0_0_0_0_0205_1367_out_load' <Predicate = (icmp_ln161 & !CRpix & !cmp111)> <Delay = 0.00>
ST_3 : Operation 64 [1/1] (0.00ns)   --->   "%p_0_0_0_0_0_1374_out_load = load i8 %p_0_0_0_0_0_1374_out" [/home/e/Documents/research/byotee/OSDZU3_Ref_Design/OSDZU3_Ref_Design.runs/design_1_v_mix_0_0_synth_1/prj/sol/.autopilot/db/v_csc.cpp:222]   --->   Operation 64 'load' 'p_0_0_0_0_0_1374_out_load' <Predicate = (icmp_ln161 & !CRpix & !cmp111)> <Delay = 0.00>
ST_3 : Operation 65 [1/1] (0.00ns)   --->   "%p_0_0_0_0_0205_2381_out_load = load i8 %p_0_0_0_0_0205_2381_out" [/home/e/Documents/research/byotee/OSDZU3_Ref_Design/OSDZU3_Ref_Design.runs/design_1_v_mix_0_0_synth_1/prj/sol/.autopilot/db/v_csc.cpp:222]   --->   Operation 65 'load' 'p_0_0_0_0_0205_2381_out_load' <Predicate = (icmp_ln161)> <Delay = 0.00>
ST_3 : Operation 66 [1/1] (0.00ns)   --->   "%p_0_0_0_0_0_2384_out_load = load i8 %p_0_0_0_0_0_2384_out" [/home/e/Documents/research/byotee/OSDZU3_Ref_Design/OSDZU3_Ref_Design.runs/design_1_v_mix_0_0_synth_1/prj/sol/.autopilot/db/v_csc.cpp:222]   --->   Operation 66 'load' 'p_0_0_0_0_0_2384_out_load' <Predicate = (icmp_ln161)> <Delay = 0.00>
ST_3 : Operation 67 [1/1] (0.00ns)   --->   "%p_0_0_0200353387_out_load = load i8 %p_0_0_0200353387_out" [/home/e/Documents/research/byotee/OSDZU3_Ref_Design/OSDZU3_Ref_Design.runs/design_1_v_mix_0_0_synth_1/prj/sol/.autopilot/db/v_csc.cpp:222]   --->   Operation 67 'load' 'p_0_0_0200353387_out_load' <Predicate = (icmp_ln161)> <Delay = 0.00>
ST_3 : Operation 68 [1/1] (0.00ns)   --->   "%p_0_0_0199355390_out_load = load i8 %p_0_0_0199355390_out" [/home/e/Documents/research/byotee/OSDZU3_Ref_Design/OSDZU3_Ref_Design.runs/design_1_v_mix_0_0_synth_1/prj/sol/.autopilot/db/v_csc.cpp:222]   --->   Operation 68 'load' 'p_0_0_0199355390_out_load' <Predicate = (icmp_ln161)> <Delay = 0.00>
ST_3 : Operation 69 [1/1] (0.00ns)   --->   "%p_0_0_0200352_out_load_1 = load i8 %p_0_0_0200352_out" [/home/e/Documents/research/byotee/OSDZU3_Ref_Design/OSDZU3_Ref_Design.runs/design_1_v_mix_0_0_synth_1/prj/sol/.autopilot/db/v_csc.cpp:242]   --->   Operation 69 'load' 'p_0_0_0200352_out_load_1' <Predicate = (icmp_ln161)> <Delay = 0.00>
ST_3 : Operation 70 [1/1] (0.00ns)   --->   "%p_0_0_0199354_out_load_1 = load i8 %p_0_0_0199354_out" [/home/e/Documents/research/byotee/OSDZU3_Ref_Design/OSDZU3_Ref_Design.runs/design_1_v_mix_0_0_synth_1/prj/sol/.autopilot/db/v_csc.cpp:242]   --->   Operation 70 'load' 'p_0_0_0199354_out_load_1' <Predicate = (icmp_ln161)> <Delay = 0.00>
ST_3 : Operation 71 [1/1] (0.00ns) (grouped into LUT with out node select_ln242)   --->   "%select_ln222 = select i1 %CRpix, i8 %p_0_0_0199354_out_load_1, i8 %p_0_0_0199355390_out_load" [/home/e/Documents/research/byotee/OSDZU3_Ref_Design/OSDZU3_Ref_Design.runs/design_1_v_mix_0_0_synth_1/prj/sol/.autopilot/db/v_csc.cpp:222]   --->   Operation 71 'select' 'select_ln222' <Predicate = (icmp_ln161 & !cmp111)> <Delay = 0.00> <CoreInst = "Sel">   --->   Core 73 'Sel' <Latency = 0> <II = 1> <Delay = 0.44> <FuncUnit> <Opcode : 'select'> <InPorts = 3> <OutPorts = 1>
ST_3 : Operation 72 [1/1] (0.00ns) (grouped into LUT with out node select_ln242_1)   --->   "%select_ln222_1 = select i1 %CRpix, i8 %p_0_0_0200352_out_load_1, i8 %p_0_0_0200353387_out_load" [/home/e/Documents/research/byotee/OSDZU3_Ref_Design/OSDZU3_Ref_Design.runs/design_1_v_mix_0_0_synth_1/prj/sol/.autopilot/db/v_csc.cpp:222]   --->   Operation 72 'select' 'select_ln222_1' <Predicate = (icmp_ln161 & !cmp111)> <Delay = 0.00> <CoreInst = "Sel">   --->   Core 73 'Sel' <Latency = 0> <II = 1> <Delay = 0.44> <FuncUnit> <Opcode : 'select'> <InPorts = 3> <OutPorts = 1>
ST_3 : Operation 73 [1/1] (0.00ns) (grouped into LUT with out node select_ln242_2)   --->   "%select_ln222_2 = select i1 %CRpix, i8 %p_0_0_0199355390_out_load, i8 %p_0_0_0_0_0_2384_out_load" [/home/e/Documents/research/byotee/OSDZU3_Ref_Design/OSDZU3_Ref_Design.runs/design_1_v_mix_0_0_synth_1/prj/sol/.autopilot/db/v_csc.cpp:222]   --->   Operation 73 'select' 'select_ln222_2' <Predicate = (icmp_ln161 & !cmp111)> <Delay = 0.00> <CoreInst = "Sel">   --->   Core 73 'Sel' <Latency = 0> <II = 1> <Delay = 0.44> <FuncUnit> <Opcode : 'select'> <InPorts = 3> <OutPorts = 1>
ST_3 : Operation 74 [1/1] (0.00ns) (grouped into LUT with out node select_ln242_3)   --->   "%select_ln222_3 = select i1 %CRpix, i8 %p_0_0_0200353387_out_load, i8 %p_0_0_0_0_0205_2381_out_load" [/home/e/Documents/research/byotee/OSDZU3_Ref_Design/OSDZU3_Ref_Design.runs/design_1_v_mix_0_0_synth_1/prj/sol/.autopilot/db/v_csc.cpp:222]   --->   Operation 74 'select' 'select_ln222_3' <Predicate = (icmp_ln161 & !cmp111)> <Delay = 0.00> <CoreInst = "Sel">   --->   Core 73 'Sel' <Latency = 0> <II = 1> <Delay = 0.44> <FuncUnit> <Opcode : 'select'> <InPorts = 3> <OutPorts = 1>
ST_3 : Operation 75 [1/1] (0.00ns) (grouped into LUT with out node select_ln242_4)   --->   "%select_ln222_4 = select i1 %CRpix, i8 %p_0_0_0_0_0_2384_out_load, i8 %p_0_0_0_0_0_1374_out_load" [/home/e/Documents/research/byotee/OSDZU3_Ref_Design/OSDZU3_Ref_Design.runs/design_1_v_mix_0_0_synth_1/prj/sol/.autopilot/db/v_csc.cpp:222]   --->   Operation 75 'select' 'select_ln222_4' <Predicate = (icmp_ln161 & !cmp111)> <Delay = 0.00> <CoreInst = "Sel">   --->   Core 73 'Sel' <Latency = 0> <II = 1> <Delay = 0.44> <FuncUnit> <Opcode : 'select'> <InPorts = 3> <OutPorts = 1>
ST_3 : Operation 76 [1/1] (0.00ns) (grouped into LUT with out node select_ln242_5)   --->   "%select_ln222_5 = select i1 %CRpix, i8 %p_0_0_0_0_0205_2381_out_load, i8 %p_0_0_0_0_0205_1367_out_load" [/home/e/Documents/research/byotee/OSDZU3_Ref_Design/OSDZU3_Ref_Design.runs/design_1_v_mix_0_0_synth_1/prj/sol/.autopilot/db/v_csc.cpp:222]   --->   Operation 76 'select' 'select_ln222_5' <Predicate = (icmp_ln161 & !cmp111)> <Delay = 0.00> <CoreInst = "Sel">   --->   Core 73 'Sel' <Latency = 0> <II = 1> <Delay = 0.44> <FuncUnit> <Opcode : 'select'> <InPorts = 3> <OutPorts = 1>
ST_3 : Operation 77 [1/1] (0.44ns) (out node of the LUT)   --->   "%select_ln242 = select i1 %cmp111, i8 %p_0_0_0199354_out_load_1, i8 %select_ln222" [/home/e/Documents/research/byotee/OSDZU3_Ref_Design/OSDZU3_Ref_Design.runs/design_1_v_mix_0_0_synth_1/prj/sol/.autopilot/db/v_csc.cpp:242]   --->   Operation 77 'select' 'select_ln242' <Predicate = (icmp_ln161)> <Delay = 0.44> <CoreInst = "Sel">   --->   Core 73 'Sel' <Latency = 0> <II = 1> <Delay = 0.44> <FuncUnit> <Opcode : 'select'> <InPorts = 3> <OutPorts = 1>
ST_3 : Operation 78 [1/1] (0.44ns) (out node of the LUT)   --->   "%select_ln242_1 = select i1 %cmp111, i8 %p_0_0_0200352_out_load_1, i8 %select_ln222_1" [/home/e/Documents/research/byotee/OSDZU3_Ref_Design/OSDZU3_Ref_Design.runs/design_1_v_mix_0_0_synth_1/prj/sol/.autopilot/db/v_csc.cpp:242]   --->   Operation 78 'select' 'select_ln242_1' <Predicate = (icmp_ln161)> <Delay = 0.44> <CoreInst = "Sel">   --->   Core 73 'Sel' <Latency = 0> <II = 1> <Delay = 0.44> <FuncUnit> <Opcode : 'select'> <InPorts = 3> <OutPorts = 1>
ST_3 : Operation 79 [1/1] (0.44ns) (out node of the LUT)   --->   "%select_ln242_2 = select i1 %cmp111, i8 %p_0_0_0199354_out_load_1, i8 %select_ln222_2" [/home/e/Documents/research/byotee/OSDZU3_Ref_Design/OSDZU3_Ref_Design.runs/design_1_v_mix_0_0_synth_1/prj/sol/.autopilot/db/v_csc.cpp:242]   --->   Operation 79 'select' 'select_ln242_2' <Predicate = (icmp_ln161)> <Delay = 0.44> <CoreInst = "Sel">   --->   Core 73 'Sel' <Latency = 0> <II = 1> <Delay = 0.44> <FuncUnit> <Opcode : 'select'> <InPorts = 3> <OutPorts = 1>
ST_3 : Operation 80 [1/1] (0.44ns) (out node of the LUT)   --->   "%select_ln242_3 = select i1 %cmp111, i8 %p_0_0_0200352_out_load_1, i8 %select_ln222_3" [/home/e/Documents/research/byotee/OSDZU3_Ref_Design/OSDZU3_Ref_Design.runs/design_1_v_mix_0_0_synth_1/prj/sol/.autopilot/db/v_csc.cpp:242]   --->   Operation 80 'select' 'select_ln242_3' <Predicate = (icmp_ln161)> <Delay = 0.44> <CoreInst = "Sel">   --->   Core 73 'Sel' <Latency = 0> <II = 1> <Delay = 0.44> <FuncUnit> <Opcode : 'select'> <InPorts = 3> <OutPorts = 1>
ST_3 : Operation 81 [1/1] (0.44ns) (out node of the LUT)   --->   "%select_ln242_4 = select i1 %cmp111, i8 %p_0_0_0199354_out_load_1, i8 %select_ln222_4" [/home/e/Documents/research/byotee/OSDZU3_Ref_Design/OSDZU3_Ref_Design.runs/design_1_v_mix_0_0_synth_1/prj/sol/.autopilot/db/v_csc.cpp:242]   --->   Operation 81 'select' 'select_ln242_4' <Predicate = (icmp_ln161)> <Delay = 0.44> <CoreInst = "Sel">   --->   Core 73 'Sel' <Latency = 0> <II = 1> <Delay = 0.44> <FuncUnit> <Opcode : 'select'> <InPorts = 3> <OutPorts = 1>
ST_3 : Operation 82 [1/1] (0.44ns) (out node of the LUT)   --->   "%select_ln242_5 = select i1 %cmp111, i8 %p_0_0_0200352_out_load_1, i8 %select_ln222_5" [/home/e/Documents/research/byotee/OSDZU3_Ref_Design/OSDZU3_Ref_Design.runs/design_1_v_mix_0_0_synth_1/prj/sol/.autopilot/db/v_csc.cpp:242]   --->   Operation 82 'select' 'select_ln242_5' <Predicate = (icmp_ln161)> <Delay = 0.44> <CoreInst = "Sel">   --->   Core 73 'Sel' <Latency = 0> <II = 1> <Delay = 0.44> <FuncUnit> <Opcode : 'select'> <InPorts = 3> <OutPorts = 1>
ST_3 : Operation 83 [1/1] (0.00ns)   --->   "%zext_ln270 = zext i8 %select_ln242_3" [/home/e/Documents/research/byotee/OSDZU3_Ref_Design/OSDZU3_Ref_Design.runs/design_1_v_mix_0_0_synth_1/prj/sol/.autopilot/db/v_csc.cpp:270]   --->   Operation 83 'zext' 'zext_ln270' <Predicate = (icmp_ln161 & odd_col)> <Delay = 0.00>
ST_3 : Operation 84 [1/1] (0.00ns)   --->   "%zext_ln270_1 = zext i8 %select_ln242_5" [/home/e/Documents/research/byotee/OSDZU3_Ref_Design/OSDZU3_Ref_Design.runs/design_1_v_mix_0_0_synth_1/prj/sol/.autopilot/db/v_csc.cpp:270]   --->   Operation 84 'zext' 'zext_ln270_1' <Predicate = (icmp_ln161 & odd_col)> <Delay = 0.00>
ST_3 : Operation 85 [1/1] (0.00ns) (grouped into TernaryAdder)   --->   "%add_ln270 = add i9 %zext_ln270_1, i9 1" [/home/e/Documents/research/byotee/OSDZU3_Ref_Design/OSDZU3_Ref_Design.runs/design_1_v_mix_0_0_synth_1/prj/sol/.autopilot/db/v_csc.cpp:270]   --->   Operation 85 'add' 'add_ln270' <Predicate = (icmp_ln161 & odd_col)> <Delay = 0.00> <CoreInst = "TAddSub">   --->   Core 10 'TAddSub' <Latency = 0> <II = 1> <Delay = 0.58> <IPBlock> <Opcode : 'add' 'sub'> <InPorts = 3> <OutPorts = 1> <Sync> <CReg>
ST_3 : Operation 86 [1/1] (1.17ns) (root node of TernaryAdder)   --->   "%add_ln270_1 = add i9 %add_ln270, i9 %zext_ln270" [/home/e/Documents/research/byotee/OSDZU3_Ref_Design/OSDZU3_Ref_Design.runs/design_1_v_mix_0_0_synth_1/prj/sol/.autopilot/db/v_csc.cpp:270]   --->   Operation 86 'add' 'add_ln270_1' <Predicate = (icmp_ln161 & odd_col)> <Delay = 1.17> <CoreInst = "TAddSub">   --->   Core 10 'TAddSub' <Latency = 0> <II = 1> <Delay = 0.58> <IPBlock> <Opcode : 'add' 'sub'> <InPorts = 3> <OutPorts = 1> <Sync> <CReg>
ST_3 : Operation 87 [1/1] (0.00ns)   --->   "%trunc_ln = partselect i8 @_ssdm_op_PartSelect.i8.i9.i32.i32, i9 %add_ln270_1, i32 1, i32 8" [/home/e/Documents/research/byotee/OSDZU3_Ref_Design/OSDZU3_Ref_Design.runs/design_1_v_mix_0_0_synth_1/prj/sol/.autopilot/db/v_csc.cpp:270]   --->   Operation 87 'partselect' 'trunc_ln' <Predicate = (icmp_ln161 & odd_col)> <Delay = 0.00>
ST_3 : Operation 88 [1/1] (0.00ns)   --->   "%zext_ln271 = zext i8 %select_ln242_2" [/home/e/Documents/research/byotee/OSDZU3_Ref_Design/OSDZU3_Ref_Design.runs/design_1_v_mix_0_0_synth_1/prj/sol/.autopilot/db/v_csc.cpp:271]   --->   Operation 88 'zext' 'zext_ln271' <Predicate = (icmp_ln161 & odd_col)> <Delay = 0.00>
ST_3 : Operation 89 [1/1] (0.00ns)   --->   "%zext_ln271_1 = zext i8 %select_ln242_4" [/home/e/Documents/research/byotee/OSDZU3_Ref_Design/OSDZU3_Ref_Design.runs/design_1_v_mix_0_0_synth_1/prj/sol/.autopilot/db/v_csc.cpp:271]   --->   Operation 89 'zext' 'zext_ln271_1' <Predicate = (icmp_ln161 & odd_col)> <Delay = 0.00>
ST_3 : Operation 90 [1/1] (0.00ns) (grouped into TernaryAdder)   --->   "%add_ln271 = add i9 %zext_ln271_1, i9 1" [/home/e/Documents/research/byotee/OSDZU3_Ref_Design/OSDZU3_Ref_Design.runs/design_1_v_mix_0_0_synth_1/prj/sol/.autopilot/db/v_csc.cpp:271]   --->   Operation 90 'add' 'add_ln271' <Predicate = (icmp_ln161 & odd_col)> <Delay = 0.00> <CoreInst = "TAddSub">   --->   Core 10 'TAddSub' <Latency = 0> <II = 1> <Delay = 0.58> <IPBlock> <Opcode : 'add' 'sub'> <InPorts = 3> <OutPorts = 1> <Sync> <CReg>
ST_3 : Operation 91 [1/1] (1.17ns) (root node of TernaryAdder)   --->   "%add_ln271_1 = add i9 %add_ln271, i9 %zext_ln271" [/home/e/Documents/research/byotee/OSDZU3_Ref_Design/OSDZU3_Ref_Design.runs/design_1_v_mix_0_0_synth_1/prj/sol/.autopilot/db/v_csc.cpp:271]   --->   Operation 91 'add' 'add_ln271_1' <Predicate = (icmp_ln161 & odd_col)> <Delay = 1.17> <CoreInst = "TAddSub">   --->   Core 10 'TAddSub' <Latency = 0> <II = 1> <Delay = 0.58> <IPBlock> <Opcode : 'add' 'sub'> <InPorts = 3> <OutPorts = 1> <Sync> <CReg>
ST_3 : Operation 92 [1/1] (0.00ns)   --->   "%trunc_ln1 = partselect i8 @_ssdm_op_PartSelect.i8.i9.i32.i32, i9 %add_ln271_1, i32 1, i32 8" [/home/e/Documents/research/byotee/OSDZU3_Ref_Design/OSDZU3_Ref_Design.runs/design_1_v_mix_0_0_synth_1/prj/sol/.autopilot/db/v_csc.cpp:271]   --->   Operation 92 'partselect' 'trunc_ln1' <Predicate = (icmp_ln161 & odd_col)> <Delay = 0.00>
ST_3 : Operation 93 [1/1] (0.44ns)   --->   "%conv3_i_i74392 = select i1 %odd_col, i8 %trunc_ln, i8 %select_ln242_5" [/home/e/Documents/research/byotee/OSDZU3_Ref_Design/OSDZU3_Ref_Design.runs/design_1_v_mix_0_0_synth_1/prj/sol/.autopilot/db/v_csc.cpp:167]   --->   Operation 93 'select' 'conv3_i_i74392' <Predicate = (icmp_ln161)> <Delay = 0.44> <CoreInst = "Sel">   --->   Core 73 'Sel' <Latency = 0> <II = 1> <Delay = 0.44> <FuncUnit> <Opcode : 'select'> <InPorts = 3> <OutPorts = 1>
ST_3 : Operation 94 [1/1] (0.44ns)   --->   "%outpix_0_2_0_0_0_load = select i1 %odd_col, i8 %trunc_ln1, i8 %select_ln242_4" [/home/e/Documents/research/byotee/OSDZU3_Ref_Design/OSDZU3_Ref_Design.runs/design_1_v_mix_0_0_synth_1/prj/sol/.autopilot/db/v_csc.cpp:167]   --->   Operation 94 'select' 'outpix_0_2_0_0_0_load' <Predicate = (icmp_ln161)> <Delay = 0.44> <CoreInst = "Sel">   --->   Core 73 'Sel' <Latency = 0> <II = 1> <Delay = 0.44> <FuncUnit> <Opcode : 'select'> <InPorts = 3> <OutPorts = 1>
ST_3 : Operation 95 [1/1] (0.00ns)   --->   "%p_0_0_0206357_load = load i8 %p_0_0_0206357"   --->   Operation 95 'load' 'p_0_0_0206357_load' <Predicate = (icmp_ln161)> <Delay = 0.00>
ST_3 : Operation 96 [1/1] (0.48ns)   --->   "%store_ln0 = store i8 %p_0_0_0206357_load, i8 %p_0_0_0206358363"   --->   Operation 96 'store' 'store_ln0' <Predicate = (icmp_ln161)> <Delay = 0.48>
ST_3 : Operation 97 [1/1] (0.48ns)   --->   "%store_ln0 = store i8 %p_0_0_0206358363_load, i8 %p_0_0_0_0_0207_4362"   --->   Operation 97 'store' 'store_ln0' <Predicate = (icmp_ln161)> <Delay = 0.48>
ST_3 : Operation 98 [1/1] (0.48ns)   --->   "%store_ln0 = store i8 %p_0_0_0_0_0207_4362_load, i8 %p_0_0_0_0_0207_3361"   --->   Operation 98 'store' 'store_ln0' <Predicate = (icmp_ln161)> <Delay = 0.48>
ST_3 : Operation 99 [1/1] (0.48ns)   --->   "%store_ln0 = store i8 %p_0_0_0_0_0207_3361_load, i8 %p_0_0_0_0_0207_2360"   --->   Operation 99 'store' 'store_ln0' <Predicate = (icmp_ln161)> <Delay = 0.48>
ST_3 : Operation 100 [1/1] (0.00ns)   --->   "%store_ln242 = store i8 %select_ln242, i8 %p_0_0_0199355390_out" [/home/e/Documents/research/byotee/OSDZU3_Ref_Design/OSDZU3_Ref_Design.runs/design_1_v_mix_0_0_synth_1/prj/sol/.autopilot/db/v_csc.cpp:242]   --->   Operation 100 'store' 'store_ln242' <Predicate = (icmp_ln161)> <Delay = 0.00>
ST_3 : Operation 101 [1/1] (0.00ns)   --->   "%store_ln242 = store i8 %select_ln242_1, i8 %p_0_0_0200353387_out" [/home/e/Documents/research/byotee/OSDZU3_Ref_Design/OSDZU3_Ref_Design.runs/design_1_v_mix_0_0_synth_1/prj/sol/.autopilot/db/v_csc.cpp:242]   --->   Operation 101 'store' 'store_ln242' <Predicate = (icmp_ln161)> <Delay = 0.00>
ST_3 : Operation 102 [1/1] (0.00ns)   --->   "%store_ln242 = store i8 %select_ln242_2, i8 %p_0_0_0_0_0_2384_out" [/home/e/Documents/research/byotee/OSDZU3_Ref_Design/OSDZU3_Ref_Design.runs/design_1_v_mix_0_0_synth_1/prj/sol/.autopilot/db/v_csc.cpp:242]   --->   Operation 102 'store' 'store_ln242' <Predicate = (icmp_ln161)> <Delay = 0.00>
ST_3 : Operation 103 [1/1] (0.00ns)   --->   "%store_ln242 = store i8 %select_ln242_3, i8 %p_0_0_0_0_0205_2381_out" [/home/e/Documents/research/byotee/OSDZU3_Ref_Design/OSDZU3_Ref_Design.runs/design_1_v_mix_0_0_synth_1/prj/sol/.autopilot/db/v_csc.cpp:242]   --->   Operation 103 'store' 'store_ln242' <Predicate = (icmp_ln161)> <Delay = 0.00>
ST_3 : Operation 104 [1/1] (0.00ns)   --->   "%store_ln242 = store i8 %select_ln242_4, i8 %p_0_0_0_0_0_1374_out" [/home/e/Documents/research/byotee/OSDZU3_Ref_Design/OSDZU3_Ref_Design.runs/design_1_v_mix_0_0_synth_1/prj/sol/.autopilot/db/v_csc.cpp:242]   --->   Operation 104 'store' 'store_ln242' <Predicate = (icmp_ln161)> <Delay = 0.00>
ST_3 : Operation 105 [1/1] (0.00ns)   --->   "%store_ln242 = store i8 %select_ln242_5, i8 %p_0_0_0_0_0205_1367_out" [/home/e/Documents/research/byotee/OSDZU3_Ref_Design/OSDZU3_Ref_Design.runs/design_1_v_mix_0_0_synth_1/prj/sol/.autopilot/db/v_csc.cpp:242]   --->   Operation 105 'store' 'store_ln242' <Predicate = (icmp_ln161)> <Delay = 0.00>
ST_3 : Operation 112 [1/1] (0.00ns)   --->   "%write_ln0 = write void @_ssdm_op_Write.ap_auto.i8P0A, i8 %p_0_0_0206358363_out, i8 %p_0_0_0206358363_load"   --->   Operation 112 'write' 'write_ln0' <Predicate = (!icmp_ln161)> <Delay = 0.00>
ST_3 : Operation 113 [1/1] (0.00ns)   --->   "%store_ln0 = store i8 %p_0_0_0_0_0207_4362_load, i8 %p_0_0_0_0_0207_4362_out"   --->   Operation 113 'store' 'store_ln0' <Predicate = (!icmp_ln161)> <Delay = 0.00>
ST_3 : Operation 114 [1/1] (0.00ns)   --->   "%store_ln0 = store i8 %p_0_0_0_0_0207_3361_load, i8 %p_0_0_0_0_0207_3361_out"   --->   Operation 114 'store' 'store_ln0' <Predicate = (!icmp_ln161)> <Delay = 0.00>
ST_3 : Operation 115 [1/1] (0.00ns)   --->   "%store_ln0 = store i8 %p_0_0_0_0_0207_2360_load, i8 %p_0_0_0_0_0207_2360_out"   --->   Operation 115 'store' 'store_ln0' <Predicate = (!icmp_ln161)> <Delay = 0.00>
ST_3 : Operation 116 [1/1] (0.48ns)   --->   "%ret_ln0 = ret"   --->   Operation 116 'ret' 'ret_ln0' <Predicate = (!icmp_ln161)> <Delay = 0.48>

State 4 <SV = 3> <Delay = 1.82>
ST_4 : Operation 106 [1/1] (0.00ns)   --->   "%p_0_0_0_0_0207_1359_out_load = load i8 %p_0_0_0_0_0207_1359_out" [/home/e/Documents/research/byotee/OSDZU3_Ref_Design/OSDZU3_Ref_Design.runs/design_1_v_mix_0_0_synth_1/prj/sol/.autopilot/db/v_csc.cpp:283]   --->   Operation 106 'load' 'p_0_0_0_0_0207_1359_out_load' <Predicate = (!tmp)> <Delay = 0.00>
ST_4 : Operation 107 [1/1] (0.00ns)   --->   "%or_ln283_3 = bitconcatenate i24 @_ssdm_op_BitConcatenate.i24.i8.i8.i8, i8 %outpix_0_2_0_0_0_load, i8 %conv3_i_i74392, i8 %p_0_0_0_0_0207_1359_out_load" [/home/e/Documents/research/byotee/OSDZU3_Ref_Design/OSDZU3_Ref_Design.runs/design_1_v_mix_0_0_synth_1/prj/sol/.autopilot/db/v_csc.cpp:283]   --->   Operation 107 'bitconcatenate' 'or_ln283_3' <Predicate = (!tmp)> <Delay = 0.00>
ST_4 : Operation 108 [1/1] ( I:1.82ns O:1.82ns )   --->   "%write_ln283 = write void @_ssdm_op_Write.ap_fifo.volatile.i24P0A, i24 %srcLayer1Yuv, i24 %or_ln283_3" [/home/e/Documents/research/byotee/OSDZU3_Ref_Design/OSDZU3_Ref_Design.runs/design_1_v_mix_0_0_synth_1/prj/sol/.autopilot/db/v_csc.cpp:283]   --->   Operation 108 'write' 'write_ln283' <Predicate = (!tmp)> <Delay = 1.82> <CoreInst = "FIFO_SRL">   --->   Core 80 'FIFO_SRL' <Latency = 0> <II = 1> <Delay = 2.16> <Storage> <Opcode : 'read' 'write' 'nbread' 'nbwrite'> <Ports = 0> <Width = 24> <Depth = 2> <FIFO>
ST_4 : Operation 109 [1/1] (0.00ns)   --->   "%br_ln284 = br void %for.inc316" [/home/e/Documents/research/byotee/OSDZU3_Ref_Design/OSDZU3_Ref_Design.runs/design_1_v_mix_0_0_synth_1/prj/sol/.autopilot/db/v_csc.cpp:284]   --->   Operation 109 'br' 'br_ln284' <Predicate = (!tmp)> <Delay = 0.00>
ST_4 : Operation 110 [1/1] (0.00ns)   --->   "%store_ln0 = store i8 %p_0_0_0_0_0207_2360_load, i8 %p_0_0_0_0_0207_1359_out"   --->   Operation 110 'store' 'store_ln0' <Predicate = true> <Delay = 0.00>
ST_4 : Operation 111 [1/1] (0.00ns)   --->   "%br_ln161 = br void %for.body29" [/home/e/Documents/research/byotee/OSDZU3_Ref_Design/OSDZU3_Ref_Design.runs/design_1_v_mix_0_0_synth_1/prj/sol/.autopilot/db/v_csc.cpp:161]   --->   Operation 111 'br' 'br_ln161' <Predicate = true> <Delay = 0.00>


============================================================
+ Verbose Summary: Binding
============================================================
STG Binding: 
---------------- STG Properties BEGIN ----------------
- Is combinational: 0
- Is one-state seq: 0
- Is datapath-only: 0
- Is pipelined: 0
- Is top level: 0
Port [ Return ] is wired: 1; IO mode=ap_ctrl_hs:ce=0
Port [ p_0_0_0206358_lcssa364426]:  wired=1; compound=0; hidden=0; nouse=0; global=0; static=0; extern=0; dir=0; type=0; pingpong=0; private_global=0; IO mode=ap_none:ce=0
Port [ p_0_0_0_0_0207_4_lcssa423]:  wired=1; compound=0; hidden=0; nouse=0; global=0; static=0; extern=0; dir=0; type=0; pingpong=0; private_global=0; IO mode=ap_none:ce=0
Port [ p_0_0_0_0_0207_3_lcssa420]:  wired=1; compound=0; hidden=0; nouse=0; global=0; static=0; extern=0; dir=0; type=0; pingpong=0; private_global=0; IO mode=ap_none:ce=0
Port [ p_0_0_0_0_0207_2_lcssa417]:  wired=1; compound=0; hidden=0; nouse=0; global=0; static=0; extern=0; dir=0; type=0; pingpong=0; private_global=0; IO mode=ap_none:ce=0
Port [ p_0_0_0206358_lcssa409]:  wired=1; compound=0; hidden=0; nouse=0; global=0; static=0; extern=0; dir=0; type=0; pingpong=0; private_global=0; IO mode=ap_none:ce=0
Port [ loopWidth]:  wired=1; compound=0; hidden=0; nouse=0; global=0; static=0; extern=0; dir=0; type=0; pingpong=0; private_global=0; IO mode=ap_stable:ce=0
Port [ srcLayer1Yuv]:  wired=1; compound=1; hidden=0; nouse=0; global=0; static=0; extern=0; dir=1; type=3; pingpong=0; private_global=0; IO mode=ap_fifo:ce=0
Port [ width]:  wired=1; compound=0; hidden=0; nouse=0; global=0; static=0; extern=0; dir=0; type=0; pingpong=0; private_global=0; IO mode=ap_stable:ce=0
Port [ srcLayer1Yuv422]:  wired=1; compound=1; hidden=0; nouse=0; global=0; static=0; extern=0; dir=0; type=3; pingpong=0; private_global=0; IO mode=ap_fifo:ce=0
Port [ p_0_0_0199355390_out]:  wired=1; compound=0; hidden=0; nouse=0; global=0; static=0; extern=0; dir=2; type=0; pingpong=0; private_global=0; IO mode=ap_ovld:ce=0
Port [ p_0_0_0200353387_out]:  wired=1; compound=0; hidden=0; nouse=0; global=0; static=0; extern=0; dir=2; type=0; pingpong=0; private_global=0; IO mode=ap_ovld:ce=0
Port [ p_0_0_0_0_0_2384_out]:  wired=1; compound=0; hidden=0; nouse=0; global=0; static=0; extern=0; dir=2; type=0; pingpong=0; private_global=0; IO mode=ap_ovld:ce=0
Port [ p_0_0_0_0_0205_2381_out]:  wired=1; compound=0; hidden=0; nouse=0; global=0; static=0; extern=0; dir=2; type=0; pingpong=0; private_global=0; IO mode=ap_ovld:ce=0
Port [ p_0_0_0_0_0_1374_out]:  wired=1; compound=0; hidden=0; nouse=0; global=0; static=0; extern=0; dir=2; type=0; pingpong=0; private_global=0; IO mode=ap_ovld:ce=0
Port [ p_0_0_0_0_0205_1367_out]:  wired=1; compound=0; hidden=0; nouse=0; global=0; static=0; extern=0; dir=2; type=0; pingpong=0; private_global=0; IO mode=ap_ovld:ce=0
Port [ p_0_0_0206358363_out]:  wired=1; compound=0; hidden=0; nouse=0; global=0; static=0; extern=0; dir=1; type=0; pingpong=0; private_global=0; IO mode=ap_vld:ce=0
Port [ p_0_0_0_0_0207_4362_out]:  wired=1; compound=0; hidden=0; nouse=0; global=0; static=0; extern=0; dir=1; type=0; pingpong=0; private_global=0; IO mode=ap_vld:ce=0
Port [ p_0_0_0_0_0207_3361_out]:  wired=1; compound=0; hidden=0; nouse=0; global=0; static=0; extern=0; dir=1; type=0; pingpong=0; private_global=0; IO mode=ap_vld:ce=0
Port [ p_0_0_0_0_0207_2360_out]:  wired=1; compound=0; hidden=0; nouse=0; global=0; static=0; extern=0; dir=1; type=0; pingpong=0; private_global=0; IO mode=ap_vld:ce=0
Port [ p_0_0_0_0_0207_1359_out]:  wired=1; compound=0; hidden=0; nouse=0; global=0; static=0; extern=0; dir=2; type=0; pingpong=0; private_global=0; IO mode=ap_ovld:ce=0
Port [ p_0_0_0199354_out]:  wired=1; compound=0; hidden=0; nouse=0; global=0; static=0; extern=0; dir=2; type=0; pingpong=0; private_global=0; IO mode=ap_ovld:ce=0
Port [ p_0_0_0200352_out]:  wired=1; compound=0; hidden=0; nouse=0; global=0; static=0; extern=0; dir=2; type=0; pingpong=0; private_global=0; IO mode=ap_ovld:ce=0
---------------- STG Properties END ------------------

---------------- Datapath Model BEGIN ----------------

<LifeTime>
<method=bitvector/>
x                              (alloca           ) [ 01000]
p_0_0_0206357                  (alloca           ) [ 01110]
p_0_0_0_0_0207_2360            (alloca           ) [ 01110]
p_0_0_0_0_0207_3361            (alloca           ) [ 01110]
p_0_0_0_0_0207_4362            (alloca           ) [ 01110]
p_0_0_0206358363               (alloca           ) [ 01110]
specstablecontent_ln0          (specstablecontent) [ 00000]
specinterface_ln0              (specinterface    ) [ 00000]
specinterface_ln0              (specinterface    ) [ 00000]
width_read                     (read             ) [ 00000]
loopWidth_read                 (read             ) [ 00000]
p_0_0_0206358_lcssa409_read    (read             ) [ 00000]
p_0_0_0_0_0207_2_lcssa417_read (read             ) [ 00000]
p_0_0_0_0_0207_3_lcssa420_read (read             ) [ 00000]
p_0_0_0_0_0207_4_lcssa423_read (read             ) [ 00000]
p_0_0_0206358_lcssa364426_read (read             ) [ 00000]
store_ln125                    (store            ) [ 00000]
store_ln125                    (store            ) [ 00000]
store_ln125                    (store            ) [ 00000]
store_ln125                    (store            ) [ 00000]
store_ln125                    (store            ) [ 00000]
store_ln131                    (store            ) [ 00000]
br_ln161                       (br               ) [ 00000]
x_15                           (load             ) [ 00000]
zext_ln161                     (zext             ) [ 00000]
icmp_ln161                     (icmp             ) [ 01110]
add_ln161                      (add              ) [ 00000]
br_ln161                       (br               ) [ 00000]
specpipeline_ln164             (specpipeline     ) [ 00000]
specloopname_ln161             (specloopname     ) [ 00000]
add_ln167                      (add              ) [ 00000]
icmp_ln169                     (icmp             ) [ 01100]
br_ln169                       (br               ) [ 00000]
trunc_ln177                    (trunc            ) [ 01100]
cmp111                         (icmp             ) [ 01110]
CRpix                          (trunc            ) [ 01110]
odd_col                        (trunc            ) [ 01110]
tmp                            (bitselect        ) [ 01111]
br_ln281                       (br               ) [ 00000]
store_ln131                    (store            ) [ 00000]
p_0_0_0200352_out_load         (load             ) [ 00000]
p_0_0_0199354_out_load         (load             ) [ 00000]
srcLayer1Yuv422_read           (read             ) [ 00000]
trunc_ln171                    (trunc            ) [ 00000]
trunc_ln171_1                  (partselect       ) [ 00000]
select_ln177                   (select           ) [ 00000]
select_ln177_1                 (select           ) [ 00000]
store_ln171                    (store            ) [ 00000]
store_ln177                    (store            ) [ 00000]
store_ln177                    (store            ) [ 00000]
br_ln186                       (br               ) [ 00000]
p_0_0_0_0_0207_2360_load       (load             ) [ 01001]
p_0_0_0_0_0207_3361_load       (load             ) [ 00000]
p_0_0_0_0_0207_4362_load       (load             ) [ 00000]
p_0_0_0206358363_load          (load             ) [ 00000]
speclooptripcount_ln0          (speclooptripcount) [ 00000]
p_0_0_0_0_0205_1367_out_load   (load             ) [ 00000]
p_0_0_0_0_0_1374_out_load      (load             ) [ 00000]
p_0_0_0_0_0205_2381_out_load   (load             ) [ 00000]
p_0_0_0_0_0_2384_out_load      (load             ) [ 00000]
p_0_0_0200353387_out_load      (load             ) [ 00000]
p_0_0_0199355390_out_load      (load             ) [ 00000]
p_0_0_0200352_out_load_1       (load             ) [ 00000]
p_0_0_0199354_out_load_1       (load             ) [ 00000]
select_ln222                   (select           ) [ 00000]
select_ln222_1                 (select           ) [ 00000]
select_ln222_2                 (select           ) [ 00000]
select_ln222_3                 (select           ) [ 00000]
select_ln222_4                 (select           ) [ 00000]
select_ln222_5                 (select           ) [ 00000]
select_ln242                   (select           ) [ 00000]
select_ln242_1                 (select           ) [ 00000]
select_ln242_2                 (select           ) [ 00000]
select_ln242_3                 (select           ) [ 00000]
select_ln242_4                 (select           ) [ 00000]
select_ln242_5                 (select           ) [ 00000]
zext_ln270                     (zext             ) [ 00000]
zext_ln270_1                   (zext             ) [ 00000]
add_ln270                      (add              ) [ 00000]
add_ln270_1                    (add              ) [ 00000]
trunc_ln                       (partselect       ) [ 00000]
zext_ln271                     (zext             ) [ 00000]
zext_ln271_1                   (zext             ) [ 00000]
add_ln271                      (add              ) [ 00000]
add_ln271_1                    (add              ) [ 00000]
trunc_ln1                      (partselect       ) [ 00000]
conv3_i_i74392                 (select           ) [ 01001]
outpix_0_2_0_0_0_load          (select           ) [ 01001]
p_0_0_0206357_load             (load             ) [ 00000]
store_ln0                      (store            ) [ 00000]
store_ln0                      (store            ) [ 00000]
store_ln0                      (store            ) [ 00000]
store_ln0                      (store            ) [ 00000]
store_ln242                    (store            ) [ 00000]
store_ln242                    (store            ) [ 00000]
store_ln242                    (store            ) [ 00000]
store_ln242                    (store            ) [ 00000]
store_ln242                    (store            ) [ 00000]
store_ln242                    (store            ) [ 00000]
p_0_0_0_0_0207_1359_out_load   (load             ) [ 00000]
or_ln283_3                     (bitconcatenate   ) [ 00000]
write_ln283                    (write            ) [ 00000]
br_ln284                       (br               ) [ 00000]
store_ln0                      (store            ) [ 00000]
br_ln161                       (br               ) [ 00000]
write_ln0                      (write            ) [ 00000]
store_ln0                      (store            ) [ 00000]
store_ln0                      (store            ) [ 00000]
store_ln0                      (store            ) [ 00000]
ret_ln0                        (ret              ) [ 00000]
</LifeTime>

<model>

<comp_list>
<comp id="0" class="1000" name="p_0_0_0206358_lcssa364426">
<pin_list>
<pin id="1" dir="1" index="0" bw="1" slack="0"/>
</pin_list>
<bind>
<StgValue><ssdm name="p_0_0_0206358_lcssa364426"/></StgValue>
</bind>
</comp>

<comp id="2" class="1000" name="p_0_0_0_0_0207_4_lcssa423">
<pin_list>
<pin id="3" dir="1" index="0" bw="1" slack="0"/>
</pin_list>
<bind>
<StgValue><ssdm name="p_0_0_0_0_0207_4_lcssa423"/></StgValue>
</bind>
</comp>

<comp id="4" class="1000" name="p_0_0_0_0_0207_3_lcssa420">
<pin_list>
<pin id="5" dir="1" index="0" bw="1" slack="0"/>
</pin_list>
<bind>
<StgValue><ssdm name="p_0_0_0_0_0207_3_lcssa420"/></StgValue>
</bind>
</comp>

<comp id="6" class="1000" name="p_0_0_0_0_0207_2_lcssa417">
<pin_list>
<pin id="7" dir="1" index="0" bw="1" slack="0"/>
</pin_list>
<bind>
<StgValue><ssdm name="p_0_0_0_0_0207_2_lcssa417"/></StgValue>
</bind>
</comp>

<comp id="8" class="1000" name="p_0_0_0206358_lcssa409">
<pin_list>
<pin id="9" dir="1" index="0" bw="1" slack="0"/>
</pin_list>
<bind>
<StgValue><ssdm name="p_0_0_0206358_lcssa409"/></StgValue>
</bind>
</comp>

<comp id="10" class="1000" name="loopWidth">
<pin_list>
<pin id="11" dir="1" index="0" bw="1" slack="0"/>
</pin_list>
<bind>
<StgValue><ssdm name="loopWidth"/></StgValue>
</bind>
</comp>

<comp id="12" class="1000" name="srcLayer1Yuv">
<pin_list>
<pin id="13" dir="1" index="0" bw="1" slack="0"/>
</pin_list>
<bind>
<StgValue><ssdm name="srcLayer1Yuv"/></StgValue>
</bind>
</comp>

<comp id="14" class="1000" name="width">
<pin_list>
<pin id="15" dir="1" index="0" bw="1" slack="0"/>
</pin_list>
<bind>
<StgValue><ssdm name="width"/></StgValue>
</bind>
</comp>

<comp id="16" class="1000" name="srcLayer1Yuv422">
<pin_list>
<pin id="17" dir="1" index="0" bw="1" slack="0"/>
</pin_list>
<bind>
<StgValue><ssdm name="srcLayer1Yuv422"/></StgValue>
</bind>
</comp>

<comp id="18" class="1000" name="p_0_0_0199355390_out">
<pin_list>
<pin id="19" dir="1" index="0" bw="1" slack="0"/>
</pin_list>
<bind>
<StgValue><ssdm name="p_0_0_0199355390_out"/></StgValue>
</bind>
</comp>

<comp id="20" class="1000" name="p_0_0_0200353387_out">
<pin_list>
<pin id="21" dir="1" index="0" bw="1" slack="0"/>
</pin_list>
<bind>
<StgValue><ssdm name="p_0_0_0200353387_out"/></StgValue>
</bind>
</comp>

<comp id="22" class="1000" name="p_0_0_0_0_0_2384_out">
<pin_list>
<pin id="23" dir="1" index="0" bw="1" slack="0"/>
</pin_list>
<bind>
<StgValue><ssdm name="p_0_0_0_0_0_2384_out"/></StgValue>
</bind>
</comp>

<comp id="24" class="1000" name="p_0_0_0_0_0205_2381_out">
<pin_list>
<pin id="25" dir="1" index="0" bw="1" slack="0"/>
</pin_list>
<bind>
<StgValue><ssdm name="p_0_0_0_0_0205_2381_out"/></StgValue>
</bind>
</comp>

<comp id="26" class="1000" name="p_0_0_0_0_0_1374_out">
<pin_list>
<pin id="27" dir="1" index="0" bw="1" slack="0"/>
</pin_list>
<bind>
<StgValue><ssdm name="p_0_0_0_0_0_1374_out"/></StgValue>
</bind>
</comp>

<comp id="28" class="1000" name="p_0_0_0_0_0205_1367_out">
<pin_list>
<pin id="29" dir="1" index="0" bw="1" slack="0"/>
</pin_list>
<bind>
<StgValue><ssdm name="p_0_0_0_0_0205_1367_out"/></StgValue>
</bind>
</comp>

<comp id="30" class="1000" name="p_0_0_0206358363_out">
<pin_list>
<pin id="31" dir="1" index="0" bw="1" slack="0"/>
</pin_list>
<bind>
<StgValue><ssdm name="p_0_0_0206358363_out"/></StgValue>
</bind>
</comp>

<comp id="32" class="1000" name="p_0_0_0_0_0207_4362_out">
<pin_list>
<pin id="33" dir="1" index="0" bw="1" slack="0"/>
</pin_list>
<bind>
<StgValue><ssdm name="p_0_0_0_0_0207_4362_out"/></StgValue>
</bind>
</comp>

<comp id="34" class="1000" name="p_0_0_0_0_0207_3361_out">
<pin_list>
<pin id="35" dir="1" index="0" bw="1" slack="0"/>
</pin_list>
<bind>
<StgValue><ssdm name="p_0_0_0_0_0207_3361_out"/></StgValue>
</bind>
</comp>

<comp id="36" class="1000" name="p_0_0_0_0_0207_2360_out">
<pin_list>
<pin id="37" dir="1" index="0" bw="1" slack="0"/>
</pin_list>
<bind>
<StgValue><ssdm name="p_0_0_0_0_0207_2360_out"/></StgValue>
</bind>
</comp>

<comp id="38" class="1000" name="p_0_0_0_0_0207_1359_out">
<pin_list>
<pin id="39" dir="1" index="0" bw="1" slack="0"/>
</pin_list>
<bind>
<StgValue><ssdm name="p_0_0_0_0_0207_1359_out"/></StgValue>
</bind>
</comp>

<comp id="40" class="1000" name="p_0_0_0199354_out">
<pin_list>
<pin id="41" dir="1" index="0" bw="1" slack="0"/>
</pin_list>
<bind>
<StgValue><ssdm name="p_0_0_0199354_out"/></StgValue>
</bind>
</comp>

<comp id="42" class="1000" name="p_0_0_0200352_out">
<pin_list>
<pin id="43" dir="1" index="0" bw="1" slack="0"/>
</pin_list>
<bind>
<StgValue><ssdm name="p_0_0_0200352_out"/></StgValue>
</bind>
</comp>

<comp id="44" class="1001" name="const_44">
<pin_list>
<pin id="45" dir="1" index="0" bw="1" slack="0"/>
</pin_list>
<bind>
<StgValue><ssdm name=""/></StgValue>
</bind>
</comp>

<comp id="46" class="1001" name="const_46">
<pin_list>
<pin id="47" dir="1" index="0" bw="1" slack="2147483647"/>
</pin_list>
<bind>
<StgValue><ssdm name="_ssdm_op_SpecStableContent"/></StgValue>
</bind>
</comp>

<comp id="48" class="1001" name="const_48">
<pin_list>
<pin id="49" dir="1" index="0" bw="1" slack="2147483647"/>
</pin_list>
<bind>
<StgValue><ssdm name=""/></StgValue>
</bind>
</comp>

<comp id="50" class="1001" name="const_50">
<pin_list>
<pin id="51" dir="1" index="0" bw="1" slack="2147483647"/>
</pin_list>
<bind>
<StgValue><ssdm name="p_str"/></StgValue>
</bind>
</comp>

<comp id="52" class="1001" name="const_52">
<pin_list>
<pin id="53" dir="1" index="0" bw="1" slack="2147483647"/>
</pin_list>
<bind>
<StgValue><ssdm name="_ssdm_op_SpecInterface"/></StgValue>
</bind>
</comp>

<comp id="54" class="1001" name="const_54">
<pin_list>
<pin id="55" dir="1" index="0" bw="1" slack="2147483647"/>
</pin_list>
<bind>
<StgValue><ssdm name="empty_42"/></StgValue>
</bind>
</comp>

<comp id="56" class="1001" name="const_56">
<pin_list>
<pin id="57" dir="1" index="0" bw="1" slack="2147483647"/>
</pin_list>
<bind>
<StgValue><ssdm name=""/></StgValue>
</bind>
</comp>

<comp id="58" class="1001" name="const_58">
<pin_list>
<pin id="59" dir="1" index="0" bw="1" slack="2147483647"/>
</pin_list>
<bind>
<StgValue><ssdm name="empty_0"/></StgValue>
</bind>
</comp>

<comp id="60" class="1001" name="const_60">
<pin_list>
<pin id="61" dir="1" index="0" bw="1" slack="2147483647"/>
</pin_list>
<bind>
<StgValue><ssdm name=""/></StgValue>
</bind>
</comp>

<comp id="62" class="1001" name="const_62">
<pin_list>
<pin id="63" dir="1" index="0" bw="1" slack="0"/>
</pin_list>
<bind>
<StgValue><ssdm name="_ssdm_op_Read.ap_auto.i16"/></StgValue>
</bind>
</comp>

<comp id="64" class="1001" name="const_64">
<pin_list>
<pin id="65" dir="1" index="0" bw="1" slack="0"/>
</pin_list>
<bind>
<StgValue><ssdm name="_ssdm_op_Read.ap_auto.i8"/></StgValue>
</bind>
</comp>

<comp id="66" class="1001" name="const_66">
<pin_list>
<pin id="67" dir="1" index="0" bw="1" slack="0"/>
</pin_list>
<bind>
<StgValue><ssdm name=""/></StgValue>
</bind>
</comp>

<comp id="68" class="1001" name="const_68">
<pin_list>
<pin id="69" dir="1" index="0" bw="1" slack="0"/>
</pin_list>
<bind>
<StgValue><ssdm name=""/></StgValue>
</bind>
</comp>

<comp id="70" class="1001" name="const_70">
<pin_list>
<pin id="71" dir="1" index="0" bw="1" slack="2147483647"/>
</pin_list>
<bind>
<StgValue><ssdm name="_ssdm_op_SpecPipeline"/></StgValue>
</bind>
</comp>

<comp id="72" class="1001" name="const_72">
<pin_list>
<pin id="73" dir="1" index="0" bw="1" slack="2147483647"/>
</pin_list>
<bind>
<StgValue><ssdm name="_ssdm_op_SpecLoopName"/></StgValue>
</bind>
</comp>

<comp id="74" class="1001" name="const_74">
<pin_list>
<pin id="75" dir="1" index="0" bw="1" slack="2147483647"/>
</pin_list>
<bind>
<StgValue><ssdm name="empty_33"/></StgValue>
</bind>
</comp>

<comp id="76" class="1001" name="const_76">
<pin_list>
<pin id="77" dir="1" index="0" bw="1" slack="0"/>
</pin_list>
<bind>
<StgValue><ssdm name=""/></StgValue>
</bind>
</comp>

<comp id="78" class="1001" name="const_78">
<pin_list>
<pin id="79" dir="1" index="0" bw="1" slack="0"/>
</pin_list>
<bind>
<StgValue><ssdm name="_ssdm_op_BitSelect.i1.i16.i32"/></StgValue>
</bind>
</comp>

<comp id="80" class="1001" name="const_80">
<pin_list>
<pin id="81" dir="1" index="0" bw="1" slack="0"/>
</pin_list>
<bind>
<StgValue><ssdm name=""/></StgValue>
</bind>
</comp>

<comp id="82" class="1001" name="const_82">
<pin_list>
<pin id="83" dir="1" index="0" bw="1" slack="0"/>
</pin_list>
<bind>
<StgValue><ssdm name="_ssdm_op_Read.ap_fifo.volatile.i24P0A"/></StgValue>
</bind>
</comp>

<comp id="84" class="1001" name="const_84">
<pin_list>
<pin id="85" dir="1" index="0" bw="1" slack="0"/>
</pin_list>
<bind>
<StgValue><ssdm name="_ssdm_op_PartSelect.i8.i24.i32.i32"/></StgValue>
</bind>
</comp>

<comp id="86" class="1001" name="const_86">
<pin_list>
<pin id="87" dir="1" index="0" bw="1" slack="0"/>
</pin_list>
<bind>
<StgValue><ssdm name=""/></StgValue>
</bind>
</comp>

<comp id="88" class="1001" name="const_88">
<pin_list>
<pin id="89" dir="1" index="0" bw="1" slack="2147483647"/>
</pin_list>
<bind>
<StgValue><ssdm name="_ssdm_op_SpecLoopTripCount"/></StgValue>
</bind>
</comp>

<comp id="90" class="1001" name="const_90">
<pin_list>
<pin id="91" dir="1" index="0" bw="1" slack="2147483647"/>
</pin_list>
<bind>
<StgValue><ssdm name=""/></StgValue>
</bind>
</comp>

<comp id="92" class="1001" name="const_92">
<pin_list>
<pin id="93" dir="1" index="0" bw="1" slack="2147483647"/>
</pin_list>
<bind>
<StgValue><ssdm name=""/></StgValue>
</bind>
</comp>

<comp id="94" class="1001" name="const_94">
<pin_list>
<pin id="95" dir="1" index="0" bw="1" slack="0"/>
</pin_list>
<bind>
<StgValue><ssdm name=""/></StgValue>
</bind>
</comp>

<comp id="96" class="1001" name="const_96">
<pin_list>
<pin id="97" dir="1" index="0" bw="1" slack="0"/>
</pin_list>
<bind>
<StgValue><ssdm name="_ssdm_op_PartSelect.i8.i9.i32.i32"/></StgValue>
</bind>
</comp>

<comp id="98" class="1001" name="const_98">
<pin_list>
<pin id="99" dir="1" index="0" bw="1" slack="0"/>
</pin_list>
<bind>
<StgValue><ssdm name="_ssdm_op_BitConcatenate.i24.i8.i8.i8"/></StgValue>
</bind>
</comp>

<comp id="100" class="1001" name="const_100">
<pin_list>
<pin id="101" dir="1" index="0" bw="1" slack="0"/>
</pin_list>
<bind>
<StgValue><ssdm name="_ssdm_op_Write.ap_fifo.volatile.i24P0A"/></StgValue>
</bind>
</comp>

<comp id="102" class="1001" name="const_102">
<pin_list>
<pin id="103" dir="1" index="0" bw="1" slack="0"/>
</pin_list>
<bind>
<StgValue><ssdm name="_ssdm_op_Write.ap_auto.i8P0A"/></StgValue>
</bind>
</comp>

<comp id="104" class="1004" name="x_fu_104">
<pin_list>
<pin id="105" dir="0" index="0" bw="1" slack="0"/>
<pin id="106" dir="1" index="1" bw="15" slack="0"/>
</pin_list>
<bind>
<opcode="alloca(26) " fcode="alloca"/>
<opset="x/1 "/>
</bind>
</comp>

<comp id="108" class="1004" name="p_0_0_0206357_fu_108">
<pin_list>
<pin id="109" dir="0" index="0" bw="1" slack="0"/>
<pin id="110" dir="1" index="1" bw="8" slack="0"/>
</pin_list>
<bind>
<opcode="alloca(26) " fcode="alloca"/>
<opset="p_0_0_0206357/1 "/>
</bind>
</comp>

<comp id="112" class="1004" name="p_0_0_0_0_0207_2360_fu_112">
<pin_list>
<pin id="113" dir="0" index="0" bw="1" slack="0"/>
<pin id="114" dir="1" index="1" bw="8" slack="0"/>
</pin_list>
<bind>
<opcode="alloca(26) " fcode="alloca"/>
<opset="p_0_0_0_0_0207_2360/1 "/>
</bind>
</comp>

<comp id="116" class="1004" name="p_0_0_0_0_0207_3361_fu_116">
<pin_list>
<pin id="117" dir="0" index="0" bw="1" slack="0"/>
<pin id="118" dir="1" index="1" bw="8" slack="0"/>
</pin_list>
<bind>
<opcode="alloca(26) " fcode="alloca"/>
<opset="p_0_0_0_0_0207_3361/1 "/>
</bind>
</comp>

<comp id="120" class="1004" name="p_0_0_0_0_0207_4362_fu_120">
<pin_list>
<pin id="121" dir="0" index="0" bw="1" slack="0"/>
<pin id="122" dir="1" index="1" bw="8" slack="0"/>
</pin_list>
<bind>
<opcode="alloca(26) " fcode="alloca"/>
<opset="p_0_0_0_0_0207_4362/1 "/>
</bind>
</comp>

<comp id="124" class="1004" name="p_0_0_0206358363_fu_124">
<pin_list>
<pin id="125" dir="0" index="0" bw="1" slack="0"/>
<pin id="126" dir="1" index="1" bw="8" slack="0"/>
</pin_list>
<bind>
<opcode="alloca(26) " fcode="alloca"/>
<opset="p_0_0_0206358363/1 "/>
</bind>
</comp>

<comp id="128" class="1004" name="width_read_read_fu_128">
<pin_list>
<pin id="129" dir="0" index="0" bw="16" slack="0"/>
<pin id="130" dir="0" index="1" bw="16" slack="0"/>
<pin id="131" dir="1" index="2" bw="16" slack="0"/>
</pin_list>
<bind>
<opcode="read(1150) " fcode="read"/>
<opset="width_read/1 "/>
</bind>
</comp>

<comp id="134" class="1004" name="loopWidth_read_read_fu_134">
<pin_list>
<pin id="135" dir="0" index="0" bw="16" slack="0"/>
<pin id="136" dir="0" index="1" bw="16" slack="0"/>
<pin id="137" dir="1" index="2" bw="16" slack="0"/>
</pin_list>
<bind>
<opcode="read(1150) " fcode="read"/>
<opset="loopWidth_read/1 "/>
</bind>
</comp>

<comp id="140" class="1004" name="p_0_0_0206358_lcssa409_read_read_fu_140">
<pin_list>
<pin id="141" dir="0" index="0" bw="8" slack="0"/>
<pin id="142" dir="0" index="1" bw="8" slack="0"/>
<pin id="143" dir="1" index="2" bw="8" slack="0"/>
</pin_list>
<bind>
<opcode="read(1150) " fcode="read"/>
<opset="p_0_0_0206358_lcssa409_read/1 "/>
</bind>
</comp>

<comp id="146" class="1004" name="p_0_0_0_0_0207_2_lcssa417_read_read_fu_146">
<pin_list>
<pin id="147" dir="0" index="0" bw="8" slack="0"/>
<pin id="148" dir="0" index="1" bw="8" slack="0"/>
<pin id="149" dir="1" index="2" bw="8" slack="0"/>
</pin_list>
<bind>
<opcode="read(1150) " fcode="read"/>
<opset="p_0_0_0_0_0207_2_lcssa417_read/1 "/>
</bind>
</comp>

<comp id="152" class="1004" name="p_0_0_0_0_0207_3_lcssa420_read_read_fu_152">
<pin_list>
<pin id="153" dir="0" index="0" bw="8" slack="0"/>
<pin id="154" dir="0" index="1" bw="8" slack="0"/>
<pin id="155" dir="1" index="2" bw="8" slack="0"/>
</pin_list>
<bind>
<opcode="read(1150) " fcode="read"/>
<opset="p_0_0_0_0_0207_3_lcssa420_read/1 "/>
</bind>
</comp>

<comp id="158" class="1004" name="p_0_0_0_0_0207_4_lcssa423_read_read_fu_158">
<pin_list>
<pin id="159" dir="0" index="0" bw="8" slack="0"/>
<pin id="160" dir="0" index="1" bw="8" slack="0"/>
<pin id="161" dir="1" index="2" bw="8" slack="0"/>
</pin_list>
<bind>
<opcode="read(1150) " fcode="read"/>
<opset="p_0_0_0_0_0207_4_lcssa423_read/1 "/>
</bind>
</comp>

<comp id="164" class="1004" name="p_0_0_0206358_lcssa364426_read_read_fu_164">
<pin_list>
<pin id="165" dir="0" index="0" bw="8" slack="0"/>
<pin id="166" dir="0" index="1" bw="8" slack="0"/>
<pin id="167" dir="1" index="2" bw="8" slack="0"/>
</pin_list>
<bind>
<opcode="read(1150) " fcode="read"/>
<opset="p_0_0_0206358_lcssa364426_read/1 "/>
</bind>
</comp>

<comp id="170" class="1004" name="srcLayer1Yuv422_read_read_fu_170">
<pin_list>
<pin id="171" dir="0" index="0" bw="24" slack="0"/>
<pin id="172" dir="0" index="1" bw="24" slack="0"/>
<pin id="173" dir="1" index="2" bw="24" slack="0"/>
</pin_list>
<bind>
<opcode="read(1150) " fcode="read"/>
<opset="srcLayer1Yuv422_read/2 "/>
</bind>
</comp>

<comp id="176" class="1004" name="write_ln283_write_fu_176">
<pin_list>
<pin id="177" dir="0" index="0" bw="0" slack="0"/>
<pin id="178" dir="0" index="1" bw="24" slack="0"/>
<pin id="179" dir="0" index="2" bw="24" slack="0"/>
<pin id="180" dir="1" index="3" bw="0" slack="2147483647"/>
</pin_list>
<bind>
<opcode="write(1151) " fcode="write"/>
<opset="write_ln283/4 "/>
</bind>
</comp>

<comp id="183" class="1004" name="write_ln0_write_fu_183">
<pin_list>
<pin id="184" dir="0" index="0" bw="0" slack="0"/>
<pin id="185" dir="0" index="1" bw="8" slack="0"/>
<pin id="186" dir="0" index="2" bw="8" slack="0"/>
<pin id="187" dir="1" index="3" bw="0" slack="2147483647"/>
</pin_list>
<bind>
<opcode="write(1151) " fcode="write"/>
<opset="write_ln0/3 "/>
</bind>
</comp>

<comp id="190" class="1004" name="store_ln125_store_fu_190">
<pin_list>
<pin id="191" dir="0" index="0" bw="8" slack="0"/>
<pin id="192" dir="0" index="1" bw="8" slack="0"/>
<pin id="193" dir="1" index="2" bw="0" slack="2147483647"/>
</pin_list>
<bind>
<opcode="store(28) " fcode="store"/>
<opset="store_ln125/1 "/>
</bind>
</comp>

<comp id="195" class="1004" name="store_ln125_store_fu_195">
<pin_list>
<pin id="196" dir="0" index="0" bw="8" slack="0"/>
<pin id="197" dir="0" index="1" bw="8" slack="0"/>
<pin id="198" dir="1" index="2" bw="0" slack="2147483647"/>
</pin_list>
<bind>
<opcode="store(28) " fcode="store"/>
<opset="store_ln125/1 "/>
</bind>
</comp>

<comp id="200" class="1004" name="store_ln125_store_fu_200">
<pin_list>
<pin id="201" dir="0" index="0" bw="8" slack="0"/>
<pin id="202" dir="0" index="1" bw="8" slack="0"/>
<pin id="203" dir="1" index="2" bw="0" slack="2147483647"/>
</pin_list>
<bind>
<opcode="store(28) " fcode="store"/>
<opset="store_ln125/1 "/>
</bind>
</comp>

<comp id="205" class="1004" name="store_ln125_store_fu_205">
<pin_list>
<pin id="206" dir="0" index="0" bw="8" slack="0"/>
<pin id="207" dir="0" index="1" bw="8" slack="0"/>
<pin id="208" dir="1" index="2" bw="0" slack="2147483647"/>
</pin_list>
<bind>
<opcode="store(28) " fcode="store"/>
<opset="store_ln125/1 "/>
</bind>
</comp>

<comp id="210" class="1004" name="store_ln125_store_fu_210">
<pin_list>
<pin id="211" dir="0" index="0" bw="8" slack="0"/>
<pin id="212" dir="0" index="1" bw="8" slack="0"/>
<pin id="213" dir="1" index="2" bw="0" slack="2147483647"/>
</pin_list>
<bind>
<opcode="store(28) " fcode="store"/>
<opset="store_ln125/1 "/>
</bind>
</comp>

<comp id="215" class="1004" name="store_ln131_store_fu_215">
<pin_list>
<pin id="216" dir="0" index="0" bw="1" slack="0"/>
<pin id="217" dir="0" index="1" bw="15" slack="0"/>
<pin id="218" dir="1" index="2" bw="0" slack="2147483647"/>
</pin_list>
<bind>
<opcode="store(28) " fcode="store"/>
<opset="store_ln131/1 "/>
</bind>
</comp>

<comp id="220" class="1004" name="x_15_load_fu_220">
<pin_list>
<pin id="221" dir="0" index="0" bw="15" slack="0"/>
<pin id="222" dir="1" index="1" bw="15" slack="0"/>
</pin_list>
<bind>
<opcode="load(27) " fcode="load"/>
<opset="x_15/1 "/>
</bind>
</comp>

<comp id="223" class="1004" name="zext_ln161_fu_223">
<pin_list>
<pin id="224" dir="0" index="0" bw="15" slack="0"/>
<pin id="225" dir="1" index="1" bw="16" slack="0"/>
</pin_list>
<bind>
<opcode="zext(34) " fcode="zext"/>
<opset="zext_ln161/1 "/>
</bind>
</comp>

<comp id="227" class="1004" name="icmp_ln161_fu_227">
<pin_list>
<pin id="228" dir="0" index="0" bw="15" slack="0"/>
<pin id="229" dir="0" index="1" bw="16" slack="0"/>
<pin id="230" dir="1" index="2" bw="1" slack="1"/>
</pin_list>
<bind>
<opcode="icmp(45) " fcode="icmp"/>
<opset="icmp_ln161/1 "/>
</bind>
</comp>

<comp id="233" class="1004" name="add_ln161_fu_233">
<pin_list>
<pin id="234" dir="0" index="0" bw="15" slack="0"/>
<pin id="235" dir="0" index="1" bw="1" slack="0"/>
<pin id="236" dir="1" index="2" bw="15" slack="0"/>
</pin_list>
<bind>
<opcode="add(8) " fcode="add"/>
<opset="add_ln161/1 "/>
</bind>
</comp>

<comp id="239" class="1004" name="add_ln167_fu_239">
<pin_list>
<pin id="240" dir="0" index="0" bw="15" slack="0"/>
<pin id="241" dir="0" index="1" bw="4" slack="0"/>
<pin id="242" dir="1" index="2" bw="16" slack="0"/>
</pin_list>
<bind>
<opcode="add(8) " fcode="add"/>
<opset="add_ln167/1 "/>
</bind>
</comp>

<comp id="245" class="1004" name="icmp_ln169_fu_245">
<pin_list>
<pin id="246" dir="0" index="0" bw="15" slack="0"/>
<pin id="247" dir="0" index="1" bw="16" slack="0"/>
<pin id="248" dir="1" index="2" bw="1" slack="1"/>
</pin_list>
<bind>
<opcode="icmp(45) " fcode="icmp"/>
<opset="icmp_ln169/1 "/>
</bind>
</comp>

<comp id="251" class="1004" name="trunc_ln177_fu_251">
<pin_list>
<pin id="252" dir="0" index="0" bw="15" slack="0"/>
<pin id="253" dir="1" index="1" bw="1" slack="1"/>
</pin_list>
<bind>
<opcode="trunc(33) " fcode="trunc"/>
<opset="trunc_ln177/1 "/>
</bind>
</comp>

<comp id="255" class="1004" name="cmp111_fu_255">
<pin_list>
<pin id="256" dir="0" index="0" bw="15" slack="0"/>
<pin id="257" dir="0" index="1" bw="1" slack="0"/>
<pin id="258" dir="1" index="2" bw="1" slack="2"/>
</pin_list>
<bind>
<opcode="icmp(45) " fcode="icmp"/>
<opset="cmp111/1 "/>
</bind>
</comp>

<comp id="261" class="1004" name="CRpix_fu_261">
<pin_list>
<pin id="262" dir="0" index="0" bw="15" slack="0"/>
<pin id="263" dir="1" index="1" bw="1" slack="2"/>
</pin_list>
<bind>
<opcode="trunc(33) " fcode="trunc"/>
<opset="CRpix/1 "/>
</bind>
</comp>

<comp id="265" class="1004" name="odd_col_fu_265">
<pin_list>
<pin id="266" dir="0" index="0" bw="16" slack="0"/>
<pin id="267" dir="1" index="1" bw="1" slack="2"/>
</pin_list>
<bind>
<opcode="trunc(33) " fcode="trunc"/>
<opset="odd_col/1 "/>
</bind>
</comp>

<comp id="269" class="1004" name="tmp_fu_269">
<pin_list>
<pin id="270" dir="0" index="0" bw="1" slack="0"/>
<pin id="271" dir="0" index="1" bw="16" slack="0"/>
<pin id="272" dir="0" index="2" bw="5" slack="0"/>
<pin id="273" dir="1" index="3" bw="1" slack="3"/>
</pin_list>
<bind>
<opcode="bitselect(1000) " fcode="bitselect"/>
<opset="tmp/1 "/>
</bind>
</comp>

<comp id="277" class="1004" name="store_ln131_store_fu_277">
<pin_list>
<pin id="278" dir="0" index="0" bw="15" slack="0"/>
<pin id="279" dir="0" index="1" bw="15" slack="0"/>
<pin id="280" dir="1" index="2" bw="0" slack="2147483647"/>
</pin_list>
<bind>
<opcode="store(28) " fcode="store"/>
<opset="store_ln131/1 "/>
</bind>
</comp>

<comp id="282" class="1004" name="p_0_0_0200352_out_load_load_fu_282">
<pin_list>
<pin id="283" dir="0" index="0" bw="8" slack="0"/>
<pin id="284" dir="1" index="1" bw="8" slack="0"/>
</pin_list>
<bind>
<opcode="load(27) " fcode="load"/>
<opset="p_0_0_0200352_out_load/2 "/>
</bind>
</comp>

<comp id="286" class="1004" name="p_0_0_0199354_out_load_load_fu_286">
<pin_list>
<pin id="287" dir="0" index="0" bw="8" slack="0"/>
<pin id="288" dir="1" index="1" bw="8" slack="0"/>
</pin_list>
<bind>
<opcode="load(27) " fcode="load"/>
<opset="p_0_0_0199354_out_load/2 "/>
</bind>
</comp>

<comp id="290" class="1004" name="trunc_ln171_fu_290">
<pin_list>
<pin id="291" dir="0" index="0" bw="24" slack="0"/>
<pin id="292" dir="1" index="1" bw="8" slack="0"/>
</pin_list>
<bind>
<opcode="trunc(33) " fcode="trunc"/>
<opset="trunc_ln171/2 "/>
</bind>
</comp>

<comp id="294" class="1004" name="trunc_ln171_1_fu_294">
<pin_list>
<pin id="295" dir="0" index="0" bw="8" slack="0"/>
<pin id="296" dir="0" index="1" bw="24" slack="0"/>
<pin id="297" dir="0" index="2" bw="5" slack="0"/>
<pin id="298" dir="0" index="3" bw="5" slack="0"/>
<pin id="299" dir="1" index="4" bw="8" slack="0"/>
</pin_list>
<bind>
<opcode="partselect(1002) " fcode="partselect"/>
<opset="trunc_ln171_1/2 "/>
</bind>
</comp>

<comp id="304" class="1004" name="select_ln177_fu_304">
<pin_list>
<pin id="305" dir="0" index="0" bw="1" slack="1"/>
<pin id="306" dir="0" index="1" bw="8" slack="0"/>
<pin id="307" dir="0" index="2" bw="8" slack="0"/>
<pin id="308" dir="1" index="3" bw="8" slack="0"/>
</pin_list>
<bind>
<opcode="select(49) " fcode="select"/>
<opset="select_ln177/2 "/>
</bind>
</comp>

<comp id="311" class="1004" name="select_ln177_1_fu_311">
<pin_list>
<pin id="312" dir="0" index="0" bw="1" slack="1"/>
<pin id="313" dir="0" index="1" bw="8" slack="0"/>
<pin id="314" dir="0" index="2" bw="8" slack="0"/>
<pin id="315" dir="1" index="3" bw="8" slack="0"/>
</pin_list>
<bind>
<opcode="select(49) " fcode="select"/>
<opset="select_ln177_1/2 "/>
</bind>
</comp>

<comp id="318" class="1004" name="store_ln171_store_fu_318">
<pin_list>
<pin id="319" dir="0" index="0" bw="8" slack="0"/>
<pin id="320" dir="0" index="1" bw="8" slack="1"/>
<pin id="321" dir="1" index="2" bw="0" slack="2147483647"/>
</pin_list>
<bind>
<opcode="store(28) " fcode="store"/>
<opset="store_ln171/2 "/>
</bind>
</comp>

<comp id="323" class="1004" name="store_ln177_store_fu_323">
<pin_list>
<pin id="324" dir="0" index="0" bw="8" slack="0"/>
<pin id="325" dir="0" index="1" bw="8" slack="0"/>
<pin id="326" dir="1" index="2" bw="0" slack="2147483647"/>
</pin_list>
<bind>
<opcode="store(28) " fcode="store"/>
<opset="store_ln177/2 "/>
</bind>
</comp>

<comp id="329" class="1004" name="store_ln177_store_fu_329">
<pin_list>
<pin id="330" dir="0" index="0" bw="8" slack="0"/>
<pin id="331" dir="0" index="1" bw="8" slack="0"/>
<pin id="332" dir="1" index="2" bw="0" slack="2147483647"/>
</pin_list>
<bind>
<opcode="store(28) " fcode="store"/>
<opset="store_ln177/2 "/>
</bind>
</comp>

<comp id="335" class="1004" name="p_0_0_0_0_0207_2360_load_load_fu_335">
<pin_list>
<pin id="336" dir="0" index="0" bw="8" slack="2"/>
<pin id="337" dir="1" index="1" bw="8" slack="0"/>
</pin_list>
<bind>
<opcode="load(27) " fcode="load"/>
<opset="p_0_0_0_0_0207_2360_load/3 "/>
</bind>
</comp>

<comp id="338" class="1004" name="p_0_0_0_0_0207_3361_load_load_fu_338">
<pin_list>
<pin id="339" dir="0" index="0" bw="8" slack="2"/>
<pin id="340" dir="1" index="1" bw="8" slack="0"/>
</pin_list>
<bind>
<opcode="load(27) " fcode="load"/>
<opset="p_0_0_0_0_0207_3361_load/3 "/>
</bind>
</comp>

<comp id="341" class="1004" name="p_0_0_0_0_0207_4362_load_load_fu_341">
<pin_list>
<pin id="342" dir="0" index="0" bw="8" slack="2"/>
<pin id="343" dir="1" index="1" bw="8" slack="0"/>
</pin_list>
<bind>
<opcode="load(27) " fcode="load"/>
<opset="p_0_0_0_0_0207_4362_load/3 "/>
</bind>
</comp>

<comp id="344" class="1004" name="p_0_0_0206358363_load_load_fu_344">
<pin_list>
<pin id="345" dir="0" index="0" bw="8" slack="2"/>
<pin id="346" dir="1" index="1" bw="8" slack="0"/>
</pin_list>
<bind>
<opcode="load(27) " fcode="load"/>
<opset="p_0_0_0206358363_load/3 "/>
</bind>
</comp>

<comp id="348" class="1004" name="p_0_0_0_0_0205_1367_out_load_load_fu_348">
<pin_list>
<pin id="349" dir="0" index="0" bw="8" slack="0"/>
<pin id="350" dir="1" index="1" bw="8" slack="0"/>
</pin_list>
<bind>
<opcode="load(27) " fcode="load"/>
<opset="p_0_0_0_0_0205_1367_out_load/3 "/>
</bind>
</comp>

<comp id="352" class="1004" name="p_0_0_0_0_0_1374_out_load_load_fu_352">
<pin_list>
<pin id="353" dir="0" index="0" bw="8" slack="0"/>
<pin id="354" dir="1" index="1" bw="8" slack="0"/>
</pin_list>
<bind>
<opcode="load(27) " fcode="load"/>
<opset="p_0_0_0_0_0_1374_out_load/3 "/>
</bind>
</comp>

<comp id="356" class="1004" name="p_0_0_0_0_0205_2381_out_load_load_fu_356">
<pin_list>
<pin id="357" dir="0" index="0" bw="8" slack="0"/>
<pin id="358" dir="1" index="1" bw="8" slack="0"/>
</pin_list>
<bind>
<opcode="load(27) " fcode="load"/>
<opset="p_0_0_0_0_0205_2381_out_load/3 "/>
</bind>
</comp>

<comp id="360" class="1004" name="p_0_0_0_0_0_2384_out_load_load_fu_360">
<pin_list>
<pin id="361" dir="0" index="0" bw="8" slack="0"/>
<pin id="362" dir="1" index="1" bw="8" slack="0"/>
</pin_list>
<bind>
<opcode="load(27) " fcode="load"/>
<opset="p_0_0_0_0_0_2384_out_load/3 "/>
</bind>
</comp>

<comp id="364" class="1004" name="p_0_0_0200353387_out_load_load_fu_364">
<pin_list>
<pin id="365" dir="0" index="0" bw="8" slack="0"/>
<pin id="366" dir="1" index="1" bw="8" slack="0"/>
</pin_list>
<bind>
<opcode="load(27) " fcode="load"/>
<opset="p_0_0_0200353387_out_load/3 "/>
</bind>
</comp>

<comp id="368" class="1004" name="p_0_0_0199355390_out_load_load_fu_368">
<pin_list>
<pin id="369" dir="0" index="0" bw="8" slack="0"/>
<pin id="370" dir="1" index="1" bw="8" slack="0"/>
</pin_list>
<bind>
<opcode="load(27) " fcode="load"/>
<opset="p_0_0_0199355390_out_load/3 "/>
</bind>
</comp>

<comp id="372" class="1004" name="p_0_0_0200352_out_load_1_load_fu_372">
<pin_list>
<pin id="373" dir="0" index="0" bw="8" slack="0"/>
<pin id="374" dir="1" index="1" bw="8" slack="0"/>
</pin_list>
<bind>
<opcode="load(27) " fcode="load"/>
<opset="p_0_0_0200352_out_load_1/3 "/>
</bind>
</comp>

<comp id="376" class="1004" name="p_0_0_0199354_out_load_1_load_fu_376">
<pin_list>
<pin id="377" dir="0" index="0" bw="8" slack="0"/>
<pin id="378" dir="1" index="1" bw="8" slack="0"/>
</pin_list>
<bind>
<opcode="load(27) " fcode="load"/>
<opset="p_0_0_0199354_out_load_1/3 "/>
</bind>
</comp>

<comp id="380" class="1004" name="select_ln222_fu_380">
<pin_list>
<pin id="381" dir="0" index="0" bw="1" slack="2"/>
<pin id="382" dir="0" index="1" bw="8" slack="0"/>
<pin id="383" dir="0" index="2" bw="8" slack="0"/>
<pin id="384" dir="1" index="3" bw="8" slack="0"/>
</pin_list>
<bind>
<opcode="select(49) " fcode="select"/>
<opset="select_ln222/3 "/>
</bind>
</comp>

<comp id="387" class="1004" name="select_ln222_1_fu_387">
<pin_list>
<pin id="388" dir="0" index="0" bw="1" slack="2"/>
<pin id="389" dir="0" index="1" bw="8" slack="0"/>
<pin id="390" dir="0" index="2" bw="8" slack="0"/>
<pin id="391" dir="1" index="3" bw="8" slack="0"/>
</pin_list>
<bind>
<opcode="select(49) " fcode="select"/>
<opset="select_ln222_1/3 "/>
</bind>
</comp>

<comp id="394" class="1004" name="select_ln222_2_fu_394">
<pin_list>
<pin id="395" dir="0" index="0" bw="1" slack="2"/>
<pin id="396" dir="0" index="1" bw="8" slack="0"/>
<pin id="397" dir="0" index="2" bw="8" slack="0"/>
<pin id="398" dir="1" index="3" bw="8" slack="0"/>
</pin_list>
<bind>
<opcode="select(49) " fcode="select"/>
<opset="select_ln222_2/3 "/>
</bind>
</comp>

<comp id="401" class="1004" name="select_ln222_3_fu_401">
<pin_list>
<pin id="402" dir="0" index="0" bw="1" slack="2"/>
<pin id="403" dir="0" index="1" bw="8" slack="0"/>
<pin id="404" dir="0" index="2" bw="8" slack="0"/>
<pin id="405" dir="1" index="3" bw="8" slack="0"/>
</pin_list>
<bind>
<opcode="select(49) " fcode="select"/>
<opset="select_ln222_3/3 "/>
</bind>
</comp>

<comp id="408" class="1004" name="select_ln222_4_fu_408">
<pin_list>
<pin id="409" dir="0" index="0" bw="1" slack="2"/>
<pin id="410" dir="0" index="1" bw="8" slack="0"/>
<pin id="411" dir="0" index="2" bw="8" slack="0"/>
<pin id="412" dir="1" index="3" bw="8" slack="0"/>
</pin_list>
<bind>
<opcode="select(49) " fcode="select"/>
<opset="select_ln222_4/3 "/>
</bind>
</comp>

<comp id="415" class="1004" name="select_ln222_5_fu_415">
<pin_list>
<pin id="416" dir="0" index="0" bw="1" slack="2"/>
<pin id="417" dir="0" index="1" bw="8" slack="0"/>
<pin id="418" dir="0" index="2" bw="8" slack="0"/>
<pin id="419" dir="1" index="3" bw="8" slack="0"/>
</pin_list>
<bind>
<opcode="select(49) " fcode="select"/>
<opset="select_ln222_5/3 "/>
</bind>
</comp>

<comp id="422" class="1004" name="select_ln242_fu_422">
<pin_list>
<pin id="423" dir="0" index="0" bw="1" slack="2"/>
<pin id="424" dir="0" index="1" bw="8" slack="0"/>
<pin id="425" dir="0" index="2" bw="8" slack="0"/>
<pin id="426" dir="1" index="3" bw="8" slack="0"/>
</pin_list>
<bind>
<opcode="select(49) " fcode="select"/>
<opset="select_ln242/3 "/>
</bind>
</comp>

<comp id="429" class="1004" name="select_ln242_1_fu_429">
<pin_list>
<pin id="430" dir="0" index="0" bw="1" slack="2"/>
<pin id="431" dir="0" index="1" bw="8" slack="0"/>
<pin id="432" dir="0" index="2" bw="8" slack="0"/>
<pin id="433" dir="1" index="3" bw="8" slack="0"/>
</pin_list>
<bind>
<opcode="select(49) " fcode="select"/>
<opset="select_ln242_1/3 "/>
</bind>
</comp>

<comp id="436" class="1004" name="select_ln242_2_fu_436">
<pin_list>
<pin id="437" dir="0" index="0" bw="1" slack="2"/>
<pin id="438" dir="0" index="1" bw="8" slack="0"/>
<pin id="439" dir="0" index="2" bw="8" slack="0"/>
<pin id="440" dir="1" index="3" bw="8" slack="0"/>
</pin_list>
<bind>
<opcode="select(49) " fcode="select"/>
<opset="select_ln242_2/3 "/>
</bind>
</comp>

<comp id="443" class="1004" name="select_ln242_3_fu_443">
<pin_list>
<pin id="444" dir="0" index="0" bw="1" slack="2"/>
<pin id="445" dir="0" index="1" bw="8" slack="0"/>
<pin id="446" dir="0" index="2" bw="8" slack="0"/>
<pin id="447" dir="1" index="3" bw="8" slack="0"/>
</pin_list>
<bind>
<opcode="select(49) " fcode="select"/>
<opset="select_ln242_3/3 "/>
</bind>
</comp>

<comp id="450" class="1004" name="select_ln242_4_fu_450">
<pin_list>
<pin id="451" dir="0" index="0" bw="1" slack="2"/>
<pin id="452" dir="0" index="1" bw="8" slack="0"/>
<pin id="453" dir="0" index="2" bw="8" slack="0"/>
<pin id="454" dir="1" index="3" bw="8" slack="0"/>
</pin_list>
<bind>
<opcode="select(49) " fcode="select"/>
<opset="select_ln242_4/3 "/>
</bind>
</comp>

<comp id="457" class="1004" name="select_ln242_5_fu_457">
<pin_list>
<pin id="458" dir="0" index="0" bw="1" slack="2"/>
<pin id="459" dir="0" index="1" bw="8" slack="0"/>
<pin id="460" dir="0" index="2" bw="8" slack="0"/>
<pin id="461" dir="1" index="3" bw="8" slack="0"/>
</pin_list>
<bind>
<opcode="select(49) " fcode="select"/>
<opset="select_ln242_5/3 "/>
</bind>
</comp>

<comp id="464" class="1004" name="zext_ln270_fu_464">
<pin_list>
<pin id="465" dir="0" index="0" bw="8" slack="0"/>
<pin id="466" dir="1" index="1" bw="9" slack="0"/>
</pin_list>
<bind>
<opcode="zext(34) " fcode="zext"/>
<opset="zext_ln270/3 "/>
</bind>
</comp>

<comp id="468" class="1004" name="zext_ln270_1_fu_468">
<pin_list>
<pin id="469" dir="0" index="0" bw="8" slack="0"/>
<pin id="470" dir="1" index="1" bw="9" slack="0"/>
</pin_list>
<bind>
<opcode="zext(34) " fcode="zext"/>
<opset="zext_ln270_1/3 "/>
</bind>
</comp>

<comp id="472" class="1004" name="add_ln270_fu_472">
<pin_list>
<pin id="473" dir="0" index="0" bw="8" slack="0"/>
<pin id="474" dir="0" index="1" bw="1" slack="0"/>
<pin id="475" dir="1" index="2" bw="9" slack="0"/>
</pin_list>
<bind>
<opcode="add(8) " fcode="add"/>
<opset="add_ln270/3 "/>
</bind>
</comp>

<comp id="478" class="1004" name="add_ln270_1_fu_478">
<pin_list>
<pin id="479" dir="0" index="0" bw="9" slack="0"/>
<pin id="480" dir="0" index="1" bw="8" slack="0"/>
<pin id="481" dir="1" index="2" bw="9" slack="0"/>
</pin_list>
<bind>
<opcode="add(8) " fcode="add"/>
<opset="add_ln270_1/3 "/>
</bind>
</comp>

<comp id="484" class="1004" name="trunc_ln_fu_484">
<pin_list>
<pin id="485" dir="0" index="0" bw="8" slack="0"/>
<pin id="486" dir="0" index="1" bw="9" slack="0"/>
<pin id="487" dir="0" index="2" bw="1" slack="0"/>
<pin id="488" dir="0" index="3" bw="5" slack="0"/>
<pin id="489" dir="1" index="4" bw="8" slack="0"/>
</pin_list>
<bind>
<opcode="partselect(1002) " fcode="partselect"/>
<opset="trunc_ln/3 "/>
</bind>
</comp>

<comp id="494" class="1004" name="zext_ln271_fu_494">
<pin_list>
<pin id="495" dir="0" index="0" bw="8" slack="0"/>
<pin id="496" dir="1" index="1" bw="9" slack="0"/>
</pin_list>
<bind>
<opcode="zext(34) " fcode="zext"/>
<opset="zext_ln271/3 "/>
</bind>
</comp>

<comp id="498" class="1004" name="zext_ln271_1_fu_498">
<pin_list>
<pin id="499" dir="0" index="0" bw="8" slack="0"/>
<pin id="500" dir="1" index="1" bw="9" slack="0"/>
</pin_list>
<bind>
<opcode="zext(34) " fcode="zext"/>
<opset="zext_ln271_1/3 "/>
</bind>
</comp>

<comp id="502" class="1004" name="add_ln271_fu_502">
<pin_list>
<pin id="503" dir="0" index="0" bw="8" slack="0"/>
<pin id="504" dir="0" index="1" bw="1" slack="0"/>
<pin id="505" dir="1" index="2" bw="9" slack="0"/>
</pin_list>
<bind>
<opcode="add(8) " fcode="add"/>
<opset="add_ln271/3 "/>
</bind>
</comp>

<comp id="508" class="1004" name="add_ln271_1_fu_508">
<pin_list>
<pin id="509" dir="0" index="0" bw="9" slack="0"/>
<pin id="510" dir="0" index="1" bw="8" slack="0"/>
<pin id="511" dir="1" index="2" bw="9" slack="0"/>
</pin_list>
<bind>
<opcode="add(8) " fcode="add"/>
<opset="add_ln271_1/3 "/>
</bind>
</comp>

<comp id="514" class="1004" name="trunc_ln1_fu_514">
<pin_list>
<pin id="515" dir="0" index="0" bw="8" slack="0"/>
<pin id="516" dir="0" index="1" bw="9" slack="0"/>
<pin id="517" dir="0" index="2" bw="1" slack="0"/>
<pin id="518" dir="0" index="3" bw="5" slack="0"/>
<pin id="519" dir="1" index="4" bw="8" slack="0"/>
</pin_list>
<bind>
<opcode="partselect(1002) " fcode="partselect"/>
<opset="trunc_ln1/3 "/>
</bind>
</comp>

<comp id="524" class="1004" name="conv3_i_i74392_fu_524">
<pin_list>
<pin id="525" dir="0" index="0" bw="1" slack="2"/>
<pin id="526" dir="0" index="1" bw="8" slack="0"/>
<pin id="527" dir="0" index="2" bw="8" slack="0"/>
<pin id="528" dir="1" index="3" bw="8" slack="1"/>
</pin_list>
<bind>
<opcode="select(49) " fcode="select"/>
<opset="conv3_i_i74392/3 "/>
</bind>
</comp>

<comp id="531" class="1004" name="outpix_0_2_0_0_0_load_fu_531">
<pin_list>
<pin id="532" dir="0" index="0" bw="1" slack="2"/>
<pin id="533" dir="0" index="1" bw="8" slack="0"/>
<pin id="534" dir="0" index="2" bw="8" slack="0"/>
<pin id="535" dir="1" index="3" bw="8" slack="1"/>
</pin_list>
<bind>
<opcode="select(49) " fcode="select"/>
<opset="outpix_0_2_0_0_0_load/3 "/>
</bind>
</comp>

<comp id="538" class="1004" name="p_0_0_0206357_load_load_fu_538">
<pin_list>
<pin id="539" dir="0" index="0" bw="8" slack="2"/>
<pin id="540" dir="1" index="1" bw="8" slack="0"/>
</pin_list>
<bind>
<opcode="load(27) " fcode="load"/>
<opset="p_0_0_0206357_load/3 "/>
</bind>
</comp>

<comp id="541" class="1004" name="store_ln0_store_fu_541">
<pin_list>
<pin id="542" dir="0" index="0" bw="8" slack="0"/>
<pin id="543" dir="0" index="1" bw="8" slack="2"/>
<pin id="544" dir="1" index="2" bw="0" slack="2147483647"/>
</pin_list>
<bind>
<opcode="store(28) " fcode="store"/>
<opset="store_ln0/3 "/>
</bind>
</comp>

<comp id="546" class="1004" name="store_ln0_store_fu_546">
<pin_list>
<pin id="547" dir="0" index="0" bw="8" slack="0"/>
<pin id="548" dir="0" index="1" bw="8" slack="2"/>
<pin id="549" dir="1" index="2" bw="0" slack="2147483647"/>
</pin_list>
<bind>
<opcode="store(28) " fcode="store"/>
<opset="store_ln0/3 "/>
</bind>
</comp>

<comp id="551" class="1004" name="store_ln0_store_fu_551">
<pin_list>
<pin id="552" dir="0" index="0" bw="8" slack="0"/>
<pin id="553" dir="0" index="1" bw="8" slack="2"/>
<pin id="554" dir="1" index="2" bw="0" slack="2147483647"/>
</pin_list>
<bind>
<opcode="store(28) " fcode="store"/>
<opset="store_ln0/3 "/>
</bind>
</comp>

<comp id="556" class="1004" name="store_ln0_store_fu_556">
<pin_list>
<pin id="557" dir="0" index="0" bw="8" slack="0"/>
<pin id="558" dir="0" index="1" bw="8" slack="2"/>
<pin id="559" dir="1" index="2" bw="0" slack="2147483647"/>
</pin_list>
<bind>
<opcode="store(28) " fcode="store"/>
<opset="store_ln0/3 "/>
</bind>
</comp>

<comp id="561" class="1004" name="store_ln242_store_fu_561">
<pin_list>
<pin id="562" dir="0" index="0" bw="8" slack="0"/>
<pin id="563" dir="0" index="1" bw="8" slack="0"/>
<pin id="564" dir="1" index="2" bw="0" slack="2147483647"/>
</pin_list>
<bind>
<opcode="store(28) " fcode="store"/>
<opset="store_ln242/3 "/>
</bind>
</comp>

<comp id="567" class="1004" name="store_ln242_store_fu_567">
<pin_list>
<pin id="568" dir="0" index="0" bw="8" slack="0"/>
<pin id="569" dir="0" index="1" bw="8" slack="0"/>
<pin id="570" dir="1" index="2" bw="0" slack="2147483647"/>
</pin_list>
<bind>
<opcode="store(28) " fcode="store"/>
<opset="store_ln242/3 "/>
</bind>
</comp>

<comp id="573" class="1004" name="store_ln242_store_fu_573">
<pin_list>
<pin id="574" dir="0" index="0" bw="8" slack="0"/>
<pin id="575" dir="0" index="1" bw="8" slack="0"/>
<pin id="576" dir="1" index="2" bw="0" slack="2147483647"/>
</pin_list>
<bind>
<opcode="store(28) " fcode="store"/>
<opset="store_ln242/3 "/>
</bind>
</comp>

<comp id="579" class="1004" name="store_ln242_store_fu_579">
<pin_list>
<pin id="580" dir="0" index="0" bw="8" slack="0"/>
<pin id="581" dir="0" index="1" bw="8" slack="0"/>
<pin id="582" dir="1" index="2" bw="0" slack="2147483647"/>
</pin_list>
<bind>
<opcode="store(28) " fcode="store"/>
<opset="store_ln242/3 "/>
</bind>
</comp>

<comp id="585" class="1004" name="store_ln242_store_fu_585">
<pin_list>
<pin id="586" dir="0" index="0" bw="8" slack="0"/>
<pin id="587" dir="0" index="1" bw="8" slack="0"/>
<pin id="588" dir="1" index="2" bw="0" slack="2147483647"/>
</pin_list>
<bind>
<opcode="store(28) " fcode="store"/>
<opset="store_ln242/3 "/>
</bind>
</comp>

<comp id="591" class="1004" name="store_ln242_store_fu_591">
<pin_list>
<pin id="592" dir="0" index="0" bw="8" slack="0"/>
<pin id="593" dir="0" index="1" bw="8" slack="0"/>
<pin id="594" dir="1" index="2" bw="0" slack="2147483647"/>
</pin_list>
<bind>
<opcode="store(28) " fcode="store"/>
<opset="store_ln242/3 "/>
</bind>
</comp>

<comp id="597" class="1004" name="p_0_0_0_0_0207_1359_out_load_load_fu_597">
<pin_list>
<pin id="598" dir="0" index="0" bw="8" slack="0"/>
<pin id="599" dir="1" index="1" bw="8" slack="0"/>
</pin_list>
<bind>
<opcode="load(27) " fcode="load"/>
<opset="p_0_0_0_0_0207_1359_out_load/4 "/>
</bind>
</comp>

<comp id="601" class="1004" name="or_ln283_3_fu_601">
<pin_list>
<pin id="602" dir="0" index="0" bw="24" slack="0"/>
<pin id="603" dir="0" index="1" bw="8" slack="1"/>
<pin id="604" dir="0" index="2" bw="8" slack="1"/>
<pin id="605" dir="0" index="3" bw="8" slack="0"/>
<pin id="606" dir="1" index="4" bw="24" slack="0"/>
</pin_list>
<bind>
<opcode="bitconcatenate(1004) " fcode="bitconcatenate"/>
<opset="or_ln283_3/4 "/>
</bind>
</comp>

<comp id="610" class="1004" name="store_ln0_store_fu_610">
<pin_list>
<pin id="611" dir="0" index="0" bw="8" slack="1"/>
<pin id="612" dir="0" index="1" bw="8" slack="0"/>
<pin id="613" dir="1" index="2" bw="0" slack="2147483647"/>
</pin_list>
<bind>
<opcode="store(28) " fcode="store"/>
<opset="store_ln0/4 "/>
</bind>
</comp>

<comp id="615" class="1004" name="store_ln0_store_fu_615">
<pin_list>
<pin id="616" dir="0" index="0" bw="8" slack="0"/>
<pin id="617" dir="0" index="1" bw="8" slack="0"/>
<pin id="618" dir="1" index="2" bw="0" slack="2147483647"/>
</pin_list>
<bind>
<opcode="store(28) " fcode="store"/>
<opset="store_ln0/3 "/>
</bind>
</comp>

<comp id="621" class="1004" name="store_ln0_store_fu_621">
<pin_list>
<pin id="622" dir="0" index="0" bw="8" slack="0"/>
<pin id="623" dir="0" index="1" bw="8" slack="0"/>
<pin id="624" dir="1" index="2" bw="0" slack="2147483647"/>
</pin_list>
<bind>
<opcode="store(28) " fcode="store"/>
<opset="store_ln0/3 "/>
</bind>
</comp>

<comp id="627" class="1004" name="store_ln0_store_fu_627">
<pin_list>
<pin id="628" dir="0" index="0" bw="8" slack="0"/>
<pin id="629" dir="0" index="1" bw="8" slack="0"/>
<pin id="630" dir="1" index="2" bw="0" slack="2147483647"/>
</pin_list>
<bind>
<opcode="store(28) " fcode="store"/>
<opset="store_ln0/3 "/>
</bind>
</comp>

<comp id="633" class="1005" name="x_reg_633">
<pin_list>
<pin id="634" dir="0" index="0" bw="15" slack="0"/>
<pin id="635" dir="1" index="1" bw="15" slack="0"/>
</pin_list>
<bind>
<opset="x "/>
</bind>
</comp>

<comp id="640" class="1005" name="p_0_0_0206357_reg_640">
<pin_list>
<pin id="641" dir="0" index="0" bw="8" slack="0"/>
<pin id="642" dir="1" index="1" bw="8" slack="0"/>
</pin_list>
<bind>
<opset="p_0_0_0206357 "/>
</bind>
</comp>

<comp id="647" class="1005" name="p_0_0_0_0_0207_2360_reg_647">
<pin_list>
<pin id="648" dir="0" index="0" bw="8" slack="0"/>
<pin id="649" dir="1" index="1" bw="8" slack="0"/>
</pin_list>
<bind>
<opset="p_0_0_0_0_0207_2360 "/>
</bind>
</comp>

<comp id="654" class="1005" name="p_0_0_0_0_0207_3361_reg_654">
<pin_list>
<pin id="655" dir="0" index="0" bw="8" slack="0"/>
<pin id="656" dir="1" index="1" bw="8" slack="0"/>
</pin_list>
<bind>
<opset="p_0_0_0_0_0207_3361 "/>
</bind>
</comp>

<comp id="661" class="1005" name="p_0_0_0_0_0207_4362_reg_661">
<pin_list>
<pin id="662" dir="0" index="0" bw="8" slack="0"/>
<pin id="663" dir="1" index="1" bw="8" slack="0"/>
</pin_list>
<bind>
<opset="p_0_0_0_0_0207_4362 "/>
</bind>
</comp>

<comp id="668" class="1005" name="p_0_0_0206358363_reg_668">
<pin_list>
<pin id="669" dir="0" index="0" bw="8" slack="0"/>
<pin id="670" dir="1" index="1" bw="8" slack="0"/>
</pin_list>
<bind>
<opset="p_0_0_0206358363 "/>
</bind>
</comp>

<comp id="675" class="1005" name="icmp_ln161_reg_675">
<pin_list>
<pin id="676" dir="0" index="0" bw="1" slack="1"/>
<pin id="677" dir="1" index="1" bw="1" slack="2147483647"/>
</pin_list>
<bind>
<opset="icmp_ln161 "/>
</bind>
</comp>

<comp id="679" class="1005" name="icmp_ln169_reg_679">
<pin_list>
<pin id="680" dir="0" index="0" bw="1" slack="1"/>
<pin id="681" dir="1" index="1" bw="1" slack="2147483647"/>
</pin_list>
<bind>
<opset="icmp_ln169 "/>
</bind>
</comp>

<comp id="683" class="1005" name="trunc_ln177_reg_683">
<pin_list>
<pin id="684" dir="0" index="0" bw="1" slack="1"/>
<pin id="685" dir="1" index="1" bw="1" slack="1"/>
</pin_list>
<bind>
<opset="trunc_ln177 "/>
</bind>
</comp>

<comp id="689" class="1005" name="cmp111_reg_689">
<pin_list>
<pin id="690" dir="0" index="0" bw="1" slack="2"/>
<pin id="691" dir="1" index="1" bw="1" slack="2"/>
</pin_list>
<bind>
<opset="cmp111 "/>
</bind>
</comp>

<comp id="699" class="1005" name="CRpix_reg_699">
<pin_list>
<pin id="700" dir="0" index="0" bw="1" slack="2"/>
<pin id="701" dir="1" index="1" bw="1" slack="2"/>
</pin_list>
<bind>
<opset="CRpix "/>
</bind>
</comp>

<comp id="709" class="1005" name="odd_col_reg_709">
<pin_list>
<pin id="710" dir="0" index="0" bw="1" slack="2"/>
<pin id="711" dir="1" index="1" bw="1" slack="2"/>
</pin_list>
<bind>
<opset="odd_col "/>
</bind>
</comp>

<comp id="715" class="1005" name="tmp_reg_715">
<pin_list>
<pin id="716" dir="0" index="0" bw="1" slack="3"/>
<pin id="717" dir="1" index="1" bw="1" slack="2147483647"/>
</pin_list>
<bind>
<opset="tmp "/>
</bind>
</comp>

<comp id="719" class="1005" name="p_0_0_0_0_0207_2360_load_reg_719">
<pin_list>
<pin id="720" dir="0" index="0" bw="8" slack="1"/>
<pin id="721" dir="1" index="1" bw="8" slack="1"/>
</pin_list>
<bind>
<opset="p_0_0_0_0_0207_2360_load "/>
</bind>
</comp>

<comp id="724" class="1005" name="conv3_i_i74392_reg_724">
<pin_list>
<pin id="725" dir="0" index="0" bw="8" slack="1"/>
<pin id="726" dir="1" index="1" bw="8" slack="1"/>
</pin_list>
<bind>
<opset="conv3_i_i74392 "/>
</bind>
</comp>

<comp id="729" class="1005" name="outpix_0_2_0_0_0_load_reg_729">
<pin_list>
<pin id="730" dir="0" index="0" bw="8" slack="1"/>
<pin id="731" dir="1" index="1" bw="8" slack="1"/>
</pin_list>
<bind>
<opset="outpix_0_2_0_0_0_load "/>
</bind>
</comp>

</comp_list>

<net_list>
<net id="107"><net_src comp="44" pin="0"/><net_sink comp="104" pin=0"/></net>

<net id="111"><net_src comp="44" pin="0"/><net_sink comp="108" pin=0"/></net>

<net id="115"><net_src comp="44" pin="0"/><net_sink comp="112" pin=0"/></net>

<net id="119"><net_src comp="44" pin="0"/><net_sink comp="116" pin=0"/></net>

<net id="123"><net_src comp="44" pin="0"/><net_sink comp="120" pin=0"/></net>

<net id="127"><net_src comp="44" pin="0"/><net_sink comp="124" pin=0"/></net>

<net id="132"><net_src comp="62" pin="0"/><net_sink comp="128" pin=0"/></net>

<net id="133"><net_src comp="14" pin="0"/><net_sink comp="128" pin=1"/></net>

<net id="138"><net_src comp="62" pin="0"/><net_sink comp="134" pin=0"/></net>

<net id="139"><net_src comp="10" pin="0"/><net_sink comp="134" pin=1"/></net>

<net id="144"><net_src comp="64" pin="0"/><net_sink comp="140" pin=0"/></net>

<net id="145"><net_src comp="8" pin="0"/><net_sink comp="140" pin=1"/></net>

<net id="150"><net_src comp="64" pin="0"/><net_sink comp="146" pin=0"/></net>

<net id="151"><net_src comp="6" pin="0"/><net_sink comp="146" pin=1"/></net>

<net id="156"><net_src comp="64" pin="0"/><net_sink comp="152" pin=0"/></net>

<net id="157"><net_src comp="4" pin="0"/><net_sink comp="152" pin=1"/></net>

<net id="162"><net_src comp="64" pin="0"/><net_sink comp="158" pin=0"/></net>

<net id="163"><net_src comp="2" pin="0"/><net_sink comp="158" pin=1"/></net>

<net id="168"><net_src comp="64" pin="0"/><net_sink comp="164" pin=0"/></net>

<net id="169"><net_src comp="0" pin="0"/><net_sink comp="164" pin=1"/></net>

<net id="174"><net_src comp="82" pin="0"/><net_sink comp="170" pin=0"/></net>

<net id="175"><net_src comp="16" pin="0"/><net_sink comp="170" pin=1"/></net>

<net id="181"><net_src comp="100" pin="0"/><net_sink comp="176" pin=0"/></net>

<net id="182"><net_src comp="12" pin="0"/><net_sink comp="176" pin=1"/></net>

<net id="188"><net_src comp="102" pin="0"/><net_sink comp="183" pin=0"/></net>

<net id="189"><net_src comp="30" pin="0"/><net_sink comp="183" pin=1"/></net>

<net id="194"><net_src comp="164" pin="2"/><net_sink comp="190" pin=0"/></net>

<net id="199"><net_src comp="158" pin="2"/><net_sink comp="195" pin=0"/></net>

<net id="204"><net_src comp="152" pin="2"/><net_sink comp="200" pin=0"/></net>

<net id="209"><net_src comp="146" pin="2"/><net_sink comp="205" pin=0"/></net>

<net id="214"><net_src comp="140" pin="2"/><net_sink comp="210" pin=0"/></net>

<net id="219"><net_src comp="66" pin="0"/><net_sink comp="215" pin=0"/></net>

<net id="226"><net_src comp="220" pin="1"/><net_sink comp="223" pin=0"/></net>

<net id="231"><net_src comp="223" pin="1"/><net_sink comp="227" pin=0"/></net>

<net id="232"><net_src comp="134" pin="2"/><net_sink comp="227" pin=1"/></net>

<net id="237"><net_src comp="220" pin="1"/><net_sink comp="233" pin=0"/></net>

<net id="238"><net_src comp="68" pin="0"/><net_sink comp="233" pin=1"/></net>

<net id="243"><net_src comp="223" pin="1"/><net_sink comp="239" pin=0"/></net>

<net id="244"><net_src comp="76" pin="0"/><net_sink comp="239" pin=1"/></net>

<net id="249"><net_src comp="223" pin="1"/><net_sink comp="245" pin=0"/></net>

<net id="250"><net_src comp="128" pin="2"/><net_sink comp="245" pin=1"/></net>

<net id="254"><net_src comp="220" pin="1"/><net_sink comp="251" pin=0"/></net>

<net id="259"><net_src comp="220" pin="1"/><net_sink comp="255" pin=0"/></net>

<net id="260"><net_src comp="68" pin="0"/><net_sink comp="255" pin=1"/></net>

<net id="264"><net_src comp="220" pin="1"/><net_sink comp="261" pin=0"/></net>

<net id="268"><net_src comp="239" pin="2"/><net_sink comp="265" pin=0"/></net>

<net id="274"><net_src comp="78" pin="0"/><net_sink comp="269" pin=0"/></net>

<net id="275"><net_src comp="239" pin="2"/><net_sink comp="269" pin=1"/></net>

<net id="276"><net_src comp="80" pin="0"/><net_sink comp="269" pin=2"/></net>

<net id="281"><net_src comp="233" pin="2"/><net_sink comp="277" pin=0"/></net>

<net id="285"><net_src comp="42" pin="0"/><net_sink comp="282" pin=0"/></net>

<net id="289"><net_src comp="40" pin="0"/><net_sink comp="286" pin=0"/></net>

<net id="293"><net_src comp="170" pin="2"/><net_sink comp="290" pin=0"/></net>

<net id="300"><net_src comp="84" pin="0"/><net_sink comp="294" pin=0"/></net>

<net id="301"><net_src comp="170" pin="2"/><net_sink comp="294" pin=1"/></net>

<net id="302"><net_src comp="86" pin="0"/><net_sink comp="294" pin=2"/></net>

<net id="303"><net_src comp="80" pin="0"/><net_sink comp="294" pin=3"/></net>

<net id="309"><net_src comp="294" pin="4"/><net_sink comp="304" pin=1"/></net>

<net id="310"><net_src comp="286" pin="1"/><net_sink comp="304" pin=2"/></net>

<net id="316"><net_src comp="282" pin="1"/><net_sink comp="311" pin=1"/></net>

<net id="317"><net_src comp="294" pin="4"/><net_sink comp="311" pin=2"/></net>

<net id="322"><net_src comp="290" pin="1"/><net_sink comp="318" pin=0"/></net>

<net id="327"><net_src comp="304" pin="3"/><net_sink comp="323" pin=0"/></net>

<net id="328"><net_src comp="40" pin="0"/><net_sink comp="323" pin=1"/></net>

<net id="333"><net_src comp="311" pin="3"/><net_sink comp="329" pin=0"/></net>

<net id="334"><net_src comp="42" pin="0"/><net_sink comp="329" pin=1"/></net>

<net id="347"><net_src comp="344" pin="1"/><net_sink comp="183" pin=2"/></net>

<net id="351"><net_src comp="28" pin="0"/><net_sink comp="348" pin=0"/></net>

<net id="355"><net_src comp="26" pin="0"/><net_sink comp="352" pin=0"/></net>

<net id="359"><net_src comp="24" pin="0"/><net_sink comp="356" pin=0"/></net>

<net id="363"><net_src comp="22" pin="0"/><net_sink comp="360" pin=0"/></net>

<net id="367"><net_src comp="20" pin="0"/><net_sink comp="364" pin=0"/></net>

<net id="371"><net_src comp="18" pin="0"/><net_sink comp="368" pin=0"/></net>

<net id="375"><net_src comp="42" pin="0"/><net_sink comp="372" pin=0"/></net>

<net id="379"><net_src comp="40" pin="0"/><net_sink comp="376" pin=0"/></net>

<net id="385"><net_src comp="376" pin="1"/><net_sink comp="380" pin=1"/></net>

<net id="386"><net_src comp="368" pin="1"/><net_sink comp="380" pin=2"/></net>

<net id="392"><net_src comp="372" pin="1"/><net_sink comp="387" pin=1"/></net>

<net id="393"><net_src comp="364" pin="1"/><net_sink comp="387" pin=2"/></net>

<net id="399"><net_src comp="368" pin="1"/><net_sink comp="394" pin=1"/></net>

<net id="400"><net_src comp="360" pin="1"/><net_sink comp="394" pin=2"/></net>

<net id="406"><net_src comp="364" pin="1"/><net_sink comp="401" pin=1"/></net>

<net id="407"><net_src comp="356" pin="1"/><net_sink comp="401" pin=2"/></net>

<net id="413"><net_src comp="360" pin="1"/><net_sink comp="408" pin=1"/></net>

<net id="414"><net_src comp="352" pin="1"/><net_sink comp="408" pin=2"/></net>

<net id="420"><net_src comp="356" pin="1"/><net_sink comp="415" pin=1"/></net>

<net id="421"><net_src comp="348" pin="1"/><net_sink comp="415" pin=2"/></net>

<net id="427"><net_src comp="376" pin="1"/><net_sink comp="422" pin=1"/></net>

<net id="428"><net_src comp="380" pin="3"/><net_sink comp="422" pin=2"/></net>

<net id="434"><net_src comp="372" pin="1"/><net_sink comp="429" pin=1"/></net>

<net id="435"><net_src comp="387" pin="3"/><net_sink comp="429" pin=2"/></net>

<net id="441"><net_src comp="376" pin="1"/><net_sink comp="436" pin=1"/></net>

<net id="442"><net_src comp="394" pin="3"/><net_sink comp="436" pin=2"/></net>

<net id="448"><net_src comp="372" pin="1"/><net_sink comp="443" pin=1"/></net>

<net id="449"><net_src comp="401" pin="3"/><net_sink comp="443" pin=2"/></net>

<net id="455"><net_src comp="376" pin="1"/><net_sink comp="450" pin=1"/></net>

<net id="456"><net_src comp="408" pin="3"/><net_sink comp="450" pin=2"/></net>

<net id="462"><net_src comp="372" pin="1"/><net_sink comp="457" pin=1"/></net>

<net id="463"><net_src comp="415" pin="3"/><net_sink comp="457" pin=2"/></net>

<net id="467"><net_src comp="443" pin="3"/><net_sink comp="464" pin=0"/></net>

<net id="471"><net_src comp="457" pin="3"/><net_sink comp="468" pin=0"/></net>

<net id="476"><net_src comp="468" pin="1"/><net_sink comp="472" pin=0"/></net>

<net id="477"><net_src comp="94" pin="0"/><net_sink comp="472" pin=1"/></net>

<net id="482"><net_src comp="472" pin="2"/><net_sink comp="478" pin=0"/></net>

<net id="483"><net_src comp="464" pin="1"/><net_sink comp="478" pin=1"/></net>

<net id="490"><net_src comp="96" pin="0"/><net_sink comp="484" pin=0"/></net>

<net id="491"><net_src comp="478" pin="2"/><net_sink comp="484" pin=1"/></net>

<net id="492"><net_src comp="44" pin="0"/><net_sink comp="484" pin=2"/></net>

<net id="493"><net_src comp="86" pin="0"/><net_sink comp="484" pin=3"/></net>

<net id="497"><net_src comp="436" pin="3"/><net_sink comp="494" pin=0"/></net>

<net id="501"><net_src comp="450" pin="3"/><net_sink comp="498" pin=0"/></net>

<net id="506"><net_src comp="498" pin="1"/><net_sink comp="502" pin=0"/></net>

<net id="507"><net_src comp="94" pin="0"/><net_sink comp="502" pin=1"/></net>

<net id="512"><net_src comp="502" pin="2"/><net_sink comp="508" pin=0"/></net>

<net id="513"><net_src comp="494" pin="1"/><net_sink comp="508" pin=1"/></net>

<net id="520"><net_src comp="96" pin="0"/><net_sink comp="514" pin=0"/></net>

<net id="521"><net_src comp="508" pin="2"/><net_sink comp="514" pin=1"/></net>

<net id="522"><net_src comp="44" pin="0"/><net_sink comp="514" pin=2"/></net>

<net id="523"><net_src comp="86" pin="0"/><net_sink comp="514" pin=3"/></net>

<net id="529"><net_src comp="484" pin="4"/><net_sink comp="524" pin=1"/></net>

<net id="530"><net_src comp="457" pin="3"/><net_sink comp="524" pin=2"/></net>

<net id="536"><net_src comp="514" pin="4"/><net_sink comp="531" pin=1"/></net>

<net id="537"><net_src comp="450" pin="3"/><net_sink comp="531" pin=2"/></net>

<net id="545"><net_src comp="538" pin="1"/><net_sink comp="541" pin=0"/></net>

<net id="550"><net_src comp="344" pin="1"/><net_sink comp="546" pin=0"/></net>

<net id="555"><net_src comp="341" pin="1"/><net_sink comp="551" pin=0"/></net>

<net id="560"><net_src comp="338" pin="1"/><net_sink comp="556" pin=0"/></net>

<net id="565"><net_src comp="422" pin="3"/><net_sink comp="561" pin=0"/></net>

<net id="566"><net_src comp="18" pin="0"/><net_sink comp="561" pin=1"/></net>

<net id="571"><net_src comp="429" pin="3"/><net_sink comp="567" pin=0"/></net>

<net id="572"><net_src comp="20" pin="0"/><net_sink comp="567" pin=1"/></net>

<net id="577"><net_src comp="436" pin="3"/><net_sink comp="573" pin=0"/></net>

<net id="578"><net_src comp="22" pin="0"/><net_sink comp="573" pin=1"/></net>

<net id="583"><net_src comp="443" pin="3"/><net_sink comp="579" pin=0"/></net>

<net id="584"><net_src comp="24" pin="0"/><net_sink comp="579" pin=1"/></net>

<net id="589"><net_src comp="450" pin="3"/><net_sink comp="585" pin=0"/></net>

<net id="590"><net_src comp="26" pin="0"/><net_sink comp="585" pin=1"/></net>

<net id="595"><net_src comp="457" pin="3"/><net_sink comp="591" pin=0"/></net>

<net id="596"><net_src comp="28" pin="0"/><net_sink comp="591" pin=1"/></net>

<net id="600"><net_src comp="38" pin="0"/><net_sink comp="597" pin=0"/></net>

<net id="607"><net_src comp="98" pin="0"/><net_sink comp="601" pin=0"/></net>

<net id="608"><net_src comp="597" pin="1"/><net_sink comp="601" pin=3"/></net>

<net id="609"><net_src comp="601" pin="4"/><net_sink comp="176" pin=2"/></net>

<net id="614"><net_src comp="38" pin="0"/><net_sink comp="610" pin=1"/></net>

<net id="619"><net_src comp="341" pin="1"/><net_sink comp="615" pin=0"/></net>

<net id="620"><net_src comp="32" pin="0"/><net_sink comp="615" pin=1"/></net>

<net id="625"><net_src comp="338" pin="1"/><net_sink comp="621" pin=0"/></net>

<net id="626"><net_src comp="34" pin="0"/><net_sink comp="621" pin=1"/></net>

<net id="631"><net_src comp="335" pin="1"/><net_sink comp="627" pin=0"/></net>

<net id="632"><net_src comp="36" pin="0"/><net_sink comp="627" pin=1"/></net>

<net id="636"><net_src comp="104" pin="1"/><net_sink comp="633" pin=0"/></net>

<net id="637"><net_src comp="633" pin="1"/><net_sink comp="215" pin=1"/></net>

<net id="638"><net_src comp="633" pin="1"/><net_sink comp="220" pin=0"/></net>

<net id="639"><net_src comp="633" pin="1"/><net_sink comp="277" pin=1"/></net>

<net id="643"><net_src comp="108" pin="1"/><net_sink comp="640" pin=0"/></net>

<net id="644"><net_src comp="640" pin="1"/><net_sink comp="210" pin=1"/></net>

<net id="645"><net_src comp="640" pin="1"/><net_sink comp="318" pin=1"/></net>

<net id="646"><net_src comp="640" pin="1"/><net_sink comp="538" pin=0"/></net>

<net id="650"><net_src comp="112" pin="1"/><net_sink comp="647" pin=0"/></net>

<net id="651"><net_src comp="647" pin="1"/><net_sink comp="205" pin=1"/></net>

<net id="652"><net_src comp="647" pin="1"/><net_sink comp="335" pin=0"/></net>

<net id="653"><net_src comp="647" pin="1"/><net_sink comp="556" pin=1"/></net>

<net id="657"><net_src comp="116" pin="1"/><net_sink comp="654" pin=0"/></net>

<net id="658"><net_src comp="654" pin="1"/><net_sink comp="200" pin=1"/></net>

<net id="659"><net_src comp="654" pin="1"/><net_sink comp="338" pin=0"/></net>

<net id="660"><net_src comp="654" pin="1"/><net_sink comp="551" pin=1"/></net>

<net id="664"><net_src comp="120" pin="1"/><net_sink comp="661" pin=0"/></net>

<net id="665"><net_src comp="661" pin="1"/><net_sink comp="195" pin=1"/></net>

<net id="666"><net_src comp="661" pin="1"/><net_sink comp="341" pin=0"/></net>

<net id="667"><net_src comp="661" pin="1"/><net_sink comp="546" pin=1"/></net>

<net id="671"><net_src comp="124" pin="1"/><net_sink comp="668" pin=0"/></net>

<net id="672"><net_src comp="668" pin="1"/><net_sink comp="190" pin=1"/></net>

<net id="673"><net_src comp="668" pin="1"/><net_sink comp="344" pin=0"/></net>

<net id="674"><net_src comp="668" pin="1"/><net_sink comp="541" pin=1"/></net>

<net id="678"><net_src comp="227" pin="2"/><net_sink comp="675" pin=0"/></net>

<net id="682"><net_src comp="245" pin="2"/><net_sink comp="679" pin=0"/></net>

<net id="686"><net_src comp="251" pin="1"/><net_sink comp="683" pin=0"/></net>

<net id="687"><net_src comp="683" pin="1"/><net_sink comp="304" pin=0"/></net>

<net id="688"><net_src comp="683" pin="1"/><net_sink comp="311" pin=0"/></net>

<net id="692"><net_src comp="255" pin="2"/><net_sink comp="689" pin=0"/></net>

<net id="693"><net_src comp="689" pin="1"/><net_sink comp="422" pin=0"/></net>

<net id="694"><net_src comp="689" pin="1"/><net_sink comp="429" pin=0"/></net>

<net id="695"><net_src comp="689" pin="1"/><net_sink comp="436" pin=0"/></net>

<net id="696"><net_src comp="689" pin="1"/><net_sink comp="443" pin=0"/></net>

<net id="697"><net_src comp="689" pin="1"/><net_sink comp="450" pin=0"/></net>

<net id="698"><net_src comp="689" pin="1"/><net_sink comp="457" pin=0"/></net>

<net id="702"><net_src comp="261" pin="1"/><net_sink comp="699" pin=0"/></net>

<net id="703"><net_src comp="699" pin="1"/><net_sink comp="380" pin=0"/></net>

<net id="704"><net_src comp="699" pin="1"/><net_sink comp="387" pin=0"/></net>

<net id="705"><net_src comp="699" pin="1"/><net_sink comp="394" pin=0"/></net>

<net id="706"><net_src comp="699" pin="1"/><net_sink comp="401" pin=0"/></net>

<net id="707"><net_src comp="699" pin="1"/><net_sink comp="408" pin=0"/></net>

<net id="708"><net_src comp="699" pin="1"/><net_sink comp="415" pin=0"/></net>

<net id="712"><net_src comp="265" pin="1"/><net_sink comp="709" pin=0"/></net>

<net id="713"><net_src comp="709" pin="1"/><net_sink comp="524" pin=0"/></net>

<net id="714"><net_src comp="709" pin="1"/><net_sink comp="531" pin=0"/></net>

<net id="718"><net_src comp="269" pin="3"/><net_sink comp="715" pin=0"/></net>

<net id="722"><net_src comp="335" pin="1"/><net_sink comp="719" pin=0"/></net>

<net id="723"><net_src comp="719" pin="1"/><net_sink comp="610" pin=0"/></net>

<net id="727"><net_src comp="524" pin="3"/><net_sink comp="724" pin=0"/></net>

<net id="728"><net_src comp="724" pin="1"/><net_sink comp="601" pin=2"/></net>

<net id="732"><net_src comp="531" pin="3"/><net_sink comp="729" pin=0"/></net>

<net id="733"><net_src comp="729" pin="1"/><net_sink comp="601" pin=1"/></net>

</net_list>

</model> 
---------------- Datapath Model END ------------------

* FSMD analyzer results:
  - Output states:
	Port: srcLayer1Yuv | {4 }
	Port: p_0_0_0199355390_out | {3 }
	Port: p_0_0_0200353387_out | {3 }
	Port: p_0_0_0_0_0_2384_out | {3 }
	Port: p_0_0_0_0_0205_2381_out | {3 }
	Port: p_0_0_0_0_0_1374_out | {3 }
	Port: p_0_0_0_0_0205_1367_out | {3 }
	Port: p_0_0_0206358363_out | {3 }
	Port: p_0_0_0_0_0207_4362_out | {3 }
	Port: p_0_0_0_0_0207_3361_out | {3 }
	Port: p_0_0_0_0_0207_2360_out | {3 }
	Port: p_0_0_0_0_0207_1359_out | {4 }
	Port: p_0_0_0199354_out | {2 }
	Port: p_0_0_0200352_out | {2 }
 - Input state : 
	Port: v_mix_422_to_444<true>_Pipeline_VITIS_LOOP_161_2 : p_0_0_0206358_lcssa364426 | {1 }
	Port: v_mix_422_to_444<true>_Pipeline_VITIS_LOOP_161_2 : p_0_0_0_0_0207_4_lcssa423 | {1 }
	Port: v_mix_422_to_444<true>_Pipeline_VITIS_LOOP_161_2 : p_0_0_0_0_0207_3_lcssa420 | {1 }
	Port: v_mix_422_to_444<true>_Pipeline_VITIS_LOOP_161_2 : p_0_0_0_0_0207_2_lcssa417 | {1 }
	Port: v_mix_422_to_444<true>_Pipeline_VITIS_LOOP_161_2 : p_0_0_0206358_lcssa409 | {1 }
	Port: v_mix_422_to_444<true>_Pipeline_VITIS_LOOP_161_2 : loopWidth | {1 }
	Port: v_mix_422_to_444<true>_Pipeline_VITIS_LOOP_161_2 : width | {1 }
	Port: v_mix_422_to_444<true>_Pipeline_VITIS_LOOP_161_2 : srcLayer1Yuv422 | {2 }
	Port: v_mix_422_to_444<true>_Pipeline_VITIS_LOOP_161_2 : p_0_0_0199355390_out | {3 }
	Port: v_mix_422_to_444<true>_Pipeline_VITIS_LOOP_161_2 : p_0_0_0200353387_out | {3 }
	Port: v_mix_422_to_444<true>_Pipeline_VITIS_LOOP_161_2 : p_0_0_0_0_0_2384_out | {3 }
	Port: v_mix_422_to_444<true>_Pipeline_VITIS_LOOP_161_2 : p_0_0_0_0_0205_2381_out | {3 }
	Port: v_mix_422_to_444<true>_Pipeline_VITIS_LOOP_161_2 : p_0_0_0_0_0_1374_out | {3 }
	Port: v_mix_422_to_444<true>_Pipeline_VITIS_LOOP_161_2 : p_0_0_0_0_0205_1367_out | {3 }
	Port: v_mix_422_to_444<true>_Pipeline_VITIS_LOOP_161_2 : p_0_0_0_0_0207_1359_out | {4 }
	Port: v_mix_422_to_444<true>_Pipeline_VITIS_LOOP_161_2 : p_0_0_0199354_out | {2 3 }
	Port: v_mix_422_to_444<true>_Pipeline_VITIS_LOOP_161_2 : p_0_0_0200352_out | {2 3 }
  - Chain level:
	State 1
		store_ln131 : 1
		x_15 : 1
		zext_ln161 : 2
		icmp_ln161 : 3
		add_ln161 : 2
		br_ln161 : 4
		add_ln167 : 3
		icmp_ln169 : 3
		br_ln169 : 4
		trunc_ln177 : 2
		cmp111 : 2
		CRpix : 2
		odd_col : 4
		tmp : 4
		br_ln281 : 5
		store_ln131 : 3
	State 2
		select_ln177 : 1
		select_ln177_1 : 1
		store_ln171 : 1
		store_ln177 : 2
		store_ln177 : 2
	State 3
		select_ln222 : 1
		select_ln222_1 : 1
		select_ln222_2 : 1
		select_ln222_3 : 1
		select_ln222_4 : 1
		select_ln222_5 : 1
		select_ln242 : 2
		select_ln242_1 : 2
		select_ln242_2 : 2
		select_ln242_3 : 2
		select_ln242_4 : 2
		select_ln242_5 : 2
		zext_ln270 : 3
		zext_ln270_1 : 3
		add_ln270 : 4
		add_ln270_1 : 5
		trunc_ln : 6
		zext_ln271 : 3
		zext_ln271_1 : 3
		add_ln271 : 4
		add_ln271_1 : 5
		trunc_ln1 : 6
		conv3_i_i74392 : 7
		outpix_0_2_0_0_0_load : 7
		store_ln0 : 1
		store_ln0 : 1
		store_ln0 : 1
		store_ln0 : 1
		store_ln242 : 3
		store_ln242 : 3
		store_ln242 : 3
		store_ln242 : 3
		store_ln242 : 3
		store_ln242 : 3
		write_ln0 : 1
		store_ln0 : 1
		store_ln0 : 1
		store_ln0 : 1
	State 4
		or_ln283_3 : 1
		write_ln283 : 2


============================================================
+ Verbose Summary: Datapath Resource usage 
============================================================

* Functional unit list:
|----------|--------------------------------------------|---------|---------|
| Operation|               Functional Unit              |    FF   |   LUT   |
|----------|--------------------------------------------|---------|---------|
|          |             select_ln177_fu_304            |    0    |    8    |
|          |            select_ln177_1_fu_311           |    0    |    8    |
|          |             select_ln222_fu_380            |    0    |    8    |
|          |            select_ln222_1_fu_387           |    0    |    8    |
|          |            select_ln222_2_fu_394           |    0    |    8    |
|          |            select_ln222_3_fu_401           |    0    |    8    |
|          |            select_ln222_4_fu_408           |    0    |    8    |
|  select  |            select_ln222_5_fu_415           |    0    |    8    |
|          |             select_ln242_fu_422            |    0    |    8    |
|          |            select_ln242_1_fu_429           |    0    |    8    |
|          |            select_ln242_2_fu_436           |    0    |    8    |
|          |            select_ln242_3_fu_443           |    0    |    8    |
|          |            select_ln242_4_fu_450           |    0    |    8    |
|          |            select_ln242_5_fu_457           |    0    |    8    |
|          |            conv3_i_i74392_fu_524           |    0    |    8    |
|          |        outpix_0_2_0_0_0_load_fu_531        |    0    |    8    |
|----------|--------------------------------------------|---------|---------|
|          |              add_ln161_fu_233              |    0    |    22   |
|          |              add_ln167_fu_239              |    0    |    22   |
|    add   |              add_ln270_fu_472              |    0    |    19   |
|          |             add_ln270_1_fu_478             |    0    |    18   |
|          |              add_ln271_fu_502              |    0    |    19   |
|          |             add_ln271_1_fu_508             |    0    |    18   |
|----------|--------------------------------------------|---------|---------|
|          |              icmp_ln161_fu_227             |    0    |    23   |
|   icmp   |              icmp_ln169_fu_245             |    0    |    23   |
|          |                cmp111_fu_255               |    0    |    22   |
|----------|--------------------------------------------|---------|---------|
|          |           width_read_read_fu_128           |    0    |    0    |
|          |         loopWidth_read_read_fu_134         |    0    |    0    |
|          |   p_0_0_0206358_lcssa409_read_read_fu_140  |    0    |    0    |
|   read   | p_0_0_0_0_0207_2_lcssa417_read_read_fu_146 |    0    |    0    |
|          | p_0_0_0_0_0207_3_lcssa420_read_read_fu_152 |    0    |    0    |
|          | p_0_0_0_0_0207_4_lcssa423_read_read_fu_158 |    0    |    0    |
|          | p_0_0_0206358_lcssa364426_read_read_fu_164 |    0    |    0    |
|          |      srcLayer1Yuv422_read_read_fu_170      |    0    |    0    |
|----------|--------------------------------------------|---------|---------|
|   write  |          write_ln283_write_fu_176          |    0    |    0    |
|          |           write_ln0_write_fu_183           |    0    |    0    |
|----------|--------------------------------------------|---------|---------|
|          |              zext_ln161_fu_223             |    0    |    0    |
|          |              zext_ln270_fu_464             |    0    |    0    |
|   zext   |             zext_ln270_1_fu_468            |    0    |    0    |
|          |              zext_ln271_fu_494             |    0    |    0    |
|          |             zext_ln271_1_fu_498            |    0    |    0    |
|----------|--------------------------------------------|---------|---------|
|          |             trunc_ln177_fu_251             |    0    |    0    |
|   trunc  |                CRpix_fu_261                |    0    |    0    |
|          |               odd_col_fu_265               |    0    |    0    |
|          |             trunc_ln171_fu_290             |    0    |    0    |
|----------|--------------------------------------------|---------|---------|
| bitselect|                 tmp_fu_269                 |    0    |    0    |
|----------|--------------------------------------------|---------|---------|
|          |            trunc_ln171_1_fu_294            |    0    |    0    |
|partselect|               trunc_ln_fu_484              |    0    |    0    |
|          |              trunc_ln1_fu_514              |    0    |    0    |
|----------|--------------------------------------------|---------|---------|
|bitconcatenate|              or_ln283_3_fu_601             |    0    |    0    |
|----------|--------------------------------------------|---------|---------|
|   Total  |                                            |    0    |   314   |
|----------|--------------------------------------------|---------|---------|

Memories:
N/A

* Register list:
+--------------------------------+--------+
|                                |   FF   |
+--------------------------------+--------+
|          CRpix_reg_699         |    1   |
|         cmp111_reg_689         |    1   |
|     conv3_i_i74392_reg_724     |    8   |
|       icmp_ln161_reg_675       |    1   |
|       icmp_ln169_reg_679       |    1   |
|         odd_col_reg_709        |    1   |
|  outpix_0_2_0_0_0_load_reg_729 |    8   |
|      p_0_0_0206357_reg_640     |    8   |
|    p_0_0_0206358363_reg_668    |    8   |
|p_0_0_0_0_0207_2360_load_reg_719|    8   |
|   p_0_0_0_0_0207_2360_reg_647  |    8   |
|   p_0_0_0_0_0207_3361_reg_654  |    8   |
|   p_0_0_0_0_0207_4362_reg_661  |    8   |
|           tmp_reg_715          |    1   |
|       trunc_ln177_reg_683      |    1   |
|            x_reg_633           |   15   |
+--------------------------------+--------+
|              Total             |   86   |
+--------------------------------+--------+

* Multiplexer (MUX) list: 
|--------|------|------|------|--------|
|  Comp  |  Pin | Size |  BW  | S x BW |
|--------|------|------|------|--------|
|  Total |      |      |      |    0   |
|--------|------|------|------|--------|



* Summary:
+-----------+--------+--------+
|           |   FF   |   LUT  |
+-----------+--------+--------+
|  Function |    0   |   314  |
|   Memory  |    -   |    -   |
|Multiplexer|    -   |    -   |
|  Register |   86   |    -   |
+-----------+--------+--------+
|   Total   |   86   |   314  |
+-----------+--------+--------+
