

================================================================
== Vitis HLS Report for 'VMixHlsDataFlowFunction'
================================================================
* Date:           Sat Sep  6 13:59:19 2025

* Version:        2025.1 (Build 6135595 on May 21 2025)
* Project:        prj
* Solution:       sol (Vivado IP Flow Target)
* Product family: zynquplus
* Target device:  xczu3eg-sfvc784-1-e


================================================================
== Performance Estimates
================================================================
+ Timing: 
    * Summary: 
    +--------+---------+----------+------------+
    |  Clock |  Target | Estimated| Uncertainty|
    +--------+---------+----------+------------+
    |ap_clk  |  5.00 ns|  3.650 ns|     1.35 ns|
    +--------+---------+----------+------------+

+ Latency: 
    * Summary: 
    +---------+------------+-----------+-----------+------+------------+----------+
    |   Latency (cycles)   |   Latency (absolute)  |      Interval     | Pipeline |
    |   min   |     max    |    min    |    max    |  min |     max    |   Type   |
    +---------+------------+-----------+-----------+------+------------+----------+
    |     4629|  1073938431|  23.145 us|  5.370 sec|  4611|  1073938427|  dataflow|
    +---------+------------+-----------+-----------+------+------------+----------+

    + Detail: 
        * Instance: 
        +---------------------------------+--------------------------------+---------+------------+-----------+-----------+------+------------+---------+
        |                                 |                                |   Latency (cycles)   |   Latency (absolute)  |      Interval     | Pipeline|
        |             Instance            |             Module             |   min   |     max    |    min    |    max    |  min |     max    |   Type  |
        +---------------------------------+--------------------------------+---------+------------+-----------+-----------+------+------------+---------+
        |AXIvideo2MultiPixStream_1_U0     |AXIvideo2MultiPixStream_1       |        2|     8316006|  10.000 ns|  41.580 ms|     2|     8316006|       no|
        |AXIvideo2MultiPixStream_5_U0     |AXIvideo2MultiPixStream_5       |        2|     8316006|  10.000 ns|  41.580 ms|     2|     8316006|       no|
        |AXIvideo2MultiPixStream_U0       |AXIvideo2MultiPixStream         |        2|     8316006|  10.000 ns|  41.580 ms|     2|     8316006|       no|
        |v_mix_420_to_422_false_2_U0      |v_mix_420_to_422_false_2        |        1|     8303041|   5.000 ns|  41.515 ms|     1|     8303041|       no|
        |v_mix_420_to_422_false_6_U0      |v_mix_420_to_422_false_6        |        1|     8303041|   5.000 ns|  41.515 ms|     1|     8303041|       no|
        |v_mix_420_to_422_false_U0        |v_mix_420_to_422_false_s        |        1|     8303041|   5.000 ns|  41.515 ms|     1|     8303041|       no|
        |v_mix_422_to_444_false_3_U0      |v_mix_422_to_444_false_3        |        1|     8303041|   5.000 ns|  41.515 ms|     1|     8303041|       no|
        |v_mix_422_to_444_true_U0         |v_mix_422_to_444_true_s         |        1|  1073938426|   5.000 ns|  5.370 sec|     1|  1073938426|       no|
        |v_mix_422_to_444_false_U0        |v_mix_422_to_444_false_s        |        1|     8303041|   5.000 ns|  41.515 ms|     1|     8303041|       no|
        |v_mix_yuv2rgb_false_4_U0         |v_mix_yuv2rgb_false_4           |        1|     8303041|   5.000 ns|  41.515 ms|     1|     8303041|       no|
        |v_mix_yuv2rgb_true_U0            |v_mix_yuv2rgb_true_s            |        1|     8311681|   5.000 ns|  41.558 ms|     1|     8311681|       no|
        |v_mix_yuv2rgb_false_U0           |v_mix_yuv2rgb_false_s           |        1|     8303041|   5.000 ns|  41.515 ms|     1|     8303041|       no|
        |v_mix_upsample_false_7_U0        |v_mix_upsample_false_7          |        1|     8303041|   5.000 ns|  41.515 ms|     1|     8303041|       no|
        |v_mix_upsample_false_U0          |v_mix_upsample_false_s          |        1|     8303041|   5.000 ns|  41.515 ms|     1|     8303041|       no|
        |v_mix_core_alpha_false_false_U0  |v_mix_core_alpha_false_false_s  |     4417|     8305201|  22.085 us|  41.526 ms|  4417|     8305201|       no|
        |v_mix_core_alpha_true_false_U0   |v_mix_core_alpha_true_false_s   |     4610|     8311682|  23.050 us|  41.558 ms|  4610|     8311682|       no|
        |v_mix_rgb2yuv_false_U0           |v_mix_rgb2yuv_false_s           |     4353|     8303041|  21.765 us|  41.515 ms|  4353|     8303041|       no|
        |v_mix_444_to_422_false_U0        |v_mix_444_to_422_false_s        |     4353|     8303041|  21.765 us|  41.515 ms|  4353|     8303041|       no|
        |v_mix_422_to_420_false_U0        |v_mix_422_to_420_false_s        |     4353|     8303041|  21.765 us|  41.515 ms|  4353|     8303041|       no|
        |MultiPixStream2AXIvideo_U0       |MultiPixStream2AXIvideo         |        2|     8305202|  10.000 ns|  41.526 ms|     2|     8305202|       no|
        +---------------------------------+--------------------------------+---------+------------+-----------+-----------+------+------------+---------+

        * Loop: 
        N/A



================================================================
== Utilization Estimates
================================================================
* Summary: 
+-----------------+---------+-----+--------+-------+-----+
|       Name      | BRAM_18K| DSP |   FF   |  LUT  | URAM|
+-----------------+---------+-----+--------+-------+-----+
|DSP              |        -|    -|       -|      -|    -|
|Expression       |        -|    -|       0|     16|    -|
|FIFO             |        -|    -|    1881|   1273|    -|
|Instance         |        -|    7|    2529|   6135|    -|
|Memory           |        -|    -|       -|      -|    -|
|Multiplexer      |        -|    -|       0|     27|    -|
|Register         |        -|    -|       4|      -|    -|
+-----------------+---------+-----+--------+-------+-----+
|Total            |        0|    7|    4414|   7451|    0|
+-----------------+---------+-----+--------+-------+-----+
|Available        |      432|  360|  141120|  70560|    0|
+-----------------+---------+-----+--------+-------+-----+
|Utilization (%)  |        0|    1|       3|     10|    0|
+-----------------+---------+-----+--------+-------+-----+

+ Detail: 
    * Instance: 
    +---------------------------------+--------------------------------+---------+----+-----+-----+-----+
    |             Instance            |             Module             | BRAM_18K| DSP|  FF | LUT | URAM|
    +---------------------------------+--------------------------------+---------+----+-----+-----+-----+
    |AXIvideo2MultiPixStream_U0       |AXIvideo2MultiPixStream         |        0|   0|  164|  447|    0|
    |AXIvideo2MultiPixStream_1_U0     |AXIvideo2MultiPixStream_1       |        0|   0|  164|  447|    0|
    |AXIvideo2MultiPixStream_5_U0     |AXIvideo2MultiPixStream_5       |        0|   0|  164|  447|    0|
    |MultiPixStream2AXIvideo_U0       |MultiPixStream2AXIvideo         |        0|   0|  139|  332|    0|
    |v_mix_420_to_422_false_2_U0      |v_mix_420_to_422_false_2        |        0|   0|   58|  185|    0|
    |v_mix_420_to_422_false_6_U0      |v_mix_420_to_422_false_6        |        0|   0|   58|  185|    0|
    |v_mix_420_to_422_false_U0        |v_mix_420_to_422_false_s        |        0|   0|   58|  185|    0|
    |v_mix_422_to_420_false_U0        |v_mix_422_to_420_false_s        |        0|   0|   57|  185|    0|
    |v_mix_422_to_444_false_3_U0      |v_mix_422_to_444_false_3        |        0|   0|   58|  185|    0|
    |v_mix_422_to_444_false_U0        |v_mix_422_to_444_false_s        |        0|   0|   58|  185|    0|
    |v_mix_422_to_444_true_U0         |v_mix_422_to_444_true_s         |        0|   0|  370|  696|    0|
    |v_mix_444_to_422_false_U0        |v_mix_444_to_422_false_s        |        0|   0|   57|  185|    0|
    |v_mix_core_alpha_false_false_U0  |v_mix_core_alpha_false_false_s  |        0|   0|  204|  522|    0|
    |v_mix_core_alpha_true_false_U0   |v_mix_core_alpha_true_false_s   |        0|   3|  415|  621|    0|
    |v_mix_rgb2yuv_false_U0           |v_mix_rgb2yuv_false_s           |        0|   0|   57|  185|    0|
    |v_mix_upsample_false_7_U0        |v_mix_upsample_false_7          |        0|   0|   57|  176|    0|
    |v_mix_upsample_false_U0          |v_mix_upsample_false_s          |        0|   0|   57|  176|    0|
    |v_mix_yuv2rgb_false_4_U0         |v_mix_yuv2rgb_false_4           |        0|   0|   58|  185|    0|
    |v_mix_yuv2rgb_false_U0           |v_mix_yuv2rgb_false_s           |        0|   0|   58|  185|    0|
    |v_mix_yuv2rgb_true_U0            |v_mix_yuv2rgb_true_s            |        0|   4|  218|  421|    0|
    +---------------------------------+--------------------------------+---------+----+-----+-----+-----+
    |Total                            |                                |        0|   7| 2529| 6135|    0|
    +---------------------------------+--------------------------------+---------+----+-----+-----+-----+

    * DSP: 
    N/A

    * Memory: 
    N/A

    * FIFO: 
    +-------------------+---------+----+----+-----+------+-----+---------+
    |        Name       | BRAM_18K| FF | LUT| URAM| Depth| Bits| Size:D*B|
    +-------------------+---------+----+----+-----+------+-----+---------+
    |out420_U           |        0|  99|   0|    -|     2|   24|       48|
    |out422_U           |        0|  99|   0|    -|     2|   24|       48|
    |outLayer0_U        |        0|  99|   0|    -|     2|   24|       48|
    |outLayer1_U        |        0|  99|   0|    -|     2|   24|       48|
    |outLayer2_U        |        0|  99|   0|    -|     2|   24|       48|
    |outYuv_U           |        0|  99|   0|    -|     2|   24|       48|
    |srcLayer0Yuv422_U  |        0|  99|   0|    -|     2|   24|       48|
    |srcLayer0Yuv_U     |        0|  99|   0|    -|     2|   24|       48|
    |srcLayer0_U        |        0|  99|   0|    -|     2|   24|       48|
    |srcLayer1Rgb_U     |        0|  99|   0|    -|     2|   24|       48|
    |srcLayer1Yuv422_U  |        0|  99|   0|    -|     2|   24|       48|
    |srcLayer1Yuv_U     |        0|  99|   0|    -|     2|   24|       48|
    |srcLayer1_U        |        0|  99|   0|    -|     2|   24|       48|
    |srcLayer1x_U       |        0|  99|   0|    -|     2|   24|       48|
    |srcLayer2Rgb_U     |        0|  99|   0|    -|     2|   24|       48|
    |srcLayer2Yuv422_U  |        0|  99|   0|    -|     2|   24|       48|
    |srcLayer2Yuv_U     |        0|  99|   0|    -|     2|   24|       48|
    |srcLayer2_U        |        0|  99|   0|    -|     2|   24|       48|
    |srcLayer2x_U       |        0|  99|   0|    -|     2|   24|       48|
    +-------------------+---------+----+----+-----+------+-----+---------+
    |Total              |        0|1881|   0|    0|    38|  456|      912|
    +-------------------+---------+----+----+-----+------+-----+---------+

    * Expression: 
    +-----------------------------------------------+----------+----+---+----+------------+------------+
    |                 Variable Name                 | Operation| DSP| FF| LUT| Bitwidth P0| Bitwidth P1|
    +-----------------------------------------------+----------+----+---+----+------------+------------+
    |AXIvideo2MultiPixStream_1_U0_ap_start          |       and|   0|  0|   2|           1|           1|
    |AXIvideo2MultiPixStream_5_U0_ap_start          |       and|   0|  0|   2|           1|           1|
    |AXIvideo2MultiPixStream_U0_ap_start            |       and|   0|  0|   2|           1|           1|
    |ap_idle                                        |       and|   0|  0|   2|           1|           1|
    |ap_sync_ready                                  |       and|   0|  0|   2|           1|           1|
    |ap_sync_AXIvideo2MultiPixStream_1_U0_ap_ready  |        or|   0|  0|   2|           1|           1|
    |ap_sync_AXIvideo2MultiPixStream_5_U0_ap_ready  |        or|   0|  0|   2|           1|           1|
    |ap_sync_AXIvideo2MultiPixStream_U0_ap_ready    |        or|   0|  0|   2|           1|           1|
    +-----------------------------------------------+----------+----+---+----+------------+------------+
    |Total                                          |          |   0|  0|  16|           8|           8|
    +-----------------------------------------------+----------+----+---+----+------------+------------+

    * Multiplexer: 
    +---------------------------------------------------+----+-----------+-----+-----------+
    |                        Name                       | LUT| Input Size| Bits| Total Bits|
    +---------------------------------------------------+----+-----------+-----+-----------+
    |ap_sync_reg_AXIvideo2MultiPixStream_1_U0_ap_ready  |   9|          2|    1|          2|
    |ap_sync_reg_AXIvideo2MultiPixStream_5_U0_ap_ready  |   9|          2|    1|          2|
    |ap_sync_reg_AXIvideo2MultiPixStream_U0_ap_ready    |   9|          2|    1|          2|
    +---------------------------------------------------+----+-----------+-----+-----------+
    |Total                                              |  27|          6|    3|          6|
    +---------------------------------------------------+----+-----------+-----+-----------+

    * Register: 
    +---------------------------------------------------+---+----+-----+-----------+
    |                        Name                       | FF| LUT| Bits| Const Bits|
    +---------------------------------------------------+---+----+-----+-----------+
    |ap_sync_ready                                      |  1|   0|    1|          0|
    |ap_sync_reg_AXIvideo2MultiPixStream_1_U0_ap_ready  |  1|   0|    1|          0|
    |ap_sync_reg_AXIvideo2MultiPixStream_5_U0_ap_ready  |  1|   0|    1|          0|
    |ap_sync_reg_AXIvideo2MultiPixStream_U0_ap_ready    |  1|   0|    1|          0|
    +---------------------------------------------------+---+----+-----+-----------+
    |Total                                              |  4|   0|    4|          0|
    +---------------------------------------------------+---+----+-----+-----------+



================================================================
== Interface
================================================================
* Summary: 
+---------------------------------------+-----+-----+------------+--------------------------------+--------------+
|               RTL Ports               | Dir | Bits|  Protocol  |          Source Object         |    C Type    |
+---------------------------------------+-----+-----+------------+--------------------------------+--------------+
|HwReg_width_val                        |   in|   12|     ap_none|                 HwReg_width_val|        scalar|
|HwReg_width_val_ap_vld                 |   in|    1|     ap_none|                 HwReg_width_val|        scalar|
|HwReg_height_val                       |   in|   12|     ap_none|                HwReg_height_val|        scalar|
|HwReg_height_val_ap_vld                |   in|    1|     ap_none|                HwReg_height_val|        scalar|
|HwReg_background_Y_R_val12             |   in|    8|     ap_none|      HwReg_background_Y_R_val12|        scalar|
|HwReg_background_Y_R_val12_ap_vld      |   in|    1|     ap_none|      HwReg_background_Y_R_val12|        scalar|
|HwReg_background_U_G_val13             |   in|    8|     ap_none|      HwReg_background_U_G_val13|        scalar|
|HwReg_background_U_G_val13_ap_vld      |   in|    1|     ap_none|      HwReg_background_U_G_val13|        scalar|
|HwReg_background_V_B_val14             |   in|    8|     ap_none|      HwReg_background_V_B_val14|        scalar|
|HwReg_background_V_B_val14_ap_vld      |   in|    1|     ap_none|      HwReg_background_V_B_val14|        scalar|
|HwReg_layerEnable_val16                |   in|    3|     ap_none|         HwReg_layerEnable_val16|        scalar|
|HwReg_layerEnable_val16_ap_vld         |   in|    1|     ap_none|         HwReg_layerEnable_val16|        scalar|
|HwReg_layerEnableFlag_0_val            |   in|    1|     ap_none|     HwReg_layerEnableFlag_0_val|        scalar|
|HwReg_layerEnableFlag_0_val_ap_vld     |   in|    1|     ap_none|     HwReg_layerEnableFlag_0_val|        scalar|
|HwReg_layerEnableFlag_1_val            |   in|    1|     ap_none|     HwReg_layerEnableFlag_1_val|        scalar|
|HwReg_layerEnableFlag_1_val_ap_vld     |   in|    1|     ap_none|     HwReg_layerEnableFlag_1_val|        scalar|
|HwReg_layerEnableFlag_2_val            |   in|    1|     ap_none|     HwReg_layerEnableFlag_2_val|        scalar|
|HwReg_layerEnableFlag_2_val_ap_vld     |   in|    1|     ap_none|     HwReg_layerEnableFlag_2_val|        scalar|
|HwReg_layerAlpha_2_val17               |   in|    9|     ap_none|        HwReg_layerAlpha_2_val17|        scalar|
|HwReg_layerAlpha_2_val17_ap_vld        |   in|    1|     ap_none|        HwReg_layerAlpha_2_val17|        scalar|
|HwReg_layerStartX_1_val18              |   in|   16|     ap_none|       HwReg_layerStartX_1_val18|        scalar|
|HwReg_layerStartX_1_val18_ap_vld       |   in|    1|     ap_none|       HwReg_layerStartX_1_val18|        scalar|
|HwReg_layerStartX_2_val19              |   in|   16|     ap_none|       HwReg_layerStartX_2_val19|        scalar|
|HwReg_layerStartX_2_val19_ap_vld       |   in|    1|     ap_none|       HwReg_layerStartX_2_val19|        scalar|
|HwReg_layerStartY_1_val20              |   in|   16|     ap_none|       HwReg_layerStartY_1_val20|        scalar|
|HwReg_layerStartY_1_val20_ap_vld       |   in|    1|     ap_none|       HwReg_layerStartY_1_val20|        scalar|
|HwReg_layerStartY_2_val21              |   in|   16|     ap_none|       HwReg_layerStartY_2_val21|        scalar|
|HwReg_layerStartY_2_val21_ap_vld       |   in|    1|     ap_none|       HwReg_layerStartY_2_val21|        scalar|
|HwReg_layerWidth_1_val                 |   in|   16|     ap_none|          HwReg_layerWidth_1_val|        scalar|
|HwReg_layerWidth_1_val_ap_vld          |   in|    1|     ap_none|          HwReg_layerWidth_1_val|        scalar|
|HwReg_layerWidth_2_val                 |   in|   16|     ap_none|          HwReg_layerWidth_2_val|        scalar|
|HwReg_layerWidth_2_val_ap_vld          |   in|    1|     ap_none|          HwReg_layerWidth_2_val|        scalar|
|HwReg_layerHeight_1_val                |   in|   16|     ap_none|         HwReg_layerHeight_1_val|        scalar|
|HwReg_layerHeight_1_val_ap_vld         |   in|    1|     ap_none|         HwReg_layerHeight_1_val|        scalar|
|HwReg_layerHeight_2_val                |   in|   16|     ap_none|         HwReg_layerHeight_2_val|        scalar|
|HwReg_layerHeight_2_val_ap_vld         |   in|    1|     ap_none|         HwReg_layerHeight_2_val|        scalar|
|HwReg_layerScaleFactor_1_val26         |   in|    8|     ap_none|  HwReg_layerScaleFactor_1_val26|        scalar|
|HwReg_layerScaleFactor_1_val26_ap_vld  |   in|    1|     ap_none|  HwReg_layerScaleFactor_1_val26|        scalar|
|HwReg_layerScaleFactor_2_val27         |   in|    8|     ap_none|  HwReg_layerScaleFactor_2_val27|        scalar|
|HwReg_layerScaleFactor_2_val27_ap_vld  |   in|    1|     ap_none|  HwReg_layerScaleFactor_2_val27|        scalar|
|s_axis_video_TDATA                     |   in|   24|        axis|           s_axis_video_V_data_V|       pointer|
|s_axis_video_TKEEP                     |   in|    3|        axis|           s_axis_video_V_keep_V|       pointer|
|s_axis_video_TSTRB                     |   in|    3|        axis|           s_axis_video_V_strb_V|       pointer|
|s_axis_video_TUSER                     |   in|    1|        axis|           s_axis_video_V_user_V|       pointer|
|s_axis_video_TLAST                     |   in|    1|        axis|           s_axis_video_V_last_V|       pointer|
|s_axis_video_TID                       |   in|    1|        axis|             s_axis_video_V_id_V|       pointer|
|s_axis_video_TDEST                     |   in|    1|        axis|           s_axis_video_V_dest_V|       pointer|
|s_axis_video_TVALID                    |   in|    1|        axis|           s_axis_video_V_dest_V|       pointer|
|s_axis_video_TREADY                    |  out|    1|        axis|           s_axis_video_V_dest_V|       pointer|
|s_axis_video1_TDATA                    |   in|   24|        axis|          s_axis_video1_V_data_V|       pointer|
|s_axis_video1_TKEEP                    |   in|    3|        axis|          s_axis_video1_V_keep_V|       pointer|
|s_axis_video1_TSTRB                    |   in|    3|        axis|          s_axis_video1_V_strb_V|       pointer|
|s_axis_video1_TUSER                    |   in|    1|        axis|          s_axis_video1_V_user_V|       pointer|
|s_axis_video1_TLAST                    |   in|    1|        axis|          s_axis_video1_V_last_V|       pointer|
|s_axis_video1_TID                      |   in|    1|        axis|            s_axis_video1_V_id_V|       pointer|
|s_axis_video1_TDEST                    |   in|    1|        axis|          s_axis_video1_V_dest_V|       pointer|
|s_axis_video1_TVALID                   |   in|    1|        axis|          s_axis_video1_V_dest_V|       pointer|
|s_axis_video1_TREADY                   |  out|    1|        axis|          s_axis_video1_V_dest_V|       pointer|
|s_axis_video2_TDATA                    |   in|   24|        axis|          s_axis_video2_V_data_V|       pointer|
|s_axis_video2_TKEEP                    |   in|    3|        axis|          s_axis_video2_V_keep_V|       pointer|
|s_axis_video2_TSTRB                    |   in|    3|        axis|          s_axis_video2_V_strb_V|       pointer|
|s_axis_video2_TUSER                    |   in|    1|        axis|          s_axis_video2_V_user_V|       pointer|
|s_axis_video2_TLAST                    |   in|    1|        axis|          s_axis_video2_V_last_V|       pointer|
|s_axis_video2_TID                      |   in|    1|        axis|            s_axis_video2_V_id_V|       pointer|
|s_axis_video2_TDEST                    |   in|    1|        axis|          s_axis_video2_V_dest_V|       pointer|
|s_axis_video2_TVALID                   |   in|    1|        axis|          s_axis_video2_V_dest_V|       pointer|
|s_axis_video2_TREADY                   |  out|    1|        axis|          s_axis_video2_V_dest_V|       pointer|
|m_axis_video_TDATA                     |  out|   24|        axis|           m_axis_video_V_data_V|       pointer|
|m_axis_video_TKEEP                     |  out|    3|        axis|           m_axis_video_V_keep_V|       pointer|
|m_axis_video_TSTRB                     |  out|    3|        axis|           m_axis_video_V_strb_V|       pointer|
|m_axis_video_TUSER                     |  out|    1|        axis|           m_axis_video_V_user_V|       pointer|
|m_axis_video_TLAST                     |  out|    1|        axis|           m_axis_video_V_last_V|       pointer|
|m_axis_video_TID                       |  out|    1|        axis|             m_axis_video_V_id_V|       pointer|
|m_axis_video_TDEST                     |  out|    1|        axis|           m_axis_video_V_dest_V|       pointer|
|m_axis_video_TVALID                    |  out|    1|        axis|           m_axis_video_V_dest_V|       pointer|
|m_axis_video_TREADY                    |   in|    1|        axis|           m_axis_video_V_dest_V|       pointer|
|ap_clk                                 |   in|    1|  ap_ctrl_hs|         VMixHlsDataFlowFunction|  return value|
|ap_rst                                 |   in|    1|  ap_ctrl_hs|         VMixHlsDataFlowFunction|  return value|
|ap_start                               |   in|    1|  ap_ctrl_hs|         VMixHlsDataFlowFunction|  return value|
|ap_done                                |  out|    1|  ap_ctrl_hs|         VMixHlsDataFlowFunction|  return value|
|ap_ready                               |  out|    1|  ap_ctrl_hs|         VMixHlsDataFlowFunction|  return value|
|ap_idle                                |  out|    1|  ap_ctrl_hs|         VMixHlsDataFlowFunction|  return value|
|ap_continue                            |   in|    1|  ap_ctrl_hs|         VMixHlsDataFlowFunction|  return value|
+---------------------------------------+-----+-----+------------+--------------------------------+--------------+

============================================================
+ Verbose Summary: Synthesis Manager
============================================================
InlineROM: 1
ExposeGlobal: 0
============================================================
+ Verbose Summary: CDFG Model
============================================================
IsTopModel: 0
ResetActiveHigh: 1
IsCombinational: 2
IsDatapathOnly: 2
HasWiredReturn: 1
HasMFsm: 0
HasVarLatency: 1
IsPipeline: 0
IsRtlPipelined: 0
IsInstanceOverlapped: 0
IsDontTouch: 0
HasImplIP: 0
IsGatedGlobalClock: 0


============================================================
+ Verbose Summary: Schedule
============================================================
* Number of FSM states : 22
* Pipeline : 0
* Dataflow Pipeline: 1
  DF-Pipeline-0: Size = 22, States = { 1 2 3 4 5 6 7 8 9 10 11 12 13 14 15 16 17 18 19 20 21 22 }

* FSM state transitions: 
1 --> 2 
2 --> 3 
3 --> 4 
4 --> 5 
5 --> 6 
6 --> 7 
7 --> 8 
8 --> 9 
9 --> 10 
10 --> 11 
11 --> 12 
12 --> 13 
13 --> 14 
14 --> 15 
15 --> 16 
16 --> 17 
17 --> 18 
18 --> 19 
19 --> 20 
20 --> 21 
21 --> 22 
22 --> 

* FSM state operations: 

State 1 <SV = 0> <Delay = 1.82>
ST_1 : Operation 23 [1/1] (0.00ns)   --->   "%HwReg_layerHeight_2_val_read = read i16 @_ssdm_op_Read.ap_auto.i16, i16 %HwReg_layerHeight_2_val"   --->   Operation 23 'read' 'HwReg_layerHeight_2_val_read' <Predicate = true> <Delay = 0.00>
ST_1 : Operation 24 [1/1] (0.00ns)   --->   "%HwReg_layerHeight_1_val_read = read i16 @_ssdm_op_Read.ap_auto.i16, i16 %HwReg_layerHeight_1_val"   --->   Operation 24 'read' 'HwReg_layerHeight_1_val_read' <Predicate = true> <Delay = 0.00>
ST_1 : Operation 25 [1/1] (0.00ns)   --->   "%HwReg_layerWidth_2_val_read = read i16 @_ssdm_op_Read.ap_auto.i16, i16 %HwReg_layerWidth_2_val"   --->   Operation 25 'read' 'HwReg_layerWidth_2_val_read' <Predicate = true> <Delay = 0.00>
ST_1 : Operation 26 [1/1] (0.00ns)   --->   "%HwReg_layerWidth_1_val_read = read i16 @_ssdm_op_Read.ap_auto.i16, i16 %HwReg_layerWidth_1_val"   --->   Operation 26 'read' 'HwReg_layerWidth_1_val_read' <Predicate = true> <Delay = 0.00>
ST_1 : Operation 27 [1/1] (0.00ns)   --->   "%HwReg_layerEnableFlag_2_val_read = read i1 @_ssdm_op_Read.ap_auto.i1, i1 %HwReg_layerEnableFlag_2_val"   --->   Operation 27 'read' 'HwReg_layerEnableFlag_2_val_read' <Predicate = true> <Delay = 0.00>
ST_1 : Operation 28 [1/1] (0.00ns)   --->   "%HwReg_layerEnableFlag_1_val_read = read i1 @_ssdm_op_Read.ap_auto.i1, i1 %HwReg_layerEnableFlag_1_val"   --->   Operation 28 'read' 'HwReg_layerEnableFlag_1_val_read' <Predicate = true> <Delay = 0.00>
ST_1 : Operation 29 [1/1] (0.00ns)   --->   "%HwReg_layerEnableFlag_0_val_read = read i1 @_ssdm_op_Read.ap_auto.i1, i1 %HwReg_layerEnableFlag_0_val"   --->   Operation 29 'read' 'HwReg_layerEnableFlag_0_val_read' <Predicate = true> <Delay = 0.00>
ST_1 : Operation 30 [1/1] (0.00ns)   --->   "%HwReg_height_val_read = read i12 @_ssdm_op_Read.ap_auto.i12, i12 %HwReg_height_val"   --->   Operation 30 'read' 'HwReg_height_val_read' <Predicate = true> <Delay = 0.00>
ST_1 : Operation 31 [1/1] (0.00ns)   --->   "%HwReg_width_val_read = read i12 @_ssdm_op_Read.ap_auto.i12, i12 %HwReg_width_val"   --->   Operation 31 'read' 'HwReg_width_val_read' <Predicate = true> <Delay = 0.00>
ST_1 : Operation 32 [1/1] (0.00ns)   --->   "%empty = trunc i16 %HwReg_layerWidth_2_val_read"   --->   Operation 32 'trunc' 'empty' <Predicate = true> <Delay = 0.00>
ST_1 : Operation 33 [1/1] (0.00ns)   --->   "%empty_156 = trunc i16 %HwReg_layerHeight_2_val_read"   --->   Operation 33 'trunc' 'empty_156' <Predicate = true> <Delay = 0.00>
ST_1 : Operation 34 [1/1] (0.00ns)   --->   "%empty_158 = trunc i16 %HwReg_layerWidth_1_val_read"   --->   Operation 34 'trunc' 'empty_158' <Predicate = true> <Delay = 0.00>
ST_1 : Operation 35 [1/1] (0.00ns)   --->   "%empty_159 = trunc i16 %HwReg_layerHeight_1_val_read"   --->   Operation 35 'trunc' 'empty_159' <Predicate = true> <Delay = 0.00>
ST_1 : Operation 36 [1/1] (0.00ns)   --->   "%srcLayer0 = alloca i32 1"   --->   Operation 36 'alloca' 'srcLayer0' <Predicate = true> <Delay = 0.00> <CoreInst = "FIFO_SRL">   --->   Core 80 'FIFO_SRL' <Latency = 0> <II = 1> <Delay = 2.16> <Storage> <Opcode : 'read' 'write' 'nbread' 'nbwrite'> <Ports = 0> <Width = 24> <Depth = 2> <FIFO>
ST_1 : Operation 37 [1/1] (0.00ns)   --->   "%srcLayer0Yuv422 = alloca i32 1"   --->   Operation 37 'alloca' 'srcLayer0Yuv422' <Predicate = true> <Delay = 0.00> <CoreInst = "FIFO_SRL">   --->   Core 80 'FIFO_SRL' <Latency = 0> <II = 1> <Delay = 2.16> <Storage> <Opcode : 'read' 'write' 'nbread' 'nbwrite'> <Ports = 0> <Width = 24> <Depth = 2> <FIFO>
ST_1 : Operation 38 [1/1] (0.00ns)   --->   "%srcLayer0Yuv = alloca i32 1"   --->   Operation 38 'alloca' 'srcLayer0Yuv' <Predicate = true> <Delay = 0.00> <CoreInst = "FIFO_SRL">   --->   Core 80 'FIFO_SRL' <Latency = 0> <II = 1> <Delay = 2.16> <Storage> <Opcode : 'read' 'write' 'nbread' 'nbwrite'> <Ports = 0> <Width = 24> <Depth = 2> <FIFO>
ST_1 : Operation 39 [1/1] (0.00ns)   --->   "%outLayer0 = alloca i32 1"   --->   Operation 39 'alloca' 'outLayer0' <Predicate = true> <Delay = 0.00> <CoreInst = "FIFO_SRL">   --->   Core 80 'FIFO_SRL' <Latency = 0> <II = 1> <Delay = 2.16> <Storage> <Opcode : 'read' 'write' 'nbread' 'nbwrite'> <Ports = 0> <Width = 24> <Depth = 2> <FIFO>
ST_1 : Operation 40 [1/1] (0.00ns)   --->   "%outYuv = alloca i32 1"   --->   Operation 40 'alloca' 'outYuv' <Predicate = true> <Delay = 0.00> <CoreInst = "FIFO_SRL">   --->   Core 80 'FIFO_SRL' <Latency = 0> <II = 1> <Delay = 2.16> <Storage> <Opcode : 'read' 'write' 'nbread' 'nbwrite'> <Ports = 0> <Width = 24> <Depth = 2> <FIFO>
ST_1 : Operation 41 [1/1] (0.00ns)   --->   "%out422 = alloca i32 1"   --->   Operation 41 'alloca' 'out422' <Predicate = true> <Delay = 0.00> <CoreInst = "FIFO_SRL">   --->   Core 80 'FIFO_SRL' <Latency = 0> <II = 1> <Delay = 2.16> <Storage> <Opcode : 'read' 'write' 'nbread' 'nbwrite'> <Ports = 0> <Width = 24> <Depth = 2> <FIFO>
ST_1 : Operation 42 [1/1] (0.00ns)   --->   "%out420 = alloca i32 1"   --->   Operation 42 'alloca' 'out420' <Predicate = true> <Delay = 0.00> <CoreInst = "FIFO_SRL">   --->   Core 80 'FIFO_SRL' <Latency = 0> <II = 1> <Delay = 2.16> <Storage> <Opcode : 'read' 'write' 'nbread' 'nbwrite'> <Ports = 0> <Width = 24> <Depth = 2> <FIFO>
ST_1 : Operation 43 [1/1] (0.00ns)   --->   "%srcLayer1 = alloca i32 1"   --->   Operation 43 'alloca' 'srcLayer1' <Predicate = true> <Delay = 0.00> <CoreInst = "FIFO_SRL">   --->   Core 80 'FIFO_SRL' <Latency = 0> <II = 1> <Delay = 2.16> <Storage> <Opcode : 'read' 'write' 'nbread' 'nbwrite'> <Ports = 0> <Width = 24> <Depth = 2> <FIFO>
ST_1 : Operation 44 [1/1] (0.00ns)   --->   "%srcLayer1x = alloca i32 1"   --->   Operation 44 'alloca' 'srcLayer1x' <Predicate = true> <Delay = 0.00> <CoreInst = "FIFO_SRL">   --->   Core 80 'FIFO_SRL' <Latency = 0> <II = 1> <Delay = 2.16> <Storage> <Opcode : 'read' 'write' 'nbread' 'nbwrite'> <Ports = 0> <Width = 24> <Depth = 2> <FIFO>
ST_1 : Operation 45 [1/1] (0.00ns)   --->   "%outLayer1 = alloca i32 1"   --->   Operation 45 'alloca' 'outLayer1' <Predicate = true> <Delay = 0.00> <CoreInst = "FIFO_SRL">   --->   Core 80 'FIFO_SRL' <Latency = 0> <II = 1> <Delay = 2.16> <Storage> <Opcode : 'read' 'write' 'nbread' 'nbwrite'> <Ports = 0> <Width = 24> <Depth = 2> <FIFO>
ST_1 : Operation 46 [1/1] (0.00ns)   --->   "%srcLayer1Yuv = alloca i32 1"   --->   Operation 46 'alloca' 'srcLayer1Yuv' <Predicate = true> <Delay = 0.00> <CoreInst = "FIFO_SRL">   --->   Core 80 'FIFO_SRL' <Latency = 0> <II = 1> <Delay = 2.16> <Storage> <Opcode : 'read' 'write' 'nbread' 'nbwrite'> <Ports = 0> <Width = 24> <Depth = 2> <FIFO>
ST_1 : Operation 47 [1/1] (0.00ns)   --->   "%srcLayer1Yuv422 = alloca i32 1"   --->   Operation 47 'alloca' 'srcLayer1Yuv422' <Predicate = true> <Delay = 0.00> <CoreInst = "FIFO_SRL">   --->   Core 80 'FIFO_SRL' <Latency = 0> <II = 1> <Delay = 2.16> <Storage> <Opcode : 'read' 'write' 'nbread' 'nbwrite'> <Ports = 0> <Width = 24> <Depth = 2> <FIFO>
ST_1 : Operation 48 [1/1] (0.00ns)   --->   "%srcLayer1Rgb = alloca i32 1"   --->   Operation 48 'alloca' 'srcLayer1Rgb' <Predicate = true> <Delay = 0.00> <CoreInst = "FIFO_SRL">   --->   Core 80 'FIFO_SRL' <Latency = 0> <II = 1> <Delay = 2.16> <Storage> <Opcode : 'read' 'write' 'nbread' 'nbwrite'> <Ports = 0> <Width = 24> <Depth = 2> <FIFO>
ST_1 : Operation 49 [1/1] (0.00ns)   --->   "%srcLayer2 = alloca i32 1"   --->   Operation 49 'alloca' 'srcLayer2' <Predicate = true> <Delay = 0.00> <CoreInst = "FIFO_SRL">   --->   Core 80 'FIFO_SRL' <Latency = 0> <II = 1> <Delay = 2.16> <Storage> <Opcode : 'read' 'write' 'nbread' 'nbwrite'> <Ports = 0> <Width = 24> <Depth = 2> <FIFO>
ST_1 : Operation 50 [1/1] (0.00ns)   --->   "%srcLayer2x = alloca i32 1"   --->   Operation 50 'alloca' 'srcLayer2x' <Predicate = true> <Delay = 0.00> <CoreInst = "FIFO_SRL">   --->   Core 80 'FIFO_SRL' <Latency = 0> <II = 1> <Delay = 2.16> <Storage> <Opcode : 'read' 'write' 'nbread' 'nbwrite'> <Ports = 0> <Width = 24> <Depth = 2> <FIFO>
ST_1 : Operation 51 [1/1] (0.00ns)   --->   "%outLayer2 = alloca i32 1"   --->   Operation 51 'alloca' 'outLayer2' <Predicate = true> <Delay = 0.00> <CoreInst = "FIFO_SRL">   --->   Core 80 'FIFO_SRL' <Latency = 0> <II = 1> <Delay = 2.16> <Storage> <Opcode : 'read' 'write' 'nbread' 'nbwrite'> <Ports = 0> <Width = 24> <Depth = 2> <FIFO>
ST_1 : Operation 52 [1/1] (0.00ns)   --->   "%srcLayer2Yuv = alloca i32 1"   --->   Operation 52 'alloca' 'srcLayer2Yuv' <Predicate = true> <Delay = 0.00> <CoreInst = "FIFO_SRL">   --->   Core 80 'FIFO_SRL' <Latency = 0> <II = 1> <Delay = 2.16> <Storage> <Opcode : 'read' 'write' 'nbread' 'nbwrite'> <Ports = 0> <Width = 24> <Depth = 2> <FIFO>
ST_1 : Operation 53 [1/1] (0.00ns)   --->   "%srcLayer2Yuv422 = alloca i32 1"   --->   Operation 53 'alloca' 'srcLayer2Yuv422' <Predicate = true> <Delay = 0.00> <CoreInst = "FIFO_SRL">   --->   Core 80 'FIFO_SRL' <Latency = 0> <II = 1> <Delay = 2.16> <Storage> <Opcode : 'read' 'write' 'nbread' 'nbwrite'> <Ports = 0> <Width = 24> <Depth = 2> <FIFO>
ST_1 : Operation 54 [1/1] (0.00ns)   --->   "%srcLayer2Rgb = alloca i32 1"   --->   Operation 54 'alloca' 'srcLayer2Rgb' <Predicate = true> <Delay = 0.00> <CoreInst = "FIFO_SRL">   --->   Core 80 'FIFO_SRL' <Latency = 0> <II = 1> <Delay = 2.16> <Storage> <Opcode : 'read' 'write' 'nbread' 'nbwrite'> <Ports = 0> <Width = 24> <Depth = 2> <FIFO>
ST_1 : Operation 55 [2/2] (0.62ns)   --->   "%call_ln630 = call void @AXIvideo2MultiPixStream.1, i24 %s_axis_video_V_data_V, i3 %s_axis_video_V_keep_V, i3 %s_axis_video_V_strb_V, i1 %s_axis_video_V_user_V, i1 %s_axis_video_V_last_V, i1 %s_axis_video_V_id_V, i1 %s_axis_video_V_dest_V, i24 %srcLayer0, i12 %HwReg_height_val_read, i12 %HwReg_width_val_read, i1 %HwReg_layerEnableFlag_0_val_read" [/home/e/Documents/research/byotee/OSDZU3_Ref_Design/OSDZU3_Ref_Design.runs/design_1_v_mix_0_0_synth_1/prj/sol/.autopilot/db/v_mix.cpp:630]   --->   Operation 55 'call' 'call_ln630' <Predicate = true> <Delay = 0.62> <CoreType = "Generic">   --->   Generic Core
ST_1 : Operation 56 [2/2] (1.82ns)   --->   "%call_ln704 = call void @AXIvideo2MultiPixStream.5, i24 %s_axis_video1_V_data_V, i3 %s_axis_video1_V_keep_V, i3 %s_axis_video1_V_strb_V, i1 %s_axis_video1_V_user_V, i1 %s_axis_video1_V_last_V, i1 %s_axis_video1_V_id_V, i1 %s_axis_video1_V_dest_V, i24 %srcLayer1, i12 %empty_159, i12 %empty_158, i1 %HwReg_layerEnableFlag_1_val_read" [/home/e/Documents/research/byotee/OSDZU3_Ref_Design/OSDZU3_Ref_Design.runs/design_1_v_mix_0_0_synth_1/prj/sol/.autopilot/db/v_mix.cpp:704]   --->   Operation 56 'call' 'call_ln704' <Predicate = true> <Delay = 1.82> <CoreType = "Generic">   --->   Generic Core
ST_1 : Operation 57 [2/2] (1.82ns)   --->   "%call_ln787 = call void @AXIvideo2MultiPixStream, i24 %s_axis_video2_V_data_V, i3 %s_axis_video2_V_keep_V, i3 %s_axis_video2_V_strb_V, i1 %s_axis_video2_V_user_V, i1 %s_axis_video2_V_last_V, i1 %s_axis_video2_V_id_V, i1 %s_axis_video2_V_dest_V, i24 %srcLayer2, i12 %empty_156, i12 %empty, i1 %HwReg_layerEnableFlag_2_val_read" [/home/e/Documents/research/byotee/OSDZU3_Ref_Design/OSDZU3_Ref_Design.runs/design_1_v_mix_0_0_synth_1/prj/sol/.autopilot/db/v_mix.cpp:787]   --->   Operation 57 'call' 'call_ln787' <Predicate = true> <Delay = 1.82> <CoreType = "Generic">   --->   Generic Core

State 2 <SV = 1> <Delay = 0.00>
ST_2 : Operation 58 [1/2] (0.00ns)   --->   "%call_ln630 = call void @AXIvideo2MultiPixStream.1, i24 %s_axis_video_V_data_V, i3 %s_axis_video_V_keep_V, i3 %s_axis_video_V_strb_V, i1 %s_axis_video_V_user_V, i1 %s_axis_video_V_last_V, i1 %s_axis_video_V_id_V, i1 %s_axis_video_V_dest_V, i24 %srcLayer0, i12 %HwReg_height_val_read, i12 %HwReg_width_val_read, i1 %HwReg_layerEnableFlag_0_val_read" [/home/e/Documents/research/byotee/OSDZU3_Ref_Design/OSDZU3_Ref_Design.runs/design_1_v_mix_0_0_synth_1/prj/sol/.autopilot/db/v_mix.cpp:630]   --->   Operation 58 'call' 'call_ln630' <Predicate = true> <Delay = 0.00> <CoreType = "Generic">   --->   Generic Core
ST_2 : Operation 59 [1/2] (0.00ns)   --->   "%call_ln704 = call void @AXIvideo2MultiPixStream.5, i24 %s_axis_video1_V_data_V, i3 %s_axis_video1_V_keep_V, i3 %s_axis_video1_V_strb_V, i1 %s_axis_video1_V_user_V, i1 %s_axis_video1_V_last_V, i1 %s_axis_video1_V_id_V, i1 %s_axis_video1_V_dest_V, i24 %srcLayer1, i12 %empty_159, i12 %empty_158, i1 %HwReg_layerEnableFlag_1_val_read" [/home/e/Documents/research/byotee/OSDZU3_Ref_Design/OSDZU3_Ref_Design.runs/design_1_v_mix_0_0_synth_1/prj/sol/.autopilot/db/v_mix.cpp:704]   --->   Operation 59 'call' 'call_ln704' <Predicate = true> <Delay = 0.00> <CoreType = "Generic">   --->   Generic Core
ST_2 : Operation 60 [1/2] (0.00ns)   --->   "%call_ln787 = call void @AXIvideo2MultiPixStream, i24 %s_axis_video2_V_data_V, i3 %s_axis_video2_V_keep_V, i3 %s_axis_video2_V_strb_V, i1 %s_axis_video2_V_user_V, i1 %s_axis_video2_V_last_V, i1 %s_axis_video2_V_id_V, i1 %s_axis_video2_V_dest_V, i24 %srcLayer2, i12 %empty_156, i12 %empty, i1 %HwReg_layerEnableFlag_2_val_read" [/home/e/Documents/research/byotee/OSDZU3_Ref_Design/OSDZU3_Ref_Design.runs/design_1_v_mix_0_0_synth_1/prj/sol/.autopilot/db/v_mix.cpp:787]   --->   Operation 60 'call' 'call_ln787' <Predicate = true> <Delay = 0.00> <CoreType = "Generic">   --->   Generic Core

State 3 <SV = 2> <Delay = 1.82>
ST_3 : Operation 61 [2/2] (0.48ns)   --->   "%call_ln634 = call void @v_mix_420_to_422<false>.2, i24 %srcLayer0, i12 %HwReg_height_val_read, i12 %HwReg_width_val_read, i1 %HwReg_layerEnableFlag_0_val_read, i24 %srcLayer0Yuv422" [/home/e/Documents/research/byotee/OSDZU3_Ref_Design/OSDZU3_Ref_Design.runs/design_1_v_mix_0_0_synth_1/prj/sol/.autopilot/db/v_mix.cpp:634]   --->   Operation 61 'call' 'call_ln634' <Predicate = true> <Delay = 0.48> <CoreType = "Generic">   --->   Generic Core
ST_3 : Operation 62 [2/2] (1.82ns)   --->   "%call_ln709 = call void @v_mix_420_to_422<false>.6, i24 %srcLayer1, i12 %empty_159, i12 %empty_158, i1 %HwReg_layerEnableFlag_1_val_read, i24 %srcLayer1Yuv422" [/home/e/Documents/research/byotee/OSDZU3_Ref_Design/OSDZU3_Ref_Design.runs/design_1_v_mix_0_0_synth_1/prj/sol/.autopilot/db/v_mix.cpp:709]   --->   Operation 62 'call' 'call_ln709' <Predicate = true> <Delay = 1.82> <CoreType = "Generic">   --->   Generic Core
ST_3 : Operation 63 [2/2] (1.82ns)   --->   "%call_ln792 = call void @v_mix_420_to_422<false>, i24 %srcLayer2, i12 %empty_156, i12 %empty, i1 %HwReg_layerEnableFlag_2_val_read, i24 %srcLayer2Yuv422" [/home/e/Documents/research/byotee/OSDZU3_Ref_Design/OSDZU3_Ref_Design.runs/design_1_v_mix_0_0_synth_1/prj/sol/.autopilot/db/v_mix.cpp:792]   --->   Operation 63 'call' 'call_ln792' <Predicate = true> <Delay = 1.82> <CoreType = "Generic">   --->   Generic Core

State 4 <SV = 3> <Delay = 0.00>
ST_4 : Operation 64 [1/2] (0.00ns)   --->   "%call_ln634 = call void @v_mix_420_to_422<false>.2, i24 %srcLayer0, i12 %HwReg_height_val_read, i12 %HwReg_width_val_read, i1 %HwReg_layerEnableFlag_0_val_read, i24 %srcLayer0Yuv422" [/home/e/Documents/research/byotee/OSDZU3_Ref_Design/OSDZU3_Ref_Design.runs/design_1_v_mix_0_0_synth_1/prj/sol/.autopilot/db/v_mix.cpp:634]   --->   Operation 64 'call' 'call_ln634' <Predicate = true> <Delay = 0.00> <CoreType = "Generic">   --->   Generic Core
ST_4 : Operation 65 [1/2] (0.00ns)   --->   "%call_ln709 = call void @v_mix_420_to_422<false>.6, i24 %srcLayer1, i12 %empty_159, i12 %empty_158, i1 %HwReg_layerEnableFlag_1_val_read, i24 %srcLayer1Yuv422" [/home/e/Documents/research/byotee/OSDZU3_Ref_Design/OSDZU3_Ref_Design.runs/design_1_v_mix_0_0_synth_1/prj/sol/.autopilot/db/v_mix.cpp:709]   --->   Operation 65 'call' 'call_ln709' <Predicate = true> <Delay = 0.00> <CoreType = "Generic">   --->   Generic Core
ST_4 : Operation 66 [1/2] (0.00ns)   --->   "%call_ln792 = call void @v_mix_420_to_422<false>, i24 %srcLayer2, i12 %empty_156, i12 %empty, i1 %HwReg_layerEnableFlag_2_val_read, i24 %srcLayer2Yuv422" [/home/e/Documents/research/byotee/OSDZU3_Ref_Design/OSDZU3_Ref_Design.runs/design_1_v_mix_0_0_synth_1/prj/sol/.autopilot/db/v_mix.cpp:792]   --->   Operation 66 'call' 'call_ln792' <Predicate = true> <Delay = 0.00> <CoreType = "Generic">   --->   Generic Core

State 5 <SV = 4> <Delay = 2.03>
ST_5 : Operation 67 [2/2] (0.48ns)   --->   "%call_ln638 = call void @v_mix_422_to_444<false>.3, i24 %srcLayer0Yuv422, i12 %HwReg_height_val_read, i12 %HwReg_width_val_read, i1 %HwReg_layerEnableFlag_0_val_read, i24 %srcLayer0Yuv" [/home/e/Documents/research/byotee/OSDZU3_Ref_Design/OSDZU3_Ref_Design.runs/design_1_v_mix_0_0_synth_1/prj/sol/.autopilot/db/v_mix.cpp:638]   --->   Operation 67 'call' 'call_ln638' <Predicate = true> <Delay = 0.48> <CoreType = "Generic">   --->   Generic Core
ST_5 : Operation 68 [2/2] (2.03ns)   --->   "%call_ln712 = call void @v_mix_422_to_444<true>, i24 %srcLayer1Yuv422, i16 %HwReg_layerHeight_1_val_read, i16 %HwReg_layerWidth_1_val_read, i1 %HwReg_layerEnableFlag_1_val_read, i24 %srcLayer1Yuv" [/home/e/Documents/research/byotee/OSDZU3_Ref_Design/OSDZU3_Ref_Design.runs/design_1_v_mix_0_0_synth_1/prj/sol/.autopilot/db/v_mix.cpp:712]   --->   Operation 68 'call' 'call_ln712' <Predicate = true> <Delay = 2.03> <CoreType = "Generic">   --->   Generic Core
ST_5 : Operation 69 [2/2] (1.82ns)   --->   "%call_ln795 = call void @v_mix_422_to_444<false>, i24 %srcLayer2Yuv422, i12 %empty_156, i12 %empty, i1 %HwReg_layerEnableFlag_2_val_read, i24 %srcLayer2Yuv" [/home/e/Documents/research/byotee/OSDZU3_Ref_Design/OSDZU3_Ref_Design.runs/design_1_v_mix_0_0_synth_1/prj/sol/.autopilot/db/v_mix.cpp:795]   --->   Operation 69 'call' 'call_ln795' <Predicate = true> <Delay = 1.82> <CoreType = "Generic">   --->   Generic Core

State 6 <SV = 5> <Delay = 0.00>
ST_6 : Operation 70 [1/2] (0.00ns)   --->   "%call_ln638 = call void @v_mix_422_to_444<false>.3, i24 %srcLayer0Yuv422, i12 %HwReg_height_val_read, i12 %HwReg_width_val_read, i1 %HwReg_layerEnableFlag_0_val_read, i24 %srcLayer0Yuv" [/home/e/Documents/research/byotee/OSDZU3_Ref_Design/OSDZU3_Ref_Design.runs/design_1_v_mix_0_0_synth_1/prj/sol/.autopilot/db/v_mix.cpp:638]   --->   Operation 70 'call' 'call_ln638' <Predicate = true> <Delay = 0.00> <CoreType = "Generic">   --->   Generic Core
ST_6 : Operation 71 [1/2] (0.00ns)   --->   "%call_ln712 = call void @v_mix_422_to_444<true>, i24 %srcLayer1Yuv422, i16 %HwReg_layerHeight_1_val_read, i16 %HwReg_layerWidth_1_val_read, i1 %HwReg_layerEnableFlag_1_val_read, i24 %srcLayer1Yuv" [/home/e/Documents/research/byotee/OSDZU3_Ref_Design/OSDZU3_Ref_Design.runs/design_1_v_mix_0_0_synth_1/prj/sol/.autopilot/db/v_mix.cpp:712]   --->   Operation 71 'call' 'call_ln712' <Predicate = true> <Delay = 0.00> <CoreType = "Generic">   --->   Generic Core
ST_6 : Operation 72 [1/2] (0.00ns)   --->   "%call_ln795 = call void @v_mix_422_to_444<false>, i24 %srcLayer2Yuv422, i12 %empty_156, i12 %empty, i1 %HwReg_layerEnableFlag_2_val_read, i24 %srcLayer2Yuv" [/home/e/Documents/research/byotee/OSDZU3_Ref_Design/OSDZU3_Ref_Design.runs/design_1_v_mix_0_0_synth_1/prj/sol/.autopilot/db/v_mix.cpp:795]   --->   Operation 72 'call' 'call_ln795' <Predicate = true> <Delay = 0.00> <CoreType = "Generic">   --->   Generic Core

State 7 <SV = 6> <Delay = 1.82>
ST_7 : Operation 73 [2/2] (0.48ns)   --->   "%call_ln642 = call void @v_mix_yuv2rgb<false>.4, i24 %srcLayer0Yuv, i12 %HwReg_height_val_read, i12 %HwReg_width_val_read, i1 %HwReg_layerEnableFlag_0_val_read, i24 %outLayer0" [/home/e/Documents/research/byotee/OSDZU3_Ref_Design/OSDZU3_Ref_Design.runs/design_1_v_mix_0_0_synth_1/prj/sol/.autopilot/db/v_mix.cpp:642]   --->   Operation 73 'call' 'call_ln642' <Predicate = true> <Delay = 0.48> <CoreType = "Generic">   --->   Generic Core
ST_7 : Operation 74 [2/2] (1.82ns)   --->   "%call_ln715 = call void @v_mix_yuv2rgb<true>, i24 %srcLayer1Yuv, i12 %empty_159, i12 %empty_158, i1 %HwReg_layerEnableFlag_1_val_read, i24 %srcLayer1Rgb" [/home/e/Documents/research/byotee/OSDZU3_Ref_Design/OSDZU3_Ref_Design.runs/design_1_v_mix_0_0_synth_1/prj/sol/.autopilot/db/v_mix.cpp:715]   --->   Operation 74 'call' 'call_ln715' <Predicate = true> <Delay = 1.82> <CoreType = "Generic">   --->   Generic Core
ST_7 : Operation 75 [2/2] (1.82ns)   --->   "%call_ln798 = call void @v_mix_yuv2rgb<false>, i24 %srcLayer2Yuv, i12 %empty_156, i12 %empty, i1 %HwReg_layerEnableFlag_2_val_read, i24 %srcLayer2Rgb" [/home/e/Documents/research/byotee/OSDZU3_Ref_Design/OSDZU3_Ref_Design.runs/design_1_v_mix_0_0_synth_1/prj/sol/.autopilot/db/v_mix.cpp:798]   --->   Operation 75 'call' 'call_ln798' <Predicate = true> <Delay = 1.82> <CoreType = "Generic">   --->   Generic Core

State 8 <SV = 7> <Delay = 0.00>
ST_8 : Operation 76 [1/2] (0.00ns)   --->   "%call_ln642 = call void @v_mix_yuv2rgb<false>.4, i24 %srcLayer0Yuv, i12 %HwReg_height_val_read, i12 %HwReg_width_val_read, i1 %HwReg_layerEnableFlag_0_val_read, i24 %outLayer0" [/home/e/Documents/research/byotee/OSDZU3_Ref_Design/OSDZU3_Ref_Design.runs/design_1_v_mix_0_0_synth_1/prj/sol/.autopilot/db/v_mix.cpp:642]   --->   Operation 76 'call' 'call_ln642' <Predicate = true> <Delay = 0.00> <CoreType = "Generic">   --->   Generic Core
ST_8 : Operation 77 [1/2] (0.00ns)   --->   "%call_ln715 = call void @v_mix_yuv2rgb<true>, i24 %srcLayer1Yuv, i12 %empty_159, i12 %empty_158, i1 %HwReg_layerEnableFlag_1_val_read, i24 %srcLayer1Rgb" [/home/e/Documents/research/byotee/OSDZU3_Ref_Design/OSDZU3_Ref_Design.runs/design_1_v_mix_0_0_synth_1/prj/sol/.autopilot/db/v_mix.cpp:715]   --->   Operation 77 'call' 'call_ln715' <Predicate = true> <Delay = 0.00> <CoreType = "Generic">   --->   Generic Core
ST_8 : Operation 78 [1/2] (0.00ns)   --->   "%call_ln798 = call void @v_mix_yuv2rgb<false>, i24 %srcLayer2Yuv, i12 %empty_156, i12 %empty, i1 %HwReg_layerEnableFlag_2_val_read, i24 %srcLayer2Rgb" [/home/e/Documents/research/byotee/OSDZU3_Ref_Design/OSDZU3_Ref_Design.runs/design_1_v_mix_0_0_synth_1/prj/sol/.autopilot/db/v_mix.cpp:798]   --->   Operation 78 'call' 'call_ln798' <Predicate = true> <Delay = 0.00> <CoreType = "Generic">   --->   Generic Core

State 9 <SV = 8> <Delay = 1.82>
ST_9 : Operation 79 [2/2] (1.82ns)   --->   "%call_ln722 = call void @v_mix_upsample<false>.7, i24 %srcLayer1Rgb, i12 %empty_159, i12 %empty_158, i1 %HwReg_layerEnableFlag_1_val_read, i24 %srcLayer1x" [/home/e/Documents/research/byotee/OSDZU3_Ref_Design/OSDZU3_Ref_Design.runs/design_1_v_mix_0_0_synth_1/prj/sol/.autopilot/db/v_mix.cpp:722]   --->   Operation 79 'call' 'call_ln722' <Predicate = true> <Delay = 1.82> <CoreType = "Generic">   --->   Generic Core
ST_9 : Operation 80 [2/2] (1.82ns)   --->   "%call_ln805 = call void @v_mix_upsample<false>, i24 %srcLayer2Rgb, i12 %empty_156, i12 %empty, i1 %HwReg_layerEnableFlag_2_val_read, i24 %srcLayer2x" [/home/e/Documents/research/byotee/OSDZU3_Ref_Design/OSDZU3_Ref_Design.runs/design_1_v_mix_0_0_synth_1/prj/sol/.autopilot/db/v_mix.cpp:805]   --->   Operation 80 'call' 'call_ln805' <Predicate = true> <Delay = 1.82> <CoreType = "Generic">   --->   Generic Core

State 10 <SV = 9> <Delay = 0.00>
ST_10 : Operation 81 [1/2] (0.00ns)   --->   "%call_ln722 = call void @v_mix_upsample<false>.7, i24 %srcLayer1Rgb, i12 %empty_159, i12 %empty_158, i1 %HwReg_layerEnableFlag_1_val_read, i24 %srcLayer1x" [/home/e/Documents/research/byotee/OSDZU3_Ref_Design/OSDZU3_Ref_Design.runs/design_1_v_mix_0_0_synth_1/prj/sol/.autopilot/db/v_mix.cpp:722]   --->   Operation 81 'call' 'call_ln722' <Predicate = true> <Delay = 0.00> <CoreType = "Generic">   --->   Generic Core
ST_10 : Operation 82 [1/2] (0.00ns)   --->   "%call_ln805 = call void @v_mix_upsample<false>, i24 %srcLayer2Rgb, i12 %empty_156, i12 %empty, i1 %HwReg_layerEnableFlag_2_val_read, i24 %srcLayer2x" [/home/e/Documents/research/byotee/OSDZU3_Ref_Design/OSDZU3_Ref_Design.runs/design_1_v_mix_0_0_synth_1/prj/sol/.autopilot/db/v_mix.cpp:805]   --->   Operation 82 'call' 'call_ln805' <Predicate = true> <Delay = 0.00> <CoreType = "Generic">   --->   Generic Core

State 11 <SV = 10> <Delay = 2.03>
ST_11 : Operation 83 [1/1] (0.00ns)   --->   "%HwReg_layerScaleFactor_1_val26_read = read i8 @_ssdm_op_Read.ap_auto.i8, i8 %HwReg_layerScaleFactor_1_val26"   --->   Operation 83 'read' 'HwReg_layerScaleFactor_1_val26_read' <Predicate = true> <Delay = 0.00>
ST_11 : Operation 84 [1/1] (0.00ns)   --->   "%HwReg_layerStartY_1_val20_read = read i16 @_ssdm_op_Read.ap_auto.i16, i16 %HwReg_layerStartY_1_val20"   --->   Operation 84 'read' 'HwReg_layerStartY_1_val20_read' <Predicate = true> <Delay = 0.00>
ST_11 : Operation 85 [1/1] (0.00ns)   --->   "%HwReg_layerStartX_1_val18_read = read i16 @_ssdm_op_Read.ap_auto.i16, i16 %HwReg_layerStartX_1_val18"   --->   Operation 85 'read' 'HwReg_layerStartX_1_val18_read' <Predicate = true> <Delay = 0.00>
ST_11 : Operation 86 [1/1] (0.00ns)   --->   "%HwReg_layerEnable_val16_read = read i3 @_ssdm_op_Read.ap_auto.i3, i3 %HwReg_layerEnable_val16"   --->   Operation 86 'read' 'HwReg_layerEnable_val16_read' <Predicate = true> <Delay = 0.00>
ST_11 : Operation 87 [1/1] (0.00ns)   --->   "%HwReg_background_V_B_val14_read = read i8 @_ssdm_op_Read.ap_auto.i8, i8 %HwReg_background_V_B_val14"   --->   Operation 87 'read' 'HwReg_background_V_B_val14_read' <Predicate = true> <Delay = 0.00>
ST_11 : Operation 88 [1/1] (0.00ns)   --->   "%HwReg_background_U_G_val13_read = read i8 @_ssdm_op_Read.ap_auto.i8, i8 %HwReg_background_U_G_val13"   --->   Operation 88 'read' 'HwReg_background_U_G_val13_read' <Predicate = true> <Delay = 0.00>
ST_11 : Operation 89 [1/1] (0.00ns)   --->   "%HwReg_background_Y_R_val12_read = read i8 @_ssdm_op_Read.ap_auto.i8, i8 %HwReg_background_Y_R_val12"   --->   Operation 89 'read' 'HwReg_background_Y_R_val12_read' <Predicate = true> <Delay = 0.00>
ST_11 : Operation 90 [1/1] (0.00ns)   --->   "%empty_157 = trunc i3 %HwReg_layerEnable_val16_read"   --->   Operation 90 'trunc' 'empty_157' <Predicate = true> <Delay = 0.00>
ST_11 : Operation 91 [2/2] (2.03ns)   --->   "%call_ln730 = call void @v_mix_core_alpha<false, false>, i24 %outLayer0, i24 %srcLayer1x, i12 %HwReg_width_val_read, i12 %HwReg_height_val_read, i8 %HwReg_background_Y_R_val12_read, i8 %HwReg_background_U_G_val13_read, i8 %HwReg_background_V_B_val14_read, i2 %empty_157, i16 %HwReg_layerStartX_1_val18_read, i16 %HwReg_layerStartY_1_val20_read, i16 %HwReg_layerWidth_1_val_read, i16 %HwReg_layerHeight_1_val_read, i8 %HwReg_layerScaleFactor_1_val26_read, i24 %outLayer1" [/home/e/Documents/research/byotee/OSDZU3_Ref_Design/OSDZU3_Ref_Design.runs/design_1_v_mix_0_0_synth_1/prj/sol/.autopilot/db/v_mix.cpp:730]   --->   Operation 91 'call' 'call_ln730' <Predicate = true> <Delay = 2.03> <CoreType = "Generic">   --->   Generic Core

State 12 <SV = 11> <Delay = 0.96>
ST_12 : Operation 92 [1/2] (0.96ns)   --->   "%call_ln730 = call void @v_mix_core_alpha<false, false>, i24 %outLayer0, i24 %srcLayer1x, i12 %HwReg_width_val_read, i12 %HwReg_height_val_read, i8 %HwReg_background_Y_R_val12_read, i8 %HwReg_background_U_G_val13_read, i8 %HwReg_background_V_B_val14_read, i2 %empty_157, i16 %HwReg_layerStartX_1_val18_read, i16 %HwReg_layerStartY_1_val20_read, i16 %HwReg_layerWidth_1_val_read, i16 %HwReg_layerHeight_1_val_read, i8 %HwReg_layerScaleFactor_1_val26_read, i24 %outLayer1" [/home/e/Documents/research/byotee/OSDZU3_Ref_Design/OSDZU3_Ref_Design.runs/design_1_v_mix_0_0_synth_1/prj/sol/.autopilot/db/v_mix.cpp:730]   --->   Operation 92 'call' 'call_ln730' <Predicate = true> <Delay = 0.96> <CoreType = "Generic">   --->   Generic Core

State 13 <SV = 12> <Delay = 2.03>
ST_13 : Operation 93 [1/1] (0.00ns)   --->   "%HwReg_layerScaleFactor_2_val27_read = read i8 @_ssdm_op_Read.ap_auto.i8, i8 %HwReg_layerScaleFactor_2_val27"   --->   Operation 93 'read' 'HwReg_layerScaleFactor_2_val27_read' <Predicate = true> <Delay = 0.00>
ST_13 : Operation 94 [1/1] (0.00ns)   --->   "%HwReg_layerStartY_2_val21_read = read i16 @_ssdm_op_Read.ap_auto.i16, i16 %HwReg_layerStartY_2_val21"   --->   Operation 94 'read' 'HwReg_layerStartY_2_val21_read' <Predicate = true> <Delay = 0.00>
ST_13 : Operation 95 [1/1] (0.00ns)   --->   "%HwReg_layerStartX_2_val19_read = read i16 @_ssdm_op_Read.ap_auto.i16, i16 %HwReg_layerStartX_2_val19"   --->   Operation 95 'read' 'HwReg_layerStartX_2_val19_read' <Predicate = true> <Delay = 0.00>
ST_13 : Operation 96 [1/1] (0.00ns)   --->   "%HwReg_layerAlpha_2_val17_read = read i9 @_ssdm_op_Read.ap_auto.i9, i9 %HwReg_layerAlpha_2_val17"   --->   Operation 96 'read' 'HwReg_layerAlpha_2_val17_read' <Predicate = true> <Delay = 0.00>
ST_13 : Operation 97 [2/2] (2.03ns)   --->   "%call_ln813 = call void @v_mix_core_alpha<true, false>, i24 %outLayer1, i24 %srcLayer2x, i12 %HwReg_width_val_read, i12 %HwReg_height_val_read, i3 %HwReg_layerEnable_val16_read, i9 %HwReg_layerAlpha_2_val17_read, i16 %HwReg_layerStartX_2_val19_read, i16 %HwReg_layerStartY_2_val21_read, i16 %HwReg_layerWidth_2_val_read, i16 %HwReg_layerHeight_2_val_read, i8 %HwReg_layerScaleFactor_2_val27_read, i24 %outLayer2" [/home/e/Documents/research/byotee/OSDZU3_Ref_Design/OSDZU3_Ref_Design.runs/design_1_v_mix_0_0_synth_1/prj/sol/.autopilot/db/v_mix.cpp:813]   --->   Operation 97 'call' 'call_ln813' <Predicate = true> <Delay = 2.03> <CoreType = "Generic">   --->   Generic Core

State 14 <SV = 13> <Delay = 0.96>
ST_14 : Operation 98 [1/2] (0.96ns)   --->   "%call_ln813 = call void @v_mix_core_alpha<true, false>, i24 %outLayer1, i24 %srcLayer2x, i12 %HwReg_width_val_read, i12 %HwReg_height_val_read, i3 %HwReg_layerEnable_val16_read, i9 %HwReg_layerAlpha_2_val17_read, i16 %HwReg_layerStartX_2_val19_read, i16 %HwReg_layerStartY_2_val21_read, i16 %HwReg_layerWidth_2_val_read, i16 %HwReg_layerHeight_2_val_read, i8 %HwReg_layerScaleFactor_2_val27_read, i24 %outLayer2" [/home/e/Documents/research/byotee/OSDZU3_Ref_Design/OSDZU3_Ref_Design.runs/design_1_v_mix_0_0_synth_1/prj/sol/.autopilot/db/v_mix.cpp:813]   --->   Operation 98 'call' 'call_ln813' <Predicate = true> <Delay = 0.96> <CoreType = "Generic">   --->   Generic Core

State 15 <SV = 14> <Delay = 0.00>
ST_15 : Operation 99 [2/2] (0.00ns)   --->   "%call_ln2009 = call void @v_mix_rgb2yuv<false>, i24 %outLayer2, i12 %HwReg_height_val_read, i12 %HwReg_width_val_read, i24 %outYuv" [/home/e/Documents/research/byotee/OSDZU3_Ref_Design/OSDZU3_Ref_Design.runs/design_1_v_mix_0_0_synth_1/prj/sol/.autopilot/db/v_mix.cpp:2009]   --->   Operation 99 'call' 'call_ln2009' <Predicate = true> <Delay = 0.00> <CoreType = "Generic">   --->   Generic Core

State 16 <SV = 15> <Delay = 0.96>
ST_16 : Operation 100 [1/2] (0.96ns)   --->   "%call_ln2009 = call void @v_mix_rgb2yuv<false>, i24 %outLayer2, i12 %HwReg_height_val_read, i12 %HwReg_width_val_read, i24 %outYuv" [/home/e/Documents/research/byotee/OSDZU3_Ref_Design/OSDZU3_Ref_Design.runs/design_1_v_mix_0_0_synth_1/prj/sol/.autopilot/db/v_mix.cpp:2009]   --->   Operation 100 'call' 'call_ln2009' <Predicate = true> <Delay = 0.96> <CoreType = "Generic">   --->   Generic Core

State 17 <SV = 16> <Delay = 0.00>
ST_17 : Operation 101 [2/2] (0.00ns)   --->   "%call_ln2018 = call void @v_mix_444_to_422<false>, i24 %outYuv, i12 %HwReg_height_val_read, i12 %HwReg_width_val_read, i24 %out422" [/home/e/Documents/research/byotee/OSDZU3_Ref_Design/OSDZU3_Ref_Design.runs/design_1_v_mix_0_0_synth_1/prj/sol/.autopilot/db/v_mix.cpp:2018]   --->   Operation 101 'call' 'call_ln2018' <Predicate = true> <Delay = 0.00> <CoreType = "Generic">   --->   Generic Core

State 18 <SV = 17> <Delay = 0.96>
ST_18 : Operation 102 [1/2] (0.96ns)   --->   "%call_ln2018 = call void @v_mix_444_to_422<false>, i24 %outYuv, i12 %HwReg_height_val_read, i12 %HwReg_width_val_read, i24 %out422" [/home/e/Documents/research/byotee/OSDZU3_Ref_Design/OSDZU3_Ref_Design.runs/design_1_v_mix_0_0_synth_1/prj/sol/.autopilot/db/v_mix.cpp:2018]   --->   Operation 102 'call' 'call_ln2018' <Predicate = true> <Delay = 0.96> <CoreType = "Generic">   --->   Generic Core

State 19 <SV = 18> <Delay = 0.00>
ST_19 : Operation 103 [2/2] (0.00ns)   --->   "%call_ln2022 = call void @v_mix_422_to_420<false>, i24 %out422, i12 %HwReg_height_val_read, i12 %HwReg_width_val_read, i24 %out420" [/home/e/Documents/research/byotee/OSDZU3_Ref_Design/OSDZU3_Ref_Design.runs/design_1_v_mix_0_0_synth_1/prj/sol/.autopilot/db/v_mix.cpp:2022]   --->   Operation 103 'call' 'call_ln2022' <Predicate = true> <Delay = 0.00> <CoreType = "Generic">   --->   Generic Core

State 20 <SV = 19> <Delay = 0.96>
ST_20 : Operation 104 [1/2] (0.96ns)   --->   "%call_ln2022 = call void @v_mix_422_to_420<false>, i24 %out422, i12 %HwReg_height_val_read, i12 %HwReg_width_val_read, i24 %out420" [/home/e/Documents/research/byotee/OSDZU3_Ref_Design/OSDZU3_Ref_Design.runs/design_1_v_mix_0_0_synth_1/prj/sol/.autopilot/db/v_mix.cpp:2022]   --->   Operation 104 'call' 'call_ln2022' <Predicate = true> <Delay = 0.96> <CoreType = "Generic">   --->   Generic Core

State 21 <SV = 20> <Delay = 0.00>
ST_21 : Operation 105 [2/2] (0.00ns)   --->   "%call_ln2025 = call void @MultiPixStream2AXIvideo, i24 %out420, i24 %m_axis_video_V_data_V, i3 %m_axis_video_V_keep_V, i3 %m_axis_video_V_strb_V, i1 %m_axis_video_V_user_V, i1 %m_axis_video_V_last_V, i1 %m_axis_video_V_id_V, i1 %m_axis_video_V_dest_V, i12 %HwReg_height_val_read, i12 %HwReg_width_val_read" [/home/e/Documents/research/byotee/OSDZU3_Ref_Design/OSDZU3_Ref_Design.runs/design_1_v_mix_0_0_synth_1/prj/sol/.autopilot/db/v_mix.cpp:2025]   --->   Operation 105 'call' 'call_ln2025' <Predicate = true> <Delay = 0.00> <CoreType = "Generic">   --->   Generic Core

State 22 <SV = 21> <Delay = 0.96>
ST_22 : Operation 106 [1/1] (0.00ns)   --->   "%specstablecontent_ln0 = specstablecontent void @_ssdm_op_SpecStableContent, i8 %HwReg_layerScaleFactor_2_val27, i1 1, void @p_str"   --->   Operation 106 'specstablecontent' 'specstablecontent_ln0' <Predicate = true> <Delay = 0.00>
ST_22 : Operation 107 [1/1] (0.00ns)   --->   "%specstablecontent_ln0 = specstablecontent void @_ssdm_op_SpecStableContent, i8 %HwReg_layerScaleFactor_1_val26, i1 1, void @p_str"   --->   Operation 107 'specstablecontent' 'specstablecontent_ln0' <Predicate = true> <Delay = 0.00>
ST_22 : Operation 108 [1/1] (0.00ns)   --->   "%specstablecontent_ln0 = specstablecontent void @_ssdm_op_SpecStableContent, i16 %HwReg_layerHeight_2_val, i1 1, void @p_str"   --->   Operation 108 'specstablecontent' 'specstablecontent_ln0' <Predicate = true> <Delay = 0.00>
ST_22 : Operation 109 [1/1] (0.00ns)   --->   "%specstablecontent_ln0 = specstablecontent void @_ssdm_op_SpecStableContent, i16 %HwReg_layerHeight_1_val, i1 1, void @p_str"   --->   Operation 109 'specstablecontent' 'specstablecontent_ln0' <Predicate = true> <Delay = 0.00>
ST_22 : Operation 110 [1/1] (0.00ns)   --->   "%specstablecontent_ln0 = specstablecontent void @_ssdm_op_SpecStableContent, i16 %HwReg_layerWidth_2_val, i1 1, void @p_str"   --->   Operation 110 'specstablecontent' 'specstablecontent_ln0' <Predicate = true> <Delay = 0.00>
ST_22 : Operation 111 [1/1] (0.00ns)   --->   "%specstablecontent_ln0 = specstablecontent void @_ssdm_op_SpecStableContent, i16 %HwReg_layerWidth_1_val, i1 1, void @p_str"   --->   Operation 111 'specstablecontent' 'specstablecontent_ln0' <Predicate = true> <Delay = 0.00>
ST_22 : Operation 112 [1/1] (0.00ns)   --->   "%specstablecontent_ln0 = specstablecontent void @_ssdm_op_SpecStableContent, i16 %HwReg_layerStartY_2_val21, i1 1, void @p_str"   --->   Operation 112 'specstablecontent' 'specstablecontent_ln0' <Predicate = true> <Delay = 0.00>
ST_22 : Operation 113 [1/1] (0.00ns)   --->   "%specstablecontent_ln0 = specstablecontent void @_ssdm_op_SpecStableContent, i16 %HwReg_layerStartY_1_val20, i1 1, void @p_str"   --->   Operation 113 'specstablecontent' 'specstablecontent_ln0' <Predicate = true> <Delay = 0.00>
ST_22 : Operation 114 [1/1] (0.00ns)   --->   "%specstablecontent_ln0 = specstablecontent void @_ssdm_op_SpecStableContent, i16 %HwReg_layerStartX_2_val19, i1 1, void @p_str"   --->   Operation 114 'specstablecontent' 'specstablecontent_ln0' <Predicate = true> <Delay = 0.00>
ST_22 : Operation 115 [1/1] (0.00ns)   --->   "%specstablecontent_ln0 = specstablecontent void @_ssdm_op_SpecStableContent, i16 %HwReg_layerStartX_1_val18, i1 1, void @p_str"   --->   Operation 115 'specstablecontent' 'specstablecontent_ln0' <Predicate = true> <Delay = 0.00>
ST_22 : Operation 116 [1/1] (0.00ns)   --->   "%specstablecontent_ln0 = specstablecontent void @_ssdm_op_SpecStableContent, i9 %HwReg_layerAlpha_2_val17, i1 1, void @p_str"   --->   Operation 116 'specstablecontent' 'specstablecontent_ln0' <Predicate = true> <Delay = 0.00>
ST_22 : Operation 117 [1/1] (0.00ns)   --->   "%specstablecontent_ln0 = specstablecontent void @_ssdm_op_SpecStableContent, i1 %HwReg_layerEnableFlag_2_val, i1 1, void @p_str"   --->   Operation 117 'specstablecontent' 'specstablecontent_ln0' <Predicate = true> <Delay = 0.00>
ST_22 : Operation 118 [1/1] (0.00ns)   --->   "%specstablecontent_ln0 = specstablecontent void @_ssdm_op_SpecStableContent, i1 %HwReg_layerEnableFlag_1_val, i1 1, void @p_str"   --->   Operation 118 'specstablecontent' 'specstablecontent_ln0' <Predicate = true> <Delay = 0.00>
ST_22 : Operation 119 [1/1] (0.00ns)   --->   "%specstablecontent_ln0 = specstablecontent void @_ssdm_op_SpecStableContent, i1 %HwReg_layerEnableFlag_0_val, i1 1, void @p_str"   --->   Operation 119 'specstablecontent' 'specstablecontent_ln0' <Predicate = true> <Delay = 0.00>
ST_22 : Operation 120 [1/1] (0.00ns)   --->   "%specstablecontent_ln0 = specstablecontent void @_ssdm_op_SpecStableContent, i3 %HwReg_layerEnable_val16, i1 1, void @p_str"   --->   Operation 120 'specstablecontent' 'specstablecontent_ln0' <Predicate = true> <Delay = 0.00>
ST_22 : Operation 121 [1/1] (0.00ns)   --->   "%specdataflowpipeline_ln0 = specdataflowpipeline void @_ssdm_op_SpecDataflowPipeline, i32 4294967295, i32 0, void @empty_0"   --->   Operation 121 'specdataflowpipeline' 'specdataflowpipeline_ln0' <Predicate = true> <Delay = 0.00>
ST_22 : Operation 122 [1/1] (0.00ns)   --->   "%specaxissidechannel_ln0 = specaxissidechannel void @_ssdm_op_SpecAXISSideChannel, i24 %m_axis_video_V_data_V, i3 %m_axis_video_V_keep_V, i3 %m_axis_video_V_strb_V, i1 %m_axis_video_V_user_V, i1 %m_axis_video_V_last_V, i1 %m_axis_video_V_id_V, i1 %m_axis_video_V_dest_V, void @empty_58"   --->   Operation 122 'specaxissidechannel' 'specaxissidechannel_ln0' <Predicate = true> <Delay = 0.00>
ST_22 : Operation 123 [1/1] (0.00ns)   --->   "%specaxissidechannel_ln0 = specaxissidechannel void @_ssdm_op_SpecAXISSideChannel, i24 %s_axis_video1_V_data_V, i3 %s_axis_video1_V_keep_V, i3 %s_axis_video1_V_strb_V, i1 %s_axis_video1_V_user_V, i1 %s_axis_video1_V_last_V, i1 %s_axis_video1_V_id_V, i1 %s_axis_video1_V_dest_V, void @empty_45"   --->   Operation 123 'specaxissidechannel' 'specaxissidechannel_ln0' <Predicate = true> <Delay = 0.00>
ST_22 : Operation 124 [1/1] (0.00ns)   --->   "%specaxissidechannel_ln0 = specaxissidechannel void @_ssdm_op_SpecAXISSideChannel, i24 %s_axis_video_V_data_V, i3 %s_axis_video_V_keep_V, i3 %s_axis_video_V_strb_V, i1 %s_axis_video_V_user_V, i1 %s_axis_video_V_last_V, i1 %s_axis_video_V_id_V, i1 %s_axis_video_V_dest_V, void @empty_49"   --->   Operation 124 'specaxissidechannel' 'specaxissidechannel_ln0' <Predicate = true> <Delay = 0.00>
ST_22 : Operation 125 [1/1] (0.00ns)   --->   "%specaxissidechannel_ln0 = specaxissidechannel void @_ssdm_op_SpecAXISSideChannel, i24 %s_axis_video2_V_data_V, i3 %s_axis_video2_V_keep_V, i3 %s_axis_video2_V_strb_V, i1 %s_axis_video2_V_user_V, i1 %s_axis_video2_V_last_V, i1 %s_axis_video2_V_id_V, i1 %s_axis_video2_V_dest_V, void @empty_61"   --->   Operation 125 'specaxissidechannel' 'specaxissidechannel_ln0' <Predicate = true> <Delay = 0.00>
ST_22 : Operation 126 [1/1] (0.00ns)   --->   "%specstablecontent_ln0 = specstablecontent void @_ssdm_op_SpecStableContent, i8 %HwReg_background_V_B_val14, i1 1, void "   --->   Operation 126 'specstablecontent' 'specstablecontent_ln0' <Predicate = true> <Delay = 0.00>
ST_22 : Operation 127 [1/1] (0.00ns)   --->   "%specstablecontent_ln0 = specstablecontent void @_ssdm_op_SpecStableContent, i8 %HwReg_background_U_G_val13, i1 1, void "   --->   Operation 127 'specstablecontent' 'specstablecontent_ln0' <Predicate = true> <Delay = 0.00>
ST_22 : Operation 128 [1/1] (0.00ns)   --->   "%specstablecontent_ln0 = specstablecontent void @_ssdm_op_SpecStableContent, i8 %HwReg_background_Y_R_val12, i1 1, void "   --->   Operation 128 'specstablecontent' 'specstablecontent_ln0' <Predicate = true> <Delay = 0.00>
ST_22 : Operation 129 [1/1] (0.00ns)   --->   "%specstablecontent_ln0 = specstablecontent void @_ssdm_op_SpecStableContent, i12 %HwReg_height_val, i1 1, void "   --->   Operation 129 'specstablecontent' 'specstablecontent_ln0' <Predicate = true> <Delay = 0.00>
ST_22 : Operation 130 [1/1] (0.00ns)   --->   "%specstablecontent_ln0 = specstablecontent void @_ssdm_op_SpecStableContent, i12 %HwReg_height_val, i1 1, void "   --->   Operation 130 'specstablecontent' 'specstablecontent_ln0' <Predicate = true> <Delay = 0.00>
ST_22 : Operation 131 [1/1] (0.00ns)   --->   "%specstablecontent_ln0 = specstablecontent void @_ssdm_op_SpecStableContent, i12 %HwReg_width_val, i1 1, void "   --->   Operation 131 'specstablecontent' 'specstablecontent_ln0' <Predicate = true> <Delay = 0.00>
ST_22 : Operation 132 [1/1] (0.00ns)   --->   "%specstablecontent_ln0 = specstablecontent void @_ssdm_op_SpecStableContent, i12 %HwReg_width_val, i1 1, void "   --->   Operation 132 'specstablecontent' 'specstablecontent_ln0' <Predicate = true> <Delay = 0.00>
ST_22 : Operation 133 [1/1] (0.00ns)   --->   "%specinterface_ln0 = specinterface void @_ssdm_op_SpecInterface, i1 %m_axis_video_V_dest_V, i1 %m_axis_video_V_id_V, i1 %m_axis_video_V_last_V, i1 %m_axis_video_V_user_V, i3 %m_axis_video_V_strb_V, i3 %m_axis_video_V_keep_V, i24 %m_axis_video_V_data_V, void @empty_10, i32 0, i32 0, void @empty_2, i32 0, i32 0, void @empty_0, void @empty_0, void @empty_0, i32 0, i32 0, i32 0, i32 0, void @empty_0, void @empty_0, i32 4294967295, i32 0, i32 0"   --->   Operation 133 'specinterface' 'specinterface_ln0' <Predicate = true> <Delay = 0.00>
ST_22 : Operation 134 [1/1] (0.00ns)   --->   "%specinterface_ln0 = specinterface void @_ssdm_op_SpecInterface, i1 %s_axis_video2_V_dest_V, i1 %s_axis_video2_V_id_V, i1 %s_axis_video2_V_last_V, i1 %s_axis_video2_V_user_V, i3 %s_axis_video2_V_strb_V, i3 %s_axis_video2_V_keep_V, i24 %s_axis_video2_V_data_V, void @empty_10, i32 0, i32 0, void @empty_2, i32 0, i32 0, void @empty_0, void @empty_0, void @empty_0, i32 0, i32 0, i32 0, i32 0, void @empty_0, void @empty_0, i32 4294967295, i32 0, i32 0"   --->   Operation 134 'specinterface' 'specinterface_ln0' <Predicate = true> <Delay = 0.00>
ST_22 : Operation 135 [1/1] (0.00ns)   --->   "%specinterface_ln0 = specinterface void @_ssdm_op_SpecInterface, i1 %s_axis_video1_V_dest_V, i1 %s_axis_video1_V_id_V, i1 %s_axis_video1_V_last_V, i1 %s_axis_video1_V_user_V, i3 %s_axis_video1_V_strb_V, i3 %s_axis_video1_V_keep_V, i24 %s_axis_video1_V_data_V, void @empty_10, i32 0, i32 0, void @empty_2, i32 0, i32 0, void @empty_0, void @empty_0, void @empty_0, i32 0, i32 0, i32 0, i32 0, void @empty_0, void @empty_0, i32 4294967295, i32 0, i32 0"   --->   Operation 135 'specinterface' 'specinterface_ln0' <Predicate = true> <Delay = 0.00>
ST_22 : Operation 136 [1/1] (0.00ns)   --->   "%specinterface_ln0 = specinterface void @_ssdm_op_SpecInterface, i1 %s_axis_video_V_dest_V, i1 %s_axis_video_V_id_V, i1 %s_axis_video_V_last_V, i1 %s_axis_video_V_user_V, i3 %s_axis_video_V_strb_V, i3 %s_axis_video_V_keep_V, i24 %s_axis_video_V_data_V, void @empty_10, i32 0, i32 0, void @empty_2, i32 0, i32 0, void @empty_0, void @empty_0, void @empty_0, i32 0, i32 0, i32 0, i32 0, void @empty_0, void @empty_0, i32 4294967295, i32 0, i32 0"   --->   Operation 136 'specinterface' 'specinterface_ln0' <Predicate = true> <Delay = 0.00>
ST_22 : Operation 137 [1/1] (0.00ns)   --->   "%empty_160 = specchannel i32 @_ssdm_op_SpecChannel, void @srcLayer0_str, i32 1, void @p_str, void @p_str, i32 2, i32 2, i24 %srcLayer0, i24 %srcLayer0"   --->   Operation 137 'specchannel' 'empty_160' <Predicate = true> <Delay = 0.00>
ST_22 : Operation 138 [1/1] (0.00ns)   --->   "%specinterface_ln0 = specinterface void @_ssdm_op_SpecInterface, i24 %srcLayer0, void @empty_42, i32 0, i32 0, void @empty_0, i32 0, i32 0, void @empty_0, void @empty_0, void @empty_0, i32 0, i32 0, i32 0, i32 0, void @empty_0, void @empty_0, i32 4294967295, i32 0, i32 0"   --->   Operation 138 'specinterface' 'specinterface_ln0' <Predicate = true> <Delay = 0.00>
ST_22 : Operation 139 [1/1] (0.00ns)   --->   "%empty_161 = specchannel i32 @_ssdm_op_SpecChannel, void @srcLayer0Yuv422_str, i32 1, void @p_str, void @p_str, i32 2, i32 2, i24 %srcLayer0Yuv422, i24 %srcLayer0Yuv422"   --->   Operation 139 'specchannel' 'empty_161' <Predicate = true> <Delay = 0.00>
ST_22 : Operation 140 [1/1] (0.00ns)   --->   "%specinterface_ln0 = specinterface void @_ssdm_op_SpecInterface, i24 %srcLayer0Yuv422, void @empty_42, i32 0, i32 0, void @empty_0, i32 0, i32 0, void @empty_0, void @empty_0, void @empty_0, i32 0, i32 0, i32 0, i32 0, void @empty_0, void @empty_0, i32 4294967295, i32 0, i32 0"   --->   Operation 140 'specinterface' 'specinterface_ln0' <Predicate = true> <Delay = 0.00>
ST_22 : Operation 141 [1/1] (0.00ns)   --->   "%empty_162 = specchannel i32 @_ssdm_op_SpecChannel, void @srcLayer0Yuv_str, i32 1, void @p_str, void @p_str, i32 2, i32 2, i24 %srcLayer0Yuv, i24 %srcLayer0Yuv"   --->   Operation 141 'specchannel' 'empty_162' <Predicate = true> <Delay = 0.00>
ST_22 : Operation 142 [1/1] (0.00ns)   --->   "%specinterface_ln0 = specinterface void @_ssdm_op_SpecInterface, i24 %srcLayer0Yuv, void @empty_42, i32 0, i32 0, void @empty_0, i32 0, i32 0, void @empty_0, void @empty_0, void @empty_0, i32 0, i32 0, i32 0, i32 0, void @empty_0, void @empty_0, i32 4294967295, i32 0, i32 0"   --->   Operation 142 'specinterface' 'specinterface_ln0' <Predicate = true> <Delay = 0.00>
ST_22 : Operation 143 [1/1] (0.00ns)   --->   "%empty_163 = specchannel i32 @_ssdm_op_SpecChannel, void @outLayer0_str, i32 1, void @p_str, void @p_str, i32 2, i32 2, i24 %outLayer0, i24 %outLayer0"   --->   Operation 143 'specchannel' 'empty_163' <Predicate = true> <Delay = 0.00>
ST_22 : Operation 144 [1/1] (0.00ns)   --->   "%specinterface_ln0 = specinterface void @_ssdm_op_SpecInterface, i24 %outLayer0, void @empty_42, i32 0, i32 0, void @empty_0, i32 0, i32 0, void @empty_0, void @empty_0, void @empty_0, i32 0, i32 0, i32 0, i32 0, void @empty_0, void @empty_0, i32 4294967295, i32 0, i32 0"   --->   Operation 144 'specinterface' 'specinterface_ln0' <Predicate = true> <Delay = 0.00>
ST_22 : Operation 145 [1/1] (0.00ns)   --->   "%empty_164 = specchannel i32 @_ssdm_op_SpecChannel, void @outYuv_str, i32 1, void @p_str, void @p_str, i32 2, i32 2, i24 %outYuv, i24 %outYuv"   --->   Operation 145 'specchannel' 'empty_164' <Predicate = true> <Delay = 0.00>
ST_22 : Operation 146 [1/1] (0.00ns)   --->   "%specinterface_ln0 = specinterface void @_ssdm_op_SpecInterface, i24 %outYuv, void @empty_42, i32 0, i32 0, void @empty_0, i32 0, i32 0, void @empty_0, void @empty_0, void @empty_0, i32 0, i32 0, i32 0, i32 0, void @empty_0, void @empty_0, i32 4294967295, i32 0, i32 0"   --->   Operation 146 'specinterface' 'specinterface_ln0' <Predicate = true> <Delay = 0.00>
ST_22 : Operation 147 [1/1] (0.00ns)   --->   "%empty_165 = specchannel i32 @_ssdm_op_SpecChannel, void @out422_str, i32 1, void @p_str, void @p_str, i32 2, i32 2, i24 %out422, i24 %out422"   --->   Operation 147 'specchannel' 'empty_165' <Predicate = true> <Delay = 0.00>
ST_22 : Operation 148 [1/1] (0.00ns)   --->   "%specinterface_ln0 = specinterface void @_ssdm_op_SpecInterface, i24 %out422, void @empty_42, i32 0, i32 0, void @empty_0, i32 0, i32 0, void @empty_0, void @empty_0, void @empty_0, i32 0, i32 0, i32 0, i32 0, void @empty_0, void @empty_0, i32 4294967295, i32 0, i32 0"   --->   Operation 148 'specinterface' 'specinterface_ln0' <Predicate = true> <Delay = 0.00>
ST_22 : Operation 149 [1/1] (0.00ns)   --->   "%empty_166 = specchannel i32 @_ssdm_op_SpecChannel, void @out420_str, i32 1, void @p_str, void @p_str, i32 2, i32 2, i24 %out420, i24 %out420"   --->   Operation 149 'specchannel' 'empty_166' <Predicate = true> <Delay = 0.00>
ST_22 : Operation 150 [1/1] (0.00ns)   --->   "%specinterface_ln0 = specinterface void @_ssdm_op_SpecInterface, i24 %out420, void @empty_42, i32 0, i32 0, void @empty_0, i32 0, i32 0, void @empty_0, void @empty_0, void @empty_0, i32 0, i32 0, i32 0, i32 0, void @empty_0, void @empty_0, i32 4294967295, i32 0, i32 0"   --->   Operation 150 'specinterface' 'specinterface_ln0' <Predicate = true> <Delay = 0.00>
ST_22 : Operation 151 [1/1] (0.00ns)   --->   "%empty_167 = specchannel i32 @_ssdm_op_SpecChannel, void @srcLayer1_str, i32 1, void @p_str, void @p_str, i32 2, i32 2, i24 %srcLayer1, i24 %srcLayer1"   --->   Operation 151 'specchannel' 'empty_167' <Predicate = true> <Delay = 0.00>
ST_22 : Operation 152 [1/1] (0.00ns)   --->   "%specinterface_ln0 = specinterface void @_ssdm_op_SpecInterface, i24 %srcLayer1, void @empty_42, i32 0, i32 0, void @empty_0, i32 0, i32 0, void @empty_0, void @empty_0, void @empty_0, i32 0, i32 0, i32 0, i32 0, void @empty_0, void @empty_0, i32 4294967295, i32 0, i32 0"   --->   Operation 152 'specinterface' 'specinterface_ln0' <Predicate = true> <Delay = 0.00>
ST_22 : Operation 153 [1/1] (0.00ns)   --->   "%empty_168 = specchannel i32 @_ssdm_op_SpecChannel, void @srcLayer1x_str, i32 1, void @p_str, void @p_str, i32 2, i32 2, i24 %srcLayer1x, i24 %srcLayer1x"   --->   Operation 153 'specchannel' 'empty_168' <Predicate = true> <Delay = 0.00>
ST_22 : Operation 154 [1/1] (0.00ns)   --->   "%specinterface_ln0 = specinterface void @_ssdm_op_SpecInterface, i24 %srcLayer1x, void @empty_42, i32 0, i32 0, void @empty_0, i32 0, i32 0, void @empty_0, void @empty_0, void @empty_0, i32 0, i32 0, i32 0, i32 0, void @empty_0, void @empty_0, i32 4294967295, i32 0, i32 0"   --->   Operation 154 'specinterface' 'specinterface_ln0' <Predicate = true> <Delay = 0.00>
ST_22 : Operation 155 [1/1] (0.00ns)   --->   "%empty_169 = specchannel i32 @_ssdm_op_SpecChannel, void @outLayer1_str, i32 1, void @p_str, void @p_str, i32 2, i32 2, i24 %outLayer1, i24 %outLayer1"   --->   Operation 155 'specchannel' 'empty_169' <Predicate = true> <Delay = 0.00>
ST_22 : Operation 156 [1/1] (0.00ns)   --->   "%specinterface_ln0 = specinterface void @_ssdm_op_SpecInterface, i24 %outLayer1, void @empty_42, i32 0, i32 0, void @empty_0, i32 0, i32 0, void @empty_0, void @empty_0, void @empty_0, i32 0, i32 0, i32 0, i32 0, void @empty_0, void @empty_0, i32 4294967295, i32 0, i32 0"   --->   Operation 156 'specinterface' 'specinterface_ln0' <Predicate = true> <Delay = 0.00>
ST_22 : Operation 157 [1/1] (0.00ns)   --->   "%empty_170 = specchannel i32 @_ssdm_op_SpecChannel, void @srcLayer1Yuv_str, i32 1, void @p_str, void @p_str, i32 2, i32 2, i24 %srcLayer1Yuv, i24 %srcLayer1Yuv"   --->   Operation 157 'specchannel' 'empty_170' <Predicate = true> <Delay = 0.00>
ST_22 : Operation 158 [1/1] (0.00ns)   --->   "%specinterface_ln0 = specinterface void @_ssdm_op_SpecInterface, i24 %srcLayer1Yuv, void @empty_42, i32 0, i32 0, void @empty_0, i32 0, i32 0, void @empty_0, void @empty_0, void @empty_0, i32 0, i32 0, i32 0, i32 0, void @empty_0, void @empty_0, i32 4294967295, i32 0, i32 0"   --->   Operation 158 'specinterface' 'specinterface_ln0' <Predicate = true> <Delay = 0.00>
ST_22 : Operation 159 [1/1] (0.00ns)   --->   "%empty_171 = specchannel i32 @_ssdm_op_SpecChannel, void @srcLayer1Yuv422_str, i32 1, void @p_str, void @p_str, i32 2, i32 2, i24 %srcLayer1Yuv422, i24 %srcLayer1Yuv422"   --->   Operation 159 'specchannel' 'empty_171' <Predicate = true> <Delay = 0.00>
ST_22 : Operation 160 [1/1] (0.00ns)   --->   "%specinterface_ln0 = specinterface void @_ssdm_op_SpecInterface, i24 %srcLayer1Yuv422, void @empty_42, i32 0, i32 0, void @empty_0, i32 0, i32 0, void @empty_0, void @empty_0, void @empty_0, i32 0, i32 0, i32 0, i32 0, void @empty_0, void @empty_0, i32 4294967295, i32 0, i32 0"   --->   Operation 160 'specinterface' 'specinterface_ln0' <Predicate = true> <Delay = 0.00>
ST_22 : Operation 161 [1/1] (0.00ns)   --->   "%empty_172 = specchannel i32 @_ssdm_op_SpecChannel, void @srcLayer1Rgb_str, i32 1, void @p_str, void @p_str, i32 2, i32 2, i24 %srcLayer1Rgb, i24 %srcLayer1Rgb"   --->   Operation 161 'specchannel' 'empty_172' <Predicate = true> <Delay = 0.00>
ST_22 : Operation 162 [1/1] (0.00ns)   --->   "%specinterface_ln0 = specinterface void @_ssdm_op_SpecInterface, i24 %srcLayer1Rgb, void @empty_42, i32 0, i32 0, void @empty_0, i32 0, i32 0, void @empty_0, void @empty_0, void @empty_0, i32 0, i32 0, i32 0, i32 0, void @empty_0, void @empty_0, i32 4294967295, i32 0, i32 0"   --->   Operation 162 'specinterface' 'specinterface_ln0' <Predicate = true> <Delay = 0.00>
ST_22 : Operation 163 [1/1] (0.00ns)   --->   "%empty_173 = specchannel i32 @_ssdm_op_SpecChannel, void @srcLayer2_str, i32 1, void @p_str, void @p_str, i32 2, i32 2, i24 %srcLayer2, i24 %srcLayer2"   --->   Operation 163 'specchannel' 'empty_173' <Predicate = true> <Delay = 0.00>
ST_22 : Operation 164 [1/1] (0.00ns)   --->   "%specinterface_ln0 = specinterface void @_ssdm_op_SpecInterface, i24 %srcLayer2, void @empty_42, i32 0, i32 0, void @empty_0, i32 0, i32 0, void @empty_0, void @empty_0, void @empty_0, i32 0, i32 0, i32 0, i32 0, void @empty_0, void @empty_0, i32 4294967295, i32 0, i32 0"   --->   Operation 164 'specinterface' 'specinterface_ln0' <Predicate = true> <Delay = 0.00>
ST_22 : Operation 165 [1/1] (0.00ns)   --->   "%empty_174 = specchannel i32 @_ssdm_op_SpecChannel, void @srcLayer2x_str, i32 1, void @p_str, void @p_str, i32 2, i32 2, i24 %srcLayer2x, i24 %srcLayer2x"   --->   Operation 165 'specchannel' 'empty_174' <Predicate = true> <Delay = 0.00>
ST_22 : Operation 166 [1/1] (0.00ns)   --->   "%specinterface_ln0 = specinterface void @_ssdm_op_SpecInterface, i24 %srcLayer2x, void @empty_42, i32 0, i32 0, void @empty_0, i32 0, i32 0, void @empty_0, void @empty_0, void @empty_0, i32 0, i32 0, i32 0, i32 0, void @empty_0, void @empty_0, i32 4294967295, i32 0, i32 0"   --->   Operation 166 'specinterface' 'specinterface_ln0' <Predicate = true> <Delay = 0.00>
ST_22 : Operation 167 [1/1] (0.00ns)   --->   "%empty_175 = specchannel i32 @_ssdm_op_SpecChannel, void @outLayer2_str, i32 1, void @p_str, void @p_str, i32 2, i32 2, i24 %outLayer2, i24 %outLayer2"   --->   Operation 167 'specchannel' 'empty_175' <Predicate = true> <Delay = 0.00>
ST_22 : Operation 168 [1/1] (0.00ns)   --->   "%specinterface_ln0 = specinterface void @_ssdm_op_SpecInterface, i24 %outLayer2, void @empty_42, i32 0, i32 0, void @empty_0, i32 0, i32 0, void @empty_0, void @empty_0, void @empty_0, i32 0, i32 0, i32 0, i32 0, void @empty_0, void @empty_0, i32 4294967295, i32 0, i32 0"   --->   Operation 168 'specinterface' 'specinterface_ln0' <Predicate = true> <Delay = 0.00>
ST_22 : Operation 169 [1/1] (0.00ns)   --->   "%empty_176 = specchannel i32 @_ssdm_op_SpecChannel, void @srcLayer2Yuv_str, i32 1, void @p_str, void @p_str, i32 2, i32 2, i24 %srcLayer2Yuv, i24 %srcLayer2Yuv"   --->   Operation 169 'specchannel' 'empty_176' <Predicate = true> <Delay = 0.00>
ST_22 : Operation 170 [1/1] (0.00ns)   --->   "%specinterface_ln0 = specinterface void @_ssdm_op_SpecInterface, i24 %srcLayer2Yuv, void @empty_42, i32 0, i32 0, void @empty_0, i32 0, i32 0, void @empty_0, void @empty_0, void @empty_0, i32 0, i32 0, i32 0, i32 0, void @empty_0, void @empty_0, i32 4294967295, i32 0, i32 0"   --->   Operation 170 'specinterface' 'specinterface_ln0' <Predicate = true> <Delay = 0.00>
ST_22 : Operation 171 [1/1] (0.00ns)   --->   "%empty_177 = specchannel i32 @_ssdm_op_SpecChannel, void @srcLayer2Yuv422_str, i32 1, void @p_str, void @p_str, i32 2, i32 2, i24 %srcLayer2Yuv422, i24 %srcLayer2Yuv422"   --->   Operation 171 'specchannel' 'empty_177' <Predicate = true> <Delay = 0.00>
ST_22 : Operation 172 [1/1] (0.00ns)   --->   "%specinterface_ln0 = specinterface void @_ssdm_op_SpecInterface, i24 %srcLayer2Yuv422, void @empty_42, i32 0, i32 0, void @empty_0, i32 0, i32 0, void @empty_0, void @empty_0, void @empty_0, i32 0, i32 0, i32 0, i32 0, void @empty_0, void @empty_0, i32 4294967295, i32 0, i32 0"   --->   Operation 172 'specinterface' 'specinterface_ln0' <Predicate = true> <Delay = 0.00>
ST_22 : Operation 173 [1/1] (0.00ns)   --->   "%empty_178 = specchannel i32 @_ssdm_op_SpecChannel, void @srcLayer2Rgb_str, i32 1, void @p_str, void @p_str, i32 2, i32 2, i24 %srcLayer2Rgb, i24 %srcLayer2Rgb"   --->   Operation 173 'specchannel' 'empty_178' <Predicate = true> <Delay = 0.00>
ST_22 : Operation 174 [1/1] (0.00ns)   --->   "%specinterface_ln0 = specinterface void @_ssdm_op_SpecInterface, i24 %srcLayer2Rgb, void @empty_42, i32 0, i32 0, void @empty_0, i32 0, i32 0, void @empty_0, void @empty_0, void @empty_0, i32 0, i32 0, i32 0, i32 0, void @empty_0, void @empty_0, i32 4294967295, i32 0, i32 0"   --->   Operation 174 'specinterface' 'specinterface_ln0' <Predicate = true> <Delay = 0.00>
ST_22 : Operation 175 [1/2] (0.96ns)   --->   "%call_ln2025 = call void @MultiPixStream2AXIvideo, i24 %out420, i24 %m_axis_video_V_data_V, i3 %m_axis_video_V_keep_V, i3 %m_axis_video_V_strb_V, i1 %m_axis_video_V_user_V, i1 %m_axis_video_V_last_V, i1 %m_axis_video_V_id_V, i1 %m_axis_video_V_dest_V, i12 %HwReg_height_val_read, i12 %HwReg_width_val_read" [/home/e/Documents/research/byotee/OSDZU3_Ref_Design/OSDZU3_Ref_Design.runs/design_1_v_mix_0_0_synth_1/prj/sol/.autopilot/db/v_mix.cpp:2025]   --->   Operation 175 'call' 'call_ln2025' <Predicate = true> <Delay = 0.96> <CoreType = "Generic">   --->   Generic Core
ST_22 : Operation 176 [1/1] (0.00ns)   --->   "%ret_ln2026 = ret" [/home/e/Documents/research/byotee/OSDZU3_Ref_Design/OSDZU3_Ref_Design.runs/design_1_v_mix_0_0_synth_1/prj/sol/.autopilot/db/v_mix.cpp:2026]   --->   Operation 176 'ret' 'ret_ln2026' <Predicate = true> <Delay = 0.00>


============================================================
+ Verbose Summary: Binding
============================================================
STG Binding: 
---------------- STG Properties BEGIN ----------------
- Is combinational: 0
- Is one-state seq: 0
- Is datapath-only: 0
- Is pipelined: 0
- Is top level: 0
Port [ Return ] is wired: 1; IO mode=ap_ctrl_hs:ce=0
Port [ HwReg_width_val]:  wired=1; compound=0; hidden=0; nouse=0; global=0; static=0; extern=0; dir=0; type=0; pingpong=0; private_global=0; IO mode=ap_none:ce=0
Port [ HwReg_height_val]:  wired=1; compound=0; hidden=0; nouse=0; global=0; static=0; extern=0; dir=0; type=0; pingpong=0; private_global=0; IO mode=ap_none:ce=0
Port [ HwReg_background_Y_R_val12]:  wired=1; compound=0; hidden=0; nouse=0; global=0; static=0; extern=0; dir=0; type=0; pingpong=0; private_global=0; IO mode=ap_none:ce=0
Port [ HwReg_background_U_G_val13]:  wired=1; compound=0; hidden=0; nouse=0; global=0; static=0; extern=0; dir=0; type=0; pingpong=0; private_global=0; IO mode=ap_none:ce=0
Port [ HwReg_background_V_B_val14]:  wired=1; compound=0; hidden=0; nouse=0; global=0; static=0; extern=0; dir=0; type=0; pingpong=0; private_global=0; IO mode=ap_none:ce=0
Port [ HwReg_layerEnable_val16]:  wired=1; compound=0; hidden=0; nouse=0; global=0; static=0; extern=0; dir=0; type=0; pingpong=0; private_global=0; IO mode=ap_none:ce=0
Port [ HwReg_layerEnableFlag_0_val]:  wired=1; compound=0; hidden=0; nouse=0; global=0; static=0; extern=0; dir=0; type=0; pingpong=0; private_global=0; IO mode=ap_none:ce=0
Port [ HwReg_layerEnableFlag_1_val]:  wired=1; compound=0; hidden=0; nouse=0; global=0; static=0; extern=0; dir=0; type=0; pingpong=0; private_global=0; IO mode=ap_none:ce=0
Port [ HwReg_layerEnableFlag_2_val]:  wired=1; compound=0; hidden=0; nouse=0; global=0; static=0; extern=0; dir=0; type=0; pingpong=0; private_global=0; IO mode=ap_none:ce=0
Port [ HwReg_layerAlpha_2_val17]:  wired=1; compound=0; hidden=0; nouse=0; global=0; static=0; extern=0; dir=0; type=0; pingpong=0; private_global=0; IO mode=ap_none:ce=0
Port [ HwReg_layerStartX_1_val18]:  wired=1; compound=0; hidden=0; nouse=0; global=0; static=0; extern=0; dir=0; type=0; pingpong=0; private_global=0; IO mode=ap_none:ce=0
Port [ HwReg_layerStartX_2_val19]:  wired=1; compound=0; hidden=0; nouse=0; global=0; static=0; extern=0; dir=0; type=0; pingpong=0; private_global=0; IO mode=ap_none:ce=0
Port [ HwReg_layerStartY_1_val20]:  wired=1; compound=0; hidden=0; nouse=0; global=0; static=0; extern=0; dir=0; type=0; pingpong=0; private_global=0; IO mode=ap_none:ce=0
Port [ HwReg_layerStartY_2_val21]:  wired=1; compound=0; hidden=0; nouse=0; global=0; static=0; extern=0; dir=0; type=0; pingpong=0; private_global=0; IO mode=ap_none:ce=0
Port [ HwReg_layerWidth_1_val]:  wired=1; compound=0; hidden=0; nouse=0; global=0; static=0; extern=0; dir=0; type=0; pingpong=0; private_global=0; IO mode=ap_none:ce=0
Port [ HwReg_layerWidth_2_val]:  wired=1; compound=0; hidden=0; nouse=0; global=0; static=0; extern=0; dir=0; type=0; pingpong=0; private_global=0; IO mode=ap_none:ce=0
Port [ HwReg_layerHeight_1_val]:  wired=1; compound=0; hidden=0; nouse=0; global=0; static=0; extern=0; dir=0; type=0; pingpong=0; private_global=0; IO mode=ap_none:ce=0
Port [ HwReg_layerHeight_2_val]:  wired=1; compound=0; hidden=0; nouse=0; global=0; static=0; extern=0; dir=0; type=0; pingpong=0; private_global=0; IO mode=ap_none:ce=0
Port [ HwReg_layerScaleFactor_1_val26]:  wired=1; compound=0; hidden=0; nouse=0; global=0; static=0; extern=0; dir=0; type=0; pingpong=0; private_global=0; IO mode=ap_none:ce=0
Port [ HwReg_layerScaleFactor_2_val27]:  wired=1; compound=0; hidden=0; nouse=0; global=0; static=0; extern=0; dir=0; type=0; pingpong=0; private_global=0; IO mode=ap_none:ce=0
Port [ s_axis_video_V_data_V]:  wired=1; compound=1; hidden=0; nouse=0; global=0; static=0; extern=0; dir=0; type=0; pingpong=0; private_global=0; IO mode=axis:ce=0
Port [ s_axis_video_V_keep_V]:  wired=1; compound=1; hidden=0; nouse=0; global=0; static=0; extern=0; dir=0; type=0; pingpong=0; private_global=0; IO mode=axis:ce=0
Port [ s_axis_video_V_strb_V]:  wired=1; compound=1; hidden=0; nouse=0; global=0; static=0; extern=0; dir=0; type=0; pingpong=0; private_global=0; IO mode=axis:ce=0
Port [ s_axis_video_V_user_V]:  wired=1; compound=1; hidden=0; nouse=0; global=0; static=0; extern=0; dir=0; type=0; pingpong=0; private_global=0; IO mode=axis:ce=0
Port [ s_axis_video_V_last_V]:  wired=1; compound=1; hidden=0; nouse=0; global=0; static=0; extern=0; dir=0; type=0; pingpong=0; private_global=0; IO mode=axis:ce=0
Port [ s_axis_video_V_id_V]:  wired=1; compound=1; hidden=0; nouse=0; global=0; static=0; extern=0; dir=0; type=0; pingpong=0; private_global=0; IO mode=axis:ce=0
Port [ s_axis_video_V_dest_V]:  wired=1; compound=1; hidden=0; nouse=0; global=0; static=0; extern=0; dir=0; type=0; pingpong=0; private_global=0; IO mode=axis:ce=0
Port [ s_axis_video1_V_data_V]:  wired=1; compound=1; hidden=0; nouse=0; global=0; static=0; extern=0; dir=0; type=0; pingpong=0; private_global=0; IO mode=axis:ce=0
Port [ s_axis_video1_V_keep_V]:  wired=1; compound=1; hidden=0; nouse=0; global=0; static=0; extern=0; dir=0; type=0; pingpong=0; private_global=0; IO mode=axis:ce=0
Port [ s_axis_video1_V_strb_V]:  wired=1; compound=1; hidden=0; nouse=0; global=0; static=0; extern=0; dir=0; type=0; pingpong=0; private_global=0; IO mode=axis:ce=0
Port [ s_axis_video1_V_user_V]:  wired=1; compound=1; hidden=0; nouse=0; global=0; static=0; extern=0; dir=0; type=0; pingpong=0; private_global=0; IO mode=axis:ce=0
Port [ s_axis_video1_V_last_V]:  wired=1; compound=1; hidden=0; nouse=0; global=0; static=0; extern=0; dir=0; type=0; pingpong=0; private_global=0; IO mode=axis:ce=0
Port [ s_axis_video1_V_id_V]:  wired=1; compound=1; hidden=0; nouse=0; global=0; static=0; extern=0; dir=0; type=0; pingpong=0; private_global=0; IO mode=axis:ce=0
Port [ s_axis_video1_V_dest_V]:  wired=1; compound=1; hidden=0; nouse=0; global=0; static=0; extern=0; dir=0; type=0; pingpong=0; private_global=0; IO mode=axis:ce=0
Port [ s_axis_video2_V_data_V]:  wired=1; compound=1; hidden=0; nouse=0; global=0; static=0; extern=0; dir=0; type=0; pingpong=0; private_global=0; IO mode=axis:ce=0
Port [ s_axis_video2_V_keep_V]:  wired=1; compound=1; hidden=0; nouse=0; global=0; static=0; extern=0; dir=0; type=0; pingpong=0; private_global=0; IO mode=axis:ce=0
Port [ s_axis_video2_V_strb_V]:  wired=1; compound=1; hidden=0; nouse=0; global=0; static=0; extern=0; dir=0; type=0; pingpong=0; private_global=0; IO mode=axis:ce=0
Port [ s_axis_video2_V_user_V]:  wired=1; compound=1; hidden=0; nouse=0; global=0; static=0; extern=0; dir=0; type=0; pingpong=0; private_global=0; IO mode=axis:ce=0
Port [ s_axis_video2_V_last_V]:  wired=1; compound=1; hidden=0; nouse=0; global=0; static=0; extern=0; dir=0; type=0; pingpong=0; private_global=0; IO mode=axis:ce=0
Port [ s_axis_video2_V_id_V]:  wired=1; compound=1; hidden=0; nouse=0; global=0; static=0; extern=0; dir=0; type=0; pingpong=0; private_global=0; IO mode=axis:ce=0
Port [ s_axis_video2_V_dest_V]:  wired=1; compound=1; hidden=0; nouse=0; global=0; static=0; extern=0; dir=0; type=0; pingpong=0; private_global=0; IO mode=axis:ce=0
Port [ m_axis_video_V_data_V]:  wired=1; compound=1; hidden=0; nouse=0; global=0; static=0; extern=0; dir=1; type=0; pingpong=0; private_global=0; IO mode=axis:ce=0
Port [ m_axis_video_V_keep_V]:  wired=1; compound=1; hidden=0; nouse=0; global=0; static=0; extern=0; dir=1; type=0; pingpong=0; private_global=0; IO mode=axis:ce=0
Port [ m_axis_video_V_strb_V]:  wired=1; compound=1; hidden=0; nouse=0; global=0; static=0; extern=0; dir=1; type=0; pingpong=0; private_global=0; IO mode=axis:ce=0
Port [ m_axis_video_V_user_V]:  wired=1; compound=1; hidden=0; nouse=0; global=0; static=0; extern=0; dir=1; type=0; pingpong=0; private_global=0; IO mode=axis:ce=0
Port [ m_axis_video_V_last_V]:  wired=1; compound=1; hidden=0; nouse=0; global=0; static=0; extern=0; dir=1; type=0; pingpong=0; private_global=0; IO mode=axis:ce=0
Port [ m_axis_video_V_id_V]:  wired=1; compound=1; hidden=0; nouse=0; global=0; static=0; extern=0; dir=1; type=0; pingpong=0; private_global=0; IO mode=axis:ce=0
Port [ m_axis_video_V_dest_V]:  wired=1; compound=1; hidden=0; nouse=0; global=0; static=0; extern=0; dir=1; type=0; pingpong=0; private_global=0; IO mode=axis:ce=0
---------------- STG Properties END ------------------

---------------- Datapath Model BEGIN ----------------

<LifeTime>
<method=bitvector/>
HwReg_layerHeight_2_val_read        (read                ) [ 00111111111111100000000]
HwReg_layerHeight_1_val_read        (read                ) [ 00111111111110000000000]
HwReg_layerWidth_2_val_read         (read                ) [ 00111111111111100000000]
HwReg_layerWidth_1_val_read         (read                ) [ 00111111111110000000000]
HwReg_layerEnableFlag_2_val_read    (read                ) [ 00111111111000000000000]
HwReg_layerEnableFlag_1_val_read    (read                ) [ 00111111111000000000000]
HwReg_layerEnableFlag_0_val_read    (read                ) [ 00111111100000000000000]
HwReg_height_val_read               (read                ) [ 00111111111111111111111]
HwReg_width_val_read                (read                ) [ 00111111111111111111111]
empty                               (trunc               ) [ 00111111111000000000000]
empty_156                           (trunc               ) [ 00111111111000000000000]
empty_158                           (trunc               ) [ 00111111111000000000000]
empty_159                           (trunc               ) [ 00111111111000000000000]
srcLayer0                           (alloca              ) [ 01111111111111111111111]
srcLayer0Yuv422                     (alloca              ) [ 00111111111111111111111]
srcLayer0Yuv                        (alloca              ) [ 00111111111111111111111]
outLayer0                           (alloca              ) [ 00111111111111111111111]
outYuv                              (alloca              ) [ 00111111111111111111111]
out422                              (alloca              ) [ 00111111111111111111111]
out420                              (alloca              ) [ 00111111111111111111111]
srcLayer1                           (alloca              ) [ 01111111111111111111111]
srcLayer1x                          (alloca              ) [ 00111111111111111111111]
outLayer1                           (alloca              ) [ 00111111111111111111111]
srcLayer1Yuv                        (alloca              ) [ 00111111111111111111111]
srcLayer1Yuv422                     (alloca              ) [ 00111111111111111111111]
srcLayer1Rgb                        (alloca              ) [ 00111111111111111111111]
srcLayer2                           (alloca              ) [ 01111111111111111111111]
srcLayer2x                          (alloca              ) [ 00111111111111111111111]
outLayer2                           (alloca              ) [ 00111111111111111111111]
srcLayer2Yuv                        (alloca              ) [ 00111111111111111111111]
srcLayer2Yuv422                     (alloca              ) [ 00111111111111111111111]
srcLayer2Rgb                        (alloca              ) [ 00111111111111111111111]
call_ln630                          (call                ) [ 00000000000000000000000]
call_ln704                          (call                ) [ 00000000000000000000000]
call_ln787                          (call                ) [ 00000000000000000000000]
call_ln634                          (call                ) [ 00000000000000000000000]
call_ln709                          (call                ) [ 00000000000000000000000]
call_ln792                          (call                ) [ 00000000000000000000000]
call_ln638                          (call                ) [ 00000000000000000000000]
call_ln712                          (call                ) [ 00000000000000000000000]
call_ln795                          (call                ) [ 00000000000000000000000]
call_ln642                          (call                ) [ 00000000000000000000000]
call_ln715                          (call                ) [ 00000000000000000000000]
call_ln798                          (call                ) [ 00000000000000000000000]
call_ln722                          (call                ) [ 00000000000000000000000]
call_ln805                          (call                ) [ 00000000000000000000000]
HwReg_layerScaleFactor_1_val26_read (read                ) [ 00000000000010000000000]
HwReg_layerStartY_1_val20_read      (read                ) [ 00000000000010000000000]
HwReg_layerStartX_1_val18_read      (read                ) [ 00000000000010000000000]
HwReg_layerEnable_val16_read        (read                ) [ 00000000000011100000000]
HwReg_background_V_B_val14_read     (read                ) [ 00000000000010000000000]
HwReg_background_U_G_val13_read     (read                ) [ 00000000000010000000000]
HwReg_background_Y_R_val12_read     (read                ) [ 00000000000010000000000]
empty_157                           (trunc               ) [ 00000000000010000000000]
call_ln730                          (call                ) [ 00000000000000000000000]
HwReg_layerScaleFactor_2_val27_read (read                ) [ 00000000000000100000000]
HwReg_layerStartY_2_val21_read      (read                ) [ 00000000000000100000000]
HwReg_layerStartX_2_val19_read      (read                ) [ 00000000000000100000000]
HwReg_layerAlpha_2_val17_read       (read                ) [ 00000000000000100000000]
call_ln813                          (call                ) [ 00000000000000000000000]
call_ln2009                         (call                ) [ 00000000000000000000000]
call_ln2018                         (call                ) [ 00000000000000000000000]
call_ln2022                         (call                ) [ 00000000000000000000000]
specstablecontent_ln0               (specstablecontent   ) [ 00000000000000000000000]
specstablecontent_ln0               (specstablecontent   ) [ 00000000000000000000000]
specstablecontent_ln0               (specstablecontent   ) [ 00000000000000000000000]
specstablecontent_ln0               (specstablecontent   ) [ 00000000000000000000000]
specstablecontent_ln0               (specstablecontent   ) [ 00000000000000000000000]
specstablecontent_ln0               (specstablecontent   ) [ 00000000000000000000000]
specstablecontent_ln0               (specstablecontent   ) [ 00000000000000000000000]
specstablecontent_ln0               (specstablecontent   ) [ 00000000000000000000000]
specstablecontent_ln0               (specstablecontent   ) [ 00000000000000000000000]
specstablecontent_ln0               (specstablecontent   ) [ 00000000000000000000000]
specstablecontent_ln0               (specstablecontent   ) [ 00000000000000000000000]
specstablecontent_ln0               (specstablecontent   ) [ 00000000000000000000000]
specstablecontent_ln0               (specstablecontent   ) [ 00000000000000000000000]
specstablecontent_ln0               (specstablecontent   ) [ 00000000000000000000000]
specstablecontent_ln0               (specstablecontent   ) [ 00000000000000000000000]
specdataflowpipeline_ln0            (specdataflowpipeline) [ 00000000000000000000000]
specaxissidechannel_ln0             (specaxissidechannel ) [ 00000000000000000000000]
specaxissidechannel_ln0             (specaxissidechannel ) [ 00000000000000000000000]
specaxissidechannel_ln0             (specaxissidechannel ) [ 00000000000000000000000]
specaxissidechannel_ln0             (specaxissidechannel ) [ 00000000000000000000000]
specstablecontent_ln0               (specstablecontent   ) [ 00000000000000000000000]
specstablecontent_ln0               (specstablecontent   ) [ 00000000000000000000000]
specstablecontent_ln0               (specstablecontent   ) [ 00000000000000000000000]
specstablecontent_ln0               (specstablecontent   ) [ 00000000000000000000000]
specstablecontent_ln0               (specstablecontent   ) [ 00000000000000000000000]
specstablecontent_ln0               (specstablecontent   ) [ 00000000000000000000000]
specstablecontent_ln0               (specstablecontent   ) [ 00000000000000000000000]
specinterface_ln0                   (specinterface       ) [ 00000000000000000000000]
specinterface_ln0                   (specinterface       ) [ 00000000000000000000000]
specinterface_ln0                   (specinterface       ) [ 00000000000000000000000]
specinterface_ln0                   (specinterface       ) [ 00000000000000000000000]
empty_160                           (specchannel         ) [ 00000000000000000000000]
specinterface_ln0                   (specinterface       ) [ 00000000000000000000000]
empty_161                           (specchannel         ) [ 00000000000000000000000]
specinterface_ln0                   (specinterface       ) [ 00000000000000000000000]
empty_162                           (specchannel         ) [ 00000000000000000000000]
specinterface_ln0                   (specinterface       ) [ 00000000000000000000000]
empty_163                           (specchannel         ) [ 00000000000000000000000]
specinterface_ln0                   (specinterface       ) [ 00000000000000000000000]
empty_164                           (specchannel         ) [ 00000000000000000000000]
specinterface_ln0                   (specinterface       ) [ 00000000000000000000000]
empty_165                           (specchannel         ) [ 00000000000000000000000]
specinterface_ln0                   (specinterface       ) [ 00000000000000000000000]
empty_166                           (specchannel         ) [ 00000000000000000000000]
specinterface_ln0                   (specinterface       ) [ 00000000000000000000000]
empty_167                           (specchannel         ) [ 00000000000000000000000]
specinterface_ln0                   (specinterface       ) [ 00000000000000000000000]
empty_168                           (specchannel         ) [ 00000000000000000000000]
specinterface_ln0                   (specinterface       ) [ 00000000000000000000000]
empty_169                           (specchannel         ) [ 00000000000000000000000]
specinterface_ln0                   (specinterface       ) [ 00000000000000000000000]
empty_170                           (specchannel         ) [ 00000000000000000000000]
specinterface_ln0                   (specinterface       ) [ 00000000000000000000000]
empty_171                           (specchannel         ) [ 00000000000000000000000]
specinterface_ln0                   (specinterface       ) [ 00000000000000000000000]
empty_172                           (specchannel         ) [ 00000000000000000000000]
specinterface_ln0                   (specinterface       ) [ 00000000000000000000000]
empty_173                           (specchannel         ) [ 00000000000000000000000]
specinterface_ln0                   (specinterface       ) [ 00000000000000000000000]
empty_174                           (specchannel         ) [ 00000000000000000000000]
specinterface_ln0                   (specinterface       ) [ 00000000000000000000000]
empty_175                           (specchannel         ) [ 00000000000000000000000]
specinterface_ln0                   (specinterface       ) [ 00000000000000000000000]
empty_176                           (specchannel         ) [ 00000000000000000000000]
specinterface_ln0                   (specinterface       ) [ 00000000000000000000000]
empty_177                           (specchannel         ) [ 00000000000000000000000]
specinterface_ln0                   (specinterface       ) [ 00000000000000000000000]
empty_178                           (specchannel         ) [ 00000000000000000000000]
specinterface_ln0                   (specinterface       ) [ 00000000000000000000000]
call_ln2025                         (call                ) [ 00000000000000000000000]
ret_ln2026                          (ret                 ) [ 00000000000000000000000]
</LifeTime>

<model>

<comp_list>
<comp id="0" class="1000" name="HwReg_width_val">
<pin_list>
<pin id="1" dir="1" index="0" bw="1" slack="0"/>
</pin_list>
<bind>
<StgValue><ssdm name="HwReg_width_val"/></StgValue>
</bind>
</comp>

<comp id="2" class="1000" name="HwReg_height_val">
<pin_list>
<pin id="3" dir="1" index="0" bw="1" slack="0"/>
</pin_list>
<bind>
<StgValue><ssdm name="HwReg_height_val"/></StgValue>
</bind>
</comp>

<comp id="4" class="1000" name="HwReg_background_Y_R_val12">
<pin_list>
<pin id="5" dir="1" index="0" bw="1" slack="0"/>
</pin_list>
<bind>
<StgValue><ssdm name="HwReg_background_Y_R_val12"/></StgValue>
</bind>
</comp>

<comp id="6" class="1000" name="HwReg_background_U_G_val13">
<pin_list>
<pin id="7" dir="1" index="0" bw="1" slack="0"/>
</pin_list>
<bind>
<StgValue><ssdm name="HwReg_background_U_G_val13"/></StgValue>
</bind>
</comp>

<comp id="8" class="1000" name="HwReg_background_V_B_val14">
<pin_list>
<pin id="9" dir="1" index="0" bw="1" slack="0"/>
</pin_list>
<bind>
<StgValue><ssdm name="HwReg_background_V_B_val14"/></StgValue>
</bind>
</comp>

<comp id="10" class="1000" name="HwReg_layerEnable_val16">
<pin_list>
<pin id="11" dir="1" index="0" bw="1" slack="0"/>
</pin_list>
<bind>
<StgValue><ssdm name="HwReg_layerEnable_val16"/></StgValue>
</bind>
</comp>

<comp id="12" class="1000" name="HwReg_layerEnableFlag_0_val">
<pin_list>
<pin id="13" dir="1" index="0" bw="1" slack="0"/>
</pin_list>
<bind>
<StgValue><ssdm name="HwReg_layerEnableFlag_0_val"/></StgValue>
</bind>
</comp>

<comp id="14" class="1000" name="HwReg_layerEnableFlag_1_val">
<pin_list>
<pin id="15" dir="1" index="0" bw="1" slack="0"/>
</pin_list>
<bind>
<StgValue><ssdm name="HwReg_layerEnableFlag_1_val"/></StgValue>
</bind>
</comp>

<comp id="16" class="1000" name="HwReg_layerEnableFlag_2_val">
<pin_list>
<pin id="17" dir="1" index="0" bw="1" slack="0"/>
</pin_list>
<bind>
<StgValue><ssdm name="HwReg_layerEnableFlag_2_val"/></StgValue>
</bind>
</comp>

<comp id="18" class="1000" name="HwReg_layerAlpha_2_val17">
<pin_list>
<pin id="19" dir="1" index="0" bw="1" slack="0"/>
</pin_list>
<bind>
<StgValue><ssdm name="HwReg_layerAlpha_2_val17"/></StgValue>
</bind>
</comp>

<comp id="20" class="1000" name="HwReg_layerStartX_1_val18">
<pin_list>
<pin id="21" dir="1" index="0" bw="1" slack="0"/>
</pin_list>
<bind>
<StgValue><ssdm name="HwReg_layerStartX_1_val18"/></StgValue>
</bind>
</comp>

<comp id="22" class="1000" name="HwReg_layerStartX_2_val19">
<pin_list>
<pin id="23" dir="1" index="0" bw="1" slack="0"/>
</pin_list>
<bind>
<StgValue><ssdm name="HwReg_layerStartX_2_val19"/></StgValue>
</bind>
</comp>

<comp id="24" class="1000" name="HwReg_layerStartY_1_val20">
<pin_list>
<pin id="25" dir="1" index="0" bw="1" slack="0"/>
</pin_list>
<bind>
<StgValue><ssdm name="HwReg_layerStartY_1_val20"/></StgValue>
</bind>
</comp>

<comp id="26" class="1000" name="HwReg_layerStartY_2_val21">
<pin_list>
<pin id="27" dir="1" index="0" bw="1" slack="0"/>
</pin_list>
<bind>
<StgValue><ssdm name="HwReg_layerStartY_2_val21"/></StgValue>
</bind>
</comp>

<comp id="28" class="1000" name="HwReg_layerWidth_1_val">
<pin_list>
<pin id="29" dir="1" index="0" bw="1" slack="0"/>
</pin_list>
<bind>
<StgValue><ssdm name="HwReg_layerWidth_1_val"/></StgValue>
</bind>
</comp>

<comp id="30" class="1000" name="HwReg_layerWidth_2_val">
<pin_list>
<pin id="31" dir="1" index="0" bw="1" slack="0"/>
</pin_list>
<bind>
<StgValue><ssdm name="HwReg_layerWidth_2_val"/></StgValue>
</bind>
</comp>

<comp id="32" class="1000" name="HwReg_layerHeight_1_val">
<pin_list>
<pin id="33" dir="1" index="0" bw="1" slack="0"/>
</pin_list>
<bind>
<StgValue><ssdm name="HwReg_layerHeight_1_val"/></StgValue>
</bind>
</comp>

<comp id="34" class="1000" name="HwReg_layerHeight_2_val">
<pin_list>
<pin id="35" dir="1" index="0" bw="1" slack="0"/>
</pin_list>
<bind>
<StgValue><ssdm name="HwReg_layerHeight_2_val"/></StgValue>
</bind>
</comp>

<comp id="36" class="1000" name="HwReg_layerScaleFactor_1_val26">
<pin_list>
<pin id="37" dir="1" index="0" bw="1" slack="0"/>
</pin_list>
<bind>
<StgValue><ssdm name="HwReg_layerScaleFactor_1_val26"/></StgValue>
</bind>
</comp>

<comp id="38" class="1000" name="HwReg_layerScaleFactor_2_val27">
<pin_list>
<pin id="39" dir="1" index="0" bw="1" slack="0"/>
</pin_list>
<bind>
<StgValue><ssdm name="HwReg_layerScaleFactor_2_val27"/></StgValue>
</bind>
</comp>

<comp id="40" class="1000" name="s_axis_video_V_data_V">
<pin_list>
<pin id="41" dir="1" index="0" bw="1" slack="0"/>
</pin_list>
<bind>
<StgValue><ssdm name="s_axis_video_V_data_V"/></StgValue>
</bind>
</comp>

<comp id="42" class="1000" name="s_axis_video_V_keep_V">
<pin_list>
<pin id="43" dir="1" index="0" bw="1" slack="0"/>
</pin_list>
<bind>
<StgValue><ssdm name="s_axis_video_V_keep_V"/></StgValue>
</bind>
</comp>

<comp id="44" class="1000" name="s_axis_video_V_strb_V">
<pin_list>
<pin id="45" dir="1" index="0" bw="1" slack="0"/>
</pin_list>
<bind>
<StgValue><ssdm name="s_axis_video_V_strb_V"/></StgValue>
</bind>
</comp>

<comp id="46" class="1000" name="s_axis_video_V_user_V">
<pin_list>
<pin id="47" dir="1" index="0" bw="1" slack="0"/>
</pin_list>
<bind>
<StgValue><ssdm name="s_axis_video_V_user_V"/></StgValue>
</bind>
</comp>

<comp id="48" class="1000" name="s_axis_video_V_last_V">
<pin_list>
<pin id="49" dir="1" index="0" bw="1" slack="0"/>
</pin_list>
<bind>
<StgValue><ssdm name="s_axis_video_V_last_V"/></StgValue>
</bind>
</comp>

<comp id="50" class="1000" name="s_axis_video_V_id_V">
<pin_list>
<pin id="51" dir="1" index="0" bw="1" slack="0"/>
</pin_list>
<bind>
<StgValue><ssdm name="s_axis_video_V_id_V"/></StgValue>
</bind>
</comp>

<comp id="52" class="1000" name="s_axis_video_V_dest_V">
<pin_list>
<pin id="53" dir="1" index="0" bw="1" slack="0"/>
</pin_list>
<bind>
<StgValue><ssdm name="s_axis_video_V_dest_V"/></StgValue>
</bind>
</comp>

<comp id="54" class="1000" name="s_axis_video1_V_data_V">
<pin_list>
<pin id="55" dir="1" index="0" bw="1" slack="0"/>
</pin_list>
<bind>
<StgValue><ssdm name="s_axis_video1_V_data_V"/></StgValue>
</bind>
</comp>

<comp id="56" class="1000" name="s_axis_video1_V_keep_V">
<pin_list>
<pin id="57" dir="1" index="0" bw="1" slack="0"/>
</pin_list>
<bind>
<StgValue><ssdm name="s_axis_video1_V_keep_V"/></StgValue>
</bind>
</comp>

<comp id="58" class="1000" name="s_axis_video1_V_strb_V">
<pin_list>
<pin id="59" dir="1" index="0" bw="1" slack="0"/>
</pin_list>
<bind>
<StgValue><ssdm name="s_axis_video1_V_strb_V"/></StgValue>
</bind>
</comp>

<comp id="60" class="1000" name="s_axis_video1_V_user_V">
<pin_list>
<pin id="61" dir="1" index="0" bw="1" slack="0"/>
</pin_list>
<bind>
<StgValue><ssdm name="s_axis_video1_V_user_V"/></StgValue>
</bind>
</comp>

<comp id="62" class="1000" name="s_axis_video1_V_last_V">
<pin_list>
<pin id="63" dir="1" index="0" bw="1" slack="0"/>
</pin_list>
<bind>
<StgValue><ssdm name="s_axis_video1_V_last_V"/></StgValue>
</bind>
</comp>

<comp id="64" class="1000" name="s_axis_video1_V_id_V">
<pin_list>
<pin id="65" dir="1" index="0" bw="1" slack="0"/>
</pin_list>
<bind>
<StgValue><ssdm name="s_axis_video1_V_id_V"/></StgValue>
</bind>
</comp>

<comp id="66" class="1000" name="s_axis_video1_V_dest_V">
<pin_list>
<pin id="67" dir="1" index="0" bw="1" slack="0"/>
</pin_list>
<bind>
<StgValue><ssdm name="s_axis_video1_V_dest_V"/></StgValue>
</bind>
</comp>

<comp id="68" class="1000" name="s_axis_video2_V_data_V">
<pin_list>
<pin id="69" dir="1" index="0" bw="1" slack="0"/>
</pin_list>
<bind>
<StgValue><ssdm name="s_axis_video2_V_data_V"/></StgValue>
</bind>
</comp>

<comp id="70" class="1000" name="s_axis_video2_V_keep_V">
<pin_list>
<pin id="71" dir="1" index="0" bw="1" slack="0"/>
</pin_list>
<bind>
<StgValue><ssdm name="s_axis_video2_V_keep_V"/></StgValue>
</bind>
</comp>

<comp id="72" class="1000" name="s_axis_video2_V_strb_V">
<pin_list>
<pin id="73" dir="1" index="0" bw="1" slack="0"/>
</pin_list>
<bind>
<StgValue><ssdm name="s_axis_video2_V_strb_V"/></StgValue>
</bind>
</comp>

<comp id="74" class="1000" name="s_axis_video2_V_user_V">
<pin_list>
<pin id="75" dir="1" index="0" bw="1" slack="0"/>
</pin_list>
<bind>
<StgValue><ssdm name="s_axis_video2_V_user_V"/></StgValue>
</bind>
</comp>

<comp id="76" class="1000" name="s_axis_video2_V_last_V">
<pin_list>
<pin id="77" dir="1" index="0" bw="1" slack="0"/>
</pin_list>
<bind>
<StgValue><ssdm name="s_axis_video2_V_last_V"/></StgValue>
</bind>
</comp>

<comp id="78" class="1000" name="s_axis_video2_V_id_V">
<pin_list>
<pin id="79" dir="1" index="0" bw="1" slack="0"/>
</pin_list>
<bind>
<StgValue><ssdm name="s_axis_video2_V_id_V"/></StgValue>
</bind>
</comp>

<comp id="80" class="1000" name="s_axis_video2_V_dest_V">
<pin_list>
<pin id="81" dir="1" index="0" bw="1" slack="0"/>
</pin_list>
<bind>
<StgValue><ssdm name="s_axis_video2_V_dest_V"/></StgValue>
</bind>
</comp>

<comp id="82" class="1000" name="m_axis_video_V_data_V">
<pin_list>
<pin id="83" dir="1" index="0" bw="1" slack="0"/>
</pin_list>
<bind>
<StgValue><ssdm name="m_axis_video_V_data_V"/></StgValue>
</bind>
</comp>

<comp id="84" class="1000" name="m_axis_video_V_keep_V">
<pin_list>
<pin id="85" dir="1" index="0" bw="1" slack="0"/>
</pin_list>
<bind>
<StgValue><ssdm name="m_axis_video_V_keep_V"/></StgValue>
</bind>
</comp>

<comp id="86" class="1000" name="m_axis_video_V_strb_V">
<pin_list>
<pin id="87" dir="1" index="0" bw="1" slack="0"/>
</pin_list>
<bind>
<StgValue><ssdm name="m_axis_video_V_strb_V"/></StgValue>
</bind>
</comp>

<comp id="88" class="1000" name="m_axis_video_V_user_V">
<pin_list>
<pin id="89" dir="1" index="0" bw="1" slack="0"/>
</pin_list>
<bind>
<StgValue><ssdm name="m_axis_video_V_user_V"/></StgValue>
</bind>
</comp>

<comp id="90" class="1000" name="m_axis_video_V_last_V">
<pin_list>
<pin id="91" dir="1" index="0" bw="1" slack="0"/>
</pin_list>
<bind>
<StgValue><ssdm name="m_axis_video_V_last_V"/></StgValue>
</bind>
</comp>

<comp id="92" class="1000" name="m_axis_video_V_id_V">
<pin_list>
<pin id="93" dir="1" index="0" bw="1" slack="0"/>
</pin_list>
<bind>
<StgValue><ssdm name="m_axis_video_V_id_V"/></StgValue>
</bind>
</comp>

<comp id="94" class="1000" name="m_axis_video_V_dest_V">
<pin_list>
<pin id="95" dir="1" index="0" bw="1" slack="0"/>
</pin_list>
<bind>
<StgValue><ssdm name="m_axis_video_V_dest_V"/></StgValue>
</bind>
</comp>

<comp id="96" class="1001" name="const_96">
<pin_list>
<pin id="97" dir="1" index="0" bw="1" slack="0"/>
</pin_list>
<bind>
<StgValue><ssdm name="_ssdm_op_Read.ap_auto.i16"/></StgValue>
</bind>
</comp>

<comp id="98" class="1001" name="const_98">
<pin_list>
<pin id="99" dir="1" index="0" bw="1" slack="0"/>
</pin_list>
<bind>
<StgValue><ssdm name="_ssdm_op_Read.ap_auto.i1"/></StgValue>
</bind>
</comp>

<comp id="100" class="1001" name="const_100">
<pin_list>
<pin id="101" dir="1" index="0" bw="1" slack="0"/>
</pin_list>
<bind>
<StgValue><ssdm name="_ssdm_op_Read.ap_auto.i12"/></StgValue>
</bind>
</comp>

<comp id="102" class="1001" name="const_102">
<pin_list>
<pin id="103" dir="1" index="0" bw="1" slack="0"/>
</pin_list>
<bind>
<StgValue><ssdm name=""/></StgValue>
</bind>
</comp>

<comp id="104" class="1001" name="const_104">
<pin_list>
<pin id="105" dir="1" index="0" bw="1" slack="0"/>
</pin_list>
<bind>
<StgValue><ssdm name="AXIvideo2MultiPixStream.1"/></StgValue>
</bind>
</comp>

<comp id="106" class="1001" name="const_106">
<pin_list>
<pin id="107" dir="1" index="0" bw="1" slack="0"/>
</pin_list>
<bind>
<StgValue><ssdm name="AXIvideo2MultiPixStream.5"/></StgValue>
</bind>
</comp>

<comp id="108" class="1001" name="const_108">
<pin_list>
<pin id="109" dir="1" index="0" bw="1" slack="0"/>
</pin_list>
<bind>
<StgValue><ssdm name="AXIvideo2MultiPixStream"/></StgValue>
</bind>
</comp>

<comp id="110" class="1001" name="const_110">
<pin_list>
<pin id="111" dir="1" index="0" bw="1" slack="0"/>
</pin_list>
<bind>
<StgValue><ssdm name="v_mix_420_to_422<false>.2"/></StgValue>
</bind>
</comp>

<comp id="112" class="1001" name="const_112">
<pin_list>
<pin id="113" dir="1" index="0" bw="1" slack="0"/>
</pin_list>
<bind>
<StgValue><ssdm name="v_mix_420_to_422<false>.6"/></StgValue>
</bind>
</comp>

<comp id="114" class="1001" name="const_114">
<pin_list>
<pin id="115" dir="1" index="0" bw="1" slack="0"/>
</pin_list>
<bind>
<StgValue><ssdm name="v_mix_420_to_422<false>"/></StgValue>
</bind>
</comp>

<comp id="116" class="1001" name="const_116">
<pin_list>
<pin id="117" dir="1" index="0" bw="1" slack="0"/>
</pin_list>
<bind>
<StgValue><ssdm name="v_mix_422_to_444<false>.3"/></StgValue>
</bind>
</comp>

<comp id="118" class="1001" name="const_118">
<pin_list>
<pin id="119" dir="1" index="0" bw="1" slack="0"/>
</pin_list>
<bind>
<StgValue><ssdm name="v_mix_422_to_444<true>"/></StgValue>
</bind>
</comp>

<comp id="120" class="1001" name="const_120">
<pin_list>
<pin id="121" dir="1" index="0" bw="1" slack="0"/>
</pin_list>
<bind>
<StgValue><ssdm name="v_mix_422_to_444<false>"/></StgValue>
</bind>
</comp>

<comp id="122" class="1001" name="const_122">
<pin_list>
<pin id="123" dir="1" index="0" bw="1" slack="0"/>
</pin_list>
<bind>
<StgValue><ssdm name="v_mix_yuv2rgb<false>.4"/></StgValue>
</bind>
</comp>

<comp id="124" class="1001" name="const_124">
<pin_list>
<pin id="125" dir="1" index="0" bw="1" slack="0"/>
</pin_list>
<bind>
<StgValue><ssdm name="v_mix_yuv2rgb<true>"/></StgValue>
</bind>
</comp>

<comp id="126" class="1001" name="const_126">
<pin_list>
<pin id="127" dir="1" index="0" bw="1" slack="0"/>
</pin_list>
<bind>
<StgValue><ssdm name="v_mix_yuv2rgb<false>"/></StgValue>
</bind>
</comp>

<comp id="128" class="1001" name="const_128">
<pin_list>
<pin id="129" dir="1" index="0" bw="1" slack="0"/>
</pin_list>
<bind>
<StgValue><ssdm name="v_mix_upsample<false>.7"/></StgValue>
</bind>
</comp>

<comp id="130" class="1001" name="const_130">
<pin_list>
<pin id="131" dir="1" index="0" bw="1" slack="0"/>
</pin_list>
<bind>
<StgValue><ssdm name="v_mix_upsample<false>"/></StgValue>
</bind>
</comp>

<comp id="132" class="1001" name="const_132">
<pin_list>
<pin id="133" dir="1" index="0" bw="1" slack="0"/>
</pin_list>
<bind>
<StgValue><ssdm name="_ssdm_op_Read.ap_auto.i8"/></StgValue>
</bind>
</comp>

<comp id="134" class="1001" name="const_134">
<pin_list>
<pin id="135" dir="1" index="0" bw="1" slack="0"/>
</pin_list>
<bind>
<StgValue><ssdm name="_ssdm_op_Read.ap_auto.i3"/></StgValue>
</bind>
</comp>

<comp id="136" class="1001" name="const_136">
<pin_list>
<pin id="137" dir="1" index="0" bw="1" slack="0"/>
</pin_list>
<bind>
<StgValue><ssdm name="v_mix_core_alpha<false, false>"/></StgValue>
</bind>
</comp>

<comp id="138" class="1001" name="const_138">
<pin_list>
<pin id="139" dir="1" index="0" bw="1" slack="0"/>
</pin_list>
<bind>
<StgValue><ssdm name="_ssdm_op_Read.ap_auto.i9"/></StgValue>
</bind>
</comp>

<comp id="140" class="1001" name="const_140">
<pin_list>
<pin id="141" dir="1" index="0" bw="1" slack="0"/>
</pin_list>
<bind>
<StgValue><ssdm name="v_mix_core_alpha<true, false>"/></StgValue>
</bind>
</comp>

<comp id="142" class="1001" name="const_142">
<pin_list>
<pin id="143" dir="1" index="0" bw="1" slack="0"/>
</pin_list>
<bind>
<StgValue><ssdm name="v_mix_rgb2yuv<false>"/></StgValue>
</bind>
</comp>

<comp id="144" class="1001" name="const_144">
<pin_list>
<pin id="145" dir="1" index="0" bw="1" slack="0"/>
</pin_list>
<bind>
<StgValue><ssdm name="v_mix_444_to_422<false>"/></StgValue>
</bind>
</comp>

<comp id="146" class="1001" name="const_146">
<pin_list>
<pin id="147" dir="1" index="0" bw="1" slack="0"/>
</pin_list>
<bind>
<StgValue><ssdm name="v_mix_422_to_420<false>"/></StgValue>
</bind>
</comp>

<comp id="148" class="1001" name="const_148">
<pin_list>
<pin id="149" dir="1" index="0" bw="1" slack="0"/>
</pin_list>
<bind>
<StgValue><ssdm name="MultiPixStream2AXIvideo"/></StgValue>
</bind>
</comp>

<comp id="150" class="1001" name="const_150">
<pin_list>
<pin id="151" dir="1" index="0" bw="1" slack="2147483647"/>
</pin_list>
<bind>
<StgValue><ssdm name="_ssdm_op_SpecStableContent"/></StgValue>
</bind>
</comp>

<comp id="152" class="1001" name="const_152">
<pin_list>
<pin id="153" dir="1" index="0" bw="1" slack="2147483647"/>
</pin_list>
<bind>
<StgValue><ssdm name=""/></StgValue>
</bind>
</comp>

<comp id="154" class="1001" name="const_154">
<pin_list>
<pin id="155" dir="1" index="0" bw="1" slack="2147483647"/>
</pin_list>
<bind>
<StgValue><ssdm name="p_str"/></StgValue>
</bind>
</comp>

<comp id="156" class="1001" name="const_156">
<pin_list>
<pin id="157" dir="1" index="0" bw="1" slack="2147483647"/>
</pin_list>
<bind>
<StgValue><ssdm name="_ssdm_op_SpecDataflowPipeline"/></StgValue>
</bind>
</comp>

<comp id="158" class="1001" name="const_158">
<pin_list>
<pin id="159" dir="1" index="0" bw="1" slack="2147483647"/>
</pin_list>
<bind>
<StgValue><ssdm name=""/></StgValue>
</bind>
</comp>

<comp id="160" class="1001" name="const_160">
<pin_list>
<pin id="161" dir="1" index="0" bw="1" slack="2147483647"/>
</pin_list>
<bind>
<StgValue><ssdm name=""/></StgValue>
</bind>
</comp>

<comp id="162" class="1001" name="const_162">
<pin_list>
<pin id="163" dir="1" index="0" bw="1" slack="2147483647"/>
</pin_list>
<bind>
<StgValue><ssdm name="empty_0"/></StgValue>
</bind>
</comp>

<comp id="164" class="1001" name="const_164">
<pin_list>
<pin id="165" dir="1" index="0" bw="1" slack="2147483647"/>
</pin_list>
<bind>
<StgValue><ssdm name="_ssdm_op_SpecAXISSideChannel"/></StgValue>
</bind>
</comp>

<comp id="166" class="1001" name="const_166">
<pin_list>
<pin id="167" dir="1" index="0" bw="1" slack="2147483647"/>
</pin_list>
<bind>
<StgValue><ssdm name="empty_58"/></StgValue>
</bind>
</comp>

<comp id="168" class="1001" name="const_168">
<pin_list>
<pin id="169" dir="1" index="0" bw="1" slack="2147483647"/>
</pin_list>
<bind>
<StgValue><ssdm name="empty_45"/></StgValue>
</bind>
</comp>

<comp id="170" class="1001" name="const_170">
<pin_list>
<pin id="171" dir="1" index="0" bw="1" slack="2147483647"/>
</pin_list>
<bind>
<StgValue><ssdm name="empty_49"/></StgValue>
</bind>
</comp>

<comp id="172" class="1001" name="const_172">
<pin_list>
<pin id="173" dir="1" index="0" bw="1" slack="2147483647"/>
</pin_list>
<bind>
<StgValue><ssdm name="empty_61"/></StgValue>
</bind>
</comp>

<comp id="174" class="1001" name="const_174">
<pin_list>
<pin id="175" dir="1" index="0" bw="1" slack="2147483647"/>
</pin_list>
<bind>
<StgValue><ssdm name=""/></StgValue>
</bind>
</comp>

<comp id="176" class="1001" name="const_176">
<pin_list>
<pin id="177" dir="1" index="0" bw="1" slack="2147483647"/>
</pin_list>
<bind>
<StgValue><ssdm name="_ssdm_op_SpecInterface"/></StgValue>
</bind>
</comp>

<comp id="178" class="1001" name="const_178">
<pin_list>
<pin id="179" dir="1" index="0" bw="1" slack="2147483647"/>
</pin_list>
<bind>
<StgValue><ssdm name="empty_10"/></StgValue>
</bind>
</comp>

<comp id="180" class="1001" name="const_180">
<pin_list>
<pin id="181" dir="1" index="0" bw="1" slack="2147483647"/>
</pin_list>
<bind>
<StgValue><ssdm name="empty_2"/></StgValue>
</bind>
</comp>

<comp id="182" class="1001" name="const_182">
<pin_list>
<pin id="183" dir="1" index="0" bw="1" slack="2147483647"/>
</pin_list>
<bind>
<StgValue><ssdm name="_ssdm_op_SpecChannel"/></StgValue>
</bind>
</comp>

<comp id="184" class="1001" name="const_184">
<pin_list>
<pin id="185" dir="1" index="0" bw="1" slack="2147483647"/>
</pin_list>
<bind>
<StgValue><ssdm name="srcLayer0_str"/></StgValue>
</bind>
</comp>

<comp id="186" class="1001" name="const_186">
<pin_list>
<pin id="187" dir="1" index="0" bw="1" slack="2147483647"/>
</pin_list>
<bind>
<StgValue><ssdm name=""/></StgValue>
</bind>
</comp>

<comp id="188" class="1001" name="const_188">
<pin_list>
<pin id="189" dir="1" index="0" bw="1" slack="2147483647"/>
</pin_list>
<bind>
<StgValue><ssdm name="empty_42"/></StgValue>
</bind>
</comp>

<comp id="190" class="1001" name="const_190">
<pin_list>
<pin id="191" dir="1" index="0" bw="1" slack="2147483647"/>
</pin_list>
<bind>
<StgValue><ssdm name="srcLayer0Yuv422_str"/></StgValue>
</bind>
</comp>

<comp id="192" class="1001" name="const_192">
<pin_list>
<pin id="193" dir="1" index="0" bw="1" slack="2147483647"/>
</pin_list>
<bind>
<StgValue><ssdm name="srcLayer0Yuv_str"/></StgValue>
</bind>
</comp>

<comp id="194" class="1001" name="const_194">
<pin_list>
<pin id="195" dir="1" index="0" bw="1" slack="2147483647"/>
</pin_list>
<bind>
<StgValue><ssdm name="outLayer0_str"/></StgValue>
</bind>
</comp>

<comp id="196" class="1001" name="const_196">
<pin_list>
<pin id="197" dir="1" index="0" bw="1" slack="2147483647"/>
</pin_list>
<bind>
<StgValue><ssdm name="outYuv_str"/></StgValue>
</bind>
</comp>

<comp id="198" class="1001" name="const_198">
<pin_list>
<pin id="199" dir="1" index="0" bw="1" slack="2147483647"/>
</pin_list>
<bind>
<StgValue><ssdm name="out422_str"/></StgValue>
</bind>
</comp>

<comp id="200" class="1001" name="const_200">
<pin_list>
<pin id="201" dir="1" index="0" bw="1" slack="2147483647"/>
</pin_list>
<bind>
<StgValue><ssdm name="out420_str"/></StgValue>
</bind>
</comp>

<comp id="202" class="1001" name="const_202">
<pin_list>
<pin id="203" dir="1" index="0" bw="1" slack="2147483647"/>
</pin_list>
<bind>
<StgValue><ssdm name="srcLayer1_str"/></StgValue>
</bind>
</comp>

<comp id="204" class="1001" name="const_204">
<pin_list>
<pin id="205" dir="1" index="0" bw="1" slack="2147483647"/>
</pin_list>
<bind>
<StgValue><ssdm name="srcLayer1x_str"/></StgValue>
</bind>
</comp>

<comp id="206" class="1001" name="const_206">
<pin_list>
<pin id="207" dir="1" index="0" bw="1" slack="2147483647"/>
</pin_list>
<bind>
<StgValue><ssdm name="outLayer1_str"/></StgValue>
</bind>
</comp>

<comp id="208" class="1001" name="const_208">
<pin_list>
<pin id="209" dir="1" index="0" bw="1" slack="2147483647"/>
</pin_list>
<bind>
<StgValue><ssdm name="srcLayer1Yuv_str"/></StgValue>
</bind>
</comp>

<comp id="210" class="1001" name="const_210">
<pin_list>
<pin id="211" dir="1" index="0" bw="1" slack="2147483647"/>
</pin_list>
<bind>
<StgValue><ssdm name="srcLayer1Yuv422_str"/></StgValue>
</bind>
</comp>

<comp id="212" class="1001" name="const_212">
<pin_list>
<pin id="213" dir="1" index="0" bw="1" slack="2147483647"/>
</pin_list>
<bind>
<StgValue><ssdm name="srcLayer1Rgb_str"/></StgValue>
</bind>
</comp>

<comp id="214" class="1001" name="const_214">
<pin_list>
<pin id="215" dir="1" index="0" bw="1" slack="2147483647"/>
</pin_list>
<bind>
<StgValue><ssdm name="srcLayer2_str"/></StgValue>
</bind>
</comp>

<comp id="216" class="1001" name="const_216">
<pin_list>
<pin id="217" dir="1" index="0" bw="1" slack="2147483647"/>
</pin_list>
<bind>
<StgValue><ssdm name="srcLayer2x_str"/></StgValue>
</bind>
</comp>

<comp id="218" class="1001" name="const_218">
<pin_list>
<pin id="219" dir="1" index="0" bw="1" slack="2147483647"/>
</pin_list>
<bind>
<StgValue><ssdm name="outLayer2_str"/></StgValue>
</bind>
</comp>

<comp id="220" class="1001" name="const_220">
<pin_list>
<pin id="221" dir="1" index="0" bw="1" slack="2147483647"/>
</pin_list>
<bind>
<StgValue><ssdm name="srcLayer2Yuv_str"/></StgValue>
</bind>
</comp>

<comp id="222" class="1001" name="const_222">
<pin_list>
<pin id="223" dir="1" index="0" bw="1" slack="2147483647"/>
</pin_list>
<bind>
<StgValue><ssdm name="srcLayer2Yuv422_str"/></StgValue>
</bind>
</comp>

<comp id="224" class="1001" name="const_224">
<pin_list>
<pin id="225" dir="1" index="0" bw="1" slack="2147483647"/>
</pin_list>
<bind>
<StgValue><ssdm name="srcLayer2Rgb_str"/></StgValue>
</bind>
</comp>

<comp id="226" class="1004" name="srcLayer0_fu_226">
<pin_list>
<pin id="227" dir="0" index="0" bw="1" slack="0"/>
<pin id="228" dir="1" index="1" bw="24" slack="0"/>
</pin_list>
<bind>
<opcode="alloca(26) " fcode="alloca"/>
<opset="srcLayer0/1 "/>
</bind>
</comp>

<comp id="230" class="1004" name="srcLayer0Yuv422_fu_230">
<pin_list>
<pin id="231" dir="0" index="0" bw="1" slack="0"/>
<pin id="232" dir="1" index="1" bw="24" slack="2"/>
</pin_list>
<bind>
<opcode="alloca(26) " fcode="alloca"/>
<opset="srcLayer0Yuv422/1 "/>
</bind>
</comp>

<comp id="234" class="1004" name="srcLayer0Yuv_fu_234">
<pin_list>
<pin id="235" dir="0" index="0" bw="1" slack="0"/>
<pin id="236" dir="1" index="1" bw="24" slack="4"/>
</pin_list>
<bind>
<opcode="alloca(26) " fcode="alloca"/>
<opset="srcLayer0Yuv/1 "/>
</bind>
</comp>

<comp id="238" class="1004" name="outLayer0_fu_238">
<pin_list>
<pin id="239" dir="0" index="0" bw="1" slack="0"/>
<pin id="240" dir="1" index="1" bw="24" slack="6"/>
</pin_list>
<bind>
<opcode="alloca(26) " fcode="alloca"/>
<opset="outLayer0/1 "/>
</bind>
</comp>

<comp id="242" class="1004" name="outYuv_fu_242">
<pin_list>
<pin id="243" dir="0" index="0" bw="1" slack="0"/>
<pin id="244" dir="1" index="1" bw="24" slack="14"/>
</pin_list>
<bind>
<opcode="alloca(26) " fcode="alloca"/>
<opset="outYuv/1 "/>
</bind>
</comp>

<comp id="246" class="1004" name="out422_fu_246">
<pin_list>
<pin id="247" dir="0" index="0" bw="1" slack="0"/>
<pin id="248" dir="1" index="1" bw="24" slack="16"/>
</pin_list>
<bind>
<opcode="alloca(26) " fcode="alloca"/>
<opset="out422/1 "/>
</bind>
</comp>

<comp id="250" class="1004" name="out420_fu_250">
<pin_list>
<pin id="251" dir="0" index="0" bw="1" slack="0"/>
<pin id="252" dir="1" index="1" bw="24" slack="18"/>
</pin_list>
<bind>
<opcode="alloca(26) " fcode="alloca"/>
<opset="out420/1 "/>
</bind>
</comp>

<comp id="254" class="1004" name="srcLayer1_fu_254">
<pin_list>
<pin id="255" dir="0" index="0" bw="1" slack="0"/>
<pin id="256" dir="1" index="1" bw="24" slack="0"/>
</pin_list>
<bind>
<opcode="alloca(26) " fcode="alloca"/>
<opset="srcLayer1/1 "/>
</bind>
</comp>

<comp id="258" class="1004" name="srcLayer1x_fu_258">
<pin_list>
<pin id="259" dir="0" index="0" bw="1" slack="0"/>
<pin id="260" dir="1" index="1" bw="24" slack="8"/>
</pin_list>
<bind>
<opcode="alloca(26) " fcode="alloca"/>
<opset="srcLayer1x/1 "/>
</bind>
</comp>

<comp id="262" class="1004" name="outLayer1_fu_262">
<pin_list>
<pin id="263" dir="0" index="0" bw="1" slack="0"/>
<pin id="264" dir="1" index="1" bw="24" slack="10"/>
</pin_list>
<bind>
<opcode="alloca(26) " fcode="alloca"/>
<opset="outLayer1/1 "/>
</bind>
</comp>

<comp id="266" class="1004" name="srcLayer1Yuv_fu_266">
<pin_list>
<pin id="267" dir="0" index="0" bw="1" slack="0"/>
<pin id="268" dir="1" index="1" bw="24" slack="4"/>
</pin_list>
<bind>
<opcode="alloca(26) " fcode="alloca"/>
<opset="srcLayer1Yuv/1 "/>
</bind>
</comp>

<comp id="270" class="1004" name="srcLayer1Yuv422_fu_270">
<pin_list>
<pin id="271" dir="0" index="0" bw="1" slack="0"/>
<pin id="272" dir="1" index="1" bw="24" slack="2"/>
</pin_list>
<bind>
<opcode="alloca(26) " fcode="alloca"/>
<opset="srcLayer1Yuv422/1 "/>
</bind>
</comp>

<comp id="274" class="1004" name="srcLayer1Rgb_fu_274">
<pin_list>
<pin id="275" dir="0" index="0" bw="1" slack="0"/>
<pin id="276" dir="1" index="1" bw="24" slack="6"/>
</pin_list>
<bind>
<opcode="alloca(26) " fcode="alloca"/>
<opset="srcLayer1Rgb/1 "/>
</bind>
</comp>

<comp id="278" class="1004" name="srcLayer2_fu_278">
<pin_list>
<pin id="279" dir="0" index="0" bw="1" slack="0"/>
<pin id="280" dir="1" index="1" bw="24" slack="0"/>
</pin_list>
<bind>
<opcode="alloca(26) " fcode="alloca"/>
<opset="srcLayer2/1 "/>
</bind>
</comp>

<comp id="282" class="1004" name="srcLayer2x_fu_282">
<pin_list>
<pin id="283" dir="0" index="0" bw="1" slack="0"/>
<pin id="284" dir="1" index="1" bw="24" slack="8"/>
</pin_list>
<bind>
<opcode="alloca(26) " fcode="alloca"/>
<opset="srcLayer2x/1 "/>
</bind>
</comp>

<comp id="286" class="1004" name="outLayer2_fu_286">
<pin_list>
<pin id="287" dir="0" index="0" bw="1" slack="0"/>
<pin id="288" dir="1" index="1" bw="24" slack="12"/>
</pin_list>
<bind>
<opcode="alloca(26) " fcode="alloca"/>
<opset="outLayer2/1 "/>
</bind>
</comp>

<comp id="290" class="1004" name="srcLayer2Yuv_fu_290">
<pin_list>
<pin id="291" dir="0" index="0" bw="1" slack="0"/>
<pin id="292" dir="1" index="1" bw="24" slack="4"/>
</pin_list>
<bind>
<opcode="alloca(26) " fcode="alloca"/>
<opset="srcLayer2Yuv/1 "/>
</bind>
</comp>

<comp id="294" class="1004" name="srcLayer2Yuv422_fu_294">
<pin_list>
<pin id="295" dir="0" index="0" bw="1" slack="0"/>
<pin id="296" dir="1" index="1" bw="24" slack="2"/>
</pin_list>
<bind>
<opcode="alloca(26) " fcode="alloca"/>
<opset="srcLayer2Yuv422/1 "/>
</bind>
</comp>

<comp id="298" class="1004" name="srcLayer2Rgb_fu_298">
<pin_list>
<pin id="299" dir="0" index="0" bw="1" slack="0"/>
<pin id="300" dir="1" index="1" bw="24" slack="6"/>
</pin_list>
<bind>
<opcode="alloca(26) " fcode="alloca"/>
<opset="srcLayer2Rgb/1 "/>
</bind>
</comp>

<comp id="302" class="1004" name="HwReg_layerHeight_2_val_read_read_fu_302">
<pin_list>
<pin id="303" dir="0" index="0" bw="16" slack="0"/>
<pin id="304" dir="0" index="1" bw="16" slack="0"/>
<pin id="305" dir="1" index="2" bw="16" slack="0"/>
</pin_list>
<bind>
<opcode="read(1150) " fcode="read"/>
<opset="HwReg_layerHeight_2_val_read/1 "/>
</bind>
</comp>

<comp id="308" class="1004" name="HwReg_layerHeight_1_val_read_read_fu_308">
<pin_list>
<pin id="309" dir="0" index="0" bw="16" slack="0"/>
<pin id="310" dir="0" index="1" bw="16" slack="0"/>
<pin id="311" dir="1" index="2" bw="16" slack="0"/>
</pin_list>
<bind>
<opcode="read(1150) " fcode="read"/>
<opset="HwReg_layerHeight_1_val_read/1 "/>
</bind>
</comp>

<comp id="314" class="1004" name="HwReg_layerWidth_2_val_read_read_fu_314">
<pin_list>
<pin id="315" dir="0" index="0" bw="16" slack="0"/>
<pin id="316" dir="0" index="1" bw="16" slack="0"/>
<pin id="317" dir="1" index="2" bw="16" slack="0"/>
</pin_list>
<bind>
<opcode="read(1150) " fcode="read"/>
<opset="HwReg_layerWidth_2_val_read/1 "/>
</bind>
</comp>

<comp id="320" class="1004" name="HwReg_layerWidth_1_val_read_read_fu_320">
<pin_list>
<pin id="321" dir="0" index="0" bw="16" slack="0"/>
<pin id="322" dir="0" index="1" bw="16" slack="0"/>
<pin id="323" dir="1" index="2" bw="16" slack="0"/>
</pin_list>
<bind>
<opcode="read(1150) " fcode="read"/>
<opset="HwReg_layerWidth_1_val_read/1 "/>
</bind>
</comp>

<comp id="326" class="1004" name="HwReg_layerEnableFlag_2_val_read_read_fu_326">
<pin_list>
<pin id="327" dir="0" index="0" bw="1" slack="0"/>
<pin id="328" dir="0" index="1" bw="1" slack="0"/>
<pin id="329" dir="1" index="2" bw="1" slack="0"/>
</pin_list>
<bind>
<opcode="read(1150) " fcode="read"/>
<opset="HwReg_layerEnableFlag_2_val_read/1 "/>
</bind>
</comp>

<comp id="332" class="1004" name="HwReg_layerEnableFlag_1_val_read_read_fu_332">
<pin_list>
<pin id="333" dir="0" index="0" bw="1" slack="0"/>
<pin id="334" dir="0" index="1" bw="1" slack="0"/>
<pin id="335" dir="1" index="2" bw="1" slack="0"/>
</pin_list>
<bind>
<opcode="read(1150) " fcode="read"/>
<opset="HwReg_layerEnableFlag_1_val_read/1 "/>
</bind>
</comp>

<comp id="338" class="1004" name="HwReg_layerEnableFlag_0_val_read_read_fu_338">
<pin_list>
<pin id="339" dir="0" index="0" bw="1" slack="0"/>
<pin id="340" dir="0" index="1" bw="1" slack="0"/>
<pin id="341" dir="1" index="2" bw="1" slack="0"/>
</pin_list>
<bind>
<opcode="read(1150) " fcode="read"/>
<opset="HwReg_layerEnableFlag_0_val_read/1 "/>
</bind>
</comp>

<comp id="344" class="1004" name="HwReg_height_val_read_read_fu_344">
<pin_list>
<pin id="345" dir="0" index="0" bw="12" slack="0"/>
<pin id="346" dir="0" index="1" bw="12" slack="0"/>
<pin id="347" dir="1" index="2" bw="12" slack="0"/>
</pin_list>
<bind>
<opcode="read(1150) " fcode="read"/>
<opset="HwReg_height_val_read/1 "/>
</bind>
</comp>

<comp id="350" class="1004" name="HwReg_width_val_read_read_fu_350">
<pin_list>
<pin id="351" dir="0" index="0" bw="12" slack="0"/>
<pin id="352" dir="0" index="1" bw="12" slack="0"/>
<pin id="353" dir="1" index="2" bw="12" slack="0"/>
</pin_list>
<bind>
<opcode="read(1150) " fcode="read"/>
<opset="HwReg_width_val_read/1 "/>
</bind>
</comp>

<comp id="356" class="1004" name="HwReg_layerScaleFactor_1_val26_read_read_fu_356">
<pin_list>
<pin id="357" dir="0" index="0" bw="8" slack="0"/>
<pin id="358" dir="0" index="1" bw="8" slack="0"/>
<pin id="359" dir="1" index="2" bw="8" slack="0"/>
</pin_list>
<bind>
<opcode="read(1150) " fcode="read"/>
<opset="HwReg_layerScaleFactor_1_val26_read/11 "/>
</bind>
</comp>

<comp id="362" class="1004" name="HwReg_layerStartY_1_val20_read_read_fu_362">
<pin_list>
<pin id="363" dir="0" index="0" bw="16" slack="0"/>
<pin id="364" dir="0" index="1" bw="16" slack="0"/>
<pin id="365" dir="1" index="2" bw="16" slack="0"/>
</pin_list>
<bind>
<opcode="read(1150) " fcode="read"/>
<opset="HwReg_layerStartY_1_val20_read/11 "/>
</bind>
</comp>

<comp id="368" class="1004" name="HwReg_layerStartX_1_val18_read_read_fu_368">
<pin_list>
<pin id="369" dir="0" index="0" bw="16" slack="0"/>
<pin id="370" dir="0" index="1" bw="16" slack="0"/>
<pin id="371" dir="1" index="2" bw="16" slack="0"/>
</pin_list>
<bind>
<opcode="read(1150) " fcode="read"/>
<opset="HwReg_layerStartX_1_val18_read/11 "/>
</bind>
</comp>

<comp id="374" class="1004" name="HwReg_layerEnable_val16_read_read_fu_374">
<pin_list>
<pin id="375" dir="0" index="0" bw="3" slack="0"/>
<pin id="376" dir="0" index="1" bw="3" slack="0"/>
<pin id="377" dir="1" index="2" bw="3" slack="0"/>
</pin_list>
<bind>
<opcode="read(1150) " fcode="read"/>
<opset="HwReg_layerEnable_val16_read/11 "/>
</bind>
</comp>

<comp id="380" class="1004" name="HwReg_background_V_B_val14_read_read_fu_380">
<pin_list>
<pin id="381" dir="0" index="0" bw="8" slack="0"/>
<pin id="382" dir="0" index="1" bw="8" slack="0"/>
<pin id="383" dir="1" index="2" bw="8" slack="0"/>
</pin_list>
<bind>
<opcode="read(1150) " fcode="read"/>
<opset="HwReg_background_V_B_val14_read/11 "/>
</bind>
</comp>

<comp id="386" class="1004" name="HwReg_background_U_G_val13_read_read_fu_386">
<pin_list>
<pin id="387" dir="0" index="0" bw="8" slack="0"/>
<pin id="388" dir="0" index="1" bw="8" slack="0"/>
<pin id="389" dir="1" index="2" bw="8" slack="0"/>
</pin_list>
<bind>
<opcode="read(1150) " fcode="read"/>
<opset="HwReg_background_U_G_val13_read/11 "/>
</bind>
</comp>

<comp id="392" class="1004" name="HwReg_background_Y_R_val12_read_read_fu_392">
<pin_list>
<pin id="393" dir="0" index="0" bw="8" slack="0"/>
<pin id="394" dir="0" index="1" bw="8" slack="0"/>
<pin id="395" dir="1" index="2" bw="8" slack="0"/>
</pin_list>
<bind>
<opcode="read(1150) " fcode="read"/>
<opset="HwReg_background_Y_R_val12_read/11 "/>
</bind>
</comp>

<comp id="398" class="1004" name="HwReg_layerScaleFactor_2_val27_read_read_fu_398">
<pin_list>
<pin id="399" dir="0" index="0" bw="8" slack="0"/>
<pin id="400" dir="0" index="1" bw="8" slack="0"/>
<pin id="401" dir="1" index="2" bw="8" slack="0"/>
</pin_list>
<bind>
<opcode="read(1150) " fcode="read"/>
<opset="HwReg_layerScaleFactor_2_val27_read/13 "/>
</bind>
</comp>

<comp id="404" class="1004" name="HwReg_layerStartY_2_val21_read_read_fu_404">
<pin_list>
<pin id="405" dir="0" index="0" bw="16" slack="0"/>
<pin id="406" dir="0" index="1" bw="16" slack="0"/>
<pin id="407" dir="1" index="2" bw="16" slack="0"/>
</pin_list>
<bind>
<opcode="read(1150) " fcode="read"/>
<opset="HwReg_layerStartY_2_val21_read/13 "/>
</bind>
</comp>

<comp id="410" class="1004" name="HwReg_layerStartX_2_val19_read_read_fu_410">
<pin_list>
<pin id="411" dir="0" index="0" bw="16" slack="0"/>
<pin id="412" dir="0" index="1" bw="16" slack="0"/>
<pin id="413" dir="1" index="2" bw="16" slack="0"/>
</pin_list>
<bind>
<opcode="read(1150) " fcode="read"/>
<opset="HwReg_layerStartX_2_val19_read/13 "/>
</bind>
</comp>

<comp id="416" class="1004" name="HwReg_layerAlpha_2_val17_read_read_fu_416">
<pin_list>
<pin id="417" dir="0" index="0" bw="9" slack="0"/>
<pin id="418" dir="0" index="1" bw="9" slack="0"/>
<pin id="419" dir="1" index="2" bw="9" slack="0"/>
</pin_list>
<bind>
<opcode="read(1150) " fcode="read"/>
<opset="HwReg_layerAlpha_2_val17_read/13 "/>
</bind>
</comp>

<comp id="422" class="1004" name="grp_AXIvideo2MultiPixStream_1_fu_422">
<pin_list>
<pin id="423" dir="0" index="0" bw="0" slack="0"/>
<pin id="424" dir="0" index="1" bw="24" slack="0"/>
<pin id="425" dir="0" index="2" bw="3" slack="0"/>
<pin id="426" dir="0" index="3" bw="3" slack="0"/>
<pin id="427" dir="0" index="4" bw="1" slack="0"/>
<pin id="428" dir="0" index="5" bw="1" slack="0"/>
<pin id="429" dir="0" index="6" bw="1" slack="0"/>
<pin id="430" dir="0" index="7" bw="1" slack="0"/>
<pin id="431" dir="0" index="8" bw="24" slack="0"/>
<pin id="432" dir="0" index="9" bw="12" slack="0"/>
<pin id="433" dir="0" index="10" bw="12" slack="0"/>
<pin id="434" dir="0" index="11" bw="1" slack="0"/>
<pin id="435" dir="1" index="12" bw="0" slack="2147483647"/>
</pin_list>
<bind>
<opcode="call(48) " fcode="call"/>
<opset="call_ln630/1 "/>
</bind>
</comp>

<comp id="447" class="1004" name="grp_AXIvideo2MultiPixStream_5_fu_447">
<pin_list>
<pin id="448" dir="0" index="0" bw="0" slack="0"/>
<pin id="449" dir="0" index="1" bw="24" slack="0"/>
<pin id="450" dir="0" index="2" bw="3" slack="0"/>
<pin id="451" dir="0" index="3" bw="3" slack="0"/>
<pin id="452" dir="0" index="4" bw="1" slack="0"/>
<pin id="453" dir="0" index="5" bw="1" slack="0"/>
<pin id="454" dir="0" index="6" bw="1" slack="0"/>
<pin id="455" dir="0" index="7" bw="1" slack="0"/>
<pin id="456" dir="0" index="8" bw="24" slack="0"/>
<pin id="457" dir="0" index="9" bw="12" slack="0"/>
<pin id="458" dir="0" index="10" bw="12" slack="0"/>
<pin id="459" dir="0" index="11" bw="1" slack="0"/>
<pin id="460" dir="1" index="12" bw="0" slack="2147483647"/>
</pin_list>
<bind>
<opcode="call(48) " fcode="call"/>
<opset="call_ln704/1 "/>
</bind>
</comp>

<comp id="470" class="1004" name="grp_AXIvideo2MultiPixStream_fu_470">
<pin_list>
<pin id="471" dir="0" index="0" bw="0" slack="0"/>
<pin id="472" dir="0" index="1" bw="24" slack="0"/>
<pin id="473" dir="0" index="2" bw="3" slack="0"/>
<pin id="474" dir="0" index="3" bw="3" slack="0"/>
<pin id="475" dir="0" index="4" bw="1" slack="0"/>
<pin id="476" dir="0" index="5" bw="1" slack="0"/>
<pin id="477" dir="0" index="6" bw="1" slack="0"/>
<pin id="478" dir="0" index="7" bw="1" slack="0"/>
<pin id="479" dir="0" index="8" bw="24" slack="0"/>
<pin id="480" dir="0" index="9" bw="12" slack="0"/>
<pin id="481" dir="0" index="10" bw="12" slack="0"/>
<pin id="482" dir="0" index="11" bw="1" slack="0"/>
<pin id="483" dir="1" index="12" bw="0" slack="2147483647"/>
</pin_list>
<bind>
<opcode="call(48) " fcode="call"/>
<opset="call_ln787/1 "/>
</bind>
</comp>

<comp id="493" class="1004" name="grp_v_mix_420_to_422_false_2_fu_493">
<pin_list>
<pin id="494" dir="0" index="0" bw="0" slack="0"/>
<pin id="495" dir="0" index="1" bw="24" slack="2"/>
<pin id="496" dir="0" index="2" bw="12" slack="2"/>
<pin id="497" dir="0" index="3" bw="12" slack="2"/>
<pin id="498" dir="0" index="4" bw="1" slack="2"/>
<pin id="499" dir="0" index="5" bw="24" slack="2"/>
<pin id="500" dir="1" index="6" bw="0" slack="2147483647"/>
</pin_list>
<bind>
<opcode="call(48) " fcode="call"/>
<opset="call_ln634/3 "/>
</bind>
</comp>

<comp id="502" class="1004" name="grp_v_mix_420_to_422_false_6_fu_502">
<pin_list>
<pin id="503" dir="0" index="0" bw="0" slack="0"/>
<pin id="504" dir="0" index="1" bw="24" slack="2"/>
<pin id="505" dir="0" index="2" bw="12" slack="2"/>
<pin id="506" dir="0" index="3" bw="12" slack="2"/>
<pin id="507" dir="0" index="4" bw="1" slack="2"/>
<pin id="508" dir="0" index="5" bw="24" slack="2"/>
<pin id="509" dir="1" index="6" bw="0" slack="2147483647"/>
</pin_list>
<bind>
<opcode="call(48) " fcode="call"/>
<opset="call_ln709/3 "/>
</bind>
</comp>

<comp id="511" class="1004" name="grp_v_mix_420_to_422_false_s_fu_511">
<pin_list>
<pin id="512" dir="0" index="0" bw="0" slack="0"/>
<pin id="513" dir="0" index="1" bw="24" slack="2"/>
<pin id="514" dir="0" index="2" bw="12" slack="2"/>
<pin id="515" dir="0" index="3" bw="12" slack="2"/>
<pin id="516" dir="0" index="4" bw="1" slack="2"/>
<pin id="517" dir="0" index="5" bw="24" slack="2"/>
<pin id="518" dir="1" index="6" bw="0" slack="2147483647"/>
</pin_list>
<bind>
<opcode="call(48) " fcode="call"/>
<opset="call_ln792/3 "/>
</bind>
</comp>

<comp id="520" class="1004" name="grp_v_mix_422_to_444_false_3_fu_520">
<pin_list>
<pin id="521" dir="0" index="0" bw="0" slack="0"/>
<pin id="522" dir="0" index="1" bw="24" slack="4"/>
<pin id="523" dir="0" index="2" bw="12" slack="4"/>
<pin id="524" dir="0" index="3" bw="12" slack="4"/>
<pin id="525" dir="0" index="4" bw="1" slack="4"/>
<pin id="526" dir="0" index="5" bw="24" slack="4"/>
<pin id="527" dir="1" index="6" bw="0" slack="2147483647"/>
</pin_list>
<bind>
<opcode="call(48) " fcode="call"/>
<opset="call_ln638/5 "/>
</bind>
</comp>

<comp id="529" class="1004" name="grp_v_mix_422_to_444_true_s_fu_529">
<pin_list>
<pin id="530" dir="0" index="0" bw="0" slack="0"/>
<pin id="531" dir="0" index="1" bw="24" slack="4"/>
<pin id="532" dir="0" index="2" bw="16" slack="4"/>
<pin id="533" dir="0" index="3" bw="16" slack="4"/>
<pin id="534" dir="0" index="4" bw="1" slack="4"/>
<pin id="535" dir="0" index="5" bw="24" slack="4"/>
<pin id="536" dir="1" index="6" bw="0" slack="2147483647"/>
</pin_list>
<bind>
<opcode="call(48) " fcode="call"/>
<opset="call_ln712/5 "/>
</bind>
</comp>

<comp id="538" class="1004" name="grp_v_mix_422_to_444_false_s_fu_538">
<pin_list>
<pin id="539" dir="0" index="0" bw="0" slack="0"/>
<pin id="540" dir="0" index="1" bw="24" slack="4"/>
<pin id="541" dir="0" index="2" bw="12" slack="4"/>
<pin id="542" dir="0" index="3" bw="12" slack="4"/>
<pin id="543" dir="0" index="4" bw="1" slack="4"/>
<pin id="544" dir="0" index="5" bw="24" slack="4"/>
<pin id="545" dir="1" index="6" bw="0" slack="2147483647"/>
</pin_list>
<bind>
<opcode="call(48) " fcode="call"/>
<opset="call_ln795/5 "/>
</bind>
</comp>

<comp id="547" class="1004" name="grp_v_mix_yuv2rgb_false_4_fu_547">
<pin_list>
<pin id="548" dir="0" index="0" bw="0" slack="0"/>
<pin id="549" dir="0" index="1" bw="24" slack="6"/>
<pin id="550" dir="0" index="2" bw="12" slack="6"/>
<pin id="551" dir="0" index="3" bw="12" slack="6"/>
<pin id="552" dir="0" index="4" bw="1" slack="6"/>
<pin id="553" dir="0" index="5" bw="24" slack="6"/>
<pin id="554" dir="1" index="6" bw="0" slack="2147483647"/>
</pin_list>
<bind>
<opcode="call(48) " fcode="call"/>
<opset="call_ln642/7 "/>
</bind>
</comp>

<comp id="556" class="1004" name="grp_v_mix_yuv2rgb_true_s_fu_556">
<pin_list>
<pin id="557" dir="0" index="0" bw="0" slack="0"/>
<pin id="558" dir="0" index="1" bw="24" slack="6"/>
<pin id="559" dir="0" index="2" bw="12" slack="6"/>
<pin id="560" dir="0" index="3" bw="12" slack="6"/>
<pin id="561" dir="0" index="4" bw="1" slack="6"/>
<pin id="562" dir="0" index="5" bw="24" slack="6"/>
<pin id="563" dir="1" index="6" bw="0" slack="2147483647"/>
</pin_list>
<bind>
<opcode="call(48) " fcode="call"/>
<opset="call_ln715/7 "/>
</bind>
</comp>

<comp id="565" class="1004" name="grp_v_mix_yuv2rgb_false_s_fu_565">
<pin_list>
<pin id="566" dir="0" index="0" bw="0" slack="0"/>
<pin id="567" dir="0" index="1" bw="24" slack="6"/>
<pin id="568" dir="0" index="2" bw="12" slack="6"/>
<pin id="569" dir="0" index="3" bw="12" slack="6"/>
<pin id="570" dir="0" index="4" bw="1" slack="6"/>
<pin id="571" dir="0" index="5" bw="24" slack="6"/>
<pin id="572" dir="1" index="6" bw="0" slack="2147483647"/>
</pin_list>
<bind>
<opcode="call(48) " fcode="call"/>
<opset="call_ln798/7 "/>
</bind>
</comp>

<comp id="574" class="1004" name="grp_v_mix_upsample_false_7_fu_574">
<pin_list>
<pin id="575" dir="0" index="0" bw="0" slack="0"/>
<pin id="576" dir="0" index="1" bw="24" slack="8"/>
<pin id="577" dir="0" index="2" bw="12" slack="8"/>
<pin id="578" dir="0" index="3" bw="12" slack="8"/>
<pin id="579" dir="0" index="4" bw="1" slack="8"/>
<pin id="580" dir="0" index="5" bw="24" slack="8"/>
<pin id="581" dir="1" index="6" bw="0" slack="2147483647"/>
</pin_list>
<bind>
<opcode="call(48) " fcode="call"/>
<opset="call_ln722/9 "/>
</bind>
</comp>

<comp id="583" class="1004" name="grp_v_mix_upsample_false_s_fu_583">
<pin_list>
<pin id="584" dir="0" index="0" bw="0" slack="0"/>
<pin id="585" dir="0" index="1" bw="24" slack="8"/>
<pin id="586" dir="0" index="2" bw="12" slack="8"/>
<pin id="587" dir="0" index="3" bw="12" slack="8"/>
<pin id="588" dir="0" index="4" bw="1" slack="8"/>
<pin id="589" dir="0" index="5" bw="24" slack="8"/>
<pin id="590" dir="1" index="6" bw="0" slack="2147483647"/>
</pin_list>
<bind>
<opcode="call(48) " fcode="call"/>
<opset="call_ln805/9 "/>
</bind>
</comp>

<comp id="592" class="1004" name="grp_v_mix_core_alpha_false_false_s_fu_592">
<pin_list>
<pin id="593" dir="0" index="0" bw="0" slack="0"/>
<pin id="594" dir="0" index="1" bw="24" slack="10"/>
<pin id="595" dir="0" index="2" bw="24" slack="10"/>
<pin id="596" dir="0" index="3" bw="12" slack="10"/>
<pin id="597" dir="0" index="4" bw="12" slack="10"/>
<pin id="598" dir="0" index="5" bw="8" slack="0"/>
<pin id="599" dir="0" index="6" bw="8" slack="0"/>
<pin id="600" dir="0" index="7" bw="8" slack="0"/>
<pin id="601" dir="0" index="8" bw="2" slack="0"/>
<pin id="602" dir="0" index="9" bw="16" slack="0"/>
<pin id="603" dir="0" index="10" bw="16" slack="0"/>
<pin id="604" dir="0" index="11" bw="16" slack="10"/>
<pin id="605" dir="0" index="12" bw="16" slack="10"/>
<pin id="606" dir="0" index="13" bw="8" slack="0"/>
<pin id="607" dir="0" index="14" bw="24" slack="10"/>
<pin id="608" dir="1" index="15" bw="0" slack="2147483647"/>
</pin_list>
<bind>
<opcode="call(48) " fcode="call"/>
<opset="call_ln730/11 "/>
</bind>
</comp>

<comp id="616" class="1004" name="grp_v_mix_core_alpha_true_false_s_fu_616">
<pin_list>
<pin id="617" dir="0" index="0" bw="0" slack="0"/>
<pin id="618" dir="0" index="1" bw="24" slack="12"/>
<pin id="619" dir="0" index="2" bw="24" slack="12"/>
<pin id="620" dir="0" index="3" bw="12" slack="12"/>
<pin id="621" dir="0" index="4" bw="12" slack="12"/>
<pin id="622" dir="0" index="5" bw="3" slack="2"/>
<pin id="623" dir="0" index="6" bw="9" slack="0"/>
<pin id="624" dir="0" index="7" bw="16" slack="0"/>
<pin id="625" dir="0" index="8" bw="16" slack="0"/>
<pin id="626" dir="0" index="9" bw="16" slack="12"/>
<pin id="627" dir="0" index="10" bw="16" slack="12"/>
<pin id="628" dir="0" index="11" bw="8" slack="0"/>
<pin id="629" dir="0" index="12" bw="24" slack="12"/>
<pin id="630" dir="1" index="13" bw="0" slack="2147483647"/>
</pin_list>
<bind>
<opcode="call(48) " fcode="call"/>
<opset="call_ln813/13 "/>
</bind>
</comp>

<comp id="636" class="1004" name="grp_v_mix_rgb2yuv_false_s_fu_636">
<pin_list>
<pin id="637" dir="0" index="0" bw="0" slack="0"/>
<pin id="638" dir="0" index="1" bw="24" slack="14"/>
<pin id="639" dir="0" index="2" bw="12" slack="14"/>
<pin id="640" dir="0" index="3" bw="12" slack="14"/>
<pin id="641" dir="0" index="4" bw="24" slack="14"/>
<pin id="642" dir="1" index="5" bw="0" slack="2147483647"/>
</pin_list>
<bind>
<opcode="call(48) " fcode="call"/>
<opset="call_ln2009/15 "/>
</bind>
</comp>

<comp id="644" class="1004" name="grp_v_mix_444_to_422_false_s_fu_644">
<pin_list>
<pin id="645" dir="0" index="0" bw="0" slack="0"/>
<pin id="646" dir="0" index="1" bw="24" slack="16"/>
<pin id="647" dir="0" index="2" bw="12" slack="16"/>
<pin id="648" dir="0" index="3" bw="12" slack="16"/>
<pin id="649" dir="0" index="4" bw="24" slack="16"/>
<pin id="650" dir="1" index="5" bw="0" slack="2147483647"/>
</pin_list>
<bind>
<opcode="call(48) " fcode="call"/>
<opset="call_ln2018/17 "/>
</bind>
</comp>

<comp id="652" class="1004" name="grp_v_mix_422_to_420_false_s_fu_652">
<pin_list>
<pin id="653" dir="0" index="0" bw="0" slack="0"/>
<pin id="654" dir="0" index="1" bw="24" slack="18"/>
<pin id="655" dir="0" index="2" bw="12" slack="18"/>
<pin id="656" dir="0" index="3" bw="12" slack="18"/>
<pin id="657" dir="0" index="4" bw="24" slack="18"/>
<pin id="658" dir="1" index="5" bw="0" slack="2147483647"/>
</pin_list>
<bind>
<opcode="call(48) " fcode="call"/>
<opset="call_ln2022/19 "/>
</bind>
</comp>

<comp id="660" class="1004" name="grp_MultiPixStream2AXIvideo_fu_660">
<pin_list>
<pin id="661" dir="0" index="0" bw="0" slack="0"/>
<pin id="662" dir="0" index="1" bw="24" slack="20"/>
<pin id="663" dir="0" index="2" bw="24" slack="0"/>
<pin id="664" dir="0" index="3" bw="3" slack="0"/>
<pin id="665" dir="0" index="4" bw="3" slack="0"/>
<pin id="666" dir="0" index="5" bw="1" slack="0"/>
<pin id="667" dir="0" index="6" bw="1" slack="0"/>
<pin id="668" dir="0" index="7" bw="1" slack="0"/>
<pin id="669" dir="0" index="8" bw="1" slack="0"/>
<pin id="670" dir="0" index="9" bw="12" slack="20"/>
<pin id="671" dir="0" index="10" bw="12" slack="20"/>
<pin id="672" dir="1" index="11" bw="0" slack="2147483647"/>
</pin_list>
<bind>
<opcode="call(48) " fcode="call"/>
<opset="call_ln2025/21 "/>
</bind>
</comp>

<comp id="681" class="1004" name="empty_fu_681">
<pin_list>
<pin id="682" dir="0" index="0" bw="16" slack="0"/>
<pin id="683" dir="1" index="1" bw="12" slack="0"/>
</pin_list>
<bind>
<opcode="trunc(33) " fcode="trunc"/>
<opset="empty/1 "/>
</bind>
</comp>

<comp id="686" class="1004" name="empty_156_fu_686">
<pin_list>
<pin id="687" dir="0" index="0" bw="16" slack="0"/>
<pin id="688" dir="1" index="1" bw="12" slack="0"/>
</pin_list>
<bind>
<opcode="trunc(33) " fcode="trunc"/>
<opset="empty_156/1 "/>
</bind>
</comp>

<comp id="691" class="1004" name="empty_158_fu_691">
<pin_list>
<pin id="692" dir="0" index="0" bw="16" slack="0"/>
<pin id="693" dir="1" index="1" bw="12" slack="0"/>
</pin_list>
<bind>
<opcode="trunc(33) " fcode="trunc"/>
<opset="empty_158/1 "/>
</bind>
</comp>

<comp id="696" class="1004" name="empty_159_fu_696">
<pin_list>
<pin id="697" dir="0" index="0" bw="16" slack="0"/>
<pin id="698" dir="1" index="1" bw="12" slack="0"/>
</pin_list>
<bind>
<opcode="trunc(33) " fcode="trunc"/>
<opset="empty_159/1 "/>
</bind>
</comp>

<comp id="701" class="1004" name="empty_157_fu_701">
<pin_list>
<pin id="702" dir="0" index="0" bw="3" slack="0"/>
<pin id="703" dir="1" index="1" bw="2" slack="0"/>
</pin_list>
<bind>
<opcode="trunc(33) " fcode="trunc"/>
<opset="empty_157/11 "/>
</bind>
</comp>

<comp id="706" class="1005" name="HwReg_layerHeight_2_val_read_reg_706">
<pin_list>
<pin id="707" dir="0" index="0" bw="16" slack="12"/>
<pin id="708" dir="1" index="1" bw="16" slack="12"/>
</pin_list>
<bind>
<opset="HwReg_layerHeight_2_val_read "/>
</bind>
</comp>

<comp id="711" class="1005" name="HwReg_layerHeight_1_val_read_reg_711">
<pin_list>
<pin id="712" dir="0" index="0" bw="16" slack="4"/>
<pin id="713" dir="1" index="1" bw="16" slack="4"/>
</pin_list>
<bind>
<opset="HwReg_layerHeight_1_val_read "/>
</bind>
</comp>

<comp id="717" class="1005" name="HwReg_layerWidth_2_val_read_reg_717">
<pin_list>
<pin id="718" dir="0" index="0" bw="16" slack="12"/>
<pin id="719" dir="1" index="1" bw="16" slack="12"/>
</pin_list>
<bind>
<opset="HwReg_layerWidth_2_val_read "/>
</bind>
</comp>

<comp id="722" class="1005" name="HwReg_layerWidth_1_val_read_reg_722">
<pin_list>
<pin id="723" dir="0" index="0" bw="16" slack="4"/>
<pin id="724" dir="1" index="1" bw="16" slack="4"/>
</pin_list>
<bind>
<opset="HwReg_layerWidth_1_val_read "/>
</bind>
</comp>

<comp id="728" class="1005" name="HwReg_layerEnableFlag_2_val_read_reg_728">
<pin_list>
<pin id="729" dir="0" index="0" bw="1" slack="1"/>
<pin id="730" dir="1" index="1" bw="1" slack="1"/>
</pin_list>
<bind>
<opset="HwReg_layerEnableFlag_2_val_read "/>
</bind>
</comp>

<comp id="737" class="1005" name="HwReg_layerEnableFlag_1_val_read_reg_737">
<pin_list>
<pin id="738" dir="0" index="0" bw="1" slack="1"/>
<pin id="739" dir="1" index="1" bw="1" slack="1"/>
</pin_list>
<bind>
<opset="HwReg_layerEnableFlag_1_val_read "/>
</bind>
</comp>

<comp id="746" class="1005" name="HwReg_layerEnableFlag_0_val_read_reg_746">
<pin_list>
<pin id="747" dir="0" index="0" bw="1" slack="1"/>
<pin id="748" dir="1" index="1" bw="1" slack="1"/>
</pin_list>
<bind>
<opset="HwReg_layerEnableFlag_0_val_read "/>
</bind>
</comp>

<comp id="754" class="1005" name="HwReg_height_val_read_reg_754">
<pin_list>
<pin id="755" dir="0" index="0" bw="12" slack="1"/>
<pin id="756" dir="1" index="1" bw="12" slack="1"/>
</pin_list>
<bind>
<opset="HwReg_height_val_read "/>
</bind>
</comp>

<comp id="768" class="1005" name="HwReg_width_val_read_reg_768">
<pin_list>
<pin id="769" dir="0" index="0" bw="12" slack="1"/>
<pin id="770" dir="1" index="1" bw="12" slack="1"/>
</pin_list>
<bind>
<opset="HwReg_width_val_read "/>
</bind>
</comp>

<comp id="782" class="1005" name="empty_reg_782">
<pin_list>
<pin id="783" dir="0" index="0" bw="12" slack="1"/>
<pin id="784" dir="1" index="1" bw="12" slack="1"/>
</pin_list>
<bind>
<opset="empty "/>
</bind>
</comp>

<comp id="791" class="1005" name="empty_156_reg_791">
<pin_list>
<pin id="792" dir="0" index="0" bw="12" slack="1"/>
<pin id="793" dir="1" index="1" bw="12" slack="1"/>
</pin_list>
<bind>
<opset="empty_156 "/>
</bind>
</comp>

<comp id="800" class="1005" name="empty_158_reg_800">
<pin_list>
<pin id="801" dir="0" index="0" bw="12" slack="1"/>
<pin id="802" dir="1" index="1" bw="12" slack="1"/>
</pin_list>
<bind>
<opset="empty_158 "/>
</bind>
</comp>

<comp id="808" class="1005" name="empty_159_reg_808">
<pin_list>
<pin id="809" dir="0" index="0" bw="12" slack="1"/>
<pin id="810" dir="1" index="1" bw="12" slack="1"/>
</pin_list>
<bind>
<opset="empty_159 "/>
</bind>
</comp>

<comp id="816" class="1005" name="srcLayer0_reg_816">
<pin_list>
<pin id="817" dir="0" index="0" bw="24" slack="0"/>
<pin id="818" dir="1" index="1" bw="24" slack="0"/>
</pin_list>
<bind>
<opset="srcLayer0 "/>
</bind>
</comp>

<comp id="822" class="1005" name="srcLayer0Yuv422_reg_822">
<pin_list>
<pin id="823" dir="0" index="0" bw="24" slack="2"/>
<pin id="824" dir="1" index="1" bw="24" slack="2"/>
</pin_list>
<bind>
<opset="srcLayer0Yuv422 "/>
</bind>
</comp>

<comp id="828" class="1005" name="srcLayer0Yuv_reg_828">
<pin_list>
<pin id="829" dir="0" index="0" bw="24" slack="4"/>
<pin id="830" dir="1" index="1" bw="24" slack="4"/>
</pin_list>
<bind>
<opset="srcLayer0Yuv "/>
</bind>
</comp>

<comp id="834" class="1005" name="outLayer0_reg_834">
<pin_list>
<pin id="835" dir="0" index="0" bw="24" slack="6"/>
<pin id="836" dir="1" index="1" bw="24" slack="6"/>
</pin_list>
<bind>
<opset="outLayer0 "/>
</bind>
</comp>

<comp id="840" class="1005" name="outYuv_reg_840">
<pin_list>
<pin id="841" dir="0" index="0" bw="24" slack="14"/>
<pin id="842" dir="1" index="1" bw="24" slack="14"/>
</pin_list>
<bind>
<opset="outYuv "/>
</bind>
</comp>

<comp id="846" class="1005" name="out422_reg_846">
<pin_list>
<pin id="847" dir="0" index="0" bw="24" slack="16"/>
<pin id="848" dir="1" index="1" bw="24" slack="16"/>
</pin_list>
<bind>
<opset="out422 "/>
</bind>
</comp>

<comp id="852" class="1005" name="out420_reg_852">
<pin_list>
<pin id="853" dir="0" index="0" bw="24" slack="18"/>
<pin id="854" dir="1" index="1" bw="24" slack="18"/>
</pin_list>
<bind>
<opset="out420 "/>
</bind>
</comp>

<comp id="858" class="1005" name="srcLayer1_reg_858">
<pin_list>
<pin id="859" dir="0" index="0" bw="24" slack="0"/>
<pin id="860" dir="1" index="1" bw="24" slack="0"/>
</pin_list>
<bind>
<opset="srcLayer1 "/>
</bind>
</comp>

<comp id="864" class="1005" name="srcLayer1x_reg_864">
<pin_list>
<pin id="865" dir="0" index="0" bw="24" slack="8"/>
<pin id="866" dir="1" index="1" bw="24" slack="8"/>
</pin_list>
<bind>
<opset="srcLayer1x "/>
</bind>
</comp>

<comp id="870" class="1005" name="outLayer1_reg_870">
<pin_list>
<pin id="871" dir="0" index="0" bw="24" slack="10"/>
<pin id="872" dir="1" index="1" bw="24" slack="10"/>
</pin_list>
<bind>
<opset="outLayer1 "/>
</bind>
</comp>

<comp id="876" class="1005" name="srcLayer1Yuv_reg_876">
<pin_list>
<pin id="877" dir="0" index="0" bw="24" slack="4"/>
<pin id="878" dir="1" index="1" bw="24" slack="4"/>
</pin_list>
<bind>
<opset="srcLayer1Yuv "/>
</bind>
</comp>

<comp id="882" class="1005" name="srcLayer1Yuv422_reg_882">
<pin_list>
<pin id="883" dir="0" index="0" bw="24" slack="2"/>
<pin id="884" dir="1" index="1" bw="24" slack="2"/>
</pin_list>
<bind>
<opset="srcLayer1Yuv422 "/>
</bind>
</comp>

<comp id="888" class="1005" name="srcLayer1Rgb_reg_888">
<pin_list>
<pin id="889" dir="0" index="0" bw="24" slack="6"/>
<pin id="890" dir="1" index="1" bw="24" slack="6"/>
</pin_list>
<bind>
<opset="srcLayer1Rgb "/>
</bind>
</comp>

<comp id="894" class="1005" name="srcLayer2_reg_894">
<pin_list>
<pin id="895" dir="0" index="0" bw="24" slack="0"/>
<pin id="896" dir="1" index="1" bw="24" slack="0"/>
</pin_list>
<bind>
<opset="srcLayer2 "/>
</bind>
</comp>

<comp id="900" class="1005" name="srcLayer2x_reg_900">
<pin_list>
<pin id="901" dir="0" index="0" bw="24" slack="8"/>
<pin id="902" dir="1" index="1" bw="24" slack="8"/>
</pin_list>
<bind>
<opset="srcLayer2x "/>
</bind>
</comp>

<comp id="906" class="1005" name="outLayer2_reg_906">
<pin_list>
<pin id="907" dir="0" index="0" bw="24" slack="12"/>
<pin id="908" dir="1" index="1" bw="24" slack="12"/>
</pin_list>
<bind>
<opset="outLayer2 "/>
</bind>
</comp>

<comp id="912" class="1005" name="srcLayer2Yuv_reg_912">
<pin_list>
<pin id="913" dir="0" index="0" bw="24" slack="4"/>
<pin id="914" dir="1" index="1" bw="24" slack="4"/>
</pin_list>
<bind>
<opset="srcLayer2Yuv "/>
</bind>
</comp>

<comp id="918" class="1005" name="srcLayer2Yuv422_reg_918">
<pin_list>
<pin id="919" dir="0" index="0" bw="24" slack="2"/>
<pin id="920" dir="1" index="1" bw="24" slack="2"/>
</pin_list>
<bind>
<opset="srcLayer2Yuv422 "/>
</bind>
</comp>

<comp id="924" class="1005" name="srcLayer2Rgb_reg_924">
<pin_list>
<pin id="925" dir="0" index="0" bw="24" slack="6"/>
<pin id="926" dir="1" index="1" bw="24" slack="6"/>
</pin_list>
<bind>
<opset="srcLayer2Rgb "/>
</bind>
</comp>

<comp id="930" class="1005" name="HwReg_layerScaleFactor_1_val26_read_reg_930">
<pin_list>
<pin id="931" dir="0" index="0" bw="8" slack="1"/>
<pin id="932" dir="1" index="1" bw="8" slack="1"/>
</pin_list>
<bind>
<opset="HwReg_layerScaleFactor_1_val26_read "/>
</bind>
</comp>

<comp id="935" class="1005" name="HwReg_layerStartY_1_val20_read_reg_935">
<pin_list>
<pin id="936" dir="0" index="0" bw="16" slack="1"/>
<pin id="937" dir="1" index="1" bw="16" slack="1"/>
</pin_list>
<bind>
<opset="HwReg_layerStartY_1_val20_read "/>
</bind>
</comp>

<comp id="940" class="1005" name="HwReg_layerStartX_1_val18_read_reg_940">
<pin_list>
<pin id="941" dir="0" index="0" bw="16" slack="1"/>
<pin id="942" dir="1" index="1" bw="16" slack="1"/>
</pin_list>
<bind>
<opset="HwReg_layerStartX_1_val18_read "/>
</bind>
</comp>

<comp id="945" class="1005" name="HwReg_layerEnable_val16_read_reg_945">
<pin_list>
<pin id="946" dir="0" index="0" bw="3" slack="2"/>
<pin id="947" dir="1" index="1" bw="3" slack="2"/>
</pin_list>
<bind>
<opset="HwReg_layerEnable_val16_read "/>
</bind>
</comp>

<comp id="950" class="1005" name="HwReg_background_V_B_val14_read_reg_950">
<pin_list>
<pin id="951" dir="0" index="0" bw="8" slack="1"/>
<pin id="952" dir="1" index="1" bw="8" slack="1"/>
</pin_list>
<bind>
<opset="HwReg_background_V_B_val14_read "/>
</bind>
</comp>

<comp id="955" class="1005" name="HwReg_background_U_G_val13_read_reg_955">
<pin_list>
<pin id="956" dir="0" index="0" bw="8" slack="1"/>
<pin id="957" dir="1" index="1" bw="8" slack="1"/>
</pin_list>
<bind>
<opset="HwReg_background_U_G_val13_read "/>
</bind>
</comp>

<comp id="960" class="1005" name="HwReg_background_Y_R_val12_read_reg_960">
<pin_list>
<pin id="961" dir="0" index="0" bw="8" slack="1"/>
<pin id="962" dir="1" index="1" bw="8" slack="1"/>
</pin_list>
<bind>
<opset="HwReg_background_Y_R_val12_read "/>
</bind>
</comp>

<comp id="965" class="1005" name="empty_157_reg_965">
<pin_list>
<pin id="966" dir="0" index="0" bw="2" slack="1"/>
<pin id="967" dir="1" index="1" bw="2" slack="1"/>
</pin_list>
<bind>
<opset="empty_157 "/>
</bind>
</comp>

<comp id="970" class="1005" name="HwReg_layerScaleFactor_2_val27_read_reg_970">
<pin_list>
<pin id="971" dir="0" index="0" bw="8" slack="1"/>
<pin id="972" dir="1" index="1" bw="8" slack="1"/>
</pin_list>
<bind>
<opset="HwReg_layerScaleFactor_2_val27_read "/>
</bind>
</comp>

<comp id="975" class="1005" name="HwReg_layerStartY_2_val21_read_reg_975">
<pin_list>
<pin id="976" dir="0" index="0" bw="16" slack="1"/>
<pin id="977" dir="1" index="1" bw="16" slack="1"/>
</pin_list>
<bind>
<opset="HwReg_layerStartY_2_val21_read "/>
</bind>
</comp>

<comp id="980" class="1005" name="HwReg_layerStartX_2_val19_read_reg_980">
<pin_list>
<pin id="981" dir="0" index="0" bw="16" slack="1"/>
<pin id="982" dir="1" index="1" bw="16" slack="1"/>
</pin_list>
<bind>
<opset="HwReg_layerStartX_2_val19_read "/>
</bind>
</comp>

<comp id="985" class="1005" name="HwReg_layerAlpha_2_val17_read_reg_985">
<pin_list>
<pin id="986" dir="0" index="0" bw="9" slack="1"/>
<pin id="987" dir="1" index="1" bw="9" slack="1"/>
</pin_list>
<bind>
<opset="HwReg_layerAlpha_2_val17_read "/>
</bind>
</comp>

</comp_list>

<net_list>
<net id="229"><net_src comp="102" pin="0"/><net_sink comp="226" pin=0"/></net>

<net id="233"><net_src comp="102" pin="0"/><net_sink comp="230" pin=0"/></net>

<net id="237"><net_src comp="102" pin="0"/><net_sink comp="234" pin=0"/></net>

<net id="241"><net_src comp="102" pin="0"/><net_sink comp="238" pin=0"/></net>

<net id="245"><net_src comp="102" pin="0"/><net_sink comp="242" pin=0"/></net>

<net id="249"><net_src comp="102" pin="0"/><net_sink comp="246" pin=0"/></net>

<net id="253"><net_src comp="102" pin="0"/><net_sink comp="250" pin=0"/></net>

<net id="257"><net_src comp="102" pin="0"/><net_sink comp="254" pin=0"/></net>

<net id="261"><net_src comp="102" pin="0"/><net_sink comp="258" pin=0"/></net>

<net id="265"><net_src comp="102" pin="0"/><net_sink comp="262" pin=0"/></net>

<net id="269"><net_src comp="102" pin="0"/><net_sink comp="266" pin=0"/></net>

<net id="273"><net_src comp="102" pin="0"/><net_sink comp="270" pin=0"/></net>

<net id="277"><net_src comp="102" pin="0"/><net_sink comp="274" pin=0"/></net>

<net id="281"><net_src comp="102" pin="0"/><net_sink comp="278" pin=0"/></net>

<net id="285"><net_src comp="102" pin="0"/><net_sink comp="282" pin=0"/></net>

<net id="289"><net_src comp="102" pin="0"/><net_sink comp="286" pin=0"/></net>

<net id="293"><net_src comp="102" pin="0"/><net_sink comp="290" pin=0"/></net>

<net id="297"><net_src comp="102" pin="0"/><net_sink comp="294" pin=0"/></net>

<net id="301"><net_src comp="102" pin="0"/><net_sink comp="298" pin=0"/></net>

<net id="306"><net_src comp="96" pin="0"/><net_sink comp="302" pin=0"/></net>

<net id="307"><net_src comp="34" pin="0"/><net_sink comp="302" pin=1"/></net>

<net id="312"><net_src comp="96" pin="0"/><net_sink comp="308" pin=0"/></net>

<net id="313"><net_src comp="32" pin="0"/><net_sink comp="308" pin=1"/></net>

<net id="318"><net_src comp="96" pin="0"/><net_sink comp="314" pin=0"/></net>

<net id="319"><net_src comp="30" pin="0"/><net_sink comp="314" pin=1"/></net>

<net id="324"><net_src comp="96" pin="0"/><net_sink comp="320" pin=0"/></net>

<net id="325"><net_src comp="28" pin="0"/><net_sink comp="320" pin=1"/></net>

<net id="330"><net_src comp="98" pin="0"/><net_sink comp="326" pin=0"/></net>

<net id="331"><net_src comp="16" pin="0"/><net_sink comp="326" pin=1"/></net>

<net id="336"><net_src comp="98" pin="0"/><net_sink comp="332" pin=0"/></net>

<net id="337"><net_src comp="14" pin="0"/><net_sink comp="332" pin=1"/></net>

<net id="342"><net_src comp="98" pin="0"/><net_sink comp="338" pin=0"/></net>

<net id="343"><net_src comp="12" pin="0"/><net_sink comp="338" pin=1"/></net>

<net id="348"><net_src comp="100" pin="0"/><net_sink comp="344" pin=0"/></net>

<net id="349"><net_src comp="2" pin="0"/><net_sink comp="344" pin=1"/></net>

<net id="354"><net_src comp="100" pin="0"/><net_sink comp="350" pin=0"/></net>

<net id="355"><net_src comp="0" pin="0"/><net_sink comp="350" pin=1"/></net>

<net id="360"><net_src comp="132" pin="0"/><net_sink comp="356" pin=0"/></net>

<net id="361"><net_src comp="36" pin="0"/><net_sink comp="356" pin=1"/></net>

<net id="366"><net_src comp="96" pin="0"/><net_sink comp="362" pin=0"/></net>

<net id="367"><net_src comp="24" pin="0"/><net_sink comp="362" pin=1"/></net>

<net id="372"><net_src comp="96" pin="0"/><net_sink comp="368" pin=0"/></net>

<net id="373"><net_src comp="20" pin="0"/><net_sink comp="368" pin=1"/></net>

<net id="378"><net_src comp="134" pin="0"/><net_sink comp="374" pin=0"/></net>

<net id="379"><net_src comp="10" pin="0"/><net_sink comp="374" pin=1"/></net>

<net id="384"><net_src comp="132" pin="0"/><net_sink comp="380" pin=0"/></net>

<net id="385"><net_src comp="8" pin="0"/><net_sink comp="380" pin=1"/></net>

<net id="390"><net_src comp="132" pin="0"/><net_sink comp="386" pin=0"/></net>

<net id="391"><net_src comp="6" pin="0"/><net_sink comp="386" pin=1"/></net>

<net id="396"><net_src comp="132" pin="0"/><net_sink comp="392" pin=0"/></net>

<net id="397"><net_src comp="4" pin="0"/><net_sink comp="392" pin=1"/></net>

<net id="402"><net_src comp="132" pin="0"/><net_sink comp="398" pin=0"/></net>

<net id="403"><net_src comp="38" pin="0"/><net_sink comp="398" pin=1"/></net>

<net id="408"><net_src comp="96" pin="0"/><net_sink comp="404" pin=0"/></net>

<net id="409"><net_src comp="26" pin="0"/><net_sink comp="404" pin=1"/></net>

<net id="414"><net_src comp="96" pin="0"/><net_sink comp="410" pin=0"/></net>

<net id="415"><net_src comp="22" pin="0"/><net_sink comp="410" pin=1"/></net>

<net id="420"><net_src comp="138" pin="0"/><net_sink comp="416" pin=0"/></net>

<net id="421"><net_src comp="18" pin="0"/><net_sink comp="416" pin=1"/></net>

<net id="436"><net_src comp="104" pin="0"/><net_sink comp="422" pin=0"/></net>

<net id="437"><net_src comp="40" pin="0"/><net_sink comp="422" pin=1"/></net>

<net id="438"><net_src comp="42" pin="0"/><net_sink comp="422" pin=2"/></net>

<net id="439"><net_src comp="44" pin="0"/><net_sink comp="422" pin=3"/></net>

<net id="440"><net_src comp="46" pin="0"/><net_sink comp="422" pin=4"/></net>

<net id="441"><net_src comp="48" pin="0"/><net_sink comp="422" pin=5"/></net>

<net id="442"><net_src comp="50" pin="0"/><net_sink comp="422" pin=6"/></net>

<net id="443"><net_src comp="52" pin="0"/><net_sink comp="422" pin=7"/></net>

<net id="444"><net_src comp="344" pin="2"/><net_sink comp="422" pin=9"/></net>

<net id="445"><net_src comp="350" pin="2"/><net_sink comp="422" pin=10"/></net>

<net id="446"><net_src comp="338" pin="2"/><net_sink comp="422" pin=11"/></net>

<net id="461"><net_src comp="106" pin="0"/><net_sink comp="447" pin=0"/></net>

<net id="462"><net_src comp="54" pin="0"/><net_sink comp="447" pin=1"/></net>

<net id="463"><net_src comp="56" pin="0"/><net_sink comp="447" pin=2"/></net>

<net id="464"><net_src comp="58" pin="0"/><net_sink comp="447" pin=3"/></net>

<net id="465"><net_src comp="60" pin="0"/><net_sink comp="447" pin=4"/></net>

<net id="466"><net_src comp="62" pin="0"/><net_sink comp="447" pin=5"/></net>

<net id="467"><net_src comp="64" pin="0"/><net_sink comp="447" pin=6"/></net>

<net id="468"><net_src comp="66" pin="0"/><net_sink comp="447" pin=7"/></net>

<net id="469"><net_src comp="332" pin="2"/><net_sink comp="447" pin=11"/></net>

<net id="484"><net_src comp="108" pin="0"/><net_sink comp="470" pin=0"/></net>

<net id="485"><net_src comp="68" pin="0"/><net_sink comp="470" pin=1"/></net>

<net id="486"><net_src comp="70" pin="0"/><net_sink comp="470" pin=2"/></net>

<net id="487"><net_src comp="72" pin="0"/><net_sink comp="470" pin=3"/></net>

<net id="488"><net_src comp="74" pin="0"/><net_sink comp="470" pin=4"/></net>

<net id="489"><net_src comp="76" pin="0"/><net_sink comp="470" pin=5"/></net>

<net id="490"><net_src comp="78" pin="0"/><net_sink comp="470" pin=6"/></net>

<net id="491"><net_src comp="80" pin="0"/><net_sink comp="470" pin=7"/></net>

<net id="492"><net_src comp="326" pin="2"/><net_sink comp="470" pin=11"/></net>

<net id="501"><net_src comp="110" pin="0"/><net_sink comp="493" pin=0"/></net>

<net id="510"><net_src comp="112" pin="0"/><net_sink comp="502" pin=0"/></net>

<net id="519"><net_src comp="114" pin="0"/><net_sink comp="511" pin=0"/></net>

<net id="528"><net_src comp="116" pin="0"/><net_sink comp="520" pin=0"/></net>

<net id="537"><net_src comp="118" pin="0"/><net_sink comp="529" pin=0"/></net>

<net id="546"><net_src comp="120" pin="0"/><net_sink comp="538" pin=0"/></net>

<net id="555"><net_src comp="122" pin="0"/><net_sink comp="547" pin=0"/></net>

<net id="564"><net_src comp="124" pin="0"/><net_sink comp="556" pin=0"/></net>

<net id="573"><net_src comp="126" pin="0"/><net_sink comp="565" pin=0"/></net>

<net id="582"><net_src comp="128" pin="0"/><net_sink comp="574" pin=0"/></net>

<net id="591"><net_src comp="130" pin="0"/><net_sink comp="583" pin=0"/></net>

<net id="609"><net_src comp="136" pin="0"/><net_sink comp="592" pin=0"/></net>

<net id="610"><net_src comp="392" pin="2"/><net_sink comp="592" pin=5"/></net>

<net id="611"><net_src comp="386" pin="2"/><net_sink comp="592" pin=6"/></net>

<net id="612"><net_src comp="380" pin="2"/><net_sink comp="592" pin=7"/></net>

<net id="613"><net_src comp="368" pin="2"/><net_sink comp="592" pin=9"/></net>

<net id="614"><net_src comp="362" pin="2"/><net_sink comp="592" pin=10"/></net>

<net id="615"><net_src comp="356" pin="2"/><net_sink comp="592" pin=13"/></net>

<net id="631"><net_src comp="140" pin="0"/><net_sink comp="616" pin=0"/></net>

<net id="632"><net_src comp="416" pin="2"/><net_sink comp="616" pin=6"/></net>

<net id="633"><net_src comp="410" pin="2"/><net_sink comp="616" pin=7"/></net>

<net id="634"><net_src comp="404" pin="2"/><net_sink comp="616" pin=8"/></net>

<net id="635"><net_src comp="398" pin="2"/><net_sink comp="616" pin=11"/></net>

<net id="643"><net_src comp="142" pin="0"/><net_sink comp="636" pin=0"/></net>

<net id="651"><net_src comp="144" pin="0"/><net_sink comp="644" pin=0"/></net>

<net id="659"><net_src comp="146" pin="0"/><net_sink comp="652" pin=0"/></net>

<net id="673"><net_src comp="148" pin="0"/><net_sink comp="660" pin=0"/></net>

<net id="674"><net_src comp="82" pin="0"/><net_sink comp="660" pin=2"/></net>

<net id="675"><net_src comp="84" pin="0"/><net_sink comp="660" pin=3"/></net>

<net id="676"><net_src comp="86" pin="0"/><net_sink comp="660" pin=4"/></net>

<net id="677"><net_src comp="88" pin="0"/><net_sink comp="660" pin=5"/></net>

<net id="678"><net_src comp="90" pin="0"/><net_sink comp="660" pin=6"/></net>

<net id="679"><net_src comp="92" pin="0"/><net_sink comp="660" pin=7"/></net>

<net id="680"><net_src comp="94" pin="0"/><net_sink comp="660" pin=8"/></net>

<net id="684"><net_src comp="314" pin="2"/><net_sink comp="681" pin=0"/></net>

<net id="685"><net_src comp="681" pin="1"/><net_sink comp="470" pin=10"/></net>

<net id="689"><net_src comp="302" pin="2"/><net_sink comp="686" pin=0"/></net>

<net id="690"><net_src comp="686" pin="1"/><net_sink comp="470" pin=9"/></net>

<net id="694"><net_src comp="320" pin="2"/><net_sink comp="691" pin=0"/></net>

<net id="695"><net_src comp="691" pin="1"/><net_sink comp="447" pin=10"/></net>

<net id="699"><net_src comp="308" pin="2"/><net_sink comp="696" pin=0"/></net>

<net id="700"><net_src comp="696" pin="1"/><net_sink comp="447" pin=9"/></net>

<net id="704"><net_src comp="374" pin="2"/><net_sink comp="701" pin=0"/></net>

<net id="705"><net_src comp="701" pin="1"/><net_sink comp="592" pin=8"/></net>

<net id="709"><net_src comp="302" pin="2"/><net_sink comp="706" pin=0"/></net>

<net id="710"><net_src comp="706" pin="1"/><net_sink comp="616" pin=10"/></net>

<net id="714"><net_src comp="308" pin="2"/><net_sink comp="711" pin=0"/></net>

<net id="715"><net_src comp="711" pin="1"/><net_sink comp="529" pin=2"/></net>

<net id="716"><net_src comp="711" pin="1"/><net_sink comp="592" pin=12"/></net>

<net id="720"><net_src comp="314" pin="2"/><net_sink comp="717" pin=0"/></net>

<net id="721"><net_src comp="717" pin="1"/><net_sink comp="616" pin=9"/></net>

<net id="725"><net_src comp="320" pin="2"/><net_sink comp="722" pin=0"/></net>

<net id="726"><net_src comp="722" pin="1"/><net_sink comp="529" pin=3"/></net>

<net id="727"><net_src comp="722" pin="1"/><net_sink comp="592" pin=11"/></net>

<net id="731"><net_src comp="326" pin="2"/><net_sink comp="728" pin=0"/></net>

<net id="732"><net_src comp="728" pin="1"/><net_sink comp="470" pin=11"/></net>

<net id="733"><net_src comp="728" pin="1"/><net_sink comp="511" pin=4"/></net>

<net id="734"><net_src comp="728" pin="1"/><net_sink comp="538" pin=4"/></net>

<net id="735"><net_src comp="728" pin="1"/><net_sink comp="565" pin=4"/></net>

<net id="736"><net_src comp="728" pin="1"/><net_sink comp="583" pin=4"/></net>

<net id="740"><net_src comp="332" pin="2"/><net_sink comp="737" pin=0"/></net>

<net id="741"><net_src comp="737" pin="1"/><net_sink comp="447" pin=11"/></net>

<net id="742"><net_src comp="737" pin="1"/><net_sink comp="502" pin=4"/></net>

<net id="743"><net_src comp="737" pin="1"/><net_sink comp="529" pin=4"/></net>

<net id="744"><net_src comp="737" pin="1"/><net_sink comp="556" pin=4"/></net>

<net id="745"><net_src comp="737" pin="1"/><net_sink comp="574" pin=4"/></net>

<net id="749"><net_src comp="338" pin="2"/><net_sink comp="746" pin=0"/></net>

<net id="750"><net_src comp="746" pin="1"/><net_sink comp="422" pin=11"/></net>

<net id="751"><net_src comp="746" pin="1"/><net_sink comp="493" pin=4"/></net>

<net id="752"><net_src comp="746" pin="1"/><net_sink comp="520" pin=4"/></net>

<net id="753"><net_src comp="746" pin="1"/><net_sink comp="547" pin=4"/></net>

<net id="757"><net_src comp="344" pin="2"/><net_sink comp="754" pin=0"/></net>

<net id="758"><net_src comp="754" pin="1"/><net_sink comp="422" pin=9"/></net>

<net id="759"><net_src comp="754" pin="1"/><net_sink comp="493" pin=2"/></net>

<net id="760"><net_src comp="754" pin="1"/><net_sink comp="520" pin=2"/></net>

<net id="761"><net_src comp="754" pin="1"/><net_sink comp="547" pin=2"/></net>

<net id="762"><net_src comp="754" pin="1"/><net_sink comp="592" pin=4"/></net>

<net id="763"><net_src comp="754" pin="1"/><net_sink comp="616" pin=4"/></net>

<net id="764"><net_src comp="754" pin="1"/><net_sink comp="636" pin=2"/></net>

<net id="765"><net_src comp="754" pin="1"/><net_sink comp="644" pin=2"/></net>

<net id="766"><net_src comp="754" pin="1"/><net_sink comp="652" pin=2"/></net>

<net id="767"><net_src comp="754" pin="1"/><net_sink comp="660" pin=9"/></net>

<net id="771"><net_src comp="350" pin="2"/><net_sink comp="768" pin=0"/></net>

<net id="772"><net_src comp="768" pin="1"/><net_sink comp="422" pin=10"/></net>

<net id="773"><net_src comp="768" pin="1"/><net_sink comp="493" pin=3"/></net>

<net id="774"><net_src comp="768" pin="1"/><net_sink comp="520" pin=3"/></net>

<net id="775"><net_src comp="768" pin="1"/><net_sink comp="547" pin=3"/></net>

<net id="776"><net_src comp="768" pin="1"/><net_sink comp="592" pin=3"/></net>

<net id="777"><net_src comp="768" pin="1"/><net_sink comp="616" pin=3"/></net>

<net id="778"><net_src comp="768" pin="1"/><net_sink comp="636" pin=3"/></net>

<net id="779"><net_src comp="768" pin="1"/><net_sink comp="644" pin=3"/></net>

<net id="780"><net_src comp="768" pin="1"/><net_sink comp="652" pin=3"/></net>

<net id="781"><net_src comp="768" pin="1"/><net_sink comp="660" pin=10"/></net>

<net id="785"><net_src comp="681" pin="1"/><net_sink comp="782" pin=0"/></net>

<net id="786"><net_src comp="782" pin="1"/><net_sink comp="470" pin=10"/></net>

<net id="787"><net_src comp="782" pin="1"/><net_sink comp="511" pin=3"/></net>

<net id="788"><net_src comp="782" pin="1"/><net_sink comp="538" pin=3"/></net>

<net id="789"><net_src comp="782" pin="1"/><net_sink comp="565" pin=3"/></net>

<net id="790"><net_src comp="782" pin="1"/><net_sink comp="583" pin=3"/></net>

<net id="794"><net_src comp="686" pin="1"/><net_sink comp="791" pin=0"/></net>

<net id="795"><net_src comp="791" pin="1"/><net_sink comp="470" pin=9"/></net>

<net id="796"><net_src comp="791" pin="1"/><net_sink comp="511" pin=2"/></net>

<net id="797"><net_src comp="791" pin="1"/><net_sink comp="538" pin=2"/></net>

<net id="798"><net_src comp="791" pin="1"/><net_sink comp="565" pin=2"/></net>

<net id="799"><net_src comp="791" pin="1"/><net_sink comp="583" pin=2"/></net>

<net id="803"><net_src comp="691" pin="1"/><net_sink comp="800" pin=0"/></net>

<net id="804"><net_src comp="800" pin="1"/><net_sink comp="447" pin=10"/></net>

<net id="805"><net_src comp="800" pin="1"/><net_sink comp="502" pin=3"/></net>

<net id="806"><net_src comp="800" pin="1"/><net_sink comp="556" pin=3"/></net>

<net id="807"><net_src comp="800" pin="1"/><net_sink comp="574" pin=3"/></net>

<net id="811"><net_src comp="696" pin="1"/><net_sink comp="808" pin=0"/></net>

<net id="812"><net_src comp="808" pin="1"/><net_sink comp="447" pin=9"/></net>

<net id="813"><net_src comp="808" pin="1"/><net_sink comp="502" pin=2"/></net>

<net id="814"><net_src comp="808" pin="1"/><net_sink comp="556" pin=2"/></net>

<net id="815"><net_src comp="808" pin="1"/><net_sink comp="574" pin=2"/></net>

<net id="819"><net_src comp="226" pin="1"/><net_sink comp="816" pin=0"/></net>

<net id="820"><net_src comp="816" pin="1"/><net_sink comp="422" pin=8"/></net>

<net id="821"><net_src comp="816" pin="1"/><net_sink comp="493" pin=1"/></net>

<net id="825"><net_src comp="230" pin="1"/><net_sink comp="822" pin=0"/></net>

<net id="826"><net_src comp="822" pin="1"/><net_sink comp="493" pin=5"/></net>

<net id="827"><net_src comp="822" pin="1"/><net_sink comp="520" pin=1"/></net>

<net id="831"><net_src comp="234" pin="1"/><net_sink comp="828" pin=0"/></net>

<net id="832"><net_src comp="828" pin="1"/><net_sink comp="520" pin=5"/></net>

<net id="833"><net_src comp="828" pin="1"/><net_sink comp="547" pin=1"/></net>

<net id="837"><net_src comp="238" pin="1"/><net_sink comp="834" pin=0"/></net>

<net id="838"><net_src comp="834" pin="1"/><net_sink comp="547" pin=5"/></net>

<net id="839"><net_src comp="834" pin="1"/><net_sink comp="592" pin=1"/></net>

<net id="843"><net_src comp="242" pin="1"/><net_sink comp="840" pin=0"/></net>

<net id="844"><net_src comp="840" pin="1"/><net_sink comp="636" pin=4"/></net>

<net id="845"><net_src comp="840" pin="1"/><net_sink comp="644" pin=1"/></net>

<net id="849"><net_src comp="246" pin="1"/><net_sink comp="846" pin=0"/></net>

<net id="850"><net_src comp="846" pin="1"/><net_sink comp="644" pin=4"/></net>

<net id="851"><net_src comp="846" pin="1"/><net_sink comp="652" pin=1"/></net>

<net id="855"><net_src comp="250" pin="1"/><net_sink comp="852" pin=0"/></net>

<net id="856"><net_src comp="852" pin="1"/><net_sink comp="652" pin=4"/></net>

<net id="857"><net_src comp="852" pin="1"/><net_sink comp="660" pin=1"/></net>

<net id="861"><net_src comp="254" pin="1"/><net_sink comp="858" pin=0"/></net>

<net id="862"><net_src comp="858" pin="1"/><net_sink comp="447" pin=8"/></net>

<net id="863"><net_src comp="858" pin="1"/><net_sink comp="502" pin=1"/></net>

<net id="867"><net_src comp="258" pin="1"/><net_sink comp="864" pin=0"/></net>

<net id="868"><net_src comp="864" pin="1"/><net_sink comp="574" pin=5"/></net>

<net id="869"><net_src comp="864" pin="1"/><net_sink comp="592" pin=2"/></net>

<net id="873"><net_src comp="262" pin="1"/><net_sink comp="870" pin=0"/></net>

<net id="874"><net_src comp="870" pin="1"/><net_sink comp="592" pin=14"/></net>

<net id="875"><net_src comp="870" pin="1"/><net_sink comp="616" pin=1"/></net>

<net id="879"><net_src comp="266" pin="1"/><net_sink comp="876" pin=0"/></net>

<net id="880"><net_src comp="876" pin="1"/><net_sink comp="529" pin=5"/></net>

<net id="881"><net_src comp="876" pin="1"/><net_sink comp="556" pin=1"/></net>

<net id="885"><net_src comp="270" pin="1"/><net_sink comp="882" pin=0"/></net>

<net id="886"><net_src comp="882" pin="1"/><net_sink comp="502" pin=5"/></net>

<net id="887"><net_src comp="882" pin="1"/><net_sink comp="529" pin=1"/></net>

<net id="891"><net_src comp="274" pin="1"/><net_sink comp="888" pin=0"/></net>

<net id="892"><net_src comp="888" pin="1"/><net_sink comp="556" pin=5"/></net>

<net id="893"><net_src comp="888" pin="1"/><net_sink comp="574" pin=1"/></net>

<net id="897"><net_src comp="278" pin="1"/><net_sink comp="894" pin=0"/></net>

<net id="898"><net_src comp="894" pin="1"/><net_sink comp="470" pin=8"/></net>

<net id="899"><net_src comp="894" pin="1"/><net_sink comp="511" pin=1"/></net>

<net id="903"><net_src comp="282" pin="1"/><net_sink comp="900" pin=0"/></net>

<net id="904"><net_src comp="900" pin="1"/><net_sink comp="583" pin=5"/></net>

<net id="905"><net_src comp="900" pin="1"/><net_sink comp="616" pin=2"/></net>

<net id="909"><net_src comp="286" pin="1"/><net_sink comp="906" pin=0"/></net>

<net id="910"><net_src comp="906" pin="1"/><net_sink comp="616" pin=12"/></net>

<net id="911"><net_src comp="906" pin="1"/><net_sink comp="636" pin=1"/></net>

<net id="915"><net_src comp="290" pin="1"/><net_sink comp="912" pin=0"/></net>

<net id="916"><net_src comp="912" pin="1"/><net_sink comp="538" pin=5"/></net>

<net id="917"><net_src comp="912" pin="1"/><net_sink comp="565" pin=1"/></net>

<net id="921"><net_src comp="294" pin="1"/><net_sink comp="918" pin=0"/></net>

<net id="922"><net_src comp="918" pin="1"/><net_sink comp="511" pin=5"/></net>

<net id="923"><net_src comp="918" pin="1"/><net_sink comp="538" pin=1"/></net>

<net id="927"><net_src comp="298" pin="1"/><net_sink comp="924" pin=0"/></net>

<net id="928"><net_src comp="924" pin="1"/><net_sink comp="565" pin=5"/></net>

<net id="929"><net_src comp="924" pin="1"/><net_sink comp="583" pin=1"/></net>

<net id="933"><net_src comp="356" pin="2"/><net_sink comp="930" pin=0"/></net>

<net id="934"><net_src comp="930" pin="1"/><net_sink comp="592" pin=13"/></net>

<net id="938"><net_src comp="362" pin="2"/><net_sink comp="935" pin=0"/></net>

<net id="939"><net_src comp="935" pin="1"/><net_sink comp="592" pin=10"/></net>

<net id="943"><net_src comp="368" pin="2"/><net_sink comp="940" pin=0"/></net>

<net id="944"><net_src comp="940" pin="1"/><net_sink comp="592" pin=9"/></net>

<net id="948"><net_src comp="374" pin="2"/><net_sink comp="945" pin=0"/></net>

<net id="949"><net_src comp="945" pin="1"/><net_sink comp="616" pin=5"/></net>

<net id="953"><net_src comp="380" pin="2"/><net_sink comp="950" pin=0"/></net>

<net id="954"><net_src comp="950" pin="1"/><net_sink comp="592" pin=7"/></net>

<net id="958"><net_src comp="386" pin="2"/><net_sink comp="955" pin=0"/></net>

<net id="959"><net_src comp="955" pin="1"/><net_sink comp="592" pin=6"/></net>

<net id="963"><net_src comp="392" pin="2"/><net_sink comp="960" pin=0"/></net>

<net id="964"><net_src comp="960" pin="1"/><net_sink comp="592" pin=5"/></net>

<net id="968"><net_src comp="701" pin="1"/><net_sink comp="965" pin=0"/></net>

<net id="969"><net_src comp="965" pin="1"/><net_sink comp="592" pin=8"/></net>

<net id="973"><net_src comp="398" pin="2"/><net_sink comp="970" pin=0"/></net>

<net id="974"><net_src comp="970" pin="1"/><net_sink comp="616" pin=11"/></net>

<net id="978"><net_src comp="404" pin="2"/><net_sink comp="975" pin=0"/></net>

<net id="979"><net_src comp="975" pin="1"/><net_sink comp="616" pin=8"/></net>

<net id="983"><net_src comp="410" pin="2"/><net_sink comp="980" pin=0"/></net>

<net id="984"><net_src comp="980" pin="1"/><net_sink comp="616" pin=7"/></net>

<net id="988"><net_src comp="416" pin="2"/><net_sink comp="985" pin=0"/></net>

<net id="989"><net_src comp="985" pin="1"/><net_sink comp="616" pin=6"/></net>

</net_list>

</model> 
---------------- Datapath Model END ------------------

* FSMD analyzer results:
  - Output states:
	Port: s_axis_video_V_data_V | {}
	Port: s_axis_video_V_keep_V | {}
	Port: s_axis_video_V_strb_V | {}
	Port: s_axis_video_V_user_V | {}
	Port: s_axis_video_V_last_V | {}
	Port: s_axis_video_V_id_V | {}
	Port: s_axis_video_V_dest_V | {}
	Port: s_axis_video1_V_data_V | {}
	Port: s_axis_video1_V_keep_V | {}
	Port: s_axis_video1_V_strb_V | {}
	Port: s_axis_video1_V_user_V | {}
	Port: s_axis_video1_V_last_V | {}
	Port: s_axis_video1_V_id_V | {}
	Port: s_axis_video1_V_dest_V | {}
	Port: s_axis_video2_V_data_V | {}
	Port: s_axis_video2_V_keep_V | {}
	Port: s_axis_video2_V_strb_V | {}
	Port: s_axis_video2_V_user_V | {}
	Port: s_axis_video2_V_last_V | {}
	Port: s_axis_video2_V_id_V | {}
	Port: s_axis_video2_V_dest_V | {}
	Port: m_axis_video_V_data_V | {21 22 }
	Port: m_axis_video_V_keep_V | {21 22 }
	Port: m_axis_video_V_strb_V | {21 22 }
	Port: m_axis_video_V_user_V | {21 22 }
	Port: m_axis_video_V_last_V | {21 22 }
	Port: m_axis_video_V_id_V | {21 22 }
	Port: m_axis_video_V_dest_V | {21 22 }
 - Input state : 
	Port: VMixHlsDataFlowFunction : HwReg_width_val | {1 }
	Port: VMixHlsDataFlowFunction : HwReg_height_val | {1 }
	Port: VMixHlsDataFlowFunction : HwReg_background_Y_R_val12 | {11 }
	Port: VMixHlsDataFlowFunction : HwReg_background_U_G_val13 | {11 }
	Port: VMixHlsDataFlowFunction : HwReg_background_V_B_val14 | {11 }
	Port: VMixHlsDataFlowFunction : HwReg_layerEnable_val16 | {11 }
	Port: VMixHlsDataFlowFunction : HwReg_layerEnableFlag_0_val | {1 }
	Port: VMixHlsDataFlowFunction : HwReg_layerEnableFlag_1_val | {1 }
	Port: VMixHlsDataFlowFunction : HwReg_layerEnableFlag_2_val | {1 }
	Port: VMixHlsDataFlowFunction : HwReg_layerAlpha_2_val17 | {13 }
	Port: VMixHlsDataFlowFunction : HwReg_layerStartX_1_val18 | {11 }
	Port: VMixHlsDataFlowFunction : HwReg_layerStartX_2_val19 | {13 }
	Port: VMixHlsDataFlowFunction : HwReg_layerStartY_1_val20 | {11 }
	Port: VMixHlsDataFlowFunction : HwReg_layerStartY_2_val21 | {13 }
	Port: VMixHlsDataFlowFunction : HwReg_layerWidth_1_val | {1 }
	Port: VMixHlsDataFlowFunction : HwReg_layerWidth_2_val | {1 }
	Port: VMixHlsDataFlowFunction : HwReg_layerHeight_1_val | {1 }
	Port: VMixHlsDataFlowFunction : HwReg_layerHeight_2_val | {1 }
	Port: VMixHlsDataFlowFunction : HwReg_layerScaleFactor_1_val26 | {11 }
	Port: VMixHlsDataFlowFunction : HwReg_layerScaleFactor_2_val27 | {13 }
	Port: VMixHlsDataFlowFunction : s_axis_video_V_data_V | {1 2 }
	Port: VMixHlsDataFlowFunction : s_axis_video_V_keep_V | {1 2 }
	Port: VMixHlsDataFlowFunction : s_axis_video_V_strb_V | {1 2 }
	Port: VMixHlsDataFlowFunction : s_axis_video_V_user_V | {1 2 }
	Port: VMixHlsDataFlowFunction : s_axis_video_V_last_V | {1 2 }
	Port: VMixHlsDataFlowFunction : s_axis_video_V_id_V | {1 2 }
	Port: VMixHlsDataFlowFunction : s_axis_video_V_dest_V | {1 2 }
	Port: VMixHlsDataFlowFunction : s_axis_video1_V_data_V | {1 2 }
	Port: VMixHlsDataFlowFunction : s_axis_video1_V_keep_V | {1 2 }
	Port: VMixHlsDataFlowFunction : s_axis_video1_V_strb_V | {1 2 }
	Port: VMixHlsDataFlowFunction : s_axis_video1_V_user_V | {1 2 }
	Port: VMixHlsDataFlowFunction : s_axis_video1_V_last_V | {1 2 }
	Port: VMixHlsDataFlowFunction : s_axis_video1_V_id_V | {1 2 }
	Port: VMixHlsDataFlowFunction : s_axis_video1_V_dest_V | {1 2 }
	Port: VMixHlsDataFlowFunction : s_axis_video2_V_data_V | {1 2 }
	Port: VMixHlsDataFlowFunction : s_axis_video2_V_keep_V | {1 2 }
	Port: VMixHlsDataFlowFunction : s_axis_video2_V_strb_V | {1 2 }
	Port: VMixHlsDataFlowFunction : s_axis_video2_V_user_V | {1 2 }
	Port: VMixHlsDataFlowFunction : s_axis_video2_V_last_V | {1 2 }
	Port: VMixHlsDataFlowFunction : s_axis_video2_V_id_V | {1 2 }
	Port: VMixHlsDataFlowFunction : s_axis_video2_V_dest_V | {1 2 }
	Port: VMixHlsDataFlowFunction : m_axis_video_V_data_V | {}
	Port: VMixHlsDataFlowFunction : m_axis_video_V_keep_V | {}
	Port: VMixHlsDataFlowFunction : m_axis_video_V_strb_V | {}
	Port: VMixHlsDataFlowFunction : m_axis_video_V_user_V | {}
	Port: VMixHlsDataFlowFunction : m_axis_video_V_last_V | {}
	Port: VMixHlsDataFlowFunction : m_axis_video_V_id_V | {}
	Port: VMixHlsDataFlowFunction : m_axis_video_V_dest_V | {}
  - Chain level:
	State 1
		call_ln630 : 1
		call_ln704 : 1
		call_ln787 : 1
	State 2
	State 3
	State 4
	State 5
	State 6
	State 7
	State 8
	State 9
	State 10
	State 11
		call_ln730 : 1
	State 12
	State 13
	State 14
	State 15
	State 16
	State 17
	State 18
	State 19
	State 20
	State 21
	State 22


============================================================
+ Verbose Summary: Datapath Resource usage 
============================================================

* Functional unit list:
|----------|-------------------------------------------------|---------|---------|---------|---------|
| Operation|                 Functional Unit                 |   DSP   |  Delay  |    FF   |   LUT   |
|----------|-------------------------------------------------|---------|---------|---------|---------|
|          |       grp_AXIvideo2MultiPixStream_1_fu_422      |    0    |  1.956  |   166   |   139   |
|          |       grp_AXIvideo2MultiPixStream_5_fu_447      |    0    |  1.956  |   166   |   139   |
|          |        grp_AXIvideo2MultiPixStream_fu_470       |    0    |  1.956  |   166   |   139   |
|          |       grp_v_mix_420_to_422_false_2_fu_493       |    0    |    0    |    49   |    76   |
|          |       grp_v_mix_420_to_422_false_6_fu_502       |    0    |    0    |    49   |    76   |
|          |       grp_v_mix_420_to_422_false_s_fu_511       |    0    |    0    |    49   |    76   |
|          |       grp_v_mix_422_to_444_false_3_fu_520       |    0    |    0    |    49   |    76   |
|          |        grp_v_mix_422_to_444_true_s_fu_529       |    0    |    0    |   295   |   413   |
|          |       grp_v_mix_422_to_444_false_s_fu_538       |    0    |    0    |    49   |    76   |
|   call   |         grp_v_mix_yuv2rgb_false_4_fu_547        |    0    |    0    |    49   |    76   |
|          |         grp_v_mix_yuv2rgb_true_s_fu_556         |    4    |  0.547  |   166   |   292   |
|          |         grp_v_mix_yuv2rgb_false_s_fu_565        |    0    |    0    |    49   |    76   |
|          |        grp_v_mix_upsample_false_7_fu_574        |    0    |    0    |    49   |    76   |
|          |        grp_v_mix_upsample_false_s_fu_583        |    0    |    0    |    49   |    76   |
|          |    grp_v_mix_core_alpha_false_false_s_fu_592    |    0    |  0.978  |   217   |   316   |
|          |     grp_v_mix_core_alpha_true_false_s_fu_616    |    3    |  4.575  |   315   |   439   |
|          |         grp_v_mix_rgb2yuv_false_s_fu_636        |    0    |    0    |    48   |    76   |
|          |       grp_v_mix_444_to_422_false_s_fu_644       |    0    |    0    |    48   |    76   |
|          |       grp_v_mix_422_to_420_false_s_fu_652       |    0    |    0    |    48   |    76   |
|          |        grp_MultiPixStream2AXIvideo_fu_660       |    0    |  1.467  |    92   |   163   |
|----------|-------------------------------------------------|---------|---------|---------|---------|
|          |     HwReg_layerHeight_2_val_read_read_fu_302    |    0    |    0    |    0    |    0    |
|          |     HwReg_layerHeight_1_val_read_read_fu_308    |    0    |    0    |    0    |    0    |
|          |     HwReg_layerWidth_2_val_read_read_fu_314     |    0    |    0    |    0    |    0    |
|          |     HwReg_layerWidth_1_val_read_read_fu_320     |    0    |    0    |    0    |    0    |
|          |   HwReg_layerEnableFlag_2_val_read_read_fu_326  |    0    |    0    |    0    |    0    |
|          |   HwReg_layerEnableFlag_1_val_read_read_fu_332  |    0    |    0    |    0    |    0    |
|          |   HwReg_layerEnableFlag_0_val_read_read_fu_338  |    0    |    0    |    0    |    0    |
|          |        HwReg_height_val_read_read_fu_344        |    0    |    0    |    0    |    0    |
|          |         HwReg_width_val_read_read_fu_350        |    0    |    0    |    0    |    0    |
|   read   | HwReg_layerScaleFactor_1_val26_read_read_fu_356 |    0    |    0    |    0    |    0    |
|          |    HwReg_layerStartY_1_val20_read_read_fu_362   |    0    |    0    |    0    |    0    |
|          |    HwReg_layerStartX_1_val18_read_read_fu_368   |    0    |    0    |    0    |    0    |
|          |     HwReg_layerEnable_val16_read_read_fu_374    |    0    |    0    |    0    |    0    |
|          |   HwReg_background_V_B_val14_read_read_fu_380   |    0    |    0    |    0    |    0    |
|          |   HwReg_background_U_G_val13_read_read_fu_386   |    0    |    0    |    0    |    0    |
|          |   HwReg_background_Y_R_val12_read_read_fu_392   |    0    |    0    |    0    |    0    |
|          | HwReg_layerScaleFactor_2_val27_read_read_fu_398 |    0    |    0    |    0    |    0    |
|          |    HwReg_layerStartY_2_val21_read_read_fu_404   |    0    |    0    |    0    |    0    |
|          |    HwReg_layerStartX_2_val19_read_read_fu_410   |    0    |    0    |    0    |    0    |
|          |    HwReg_layerAlpha_2_val17_read_read_fu_416    |    0    |    0    |    0    |    0    |
|----------|-------------------------------------------------|---------|---------|---------|---------|
|          |                   empty_fu_681                  |    0    |    0    |    0    |    0    |
|          |                 empty_156_fu_686                |    0    |    0    |    0    |    0    |
|   trunc  |                 empty_158_fu_691                |    0    |    0    |    0    |    0    |
|          |                 empty_159_fu_696                |    0    |    0    |    0    |    0    |
|          |                 empty_157_fu_701                |    0    |    0    |    0    |    0    |
|----------|-------------------------------------------------|---------|---------|---------|---------|
|   Total  |                                                 |    7    |  13.435 |   2168  |   2952  |
|----------|-------------------------------------------------|---------|---------|---------|---------|

Memories:
N/A

* Register list:
+-------------------------------------------+--------+
|                                           |   FF   |
+-------------------------------------------+--------+
|  HwReg_background_U_G_val13_read_reg_955  |    8   |
|  HwReg_background_V_B_val14_read_reg_950  |    8   |
|  HwReg_background_Y_R_val12_read_reg_960  |    8   |
|       HwReg_height_val_read_reg_754       |   12   |
|   HwReg_layerAlpha_2_val17_read_reg_985   |    9   |
|  HwReg_layerEnableFlag_0_val_read_reg_746 |    1   |
|  HwReg_layerEnableFlag_1_val_read_reg_737 |    1   |
|  HwReg_layerEnableFlag_2_val_read_reg_728 |    1   |
|    HwReg_layerEnable_val16_read_reg_945   |    3   |
|    HwReg_layerHeight_1_val_read_reg_711   |   16   |
|    HwReg_layerHeight_2_val_read_reg_706   |   16   |
|HwReg_layerScaleFactor_1_val26_read_reg_930|    8   |
|HwReg_layerScaleFactor_2_val27_read_reg_970|    8   |
|   HwReg_layerStartX_1_val18_read_reg_940  |   16   |
|   HwReg_layerStartX_2_val19_read_reg_980  |   16   |
|   HwReg_layerStartY_1_val20_read_reg_935  |   16   |
|   HwReg_layerStartY_2_val21_read_reg_975  |   16   |
|    HwReg_layerWidth_1_val_read_reg_722    |   16   |
|    HwReg_layerWidth_2_val_read_reg_717    |   16   |
|        HwReg_width_val_read_reg_768       |   12   |
|             empty_156_reg_791             |   12   |
|             empty_157_reg_965             |    2   |
|             empty_158_reg_800             |   12   |
|             empty_159_reg_808             |   12   |
|               empty_reg_782               |   12   |
|               out420_reg_852              |   24   |
|               out422_reg_846              |   24   |
|             outLayer0_reg_834             |   24   |
|             outLayer1_reg_870             |   24   |
|             outLayer2_reg_906             |   24   |
|               outYuv_reg_840              |   24   |
|          srcLayer0Yuv422_reg_822          |   24   |
|            srcLayer0Yuv_reg_828           |   24   |
|             srcLayer0_reg_816             |   24   |
|            srcLayer1Rgb_reg_888           |   24   |
|          srcLayer1Yuv422_reg_882          |   24   |
|            srcLayer1Yuv_reg_876           |   24   |
|             srcLayer1_reg_858             |   24   |
|             srcLayer1x_reg_864            |   24   |
|            srcLayer2Rgb_reg_924           |   24   |
|          srcLayer2Yuv422_reg_918          |   24   |
|            srcLayer2Yuv_reg_912           |   24   |
|             srcLayer2_reg_894             |   24   |
|             srcLayer2x_reg_900            |   24   |
+-------------------------------------------+--------+
|                   Total                   |   713  |
+-------------------------------------------+--------+

* Multiplexer (MUX) list: 
|-------------------------------------------|------|------|------|--------||---------||---------||---------|
|                    Comp                   |  Pin | Size |  BW  | S x BW ||  Delay  ||    FF   ||   LUT   |
|-------------------------------------------|------|------|------|--------||---------||---------||---------|
|    grp_AXIvideo2MultiPixStream_1_fu_422   |  p9  |   2  |  12  |   24   ||    0    ||    9    |
|    grp_AXIvideo2MultiPixStream_1_fu_422   |  p10 |   2  |  12  |   24   ||    0    ||    9    |
|    grp_AXIvideo2MultiPixStream_1_fu_422   |  p11 |   2  |   1  |    2   ||    0    ||    9    |
|    grp_AXIvideo2MultiPixStream_5_fu_447   |  p9  |   2  |  12  |   24   ||    0    ||    9    |
|    grp_AXIvideo2MultiPixStream_5_fu_447   |  p10 |   2  |  12  |   24   ||    0    ||    9    |
|    grp_AXIvideo2MultiPixStream_5_fu_447   |  p11 |   2  |   1  |    2   ||    0    ||    9    |
|     grp_AXIvideo2MultiPixStream_fu_470    |  p9  |   2  |  12  |   24   ||    0    ||    9    |
|     grp_AXIvideo2MultiPixStream_fu_470    |  p10 |   2  |  12  |   24   ||    0    ||    9    |
|     grp_AXIvideo2MultiPixStream_fu_470    |  p11 |   2  |   1  |    2   ||    0    ||    9    |
| grp_v_mix_core_alpha_false_false_s_fu_592 |  p5  |   2  |   8  |   16   ||    0    ||    9    |
| grp_v_mix_core_alpha_false_false_s_fu_592 |  p6  |   2  |   8  |   16   ||    0    ||    9    |
| grp_v_mix_core_alpha_false_false_s_fu_592 |  p7  |   2  |   8  |   16   ||    0    ||    9    |
| grp_v_mix_core_alpha_false_false_s_fu_592 |  p8  |   2  |   2  |    4   ||    0    ||    9    |
| grp_v_mix_core_alpha_false_false_s_fu_592 |  p9  |   2  |  16  |   32   ||    0    ||    9    |
| grp_v_mix_core_alpha_false_false_s_fu_592 |  p10 |   2  |  16  |   32   ||    0    ||    9    |
| grp_v_mix_core_alpha_false_false_s_fu_592 |  p13 |   2  |   8  |   16   ||    0    ||    9    |
|  grp_v_mix_core_alpha_true_false_s_fu_616 |  p6  |   2  |   9  |   18   ||    0    ||    9    |
|  grp_v_mix_core_alpha_true_false_s_fu_616 |  p7  |   2  |  16  |   32   ||    0    ||    9    |
|  grp_v_mix_core_alpha_true_false_s_fu_616 |  p8  |   2  |  16  |   32   ||    0    ||    9    |
|  grp_v_mix_core_alpha_true_false_s_fu_616 |  p11 |   2  |   8  |   16   ||    0    ||    9    |
|-------------------------------------------|------|------|------|--------||---------||---------||---------|
|                   Total                   |      |      |      |   380  ||   9.78  ||    0    ||   180   |
|-------------------------------------------|------|------|------|--------||---------||---------||---------|



* Summary:
+-----------+--------+--------+--------+--------+
|           |   DSP  |  Delay |   FF   |   LUT  |
+-----------+--------+--------+--------+--------+
|  Function |    7   |   13   |  2168  |  2952  |
|   Memory  |    -   |    -   |    -   |    -   |
|Multiplexer|    -   |    9   |    0   |   180  |
|  Register |    -   |    -   |   713  |    -   |
+-----------+--------+--------+--------+--------+
|   Total   |    7   |   23   |  2881  |  3132  |
+-----------+--------+--------+--------+--------+
