
*** Running vivado
    with args -log design_1_system_ila_0_0.vds -m64 -product Vivado -mode batch -messageDb vivado.pb -notrace -source design_1_system_ila_0_0.tcl


****** Vivado v2025.1 (64-bit)
  **** SW Build 6140274 on Wed May 21 22:58:25 MDT 2025
  **** IP Build 6138677 on Thu May 22 03:10:11 MDT 2025
  **** SharedData Build 6139179 on Tue May 20 17:58:58 MDT 2025
  **** Start of session at: Sat Sep  6 13:56:39 2025
    ** Copyright 1986-2022 Xilinx, Inc. All Rights Reserved.
    ** Copyright 2022-2025 Advanced Micro Devices, Inc. All Rights Reserved.

source design_1_system_ila_0_0.tcl -notrace
INFO: [IP_Flow 19-234] Refreshing IP repositories
INFO: [IP_Flow 19-1700] Loaded user IP repository '/home/e/Documents/research/byotee/OSDZU3_Ref_Design/OSDZU3_Ref_Design.ipdefs/IP_Repo'.
INFO: [IP_Flow 19-2313] Loaded Vivado IP repository '/tools/Xilinx/2025.1/Vivado/data/ip'.
Command: synth_design -top design_1_system_ila_0_0 -part xczu3eg-sfvc784-1-e -incremental_mode off -mode out_of_context
Starting synth_design
Attempting to get a license for feature 'Synthesis' and/or device 'xczu3eg'
INFO: [Common 17-349] Got license for feature 'Synthesis' and/or device 'xczu3eg'
INFO: [Device 21-403] Loading part xczu3eg-sfvc784-1-e
INFO: [Synth 8-7079] Multithreading enabled for synth_design using a maximum of 7 processes.
INFO: [Synth 8-7078] Launching helper process for spawning children vivado processes
INFO: [Synth 8-7075] Helper process launched with PID 64081
---------------------------------------------------------------------------------
Starting RTL Elaboration : Time (s): cpu = 00:00:04 ; elapsed = 00:00:05 . Memory (MB): peak = 2609.141 ; gain = 141.688 ; free physical = 16339 ; free virtual = 35791
---------------------------------------------------------------------------------
INFO: [Synth 8-11241] undeclared symbol 'tms_int', assumed default net type 'wire' [/home/e/Documents/research/byotee/OSDZU3_Ref_Design/OSDZU3_Ref_Design.gen/sources_1/bd/design_1/ipshared/537f/hdl/verilog/xsdbm_v3_0_4_bs_core_ext.vh:30]
INFO: [Synth 8-11241] undeclared symbol 'runtest_int', assumed default net type 'wire' [/home/e/Documents/research/byotee/OSDZU3_Ref_Design/OSDZU3_Ref_Design.gen/sources_1/bd/design_1/ipshared/537f/hdl/verilog/xsdbm_v3_0_4_bs_core_ext.vh:32]
INFO: [Synth 8-11241] undeclared symbol 'tms_int', assumed default net type 'wire' [/home/e/Documents/research/byotee/OSDZU3_Ref_Design/OSDZU3_Ref_Design.gen/sources_1/bd/design_1/ipshared/537f/hdl/verilog/xsdbm_v3_0_4_bs_core_ext.vh:69]
INFO: [Synth 8-11241] undeclared symbol 'runtest_int', assumed default net type 'wire' [/home/e/Documents/research/byotee/OSDZU3_Ref_Design/OSDZU3_Ref_Design.gen/sources_1/bd/design_1/ipshared/537f/hdl/verilog/xsdbm_v3_0_4_bs_core_ext.vh:71]
INFO: [Synth 8-11241] undeclared symbol 'tms_int', assumed default net type 'wire' [/home/e/Documents/research/byotee/OSDZU3_Ref_Design/OSDZU3_Ref_Design.gen/sources_1/bd/design_1/ipshared/537f/hdl/verilog/xsdbm_v3_0_4_bs_core_ext.vh:109]
INFO: [Synth 8-11241] undeclared symbol 'runtest_int', assumed default net type 'wire' [/home/e/Documents/research/byotee/OSDZU3_Ref_Design/OSDZU3_Ref_Design.gen/sources_1/bd/design_1/ipshared/537f/hdl/verilog/xsdbm_v3_0_4_bs_core_ext.vh:111]
INFO: [Synth 8-11241] undeclared symbol 'tms_int', assumed default net type 'wire' [/home/e/Documents/research/byotee/OSDZU3_Ref_Design/OSDZU3_Ref_Design.gen/sources_1/bd/design_1/ipshared/537f/hdl/verilog/xsdbm_v3_0_4_bs_core_ext.vh:150]
INFO: [Synth 8-11241] undeclared symbol 'runtest_int', assumed default net type 'wire' [/home/e/Documents/research/byotee/OSDZU3_Ref_Design/OSDZU3_Ref_Design.gen/sources_1/bd/design_1/ipshared/537f/hdl/verilog/xsdbm_v3_0_4_bs_core_ext.vh:152]
INFO: [Synth 8-11241] undeclared symbol 'tms_int', assumed default net type 'wire' [/home/e/Documents/research/byotee/OSDZU3_Ref_Design/OSDZU3_Ref_Design.gen/sources_1/bd/design_1/ipshared/537f/hdl/verilog/xsdbm_v3_0_4_bs_core_ext.vh:192]
INFO: [Synth 8-11241] undeclared symbol 'runtest_int', assumed default net type 'wire' [/home/e/Documents/research/byotee/OSDZU3_Ref_Design/OSDZU3_Ref_Design.gen/sources_1/bd/design_1/ipshared/537f/hdl/verilog/xsdbm_v3_0_4_bs_core_ext.vh:194]
INFO: [Synth 8-11241] undeclared symbol 'tms_int', assumed default net type 'wire' [/home/e/Documents/research/byotee/OSDZU3_Ref_Design/OSDZU3_Ref_Design.gen/sources_1/bd/design_1/ipshared/537f/hdl/verilog/xsdbm_v3_0_4_bs_core_ext.vh:235]
INFO: [Synth 8-11241] undeclared symbol 'runtest_int', assumed default net type 'wire' [/home/e/Documents/research/byotee/OSDZU3_Ref_Design/OSDZU3_Ref_Design.gen/sources_1/bd/design_1/ipshared/537f/hdl/verilog/xsdbm_v3_0_4_bs_core_ext.vh:237]
INFO: [Synth 8-11241] undeclared symbol 'tms_int', assumed default net type 'wire' [/home/e/Documents/research/byotee/OSDZU3_Ref_Design/OSDZU3_Ref_Design.gen/sources_1/bd/design_1/ipshared/537f/hdl/verilog/xsdbm_v3_0_4_bs_core_ext.vh:279]
INFO: [Synth 8-11241] undeclared symbol 'runtest_int', assumed default net type 'wire' [/home/e/Documents/research/byotee/OSDZU3_Ref_Design/OSDZU3_Ref_Design.gen/sources_1/bd/design_1/ipshared/537f/hdl/verilog/xsdbm_v3_0_4_bs_core_ext.vh:281]
INFO: [Synth 8-11241] undeclared symbol 'tms_int', assumed default net type 'wire' [/home/e/Documents/research/byotee/OSDZU3_Ref_Design/OSDZU3_Ref_Design.gen/sources_1/bd/design_1/ipshared/537f/hdl/verilog/xsdbm_v3_0_4_bs_core_ext.vh:324]
INFO: [Synth 8-11241] undeclared symbol 'runtest_int', assumed default net type 'wire' [/home/e/Documents/research/byotee/OSDZU3_Ref_Design/OSDZU3_Ref_Design.gen/sources_1/bd/design_1/ipshared/537f/hdl/verilog/xsdbm_v3_0_4_bs_core_ext.vh:326]
INFO: [Synth 8-11241] undeclared symbol 'tms_int', assumed default net type 'wire' [/home/e/Documents/research/byotee/OSDZU3_Ref_Design/OSDZU3_Ref_Design.gen/sources_1/bd/design_1/ipshared/537f/hdl/verilog/xsdbm_v3_0_4_bs_core_ext.vh:370]
INFO: [Synth 8-11241] undeclared symbol 'runtest_int', assumed default net type 'wire' [/home/e/Documents/research/byotee/OSDZU3_Ref_Design/OSDZU3_Ref_Design.gen/sources_1/bd/design_1/ipshared/537f/hdl/verilog/xsdbm_v3_0_4_bs_core_ext.vh:372]
INFO: [Synth 8-11241] undeclared symbol 'tms_int', assumed default net type 'wire' [/home/e/Documents/research/byotee/OSDZU3_Ref_Design/OSDZU3_Ref_Design.gen/sources_1/bd/design_1/ipshared/537f/hdl/verilog/xsdbm_v3_0_4_bs_core_ext.vh:417]
INFO: [Synth 8-11241] undeclared symbol 'runtest_int', assumed default net type 'wire' [/home/e/Documents/research/byotee/OSDZU3_Ref_Design/OSDZU3_Ref_Design.gen/sources_1/bd/design_1/ipshared/537f/hdl/verilog/xsdbm_v3_0_4_bs_core_ext.vh:419]
INFO: [Synth 8-11241] undeclared symbol 'tms_int', assumed default net type 'wire' [/home/e/Documents/research/byotee/OSDZU3_Ref_Design/OSDZU3_Ref_Design.gen/sources_1/bd/design_1/ipshared/537f/hdl/verilog/xsdbm_v3_0_4_bs_core_ext.vh:465]
INFO: [Synth 8-11241] undeclared symbol 'runtest_int', assumed default net type 'wire' [/home/e/Documents/research/byotee/OSDZU3_Ref_Design/OSDZU3_Ref_Design.gen/sources_1/bd/design_1/ipshared/537f/hdl/verilog/xsdbm_v3_0_4_bs_core_ext.vh:467]
INFO: [Synth 8-11241] undeclared symbol 'tms_int', assumed default net type 'wire' [/home/e/Documents/research/byotee/OSDZU3_Ref_Design/OSDZU3_Ref_Design.gen/sources_1/bd/design_1/ipshared/537f/hdl/verilog/xsdbm_v3_0_4_bs_core_ext.vh:514]
INFO: [Synth 8-11241] undeclared symbol 'runtest_int', assumed default net type 'wire' [/home/e/Documents/research/byotee/OSDZU3_Ref_Design/OSDZU3_Ref_Design.gen/sources_1/bd/design_1/ipshared/537f/hdl/verilog/xsdbm_v3_0_4_bs_core_ext.vh:516]
INFO: [Synth 8-11241] undeclared symbol 'tms_int', assumed default net type 'wire' [/home/e/Documents/research/byotee/OSDZU3_Ref_Design/OSDZU3_Ref_Design.gen/sources_1/bd/design_1/ipshared/537f/hdl/verilog/xsdbm_v3_0_4_bs_core_ext.vh:564]
INFO: [Synth 8-11241] undeclared symbol 'runtest_int', assumed default net type 'wire' [/home/e/Documents/research/byotee/OSDZU3_Ref_Design/OSDZU3_Ref_Design.gen/sources_1/bd/design_1/ipshared/537f/hdl/verilog/xsdbm_v3_0_4_bs_core_ext.vh:566]
INFO: [Synth 8-11241] undeclared symbol 'tms_int', assumed default net type 'wire' [/home/e/Documents/research/byotee/OSDZU3_Ref_Design/OSDZU3_Ref_Design.gen/sources_1/bd/design_1/ipshared/537f/hdl/verilog/xsdbm_v3_0_4_bs_core_ext.vh:615]
INFO: [Synth 8-11241] undeclared symbol 'runtest_int', assumed default net type 'wire' [/home/e/Documents/research/byotee/OSDZU3_Ref_Design/OSDZU3_Ref_Design.gen/sources_1/bd/design_1/ipshared/537f/hdl/verilog/xsdbm_v3_0_4_bs_core_ext.vh:617]
INFO: [Synth 8-11241] undeclared symbol 'tms_int', assumed default net type 'wire' [/home/e/Documents/research/byotee/OSDZU3_Ref_Design/OSDZU3_Ref_Design.gen/sources_1/bd/design_1/ipshared/537f/hdl/verilog/xsdbm_v3_0_4_bs_core.vh:30]
INFO: [Synth 8-11241] undeclared symbol 'runtest_int', assumed default net type 'wire' [/home/e/Documents/research/byotee/OSDZU3_Ref_Design/OSDZU3_Ref_Design.gen/sources_1/bd/design_1/ipshared/537f/hdl/verilog/xsdbm_v3_0_4_bs_core.vh:32]
INFO: [Synth 8-11241] undeclared symbol 'tms_int', assumed default net type 'wire' [/home/e/Documents/research/byotee/OSDZU3_Ref_Design/OSDZU3_Ref_Design.gen/sources_1/bd/design_1/ipshared/537f/hdl/verilog/xsdbm_v3_0_4_bs_core.vh:69]
INFO: [Synth 8-11241] undeclared symbol 'runtest_int', assumed default net type 'wire' [/home/e/Documents/research/byotee/OSDZU3_Ref_Design/OSDZU3_Ref_Design.gen/sources_1/bd/design_1/ipshared/537f/hdl/verilog/xsdbm_v3_0_4_bs_core.vh:71]
INFO: [Synth 8-11241] undeclared symbol 'tms_int', assumed default net type 'wire' [/home/e/Documents/research/byotee/OSDZU3_Ref_Design/OSDZU3_Ref_Design.gen/sources_1/bd/design_1/ipshared/537f/hdl/verilog/xsdbm_v3_0_4_bs_core.vh:109]
INFO: [Synth 8-11241] undeclared symbol 'runtest_int', assumed default net type 'wire' [/home/e/Documents/research/byotee/OSDZU3_Ref_Design/OSDZU3_Ref_Design.gen/sources_1/bd/design_1/ipshared/537f/hdl/verilog/xsdbm_v3_0_4_bs_core.vh:111]
INFO: [Synth 8-11241] undeclared symbol 'tms_int', assumed default net type 'wire' [/home/e/Documents/research/byotee/OSDZU3_Ref_Design/OSDZU3_Ref_Design.gen/sources_1/bd/design_1/ipshared/537f/hdl/verilog/xsdbm_v3_0_4_bs_core.vh:150]
INFO: [Synth 8-11241] undeclared symbol 'runtest_int', assumed default net type 'wire' [/home/e/Documents/research/byotee/OSDZU3_Ref_Design/OSDZU3_Ref_Design.gen/sources_1/bd/design_1/ipshared/537f/hdl/verilog/xsdbm_v3_0_4_bs_core.vh:152]
INFO: [Synth 8-11241] undeclared symbol 'tms_int', assumed default net type 'wire' [/home/e/Documents/research/byotee/OSDZU3_Ref_Design/OSDZU3_Ref_Design.gen/sources_1/bd/design_1/ipshared/537f/hdl/verilog/xsdbm_v3_0_4_bs_core.vh:192]
INFO: [Synth 8-11241] undeclared symbol 'runtest_int', assumed default net type 'wire' [/home/e/Documents/research/byotee/OSDZU3_Ref_Design/OSDZU3_Ref_Design.gen/sources_1/bd/design_1/ipshared/537f/hdl/verilog/xsdbm_v3_0_4_bs_core.vh:194]
INFO: [Synth 8-11241] undeclared symbol 'tms_int', assumed default net type 'wire' [/home/e/Documents/research/byotee/OSDZU3_Ref_Design/OSDZU3_Ref_Design.gen/sources_1/bd/design_1/ipshared/537f/hdl/verilog/xsdbm_v3_0_4_bs_core.vh:235]
INFO: [Synth 8-11241] undeclared symbol 'runtest_int', assumed default net type 'wire' [/home/e/Documents/research/byotee/OSDZU3_Ref_Design/OSDZU3_Ref_Design.gen/sources_1/bd/design_1/ipshared/537f/hdl/verilog/xsdbm_v3_0_4_bs_core.vh:237]
INFO: [Synth 8-11241] undeclared symbol 'tms_int', assumed default net type 'wire' [/home/e/Documents/research/byotee/OSDZU3_Ref_Design/OSDZU3_Ref_Design.gen/sources_1/bd/design_1/ipshared/537f/hdl/verilog/xsdbm_v3_0_4_bs_core.vh:279]
INFO: [Synth 8-11241] undeclared symbol 'runtest_int', assumed default net type 'wire' [/home/e/Documents/research/byotee/OSDZU3_Ref_Design/OSDZU3_Ref_Design.gen/sources_1/bd/design_1/ipshared/537f/hdl/verilog/xsdbm_v3_0_4_bs_core.vh:281]
INFO: [Synth 8-11241] undeclared symbol 'tms_int', assumed default net type 'wire' [/home/e/Documents/research/byotee/OSDZU3_Ref_Design/OSDZU3_Ref_Design.gen/sources_1/bd/design_1/ipshared/537f/hdl/verilog/xsdbm_v3_0_4_bs_core.vh:324]
INFO: [Synth 8-11241] undeclared symbol 'runtest_int', assumed default net type 'wire' [/home/e/Documents/research/byotee/OSDZU3_Ref_Design/OSDZU3_Ref_Design.gen/sources_1/bd/design_1/ipshared/537f/hdl/verilog/xsdbm_v3_0_4_bs_core.vh:326]
INFO: [Synth 8-11241] undeclared symbol 'tms_int', assumed default net type 'wire' [/home/e/Documents/research/byotee/OSDZU3_Ref_Design/OSDZU3_Ref_Design.gen/sources_1/bd/design_1/ipshared/537f/hdl/verilog/xsdbm_v3_0_4_bs_core.vh:370]
INFO: [Synth 8-11241] undeclared symbol 'runtest_int', assumed default net type 'wire' [/home/e/Documents/research/byotee/OSDZU3_Ref_Design/OSDZU3_Ref_Design.gen/sources_1/bd/design_1/ipshared/537f/hdl/verilog/xsdbm_v3_0_4_bs_core.vh:372]
INFO: [Synth 8-11241] undeclared symbol 'tms_int', assumed default net type 'wire' [/home/e/Documents/research/byotee/OSDZU3_Ref_Design/OSDZU3_Ref_Design.gen/sources_1/bd/design_1/ipshared/537f/hdl/verilog/xsdbm_v3_0_4_bs_core.vh:417]
INFO: [Synth 8-11241] undeclared symbol 'runtest_int', assumed default net type 'wire' [/home/e/Documents/research/byotee/OSDZU3_Ref_Design/OSDZU3_Ref_Design.gen/sources_1/bd/design_1/ipshared/537f/hdl/verilog/xsdbm_v3_0_4_bs_core.vh:419]
INFO: [Synth 8-11241] undeclared symbol 'tms_int', assumed default net type 'wire' [/home/e/Documents/research/byotee/OSDZU3_Ref_Design/OSDZU3_Ref_Design.gen/sources_1/bd/design_1/ipshared/537f/hdl/verilog/xsdbm_v3_0_4_bs_core.vh:465]
INFO: [Synth 8-11241] undeclared symbol 'runtest_int', assumed default net type 'wire' [/home/e/Documents/research/byotee/OSDZU3_Ref_Design/OSDZU3_Ref_Design.gen/sources_1/bd/design_1/ipshared/537f/hdl/verilog/xsdbm_v3_0_4_bs_core.vh:467]
INFO: [Synth 8-11241] undeclared symbol 'tms_int', assumed default net type 'wire' [/home/e/Documents/research/byotee/OSDZU3_Ref_Design/OSDZU3_Ref_Design.gen/sources_1/bd/design_1/ipshared/537f/hdl/verilog/xsdbm_v3_0_4_bs_core.vh:514]
INFO: [Synth 8-11241] undeclared symbol 'runtest_int', assumed default net type 'wire' [/home/e/Documents/research/byotee/OSDZU3_Ref_Design/OSDZU3_Ref_Design.gen/sources_1/bd/design_1/ipshared/537f/hdl/verilog/xsdbm_v3_0_4_bs_core.vh:516]
INFO: [Synth 8-11241] undeclared symbol 'tms_int', assumed default net type 'wire' [/home/e/Documents/research/byotee/OSDZU3_Ref_Design/OSDZU3_Ref_Design.gen/sources_1/bd/design_1/ipshared/537f/hdl/verilog/xsdbm_v3_0_4_bs_core.vh:564]
INFO: [Synth 8-11241] undeclared symbol 'runtest_int', assumed default net type 'wire' [/home/e/Documents/research/byotee/OSDZU3_Ref_Design/OSDZU3_Ref_Design.gen/sources_1/bd/design_1/ipshared/537f/hdl/verilog/xsdbm_v3_0_4_bs_core.vh:566]
INFO: [Synth 8-11241] undeclared symbol 'tms_int', assumed default net type 'wire' [/home/e/Documents/research/byotee/OSDZU3_Ref_Design/OSDZU3_Ref_Design.gen/sources_1/bd/design_1/ipshared/537f/hdl/verilog/xsdbm_v3_0_4_bs_core.vh:615]
INFO: [Synth 8-11241] undeclared symbol 'runtest_int', assumed default net type 'wire' [/home/e/Documents/research/byotee/OSDZU3_Ref_Design/OSDZU3_Ref_Design.gen/sources_1/bd/design_1/ipshared/537f/hdl/verilog/xsdbm_v3_0_4_bs_core.vh:617]
INFO: [Synth 8-11241] undeclared symbol 'tms_int', assumed default net type 'wire' [/home/e/Documents/research/byotee/OSDZU3_Ref_Design/OSDZU3_Ref_Design.gen/sources_1/bd/design_1/ipshared/537f/hdl/verilog/xsdbm_v3_0_4_bs_core_vec.vh:30]
INFO: [Synth 8-11241] undeclared symbol 'runtest_int', assumed default net type 'wire' [/home/e/Documents/research/byotee/OSDZU3_Ref_Design/OSDZU3_Ref_Design.gen/sources_1/bd/design_1/ipshared/537f/hdl/verilog/xsdbm_v3_0_4_bs_core_vec.vh:32]
INFO: [Synth 8-11241] undeclared symbol 'tms_int', assumed default net type 'wire' [/home/e/Documents/research/byotee/OSDZU3_Ref_Design/OSDZU3_Ref_Design.gen/sources_1/bd/design_1/ipshared/537f/hdl/verilog/xsdbm_v3_0_4_bs_core_vec.vh:65]
INFO: [Synth 8-11241] undeclared symbol 'runtest_int', assumed default net type 'wire' [/home/e/Documents/research/byotee/OSDZU3_Ref_Design/OSDZU3_Ref_Design.gen/sources_1/bd/design_1/ipshared/537f/hdl/verilog/xsdbm_v3_0_4_bs_core_vec.vh:67]
INFO: [Synth 8-11241] undeclared symbol 'tms_int', assumed default net type 'wire' [/home/e/Documents/research/byotee/OSDZU3_Ref_Design/OSDZU3_Ref_Design.gen/sources_1/bd/design_1/ipshared/537f/hdl/verilog/xsdbm_v3_0_4_bs_core_vec.vh:100]
INFO: [Synth 8-11241] undeclared symbol 'runtest_int', assumed default net type 'wire' [/home/e/Documents/research/byotee/OSDZU3_Ref_Design/OSDZU3_Ref_Design.gen/sources_1/bd/design_1/ipshared/537f/hdl/verilog/xsdbm_v3_0_4_bs_core_vec.vh:102]
INFO: [Synth 8-11241] undeclared symbol 'tms_int', assumed default net type 'wire' [/home/e/Documents/research/byotee/OSDZU3_Ref_Design/OSDZU3_Ref_Design.gen/sources_1/bd/design_1/ipshared/537f/hdl/verilog/xsdbm_v3_0_4_bs_core_vec.vh:135]
INFO: [Synth 8-11241] undeclared symbol 'runtest_int', assumed default net type 'wire' [/home/e/Documents/research/byotee/OSDZU3_Ref_Design/OSDZU3_Ref_Design.gen/sources_1/bd/design_1/ipshared/537f/hdl/verilog/xsdbm_v3_0_4_bs_core_vec.vh:137]
INFO: [Synth 8-11241] undeclared symbol 'tms_int', assumed default net type 'wire' [/home/e/Documents/research/byotee/OSDZU3_Ref_Design/OSDZU3_Ref_Design.gen/sources_1/bd/design_1/ipshared/537f/hdl/verilog/xsdbm_v3_0_4_bs_core_vec.vh:170]
INFO: [Synth 8-11241] undeclared symbol 'runtest_int', assumed default net type 'wire' [/home/e/Documents/research/byotee/OSDZU3_Ref_Design/OSDZU3_Ref_Design.gen/sources_1/bd/design_1/ipshared/537f/hdl/verilog/xsdbm_v3_0_4_bs_core_vec.vh:172]
INFO: [Synth 8-11241] undeclared symbol 'tms_int', assumed default net type 'wire' [/home/e/Documents/research/byotee/OSDZU3_Ref_Design/OSDZU3_Ref_Design.gen/sources_1/bd/design_1/ipshared/537f/hdl/verilog/xsdbm_v3_0_4_bs_core_vec.vh:205]
INFO: [Synth 8-11241] undeclared symbol 'runtest_int', assumed default net type 'wire' [/home/e/Documents/research/byotee/OSDZU3_Ref_Design/OSDZU3_Ref_Design.gen/sources_1/bd/design_1/ipshared/537f/hdl/verilog/xsdbm_v3_0_4_bs_core_vec.vh:207]
INFO: [Synth 8-11241] undeclared symbol 'tms_int', assumed default net type 'wire' [/home/e/Documents/research/byotee/OSDZU3_Ref_Design/OSDZU3_Ref_Design.gen/sources_1/bd/design_1/ipshared/537f/hdl/verilog/xsdbm_v3_0_4_bs_core_vec.vh:240]
INFO: [Synth 8-11241] undeclared symbol 'runtest_int', assumed default net type 'wire' [/home/e/Documents/research/byotee/OSDZU3_Ref_Design/OSDZU3_Ref_Design.gen/sources_1/bd/design_1/ipshared/537f/hdl/verilog/xsdbm_v3_0_4_bs_core_vec.vh:242]
INFO: [Synth 8-11241] undeclared symbol 'tms_int', assumed default net type 'wire' [/home/e/Documents/research/byotee/OSDZU3_Ref_Design/OSDZU3_Ref_Design.gen/sources_1/bd/design_1/ipshared/537f/hdl/verilog/xsdbm_v3_0_4_bs_core_vec.vh:275]
INFO: [Synth 8-11241] undeclared symbol 'runtest_int', assumed default net type 'wire' [/home/e/Documents/research/byotee/OSDZU3_Ref_Design/OSDZU3_Ref_Design.gen/sources_1/bd/design_1/ipshared/537f/hdl/verilog/xsdbm_v3_0_4_bs_core_vec.vh:277]
INFO: [Synth 8-11241] undeclared symbol 'tms_int', assumed default net type 'wire' [/home/e/Documents/research/byotee/OSDZU3_Ref_Design/OSDZU3_Ref_Design.gen/sources_1/bd/design_1/ipshared/537f/hdl/verilog/xsdbm_v3_0_4_bs_core_vec.vh:310]
INFO: [Synth 8-11241] undeclared symbol 'runtest_int', assumed default net type 'wire' [/home/e/Documents/research/byotee/OSDZU3_Ref_Design/OSDZU3_Ref_Design.gen/sources_1/bd/design_1/ipshared/537f/hdl/verilog/xsdbm_v3_0_4_bs_core_vec.vh:312]
INFO: [Synth 8-11241] undeclared symbol 'tms_int', assumed default net type 'wire' [/home/e/Documents/research/byotee/OSDZU3_Ref_Design/OSDZU3_Ref_Design.gen/sources_1/bd/design_1/ipshared/537f/hdl/verilog/xsdbm_v3_0_4_bs_core_vec.vh:345]
INFO: [Synth 8-11241] undeclared symbol 'runtest_int', assumed default net type 'wire' [/home/e/Documents/research/byotee/OSDZU3_Ref_Design/OSDZU3_Ref_Design.gen/sources_1/bd/design_1/ipshared/537f/hdl/verilog/xsdbm_v3_0_4_bs_core_vec.vh:347]
INFO: [Synth 8-11241] undeclared symbol 'tms_int', assumed default net type 'wire' [/home/e/Documents/research/byotee/OSDZU3_Ref_Design/OSDZU3_Ref_Design.gen/sources_1/bd/design_1/ipshared/537f/hdl/verilog/xsdbm_v3_0_4_bs_core_vec.vh:380]
INFO: [Synth 8-11241] undeclared symbol 'runtest_int', assumed default net type 'wire' [/home/e/Documents/research/byotee/OSDZU3_Ref_Design/OSDZU3_Ref_Design.gen/sources_1/bd/design_1/ipshared/537f/hdl/verilog/xsdbm_v3_0_4_bs_core_vec.vh:382]
INFO: [Synth 8-11241] undeclared symbol 'tms_int', assumed default net type 'wire' [/home/e/Documents/research/byotee/OSDZU3_Ref_Design/OSDZU3_Ref_Design.gen/sources_1/bd/design_1/ipshared/537f/hdl/verilog/xsdbm_v3_0_4_bs_core_vec.vh:415]
INFO: [Synth 8-11241] undeclared symbol 'runtest_int', assumed default net type 'wire' [/home/e/Documents/research/byotee/OSDZU3_Ref_Design/OSDZU3_Ref_Design.gen/sources_1/bd/design_1/ipshared/537f/hdl/verilog/xsdbm_v3_0_4_bs_core_vec.vh:417]
INFO: [Synth 8-11241] undeclared symbol 'tms_int', assumed default net type 'wire' [/home/e/Documents/research/byotee/OSDZU3_Ref_Design/OSDZU3_Ref_Design.gen/sources_1/bd/design_1/ipshared/537f/hdl/verilog/xsdbm_v3_0_4_bs_core_vec.vh:450]
INFO: [Synth 8-11241] undeclared symbol 'runtest_int', assumed default net type 'wire' [/home/e/Documents/research/byotee/OSDZU3_Ref_Design/OSDZU3_Ref_Design.gen/sources_1/bd/design_1/ipshared/537f/hdl/verilog/xsdbm_v3_0_4_bs_core_vec.vh:452]
INFO: [Synth 8-11241] undeclared symbol 'tms_int', assumed default net type 'wire' [/home/e/Documents/research/byotee/OSDZU3_Ref_Design/OSDZU3_Ref_Design.gen/sources_1/bd/design_1/ipshared/537f/hdl/verilog/xsdbm_v3_0_4_bs_core_vec.vh:485]
INFO: [Synth 8-11241] undeclared symbol 'runtest_int', assumed default net type 'wire' [/home/e/Documents/research/byotee/OSDZU3_Ref_Design/OSDZU3_Ref_Design.gen/sources_1/bd/design_1/ipshared/537f/hdl/verilog/xsdbm_v3_0_4_bs_core_vec.vh:487]
INFO: [Synth 8-11241] undeclared symbol 'tms_int', assumed default net type 'wire' [/home/e/Documents/research/byotee/OSDZU3_Ref_Design/OSDZU3_Ref_Design.gen/sources_1/bd/design_1/ipshared/537f/hdl/verilog/xsdbm_v3_0_4_bs_core_vec.vh:30]
INFO: [Synth 8-11241] undeclared symbol 'runtest_int', assumed default net type 'wire' [/home/e/Documents/research/byotee/OSDZU3_Ref_Design/OSDZU3_Ref_Design.gen/sources_1/bd/design_1/ipshared/537f/hdl/verilog/xsdbm_v3_0_4_bs_core_vec.vh:32]
INFO: [Synth 8-11241] undeclared symbol 'tms_int', assumed default net type 'wire' [/home/e/Documents/research/byotee/OSDZU3_Ref_Design/OSDZU3_Ref_Design.gen/sources_1/bd/design_1/ipshared/537f/hdl/verilog/xsdbm_v3_0_4_bs_core_vec.vh:65]
INFO: [Synth 8-11241] undeclared symbol 'runtest_int', assumed default net type 'wire' [/home/e/Documents/research/byotee/OSDZU3_Ref_Design/OSDZU3_Ref_Design.gen/sources_1/bd/design_1/ipshared/537f/hdl/verilog/xsdbm_v3_0_4_bs_core_vec.vh:67]
INFO: [Synth 8-11241] undeclared symbol 'tms_int', assumed default net type 'wire' [/home/e/Documents/research/byotee/OSDZU3_Ref_Design/OSDZU3_Ref_Design.gen/sources_1/bd/design_1/ipshared/537f/hdl/verilog/xsdbm_v3_0_4_bs_core_vec.vh:100]
INFO: [Synth 8-11241] undeclared symbol 'runtest_int', assumed default net type 'wire' [/home/e/Documents/research/byotee/OSDZU3_Ref_Design/OSDZU3_Ref_Design.gen/sources_1/bd/design_1/ipshared/537f/hdl/verilog/xsdbm_v3_0_4_bs_core_vec.vh:102]
INFO: [Synth 8-11241] undeclared symbol 'tms_int', assumed default net type 'wire' [/home/e/Documents/research/byotee/OSDZU3_Ref_Design/OSDZU3_Ref_Design.gen/sources_1/bd/design_1/ipshared/537f/hdl/verilog/xsdbm_v3_0_4_bs_core_vec.vh:135]
INFO: [Synth 8-11241] undeclared symbol 'runtest_int', assumed default net type 'wire' [/home/e/Documents/research/byotee/OSDZU3_Ref_Design/OSDZU3_Ref_Design.gen/sources_1/bd/design_1/ipshared/537f/hdl/verilog/xsdbm_v3_0_4_bs_core_vec.vh:137]
INFO: [Synth 8-11241] undeclared symbol 'tms_int', assumed default net type 'wire' [/home/e/Documents/research/byotee/OSDZU3_Ref_Design/OSDZU3_Ref_Design.gen/sources_1/bd/design_1/ipshared/537f/hdl/verilog/xsdbm_v3_0_4_bs_core_vec.vh:170]
INFO: [Synth 8-11241] undeclared symbol 'runtest_int', assumed default net type 'wire' [/home/e/Documents/research/byotee/OSDZU3_Ref_Design/OSDZU3_Ref_Design.gen/sources_1/bd/design_1/ipshared/537f/hdl/verilog/xsdbm_v3_0_4_bs_core_vec.vh:172]
INFO: [Synth 8-11241] undeclared symbol 'tms_int', assumed default net type 'wire' [/home/e/Documents/research/byotee/OSDZU3_Ref_Design/OSDZU3_Ref_Design.gen/sources_1/bd/design_1/ipshared/537f/hdl/verilog/xsdbm_v3_0_4_bs_core_vec.vh:205]
INFO: [Synth 8-11241] undeclared symbol 'runtest_int', assumed default net type 'wire' [/home/e/Documents/research/byotee/OSDZU3_Ref_Design/OSDZU3_Ref_Design.gen/sources_1/bd/design_1/ipshared/537f/hdl/verilog/xsdbm_v3_0_4_bs_core_vec.vh:207]
INFO: [Synth 8-11241] undeclared symbol 'tms_int', assumed default net type 'wire' [/home/e/Documents/research/byotee/OSDZU3_Ref_Design/OSDZU3_Ref_Design.gen/sources_1/bd/design_1/ipshared/537f/hdl/verilog/xsdbm_v3_0_4_bs_core_vec.vh:240]
INFO: [Synth 8-11241] undeclared symbol 'runtest_int', assumed default net type 'wire' [/home/e/Documents/research/byotee/OSDZU3_Ref_Design/OSDZU3_Ref_Design.gen/sources_1/bd/design_1/ipshared/537f/hdl/verilog/xsdbm_v3_0_4_bs_core_vec.vh:242]
INFO: [Synth 8-11241] undeclared symbol 'tms_int', assumed default net type 'wire' [/home/e/Documents/research/byotee/OSDZU3_Ref_Design/OSDZU3_Ref_Design.gen/sources_1/bd/design_1/ipshared/537f/hdl/verilog/xsdbm_v3_0_4_bs_core_vec.vh:275]
INFO: [Synth 8-11241] undeclared symbol 'runtest_int', assumed default net type 'wire' [/home/e/Documents/research/byotee/OSDZU3_Ref_Design/OSDZU3_Ref_Design.gen/sources_1/bd/design_1/ipshared/537f/hdl/verilog/xsdbm_v3_0_4_bs_core_vec.vh:277]
INFO: [Common 17-14] Message 'Synth 8-11241' appears 100 times and further instances of the messages will be disabled. Use the Tcl command set_msg_config to change the current settings.
INFO: [Synth 8-6157] synthesizing module 'design_1_system_ila_0_0' [/home/e/Documents/research/byotee/OSDZU3_Ref_Design/OSDZU3_Ref_Design.gen/sources_1/bd/design_1/ip/design_1_system_ila_0_0/synth/design_1_system_ila_0_0.v:53]
WARNING: [Synth 8-4446] all outputs are unconnected for this instance and logic may be removed [/home/e/Documents/research/byotee/OSDZU3_Ref_Design/OSDZU3_Ref_Design.gen/sources_1/bd/design_1/ip/design_1_system_ila_0_0/synth/design_1_system_ila_0_0.v:327]
INFO: [Synth 8-6157] synthesizing module 'bd_f60c' [/home/e/Documents/research/byotee/OSDZU3_Ref_Design/OSDZU3_Ref_Design.gen/sources_1/bd/design_1/ip/design_1_system_ila_0_0/bd_0/synth/bd_f60c.v:10]
INFO: [Synth 8-6157] synthesizing module 'bd_f60c_g_inst_0' [/home/e/Documents/research/byotee/OSDZU3_Ref_Design/OSDZU3_Ref_Design.gen/sources_1/bd/design_1/ip/design_1_system_ila_0_0/bd_0/ip/ip_1/synth/bd_f60c_g_inst_0.v:53]
INFO: [Synth 8-6157] synthesizing module 'bd_f60c_g_inst_0_gigantic_mux' [/home/e/Documents/research/byotee/OSDZU3_Ref_Design/OSDZU3_Ref_Design.gen/sources_1/bd/design_1/ip/design_1_system_ila_0_0/bd_0/ip/ip_1/bd_f60c_g_inst_0_gigantic_mux.v:63]
INFO: [Synth 8-6155] done synthesizing module 'bd_f60c_g_inst_0_gigantic_mux' (0#1) [/home/e/Documents/research/byotee/OSDZU3_Ref_Design/OSDZU3_Ref_Design.gen/sources_1/bd/design_1/ip/design_1_system_ila_0_0/bd_0/ip/ip_1/bd_f60c_g_inst_0_gigantic_mux.v:63]
INFO: [Synth 8-6155] done synthesizing module 'bd_f60c_g_inst_0' (0#1) [/home/e/Documents/research/byotee/OSDZU3_Ref_Design/OSDZU3_Ref_Design.gen/sources_1/bd/design_1/ip/design_1_system_ila_0_0/bd_0/ip/ip_1/synth/bd_f60c_g_inst_0.v:53]
WARNING: [Synth 8-4446] all outputs are unconnected for this instance and logic may be removed [/home/e/Documents/research/byotee/OSDZU3_Ref_Design/OSDZU3_Ref_Design.gen/sources_1/bd/design_1/ip/design_1_system_ila_0_0/bd_0/synth/bd_f60c.v:188]
INFO: [Synth 8-6157] synthesizing module 'bd_f60c_ila_lib_0' [/home/e/Documents/research/byotee/OSDZU3_Ref_Design/OSDZU3_Ref_Design.gen/sources_1/bd/design_1/ip/design_1_system_ila_0_0/bd_0/ip/ip_0/synth/bd_f60c_ila_lib_0.v:48]
INFO: [Synth 8-6157] synthesizing module 'CFGLUT5' [/tools/Xilinx/2025.1/Vivado/scripts/rt/data/unisim_comp.v:3131]
INFO: [Synth 8-6155] done synthesizing module 'CFGLUT5' (0#1) [/tools/Xilinx/2025.1/Vivado/scripts/rt/data/unisim_comp.v:3131]
INFO: [Synth 8-6157] synthesizing module 'CARRY4' [/tools/Xilinx/2025.1/Vivado/scripts/rt/data/unisim_comp.v:3094]
INFO: [Synth 8-6155] done synthesizing module 'CARRY4' (0#1) [/tools/Xilinx/2025.1/Vivado/scripts/rt/data/unisim_comp.v:3094]
INFO: [Synth 8-6157] synthesizing module 'SRLC32E' [/tools/Xilinx/2025.1/Vivado/scripts/rt/data/unisim_comp.v:158762]
INFO: [Synth 8-6155] done synthesizing module 'SRLC32E' (0#1) [/tools/Xilinx/2025.1/Vivado/scripts/rt/data/unisim_comp.v:158762]
INFO: [Synth 8-6157] synthesizing module 'SRL16E' [/tools/Xilinx/2025.1/Vivado/scripts/rt/data/unisim_comp.v:158612]
INFO: [Synth 8-6155] done synthesizing module 'SRL16E' (0#1) [/tools/Xilinx/2025.1/Vivado/scripts/rt/data/unisim_comp.v:158612]
INFO: [Synth 8-6157] synthesizing module 'SRLC16E' [/tools/Xilinx/2025.1/Vivado/scripts/rt/data/unisim_comp.v:158701]
INFO: [Synth 8-6155] done synthesizing module 'SRLC16E' (0#1) [/tools/Xilinx/2025.1/Vivado/scripts/rt/data/unisim_comp.v:158701]
INFO: [Synth 8-6157] synthesizing module 'FDRE' [/tools/Xilinx/2025.1/Vivado/scripts/rt/data/unisim_comp.v:44231]
INFO: [Synth 8-6155] done synthesizing module 'FDRE' (0#1) [/tools/Xilinx/2025.1/Vivado/scripts/rt/data/unisim_comp.v:44231]
WARNING: [Synth 8-7071] port 'clk_nobuf' of module 'ila_v6_2_18_ila' is unconnected for instance 'inst' [/home/e/Documents/research/byotee/OSDZU3_Ref_Design/OSDZU3_Ref_Design.gen/sources_1/bd/design_1/ip/design_1_system_ila_0_0/bd_0/ip/ip_0/synth/bd_f60c_ila_lib_0.v:3263]
WARNING: [Synth 8-7071] port 'clkdiv_out' of module 'ila_v6_2_18_ila' is unconnected for instance 'inst' [/home/e/Documents/research/byotee/OSDZU3_Ref_Design/OSDZU3_Ref_Design.gen/sources_1/bd/design_1/ip/design_1_system_ila_0_0/bd_0/ip/ip_0/synth/bd_f60c_ila_lib_0.v:3263]
WARNING: [Synth 8-7071] port 'trig_in' of module 'ila_v6_2_18_ila' is unconnected for instance 'inst' [/home/e/Documents/research/byotee/OSDZU3_Ref_Design/OSDZU3_Ref_Design.gen/sources_1/bd/design_1/ip/design_1_system_ila_0_0/bd_0/ip/ip_0/synth/bd_f60c_ila_lib_0.v:3263]
WARNING: [Synth 8-7071] port 'trig_in_ack' of module 'ila_v6_2_18_ila' is unconnected for instance 'inst' [/home/e/Documents/research/byotee/OSDZU3_Ref_Design/OSDZU3_Ref_Design.gen/sources_1/bd/design_1/ip/design_1_system_ila_0_0/bd_0/ip/ip_0/synth/bd_f60c_ila_lib_0.v:3263]
WARNING: [Synth 8-7071] port 'trig_out' of module 'ila_v6_2_18_ila' is unconnected for instance 'inst' [/home/e/Documents/research/byotee/OSDZU3_Ref_Design/OSDZU3_Ref_Design.gen/sources_1/bd/design_1/ip/design_1_system_ila_0_0/bd_0/ip/ip_0/synth/bd_f60c_ila_lib_0.v:3263]
WARNING: [Synth 8-7071] port 'trig_out_ack' of module 'ila_v6_2_18_ila' is unconnected for instance 'inst' [/home/e/Documents/research/byotee/OSDZU3_Ref_Design/OSDZU3_Ref_Design.gen/sources_1/bd/design_1/ip/design_1_system_ila_0_0/bd_0/ip/ip_0/synth/bd_f60c_ila_lib_0.v:3263]
WARNING: [Synth 8-7023] instance 'inst' of module 'ila_v6_2_18_ila' has 1033 connections declared, but only 1027 given [/home/e/Documents/research/byotee/OSDZU3_Ref_Design/OSDZU3_Ref_Design.gen/sources_1/bd/design_1/ip/design_1_system_ila_0_0/bd_0/ip/ip_0/synth/bd_f60c_ila_lib_0.v:3263]
INFO: [Synth 8-6155] done synthesizing module 'bd_f60c_ila_lib_0' (0#1) [/home/e/Documents/research/byotee/OSDZU3_Ref_Design/OSDZU3_Ref_Design.gen/sources_1/bd/design_1/ip/design_1_system_ila_0_0/bd_0/ip/ip_0/synth/bd_f60c_ila_lib_0.v:48]
INFO: [Synth 8-6155] done synthesizing module 'bd_f60c' (0#1) [/home/e/Documents/research/byotee/OSDZU3_Ref_Design/OSDZU3_Ref_Design.gen/sources_1/bd/design_1/ip/design_1_system_ila_0_0/bd_0/synth/bd_f60c.v:10]
INFO: [Synth 8-6155] done synthesizing module 'design_1_system_ila_0_0' (0#1) [/home/e/Documents/research/byotee/OSDZU3_Ref_Design/OSDZU3_Ref_Design.gen/sources_1/bd/design_1/ip/design_1_system_ila_0_0/synth/design_1_system_ila_0_0.v:53]
WARNING: [Synth 8-3848] Net probe_out0 in module/entity bd_f60c_g_inst_0_gigantic_mux does not have driver. [/home/e/Documents/research/byotee/OSDZU3_Ref_Design/OSDZU3_Ref_Design.gen/sources_1/bd/design_1/ip/design_1_system_ila_0_0/bd_0/ip/ip_1/bd_f60c_g_inst_0_gigantic_mux.v:1985]
WARNING: [Synth 8-3848] Net probe_out1 in module/entity bd_f60c_g_inst_0_gigantic_mux does not have driver. [/home/e/Documents/research/byotee/OSDZU3_Ref_Design/OSDZU3_Ref_Design.gen/sources_1/bd/design_1/ip/design_1_system_ila_0_0/bd_0/ip/ip_1/bd_f60c_g_inst_0_gigantic_mux.v:1986]
WARNING: [Synth 8-3848] Net probe_out2 in module/entity bd_f60c_g_inst_0_gigantic_mux does not have driver. [/home/e/Documents/research/byotee/OSDZU3_Ref_Design/OSDZU3_Ref_Design.gen/sources_1/bd/design_1/ip/design_1_system_ila_0_0/bd_0/ip/ip_1/bd_f60c_g_inst_0_gigantic_mux.v:1987]
WARNING: [Synth 8-3848] Net probe_out3 in module/entity bd_f60c_g_inst_0_gigantic_mux does not have driver. [/home/e/Documents/research/byotee/OSDZU3_Ref_Design/OSDZU3_Ref_Design.gen/sources_1/bd/design_1/ip/design_1_system_ila_0_0/bd_0/ip/ip_1/bd_f60c_g_inst_0_gigantic_mux.v:1988]
WARNING: [Synth 8-3848] Net probe_out4 in module/entity bd_f60c_g_inst_0_gigantic_mux does not have driver. [/home/e/Documents/research/byotee/OSDZU3_Ref_Design/OSDZU3_Ref_Design.gen/sources_1/bd/design_1/ip/design_1_system_ila_0_0/bd_0/ip/ip_1/bd_f60c_g_inst_0_gigantic_mux.v:1989]
WARNING: [Synth 8-3848] Net probe_out5 in module/entity bd_f60c_g_inst_0_gigantic_mux does not have driver. [/home/e/Documents/research/byotee/OSDZU3_Ref_Design/OSDZU3_Ref_Design.gen/sources_1/bd/design_1/ip/design_1_system_ila_0_0/bd_0/ip/ip_1/bd_f60c_g_inst_0_gigantic_mux.v:1990]
WARNING: [Synth 8-3848] Net probe_out6 in module/entity bd_f60c_g_inst_0_gigantic_mux does not have driver. [/home/e/Documents/research/byotee/OSDZU3_Ref_Design/OSDZU3_Ref_Design.gen/sources_1/bd/design_1/ip/design_1_system_ila_0_0/bd_0/ip/ip_1/bd_f60c_g_inst_0_gigantic_mux.v:1991]
WARNING: [Synth 8-3848] Net probe_out7 in module/entity bd_f60c_g_inst_0_gigantic_mux does not have driver. [/home/e/Documents/research/byotee/OSDZU3_Ref_Design/OSDZU3_Ref_Design.gen/sources_1/bd/design_1/ip/design_1_system_ila_0_0/bd_0/ip/ip_1/bd_f60c_g_inst_0_gigantic_mux.v:1992]
WARNING: [Synth 8-3848] Net probe_out8 in module/entity bd_f60c_g_inst_0_gigantic_mux does not have driver. [/home/e/Documents/research/byotee/OSDZU3_Ref_Design/OSDZU3_Ref_Design.gen/sources_1/bd/design_1/ip/design_1_system_ila_0_0/bd_0/ip/ip_1/bd_f60c_g_inst_0_gigantic_mux.v:1993]
WARNING: [Synth 8-3848] Net probe_out9 in module/entity bd_f60c_g_inst_0_gigantic_mux does not have driver. [/home/e/Documents/research/byotee/OSDZU3_Ref_Design/OSDZU3_Ref_Design.gen/sources_1/bd/design_1/ip/design_1_system_ila_0_0/bd_0/ip/ip_1/bd_f60c_g_inst_0_gigantic_mux.v:1994]
WARNING: [Synth 8-3848] Net probe_out10 in module/entity bd_f60c_g_inst_0_gigantic_mux does not have driver. [/home/e/Documents/research/byotee/OSDZU3_Ref_Design/OSDZU3_Ref_Design.gen/sources_1/bd/design_1/ip/design_1_system_ila_0_0/bd_0/ip/ip_1/bd_f60c_g_inst_0_gigantic_mux.v:1995]
WARNING: [Synth 8-3848] Net probe_out11 in module/entity bd_f60c_g_inst_0_gigantic_mux does not have driver. [/home/e/Documents/research/byotee/OSDZU3_Ref_Design/OSDZU3_Ref_Design.gen/sources_1/bd/design_1/ip/design_1_system_ila_0_0/bd_0/ip/ip_1/bd_f60c_g_inst_0_gigantic_mux.v:1996]
WARNING: [Synth 8-3848] Net probe_out12 in module/entity bd_f60c_g_inst_0_gigantic_mux does not have driver. [/home/e/Documents/research/byotee/OSDZU3_Ref_Design/OSDZU3_Ref_Design.gen/sources_1/bd/design_1/ip/design_1_system_ila_0_0/bd_0/ip/ip_1/bd_f60c_g_inst_0_gigantic_mux.v:1997]
WARNING: [Synth 8-3848] Net probe_out13 in module/entity bd_f60c_g_inst_0_gigantic_mux does not have driver. [/home/e/Documents/research/byotee/OSDZU3_Ref_Design/OSDZU3_Ref_Design.gen/sources_1/bd/design_1/ip/design_1_system_ila_0_0/bd_0/ip/ip_1/bd_f60c_g_inst_0_gigantic_mux.v:1998]
WARNING: [Synth 8-3848] Net probe_out14 in module/entity bd_f60c_g_inst_0_gigantic_mux does not have driver. [/home/e/Documents/research/byotee/OSDZU3_Ref_Design/OSDZU3_Ref_Design.gen/sources_1/bd/design_1/ip/design_1_system_ila_0_0/bd_0/ip/ip_1/bd_f60c_g_inst_0_gigantic_mux.v:1999]
WARNING: [Synth 8-3848] Net probe_out15 in module/entity bd_f60c_g_inst_0_gigantic_mux does not have driver. [/home/e/Documents/research/byotee/OSDZU3_Ref_Design/OSDZU3_Ref_Design.gen/sources_1/bd/design_1/ip/design_1_system_ila_0_0/bd_0/ip/ip_1/bd_f60c_g_inst_0_gigantic_mux.v:2000]
WARNING: [Synth 8-3848] Net probe_out16 in module/entity bd_f60c_g_inst_0_gigantic_mux does not have driver. [/home/e/Documents/research/byotee/OSDZU3_Ref_Design/OSDZU3_Ref_Design.gen/sources_1/bd/design_1/ip/design_1_system_ila_0_0/bd_0/ip/ip_1/bd_f60c_g_inst_0_gigantic_mux.v:2001]
WARNING: [Synth 8-3848] Net probe_out17 in module/entity bd_f60c_g_inst_0_gigantic_mux does not have driver. [/home/e/Documents/research/byotee/OSDZU3_Ref_Design/OSDZU3_Ref_Design.gen/sources_1/bd/design_1/ip/design_1_system_ila_0_0/bd_0/ip/ip_1/bd_f60c_g_inst_0_gigantic_mux.v:2002]
WARNING: [Synth 8-3848] Net probe_out18 in module/entity bd_f60c_g_inst_0_gigantic_mux does not have driver. [/home/e/Documents/research/byotee/OSDZU3_Ref_Design/OSDZU3_Ref_Design.gen/sources_1/bd/design_1/ip/design_1_system_ila_0_0/bd_0/ip/ip_1/bd_f60c_g_inst_0_gigantic_mux.v:2003]
WARNING: [Synth 8-3848] Net probe_out19 in module/entity bd_f60c_g_inst_0_gigantic_mux does not have driver. [/home/e/Documents/research/byotee/OSDZU3_Ref_Design/OSDZU3_Ref_Design.gen/sources_1/bd/design_1/ip/design_1_system_ila_0_0/bd_0/ip/ip_1/bd_f60c_g_inst_0_gigantic_mux.v:2004]
WARNING: [Synth 8-3848] Net probe_out20 in module/entity bd_f60c_g_inst_0_gigantic_mux does not have driver. [/home/e/Documents/research/byotee/OSDZU3_Ref_Design/OSDZU3_Ref_Design.gen/sources_1/bd/design_1/ip/design_1_system_ila_0_0/bd_0/ip/ip_1/bd_f60c_g_inst_0_gigantic_mux.v:2005]
WARNING: [Synth 8-3848] Net probe_out21 in module/entity bd_f60c_g_inst_0_gigantic_mux does not have driver. [/home/e/Documents/research/byotee/OSDZU3_Ref_Design/OSDZU3_Ref_Design.gen/sources_1/bd/design_1/ip/design_1_system_ila_0_0/bd_0/ip/ip_1/bd_f60c_g_inst_0_gigantic_mux.v:2006]
WARNING: [Synth 8-3848] Net probe_out22 in module/entity bd_f60c_g_inst_0_gigantic_mux does not have driver. [/home/e/Documents/research/byotee/OSDZU3_Ref_Design/OSDZU3_Ref_Design.gen/sources_1/bd/design_1/ip/design_1_system_ila_0_0/bd_0/ip/ip_1/bd_f60c_g_inst_0_gigantic_mux.v:2007]
WARNING: [Synth 8-3848] Net probe_out23 in module/entity bd_f60c_g_inst_0_gigantic_mux does not have driver. [/home/e/Documents/research/byotee/OSDZU3_Ref_Design/OSDZU3_Ref_Design.gen/sources_1/bd/design_1/ip/design_1_system_ila_0_0/bd_0/ip/ip_1/bd_f60c_g_inst_0_gigantic_mux.v:2008]
WARNING: [Synth 8-3848] Net probe_out24 in module/entity bd_f60c_g_inst_0_gigantic_mux does not have driver. [/home/e/Documents/research/byotee/OSDZU3_Ref_Design/OSDZU3_Ref_Design.gen/sources_1/bd/design_1/ip/design_1_system_ila_0_0/bd_0/ip/ip_1/bd_f60c_g_inst_0_gigantic_mux.v:2009]
WARNING: [Synth 8-3848] Net probe_out25 in module/entity bd_f60c_g_inst_0_gigantic_mux does not have driver. [/home/e/Documents/research/byotee/OSDZU3_Ref_Design/OSDZU3_Ref_Design.gen/sources_1/bd/design_1/ip/design_1_system_ila_0_0/bd_0/ip/ip_1/bd_f60c_g_inst_0_gigantic_mux.v:2010]
WARNING: [Synth 8-3848] Net probe_out26 in module/entity bd_f60c_g_inst_0_gigantic_mux does not have driver. [/home/e/Documents/research/byotee/OSDZU3_Ref_Design/OSDZU3_Ref_Design.gen/sources_1/bd/design_1/ip/design_1_system_ila_0_0/bd_0/ip/ip_1/bd_f60c_g_inst_0_gigantic_mux.v:2011]
WARNING: [Synth 8-3848] Net probe_out27 in module/entity bd_f60c_g_inst_0_gigantic_mux does not have driver. [/home/e/Documents/research/byotee/OSDZU3_Ref_Design/OSDZU3_Ref_Design.gen/sources_1/bd/design_1/ip/design_1_system_ila_0_0/bd_0/ip/ip_1/bd_f60c_g_inst_0_gigantic_mux.v:2012]
WARNING: [Synth 8-3848] Net probe_out28 in module/entity bd_f60c_g_inst_0_gigantic_mux does not have driver. [/home/e/Documents/research/byotee/OSDZU3_Ref_Design/OSDZU3_Ref_Design.gen/sources_1/bd/design_1/ip/design_1_system_ila_0_0/bd_0/ip/ip_1/bd_f60c_g_inst_0_gigantic_mux.v:2013]
WARNING: [Synth 8-3848] Net probe_out29 in module/entity bd_f60c_g_inst_0_gigantic_mux does not have driver. [/home/e/Documents/research/byotee/OSDZU3_Ref_Design/OSDZU3_Ref_Design.gen/sources_1/bd/design_1/ip/design_1_system_ila_0_0/bd_0/ip/ip_1/bd_f60c_g_inst_0_gigantic_mux.v:2014]
WARNING: [Synth 8-3848] Net probe_out30 in module/entity bd_f60c_g_inst_0_gigantic_mux does not have driver. [/home/e/Documents/research/byotee/OSDZU3_Ref_Design/OSDZU3_Ref_Design.gen/sources_1/bd/design_1/ip/design_1_system_ila_0_0/bd_0/ip/ip_1/bd_f60c_g_inst_0_gigantic_mux.v:2015]
WARNING: [Synth 8-3848] Net probe_out31 in module/entity bd_f60c_g_inst_0_gigantic_mux does not have driver. [/home/e/Documents/research/byotee/OSDZU3_Ref_Design/OSDZU3_Ref_Design.gen/sources_1/bd/design_1/ip/design_1_system_ila_0_0/bd_0/ip/ip_1/bd_f60c_g_inst_0_gigantic_mux.v:2016]
WARNING: [Synth 8-3848] Net probe_out32 in module/entity bd_f60c_g_inst_0_gigantic_mux does not have driver. [/home/e/Documents/research/byotee/OSDZU3_Ref_Design/OSDZU3_Ref_Design.gen/sources_1/bd/design_1/ip/design_1_system_ila_0_0/bd_0/ip/ip_1/bd_f60c_g_inst_0_gigantic_mux.v:2017]
WARNING: [Synth 8-3848] Net probe_out33 in module/entity bd_f60c_g_inst_0_gigantic_mux does not have driver. [/home/e/Documents/research/byotee/OSDZU3_Ref_Design/OSDZU3_Ref_Design.gen/sources_1/bd/design_1/ip/design_1_system_ila_0_0/bd_0/ip/ip_1/bd_f60c_g_inst_0_gigantic_mux.v:2018]
WARNING: [Synth 8-3848] Net probe_out34 in module/entity bd_f60c_g_inst_0_gigantic_mux does not have driver. [/home/e/Documents/research/byotee/OSDZU3_Ref_Design/OSDZU3_Ref_Design.gen/sources_1/bd/design_1/ip/design_1_system_ila_0_0/bd_0/ip/ip_1/bd_f60c_g_inst_0_gigantic_mux.v:2019]
WARNING: [Synth 8-3848] Net probe_out35 in module/entity bd_f60c_g_inst_0_gigantic_mux does not have driver. [/home/e/Documents/research/byotee/OSDZU3_Ref_Design/OSDZU3_Ref_Design.gen/sources_1/bd/design_1/ip/design_1_system_ila_0_0/bd_0/ip/ip_1/bd_f60c_g_inst_0_gigantic_mux.v:2020]
WARNING: [Synth 8-3848] Net probe_out36 in module/entity bd_f60c_g_inst_0_gigantic_mux does not have driver. [/home/e/Documents/research/byotee/OSDZU3_Ref_Design/OSDZU3_Ref_Design.gen/sources_1/bd/design_1/ip/design_1_system_ila_0_0/bd_0/ip/ip_1/bd_f60c_g_inst_0_gigantic_mux.v:2021]
WARNING: [Synth 8-3848] Net probe_out37 in module/entity bd_f60c_g_inst_0_gigantic_mux does not have driver. [/home/e/Documents/research/byotee/OSDZU3_Ref_Design/OSDZU3_Ref_Design.gen/sources_1/bd/design_1/ip/design_1_system_ila_0_0/bd_0/ip/ip_1/bd_f60c_g_inst_0_gigantic_mux.v:2022]
WARNING: [Synth 8-3848] Net probe_out38 in module/entity bd_f60c_g_inst_0_gigantic_mux does not have driver. [/home/e/Documents/research/byotee/OSDZU3_Ref_Design/OSDZU3_Ref_Design.gen/sources_1/bd/design_1/ip/design_1_system_ila_0_0/bd_0/ip/ip_1/bd_f60c_g_inst_0_gigantic_mux.v:2023]
WARNING: [Synth 8-3848] Net probe_out39 in module/entity bd_f60c_g_inst_0_gigantic_mux does not have driver. [/home/e/Documents/research/byotee/OSDZU3_Ref_Design/OSDZU3_Ref_Design.gen/sources_1/bd/design_1/ip/design_1_system_ila_0_0/bd_0/ip/ip_1/bd_f60c_g_inst_0_gigantic_mux.v:2024]
WARNING: [Synth 8-3848] Net probe_out40 in module/entity bd_f60c_g_inst_0_gigantic_mux does not have driver. [/home/e/Documents/research/byotee/OSDZU3_Ref_Design/OSDZU3_Ref_Design.gen/sources_1/bd/design_1/ip/design_1_system_ila_0_0/bd_0/ip/ip_1/bd_f60c_g_inst_0_gigantic_mux.v:2025]
WARNING: [Synth 8-3848] Net probe_out41 in module/entity bd_f60c_g_inst_0_gigantic_mux does not have driver. [/home/e/Documents/research/byotee/OSDZU3_Ref_Design/OSDZU3_Ref_Design.gen/sources_1/bd/design_1/ip/design_1_system_ila_0_0/bd_0/ip/ip_1/bd_f60c_g_inst_0_gigantic_mux.v:2026]
WARNING: [Synth 8-3848] Net probe_out42 in module/entity bd_f60c_g_inst_0_gigantic_mux does not have driver. [/home/e/Documents/research/byotee/OSDZU3_Ref_Design/OSDZU3_Ref_Design.gen/sources_1/bd/design_1/ip/design_1_system_ila_0_0/bd_0/ip/ip_1/bd_f60c_g_inst_0_gigantic_mux.v:2027]
WARNING: [Synth 8-3848] Net probe_out43 in module/entity bd_f60c_g_inst_0_gigantic_mux does not have driver. [/home/e/Documents/research/byotee/OSDZU3_Ref_Design/OSDZU3_Ref_Design.gen/sources_1/bd/design_1/ip/design_1_system_ila_0_0/bd_0/ip/ip_1/bd_f60c_g_inst_0_gigantic_mux.v:2028]
WARNING: [Synth 8-3848] Net probe_out44 in module/entity bd_f60c_g_inst_0_gigantic_mux does not have driver. [/home/e/Documents/research/byotee/OSDZU3_Ref_Design/OSDZU3_Ref_Design.gen/sources_1/bd/design_1/ip/design_1_system_ila_0_0/bd_0/ip/ip_1/bd_f60c_g_inst_0_gigantic_mux.v:2029]
WARNING: [Synth 8-3848] Net probe_out45 in module/entity bd_f60c_g_inst_0_gigantic_mux does not have driver. [/home/e/Documents/research/byotee/OSDZU3_Ref_Design/OSDZU3_Ref_Design.gen/sources_1/bd/design_1/ip/design_1_system_ila_0_0/bd_0/ip/ip_1/bd_f60c_g_inst_0_gigantic_mux.v:2030]
WARNING: [Synth 8-3848] Net probe_out46 in module/entity bd_f60c_g_inst_0_gigantic_mux does not have driver. [/home/e/Documents/research/byotee/OSDZU3_Ref_Design/OSDZU3_Ref_Design.gen/sources_1/bd/design_1/ip/design_1_system_ila_0_0/bd_0/ip/ip_1/bd_f60c_g_inst_0_gigantic_mux.v:2031]
WARNING: [Synth 8-3848] Net probe_out47 in module/entity bd_f60c_g_inst_0_gigantic_mux does not have driver. [/home/e/Documents/research/byotee/OSDZU3_Ref_Design/OSDZU3_Ref_Design.gen/sources_1/bd/design_1/ip/design_1_system_ila_0_0/bd_0/ip/ip_1/bd_f60c_g_inst_0_gigantic_mux.v:2032]
WARNING: [Synth 8-3848] Net probe_out48 in module/entity bd_f60c_g_inst_0_gigantic_mux does not have driver. [/home/e/Documents/research/byotee/OSDZU3_Ref_Design/OSDZU3_Ref_Design.gen/sources_1/bd/design_1/ip/design_1_system_ila_0_0/bd_0/ip/ip_1/bd_f60c_g_inst_0_gigantic_mux.v:2033]
WARNING: [Synth 8-3848] Net probe_out49 in module/entity bd_f60c_g_inst_0_gigantic_mux does not have driver. [/home/e/Documents/research/byotee/OSDZU3_Ref_Design/OSDZU3_Ref_Design.gen/sources_1/bd/design_1/ip/design_1_system_ila_0_0/bd_0/ip/ip_1/bd_f60c_g_inst_0_gigantic_mux.v:2034]
WARNING: [Synth 8-3848] Net probe_out50 in module/entity bd_f60c_g_inst_0_gigantic_mux does not have driver. [/home/e/Documents/research/byotee/OSDZU3_Ref_Design/OSDZU3_Ref_Design.gen/sources_1/bd/design_1/ip/design_1_system_ila_0_0/bd_0/ip/ip_1/bd_f60c_g_inst_0_gigantic_mux.v:2035]
WARNING: [Synth 8-3848] Net probe_out51 in module/entity bd_f60c_g_inst_0_gigantic_mux does not have driver. [/home/e/Documents/research/byotee/OSDZU3_Ref_Design/OSDZU3_Ref_Design.gen/sources_1/bd/design_1/ip/design_1_system_ila_0_0/bd_0/ip/ip_1/bd_f60c_g_inst_0_gigantic_mux.v:2036]
WARNING: [Synth 8-3848] Net probe_out52 in module/entity bd_f60c_g_inst_0_gigantic_mux does not have driver. [/home/e/Documents/research/byotee/OSDZU3_Ref_Design/OSDZU3_Ref_Design.gen/sources_1/bd/design_1/ip/design_1_system_ila_0_0/bd_0/ip/ip_1/bd_f60c_g_inst_0_gigantic_mux.v:2037]
WARNING: [Synth 8-3848] Net probe_out53 in module/entity bd_f60c_g_inst_0_gigantic_mux does not have driver. [/home/e/Documents/research/byotee/OSDZU3_Ref_Design/OSDZU3_Ref_Design.gen/sources_1/bd/design_1/ip/design_1_system_ila_0_0/bd_0/ip/ip_1/bd_f60c_g_inst_0_gigantic_mux.v:2038]
WARNING: [Synth 8-3848] Net probe_out54 in module/entity bd_f60c_g_inst_0_gigantic_mux does not have driver. [/home/e/Documents/research/byotee/OSDZU3_Ref_Design/OSDZU3_Ref_Design.gen/sources_1/bd/design_1/ip/design_1_system_ila_0_0/bd_0/ip/ip_1/bd_f60c_g_inst_0_gigantic_mux.v:2039]
WARNING: [Synth 8-3848] Net probe_out55 in module/entity bd_f60c_g_inst_0_gigantic_mux does not have driver. [/home/e/Documents/research/byotee/OSDZU3_Ref_Design/OSDZU3_Ref_Design.gen/sources_1/bd/design_1/ip/design_1_system_ila_0_0/bd_0/ip/ip_1/bd_f60c_g_inst_0_gigantic_mux.v:2040]
WARNING: [Synth 8-3848] Net probe_out56 in module/entity bd_f60c_g_inst_0_gigantic_mux does not have driver. [/home/e/Documents/research/byotee/OSDZU3_Ref_Design/OSDZU3_Ref_Design.gen/sources_1/bd/design_1/ip/design_1_system_ila_0_0/bd_0/ip/ip_1/bd_f60c_g_inst_0_gigantic_mux.v:2041]
WARNING: [Synth 8-3848] Net probe_out57 in module/entity bd_f60c_g_inst_0_gigantic_mux does not have driver. [/home/e/Documents/research/byotee/OSDZU3_Ref_Design/OSDZU3_Ref_Design.gen/sources_1/bd/design_1/ip/design_1_system_ila_0_0/bd_0/ip/ip_1/bd_f60c_g_inst_0_gigantic_mux.v:2042]
WARNING: [Synth 8-3848] Net probe_out58 in module/entity bd_f60c_g_inst_0_gigantic_mux does not have driver. [/home/e/Documents/research/byotee/OSDZU3_Ref_Design/OSDZU3_Ref_Design.gen/sources_1/bd/design_1/ip/design_1_system_ila_0_0/bd_0/ip/ip_1/bd_f60c_g_inst_0_gigantic_mux.v:2043]
WARNING: [Synth 8-3848] Net probe_out59 in module/entity bd_f60c_g_inst_0_gigantic_mux does not have driver. [/home/e/Documents/research/byotee/OSDZU3_Ref_Design/OSDZU3_Ref_Design.gen/sources_1/bd/design_1/ip/design_1_system_ila_0_0/bd_0/ip/ip_1/bd_f60c_g_inst_0_gigantic_mux.v:2044]
WARNING: [Synth 8-3848] Net probe_out60 in module/entity bd_f60c_g_inst_0_gigantic_mux does not have driver. [/home/e/Documents/research/byotee/OSDZU3_Ref_Design/OSDZU3_Ref_Design.gen/sources_1/bd/design_1/ip/design_1_system_ila_0_0/bd_0/ip/ip_1/bd_f60c_g_inst_0_gigantic_mux.v:2045]
WARNING: [Synth 8-3848] Net probe_out61 in module/entity bd_f60c_g_inst_0_gigantic_mux does not have driver. [/home/e/Documents/research/byotee/OSDZU3_Ref_Design/OSDZU3_Ref_Design.gen/sources_1/bd/design_1/ip/design_1_system_ila_0_0/bd_0/ip/ip_1/bd_f60c_g_inst_0_gigantic_mux.v:2046]
WARNING: [Synth 8-3848] Net probe_out62 in module/entity bd_f60c_g_inst_0_gigantic_mux does not have driver. [/home/e/Documents/research/byotee/OSDZU3_Ref_Design/OSDZU3_Ref_Design.gen/sources_1/bd/design_1/ip/design_1_system_ila_0_0/bd_0/ip/ip_1/bd_f60c_g_inst_0_gigantic_mux.v:2047]
WARNING: [Synth 8-3848] Net probe_out63 in module/entity bd_f60c_g_inst_0_gigantic_mux does not have driver. [/home/e/Documents/research/byotee/OSDZU3_Ref_Design/OSDZU3_Ref_Design.gen/sources_1/bd/design_1/ip/design_1_system_ila_0_0/bd_0/ip/ip_1/bd_f60c_g_inst_0_gigantic_mux.v:2048]
WARNING: [Synth 8-3848] Net probe_out64 in module/entity bd_f60c_g_inst_0_gigantic_mux does not have driver. [/home/e/Documents/research/byotee/OSDZU3_Ref_Design/OSDZU3_Ref_Design.gen/sources_1/bd/design_1/ip/design_1_system_ila_0_0/bd_0/ip/ip_1/bd_f60c_g_inst_0_gigantic_mux.v:2049]
WARNING: [Synth 8-3848] Net probe_out65 in module/entity bd_f60c_g_inst_0_gigantic_mux does not have driver. [/home/e/Documents/research/byotee/OSDZU3_Ref_Design/OSDZU3_Ref_Design.gen/sources_1/bd/design_1/ip/design_1_system_ila_0_0/bd_0/ip/ip_1/bd_f60c_g_inst_0_gigantic_mux.v:2050]
WARNING: [Synth 8-3848] Net probe_out66 in module/entity bd_f60c_g_inst_0_gigantic_mux does not have driver. [/home/e/Documents/research/byotee/OSDZU3_Ref_Design/OSDZU3_Ref_Design.gen/sources_1/bd/design_1/ip/design_1_system_ila_0_0/bd_0/ip/ip_1/bd_f60c_g_inst_0_gigantic_mux.v:2051]
WARNING: [Synth 8-3848] Net probe_out67 in module/entity bd_f60c_g_inst_0_gigantic_mux does not have driver. [/home/e/Documents/research/byotee/OSDZU3_Ref_Design/OSDZU3_Ref_Design.gen/sources_1/bd/design_1/ip/design_1_system_ila_0_0/bd_0/ip/ip_1/bd_f60c_g_inst_0_gigantic_mux.v:2052]
WARNING: [Synth 8-3848] Net probe_out68 in module/entity bd_f60c_g_inst_0_gigantic_mux does not have driver. [/home/e/Documents/research/byotee/OSDZU3_Ref_Design/OSDZU3_Ref_Design.gen/sources_1/bd/design_1/ip/design_1_system_ila_0_0/bd_0/ip/ip_1/bd_f60c_g_inst_0_gigantic_mux.v:2053]
WARNING: [Synth 8-3848] Net probe_out69 in module/entity bd_f60c_g_inst_0_gigantic_mux does not have driver. [/home/e/Documents/research/byotee/OSDZU3_Ref_Design/OSDZU3_Ref_Design.gen/sources_1/bd/design_1/ip/design_1_system_ila_0_0/bd_0/ip/ip_1/bd_f60c_g_inst_0_gigantic_mux.v:2054]
WARNING: [Synth 8-3848] Net probe_out70 in module/entity bd_f60c_g_inst_0_gigantic_mux does not have driver. [/home/e/Documents/research/byotee/OSDZU3_Ref_Design/OSDZU3_Ref_Design.gen/sources_1/bd/design_1/ip/design_1_system_ila_0_0/bd_0/ip/ip_1/bd_f60c_g_inst_0_gigantic_mux.v:2055]
WARNING: [Synth 8-3848] Net probe_out71 in module/entity bd_f60c_g_inst_0_gigantic_mux does not have driver. [/home/e/Documents/research/byotee/OSDZU3_Ref_Design/OSDZU3_Ref_Design.gen/sources_1/bd/design_1/ip/design_1_system_ila_0_0/bd_0/ip/ip_1/bd_f60c_g_inst_0_gigantic_mux.v:2056]
WARNING: [Synth 8-3848] Net probe_out72 in module/entity bd_f60c_g_inst_0_gigantic_mux does not have driver. [/home/e/Documents/research/byotee/OSDZU3_Ref_Design/OSDZU3_Ref_Design.gen/sources_1/bd/design_1/ip/design_1_system_ila_0_0/bd_0/ip/ip_1/bd_f60c_g_inst_0_gigantic_mux.v:2057]
WARNING: [Synth 8-3848] Net probe_out73 in module/entity bd_f60c_g_inst_0_gigantic_mux does not have driver. [/home/e/Documents/research/byotee/OSDZU3_Ref_Design/OSDZU3_Ref_Design.gen/sources_1/bd/design_1/ip/design_1_system_ila_0_0/bd_0/ip/ip_1/bd_f60c_g_inst_0_gigantic_mux.v:2058]
WARNING: [Synth 8-3848] Net probe_out74 in module/entity bd_f60c_g_inst_0_gigantic_mux does not have driver. [/home/e/Documents/research/byotee/OSDZU3_Ref_Design/OSDZU3_Ref_Design.gen/sources_1/bd/design_1/ip/design_1_system_ila_0_0/bd_0/ip/ip_1/bd_f60c_g_inst_0_gigantic_mux.v:2059]
WARNING: [Synth 8-3848] Net probe_out75 in module/entity bd_f60c_g_inst_0_gigantic_mux does not have driver. [/home/e/Documents/research/byotee/OSDZU3_Ref_Design/OSDZU3_Ref_Design.gen/sources_1/bd/design_1/ip/design_1_system_ila_0_0/bd_0/ip/ip_1/bd_f60c_g_inst_0_gigantic_mux.v:2060]
WARNING: [Synth 8-3848] Net probe_out76 in module/entity bd_f60c_g_inst_0_gigantic_mux does not have driver. [/home/e/Documents/research/byotee/OSDZU3_Ref_Design/OSDZU3_Ref_Design.gen/sources_1/bd/design_1/ip/design_1_system_ila_0_0/bd_0/ip/ip_1/bd_f60c_g_inst_0_gigantic_mux.v:2061]
WARNING: [Synth 8-3848] Net probe_out77 in module/entity bd_f60c_g_inst_0_gigantic_mux does not have driver. [/home/e/Documents/research/byotee/OSDZU3_Ref_Design/OSDZU3_Ref_Design.gen/sources_1/bd/design_1/ip/design_1_system_ila_0_0/bd_0/ip/ip_1/bd_f60c_g_inst_0_gigantic_mux.v:2062]
WARNING: [Synth 8-3848] Net probe_out78 in module/entity bd_f60c_g_inst_0_gigantic_mux does not have driver. [/home/e/Documents/research/byotee/OSDZU3_Ref_Design/OSDZU3_Ref_Design.gen/sources_1/bd/design_1/ip/design_1_system_ila_0_0/bd_0/ip/ip_1/bd_f60c_g_inst_0_gigantic_mux.v:2063]
WARNING: [Synth 8-3848] Net probe_out79 in module/entity bd_f60c_g_inst_0_gigantic_mux does not have driver. [/home/e/Documents/research/byotee/OSDZU3_Ref_Design/OSDZU3_Ref_Design.gen/sources_1/bd/design_1/ip/design_1_system_ila_0_0/bd_0/ip/ip_1/bd_f60c_g_inst_0_gigantic_mux.v:2064]
WARNING: [Synth 8-3848] Net probe_out80 in module/entity bd_f60c_g_inst_0_gigantic_mux does not have driver. [/home/e/Documents/research/byotee/OSDZU3_Ref_Design/OSDZU3_Ref_Design.gen/sources_1/bd/design_1/ip/design_1_system_ila_0_0/bd_0/ip/ip_1/bd_f60c_g_inst_0_gigantic_mux.v:2065]
WARNING: [Synth 8-3848] Net probe_out81 in module/entity bd_f60c_g_inst_0_gigantic_mux does not have driver. [/home/e/Documents/research/byotee/OSDZU3_Ref_Design/OSDZU3_Ref_Design.gen/sources_1/bd/design_1/ip/design_1_system_ila_0_0/bd_0/ip/ip_1/bd_f60c_g_inst_0_gigantic_mux.v:2066]
WARNING: [Synth 8-3848] Net probe_out82 in module/entity bd_f60c_g_inst_0_gigantic_mux does not have driver. [/home/e/Documents/research/byotee/OSDZU3_Ref_Design/OSDZU3_Ref_Design.gen/sources_1/bd/design_1/ip/design_1_system_ila_0_0/bd_0/ip/ip_1/bd_f60c_g_inst_0_gigantic_mux.v:2067]
WARNING: [Synth 8-3848] Net probe_out83 in module/entity bd_f60c_g_inst_0_gigantic_mux does not have driver. [/home/e/Documents/research/byotee/OSDZU3_Ref_Design/OSDZU3_Ref_Design.gen/sources_1/bd/design_1/ip/design_1_system_ila_0_0/bd_0/ip/ip_1/bd_f60c_g_inst_0_gigantic_mux.v:2068]
WARNING: [Synth 8-3848] Net probe_out84 in module/entity bd_f60c_g_inst_0_gigantic_mux does not have driver. [/home/e/Documents/research/byotee/OSDZU3_Ref_Design/OSDZU3_Ref_Design.gen/sources_1/bd/design_1/ip/design_1_system_ila_0_0/bd_0/ip/ip_1/bd_f60c_g_inst_0_gigantic_mux.v:2069]
WARNING: [Synth 8-3848] Net probe_out85 in module/entity bd_f60c_g_inst_0_gigantic_mux does not have driver. [/home/e/Documents/research/byotee/OSDZU3_Ref_Design/OSDZU3_Ref_Design.gen/sources_1/bd/design_1/ip/design_1_system_ila_0_0/bd_0/ip/ip_1/bd_f60c_g_inst_0_gigantic_mux.v:2070]
WARNING: [Synth 8-3848] Net probe_out86 in module/entity bd_f60c_g_inst_0_gigantic_mux does not have driver. [/home/e/Documents/research/byotee/OSDZU3_Ref_Design/OSDZU3_Ref_Design.gen/sources_1/bd/design_1/ip/design_1_system_ila_0_0/bd_0/ip/ip_1/bd_f60c_g_inst_0_gigantic_mux.v:2071]
WARNING: [Synth 8-3848] Net probe_out87 in module/entity bd_f60c_g_inst_0_gigantic_mux does not have driver. [/home/e/Documents/research/byotee/OSDZU3_Ref_Design/OSDZU3_Ref_Design.gen/sources_1/bd/design_1/ip/design_1_system_ila_0_0/bd_0/ip/ip_1/bd_f60c_g_inst_0_gigantic_mux.v:2072]
WARNING: [Synth 8-3848] Net probe_out88 in module/entity bd_f60c_g_inst_0_gigantic_mux does not have driver. [/home/e/Documents/research/byotee/OSDZU3_Ref_Design/OSDZU3_Ref_Design.gen/sources_1/bd/design_1/ip/design_1_system_ila_0_0/bd_0/ip/ip_1/bd_f60c_g_inst_0_gigantic_mux.v:2073]
WARNING: [Synth 8-3848] Net probe_out89 in module/entity bd_f60c_g_inst_0_gigantic_mux does not have driver. [/home/e/Documents/research/byotee/OSDZU3_Ref_Design/OSDZU3_Ref_Design.gen/sources_1/bd/design_1/ip/design_1_system_ila_0_0/bd_0/ip/ip_1/bd_f60c_g_inst_0_gigantic_mux.v:2074]
WARNING: [Synth 8-3848] Net probe_out90 in module/entity bd_f60c_g_inst_0_gigantic_mux does not have driver. [/home/e/Documents/research/byotee/OSDZU3_Ref_Design/OSDZU3_Ref_Design.gen/sources_1/bd/design_1/ip/design_1_system_ila_0_0/bd_0/ip/ip_1/bd_f60c_g_inst_0_gigantic_mux.v:2075]
WARNING: [Synth 8-3848] Net probe_out91 in module/entity bd_f60c_g_inst_0_gigantic_mux does not have driver. [/home/e/Documents/research/byotee/OSDZU3_Ref_Design/OSDZU3_Ref_Design.gen/sources_1/bd/design_1/ip/design_1_system_ila_0_0/bd_0/ip/ip_1/bd_f60c_g_inst_0_gigantic_mux.v:2076]
WARNING: [Synth 8-3848] Net probe_out92 in module/entity bd_f60c_g_inst_0_gigantic_mux does not have driver. [/home/e/Documents/research/byotee/OSDZU3_Ref_Design/OSDZU3_Ref_Design.gen/sources_1/bd/design_1/ip/design_1_system_ila_0_0/bd_0/ip/ip_1/bd_f60c_g_inst_0_gigantic_mux.v:2077]
WARNING: [Synth 8-3848] Net probe_out93 in module/entity bd_f60c_g_inst_0_gigantic_mux does not have driver. [/home/e/Documents/research/byotee/OSDZU3_Ref_Design/OSDZU3_Ref_Design.gen/sources_1/bd/design_1/ip/design_1_system_ila_0_0/bd_0/ip/ip_1/bd_f60c_g_inst_0_gigantic_mux.v:2078]
WARNING: [Synth 8-3848] Net probe_out94 in module/entity bd_f60c_g_inst_0_gigantic_mux does not have driver. [/home/e/Documents/research/byotee/OSDZU3_Ref_Design/OSDZU3_Ref_Design.gen/sources_1/bd/design_1/ip/design_1_system_ila_0_0/bd_0/ip/ip_1/bd_f60c_g_inst_0_gigantic_mux.v:2079]
WARNING: [Synth 8-3848] Net probe_out95 in module/entity bd_f60c_g_inst_0_gigantic_mux does not have driver. [/home/e/Documents/research/byotee/OSDZU3_Ref_Design/OSDZU3_Ref_Design.gen/sources_1/bd/design_1/ip/design_1_system_ila_0_0/bd_0/ip/ip_1/bd_f60c_g_inst_0_gigantic_mux.v:2080]
WARNING: [Synth 8-3848] Net probe_out96 in module/entity bd_f60c_g_inst_0_gigantic_mux does not have driver. [/home/e/Documents/research/byotee/OSDZU3_Ref_Design/OSDZU3_Ref_Design.gen/sources_1/bd/design_1/ip/design_1_system_ila_0_0/bd_0/ip/ip_1/bd_f60c_g_inst_0_gigantic_mux.v:2081]
WARNING: [Synth 8-3848] Net probe_out97 in module/entity bd_f60c_g_inst_0_gigantic_mux does not have driver. [/home/e/Documents/research/byotee/OSDZU3_Ref_Design/OSDZU3_Ref_Design.gen/sources_1/bd/design_1/ip/design_1_system_ila_0_0/bd_0/ip/ip_1/bd_f60c_g_inst_0_gigantic_mux.v:2082]
WARNING: [Synth 8-3848] Net probe_out98 in module/entity bd_f60c_g_inst_0_gigantic_mux does not have driver. [/home/e/Documents/research/byotee/OSDZU3_Ref_Design/OSDZU3_Ref_Design.gen/sources_1/bd/design_1/ip/design_1_system_ila_0_0/bd_0/ip/ip_1/bd_f60c_g_inst_0_gigantic_mux.v:2083]
WARNING: [Synth 8-3848] Net probe_out99 in module/entity bd_f60c_g_inst_0_gigantic_mux does not have driver. [/home/e/Documents/research/byotee/OSDZU3_Ref_Design/OSDZU3_Ref_Design.gen/sources_1/bd/design_1/ip/design_1_system_ila_0_0/bd_0/ip/ip_1/bd_f60c_g_inst_0_gigantic_mux.v:2084]
INFO: [Common 17-14] Message 'Synth 8-3848' appears 100 times and further instances of the messages will be disabled. Use the Tcl command set_msg_config to change the current settings.
INFO: [Synth 8-6071] Mark debug on the nets applies keep_hierarchy on instance 'g_inst'. This will prevent further optimization [/home/e/Documents/research/byotee/OSDZU3_Ref_Design/OSDZU3_Ref_Design.gen/sources_1/bd/design_1/ip/design_1_system_ila_0_0/bd_0/synth/bd_f60c.v:131]
INFO: [Synth 8-6071] Mark debug on the nets applies keep_hierarchy on instance 'ila_lib'. This will prevent further optimization [/home/e/Documents/research/byotee/OSDZU3_Ref_Design/OSDZU3_Ref_Design.gen/sources_1/bd/design_1/ip/design_1_system_ila_0_0/bd_0/synth/bd_f60c.v:188]
WARNING: [Synth 8-7129] Port CLKB in module blk_mem_gen_v8_4_11_blk_mem_output_block is either unconnected or has no load
WARNING: [Synth 8-7129] Port DOUTA_I[119] in module blk_mem_gen_v8_4_11_blk_mem_output_block is either unconnected or has no load
WARNING: [Synth 8-7129] Port DOUTA_I[118] in module blk_mem_gen_v8_4_11_blk_mem_output_block is either unconnected or has no load
WARNING: [Synth 8-7129] Port DOUTA_I[117] in module blk_mem_gen_v8_4_11_blk_mem_output_block is either unconnected or has no load
WARNING: [Synth 8-7129] Port DOUTA_I[116] in module blk_mem_gen_v8_4_11_blk_mem_output_block is either unconnected or has no load
WARNING: [Synth 8-7129] Port DOUTA_I[115] in module blk_mem_gen_v8_4_11_blk_mem_output_block is either unconnected or has no load
WARNING: [Synth 8-7129] Port DOUTA_I[114] in module blk_mem_gen_v8_4_11_blk_mem_output_block is either unconnected or has no load
WARNING: [Synth 8-7129] Port DOUTA_I[113] in module blk_mem_gen_v8_4_11_blk_mem_output_block is either unconnected or has no load
WARNING: [Synth 8-7129] Port DOUTA_I[112] in module blk_mem_gen_v8_4_11_blk_mem_output_block is either unconnected or has no load
WARNING: [Synth 8-7129] Port DOUTA_I[111] in module blk_mem_gen_v8_4_11_blk_mem_output_block is either unconnected or has no load
WARNING: [Synth 8-7129] Port DOUTA_I[110] in module blk_mem_gen_v8_4_11_blk_mem_output_block is either unconnected or has no load
WARNING: [Synth 8-7129] Port DOUTA_I[109] in module blk_mem_gen_v8_4_11_blk_mem_output_block is either unconnected or has no load
WARNING: [Synth 8-7129] Port DOUTA_I[108] in module blk_mem_gen_v8_4_11_blk_mem_output_block is either unconnected or has no load
WARNING: [Synth 8-7129] Port DOUTA_I[107] in module blk_mem_gen_v8_4_11_blk_mem_output_block is either unconnected or has no load
WARNING: [Synth 8-7129] Port DOUTA_I[106] in module blk_mem_gen_v8_4_11_blk_mem_output_block is either unconnected or has no load
WARNING: [Synth 8-7129] Port DOUTA_I[105] in module blk_mem_gen_v8_4_11_blk_mem_output_block is either unconnected or has no load
WARNING: [Synth 8-7129] Port DOUTA_I[104] in module blk_mem_gen_v8_4_11_blk_mem_output_block is either unconnected or has no load
WARNING: [Synth 8-7129] Port DOUTA_I[103] in module blk_mem_gen_v8_4_11_blk_mem_output_block is either unconnected or has no load
WARNING: [Synth 8-7129] Port DOUTA_I[102] in module blk_mem_gen_v8_4_11_blk_mem_output_block is either unconnected or has no load
WARNING: [Synth 8-7129] Port DOUTA_I[101] in module blk_mem_gen_v8_4_11_blk_mem_output_block is either unconnected or has no load
WARNING: [Synth 8-7129] Port DOUTA_I[100] in module blk_mem_gen_v8_4_11_blk_mem_output_block is either unconnected or has no load
WARNING: [Synth 8-7129] Port DOUTA_I[99] in module blk_mem_gen_v8_4_11_blk_mem_output_block is either unconnected or has no load
WARNING: [Synth 8-7129] Port DOUTA_I[98] in module blk_mem_gen_v8_4_11_blk_mem_output_block is either unconnected or has no load
WARNING: [Synth 8-7129] Port DOUTA_I[97] in module blk_mem_gen_v8_4_11_blk_mem_output_block is either unconnected or has no load
WARNING: [Synth 8-7129] Port DOUTA_I[96] in module blk_mem_gen_v8_4_11_blk_mem_output_block is either unconnected or has no load
WARNING: [Synth 8-7129] Port DOUTA_I[95] in module blk_mem_gen_v8_4_11_blk_mem_output_block is either unconnected or has no load
WARNING: [Synth 8-7129] Port DOUTA_I[94] in module blk_mem_gen_v8_4_11_blk_mem_output_block is either unconnected or has no load
WARNING: [Synth 8-7129] Port DOUTA_I[93] in module blk_mem_gen_v8_4_11_blk_mem_output_block is either unconnected or has no load
WARNING: [Synth 8-7129] Port DOUTA_I[92] in module blk_mem_gen_v8_4_11_blk_mem_output_block is either unconnected or has no load
WARNING: [Synth 8-7129] Port DOUTA_I[91] in module blk_mem_gen_v8_4_11_blk_mem_output_block is either unconnected or has no load
WARNING: [Synth 8-7129] Port DOUTA_I[90] in module blk_mem_gen_v8_4_11_blk_mem_output_block is either unconnected or has no load
WARNING: [Synth 8-7129] Port DOUTA_I[89] in module blk_mem_gen_v8_4_11_blk_mem_output_block is either unconnected or has no load
WARNING: [Synth 8-7129] Port DOUTA_I[88] in module blk_mem_gen_v8_4_11_blk_mem_output_block is either unconnected or has no load
WARNING: [Synth 8-7129] Port DOUTA_I[87] in module blk_mem_gen_v8_4_11_blk_mem_output_block is either unconnected or has no load
WARNING: [Synth 8-7129] Port DOUTA_I[86] in module blk_mem_gen_v8_4_11_blk_mem_output_block is either unconnected or has no load
WARNING: [Synth 8-7129] Port DOUTA_I[85] in module blk_mem_gen_v8_4_11_blk_mem_output_block is either unconnected or has no load
WARNING: [Synth 8-7129] Port DOUTA_I[84] in module blk_mem_gen_v8_4_11_blk_mem_output_block is either unconnected or has no load
WARNING: [Synth 8-7129] Port DOUTA_I[83] in module blk_mem_gen_v8_4_11_blk_mem_output_block is either unconnected or has no load
WARNING: [Synth 8-7129] Port DOUTA_I[82] in module blk_mem_gen_v8_4_11_blk_mem_output_block is either unconnected or has no load
WARNING: [Synth 8-7129] Port DOUTA_I[81] in module blk_mem_gen_v8_4_11_blk_mem_output_block is either unconnected or has no load
WARNING: [Synth 8-7129] Port DOUTA_I[80] in module blk_mem_gen_v8_4_11_blk_mem_output_block is either unconnected or has no load
WARNING: [Synth 8-7129] Port DOUTA_I[79] in module blk_mem_gen_v8_4_11_blk_mem_output_block is either unconnected or has no load
WARNING: [Synth 8-7129] Port DOUTA_I[78] in module blk_mem_gen_v8_4_11_blk_mem_output_block is either unconnected or has no load
WARNING: [Synth 8-7129] Port DOUTA_I[77] in module blk_mem_gen_v8_4_11_blk_mem_output_block is either unconnected or has no load
WARNING: [Synth 8-7129] Port DOUTA_I[76] in module blk_mem_gen_v8_4_11_blk_mem_output_block is either unconnected or has no load
WARNING: [Synth 8-7129] Port DOUTA_I[75] in module blk_mem_gen_v8_4_11_blk_mem_output_block is either unconnected or has no load
WARNING: [Synth 8-7129] Port DOUTA_I[74] in module blk_mem_gen_v8_4_11_blk_mem_output_block is either unconnected or has no load
WARNING: [Synth 8-7129] Port DOUTA_I[73] in module blk_mem_gen_v8_4_11_blk_mem_output_block is either unconnected or has no load
WARNING: [Synth 8-7129] Port DOUTA_I[72] in module blk_mem_gen_v8_4_11_blk_mem_output_block is either unconnected or has no load
WARNING: [Synth 8-7129] Port DOUTA_I[71] in module blk_mem_gen_v8_4_11_blk_mem_output_block is either unconnected or has no load
WARNING: [Synth 8-7129] Port DOUTA_I[70] in module blk_mem_gen_v8_4_11_blk_mem_output_block is either unconnected or has no load
WARNING: [Synth 8-7129] Port DOUTA_I[69] in module blk_mem_gen_v8_4_11_blk_mem_output_block is either unconnected or has no load
WARNING: [Synth 8-7129] Port DOUTA_I[68] in module blk_mem_gen_v8_4_11_blk_mem_output_block is either unconnected or has no load
WARNING: [Synth 8-7129] Port DOUTA_I[67] in module blk_mem_gen_v8_4_11_blk_mem_output_block is either unconnected or has no load
WARNING: [Synth 8-7129] Port DOUTA_I[66] in module blk_mem_gen_v8_4_11_blk_mem_output_block is either unconnected or has no load
WARNING: [Synth 8-7129] Port DOUTA_I[65] in module blk_mem_gen_v8_4_11_blk_mem_output_block is either unconnected or has no load
WARNING: [Synth 8-7129] Port DOUTA_I[64] in module blk_mem_gen_v8_4_11_blk_mem_output_block is either unconnected or has no load
WARNING: [Synth 8-7129] Port DOUTA_I[63] in module blk_mem_gen_v8_4_11_blk_mem_output_block is either unconnected or has no load
WARNING: [Synth 8-7129] Port DOUTA_I[62] in module blk_mem_gen_v8_4_11_blk_mem_output_block is either unconnected or has no load
WARNING: [Synth 8-7129] Port DOUTA_I[61] in module blk_mem_gen_v8_4_11_blk_mem_output_block is either unconnected or has no load
WARNING: [Synth 8-7129] Port DOUTA_I[60] in module blk_mem_gen_v8_4_11_blk_mem_output_block is either unconnected or has no load
WARNING: [Synth 8-7129] Port DOUTA_I[59] in module blk_mem_gen_v8_4_11_blk_mem_output_block is either unconnected or has no load
WARNING: [Synth 8-7129] Port DOUTA_I[58] in module blk_mem_gen_v8_4_11_blk_mem_output_block is either unconnected or has no load
WARNING: [Synth 8-7129] Port DOUTA_I[57] in module blk_mem_gen_v8_4_11_blk_mem_output_block is either unconnected or has no load
WARNING: [Synth 8-7129] Port DOUTA_I[56] in module blk_mem_gen_v8_4_11_blk_mem_output_block is either unconnected or has no load
WARNING: [Synth 8-7129] Port DOUTA_I[55] in module blk_mem_gen_v8_4_11_blk_mem_output_block is either unconnected or has no load
WARNING: [Synth 8-7129] Port DOUTA_I[54] in module blk_mem_gen_v8_4_11_blk_mem_output_block is either unconnected or has no load
WARNING: [Synth 8-7129] Port DOUTA_I[53] in module blk_mem_gen_v8_4_11_blk_mem_output_block is either unconnected or has no load
WARNING: [Synth 8-7129] Port DOUTA_I[52] in module blk_mem_gen_v8_4_11_blk_mem_output_block is either unconnected or has no load
WARNING: [Synth 8-7129] Port DOUTA_I[51] in module blk_mem_gen_v8_4_11_blk_mem_output_block is either unconnected or has no load
WARNING: [Synth 8-7129] Port DOUTA_I[50] in module blk_mem_gen_v8_4_11_blk_mem_output_block is either unconnected or has no load
WARNING: [Synth 8-7129] Port DOUTA_I[49] in module blk_mem_gen_v8_4_11_blk_mem_output_block is either unconnected or has no load
WARNING: [Synth 8-7129] Port DOUTA_I[48] in module blk_mem_gen_v8_4_11_blk_mem_output_block is either unconnected or has no load
WARNING: [Synth 8-7129] Port DOUTA_I[47] in module blk_mem_gen_v8_4_11_blk_mem_output_block is either unconnected or has no load
WARNING: [Synth 8-7129] Port DOUTA_I[46] in module blk_mem_gen_v8_4_11_blk_mem_output_block is either unconnected or has no load
WARNING: [Synth 8-7129] Port DOUTA_I[45] in module blk_mem_gen_v8_4_11_blk_mem_output_block is either unconnected or has no load
WARNING: [Synth 8-7129] Port DOUTA_I[44] in module blk_mem_gen_v8_4_11_blk_mem_output_block is either unconnected or has no load
WARNING: [Synth 8-7129] Port DOUTA_I[43] in module blk_mem_gen_v8_4_11_blk_mem_output_block is either unconnected or has no load
WARNING: [Synth 8-7129] Port DOUTA_I[42] in module blk_mem_gen_v8_4_11_blk_mem_output_block is either unconnected or has no load
WARNING: [Synth 8-7129] Port DOUTA_I[41] in module blk_mem_gen_v8_4_11_blk_mem_output_block is either unconnected or has no load
WARNING: [Synth 8-7129] Port DOUTA_I[40] in module blk_mem_gen_v8_4_11_blk_mem_output_block is either unconnected or has no load
WARNING: [Synth 8-7129] Port DOUTA_I[39] in module blk_mem_gen_v8_4_11_blk_mem_output_block is either unconnected or has no load
WARNING: [Synth 8-7129] Port DOUTA_I[38] in module blk_mem_gen_v8_4_11_blk_mem_output_block is either unconnected or has no load
WARNING: [Synth 8-7129] Port DOUTA_I[37] in module blk_mem_gen_v8_4_11_blk_mem_output_block is either unconnected or has no load
WARNING: [Synth 8-7129] Port DOUTA_I[36] in module blk_mem_gen_v8_4_11_blk_mem_output_block is either unconnected or has no load
WARNING: [Synth 8-7129] Port DOUTA_I[35] in module blk_mem_gen_v8_4_11_blk_mem_output_block is either unconnected or has no load
WARNING: [Synth 8-7129] Port DOUTA_I[34] in module blk_mem_gen_v8_4_11_blk_mem_output_block is either unconnected or has no load
WARNING: [Synth 8-7129] Port DOUTA_I[33] in module blk_mem_gen_v8_4_11_blk_mem_output_block is either unconnected or has no load
WARNING: [Synth 8-7129] Port DOUTA_I[32] in module blk_mem_gen_v8_4_11_blk_mem_output_block is either unconnected or has no load
WARNING: [Synth 8-7129] Port DOUTA_I[31] in module blk_mem_gen_v8_4_11_blk_mem_output_block is either unconnected or has no load
WARNING: [Synth 8-7129] Port DOUTA_I[30] in module blk_mem_gen_v8_4_11_blk_mem_output_block is either unconnected or has no load
WARNING: [Synth 8-7129] Port DOUTA_I[29] in module blk_mem_gen_v8_4_11_blk_mem_output_block is either unconnected or has no load
WARNING: [Synth 8-7129] Port DOUTA_I[28] in module blk_mem_gen_v8_4_11_blk_mem_output_block is either unconnected or has no load
WARNING: [Synth 8-7129] Port DOUTA_I[27] in module blk_mem_gen_v8_4_11_blk_mem_output_block is either unconnected or has no load
WARNING: [Synth 8-7129] Port DOUTA_I[26] in module blk_mem_gen_v8_4_11_blk_mem_output_block is either unconnected or has no load
WARNING: [Synth 8-7129] Port DOUTA_I[25] in module blk_mem_gen_v8_4_11_blk_mem_output_block is either unconnected or has no load
WARNING: [Synth 8-7129] Port DOUTA_I[24] in module blk_mem_gen_v8_4_11_blk_mem_output_block is either unconnected or has no load
WARNING: [Synth 8-7129] Port DOUTA_I[23] in module blk_mem_gen_v8_4_11_blk_mem_output_block is either unconnected or has no load
WARNING: [Synth 8-7129] Port DOUTA_I[22] in module blk_mem_gen_v8_4_11_blk_mem_output_block is either unconnected or has no load
WARNING: [Synth 8-7129] Port DOUTA_I[21] in module blk_mem_gen_v8_4_11_blk_mem_output_block is either unconnected or has no load
INFO: [Common 17-14] Message 'Synth 8-7129' appears 100 times and further instances of the messages will be disabled. Use the Tcl command set_msg_config to change the current settings.
---------------------------------------------------------------------------------
Finished RTL Elaboration : Time (s): cpu = 00:00:13 ; elapsed = 00:00:16 . Memory (MB): peak = 3062.586 ; gain = 595.133 ; free physical = 8910 ; free virtual = 28446
---------------------------------------------------------------------------------
---------------------------------------------------------------------------------
Start Handling Custom Attributes
---------------------------------------------------------------------------------
---------------------------------------------------------------------------------
Finished Handling Custom Attributes : Time (s): cpu = 00:00:14 ; elapsed = 00:00:16 . Memory (MB): peak = 3062.586 ; gain = 595.133 ; free physical = 8840 ; free virtual = 28375
---------------------------------------------------------------------------------
---------------------------------------------------------------------------------
Finished RTL Optimization Phase 1 : Time (s): cpu = 00:00:14 ; elapsed = 00:00:16 . Memory (MB): peak = 3062.586 ; gain = 595.133 ; free physical = 8840 ; free virtual = 28375
---------------------------------------------------------------------------------
Netlist sorting complete. Time (s): cpu = 00:00:00.08 ; elapsed = 00:00:00.07 . Memory (MB): peak = 3062.586 ; gain = 0.000 ; free physical = 8671 ; free virtual = 28212
INFO: [Netlist 29-17] Analyzing 289 Unisim elements for replacement
INFO: [Netlist 29-28] Unisim Transformation completed in 0 CPU seconds
INFO: [Project 1-570] Preparing netlist for logic optimization

Processing XDC Constraints
Initializing timing engine
Parsing XDC File [/home/e/Documents/research/byotee/OSDZU3_Ref_Design/OSDZU3_Ref_Design.gen/sources_1/bd/design_1/ip/design_1_system_ila_0_0/design_1_system_ila_0_0_ooc.xdc] for cell 'inst'
Finished Parsing XDC File [/home/e/Documents/research/byotee/OSDZU3_Ref_Design/OSDZU3_Ref_Design.gen/sources_1/bd/design_1/ip/design_1_system_ila_0_0/design_1_system_ila_0_0_ooc.xdc] for cell 'inst'
Parsing XDC File [/home/e/Documents/research/byotee/OSDZU3_Ref_Design/OSDZU3_Ref_Design.gen/sources_1/bd/design_1/ip/design_1_system_ila_0_0/bd_0/ip/ip_0/ila_v6_2/constraints/ila.xdc] for cell 'inst/ila_lib/inst'
Finished Parsing XDC File [/home/e/Documents/research/byotee/OSDZU3_Ref_Design/OSDZU3_Ref_Design.gen/sources_1/bd/design_1/ip/design_1_system_ila_0_0/bd_0/ip/ip_0/ila_v6_2/constraints/ila.xdc] for cell 'inst/ila_lib/inst'
INFO: [Project 1-236] Implementation specific constraints were found while reading constraint file [/home/e/Documents/research/byotee/OSDZU3_Ref_Design/OSDZU3_Ref_Design.gen/sources_1/bd/design_1/ip/design_1_system_ila_0_0/bd_0/ip/ip_0/ila_v6_2/constraints/ila.xdc]. These constraints will be ignored for synthesis but will be used in implementation. Impacted constraints are listed in the file [.Xil/design_1_system_ila_0_0_propImpl.xdc].
Resolution: To avoid this warning, move constraints listed in [.Xil/design_1_system_ila_0_0_propImpl.xdc] to another XDC file and exclude this new file from synthesis with the used_in_synthesis property (File Properties dialog in GUI) and re-run elaboration/synthesis.
Parsing XDC File [/home/e/Documents/research/byotee/OSDZU3_Ref_Design/OSDZU3_Ref_Design.runs/design_1_system_ila_0_0_synth_1/dont_touch.xdc]
Finished Parsing XDC File [/home/e/Documents/research/byotee/OSDZU3_Ref_Design/OSDZU3_Ref_Design.runs/design_1_system_ila_0_0_synth_1/dont_touch.xdc]
INFO: [Project 1-236] Implementation specific constraints were found while reading constraint file [/home/e/Documents/research/byotee/OSDZU3_Ref_Design/OSDZU3_Ref_Design.runs/design_1_system_ila_0_0_synth_1/dont_touch.xdc]. These constraints will be ignored for synthesis but will be used in implementation. Impacted constraints are listed in the file [.Xil/design_1_system_ila_0_0_propImpl.xdc].
Resolution: To avoid this warning, move constraints listed in [.Xil/design_1_system_ila_0_0_propImpl.xdc] to another XDC file and exclude this new file from synthesis with the used_in_synthesis property (File Properties dialog in GUI) and re-run elaboration/synthesis.
Completed Processing XDC Constraints

Netlist sorting complete. Time (s): cpu = 00:00:00 ; elapsed = 00:00:00 . Memory (MB): peak = 3102.605 ; gain = 0.000 ; free physical = 8150 ; free virtual = 27785
INFO: [Project 1-111] Unisim Transformation Summary:
  A total of 212 instances were transformed.
  CFGLUT5 => CFGLUT5 (SRL16E, SRLC32E): 180 instances
  CFGLUT5 => SRLC32E: 32 instances

Constraint Validation Runtime : Time (s): cpu = 00:00:00.07 ; elapsed = 00:00:00.06 . Memory (MB): peak = 3102.641 ; gain = 0.000 ; free physical = 8110 ; free virtual = 27775
INFO: [Designutils 20-5008] Incremental synthesis strategy off
---------------------------------------------------------------------------------
Finished Constraint Validation : Time (s): cpu = 00:00:21 ; elapsed = 00:00:23 . Memory (MB): peak = 3102.641 ; gain = 635.188 ; free physical = 8314 ; free virtual = 27971
---------------------------------------------------------------------------------
---------------------------------------------------------------------------------
Start Loading Part and Timing Information
---------------------------------------------------------------------------------
Loading part: xczu3eg-sfvc784-1-e
INFO: [Synth 8-6742] Reading net delay rules and data
---------------------------------------------------------------------------------
Finished Loading Part and Timing Information : Time (s): cpu = 00:00:21 ; elapsed = 00:00:23 . Memory (MB): peak = 3110.609 ; gain = 643.156 ; free physical = 8337 ; free virtual = 27994
---------------------------------------------------------------------------------
---------------------------------------------------------------------------------
Start Applying 'set_property' XDC Constraints
---------------------------------------------------------------------------------
---------------------------------------------------------------------------------
Finished applying 'set_property' XDC Constraints : Time (s): cpu = 00:00:21 ; elapsed = 00:00:23 . Memory (MB): peak = 3110.609 ; gain = 643.156 ; free physical = 8350 ; free virtual = 28007
---------------------------------------------------------------------------------
INFO: [Synth 8-802] inferred FSM for state register 'current_state_reg' in module 'xsdbs_v1_0_5_reg_p2s'
INFO: [Synth 8-802] inferred FSM for state register 'current_state_reg' in module 'xsdbs_v1_0_5_reg_p2s__parameterized0'
INFO: [Synth 8-802] inferred FSM for state register 'current_state_reg' in module 'xsdbs_v1_0_5_reg_p2s__parameterized1'
INFO: [Synth 8-802] inferred FSM for state register 'current_state_reg' in module 'xsdbs_v1_0_5_reg_p2s__parameterized2'
INFO: [Synth 8-802] inferred FSM for state register 'current_state_reg' in module 'xsdbs_v1_0_5_reg_p2s__parameterized3'
INFO: [Synth 8-802] inferred FSM for state register 'current_state_reg' in module 'xsdbs_v1_0_5_reg_p2s__parameterized4'
INFO: [Synth 8-802] inferred FSM for state register 'current_state_reg' in module 'xsdbs_v1_0_5_reg_p2s__parameterized5'
INFO: [Synth 8-802] inferred FSM for state register 'current_state_reg' in module 'xsdbs_v1_0_5_reg_p2s__parameterized6'
INFO: [Synth 8-802] inferred FSM for state register 'current_state_reg' in module 'xsdbs_v1_0_5_reg_p2s__parameterized7'
INFO: [Synth 8-802] inferred FSM for state register 'current_state_reg' in module 'xsdbs_v1_0_5_reg_p2s__parameterized8'
INFO: [Synth 8-802] inferred FSM for state register 'current_state_reg' in module 'xsdbs_v1_0_5_reg_p2s__parameterized9'
INFO: [Synth 8-802] inferred FSM for state register 'current_state_reg' in module 'xsdbs_v1_0_5_reg_p2s__parameterized10'
INFO: [Synth 8-802] inferred FSM for state register 'current_state_reg' in module 'xsdbs_v1_0_5_reg_p2s__parameterized11'
INFO: [Synth 8-802] inferred FSM for state register 'current_state_reg' in module 'xsdbs_v1_0_5_reg_p2s__parameterized12'
INFO: [Synth 8-802] inferred FSM for state register 'current_state_reg' in module 'xsdbs_v1_0_5_reg_p2s__parameterized13'
INFO: [Synth 8-802] inferred FSM for state register 'current_state_reg' in module 'xsdbs_v1_0_5_reg_p2s__parameterized14'
INFO: [Synth 8-802] inferred FSM for state register 'current_state_reg' in module 'xsdbs_v1_0_5_reg_p2s__parameterized15'
INFO: [Synth 8-802] inferred FSM for state register 'current_state_reg' in module 'xsdbs_v1_0_5_reg_p2s__parameterized16'
INFO: [Synth 8-802] inferred FSM for state register 'current_state_reg' in module 'xsdbs_v1_0_5_reg_p2s__parameterized17'
INFO: [Synth 8-802] inferred FSM for state register 'current_state_reg' in module 'xsdbs_v1_0_5_reg_p2s__parameterized18'
INFO: [Synth 8-802] inferred FSM for state register 'current_state_reg' in module 'xsdbs_v1_0_5_reg_p2s__parameterized19'
INFO: [Synth 8-802] inferred FSM for state register 'current_state_reg' in module 'xsdbs_v1_0_5_reg_p2s__parameterized20'
INFO: [Synth 8-802] inferred FSM for state register 'current_state_reg' in module 'xsdbs_v1_0_5_reg_p2s__parameterized21'
INFO: [Synth 8-802] inferred FSM for state register 'current_state_reg' in module 'xsdbs_v1_0_5_reg_p2s__parameterized22'
INFO: [Synth 8-802] inferred FSM for state register 'current_state_reg' in module 'xsdbs_v1_0_5_reg_p2s__parameterized23'
INFO: [Synth 8-802] inferred FSM for state register 'current_state_reg' in module 'xsdbs_v1_0_5_reg_p2s__parameterized24'
INFO: [Synth 8-802] inferred FSM for state register 'current_state_reg' in module 'xsdbs_v1_0_5_reg_p2s__parameterized25'
INFO: [Synth 8-802] inferred FSM for state register 'current_state_reg' in module 'xsdbs_v1_0_5_reg_p2s__parameterized26'
INFO: [Synth 8-802] inferred FSM for state register 'current_state_reg' in module 'xsdbs_v1_0_5_reg_p2s__parameterized27'
INFO: [Synth 8-802] inferred FSM for state register 'current_state_reg' in module 'xsdbs_v1_0_5_reg_p2s__parameterized28'
INFO: [Synth 8-802] inferred FSM for state register 'current_state_reg' in module 'ltlib_v1_0_3_generic_memrd'
---------------------------------------------------------------------------------------------------
                   State |                     New Encoding |                Previous Encoding 
---------------------------------------------------------------------------------------------------
*
                    IDLE |                             0001 |                             0001
                     REG |                             0010 |                             0010
                     P2S |                             0100 |                             0100
                     S2P |                             1000 |                             1000
---------------------------------------------------------------------------------------------------
INFO: [Synth 8-3898] No Re-encoding of one hot register 'current_state_reg' in module 'xsdbs_v1_0_5_reg_p2s'
---------------------------------------------------------------------------------------------------
                   State |                     New Encoding |                Previous Encoding 
---------------------------------------------------------------------------------------------------
*
                    IDLE |                             0001 |                             0001
                     REG |                             0010 |                             0010
                     P2S |                             0100 |                             0100
                     S2P |                             1000 |                             1000
---------------------------------------------------------------------------------------------------
INFO: [Synth 8-3898] No Re-encoding of one hot register 'current_state_reg' in module 'xsdbs_v1_0_5_reg_p2s__parameterized0'
---------------------------------------------------------------------------------------------------
                   State |                     New Encoding |                Previous Encoding 
---------------------------------------------------------------------------------------------------
*
                    IDLE |                             0001 |                             0001
                     REG |                             0010 |                             0010
                     P2S |                             0100 |                             0100
                     S2P |                             1000 |                             1000
---------------------------------------------------------------------------------------------------
INFO: [Synth 8-3898] No Re-encoding of one hot register 'current_state_reg' in module 'xsdbs_v1_0_5_reg_p2s__parameterized1'
---------------------------------------------------------------------------------------------------
                   State |                     New Encoding |                Previous Encoding 
---------------------------------------------------------------------------------------------------
*
                    IDLE |                             0001 |                             0001
                     REG |                             0010 |                             0010
                     P2S |                             0100 |                             0100
                     S2P |                             1000 |                             1000
---------------------------------------------------------------------------------------------------
INFO: [Synth 8-3898] No Re-encoding of one hot register 'current_state_reg' in module 'xsdbs_v1_0_5_reg_p2s__parameterized2'
---------------------------------------------------------------------------------------------------
                   State |                     New Encoding |                Previous Encoding 
---------------------------------------------------------------------------------------------------
*
                    IDLE |                             0001 |                             0001
                     REG |                             0010 |                             0010
                     P2S |                             0100 |                             0100
                     S2P |                             1000 |                             1000
---------------------------------------------------------------------------------------------------
INFO: [Synth 8-3898] No Re-encoding of one hot register 'current_state_reg' in module 'xsdbs_v1_0_5_reg_p2s__parameterized3'
---------------------------------------------------------------------------------------------------
                   State |                     New Encoding |                Previous Encoding 
---------------------------------------------------------------------------------------------------
*
                    IDLE |                             0001 |                             0001
                     REG |                             0010 |                             0010
                     P2S |                             0100 |                             0100
                     S2P |                             1000 |                             1000
---------------------------------------------------------------------------------------------------
INFO: [Synth 8-3898] No Re-encoding of one hot register 'current_state_reg' in module 'xsdbs_v1_0_5_reg_p2s__parameterized4'
---------------------------------------------------------------------------------------------------
                   State |                     New Encoding |                Previous Encoding 
---------------------------------------------------------------------------------------------------
*
                    IDLE |                             0001 |                             0001
                     REG |                             0010 |                             0010
                     P2S |                             0100 |                             0100
                     S2P |                             1000 |                             1000
---------------------------------------------------------------------------------------------------
INFO: [Synth 8-3898] No Re-encoding of one hot register 'current_state_reg' in module 'xsdbs_v1_0_5_reg_p2s__parameterized5'
---------------------------------------------------------------------------------------------------
                   State |                     New Encoding |                Previous Encoding 
---------------------------------------------------------------------------------------------------
*
                    IDLE |                             0001 |                             0001
                     REG |                             0010 |                             0010
                     P2S |                             0100 |                             0100
                     S2P |                             1000 |                             1000
---------------------------------------------------------------------------------------------------
INFO: [Synth 8-3898] No Re-encoding of one hot register 'current_state_reg' in module 'xsdbs_v1_0_5_reg_p2s__parameterized6'
---------------------------------------------------------------------------------------------------
                   State |                     New Encoding |                Previous Encoding 
---------------------------------------------------------------------------------------------------
*
                    IDLE |                             0001 |                             0001
                     REG |                             0010 |                             0010
                     P2S |                             0100 |                             0100
                     S2P |                             1000 |                             1000
---------------------------------------------------------------------------------------------------
INFO: [Synth 8-3898] No Re-encoding of one hot register 'current_state_reg' in module 'xsdbs_v1_0_5_reg_p2s__parameterized7'
---------------------------------------------------------------------------------------------------
                   State |                     New Encoding |                Previous Encoding 
---------------------------------------------------------------------------------------------------
*
                    IDLE |                             0001 |                             0001
                     REG |                             0010 |                             0010
                     P2S |                             0100 |                             0100
                     S2P |                             1000 |                             1000
---------------------------------------------------------------------------------------------------
INFO: [Synth 8-3898] No Re-encoding of one hot register 'current_state_reg' in module 'xsdbs_v1_0_5_reg_p2s__parameterized8'
---------------------------------------------------------------------------------------------------
                   State |                     New Encoding |                Previous Encoding 
---------------------------------------------------------------------------------------------------
*
                    IDLE |                             0001 |                             0001
                     REG |                             0010 |                             0010
                     P2S |                             0100 |                             0100
                     S2P |                             1000 |                             1000
---------------------------------------------------------------------------------------------------
INFO: [Synth 8-3898] No Re-encoding of one hot register 'current_state_reg' in module 'xsdbs_v1_0_5_reg_p2s__parameterized9'
---------------------------------------------------------------------------------------------------
                   State |                     New Encoding |                Previous Encoding 
---------------------------------------------------------------------------------------------------
*
                    IDLE |                             0001 |                             0001
                     REG |                             0010 |                             0010
                     P2S |                             0100 |                             0100
                     S2P |                             1000 |                             1000
---------------------------------------------------------------------------------------------------
INFO: [Synth 8-3898] No Re-encoding of one hot register 'current_state_reg' in module 'xsdbs_v1_0_5_reg_p2s__parameterized10'
---------------------------------------------------------------------------------------------------
                   State |                     New Encoding |                Previous Encoding 
---------------------------------------------------------------------------------------------------
*
                    IDLE |                             0001 |                             0001
                     REG |                             0010 |                             0010
                     P2S |                             0100 |                             0100
                     S2P |                             1000 |                             1000
---------------------------------------------------------------------------------------------------
INFO: [Synth 8-3898] No Re-encoding of one hot register 'current_state_reg' in module 'xsdbs_v1_0_5_reg_p2s__parameterized11'
---------------------------------------------------------------------------------------------------
                   State |                     New Encoding |                Previous Encoding 
---------------------------------------------------------------------------------------------------
*
                    IDLE |                             0001 |                             0001
                     REG |                             0010 |                             0010
                     P2S |                             0100 |                             0100
                     S2P |                             1000 |                             1000
---------------------------------------------------------------------------------------------------
INFO: [Synth 8-3898] No Re-encoding of one hot register 'current_state_reg' in module 'xsdbs_v1_0_5_reg_p2s__parameterized12'
---------------------------------------------------------------------------------------------------
                   State |                     New Encoding |                Previous Encoding 
---------------------------------------------------------------------------------------------------
*
                    IDLE |                             0001 |                             0001
                     REG |                             0010 |                             0010
                     P2S |                             0100 |                             0100
                     S2P |                             1000 |                             1000
---------------------------------------------------------------------------------------------------
INFO: [Synth 8-3898] No Re-encoding of one hot register 'current_state_reg' in module 'xsdbs_v1_0_5_reg_p2s__parameterized13'
---------------------------------------------------------------------------------------------------
                   State |                     New Encoding |                Previous Encoding 
---------------------------------------------------------------------------------------------------
*
                    IDLE |                             0001 |                             0001
                     REG |                             0010 |                             0010
                     P2S |                             0100 |                             0100
                     S2P |                             1000 |                             1000
---------------------------------------------------------------------------------------------------
INFO: [Synth 8-3898] No Re-encoding of one hot register 'current_state_reg' in module 'xsdbs_v1_0_5_reg_p2s__parameterized14'
---------------------------------------------------------------------------------------------------
                   State |                     New Encoding |                Previous Encoding 
---------------------------------------------------------------------------------------------------
*
                    IDLE |                             0001 |                             0001
                     REG |                             0010 |                             0010
                     P2S |                             0100 |                             0100
                     S2P |                             1000 |                             1000
---------------------------------------------------------------------------------------------------
INFO: [Synth 8-3898] No Re-encoding of one hot register 'current_state_reg' in module 'xsdbs_v1_0_5_reg_p2s__parameterized15'
---------------------------------------------------------------------------------------------------
                   State |                     New Encoding |                Previous Encoding 
---------------------------------------------------------------------------------------------------
*
                    IDLE |                             0001 |                             0001
                     REG |                             0010 |                             0010
                     P2S |                             0100 |                             0100
                     S2P |                             1000 |                             1000
---------------------------------------------------------------------------------------------------
INFO: [Synth 8-3898] No Re-encoding of one hot register 'current_state_reg' in module 'xsdbs_v1_0_5_reg_p2s__parameterized16'
---------------------------------------------------------------------------------------------------
                   State |                     New Encoding |                Previous Encoding 
---------------------------------------------------------------------------------------------------
*
                    IDLE |                             0001 |                             0001
                     REG |                             0010 |                             0010
                     P2S |                             0100 |                             0100
                     S2P |                             1000 |                             1000
---------------------------------------------------------------------------------------------------
INFO: [Synth 8-3898] No Re-encoding of one hot register 'current_state_reg' in module 'xsdbs_v1_0_5_reg_p2s__parameterized17'
---------------------------------------------------------------------------------------------------
                   State |                     New Encoding |                Previous Encoding 
---------------------------------------------------------------------------------------------------
*
                    IDLE |                             0001 |                             0001
                     REG |                             0010 |                             0010
                     P2S |                             0100 |                             0100
                     S2P |                             1000 |                             1000
---------------------------------------------------------------------------------------------------
INFO: [Synth 8-3898] No Re-encoding of one hot register 'current_state_reg' in module 'xsdbs_v1_0_5_reg_p2s__parameterized18'
---------------------------------------------------------------------------------------------------
                   State |                     New Encoding |                Previous Encoding 
---------------------------------------------------------------------------------------------------
*
                    IDLE |                             0001 |                             0001
                     REG |                             0010 |                             0010
                     P2S |                             0100 |                             0100
                     S2P |                             1000 |                             1000
---------------------------------------------------------------------------------------------------
INFO: [Synth 8-3898] No Re-encoding of one hot register 'current_state_reg' in module 'xsdbs_v1_0_5_reg_p2s__parameterized19'
---------------------------------------------------------------------------------------------------
                   State |                     New Encoding |                Previous Encoding 
---------------------------------------------------------------------------------------------------
*
                    IDLE |                             0001 |                             0001
                     REG |                             0010 |                             0010
                     P2S |                             0100 |                             0100
                     S2P |                             1000 |                             1000
---------------------------------------------------------------------------------------------------
INFO: [Synth 8-3898] No Re-encoding of one hot register 'current_state_reg' in module 'xsdbs_v1_0_5_reg_p2s__parameterized20'
---------------------------------------------------------------------------------------------------
                   State |                     New Encoding |                Previous Encoding 
---------------------------------------------------------------------------------------------------
*
                    IDLE |                             0001 |                             0001
                     REG |                             0010 |                             0010
                     P2S |                             0100 |                             0100
                     S2P |                             1000 |                             1000
---------------------------------------------------------------------------------------------------
INFO: [Synth 8-3898] No Re-encoding of one hot register 'current_state_reg' in module 'xsdbs_v1_0_5_reg_p2s__parameterized21'
---------------------------------------------------------------------------------------------------
                   State |                     New Encoding |                Previous Encoding 
---------------------------------------------------------------------------------------------------
*
                    IDLE |                             0001 |                             0001
                     REG |                             0010 |                             0010
                     P2S |                             0100 |                             0100
                     S2P |                             1000 |                             1000
---------------------------------------------------------------------------------------------------
INFO: [Synth 8-3898] No Re-encoding of one hot register 'current_state_reg' in module 'xsdbs_v1_0_5_reg_p2s__parameterized22'
---------------------------------------------------------------------------------------------------
                   State |                     New Encoding |                Previous Encoding 
---------------------------------------------------------------------------------------------------
*
                    IDLE |                             0001 |                             0001
                     REG |                             0010 |                             0010
                     P2S |                             0100 |                             0100
                     S2P |                             1000 |                             1000
---------------------------------------------------------------------------------------------------
INFO: [Synth 8-3898] No Re-encoding of one hot register 'current_state_reg' in module 'xsdbs_v1_0_5_reg_p2s__parameterized23'
---------------------------------------------------------------------------------------------------
                   State |                     New Encoding |                Previous Encoding 
---------------------------------------------------------------------------------------------------
*
                    IDLE |                             0001 |                             0001
                     REG |                             0010 |                             0010
                     P2S |                             0100 |                             0100
                     S2P |                             1000 |                             1000
---------------------------------------------------------------------------------------------------
INFO: [Synth 8-3898] No Re-encoding of one hot register 'current_state_reg' in module 'xsdbs_v1_0_5_reg_p2s__parameterized24'
---------------------------------------------------------------------------------------------------
                   State |                     New Encoding |                Previous Encoding 
---------------------------------------------------------------------------------------------------
*
                    IDLE |                             0001 |                             0001
                     REG |                             0010 |                             0010
                     P2S |                             0100 |                             0100
                     S2P |                             1000 |                             1000
---------------------------------------------------------------------------------------------------
INFO: [Synth 8-3898] No Re-encoding of one hot register 'current_state_reg' in module 'xsdbs_v1_0_5_reg_p2s__parameterized25'
---------------------------------------------------------------------------------------------------
                   State |                     New Encoding |                Previous Encoding 
---------------------------------------------------------------------------------------------------
*
                    IDLE |                             0001 |                             0001
                     REG |                             0010 |                             0010
                     P2S |                             0100 |                             0100
                     S2P |                             1000 |                             1000
---------------------------------------------------------------------------------------------------
INFO: [Synth 8-3898] No Re-encoding of one hot register 'current_state_reg' in module 'xsdbs_v1_0_5_reg_p2s__parameterized26'
---------------------------------------------------------------------------------------------------
                   State |                     New Encoding |                Previous Encoding 
---------------------------------------------------------------------------------------------------
*
                    IDLE |                             0001 |                             0001
                     REG |                             0010 |                             0010
                     P2S |                             0100 |                             0100
                     S2P |                             1000 |                             1000
---------------------------------------------------------------------------------------------------
INFO: [Synth 8-3898] No Re-encoding of one hot register 'current_state_reg' in module 'xsdbs_v1_0_5_reg_p2s__parameterized27'
---------------------------------------------------------------------------------------------------
                   State |                     New Encoding |                Previous Encoding 
---------------------------------------------------------------------------------------------------
*
                    IDLE |                             0001 |                             0001
                     REG |                             0010 |                             0010
                     P2S |                             0100 |                             0100
                     S2P |                             1000 |                             1000
---------------------------------------------------------------------------------------------------
INFO: [Synth 8-3898] No Re-encoding of one hot register 'current_state_reg' in module 'xsdbs_v1_0_5_reg_p2s__parameterized28'
---------------------------------------------------------------------------------------------------
                   State |                     New Encoding |                Previous Encoding 
---------------------------------------------------------------------------------------------------
*
              RESET_ADDR |                          0000001 |                          0000001
            REQUEST_READ |                          0000010 |                          0000010
           WAIT_READ_ACK |                          0000100 |                          0000100
             OUTPUT_DATA |                          0001000 |                          0001000
                    IDLE |                          0010000 |                          0010000
         INCREMENT_BLOCK |                          0100000 |                          0100000
       INCREMENT_ADDRESS |                          1000000 |                          1000000
---------------------------------------------------------------------------------------------------
INFO: [Synth 8-3898] No Re-encoding of one hot register 'current_state_reg' in module 'ltlib_v1_0_3_generic_memrd'
---------------------------------------------------------------------------------
Finished RTL Optimization Phase 2 : Time (s): cpu = 00:00:22 ; elapsed = 00:00:24 . Memory (MB): peak = 3110.609 ; gain = 643.156 ; free physical = 8425 ; free virtual = 28094
---------------------------------------------------------------------------------
---------------------------------------------------------------------------------
Start RTL Component Statistics 
---------------------------------------------------------------------------------
---------------------------------------------------------------------------------
Finished RTL Component Statistics 
---------------------------------------------------------------------------------
---------------------------------------------------------------------------------
Start Part Resource Summary
---------------------------------------------------------------------------------
Part Resources:
DSPs: 360 (col length:72)
BRAMs: 432 (col length: RAMB18 72 RAMB36 36)
---------------------------------------------------------------------------------
Finished Part Resource Summary
---------------------------------------------------------------------------------
---------------------------------------------------------------------------------
Start Cross Boundary and Area Optimization
---------------------------------------------------------------------------------
WARNING: [Synth 8-7080] Parallel synthesis criteria is not met
---------------------------------------------------------------------------------
Finished Cross Boundary and Area Optimization : Time (s): cpu = 00:00:31 ; elapsed = 00:00:34 . Memory (MB): peak = 3110.609 ; gain = 643.156 ; free physical = 11662 ; free virtual = 31375
---------------------------------------------------------------------------------
---------------------------------------------------------------------------------
Start Applying XDC Timing Constraints
---------------------------------------------------------------------------------
---------------------------------------------------------------------------------
Finished Applying XDC Timing Constraints : Time (s): cpu = 00:00:36 ; elapsed = 00:00:39 . Memory (MB): peak = 3478.539 ; gain = 1011.086 ; free physical = 18706 ; free virtual = 38458
---------------------------------------------------------------------------------
---------------------------------------------------------------------------------
Start Timing Optimization
---------------------------------------------------------------------------------
---------------------------------------------------------------------------------
Finished Timing Optimization : Time (s): cpu = 00:00:36 ; elapsed = 00:00:39 . Memory (MB): peak = 3494.555 ; gain = 1027.102 ; free physical = 18351 ; free virtual = 38104
---------------------------------------------------------------------------------
---------------------------------------------------------------------------------
Start Technology Mapping
---------------------------------------------------------------------------------
---------------------------------------------------------------------------------
Finished Technology Mapping : Time (s): cpu = 00:00:37 ; elapsed = 00:00:40 . Memory (MB): peak = 3518.578 ; gain = 1051.125 ; free physical = 16569 ; free virtual = 36325
---------------------------------------------------------------------------------
---------------------------------------------------------------------------------
Start IO Insertion
---------------------------------------------------------------------------------
---------------------------------------------------------------------------------
Start Flattening Before IO Insertion
---------------------------------------------------------------------------------
---------------------------------------------------------------------------------
Finished Flattening Before IO Insertion
---------------------------------------------------------------------------------
---------------------------------------------------------------------------------
Start Final Netlist Cleanup
---------------------------------------------------------------------------------
---------------------------------------------------------------------------------
Finished Final Netlist Cleanup
---------------------------------------------------------------------------------
INFO: [Synth 8-3295] tying undriven pin dummy_inferred:in0 to constant 0
INFO: [Synth 8-3295] tying undriven pin inst:sl_iport0[36] to constant 0
INFO: [Synth 8-3295] tying undriven pin inst:sl_iport0[35] to constant 0
INFO: [Synth 8-3295] tying undriven pin inst:sl_iport0[34] to constant 0
INFO: [Synth 8-3295] tying undriven pin inst:sl_iport0[33] to constant 0
INFO: [Synth 8-3295] tying undriven pin inst:sl_iport0[32] to constant 0
INFO: [Synth 8-3295] tying undriven pin inst:sl_iport0[31] to constant 0
INFO: [Synth 8-3295] tying undriven pin inst:sl_iport0[30] to constant 0
INFO: [Synth 8-3295] tying undriven pin inst:sl_iport0[29] to constant 0
INFO: [Synth 8-3295] tying undriven pin inst:sl_iport0[28] to constant 0
INFO: [Synth 8-3295] tying undriven pin inst:sl_iport0[27] to constant 0
INFO: [Synth 8-3295] tying undriven pin inst:sl_iport0[26] to constant 0
INFO: [Synth 8-3295] tying undriven pin inst:sl_iport0[25] to constant 0
INFO: [Synth 8-3295] tying undriven pin inst:sl_iport0[24] to constant 0
INFO: [Synth 8-3295] tying undriven pin inst:sl_iport0[23] to constant 0
INFO: [Synth 8-3295] tying undriven pin inst:sl_iport0[22] to constant 0
INFO: [Synth 8-3295] tying undriven pin inst:sl_iport0[21] to constant 0
INFO: [Synth 8-3295] tying undriven pin inst:sl_iport0[20] to constant 0
INFO: [Synth 8-3295] tying undriven pin inst:sl_iport0[19] to constant 0
INFO: [Synth 8-3295] tying undriven pin inst:sl_iport0[18] to constant 0
INFO: [Synth 8-3295] tying undriven pin inst:sl_iport0[17] to constant 0
INFO: [Synth 8-3295] tying undriven pin inst:sl_iport0[16] to constant 0
INFO: [Synth 8-3295] tying undriven pin inst:sl_iport0[15] to constant 0
INFO: [Synth 8-3295] tying undriven pin inst:sl_iport0[14] to constant 0
INFO: [Synth 8-3295] tying undriven pin inst:sl_iport0[13] to constant 0
INFO: [Synth 8-3295] tying undriven pin inst:sl_iport0[12] to constant 0
INFO: [Synth 8-3295] tying undriven pin inst:sl_iport0[11] to constant 0
INFO: [Synth 8-3295] tying undriven pin inst:sl_iport0[10] to constant 0
INFO: [Synth 8-3295] tying undriven pin inst:sl_iport0[9] to constant 0
INFO: [Synth 8-3295] tying undriven pin inst:sl_iport0[8] to constant 0
INFO: [Synth 8-3295] tying undriven pin inst:sl_iport0[7] to constant 0
INFO: [Synth 8-3295] tying undriven pin inst:sl_iport0[6] to constant 0
INFO: [Synth 8-3295] tying undriven pin inst:sl_iport0[5] to constant 0
INFO: [Synth 8-3295] tying undriven pin inst:sl_iport0[4] to constant 0
INFO: [Synth 8-3295] tying undriven pin inst:sl_iport0[3] to constant 0
INFO: [Synth 8-3295] tying undriven pin inst:sl_iport0[2] to constant 0
INFO: [Synth 8-3295] tying undriven pin inst:sl_iport0[1] to constant 0
INFO: [Synth 8-3295] tying undriven pin inst:sl_iport0[0] to constant 0
INFO: [Synth 8-3295] tying undriven pin inst:trig_in to constant 0
INFO: [Synth 8-3295] tying undriven pin inst:trig_out_ack to constant 0
---------------------------------------------------------------------------------
Finished IO Insertion : Time (s): cpu = 00:00:39 ; elapsed = 00:00:43 . Memory (MB): peak = 3668.391 ; gain = 1200.938 ; free physical = 18844 ; free virtual = 38602
---------------------------------------------------------------------------------
---------------------------------------------------------------------------------
Start Renaming Generated Instances
---------------------------------------------------------------------------------
---------------------------------------------------------------------------------
Finished Renaming Generated Instances : Time (s): cpu = 00:00:39 ; elapsed = 00:00:43 . Memory (MB): peak = 3668.391 ; gain = 1200.938 ; free physical = 18903 ; free virtual = 38662
---------------------------------------------------------------------------------
---------------------------------------------------------------------------------
Start Rebuilding User Hierarchy
---------------------------------------------------------------------------------
---------------------------------------------------------------------------------
Finished Rebuilding User Hierarchy : Time (s): cpu = 00:00:39 ; elapsed = 00:00:43 . Memory (MB): peak = 3668.391 ; gain = 1200.938 ; free physical = 18923 ; free virtual = 38683
---------------------------------------------------------------------------------
---------------------------------------------------------------------------------
Start Renaming Generated Ports
---------------------------------------------------------------------------------
---------------------------------------------------------------------------------
Finished Renaming Generated Ports : Time (s): cpu = 00:00:39 ; elapsed = 00:00:43 . Memory (MB): peak = 3668.391 ; gain = 1200.938 ; free physical = 18903 ; free virtual = 38663
---------------------------------------------------------------------------------
---------------------------------------------------------------------------------
Start Handling Custom Attributes
---------------------------------------------------------------------------------
---------------------------------------------------------------------------------
Finished Handling Custom Attributes : Time (s): cpu = 00:00:39 ; elapsed = 00:00:43 . Memory (MB): peak = 3668.391 ; gain = 1200.938 ; free physical = 18775 ; free virtual = 38535
---------------------------------------------------------------------------------
---------------------------------------------------------------------------------
Start Renaming Generated Nets
---------------------------------------------------------------------------------
---------------------------------------------------------------------------------
Finished Renaming Generated Nets : Time (s): cpu = 00:00:39 ; elapsed = 00:00:43 . Memory (MB): peak = 3668.391 ; gain = 1200.938 ; free physical = 18752 ; free virtual = 38512
---------------------------------------------------------------------------------
---------------------------------------------------------------------------------
Start Writing Synthesis Report
---------------------------------------------------------------------------------

Report BlackBoxes: 
+-+--------------+----------+
| |BlackBox name |Instances |
+-+--------------+----------+
+-+--------------+----------+

Report Cell Usage: 
+------+---------+------+
|      |Cell     |Count |
+------+---------+------+
|1     |CARRY4   |    77|
|2     |CARRY8   |     4|
|3     |CFGLUT5  |   212|
|4     |LUT1     |    56|
|5     |LUT2     |   176|
|6     |LUT3     |   282|
|7     |LUT4     |   314|
|8     |LUT5     |   152|
|9     |LUT6     |  1033|
|10    |MUXF7    |    64|
|11    |MUXF8    |    17|
|12    |RAMB36E2 |    27|
|14    |SRL16E   |   123|
|15    |SRLC16E  |     2|
|16    |SRLC32E  |    17|
|17    |FDRE     |  2820|
|18    |FDSE     |    14|
+------+---------+------+
---------------------------------------------------------------------------------
Finished Writing Synthesis Report : Time (s): cpu = 00:00:39 ; elapsed = 00:00:43 . Memory (MB): peak = 3668.391 ; gain = 1200.938 ; free physical = 18711 ; free virtual = 38471
---------------------------------------------------------------------------------
Synthesis finished with 0 errors, 0 critical warnings and 4318 warnings.
Synthesis Optimization Runtime : Time (s): cpu = 00:00:35 ; elapsed = 00:00:39 . Memory (MB): peak = 3668.391 ; gain = 1160.883 ; free physical = 17670 ; free virtual = 37431
Synthesis Optimization Complete : Time (s): cpu = 00:00:39 ; elapsed = 00:00:43 . Memory (MB): peak = 3668.391 ; gain = 1200.938 ; free physical = 17660 ; free virtual = 37421
INFO: [Project 1-571] Translating synthesized netlist
Netlist sorting complete. Time (s): cpu = 00:00:00.05 ; elapsed = 00:00:00.05 . Memory (MB): peak = 3668.391 ; gain = 0.000 ; free physical = 16681 ; free virtual = 36442
INFO: [Netlist 29-17] Analyzing 374 Unisim elements for replacement
INFO: [Netlist 29-28] Unisim Transformation completed in 0 CPU seconds
INFO: [Project 1-570] Preparing netlist for logic optimization
INFO: [Opt 31-138] Pushed 0 inverter(s) to 0 load pin(s).
Netlist sorting complete. Time (s): cpu = 00:00:00 ; elapsed = 00:00:00 . Memory (MB): peak = 3668.391 ; gain = 0.000 ; free physical = 11622 ; free virtual = 31395
INFO: [Project 1-111] Unisim Transformation Summary:
  A total of 253 instances were transformed.
  (CARRY4) => CARRY8: 41 instances
  CFGLUT5 => CFGLUT5 (SRL16E, SRLC32E): 180 instances
  CFGLUT5 => SRLC32E: 32 instances

Synth Design complete | Checksum: a172b5d
INFO: [Common 17-83] Releasing license: Synthesis
252 Infos, 210 Warnings, 0 Critical Warnings and 0 Errors encountered.
synth_design completed successfully
synth_design: Time (s): cpu = 00:00:49 ; elapsed = 00:00:52 . Memory (MB): peak = 3668.391 ; gain = 2093.938 ; free physical = 11623 ; free virtual = 31395
INFO: [Common 17-2834] synth_design peak Physical Memory [PSS] (MB): overall = 2575.145; main = 2536.769; forked = 182.956
INFO: [Common 17-2834] synth_design peak Virtual Memory [VSS] (MB): overall = 4482.449; main = 3650.734; forked = 963.867
Write ShapeDB Complete: Time (s): cpu = 00:00:00.01 ; elapsed = 00:00:00 . Memory (MB): peak = 3674.742 ; gain = 0.000 ; free physical = 11622 ; free virtual = 31396
INFO: [Common 17-1381] The checkpoint '/home/e/Documents/research/byotee/OSDZU3_Ref_Design/OSDZU3_Ref_Design.runs/design_1_system_ila_0_0_synth_1/design_1_system_ila_0_0.dcp' has been generated.
INFO: [Coretcl 2-1648] Added synthesis output to IP cache for IP design_1_system_ila_0_0, cache-ID = c899b04b04a06c4c
INFO: [Coretcl 2-1174] Renamed 306 cell refs.
Write ShapeDB Complete: Time (s): cpu = 00:00:00.02 ; elapsed = 00:00:00 . Memory (MB): peak = 3674.742 ; gain = 0.000 ; free physical = 10871 ; free virtual = 30695
INFO: [Common 17-1381] The checkpoint '/home/e/Documents/research/byotee/OSDZU3_Ref_Design/OSDZU3_Ref_Design.runs/design_1_system_ila_0_0_synth_1/design_1_system_ila_0_0.dcp' has been generated.
INFO: [Vivado 12-24828] Executing command : report_utilization -file design_1_system_ila_0_0_utilization_synth.rpt -pb design_1_system_ila_0_0_utilization_synth.pb
INFO: [Common 17-206] Exiting Vivado at Sat Sep  6 13:57:41 2025...
