

================================================================
== Synthesis Summary Report of 'v_mix'
================================================================
+ General Information: 
    * Date:           Sat Sep  6 13:59:20 2025
    * Version:        2025.1 (Build 6135595 on May 21 2025)
    * Project:        prj
    * Solution:       sol (Vivado IP Flow Target)
    * Product family: zynquplus
    * Target device:  xczu3eg-sfvc784-1-e
    

+ Performance & Resource Estimates: 
    
    PS: '+' for module; 'o' for loop; '*' for dataflow
    +--------------------------------------------------------------+------+------+------------+-----------+----------+------------+-------+----------+------+---------+-----------+------------+-----+
    |                            Modules                           | Issue|      |         Latency        | Iteration|            |  Trip |          |      |         |           |            |     |
    |                            & Loops                           | Type | Slack|  (cycles)  |    (ns)   |  Latency |  Interval  | Count | Pipelined| BRAM |   DSP   |     FF    |     LUT    | URAM|
    +--------------------------------------------------------------+------+------+------------+-----------+----------+------------+-------+----------+------+---------+-----------+------------+-----+
    |+ v_mix                                                       |     -|  0.00|  1073938437|  5.370e+09|         -|  1073938438|      -|        no|     -|   7 (1%)|  5497 (3%)|  8415 (11%)|    -|
    | + VMixHlsDataFlowFunction*                                   |     -|  0.00|  1073938431|  5.370e+09|         -|  1073938427|      -|  dataflow|     -|   7 (1%)|  4414 (3%)|  7455 (10%)|    -|
    |  + AXIvideo2MultiPixStream_1                                 |     -|  1.24|     8316006|  4.158e+07|         -|     8316006|      -|        no|     -|        -|  164 (~0%)|   447 (~0%)|    -|
    |   + AXIvideo2MultiPixStream_1_Pipeline_loop_wait_for_start   |     -|  2.54|           2|     10.000|         -|           1|      -|    rewind|     -|        -|    4 (~0%)|    38 (~0%)|    -|
    |    o loop_wait_for_start                                     |     -|  3.65|           0|      0.000|         1|           1|      0|       yes|     -|        -|          -|           -|    -|
    |   + reg_unsigned_short_1                                     |     -|  3.65|           1|      5.000|         -|           1|      -|       yes|     -|        -|   14 (~0%)|     2 (~0%)|    -|
    |   + reg_unsigned_short_1                                     |     -|  3.65|           1|      5.000|         -|           1|      -|       yes|     -|        -|   14 (~0%)|     2 (~0%)|    -|
    |   o loop_height                                              |     -|  3.65|     8316000|  4.158e+07|      3850|           -|   2160|        no|     -|        -|          -|           -|    -|
    |    + AXIvideo2MultiPixStream_1_Pipeline_loop_width           |     -|  1.71|        3843|  1.922e+04|         -|        3841|      -|    rewind|     -|        -|   46 (~0%)|   160 (~0%)|    -|
    |     o loop_width                                             |     -|  3.65|        3841|  1.920e+04|         3|           1|   3840|       yes|     -|        -|          -|           -|    -|
    |    + AXIvideo2MultiPixStream_1_Pipeline_loop_wait_for_eol    |     -|  2.54|           2|     10.000|         -|           1|      -|    rewind|     -|        -|    4 (~0%)|    52 (~0%)|    -|
    |     o loop_wait_for_eol                                      |     -|  3.65|           0|      0.000|         1|           1|      0|       yes|     -|        -|          -|           -|    -|
    |  + AXIvideo2MultiPixStream_5                                 |     -|  1.24|     8316006|  4.158e+07|         -|     8316006|      -|        no|     -|        -|  164 (~0%)|   447 (~0%)|    -|
    |   + AXIvideo2MultiPixStream_5_Pipeline_loop_wait_for_start   |     -|  2.54|           2|     10.000|         -|           1|      -|    rewind|     -|        -|    4 (~0%)|    38 (~0%)|    -|
    |    o loop_wait_for_start                                     |     -|  3.65|           0|      0.000|         1|           1|      0|       yes|     -|        -|          -|           -|    -|
    |   + reg_unsigned_short_s                                     |     -|  3.65|           1|      5.000|         -|           1|      -|       yes|     -|        -|   14 (~0%)|     2 (~0%)|    -|
    |   + reg_unsigned_short_s                                     |     -|  3.65|           1|      5.000|         -|           1|      -|       yes|     -|        -|   14 (~0%)|     2 (~0%)|    -|
    |   o loop_height                                              |     -|  3.65|     8316000|  4.158e+07|      3850|           -|   2160|        no|     -|        -|          -|           -|    -|
    |    + AXIvideo2MultiPixStream_5_Pipeline_loop_width           |     -|  1.71|        3843|  1.922e+04|         -|        3841|      -|    rewind|     -|        -|   46 (~0%)|   160 (~0%)|    -|
    |     o loop_width                                             |     -|  3.65|        3841|  1.920e+04|         3|           1|   3840|       yes|     -|        -|          -|           -|    -|
    |    + AXIvideo2MultiPixStream_5_Pipeline_loop_wait_for_eol    |     -|  2.54|           2|     10.000|         -|           1|      -|    rewind|     -|        -|    4 (~0%)|    52 (~0%)|    -|
    |     o loop_wait_for_eol                                      |     -|  3.65|           0|      0.000|         1|           1|      0|       yes|     -|        -|          -|           -|    -|
    |  + AXIvideo2MultiPixStream                                   |     -|  1.24|     8316006|  4.158e+07|         -|     8316006|      -|        no|     -|        -|  164 (~0%)|   447 (~0%)|    -|
    |   + AXIvideo2MultiPixStream_Pipeline_loop_wait_for_start     |     -|  2.54|           2|     10.000|         -|           1|      -|    rewind|     -|        -|    4 (~0%)|    38 (~0%)|    -|
    |    o loop_wait_for_start                                     |     -|  3.65|           0|      0.000|         1|           1|      0|       yes|     -|        -|          -|           -|    -|
    |   + reg_unsigned_short_s                                     |     -|  3.65|           1|      5.000|         -|           1|      -|       yes|     -|        -|   14 (~0%)|     2 (~0%)|    -|
    |   + reg_unsigned_short_s                                     |     -|  3.65|           1|      5.000|         -|           1|      -|       yes|     -|        -|   14 (~0%)|     2 (~0%)|    -|
    |   o loop_height                                              |     -|  3.65|     8316000|  4.158e+07|      3850|           -|   2160|        no|     -|        -|          -|           -|    -|
    |    + AXIvideo2MultiPixStream_Pipeline_loop_width             |     -|  1.71|        3843|  1.922e+04|         -|        3841|      -|    rewind|     -|        -|   46 (~0%)|   160 (~0%)|    -|
    |     o loop_width                                             |     -|  3.65|        3841|  1.920e+04|         3|           1|   3840|       yes|     -|        -|          -|           -|    -|
    |    + AXIvideo2MultiPixStream_Pipeline_loop_wait_for_eol      |     -|  2.54|           2|     10.000|         -|           1|      -|    rewind|     -|        -|    4 (~0%)|    52 (~0%)|    -|
    |     o loop_wait_for_eol                                      |     -|  3.65|           0|      0.000|         1|           1|      0|       yes|     -|        -|          -|           -|    -|
    |  + v_mix_420_to_422_false_2                                  |     -|  0.00|     8303041|  4.152e+07|         -|     8303041|      -|        no|     -|        -|   58 (~0%)|   185 (~0%)|    -|
    |   o VITIS_LOOP_74_1                                          |     -|  3.65|     8303040|  4.152e+07|      3844|           -|   2160|        no|     -|        -|          -|           -|    -|
    |    + v_mix_420_to_422_false_2_Pipeline_VITIS_LOOP_76_2       |     -|  0.00|        3842|  1.921e+04|         -|        3841|      -|    rewind|     -|        -|   15 (~0%)|    98 (~0%)|    -|
    |     o VITIS_LOOP_76_2                                        |     -|  3.65|        3840|  1.920e+04|         2|           1|   3840|       yes|     -|        -|          -|           -|    -|
    |  + v_mix_420_to_422_false_6                                  |     -|  0.00|     8303041|  4.152e+07|         -|     8303041|      -|        no|     -|        -|   58 (~0%)|   185 (~0%)|    -|
    |   o VITIS_LOOP_74_1                                          |     -|  3.65|     8303040|  4.152e+07|      3844|           -|   2160|        no|     -|        -|          -|           -|    -|
    |    + v_mix_420_to_422_false_6_Pipeline_VITIS_LOOP_76_2       |     -|  0.00|        3842|  1.921e+04|         -|        3841|      -|    rewind|     -|        -|   15 (~0%)|    98 (~0%)|    -|
    |     o VITIS_LOOP_76_2                                        |     -|  3.65|        3840|  1.920e+04|         2|           1|   3840|       yes|     -|        -|          -|           -|    -|
    |  + v_mix_420_to_422_false_s                                  |     -|  0.00|     8303041|  4.152e+07|         -|     8303041|      -|        no|     -|        -|   58 (~0%)|   185 (~0%)|    -|
    |   o VITIS_LOOP_74_1                                          |     -|  3.65|     8303040|  4.152e+07|      3844|           -|   2160|        no|     -|        -|          -|           -|    -|
    |    + v_mix_420_to_422_false_Pipeline_VITIS_LOOP_76_2         |     -|  0.00|        3842|  1.921e+04|         -|        3841|      -|    rewind|     -|        -|   15 (~0%)|    98 (~0%)|    -|
    |     o VITIS_LOOP_76_2                                        |     -|  3.65|        3840|  1.920e+04|         2|           1|   3840|       yes|     -|        -|          -|           -|    -|
    |  + v_mix_422_to_444_false_3                                  |     -|  0.00|     8303041|  4.152e+07|         -|     8303041|      -|        no|     -|        -|   58 (~0%)|   185 (~0%)|    -|
    |   o VITIS_LOOP_103_1                                         |     -|  3.65|     8303040|  4.152e+07|      3844|           -|   2160|        no|     -|        -|          -|           -|    -|
    |    + v_mix_422_to_444_false_3_Pipeline_VITIS_LOOP_105_2      |     -|  0.00|        3842|  1.921e+04|         -|        3841|      -|    rewind|     -|        -|   15 (~0%)|    98 (~0%)|    -|
    |     o VITIS_LOOP_105_2                                       |     -|  3.65|        3840|  1.920e+04|         2|           1|   3840|       yes|     -|        -|          -|           -|    -|
    |  + v_mix_422_to_444_true_s                                   |     -|  1.34|  1073938426|  5.370e+09|         -|  1073938426|      -|        no|     -|        -|  370 (~0%)|   696 (~0%)|    -|
    |   o VITIS_LOOP_159_1                                         |     -|  3.65|  1073938425|  5.370e+09|     32775|           -|  32767|        no|     -|        -|          -|           -|    -|
    |    + v_mix_422_to_444_true_Pipeline_VITIS_LOOP_161_2         |     -|  1.34|       32771|  1.639e+05|         -|       32768|      -|    rewind|     -|        -|  161 (~0%)|   537 (~0%)|    -|
    |     o VITIS_LOOP_161_2                                       |     -|  3.65|       32769|  1.638e+05|         4|           1|  32767|       yes|     -|        -|          -|           -|    -|
    |  + v_mix_422_to_444_false_s                                  |     -|  0.00|     8303041|  4.152e+07|         -|     8303041|      -|        no|     -|        -|   58 (~0%)|   185 (~0%)|    -|
    |   o VITIS_LOOP_103_1                                         |     -|  3.65|     8303040|  4.152e+07|      3844|           -|   2160|        no|     -|        -|          -|           -|    -|
    |    + v_mix_422_to_444_false_Pipeline_VITIS_LOOP_105_2        |     -|  0.00|        3842|  1.921e+04|         -|        3841|      -|    rewind|     -|        -|   15 (~0%)|    98 (~0%)|    -|
    |     o VITIS_LOOP_105_2                                       |     -|  3.65|        3840|  1.920e+04|         2|           1|   3840|       yes|     -|        -|          -|           -|    -|
    |  + v_mix_yuv2rgb_false_4                                     |     -|  0.00|     8303041|  4.152e+07|         -|     8303041|      -|        no|     -|        -|   58 (~0%)|   185 (~0%)|    -|
    |   o VITIS_LOOP_895_1                                         |     -|  3.65|     8303040|  4.152e+07|      3844|           -|   2160|        no|     -|        -|          -|           -|    -|
    |    + v_mix_yuv2rgb_false_4_Pipeline_VITIS_LOOP_897_2         |     -|  0.00|        3842|  1.921e+04|         -|        3841|      -|    rewind|     -|        -|   15 (~0%)|    98 (~0%)|    -|
    |     o VITIS_LOOP_897_2                                       |     -|  3.65|        3840|  1.920e+04|         2|           1|   3840|       yes|     -|        -|          -|           -|    -|
    |  + v_mix_yuv2rgb_true_s                                      |     -|  0.00|     8311681|  4.156e+07|         -|     8311681|      -|        no|     -|   4 (1%)|  218 (~0%)|   421 (~0%)|    -|
    |   o VITIS_LOOP_939_1                                         |     -|  3.65|     8311680|  4.156e+07|      3848|           -|   2160|        no|     -|        -|          -|           -|    -|
    |    + v_mix_yuv2rgb_true_Pipeline_VITIS_LOOP_941_2            |     -|  0.00|        3846|  1.923e+04|         -|        3841|      -|    rewind|     -|   4 (1%)|  175 (~0%)|   334 (~0%)|    -|
    |     o VITIS_LOOP_941_2                                       |     -|  3.65|        3844|  1.922e+04|         6|           1|   3840|       yes|     -|        -|          -|           -|    -|
    |  + v_mix_yuv2rgb_false_s                                     |     -|  0.00|     8303041|  4.152e+07|         -|     8303041|      -|        no|     -|        -|   58 (~0%)|   185 (~0%)|    -|
    |   o VITIS_LOOP_895_1                                         |     -|  3.65|     8303040|  4.152e+07|      3844|           -|   2160|        no|     -|        -|          -|           -|    -|
    |    + v_mix_yuv2rgb_false_Pipeline_VITIS_LOOP_897_2           |     -|  0.00|        3842|  1.921e+04|         -|        3841|      -|    rewind|     -|        -|   15 (~0%)|    98 (~0%)|    -|
    |     o VITIS_LOOP_897_2                                       |     -|  3.65|        3840|  1.920e+04|         2|           1|   3840|       yes|     -|        -|          -|           -|    -|
    |  + v_mix_upsample_false_7                                    |     -|  0.00|     8303041|  4.152e+07|         -|     8303041|      -|        no|     -|        -|   57 (~0%)|   176 (~0%)|    -|
    |   o VITIS_LOOP_105_1                                         |     -|  3.65|     8303040|  4.152e+07|      3844|           -|   2160|        no|     -|        -|          -|           -|    -|
    |    + v_mix_upsample_false_7_Pipeline_VITIS_LOOP_107_2        |     -|  0.00|        3842|  1.921e+04|         -|        3841|      -|    rewind|     -|        -|   15 (~0%)|    98 (~0%)|    -|
    |     o VITIS_LOOP_107_2                                       |     -|  3.65|        3840|  1.920e+04|         2|           1|   3840|       yes|     -|        -|          -|           -|    -|
    |  + v_mix_upsample_false_s                                    |     -|  0.00|     8303041|  4.152e+07|         -|     8303041|      -|        no|     -|        -|   57 (~0%)|   176 (~0%)|    -|
    |   o VITIS_LOOP_105_1                                         |     -|  3.65|     8303040|  4.152e+07|      3844|           -|   2160|        no|     -|        -|          -|           -|    -|
    |    + v_mix_upsample_false_Pipeline_VITIS_LOOP_107_2          |     -|  0.00|        3842|  1.921e+04|         -|        3841|      -|    rewind|     -|        -|   15 (~0%)|    98 (~0%)|    -|
    |     o VITIS_LOOP_107_2                                       |     -|  3.65|        3840|  1.920e+04|         2|           1|   3840|       yes|     -|        -|          -|           -|    -|
    |  + v_mix_core_alpha_false_false_s                            |     -|  0.46|     8305201|  4.153e+07|         -|     8305201|      -|        no|     -|        -|  204 (~0%)|   522 (~0%)|    -|
    |   o VITIS_LOOP_463_2                                         |     -|  3.65|     8305200|  4.153e+07|      3845|           -|   2160|        no|     -|        -|          -|           -|    -|
    |    + v_mix_core_alpha_false_false_Pipeline_VITIS_LOOP_465_3  |     -|  1.31|        3843|  1.922e+04|         -|        3841|      -|    rewind|     -|        -|   68 (~0%)|   268 (~0%)|    -|
    |     o VITIS_LOOP_465_3                                       |     -|  3.65|        3841|  1.920e+04|         3|           1|   3840|       yes|     -|        -|          -|           -|    -|
    |  + v_mix_core_alpha_true_false_s                             |     -|  0.46|     8311682|  4.156e+07|         -|     8311682|      -|        no|     -|  3 (~0%)|  415 (~0%)|   621 (~0%)|    -|
    |   + reg_unsigned_short_12                                    |     -|  3.65|           1|      5.000|         -|           1|      -|       yes|     -|        -|   11 (~0%)|     2 (~0%)|    -|
    |   o VITIS_LOOP_393_2                                         |     -|  3.65|     8311680|  4.156e+07|      3848|           -|   2160|        no|     -|        -|          -|           -|    -|
    |    + v_mix_core_alpha_true_false_Pipeline_VITIS_LOOP_395_3   |     -|  0.99|        3846|  1.923e+04|         -|        3841|      -|    rewind|     -|  3 (~0%)|  259 (~0%)|   359 (~0%)|    -|
    |     o VITIS_LOOP_395_3                                       |     -|  3.65|        3844|  1.922e+04|         6|           1|   3840|       yes|     -|        -|          -|           -|    -|
    |  + v_mix_rgb2yuv_false_s                                     |     -|  0.00|     8303041|  4.152e+07|         -|     8303041|      -|        no|     -|        -|   57 (~0%)|   185 (~0%)|    -|
    |   o VITIS_LOOP_1040_1                                        |     -|  3.65|     8303040|  4.152e+07|      3844|           -|   2160|        no|     -|        -|          -|           -|    -|
    |    + v_mix_rgb2yuv_false_Pipeline_VITIS_LOOP_1042_2          |     -|  0.00|        3842|  1.921e+04|         -|        3841|      -|    rewind|     -|        -|   15 (~0%)|    98 (~0%)|    -|
    |     o VITIS_LOOP_1042_2                                      |     -|  3.65|        3840|  1.920e+04|         2|           1|   3840|       yes|     -|        -|          -|           -|    -|
    |  + v_mix_444_to_422_false_s                                  |     -|  0.00|     8303041|  4.152e+07|         -|     8303041|      -|        no|     -|        -|   57 (~0%)|   185 (~0%)|    -|
    |   o VITIS_LOOP_716_1                                         |     -|  3.65|     8303040|  4.152e+07|      3844|           -|   2160|        no|     -|        -|          -|           -|    -|
    |    + v_mix_444_to_422_false_Pipeline_VITIS_LOOP_718_2        |     -|  0.00|        3842|  1.921e+04|         -|        3841|      -|    rewind|     -|        -|   15 (~0%)|    98 (~0%)|    -|
    |     o VITIS_LOOP_718_2                                       |     -|  3.65|        3840|  1.920e+04|         2|           1|   3840|       yes|     -|        -|          -|           -|    -|
    |  + v_mix_422_to_420_false_s                                  |     -|  0.00|     8303041|  4.152e+07|         -|     8303041|      -|        no|     -|        -|   57 (~0%)|   185 (~0%)|    -|
    |   o VITIS_LOOP_506_1                                         |     -|  3.65|     8303040|  4.152e+07|      3844|           -|   2160|        no|     -|        -|          -|           -|    -|
    |    + v_mix_422_to_420_false_Pipeline_VITIS_LOOP_508_2        |     -|  0.00|        3842|  1.921e+04|         -|        3841|      -|    rewind|     -|        -|   15 (~0%)|    98 (~0%)|    -|
    |     o VITIS_LOOP_508_2                                       |     -|  3.65|        3840|  1.920e+04|         2|           1|   3840|       yes|     -|        -|          -|           -|    -|
    |  + MultiPixStream2AXIvideo                                   |     -|  1.21|     8305202|  4.153e+07|         -|     8305202|      -|        no|     -|        -|  139 (~0%)|   336 (~0%)|    -|
    |   + reg_unsigned_short_1                                     |     -|  3.65|           1|      5.000|         -|           1|      -|       yes|     -|        -|   14 (~0%)|     2 (~0%)|    -|
    |   + reg_unsigned_short_1                                     |     -|  3.65|           1|      5.000|         -|           1|      -|       yes|     -|        -|   14 (~0%)|     2 (~0%)|    -|
    |   o VITIS_LOOP_3517_2                                        |     -|  3.65|     8305200|  4.153e+07|      3845|           -|   2160|        no|     -|        -|          -|           -|    -|
    |    + MultiPixStream2AXIvideo_Pipeline_VITIS_LOOP_3519_3      |     -|  1.21|        3843|  1.922e+04|         -|        3841|      -|    rewind|     -|        -|   19 (~0%)|   133 (~0%)|    -|
    |     o VITIS_LOOP_3519_3                                      |     -|  3.65|        3841|  1.920e+04|         2|           1|   3840|       yes|     -|        -|          -|           -|    -|
    | o VITIS_LOOP_2912_1                                          |     -|  3.65|           2|     10.000|         1|           1|      3|       yes|     -|        -|          -|           -|    -|
    +--------------------------------------------------------------+------+------+------------+-----------+----------+------------+-------+----------+------+---------+-----------+------------+-----+


================================================================
== HW Interfaces
================================================================
* S_AXILITE Interfaces
+------------+------------+---------------+--------+----------+
| Interface  | Data Width | Address Width | Offset | Register |
+------------+------------+---------------+--------+----------+
| s_axi_CTRL | 32         | 12            | 16     | 0        |
+------------+------------+---------------+--------+----------+

* S_AXILITE Registers
+------------+--------------------+--------+-------+--------+-----------------------------------+----------------------------------------------------------------------+
| Interface  | Register           | Offset | Width | Access | Description                       | Bit Fields                                                           |
+------------+--------------------+--------+-------+--------+-----------------------------------+----------------------------------------------------------------------+
| s_axi_CTRL | CTRL               | 0x00   | 32    | RW     | Control signals                   | 0=AP_START 1=AP_DONE 2=AP_IDLE 3=AP_READY 7=AUTO_RESTART 9=INTERRUPT |
| s_axi_CTRL | GIER               | 0x04   | 32    | RW     | Global Interrupt Enable Register  | 0=Enable                                                             |
| s_axi_CTRL | IP_IER             | 0x08   | 32    | RW     | IP Interrupt Enable Register      | 0=CHAN0_INT_EN 1=CHAN1_INT_EN                                        |
| s_axi_CTRL | IP_ISR             | 0x0c   | 32    | RW     | IP Interrupt Status Register      | 0=CHAN0_INT_ST 1=CHAN1_INT_ST                                        |
| s_axi_CTRL | width              | 0x10   | 32    | W      | Data signal of width              |                                                                      |
| s_axi_CTRL | height             | 0x18   | 32    | W      | Data signal of height             |                                                                      |
| s_axi_CTRL | video_format       | 0x20   | 32    | W      | Data signal of video_format       |                                                                      |
| s_axi_CTRL | background_Y_R     | 0x28   | 32    | W      | Data signal of background_Y_R     |                                                                      |
| s_axi_CTRL | background_U_G     | 0x30   | 32    | W      | Data signal of background_U_G     |                                                                      |
| s_axi_CTRL | background_V_B     | 0x38   | 32    | W      | Data signal of background_V_B     |                                                                      |
| s_axi_CTRL | layerEnable        | 0x40   | 32    | W      | Data signal of layerEnable        |                                                                      |
| s_axi_CTRL | layerAlpha_1       | 0x200  | 32    | W      | Data signal of layerAlpha_1       |                                                                      |
| s_axi_CTRL | layerStartX_1      | 0x208  | 32    | W      | Data signal of layerStartX_1      |                                                                      |
| s_axi_CTRL | layerStartY_1      | 0x210  | 32    | W      | Data signal of layerStartY_1      |                                                                      |
| s_axi_CTRL | layerWidth_1       | 0x218  | 32    | W      | Data signal of layerWidth_1       |                                                                      |
| s_axi_CTRL | layerStride_1      | 0x220  | 32    | W      | Data signal of layerStride_1      |                                                                      |
| s_axi_CTRL | layerHeight_1      | 0x228  | 32    | W      | Data signal of layerHeight_1      |                                                                      |
| s_axi_CTRL | layerScaleFactor_1 | 0x230  | 32    | W      | Data signal of layerScaleFactor_1 |                                                                      |
| s_axi_CTRL | layerAlpha_2       | 0x300  | 32    | W      | Data signal of layerAlpha_2       |                                                                      |
| s_axi_CTRL | layerStartX_2      | 0x308  | 32    | W      | Data signal of layerStartX_2      |                                                                      |
| s_axi_CTRL | layerStartY_2      | 0x310  | 32    | W      | Data signal of layerStartY_2      |                                                                      |
| s_axi_CTRL | layerWidth_2       | 0x318  | 32    | W      | Data signal of layerWidth_2       |                                                                      |
| s_axi_CTRL | layerStride_2      | 0x320  | 32    | W      | Data signal of layerStride_2      |                                                                      |
| s_axi_CTRL | layerHeight_2      | 0x328  | 32    | W      | Data signal of layerHeight_2      |                                                                      |
| s_axi_CTRL | layerScaleFactor_2 | 0x330  | 32    | W      | Data signal of layerScaleFactor_2 |                                                                      |
| s_axi_CTRL | reserve            | 0xff0  | 32    | W      | Data signal of reserve            |                                                                      |
+------------+--------------------+--------+-------+--------+-----------------------------------+----------------------------------------------------------------------+

* AXIS
+---------------+-----------+---------------+-------+-------+-----+-------+-------+--------+-------+-------+--------+
| Interface     | Direction | Register Mode | TDATA | TDEST | TID | TKEEP | TLAST | TREADY | TSTRB | TUSER | TVALID |
+---------------+-----------+---------------+-------+-------+-----+-------+-------+--------+-------+-------+--------+
| m_axis_video  | out       | both          | 24    | 1     | 1   | 3     | 1     | 1      | 3     | 1     | 1      |
| s_axis_video  | in        | both          | 24    | 1     | 1   | 3     | 1     | 1      | 3     | 1     | 1      |
| s_axis_video1 | in        | both          | 24    | 1     | 1   | 3     | 1     | 1      | 3     | 1     | 1      |
| s_axis_video2 | in        | both          | 24    | 1     | 1   | 3     | 1     | 1      | 3     | 1     | 1      |
+---------------+-----------+---------------+-------+-------+-----+-------+-------+--------+-------+-------+--------+

* AP_MEMORY
+---------------------------+-----------+----------+
| Port                      | Direction | Bitwidth |
+---------------------------+-----------+----------+
| layerVideoFormat_address0 | out       | 2        |
| layerVideoFormat_address1 | out       | 2        |
| layerVideoFormat_d0       | out       | 8        |
| layerVideoFormat_d1       | out       | 8        |
| layerVideoFormat_q0       | in        | 8        |
| layerVideoFormat_q1       | in        | 8        |
+---------------------------+-----------+----------+

* Other Ports
+--------------------+---------+-----------+----------+
| Port               | Mode    | Direction | Bitwidth |
+--------------------+---------+-----------+----------+
| BOffset            | ap_none | in        | 32       |
| GOffset            | ap_none | in        | 32       |
| K11                | ap_none | in        | 32       |
| K11_2              | ap_none | in        | 32       |
| K12                | ap_none | in        | 32       |
| K12_2              | ap_none | in        | 32       |
| K13                | ap_none | in        | 32       |
| K13_2              | ap_none | in        | 32       |
| K21                | ap_none | in        | 32       |
| K21_2              | ap_none | in        | 32       |
| K22                | ap_none | in        | 32       |
| K22_2              | ap_none | in        | 32       |
| K23                | ap_none | in        | 32       |
| K23_2              | ap_none | in        | 32       |
| K31                | ap_none | in        | 32       |
| K31_2              | ap_none | in        | 32       |
| K32                | ap_none | in        | 32       |
| K32_2              | ap_none | in        | 32       |
| K33                | ap_none | in        | 32       |
| K33_2              | ap_none | in        | 32       |
| ROffset            | ap_none | in        | 32       |
| UOffset            | ap_none | in        | 32       |
| VOffset            | ap_none | in        | 32       |
| YOffset            | ap_none | in        | 32       |
| layerAlpha_0       | ap_none | in        | 16       |
| layerHeight_0      | ap_none | in        | 16       |
| layerScaleFactor_0 | ap_none | in        | 8        |
| layerStartX_0      | ap_none | in        | 16       |
| layerStartY_0      | ap_none | in        | 16       |
| layerStride_0      | ap_none | in        | 16       |
| layerWidth_0       | ap_none | in        | 16       |
+--------------------+---------+-----------+----------+

* TOP LEVEL CONTROL
+-----------+------------+-----------+
| Interface | Type       | Ports     |
+-----------+------------+-----------+
| ap_clk    | clock      | ap_clk    |
| ap_rst_n  | reset      | ap_rst_n  |
| interrupt | interrupt  | interrupt |
| ap_ctrl   | ap_ctrl_hs |           |
+-----------+------------+-----------+


================================================================
== SW I/O Information
================================================================
* Top Function Arguments
+------------------+-----------+---------------------------------------------------------+
| Argument         | Direction | Datatype                                                |
+------------------+-----------+---------------------------------------------------------+
| s_axis_video     | in        | stream<hls::axis<ap_uint<24>, 1, 1, 1, '8', false>, 0>& |
| s_axis_video1    | in        | stream<hls::axis<ap_uint<24>, 1, 1, 1, '8', false>, 0>& |
| s_axis_video2    | in        | stream<hls::axis<ap_uint<24>, 1, 1, 1, '8', false>, 0>& |
| width            | in        | unsigned short                                          |
| height           | in        | unsigned short                                          |
| video_format     | in        | unsigned short                                          |
| background_Y_R   | in        | unsigned short                                          |
| background_U_G   | in        | unsigned short                                          |
| background_V_B   | in        | unsigned short                                          |
| layerEnable      | in        | unsigned int                                            |
| layerAlpha       | in        | unsigned short*                                         |
| layerStartX      | in        | unsigned short*                                         |
| layerStartY      | in        | unsigned short*                                         |
| layerWidth       | in        | unsigned short*                                         |
| layerHeight      | in        | unsigned short*                                         |
| layerScaleFactor | in        | unsigned char*                                          |
| layerVideoFormat | unused    | unsigned char*                                          |
| layerStride      | unused    | unsigned short*                                         |
| reserve          | in        | unsigned short                                          |
| K11              | in        | int                                                     |
| K12              | in        | int                                                     |
| K13              | in        | int                                                     |
| K21              | in        | int                                                     |
| K22              | in        | int                                                     |
| K23              | in        | int                                                     |
| K31              | in        | int                                                     |
| K32              | in        | int                                                     |
| K33              | in        | int                                                     |
| ROffset          | in        | int                                                     |
| GOffset          | in        | int                                                     |
| BOffset          | in        | int                                                     |
| K11_2            | in        | int                                                     |
| K12_2            | in        | int                                                     |
| K13_2            | in        | int                                                     |
| K21_2            | in        | int                                                     |
| K22_2            | in        | int                                                     |
| K23_2            | in        | int                                                     |
| K31_2            | in        | int                                                     |
| K32_2            | in        | int                                                     |
| K33_2            | in        | int                                                     |
| YOffset          | in        | int                                                     |
| UOffset          | in        | int                                                     |
| VOffset          | in        | int                                                     |
| m_axis_video     | out       | stream<hls::axis<ap_uint<24>, 1, 1, 1, '8', false>, 0>& |
+------------------+-----------+---------------------------------------------------------+

* SW-to-HW Mapping
+------------------+---------------------------+-----------+----------+------------------------------------------+
| Argument         | HW Interface              | HW Type   | HW Usage | HW Info                                  |
+------------------+---------------------------+-----------+----------+------------------------------------------+
| s_axis_video     | s_axis_video              | interface |          |                                          |
| s_axis_video1    | s_axis_video1             | interface |          |                                          |
| s_axis_video2    | s_axis_video2             | interface |          |                                          |
| width            | s_axi_CTRL                | register  |          | name=width offset=0x10 range=32          |
| height           | s_axi_CTRL                | register  |          | name=height offset=0x18 range=32         |
| video_format     | s_axi_CTRL                | register  |          | name=video_format offset=0x20 range=32   |
| background_Y_R   | s_axi_CTRL                | register  |          | name=background_Y_R offset=0x28 range=32 |
| background_U_G   | s_axi_CTRL                | register  |          | name=background_U_G offset=0x30 range=32 |
| background_V_B   | s_axi_CTRL                | register  |          | name=background_V_B offset=0x38 range=32 |
| layerEnable      | s_axi_CTRL                | register  |          | name=layerEnable offset=0x40 range=32    |
| layerAlpha       | s_axi_CTRL                | interface |          |                                          |
| layerAlpha       | s_axi_CTRL                | interface |          |                                          |
| layerAlpha       | layerAlpha_0              | port      |          |                                          |
| layerStartX      | s_axi_CTRL                | interface |          |                                          |
| layerStartX      | s_axi_CTRL                | interface |          |                                          |
| layerStartX      | layerStartX_0             | port      |          |                                          |
| layerStartY      | s_axi_CTRL                | interface |          |                                          |
| layerStartY      | s_axi_CTRL                | interface |          |                                          |
| layerStartY      | layerStartY_0             | port      |          |                                          |
| layerWidth       | s_axi_CTRL                | interface |          |                                          |
| layerWidth       | s_axi_CTRL                | interface |          |                                          |
| layerWidth       | layerWidth_0              | port      |          |                                          |
| layerHeight      | s_axi_CTRL                | interface |          |                                          |
| layerHeight      | s_axi_CTRL                | interface |          |                                          |
| layerHeight      | layerHeight_0             | port      |          |                                          |
| layerScaleFactor | s_axi_CTRL                | interface |          |                                          |
| layerScaleFactor | s_axi_CTRL                | interface |          |                                          |
| layerScaleFactor | layerScaleFactor_0        | port      |          |                                          |
| layerVideoFormat | layerVideoFormat_address0 | port      | offset   |                                          |
| layerVideoFormat | layerVideoFormat_ce0      | port      |          |                                          |
| layerVideoFormat | layerVideoFormat_we0      | port      |          |                                          |
| layerVideoFormat | layerVideoFormat_d0       | port      |          |                                          |
| layerVideoFormat | layerVideoFormat_q0       | port      |          |                                          |
| layerVideoFormat | layerVideoFormat_address1 | port      | offset   |                                          |
| layerVideoFormat | layerVideoFormat_ce1      | port      |          |                                          |
| layerVideoFormat | layerVideoFormat_we1      | port      |          |                                          |
| layerVideoFormat | layerVideoFormat_d1       | port      |          |                                          |
| layerVideoFormat | layerVideoFormat_q1       | port      |          |                                          |
| layerStride      | s_axi_CTRL                | interface |          |                                          |
| layerStride      | s_axi_CTRL                | interface |          |                                          |
| layerStride      | layerStride_0             | port      |          |                                          |
| reserve          | s_axi_CTRL                | register  |          | name=reserve offset=0xff0 range=32       |
| K11              | K11                       | port      |          |                                          |
| K12              | K12                       | port      |          |                                          |
| K13              | K13                       | port      |          |                                          |
| K21              | K21                       | port      |          |                                          |
| K22              | K22                       | port      |          |                                          |
| K23              | K23                       | port      |          |                                          |
| K31              | K31                       | port      |          |                                          |
| K32              | K32                       | port      |          |                                          |
| K33              | K33                       | port      |          |                                          |
| ROffset          | ROffset                   | port      |          |                                          |
| GOffset          | GOffset                   | port      |          |                                          |
| BOffset          | BOffset                   | port      |          |                                          |
| K11_2            | K11_2                     | port      |          |                                          |
| K12_2            | K12_2                     | port      |          |                                          |
| K13_2            | K13_2                     | port      |          |                                          |
| K21_2            | K21_2                     | port      |          |                                          |
| K22_2            | K22_2                     | port      |          |                                          |
| K23_2            | K23_2                     | port      |          |                                          |
| K31_2            | K31_2                     | port      |          |                                          |
| K32_2            | K32_2                     | port      |          |                                          |
| K33_2            | K33_2                     | port      |          |                                          |
| YOffset          | YOffset                   | port      |          |                                          |
| UOffset          | UOffset                   | port      |          |                                          |
| VOffset          | VOffset                   | port      |          |                                          |
| m_axis_video     | m_axis_video              | interface |          |                                          |
+------------------+---------------------------+-----------+----------+------------------------------------------+


================================================================
== M_AXI Burst Information
================================================================
 Note: All burst requests might be further partitioned into multiple requests during RTL generation based on max_read_burst_length or max_write_burst_length settings.


================================================================
== Bind Op Report
================================================================
+-------------------------------------------------------------+-----+--------+------------------------+-----------+------------------------+---------+
| Name                                                        | DSP | Pragma | Variable               | Op        | Impl                   | Latency |
+-------------------------------------------------------------+-----+--------+------------------------+-----------+------------------------+---------+
| + v_mix                                                     | 7   |        |                        |           |                        |         |
|   sparsemux_7_2_16_1_1_U440                                 |     |        | HwReg_layerAlpha       | sparsemux | onehotencoding_realdef | 0       |
|   sparsemux_7_2_16_1_1_U441                                 |     |        | HwReg_layerStartX      | sparsemux | onehotencoding_realdef | 0       |
|   sparsemux_7_2_16_1_1_U442                                 |     |        | HwReg_layerStartY      | sparsemux | onehotencoding_realdef | 0       |
|   sparsemux_7_2_16_1_1_U443                                 |     |        | tmp_s                  | sparsemux | onehotencoding_realdef | 0       |
|   sparsemux_7_2_16_1_1_U444                                 |     |        | tmp_6                  | sparsemux | onehotencoding_realdef | 0       |
|   sparsemux_7_2_8_1_1_U445                                  |     |        | HwReg_layerScaleFactor | sparsemux | onehotencoding_realdef | 0       |
|   bitselect_1ns_32ns_2ns_1_1_1_U446                         |     |        | tobool                 | bitselect | auto                   | 0       |
|   i_fu_721_p2                                               |     |        | i                      | add       | fabric                 | 0       |
|   icmp_ln2912_fu_805_p2                                     |     |        | icmp_ln2912            | seteq     | auto                   | 0       |
|  + VMixHlsDataFlowFunction                                  | 7   |        |                        |           |                        |         |
|   + AXIvideo2MultiPixStream_1                               | 0   |        |                        |           |                        |         |
|     cmp10403_fu_271_p2                                      |     |        | cmp10403               | setne     | auto                   | 0       |
|     xor_ln3436_fu_276_p2                                    |     |        | xor_ln3436             | xor       | auto                   | 0       |
|     icmp_ln3387_fu_285_p2                                   |     |        | icmp_ln3387            | seteq     | auto                   | 0       |
|     i_6_fu_290_p2                                           |     |        | i_6                    | add       | fabric                 | 0       |
|     select_ln3436_fu_356_p3                                 |     |        | select_ln3436          | select    | auto_sel               | 0       |
|     and_ln3436_fu_300_p2                                    |     |        | and_ln3436             | and       | auto                   | 0       |
|    + AXIvideo2MultiPixStream_1_Pipeline_loop_width          | 0   |        |                        |           |                        |         |
|      icmp_ln3391_fu_202_p2                                  |     |        | icmp_ln3391            | seteq     | auto                   | 0       |
|      j_8_fu_208_p2                                          |     |        | j_8                    | add       | fabric                 | 0       |
|      or_ln3395_fu_219_p2                                    |     |        | or_ln3395              | or        | auto                   | 0       |
|   + AXIvideo2MultiPixStream_5                               | 0   |        |                        |           |                        |         |
|     cmp10403_i_i_fu_269_p2                                  |     |        | cmp10403_i_i           | setne     | auto                   | 0       |
|     xor_ln3436_fu_274_p2                                    |     |        | xor_ln3436             | xor       | auto                   | 0       |
|     icmp_ln3387_fu_283_p2                                   |     |        | icmp_ln3387            | seteq     | auto                   | 0       |
|     i_4_fu_288_p2                                           |     |        | i_4                    | add       | fabric                 | 0       |
|     select_ln3436_fu_354_p3                                 |     |        | select_ln3436          | select    | auto_sel               | 0       |
|     and_ln3436_fu_298_p2                                    |     |        | and_ln3436             | and       | auto                   | 0       |
|    + AXIvideo2MultiPixStream_5_Pipeline_loop_width          | 0   |        |                        |           |                        |         |
|      icmp_ln3391_fu_196_p2                                  |     |        | icmp_ln3391            | seteq     | auto                   | 0       |
|      j_6_fu_202_p2                                          |     |        | j_6                    | add       | fabric                 | 0       |
|      or_ln3395_fu_213_p2                                    |     |        | or_ln3395              | or        | auto                   | 0       |
|   + AXIvideo2MultiPixStream                                 | 0   |        |                        |           |                        |         |
|     cmp10403_i_i_fu_269_p2                                  |     |        | cmp10403_i_i           | setne     | auto                   | 0       |
|     xor_ln3436_fu_274_p2                                    |     |        | xor_ln3436             | xor       | auto                   | 0       |
|     icmp_ln3387_fu_283_p2                                   |     |        | icmp_ln3387            | seteq     | auto                   | 0       |
|     i_8_fu_288_p2                                           |     |        | i_8                    | add       | fabric                 | 0       |
|     select_ln3436_fu_354_p3                                 |     |        | select_ln3436          | select    | auto_sel               | 0       |
|     and_ln3436_fu_298_p2                                    |     |        | and_ln3436             | and       | auto                   | 0       |
|    + AXIvideo2MultiPixStream_Pipeline_loop_width            | 0   |        |                        |           |                        |         |
|      icmp_ln3391_fu_196_p2                                  |     |        | icmp_ln3391            | seteq     | auto                   | 0       |
|      j_4_fu_202_p2                                          |     |        | j_4                    | add       | fabric                 | 0       |
|      or_ln3395_fu_213_p2                                    |     |        | or_ln3395              | or        | auto                   | 0       |
|   + v_mix_420_to_422_false_2                                | 0   |        |                        |           |                        |         |
|     icmp_ln74_fu_91_p2                                      |     |        | icmp_ln74              | seteq     | auto                   | 0       |
|     y_22_fu_96_p2                                           |     |        | y_22                   | add       | fabric                 | 0       |
|    + v_mix_420_to_422_false_2_Pipeline_VITIS_LOOP_76_2      | 0   |        |                        |           |                        |         |
|      icmp_ln76_fu_80_p2                                     |     |        | icmp_ln76              | seteq     | auto                   | 0       |
|      x_24_fu_86_p2                                          |     |        | x_24                   | add       | fabric                 | 0       |
|   + v_mix_420_to_422_false_6                                | 0   |        |                        |           |                        |         |
|     icmp_ln74_fu_87_p2                                      |     |        | icmp_ln74              | seteq     | auto                   | 0       |
|     y_21_fu_92_p2                                           |     |        | y_21                   | add       | fabric                 | 0       |
|    + v_mix_420_to_422_false_6_Pipeline_VITIS_LOOP_76_2      | 0   |        |                        |           |                        |         |
|      icmp_ln76_fu_78_p2                                     |     |        | icmp_ln76              | seteq     | auto                   | 0       |
|      x_23_fu_84_p2                                          |     |        | x_23                   | add       | fabric                 | 0       |
|   + v_mix_420_to_422_false_s                                | 0   |        |                        |           |                        |         |
|     icmp_ln74_fu_87_p2                                      |     |        | icmp_ln74              | seteq     | auto                   | 0       |
|     y_24_fu_92_p2                                           |     |        | y_24                   | add       | fabric                 | 0       |
|    + v_mix_420_to_422_false_Pipeline_VITIS_LOOP_76_2        | 0   |        |                        |           |                        |         |
|      icmp_ln76_fu_78_p2                                     |     |        | icmp_ln76              | seteq     | auto                   | 0       |
|      x_21_fu_84_p2                                          |     |        | x_21                   | add       | fabric                 | 0       |
|   + v_mix_422_to_444_false_3                                | 0   |        |                        |           |                        |         |
|     icmp_ln103_fu_91_p2                                     |     |        | icmp_ln103             | seteq     | auto                   | 0       |
|     y_16_fu_96_p2                                           |     |        | y_16                   | add       | fabric                 | 0       |
|    + v_mix_422_to_444_false_3_Pipeline_VITIS_LOOP_105_2     | 0   |        |                        |           |                        |         |
|      icmp_ln105_fu_80_p2                                    |     |        | icmp_ln105             | seteq     | auto                   | 0       |
|      x_18_fu_86_p2                                          |     |        | x_18                   | add       | fabric                 | 0       |
|   + v_mix_422_to_444_true_s                                 | 0   |        |                        |           |                        |         |
|     loopWidth_fu_162_p2                                     |     |        | loopWidth              | add       | fabric                 | 0       |
|     cmp28336_fu_168_p2                                      |     |        | cmp28336               | setgt     | auto                   | 0       |
|     icmp_ln159_fu_186_p2                                    |     |        | icmp_ln159             | setlt     | auto                   | 0       |
|     add_ln159_fu_191_p2                                     |     |        | add_ln159              | add       | fabric                 | 0       |
|     select_ln159_fu_222_p3                                  |     |        | select_ln159           | select    | auto_sel               | 0       |
|    + v_mix_422_to_444_true_Pipeline_VITIS_LOOP_161_2        | 0   |        |                        |           |                        |         |
|      icmp_ln161_fu_227_p2                                   |     |        | icmp_ln161             | setlt     | auto                   | 0       |
|      add_ln161_fu_233_p2                                    |     |        | add_ln161              | add       | fabric                 | 0       |
|      add_ln167_fu_239_p2                                    |     |        | add_ln167              | add       | fabric                 | 0       |
|      icmp_ln169_fu_245_p2                                   |     |        | icmp_ln169             | setlt     | auto                   | 0       |
|      select_ln177_fu_304_p3                                 |     |        | select_ln177           | select    | auto_sel               | 0       |
|      select_ln177_1_fu_311_p3                               |     |        | select_ln177_1         | select    | auto_sel               | 0       |
|      cmp111_fu_255_p2                                       |     |        | cmp111                 | seteq     | auto                   | 0       |
|      select_ln222_fu_380_p3                                 |     |        | select_ln222           | select    | auto_sel               | 0       |
|      select_ln222_1_fu_387_p3                               |     |        | select_ln222_1         | select    | auto_sel               | 0       |
|      select_ln222_2_fu_394_p3                               |     |        | select_ln222_2         | select    | auto_sel               | 0       |
|      select_ln222_3_fu_401_p3                               |     |        | select_ln222_3         | select    | auto_sel               | 0       |
|      select_ln222_4_fu_408_p3                               |     |        | select_ln222_4         | select    | auto_sel               | 0       |
|      select_ln222_5_fu_415_p3                               |     |        | select_ln222_5         | select    | auto_sel               | 0       |
|      select_ln242_fu_422_p3                                 |     |        | select_ln242           | select    | auto_sel               | 0       |
|      select_ln242_1_fu_429_p3                               |     |        | select_ln242_1         | select    | auto_sel               | 0       |
|      select_ln242_2_fu_436_p3                               |     |        | select_ln242_2         | select    | auto_sel               | 0       |
|      select_ln242_3_fu_443_p3                               |     |        | select_ln242_3         | select    | auto_sel               | 0       |
|      select_ln242_4_fu_450_p3                               |     |        | select_ln242_4         | select    | auto_sel               | 0       |
|      select_ln242_5_fu_457_p3                               |     |        | select_ln242_5         | select    | auto_sel               | 0       |
|      conv3_i_i74392_fu_524_p3                               |     |        | conv3_i_i74392         | select    | auto_sel               | 0       |
|      outpix_0_2_0_0_0_load_fu_531_p3                        |     |        | outpix_0_2_0_0_0_load  | select    | auto_sel               | 0       |
|   + v_mix_422_to_444_false_s                                | 0   |        |                        |           |                        |         |
|     icmp_ln103_fu_87_p2                                     |     |        | icmp_ln103             | seteq     | auto                   | 0       |
|     y_18_fu_92_p2                                           |     |        | y_18                   | add       | fabric                 | 0       |
|    + v_mix_422_to_444_false_Pipeline_VITIS_LOOP_105_2       | 0   |        |                        |           |                        |         |
|      icmp_ln105_fu_78_p2                                    |     |        | icmp_ln105             | seteq     | auto                   | 0       |
|      x_17_fu_84_p2                                          |     |        | x_17                   | add       | fabric                 | 0       |
|   + v_mix_yuv2rgb_false_4                                   | 0   |        |                        |           |                        |         |
|     icmp_ln895_fu_91_p2                                     |     |        | icmp_ln895             | seteq     | auto                   | 0       |
|     y_4_fu_96_p2                                            |     |        | y_4                    | add       | fabric                 | 0       |
|    + v_mix_yuv2rgb_false_4_Pipeline_VITIS_LOOP_897_2        | 0   |        |                        |           |                        |         |
|      icmp_ln897_fu_80_p2                                    |     |        | icmp_ln897             | seteq     | auto                   | 0       |
|      x_6_fu_86_p2                                           |     |        | x_6                    | add       | fabric                 | 0       |
|   + v_mix_yuv2rgb_true_s                                    | 4   |        |                        |           |                        |         |
|     icmp_ln939_fu_87_p2                                     |     |        | icmp_ln939             | seteq     | auto                   | 0       |
|     y_2_fu_92_p2                                            |     |        | y_2                    | add       | fabric                 | 0       |
|    + v_mix_yuv2rgb_true_Pipeline_VITIS_LOOP_941_2           | 4   |        |                        |           |                        |         |
|      icmp_ln941_fu_163_p2                                   |     |        | icmp_ln941             | seteq     | auto                   | 0       |
|      x_2_fu_169_p2                                          |     |        | x_2                    | add       | fabric                 | 0       |
|      xor_ln964_fu_238_p2                                    |     |        | xor_ln964              | xor       | auto                   | 0       |
|      xor_ln965_fu_210_p2                                    |     |        | xor_ln965              | xor       | auto                   | 0       |
|      mul_8s_12ns_20_1_1_U154                                | 1   | yes    | Cr_mul                 | mul       | auto                   | 0       |
|      r_fu_309_p2                                            |     |        | r                      | add       | fabric                 | 0       |
|      mac_muladd_9ns_8s_18s_18_4_1_U157                      | 1   |        | mul_ln970              | mul       | dsp_slice              | 3       |
|      mul_8s_11ns_18_1_1_U155                                | 1   |        | mul_ln970_1            | mul       | auto                   | 0       |
|      mac_muladd_9ns_8s_18s_18_4_1_U157                      | 1   |        | add_ln970              | add       | dsp_slice              | 3       |
|      g_fu_332_p2                                            |     |        | g                      | sub       | fabric                 | 0       |
|      mul_8s_13ns_21_1_1_U156                                | 1   |        | mul_ln971              | mul       | auto                   | 0       |
|      b_fu_345_p2                                            |     |        | b                      | add       | fabric                 | 0       |
|      icmp_ln973_fu_365_p2                                   |     |        | icmp_ln973             | setgt     | auto                   | 0       |
|      select_ln973_fu_371_p3                                 |     |        | select_ln973           | select    | auto_sel               | 0       |
|      icmp_ln973_1_fu_379_p2                                 |     |        | icmp_ln973_1           | setgt     | auto                   | 0       |
|      select_ln973_1_fu_389_p3                               |     |        | select_ln973_1         | select    | auto_sel               | 0       |
|      icmp_ln974_fu_407_p2                                   |     |        | icmp_ln974             | seteq     | auto                   | 0       |
|      select_ln974_fu_447_p3                                 |     |        | select_ln974           | select    | auto_sel               | 0       |
|      icmp_ln974_1_fu_453_p2                                 |     |        | icmp_ln974_1           | setgt     | auto                   | 0       |
|      icmp_ln975_fu_423_p2                                   |     |        | icmp_ln975             | setgt     | auto                   | 0       |
|      select_ln975_fu_429_p3                                 |     |        | select_ln975           | select    | auto_sel               | 0       |
|      icmp_ln975_1_fu_437_p2                                 |     |        | icmp_ln975_1           | setgt     | auto                   | 0       |
|      select_ln975_1_fu_463_p3                               |     |        | select_ln975_1         | select    | auto_sel               | 0       |
|      select_ln974_1_fu_469_p3                               |     |        | select_ln974_1         | select    | auto_sel               | 0       |
|   + v_mix_yuv2rgb_false_s                                   | 0   |        |                        |           |                        |         |
|     icmp_ln895_fu_87_p2                                     |     |        | icmp_ln895             | seteq     | auto                   | 0       |
|     y_6_fu_92_p2                                            |     |        | y_6                    | add       | fabric                 | 0       |
|    + v_mix_yuv2rgb_false_Pipeline_VITIS_LOOP_897_2          | 0   |        |                        |           |                        |         |
|      icmp_ln897_fu_78_p2                                    |     |        | icmp_ln897             | seteq     | auto                   | 0       |
|      x_4_fu_84_p2                                           |     |        | x_4                    | add       | fabric                 | 0       |
|   + v_mix_upsample_false_7                                  | 0   |        |                        |           |                        |         |
|     icmp_ln105_fu_87_p2                                     |     |        | icmp_ln105             | seteq     | auto                   | 0       |
|     y_8_fu_92_p2                                            |     |        | y_8                    | add       | fabric                 | 0       |
|    + v_mix_upsample_false_7_Pipeline_VITIS_LOOP_107_2       | 0   |        |                        |           |                        |         |
|      icmp_ln107_fu_78_p2                                    |     |        | icmp_ln107             | seteq     | auto                   | 0       |
|      x_10_fu_84_p2                                          |     |        | x_10                   | add       | fabric                 | 0       |
|   + v_mix_upsample_false_s                                  | 0   |        |                        |           |                        |         |
|     icmp_ln105_fu_87_p2                                     |     |        | icmp_ln105             | seteq     | auto                   | 0       |
|     y_10_fu_92_p2                                           |     |        | y_10                   | add       | fabric                 | 0       |
|    + v_mix_upsample_false_Pipeline_VITIS_LOOP_107_2         | 0   |        |                        |           |                        |         |
|      icmp_ln107_fu_78_p2                                    |     |        | icmp_ln107             | seteq     | auto                   | 0       |
|      x_8_fu_84_p2                                           |     |        | x_8                    | add       | fabric                 | 0       |
|   + v_mix_core_alpha_false_false_s                          | 0   |        |                        |           |                        |         |
|     shl_ln449_fu_174_p2                                     |     |        | shl_ln449              | shl       | auto_pipe              | 0       |
|     shl_ln450_fu_184_p2                                     |     |        | shl_ln450              | shl       | auto_pipe              | 0       |
|     add60_i_i_fu_198_p2                                     |     |        | add60_i_i              | add       | fabric                 | 0       |
|     add71_i_i_fu_212_p2                                     |     |        | add71_i_i              | add       | fabric                 | 0       |
|     icmp_ln463_fu_234_p2                                    |     |        | icmp_ln463             | seteq     | auto                   | 0       |
|     add_ln463_fu_239_p2                                     |     |        | add_ln463              | add       | fabric                 | 0       |
|     ult_fu_253_p2                                           |     |        | ult                    | setlt     | auto                   | 0       |
|     rev15_fu_258_p2                                         |     |        | rev15                  | xor       | auto                   | 0       |
|     cmp61_i_i_fu_265_p2                                     |     |        | cmp61_i_i              | setgt     | auto                   | 0       |
|    + v_mix_core_alpha_false_false_Pipeline_VITIS_LOOP_465_3 | 0   |        |                        |           |                        |         |
|      icmp_ln465_fu_241_p2                                   |     |        | icmp_ln465             | seteq     | auto                   | 0       |
|      add_ln465_fu_247_p2                                    |     |        | add_ln465              | add       | fabric                 | 0       |
|      icmp_ln477_fu_261_p2                                   |     |        | icmp_ln477             | setlt     | auto                   | 0       |
|      xor_ln477_fu_267_p2                                    |     |        | xor_ln477              | xor       | auto                   | 0       |
|      icmp_ln478_fu_273_p2                                   |     |        | icmp_ln478             | setgt     | auto                   | 0       |
|      and_ln476_fu_279_p2                                    |     |        | and_ln476              | and       | auto                   | 0       |
|      and_ln476_1_fu_285_p2                                  |     |        | and_ln476_1            | and       | auto                   | 0       |
|      and_ln476_2_fu_291_p2                                  |     |        | and_ln476_2            | and       | auto                   | 0       |
|      and_ln476_3_fu_297_p2                                  |     |        | and_ln476_3            | and       | auto                   | 0       |
|   + v_mix_core_alpha_true_false_s                           | 3   |        |                        |           |                        |         |
|     shl_ln375_fu_183_p2                                     |     |        | shl_ln375              | shl       | auto_pipe              | 0       |
|     shl_ln376_fu_193_p2                                     |     |        | shl_ln376              | shl       | auto_pipe              | 0       |
|     add64_fu_207_p2                                         |     |        | add64                  | add       | fabric                 | 0       |
|     add75_fu_221_p2                                         |     |        | add75                  | add       | fabric                 | 0       |
|     icmp_ln393_fu_238_p2                                    |     |        | icmp_ln393             | seteq     | auto                   | 0       |
|     add_ln393_fu_243_p2                                     |     |        | add_ln393              | add       | fabric                 | 0       |
|     ult_fu_257_p2                                           |     |        | ult                    | setlt     | auto                   | 0       |
|     rev29_fu_262_p2                                         |     |        | rev29                  | xor       | auto                   | 0       |
|     cmp65_fu_269_p2                                         |     |        | cmp65                  | setgt     | auto                   | 0       |
|    + v_mix_core_alpha_true_false_Pipeline_VITIS_LOOP_395_3  | 3   |        |                        |           |                        |         |
|      icmp_ln395_fu_182_p2                                   |     |        | icmp_ln395             | seteq     | auto                   | 0       |
|      add_ln395_fu_188_p2                                    |     |        | add_ln395              | add       | fabric                 | 0       |
|      icmp_ln408_fu_202_p2                                   |     |        | icmp_ln408             | setlt     | auto                   | 0       |
|      xor_ln408_fu_208_p2                                    |     |        | xor_ln408              | xor       | auto                   | 0       |
|      icmp_ln409_fu_214_p2                                   |     |        | icmp_ln409             | setgt     | auto                   | 0       |
|      and_ln407_fu_220_p2                                    |     |        | and_ln407              | and       | auto                   | 0       |
|      and_ln407_2_fu_226_p2                                  |     |        | and_ln407_2            | and       | auto                   | 0       |
|      and_ln407_1_fu_232_p2                                  |     |        | and_ln407_1            | and       | auto                   | 0       |
|      and_ln407_3_fu_238_p2                                  |     |        | and_ln407_3            | and       | auto                   | 0       |
|      sub_ln426_fu_334_p2                                    |     |        | sub_ln426              | sub       | fabric                 | 0       |
|      mac_muladd_9s_9ns_16ns_16_4_1_U284                     | 1   |        | mul_ln427              | mul       | dsp_slice              | 3       |
|      mac_muladd_9s_9ns_16ns_16_4_1_U284                     | 1   |        | add_ln427              | add       | dsp_slice              | 3       |
|      sub_ln426_1_fu_355_p2                                  |     |        | sub_ln426_1            | sub       | fabric                 | 0       |
|      mac_muladd_9ns_9s_16ns_16_4_1_U285                     | 1   |        | mul_ln427_1            | mul       | dsp_slice              | 3       |
|      mac_muladd_9ns_9s_16ns_16_4_1_U285                     | 1   |        | add_ln427_1            | add       | dsp_slice              | 3       |
|      sub_ln426_2_fu_372_p2                                  |     |        | sub_ln426_2            | sub       | fabric                 | 0       |
|      mac_muladd_9ns_9s_16ns_16_4_1_U286                     | 1   |        | mul_ln427_2            | mul       | dsp_slice              | 3       |
|      mac_muladd_9ns_9s_16ns_16_4_1_U286                     | 1   |        | add_ln427_2            | add       | dsp_slice              | 3       |
|   + v_mix_rgb2yuv_false_s                                   | 0   |        |                        |           |                        |         |
|     icmp_ln1040_fu_79_p2                                    |     |        | icmp_ln1040            | seteq     | auto                   | 0       |
|     y_12_fu_84_p2                                           |     |        | y_12                   | add       | fabric                 | 0       |
|    + v_mix_rgb2yuv_false_Pipeline_VITIS_LOOP_1042_2         | 0   |        |                        |           |                        |         |
|      icmp_ln1042_fu_80_p2                                   |     |        | icmp_ln1042            | seteq     | auto                   | 0       |
|      x_11_fu_86_p2                                          |     |        | x_11                   | add       | fabric                 | 0       |
|   + v_mix_444_to_422_false_s                                | 0   |        |                        |           |                        |         |
|     icmp_ln716_fu_79_p2                                     |     |        | icmp_ln716             | seteq     | auto                   | 0       |
|     y_15_fu_84_p2                                           |     |        | y_15                   | add       | fabric                 | 0       |
|    + v_mix_444_to_422_false_Pipeline_VITIS_LOOP_718_2       | 0   |        |                        |           |                        |         |
|      icmp_ln718_fu_80_p2                                    |     |        | icmp_ln718             | seteq     | auto                   | 0       |
|      x_14_fu_86_p2                                          |     |        | x_14                   | add       | fabric                 | 0       |
|   + v_mix_422_to_420_false_s                                | 0   |        |                        |           |                        |         |
|     icmp_ln506_fu_79_p2                                     |     |        | icmp_ln506             | seteq     | auto                   | 0       |
|     y_19_fu_84_p2                                           |     |        | y_19                   | add       | fabric                 | 0       |
|    + v_mix_422_to_420_false_Pipeline_VITIS_LOOP_508_2       | 0   |        |                        |           |                        |         |
|      icmp_ln508_fu_80_p2                                    |     |        | icmp_ln508             | seteq     | auto                   | 0       |
|      x_19_fu_86_p2                                          |     |        | x_19                   | add       | fabric                 | 0       |
|   + MultiPixStream2AXIvideo                                 | 0   |        |                        |           |                        |         |
|     sub_fu_141_p2                                           |     |        | sub                    | add       | fabric                 | 0       |
|     icmp_ln3517_fu_147_p2                                   |     |        | icmp_ln3517            | seteq     | auto                   | 0       |
|     icmp_ln3517_1_fu_156_p2                                 |     |        | icmp_ln3517_1          | seteq     | auto                   | 0       |
|     i_2_fu_161_p2                                           |     |        | i_2                    | add       | fabric                 | 0       |
|     and_ln3517_fu_167_p2                                    |     |        | and_ln3517             | and       | auto                   | 0       |
|    + MultiPixStream2AXIvideo_Pipeline_VITIS_LOOP_3519_3     | 0   |        |                        |           |                        |         |
|      icmp_ln3519_fu_161_p2                                  |     |        | icmp_ln3519            | seteq     | auto                   | 0       |
|      j_2_fu_167_p2                                          |     |        | j_2                    | add       | fabric                 | 0       |
|      axi_last_fu_177_p2                                     |     |        | axi_last               | seteq     | auto                   | 0       |
+-------------------------------------------------------------+-----+--------+------------------------+-----------+------------------------+---------+


================================================================
== Storage Report
================================================================
+----------------------------+--------------+-----------+------+------+--------+-----------------+------+---------+------------------+
| Name                       | Usage        | Type      | BRAM | URAM | Pragma | Variable        | Impl | Latency | Bitwidth, Depth, |
|                            |              |           |      |      |        |                 |      |         | Banks            |
+----------------------------+--------------+-----------+------+------+--------+-----------------+------+---------+------------------+
| + v_mix                    |              |           | 0    | 0    |        |                 |      |         |                  |
|   CTRL_s_axi_U             | interface    | s_axilite |      |      |        |                 |      |         |                  |
|  + VMixHlsDataFlowFunction |              |           | 0    | 0    |        |                 |      |         |                  |
|    srcLayer0_U             | fifo channel | stream    |      |      |        | srcLayer0       | srl  | 0       | 24, 2, 1         |
|    srcLayer0Yuv422_U       | fifo channel | stream    |      |      |        | srcLayer0Yuv422 | srl  | 0       | 24, 2, 1         |
|    srcLayer0Yuv_U          | fifo channel | stream    |      |      |        | srcLayer0Yuv    | srl  | 0       | 24, 2, 1         |
|    outLayer0_U             | fifo channel | stream    |      |      |        | outLayer0       | srl  | 0       | 24, 2, 1         |
|    srcLayer1_U             | fifo channel | stream    |      |      |        | srcLayer1       | srl  | 0       | 24, 2, 1         |
|    srcLayer1Yuv422_U       | fifo channel | stream    |      |      |        | srcLayer1Yuv422 | srl  | 0       | 24, 2, 1         |
|    srcLayer1Yuv_U          | fifo channel | stream    |      |      |        | srcLayer1Yuv    | srl  | 0       | 24, 2, 1         |
|    srcLayer1Rgb_U          | fifo channel | stream    |      |      |        | srcLayer1Rgb    | srl  | 0       | 24, 2, 1         |
|    srcLayer1x_U            | fifo channel | stream    |      |      |        | srcLayer1x      | srl  | 0       | 24, 2, 1         |
|    outLayer1_U             | fifo channel | stream    |      |      |        | outLayer1       | srl  | 0       | 24, 2, 1         |
|    srcLayer2_U             | fifo channel | stream    |      |      |        | srcLayer2       | srl  | 0       | 24, 2, 1         |
|    srcLayer2Yuv422_U       | fifo channel | stream    |      |      |        | srcLayer2Yuv422 | srl  | 0       | 24, 2, 1         |
|    srcLayer2Yuv_U          | fifo channel | stream    |      |      |        | srcLayer2Yuv    | srl  | 0       | 24, 2, 1         |
|    srcLayer2Rgb_U          | fifo channel | stream    |      |      |        | srcLayer2Rgb    | srl  | 0       | 24, 2, 1         |
|    srcLayer2x_U            | fifo channel | stream    |      |      |        | srcLayer2x      | srl  | 0       | 24, 2, 1         |
|    outLayer2_U             | fifo channel | stream    |      |      |        | outLayer2       | srl  | 0       | 24, 2, 1         |
|    outYuv_U                | fifo channel | stream    |      |      |        | outYuv          | srl  | 0       | 24, 2, 1         |
|    out422_U                | fifo channel | stream    |      |      |        | out422          | srl  | 0       | 24, 2, 1         |
|    out420_U                | fifo channel | stream    |      |      |        | out420          | srl  | 0       | 24, 2, 1         |
+----------------------------+--------------+-----------+------+------+--------+-----------------+------+---------+------------------+


================================================================
== Pragma Report
================================================================
* Pragmas with Warnings
+----------+-----------------------------------+-----------------------------------------------------------------+-----------------------------------------------------------------------------------------------+
| Type     | Options                           | Location                                                        | Messages                                                                                      |
+----------+-----------------------------------+-----------------------------------------------------------------+-----------------------------------------------------------------------------------------------+
| RESOURCE | variable=&Cr_mul core=DSP48       | prj/sol/.autopilot/db/v_csc.cpp:967 in v_mix_yuv2rgb, &Cr_mul   | extra token before variable expression is ignored                                             |
|          |                                   |                                                                 | 'Resource pragma' is deprecated, use 'bind_op/bind_storage pragma' instead                    |
|          |                                   |                                                                 | Impl=dsp_slice in bind_op is deprecated. Consider using a different operation implementation. |
| RESOURCE | variable=&r_min_y core=AddSub_DSP | prj/sol/.autopilot/db/v_csc.cpp:1109 in v_mix_rgb2yuv, &r_min_y | extra token before variable expression is ignored                                             |
|          |                                   |                                                                 | 'Resource pragma' is deprecated, use 'bind_op/bind_storage pragma' instead                    |
+----------+-----------------------------------+-----------------------------------------------------------------+-----------------------------------------------------------------------------------------------+

* Valid Pragma Syntax
+----------------------+---------------------------------------------------------------+----------------------------------------------------------------------------------------------------------------------------------------------------------------------------+
| Type                 | Options                                                       | Location                                                                                                                                                                   |
+----------------------+---------------------------------------------------------------+----------------------------------------------------------------------------------------------------------------------------------------------------------------------------+
| INLINE               |                                                               | ../../OSDZU3_Ref_Design.gen/sources_1/bd/design_1/ip/design_1_v_mix_0_0/src/hls/hls_axi_io.h:61 in axigetbitfields                                                         |
| INLINE               |                                                               | ../../OSDZU3_Ref_Design.gen/sources_1/bd/design_1/ip/design_1_v_mix_0_0/src/hls/hls_axi_io.h:68 in axigetbitfields                                                         |
| INLINE               |                                                               | ../../OSDZU3_Ref_Design.gen/sources_1/bd/design_1/ip/design_1_v_mix_0_0/src/hls/hls_axi_io.h:76 in axigetbitfields                                                         |
| INLINE               |                                                               | ../../OSDZU3_Ref_Design.gen/sources_1/bd/design_1/ip/design_1_v_mix_0_0/src/hls/hls_axi_io.h:84 in axigetbitfields                                                         |
| INLINE               |                                                               | ../../OSDZU3_Ref_Design.gen/sources_1/bd/design_1/ip/design_1_v_mix_0_0/src/hls/hls_axi_io.h:90 in axisetbitfields                                                         |
| INLINE               |                                                               | ../../OSDZU3_Ref_Design.gen/sources_1/bd/design_1/ip/design_1_v_mix_0_0/src/hls/hls_axi_io.h:97 in axisetbitfields                                                         |
| INLINE               |                                                               | ../../OSDZU3_Ref_Design.gen/sources_1/bd/design_1/ip/design_1_v_mix_0_0/src/hls/hls_axi_io.h:105 in axisetbitfields                                                        |
| INLINE               |                                                               | ../../OSDZU3_Ref_Design.gen/sources_1/bd/design_1/ip/design_1_v_mix_0_0/src/hls/hls_axi_io.h:113 in axisetbitfields                                                        |
| INLINE               |                                                               | ../../OSDZU3_Ref_Design.gen/sources_1/bd/design_1/ip/design_1_v_mix_0_0/src/hls/hls_video_arithm.h:133 in apply                                                            |
| INLINE               |                                                               | ../../OSDZU3_Ref_Design.gen/sources_1/bd/design_1/ip/design_1_v_mix_0_0/src/hls/hls_video_arithm.h:147 in apply                                                            |
| INLINE               |                                                               | ../../OSDZU3_Ref_Design.gen/sources_1/bd/design_1/ip/design_1_v_mix_0_0/src/hls/hls_video_arithm.h:161 in apply                                                            |
| INLINE               |                                                               | ../../OSDZU3_Ref_Design.gen/sources_1/bd/design_1/ip/design_1_v_mix_0_0/src/hls/hls_video_arithm.h:173 in kernel_and_apply                                                 |
| INLINE               |                                                               | ../../OSDZU3_Ref_Design.gen/sources_1/bd/design_1/ip/design_1_v_mix_0_0/src/hls/hls_video_arithm.h:179 in kernel_and_apply                                                 |
| INLINE               |                                                               | ../../OSDZU3_Ref_Design.gen/sources_1/bd/design_1/ip/design_1_v_mix_0_0/src/hls/hls_video_arithm.h:191 in apply                                                            |
| INLINE               |                                                               | ../../OSDZU3_Ref_Design.gen/sources_1/bd/design_1/ip/design_1_v_mix_0_0/src/hls/hls_video_arithm.h:200 in apply                                                            |
| INLINE               |                                                               | ../../OSDZU3_Ref_Design.gen/sources_1/bd/design_1/ip/design_1_v_mix_0_0/src/hls/hls_video_arithm.h:209 in apply                                                            |
| INLINE               |                                                               | ../../OSDZU3_Ref_Design.gen/sources_1/bd/design_1/ip/design_1_v_mix_0_0/src/hls/hls_video_arithm.h:218 in apply                                                            |
| INLINE               |                                                               | ../../OSDZU3_Ref_Design.gen/sources_1/bd/design_1/ip/design_1_v_mix_0_0/src/hls/hls_video_arithm.h:232 in apply                                                            |
| INLINE               |                                                               | ../../OSDZU3_Ref_Design.gen/sources_1/bd/design_1/ip/design_1_v_mix_0_0/src/hls/hls_video_arithm.h:243 in apply                                                            |
| INLINE               |                                                               | ../../OSDZU3_Ref_Design.gen/sources_1/bd/design_1/ip/design_1_v_mix_0_0/src/hls/hls_video_arithm.h:254 in apply                                                            |
| INLINE               |                                                               | ../../OSDZU3_Ref_Design.gen/sources_1/bd/design_1/ip/design_1_v_mix_0_0/src/hls/hls_video_arithm.h:265 in apply                                                            |
| INLINE               |                                                               | ../../OSDZU3_Ref_Design.gen/sources_1/bd/design_1/ip/design_1_v_mix_0_0/src/hls/hls_video_arithm.h:278 in apply                                                            |
| INLINE               |                                                               | ../../OSDZU3_Ref_Design.gen/sources_1/bd/design_1/ip/design_1_v_mix_0_0/src/hls/hls_video_arithm.h:290 in apply                                                            |
| INLINE               |                                                               | ../../OSDZU3_Ref_Design.gen/sources_1/bd/design_1/ip/design_1_v_mix_0_0/src/hls/hls_video_arithm.h:306 in apply                                                            |
| INLINE               |                                                               | ../../OSDZU3_Ref_Design.gen/sources_1/bd/design_1/ip/design_1_v_mix_0_0/src/hls/hls_video_arithm.h:336 in apply                                                            |
| INLINE               |                                                               | ../../OSDZU3_Ref_Design.gen/sources_1/bd/design_1/ip/design_1_v_mix_0_0/src/hls/hls_video_arithm.h:345 in apply                                                            |
| LOOP_FLATTEN         | off                                                           | ../../OSDZU3_Ref_Design.gen/sources_1/bd/design_1/ip/design_1_v_mix_0_0/src/hls/hls_video_arithm.h:372 in arithm_pro                                                       |
| PIPELINE             | ii=1                                                          | ../../OSDZU3_Ref_Design.gen/sources_1/bd/design_1/ip/design_1_v_mix_0_0/src/hls/hls_video_arithm.h:373 in arithm_pro                                                       |
| LOOP_FLATTEN         | off                                                           | ../../OSDZU3_Ref_Design.gen/sources_1/bd/design_1/ip/design_1_v_mix_0_0/src/hls/hls_video_arithm.h:404 in arithm_pro                                                       |
| PIPELINE             | ii=1                                                          | ../../OSDZU3_Ref_Design.gen/sources_1/bd/design_1/ip/design_1_v_mix_0_0/src/hls/hls_video_arithm.h:405 in arithm_pro                                                       |
| LOOP_FLATTEN         | off                                                           | ../../OSDZU3_Ref_Design.gen/sources_1/bd/design_1/ip/design_1_v_mix_0_0/src/hls/hls_video_arithm.h:444 in arithm_pro                                                       |
| PIPELINE             | ii=1                                                          | ../../OSDZU3_Ref_Design.gen/sources_1/bd/design_1/ip/design_1_v_mix_0_0/src/hls/hls_video_arithm.h:445 in arithm_pro                                                       |
| LOOP_FLATTEN         | off                                                           | ../../OSDZU3_Ref_Design.gen/sources_1/bd/design_1/ip/design_1_v_mix_0_0/src/hls/hls_video_arithm.h:476 in arithm_pro                                                       |
| PIPELINE             | ii=1                                                          | ../../OSDZU3_Ref_Design.gen/sources_1/bd/design_1/ip/design_1_v_mix_0_0/src/hls/hls_video_arithm.h:477 in arithm_pro                                                       |
| LOOP_FLATTEN         | off                                                           | ../../OSDZU3_Ref_Design.gen/sources_1/bd/design_1/ip/design_1_v_mix_0_0/src/hls/hls_video_arithm.h:508 in arithm_pro                                                       |
| PIPELINE             | ii=1                                                          | ../../OSDZU3_Ref_Design.gen/sources_1/bd/design_1/ip/design_1_v_mix_0_0/src/hls/hls_video_arithm.h:509 in arithm_pro                                                       |
| UNROLL               |                                                               | ../../OSDZU3_Ref_Design.gen/sources_1/bd/design_1/ip/design_1_v_mix_0_0/src/hls/hls_video_arithm.h:540 in arithm_pro                                                       |
| LOOP_FLATTEN         | off                                                           | ../../OSDZU3_Ref_Design.gen/sources_1/bd/design_1/ip/design_1_v_mix_0_0/src/hls/hls_video_arithm.h:547 in arithm_pro                                                       |
| PIPELINE             | ii=1                                                          | ../../OSDZU3_Ref_Design.gen/sources_1/bd/design_1/ip/design_1_v_mix_0_0/src/hls/hls_video_arithm.h:548 in arithm_pro                                                       |
| UNROLL               |                                                               | ../../OSDZU3_Ref_Design.gen/sources_1/bd/design_1/ip/design_1_v_mix_0_0/src/hls/hls_video_arithm.h:572 in arithm_pro                                                       |
| LOOP_FLATTEN         | off                                                           | ../../OSDZU3_Ref_Design.gen/sources_1/bd/design_1/ip/design_1_v_mix_0_0/src/hls/hls_video_arithm.h:581 in arithm_pro                                                       |
| PIPELINE             | ii=1                                                          | ../../OSDZU3_Ref_Design.gen/sources_1/bd/design_1/ip/design_1_v_mix_0_0/src/hls/hls_video_arithm.h:582 in arithm_pro                                                       |
| ARRAY_PARTITION      | variable=dst_buffer complete dim=1                            | ../../OSDZU3_Ref_Design.gen/sources_1/bd/design_1/ip/design_1_v_mix_0_0/src/hls/hls_video_arithm.h:604 in reduce_opr, dst_buffer                                           |
| ARRAY_PARTITION      | variable=dst_buffer complete dim=2                            | ../../OSDZU3_Ref_Design.gen/sources_1/bd/design_1/ip/design_1_v_mix_0_0/src/hls/hls_video_arithm.h:605 in reduce_opr, dst_buffer                                           |
| UNROLL               |                                                               | ../../OSDZU3_Ref_Design.gen/sources_1/bd/design_1/ip/design_1_v_mix_0_0/src/hls/hls_video_arithm.h:612 in reduce_opr                                                       |
| LOOP_FLATTEN         | off                                                           | ../../OSDZU3_Ref_Design.gen/sources_1/bd/design_1/ip/design_1_v_mix_0_0/src/hls/hls_video_arithm.h:617 in reduce_opr                                                       |
| PIPELINE             | ii=1                                                          | ../../OSDZU3_Ref_Design.gen/sources_1/bd/design_1/ip/design_1_v_mix_0_0/src/hls/hls_video_arithm.h:618 in reduce_opr                                                       |
| UNROLL               |                                                               | ../../OSDZU3_Ref_Design.gen/sources_1/bd/design_1/ip/design_1_v_mix_0_0/src/hls/hls_video_arithm.h:721 in mins                                                             |
| UNROLL               |                                                               | ../../OSDZU3_Ref_Design.gen/sources_1/bd/design_1/ip/design_1_v_mix_0_0/src/hls/hls_video_arithm.h:741 in maxs                                                             |
| UNROLL               |                                                               | ../../OSDZU3_Ref_Design.gen/sources_1/bd/design_1/ip/design_1_v_mix_0_0/src/hls/hls_video_arithm.h:945 in zero                                                             |
| UNROLL               |                                                               | ../../OSDZU3_Ref_Design.gen/sources_1/bd/design_1/ip/design_1_v_mix_0_0/src/hls/hls_video_arithm.h:957 in zero                                                             |
| UNROLL               |                                                               | ../../OSDZU3_Ref_Design.gen/sources_1/bd/design_1/ip/design_1_v_mix_0_0/src/hls/hls_video_arithm.h:1028 in cmps                                                            |
| LOOP_FLATTEN         | off                                                           | ../../OSDZU3_Ref_Design.gen/sources_1/bd/design_1/ip/design_1_v_mix_0_0/src/hls/hls_video_arithm.h:1104 in range                                                           |
| PIPELINE             | ii=1                                                          | ../../OSDZU3_Ref_Design.gen/sources_1/bd/design_1/ip/design_1_v_mix_0_0/src/hls/hls_video_arithm.h:1105 in range                                                           |
| UNROLL               |                                                               | ../../OSDZU3_Ref_Design.gen/sources_1/bd/design_1/ip/design_1_v_mix_0_0/src/hls/hls_video_arithm.h:1124 in sum                                                             |
| UNROLL               |                                                               | ../../OSDZU3_Ref_Design.gen/sources_1/bd/design_1/ip/design_1_v_mix_0_0/src/hls/hls_video_arithm.h:1140 in avg                                                             |
| UNROLL               |                                                               | ../../OSDZU3_Ref_Design.gen/sources_1/bd/design_1/ip/design_1_v_mix_0_0/src/hls/hls_video_arithm.h:1158 in avg                                                             |
| INLINE               |                                                               | ../../OSDZU3_Ref_Design.gen/sources_1/bd/design_1/ip/design_1_v_mix_0_0/src/hls/hls_video_arithm.h:1235 in get_max_min                                                     |
| LOOP_FLATTEN         | off                                                           | ../../OSDZU3_Ref_Design.gen/sources_1/bd/design_1/ip/design_1_v_mix_0_0/src/hls/hls_video_arithm.h:1250 in get_max_min                                                     |
| PIPELINE             | ii=1                                                          | ../../OSDZU3_Ref_Design.gen/sources_1/bd/design_1/ip/design_1_v_mix_0_0/src/hls/hls_video_arithm.h:1251 in get_max_min                                                     |
| INLINE               |                                                               | ../../OSDZU3_Ref_Design.gen/sources_1/bd/design_1/ip/design_1_v_mix_0_0/src/hls/hls_video_arithm.h:1278 in get_max_min                                                     |
| LOOP_FLATTEN         | off                                                           | ../../OSDZU3_Ref_Design.gen/sources_1/bd/design_1/ip/design_1_v_mix_0_0/src/hls/hls_video_arithm.h:1294 in get_max_min                                                     |
| PIPELINE             | ii=1                                                          | ../../OSDZU3_Ref_Design.gen/sources_1/bd/design_1/ip/design_1_v_mix_0_0/src/hls/hls_video_arithm.h:1295 in get_max_min                                                     |
| INLINE               |                                                               | ../../OSDZU3_Ref_Design.gen/sources_1/bd/design_1/ip/design_1_v_mix_0_0/src/hls/hls_video_arithm.h:1330 in get_max_min                                                     |
| LOOP_FLATTEN         | off                                                           | ../../OSDZU3_Ref_Design.gen/sources_1/bd/design_1/ip/design_1_v_mix_0_0/src/hls/hls_video_arithm.h:1345 in get_max_min                                                     |
| PIPELINE             | ii=1                                                          | ../../OSDZU3_Ref_Design.gen/sources_1/bd/design_1/ip/design_1_v_mix_0_0/src/hls/hls_video_arithm.h:1346 in get_max_min                                                     |
| INLINE               |                                                               | ../../OSDZU3_Ref_Design.gen/sources_1/bd/design_1/ip/design_1_v_mix_0_0/src/hls/hls_video_arithm.h:1395 in get_max_min                                                     |
| LOOP_FLATTEN         | off                                                           | ../../OSDZU3_Ref_Design.gen/sources_1/bd/design_1/ip/design_1_v_mix_0_0/src/hls/hls_video_arithm.h:1411 in get_max_min                                                     |
| PIPELINE             | ii=1                                                          | ../../OSDZU3_Ref_Design.gen/sources_1/bd/design_1/ip/design_1_v_mix_0_0/src/hls/hls_video_arithm.h:1412 in get_max_min                                                     |
| LOOP_FLATTEN         | off                                                           | ../../OSDZU3_Ref_Design.gen/sources_1/bd/design_1/ip/design_1_v_mix_0_0/src/hls/hls_video_arithm.h:1507 in threshold                                                       |
| PIPELINE             | ii=1                                                          | ../../OSDZU3_Ref_Design.gen/sources_1/bd/design_1/ip/design_1_v_mix_0_0/src/hls/hls_video_arithm.h:1508 in threshold                                                       |
| LOOP_FLATTEN         | off                                                           | ../../OSDZU3_Ref_Design.gen/sources_1/bd/design_1/ip/design_1_v_mix_0_0/src/hls/hls_video_arithm.h:1548 in consume                                                         |
| PIPELINE             | ii=1                                                          | ../../OSDZU3_Ref_Design.gen/sources_1/bd/design_1/ip/design_1_v_mix_0_0/src/hls/hls_video_arithm.h:1549 in consume                                                         |
| LOOP_FLATTEN         | off                                                           | ../../OSDZU3_Ref_Design.gen/sources_1/bd/design_1/ip/design_1_v_mix_0_0/src/hls/hls_video_arithm.h:1575 in duplicate                                                       |
| PIPELINE             | ii=1                                                          | ../../OSDZU3_Ref_Design.gen/sources_1/bd/design_1/ip/design_1_v_mix_0_0/src/hls/hls_video_arithm.h:1576 in duplicate                                                       |
| LOOP_FLATTEN         | off                                                           | ../../OSDZU3_Ref_Design.gen/sources_1/bd/design_1/ip/design_1_v_mix_0_0/src/hls/hls_video_arithm.h:1606 in split                                                           |
| PIPELINE             | ii=1                                                          | ../../OSDZU3_Ref_Design.gen/sources_1/bd/design_1/ip/design_1_v_mix_0_0/src/hls/hls_video_arithm.h:1607 in split                                                           |
| LOOP_FLATTEN         | off                                                           | ../../OSDZU3_Ref_Design.gen/sources_1/bd/design_1/ip/design_1_v_mix_0_0/src/hls/hls_video_arithm.h:1639 in split                                                           |
| PIPELINE             | ii=1                                                          | ../../OSDZU3_Ref_Design.gen/sources_1/bd/design_1/ip/design_1_v_mix_0_0/src/hls/hls_video_arithm.h:1640 in split                                                           |
| LOOP_FLATTEN         | off                                                           | ../../OSDZU3_Ref_Design.gen/sources_1/bd/design_1/ip/design_1_v_mix_0_0/src/hls/hls_video_arithm.h:1675 in split                                                           |
| PIPELINE             | ii=1                                                          | ../../OSDZU3_Ref_Design.gen/sources_1/bd/design_1/ip/design_1_v_mix_0_0/src/hls/hls_video_arithm.h:1676 in split                                                           |
| LOOP_FLATTEN         | off                                                           | ../../OSDZU3_Ref_Design.gen/sources_1/bd/design_1/ip/design_1_v_mix_0_0/src/hls/hls_video_arithm.h:1708 in merge                                                           |
| PIPELINE             | ii=1                                                          | ../../OSDZU3_Ref_Design.gen/sources_1/bd/design_1/ip/design_1_v_mix_0_0/src/hls/hls_video_arithm.h:1709 in merge                                                           |
| LOOP_FLATTEN         | off                                                           | ../../OSDZU3_Ref_Design.gen/sources_1/bd/design_1/ip/design_1_v_mix_0_0/src/hls/hls_video_arithm.h:1741 in merge                                                           |
| PIPELINE             | ii=1                                                          | ../../OSDZU3_Ref_Design.gen/sources_1/bd/design_1/ip/design_1_v_mix_0_0/src/hls/hls_video_arithm.h:1742 in merge                                                           |
| LOOP_FLATTEN         | off                                                           | ../../OSDZU3_Ref_Design.gen/sources_1/bd/design_1/ip/design_1_v_mix_0_0/src/hls/hls_video_arithm.h:1777 in merge                                                           |
| PIPELINE             | ii=1                                                          | ../../OSDZU3_Ref_Design.gen/sources_1/bd/design_1/ip/design_1_v_mix_0_0/src/hls/hls_video_arithm.h:1778 in merge                                                           |
| INLINE               |                                                               | ../../OSDZU3_Ref_Design.gen/sources_1/bd/design_1/ip/design_1_v_mix_0_0/src/hls/hls_video_core.h:197 in scalar<n, t>                                                       |
| ARRAY_PARTITION      | variable=val dim=1 complete                                   | ../../OSDZU3_Ref_Design.gen/sources_1/bd/design_1/ip/design_1_v_mix_0_0/src/hls/hls_video_core.h:198 in scalar<n, t>, val                                                  |
| INLINE               |                                                               | ../../OSDZU3_Ref_Design.gen/sources_1/bd/design_1/ip/design_1_v_mix_0_0/src/hls/hls_video_core.h:202 in scalar<n, t>                                                       |
| ARRAY_PARTITION      | variable=val dim=1 complete                                   | ../../OSDZU3_Ref_Design.gen/sources_1/bd/design_1/ip/design_1_v_mix_0_0/src/hls/hls_video_core.h:203 in scalar<n, t>, val                                                  |
| INLINE               |                                                               | ../../OSDZU3_Ref_Design.gen/sources_1/bd/design_1/ip/design_1_v_mix_0_0/src/hls/hls_video_core.h:208 in scalar<n, t>                                                       |
| ARRAY_PARTITION      | variable=val dim=1 complete                                   | ../../OSDZU3_Ref_Design.gen/sources_1/bd/design_1/ip/design_1_v_mix_0_0/src/hls/hls_video_core.h:209 in scalar<n, t>, val                                                  |
| INLINE               |                                                               | ../../OSDZU3_Ref_Design.gen/sources_1/bd/design_1/ip/design_1_v_mix_0_0/src/hls/hls_video_core.h:214 in scalar<n, t>                                                       |
| ARRAY_PARTITION      | variable=val dim=1 complete                                   | ../../OSDZU3_Ref_Design.gen/sources_1/bd/design_1/ip/design_1_v_mix_0_0/src/hls/hls_video_core.h:215 in scalar<n, t>, val                                                  |
| INLINE               |                                                               | ../../OSDZU3_Ref_Design.gen/sources_1/bd/design_1/ip/design_1_v_mix_0_0/src/hls/hls_video_core.h:220 in scalar<n, t>                                                       |
| ARRAY_PARTITION      | variable=val dim=1 complete                                   | ../../OSDZU3_Ref_Design.gen/sources_1/bd/design_1/ip/design_1_v_mix_0_0/src/hls/hls_video_core.h:221 in scalar<n, t>, val                                                  |
| INLINE               |                                                               | ../../OSDZU3_Ref_Design.gen/sources_1/bd/design_1/ip/design_1_v_mix_0_0/src/hls/hls_video_core.h:231 in operator=                                                          |
| UNROLL               |                                                               | ../../OSDZU3_Ref_Design.gen/sources_1/bd/design_1/ip/design_1_v_mix_0_0/src/hls/hls_video_core.h:233 in operator=                                                          |
| INLINE               |                                                               | ../../OSDZU3_Ref_Design.gen/sources_1/bd/design_1/ip/design_1_v_mix_0_0/src/hls/hls_video_core.h:252 in operator=                                                          |
| UNROLL               |                                                               | ../../OSDZU3_Ref_Design.gen/sources_1/bd/design_1/ip/design_1_v_mix_0_0/src/hls/hls_video_core.h:254 in operator=                                                          |
| INLINE               |                                                               | ../../OSDZU3_Ref_Design.gen/sources_1/bd/design_1/ip/design_1_v_mix_0_0/src/hls/hls_video_core.h:261 in operator+                                                          |
| UNROLL               |                                                               | ../../OSDZU3_Ref_Design.gen/sources_1/bd/design_1/ip/design_1_v_mix_0_0/src/hls/hls_video_core.h:264 in operator+                                                          |
| INLINE               |                                                               | ../../OSDZU3_Ref_Design.gen/sources_1/bd/design_1/ip/design_1_v_mix_0_0/src/hls/hls_video_core.h:272 in operator+                                                          |
| UNROLL               |                                                               | ../../OSDZU3_Ref_Design.gen/sources_1/bd/design_1/ip/design_1_v_mix_0_0/src/hls/hls_video_core.h:275 in operator+                                                          |
| INLINE               |                                                               | ../../OSDZU3_Ref_Design.gen/sources_1/bd/design_1/ip/design_1_v_mix_0_0/src/hls/hls_video_core.h:283 in operator-                                                          |
| UNROLL               |                                                               | ../../OSDZU3_Ref_Design.gen/sources_1/bd/design_1/ip/design_1_v_mix_0_0/src/hls/hls_video_core.h:286 in operator-                                                          |
| INLINE               |                                                               | ../../OSDZU3_Ref_Design.gen/sources_1/bd/design_1/ip/design_1_v_mix_0_0/src/hls/hls_video_core.h:294 in operator-                                                          |
| UNROLL               |                                                               | ../../OSDZU3_Ref_Design.gen/sources_1/bd/design_1/ip/design_1_v_mix_0_0/src/hls/hls_video_core.h:297 in operator-                                                          |
| INLINE               |                                                               | ../../OSDZU3_Ref_Design.gen/sources_1/bd/design_1/ip/design_1_v_mix_0_0/src/hls/hls_video_core.h:306 in operator*                                                          |
| UNROLL               |                                                               | ../../OSDZU3_Ref_Design.gen/sources_1/bd/design_1/ip/design_1_v_mix_0_0/src/hls/hls_video_core.h:309 in operator*                                                          |
| INLINE               |                                                               | ../../OSDZU3_Ref_Design.gen/sources_1/bd/design_1/ip/design_1_v_mix_0_0/src/hls/hls_video_core.h:317 in operator*                                                          |
| UNROLL               |                                                               | ../../OSDZU3_Ref_Design.gen/sources_1/bd/design_1/ip/design_1_v_mix_0_0/src/hls/hls_video_core.h:320 in operator*                                                          |
| INLINE               |                                                               | ../../OSDZU3_Ref_Design.gen/sources_1/bd/design_1/ip/design_1_v_mix_0_0/src/hls/hls_video_core.h:329 in operator/                                                          |
| UNROLL               |                                                               | ../../OSDZU3_Ref_Design.gen/sources_1/bd/design_1/ip/design_1_v_mix_0_0/src/hls/hls_video_core.h:332 in operator/                                                          |
| INLINE               |                                                               | ../../OSDZU3_Ref_Design.gen/sources_1/bd/design_1/ip/design_1_v_mix_0_0/src/hls/hls_video_core.h:340 in operator/                                                          |
| UNROLL               |                                                               | ../../OSDZU3_Ref_Design.gen/sources_1/bd/design_1/ip/design_1_v_mix_0_0/src/hls/hls_video_core.h:343 in operator/                                                          |
| INLINE               |                                                               | ../../OSDZU3_Ref_Design.gen/sources_1/bd/design_1/ip/design_1_v_mix_0_0/src/hls/hls_video_core.h:355 in scalar_to_yuv422_8                                                 |
| INLINE               |                                                               | ../../OSDZU3_Ref_Design.gen/sources_1/bd/design_1/ip/design_1_v_mix_0_0/src/hls/hls_video_core.h:363 in yuv422_8_to_scalar                                                 |
| INLINE               |                                                               | ../../OSDZU3_Ref_Design.gen/sources_1/bd/design_1/ip/design_1_v_mix_0_0/src/hls/hls_video_core.h:373 in scalar_to_yuv444_8                                                 |
| INLINE               |                                                               | ../../OSDZU3_Ref_Design.gen/sources_1/bd/design_1/ip/design_1_v_mix_0_0/src/hls/hls_video_core.h:382 in yuv444_8_to_scalar                                                 |
| INLINE               |                                                               | ../../OSDZU3_Ref_Design.gen/sources_1/bd/design_1/ip/design_1_v_mix_0_0/src/hls/hls_video_core.h:393 in scalar_to_rgb_8                                                    |
| INLINE               |                                                               | ../../OSDZU3_Ref_Design.gen/sources_1/bd/design_1/ip/design_1_v_mix_0_0/src/hls/hls_video_core.h:402 in rgb_8_to_scalar                                                    |
| INLINE               |                                                               | ../../OSDZU3_Ref_Design.gen/sources_1/bd/design_1/ip/design_1_v_mix_0_0/src/hls/hls_video_core.h:413 in scalar_to_yuva422_8                                                |
| INLINE               |                                                               | ../../OSDZU3_Ref_Design.gen/sources_1/bd/design_1/ip/design_1_v_mix_0_0/src/hls/hls_video_core.h:422 in yuva422_8_to_scalar                                                |
| INLINE               |                                                               | ../../OSDZU3_Ref_Design.gen/sources_1/bd/design_1/ip/design_1_v_mix_0_0/src/hls/hls_video_core.h:433 in scalar_to_yuva444_8                                                |
| INLINE               |                                                               | ../../OSDZU3_Ref_Design.gen/sources_1/bd/design_1/ip/design_1_v_mix_0_0/src/hls/hls_video_core.h:443 in yuva444_8_to_scalar                                                |
| INLINE               |                                                               | ../../OSDZU3_Ref_Design.gen/sources_1/bd/design_1/ip/design_1_v_mix_0_0/src/hls/hls_video_core.h:455 in scalar_to_rgba_8                                                   |
| INLINE               |                                                               | ../../OSDZU3_Ref_Design.gen/sources_1/bd/design_1/ip/design_1_v_mix_0_0/src/hls/hls_video_core.h:465 in rgba_8_to_scalar                                                   |
| INLINE               |                                                               | ../../OSDZU3_Ref_Design.gen/sources_1/bd/design_1/ip/design_1_v_mix_0_0/src/hls/hls_video_core.h:477 in scalar_to_yuva420_8                                                |
| INLINE               |                                                               | ../../OSDZU3_Ref_Design.gen/sources_1/bd/design_1/ip/design_1_v_mix_0_0/src/hls/hls_video_core.h:485 in yuva420_8_to_scalar                                                |
| INLINE               |                                                               | ../../OSDZU3_Ref_Design.gen/sources_1/bd/design_1/ip/design_1_v_mix_0_0/src/hls/hls_video_core.h:495 in scalar_to_yuvd422_8                                                |
| INLINE               |                                                               | ../../OSDZU3_Ref_Design.gen/sources_1/bd/design_1/ip/design_1_v_mix_0_0/src/hls/hls_video_core.h:504 in yuvd422_8_to_scalar                                                |
| INLINE               |                                                               | ../../OSDZU3_Ref_Design.gen/sources_1/bd/design_1/ip/design_1_v_mix_0_0/src/hls/hls_video_core.h:515 in scalar_to_yuvd444_8                                                |
| INLINE               |                                                               | ../../OSDZU3_Ref_Design.gen/sources_1/bd/design_1/ip/design_1_v_mix_0_0/src/hls/hls_video_core.h:525 in yuvd444_8_to_scalar                                                |
| INLINE               |                                                               | ../../OSDZU3_Ref_Design.gen/sources_1/bd/design_1/ip/design_1_v_mix_0_0/src/hls/hls_video_core.h:537 in scalar_to_rgbd_8                                                   |
| INLINE               |                                                               | ../../OSDZU3_Ref_Design.gen/sources_1/bd/design_1/ip/design_1_v_mix_0_0/src/hls/hls_video_core.h:547 in rgbd_8_to_scalar                                                   |
| INLINE               |                                                               | ../../OSDZU3_Ref_Design.gen/sources_1/bd/design_1/ip/design_1_v_mix_0_0/src/hls/hls_video_core.h:559 in scalar_to_bayer_8                                                  |
| INLINE               |                                                               | ../../OSDZU3_Ref_Design.gen/sources_1/bd/design_1/ip/design_1_v_mix_0_0/src/hls/hls_video_core.h:566 in bayer_8_to_scalar                                                  |
| INLINE               |                                                               | ../../OSDZU3_Ref_Design.gen/sources_1/bd/design_1/ip/design_1_v_mix_0_0/src/hls/hls_video_core.h:575 in scalar_to_luma_8                                                   |
| INLINE               |                                                               | ../../OSDZU3_Ref_Design.gen/sources_1/bd/design_1/ip/design_1_v_mix_0_0/src/hls/hls_video_core.h:582 in luma_8_to_scalar                                                   |
| INLINE               |                                                               | ../../OSDZU3_Ref_Design.gen/sources_1/bd/design_1/ip/design_1_v_mix_0_0/src/hls/hls_video_core.h:604 in read                                                               |
| INLINE               |                                                               | ../../OSDZU3_Ref_Design.gen/sources_1/bd/design_1/ip/design_1_v_mix_0_0/src/hls/hls_video_core.h:611 in write                                                              |
| AGGREGATE            | variable=data_stream                                          | ../../OSDZU3_Ref_Design.gen/sources_1/bd/design_1/ip/design_1_v_mix_0_0/src/hls/hls_video_core.h:612 in write, data_stream                                                 |
| PROTOCOL             | floating                                                      | ../../OSDZU3_Ref_Design.gen/sources_1/bd/design_1/ip/design_1_v_mix_0_0/src/hls/hls_video_core.h:618 in write                                                              |
| UNROLL               |                                                               | ../../OSDZU3_Ref_Design.gen/sources_1/bd/design_1/ip/design_1_v_mix_0_0/src/hls/hls_video_core.h:620 in write                                                              |
| INLINE               |                                                               | ../../OSDZU3_Ref_Design.gen/sources_1/bd/design_1/ip/design_1_v_mix_0_0/src/hls/hls_video_core.h:629 in operator>>                                                         |
| INLINE               |                                                               | ../../OSDZU3_Ref_Design.gen/sources_1/bd/design_1/ip/design_1_v_mix_0_0/src/hls/hls_video_core.h:636 in operator<<                                                         |
| INLINE               |                                                               | ../../OSDZU3_Ref_Design.gen/sources_1/bd/design_1/ip/design_1_v_mix_0_0/src/hls/hls_video_core.h:654 in mat<rows, cols, t>                                                 |
| INLINE               |                                                               | ../../OSDZU3_Ref_Design.gen/sources_1/bd/design_1/ip/design_1_v_mix_0_0/src/hls/hls_video_core.h:660 in mat<rows, cols, t>                                                 |
| INLINE               |                                                               | ../../OSDZU3_Ref_Design.gen/sources_1/bd/design_1/ip/design_1_v_mix_0_0/src/hls/hls_video_core.h:666 in mat<rows, cols, t>                                                 |
| INLINE               |                                                               | ../../OSDZU3_Ref_Design.gen/sources_1/bd/design_1/ip/design_1_v_mix_0_0/src/hls/hls_video_core.h:672 in init                                                               |
| INLINE               |                                                               | ../../OSDZU3_Ref_Design.gen/sources_1/bd/design_1/ip/design_1_v_mix_0_0/src/hls/hls_video_core.h:681 in assignto                                                           |
| INLINE               |                                                               | ../../OSDZU3_Ref_Design.gen/sources_1/bd/design_1/ip/design_1_v_mix_0_0/src/hls/hls_video_core.h:688 in read                                                               |
| PROTOCOL             | floating                                                      | ../../OSDZU3_Ref_Design.gen/sources_1/bd/design_1/ip/design_1_v_mix_0_0/src/hls/hls_video_core.h:695 in read                                                               |
| UNROLL               |                                                               | ../../OSDZU3_Ref_Design.gen/sources_1/bd/design_1/ip/design_1_v_mix_0_0/src/hls/hls_video_core.h:697 in read                                                               |
| INLINE               |                                                               | ../../OSDZU3_Ref_Design.gen/sources_1/bd/design_1/ip/design_1_v_mix_0_0/src/hls/hls_video_core.h:706 in read                                                               |
| INLINE               |                                                               | ../../OSDZU3_Ref_Design.gen/sources_1/bd/design_1/ip/design_1_v_mix_0_0/src/hls/hls_video_core.h:712 in write                                                              |
| AGGREGATE            | variable=data_stream                                          | ../../OSDZU3_Ref_Design.gen/sources_1/bd/design_1/ip/design_1_v_mix_0_0/src/hls/hls_video_core.h:713 in write, data_stream                                                 |
| PROTOCOL             | floating                                                      | ../../OSDZU3_Ref_Design.gen/sources_1/bd/design_1/ip/design_1_v_mix_0_0/src/hls/hls_video_core.h:719 in write                                                              |
| UNROLL               |                                                               | ../../OSDZU3_Ref_Design.gen/sources_1/bd/design_1/ip/design_1_v_mix_0_0/src/hls/hls_video_core.h:721 in write                                                              |
| INLINE               |                                                               | ../../OSDZU3_Ref_Design.gen/sources_1/bd/design_1/ip/design_1_v_mix_0_0/src/hls/hls_video_core.h:729 in operator>>                                                         |
| INLINE               |                                                               | ../../OSDZU3_Ref_Design.gen/sources_1/bd/design_1/ip/design_1_v_mix_0_0/src/hls/hls_video_core.h:735 in operator<<                                                         |
| INLINE               |                                                               | ../../OSDZU3_Ref_Design.gen/sources_1/bd/design_1/ip/design_1_v_mix_0_0/src/hls/hls_video_core.h:741 in empty                                                              |
| UNROLL               |                                                               | ../../OSDZU3_Ref_Design.gen/sources_1/bd/design_1/ip/design_1_v_mix_0_0/src/hls/hls_video_core.h:744 in empty                                                              |
| INLINE               |                                                               | ../../OSDZU3_Ref_Design.gen/sources_1/bd/design_1/ip/design_1_v_mix_0_0/src/hls/hls_video_core.h:756 in type                                                               |
| INLINE               |                                                               | ../../OSDZU3_Ref_Design.gen/sources_1/bd/design_1/ip/design_1_v_mix_0_0/src/hls/hls_video_core.h:762 in depth                                                              |
| INLINE               |                                                               | ../../OSDZU3_Ref_Design.gen/sources_1/bd/design_1/ip/design_1_v_mix_0_0/src/hls/hls_video_core.h:767 in channels                                                           |
| INLINE               |                                                               | ../../OSDZU3_Ref_Design.gen/sources_1/bd/design_1/ip/design_1_v_mix_0_0/src/hls/hls_video_fast.h:65 in fast_pixel_diff                                                     |
| INLINE               |                                                               | ../../OSDZU3_Ref_Design.gen/sources_1/bd/design_1/ip/design_1_v_mix_0_0/src/hls/hls_video_fast.h:107 in corescore                                                          |
| ARRAY_PARTITION      | variable=flag_d_min2 dim=0                                    | ../../OSDZU3_Ref_Design.gen/sources_1/bd/design_1/ip/design_1_v_mix_0_0/src/hls/hls_video_fast.h:115 in corescore, flag_d_min2                                             |
| ARRAY_PARTITION      | variable=flag_d_max2 dim=0                                    | ../../OSDZU3_Ref_Design.gen/sources_1/bd/design_1/ip/design_1_v_mix_0_0/src/hls/hls_video_fast.h:116 in corescore, flag_d_max2                                             |
| ARRAY_PARTITION      | variable=flag_d_min4 dim=0                                    | ../../OSDZU3_Ref_Design.gen/sources_1/bd/design_1/ip/design_1_v_mix_0_0/src/hls/hls_video_fast.h:117 in corescore, flag_d_min4                                             |
| ARRAY_PARTITION      | variable=flag_d_max4 dim=0                                    | ../../OSDZU3_Ref_Design.gen/sources_1/bd/design_1/ip/design_1_v_mix_0_0/src/hls/hls_video_fast.h:118 in corescore, flag_d_max4                                             |
| ARRAY_PARTITION      | variable=flag_val dim=0                                       | ../../OSDZU3_Ref_Design.gen/sources_1/bd/design_1/ip/design_1_v_mix_0_0/src/hls/hls_video_fast.h:176 in fast_judge, flag_val                                               |
| ARRAY_PARTITION      | variable=flag_d dim=0                                         | ../../OSDZU3_Ref_Design.gen/sources_1/bd/design_1/ip/design_1_v_mix_0_0/src/hls/hls_video_fast.h:177 in fast_judge, flag_d                                                 |
| INLINE               |                                                               | ../../OSDZU3_Ref_Design.gen/sources_1/bd/design_1/ip/design_1_v_mix_0_0/src/hls/hls_video_fast.h:179 in fast_judge                                                         |
| INLINE               |                                                               | ../../OSDZU3_Ref_Design.gen/sources_1/bd/design_1/ip/design_1_v_mix_0_0/src/hls/hls_video_fast.h:209 in fast_nonmax                                                        |
| ARRAY_PARTITION      | variable=flag_val dim=0                                       | ../../OSDZU3_Ref_Design.gen/sources_1/bd/design_1/ip/design_1_v_mix_0_0/src/hls/hls_video_fast.h:251 in fast_t_opr, flag_val                                               |
| ARRAY_PARTITION      | variable=flag_d dim=0                                         | ../../OSDZU3_Ref_Design.gen/sources_1/bd/design_1/ip/design_1_v_mix_0_0/src/hls/hls_video_fast.h:252 in fast_t_opr, flag_d                                                 |
| LOOP_FLATTEN         | off                                                           | ../../OSDZU3_Ref_Design.gen/sources_1/bd/design_1/ip/design_1_v_mix_0_0/src/hls/hls_video_fast.h:262 in fast_t_opr                                                         |
| PIPELINE             | ii=1                                                          | ../../OSDZU3_Ref_Design.gen/sources_1/bd/design_1/ip/design_1_v_mix_0_0/src/hls/hls_video_fast.h:263 in fast_t_opr                                                         |
| INLINE               |                                                               | ../../OSDZU3_Ref_Design.gen/sources_1/bd/design_1/ip/design_1_v_mix_0_0/src/hls/hls_video_fast.h:340 in fastx                                                              |
| ARRAY_PARTITION      | variable=flag_val dim=0                                       | ../../OSDZU3_Ref_Design.gen/sources_1/bd/design_1/ip/design_1_v_mix_0_0/src/hls/hls_video_fast.h:368 in fast_t_opr, flag_val                                               |
| ARRAY_PARTITION      | variable=flag_d dim=0                                         | ../../OSDZU3_Ref_Design.gen/sources_1/bd/design_1/ip/design_1_v_mix_0_0/src/hls/hls_video_fast.h:369 in fast_t_opr, flag_d                                                 |
| LOOP_FLATTEN         | off                                                           | ../../OSDZU3_Ref_Design.gen/sources_1/bd/design_1/ip/design_1_v_mix_0_0/src/hls/hls_video_fast.h:379 in fast_t_opr                                                         |
| PIPELINE             | ii=1                                                          | ../../OSDZU3_Ref_Design.gen/sources_1/bd/design_1/ip/design_1_v_mix_0_0/src/hls/hls_video_fast.h:380 in fast_t_opr                                                         |
| INLINE               |                                                               | ../../OSDZU3_Ref_Design.gen/sources_1/bd/design_1/ip/design_1_v_mix_0_0/src/hls/hls_video_fast.h:462 in fastx                                                              |
| LOOP_FLATTEN         | off                                                           | ../../OSDZU3_Ref_Design.gen/sources_1/bd/design_1/ip/design_1_v_mix_0_0/src/hls/hls_video_fast.h:490 in paintmask                                                          |
| PIPELINE             | ii=1                                                          | ../../OSDZU3_Ref_Design.gen/sources_1/bd/design_1/ip/design_1_v_mix_0_0/src/hls/hls_video_fast.h:491 in paintmask                                                          |
| ARRAY_PARTITION      | variable=rect complete dim=1                                  | ../../OSDZU3_Ref_Design.gen/sources_1/bd/design_1/ip/design_1_v_mix_0_0/src/hls/hls_video_haar.h:73 in haarfeature, rect                                                   |
| ARRAY_PARTITION      | variable=haar_feature complete dim=1                          | ../../OSDZU3_Ref_Design.gen/sources_1/bd/design_1/ip/design_1_v_mix_0_0/src/hls/hls_video_haar.h:84 in haarclassifier<feature_max>, haar_feature                           |
| ARRAY_PARTITION      | variable=classifier complete dim=1                            | ../../OSDZU3_Ref_Design.gen/sources_1/bd/design_1/ip/design_1_v_mix_0_0/src/hls/hls_video_haar.h:99 in haarstageclassifier<stage, classifier_all, feature_max>, classifier |
| INLINE               |                                                               | ../../OSDZU3_Ref_Design.gen/sources_1/bd/design_1/ip/design_1_v_mix_0_0/src/hls/hls_video_haar.h:188 in intergral_win                                                      |
| INLINE               | off                                                           | ../../OSDZU3_Ref_Design.gen/sources_1/bd/design_1/ip/design_1_v_mix_0_0/src/hls/hls_video_haar.h:205 in icvevalhidhaarclassifier                                           |
| FUNCTION_INSTANTIATE | variable=classifier                                           | ../../OSDZU3_Ref_Design.gen/sources_1/bd/design_1/ip/design_1_v_mix_0_0/src/hls/hls_video_haar.h:206 in icvevalhidhaarclassifier, classifier                               |
| INLINE               |                                                               | ../../OSDZU3_Ref_Design.gen/sources_1/bd/design_1/ip/design_1_v_mix_0_0/src/hls/hls_video_haar.h:241 in runhaarclassifiercascade                                           |
| LOOP_FLATTEN         | off                                                           | ../../OSDZU3_Ref_Design.gen/sources_1/bd/design_1/ip/design_1_v_mix_0_0/src/hls/hls_video_haar.h:298 in haarclassifierobject_opr                                           |
| PIPELINE             |                                                               | ../../OSDZU3_Ref_Design.gen/sources_1/bd/design_1/ip/design_1_v_mix_0_0/src/hls/hls_video_haar.h:299 in haarclassifierobject_opr                                           |
| DEPENDENCE           | array inter false                                             | ../../OSDZU3_Ref_Design.gen/sources_1/bd/design_1/ip/design_1_v_mix_0_0/src/hls/hls_video_haar.h:300 in haarclassifierobject_opr                                           |
| EXPRESSION_BALANCE   | off                                                           | ../../OSDZU3_Ref_Design.gen/sources_1/bd/design_1/ip/design_1_v_mix_0_0/src/hls/hls_video_haar.h:303 in haarclassifierobject_opr                                           |
| INLINE               |                                                               | ../../OSDZU3_Ref_Design.gen/sources_1/bd/design_1/ip/design_1_v_mix_0_0/src/hls/hls_video_haar.h:412 in haarclassifierobject                                               |
| PIPELINE             |                                                               | ../../OSDZU3_Ref_Design.gen/sources_1/bd/design_1/ip/design_1_v_mix_0_0/src/hls/hls_video_haar.h:476 in combin_mask                                                        |
| INLINE               |                                                               | ../../OSDZU3_Ref_Design.gen/sources_1/bd/design_1/ip/design_1_v_mix_0_0/src/hls/hls_video_haar.h:517 in haarclassifierobject_group                                         |
| INLINE               |                                                               | ../../OSDZU3_Ref_Design.gen/sources_1/bd/design_1/ip/design_1_v_mix_0_0/src/hls/hls_video_harris.h:104 in ismax                                                            |
| LOOP_TRIPCOUNT       | MAX=ROWS                                                      | ../../OSDZU3_Ref_Design.gen/sources_1/bd/design_1/ip/design_1_v_mix_0_0/src/hls/hls_video_harris.h:131 in findmax                                                          |
| DEPENDENCE           | ARRAY INTER FALSE                                             | ../../OSDZU3_Ref_Design.gen/sources_1/bd/design_1/ip/design_1_v_mix_0_0/src/hls/hls_video_harris.h:134 in findmax                                                          |
| LOOP_TRIPCOUNT       | MAX=COLS                                                      | ../../OSDZU3_Ref_Design.gen/sources_1/bd/design_1/ip/design_1_v_mix_0_0/src/hls/hls_video_harris.h:135 in findmax                                                          |
| LOOP_FLATTEN         | off                                                           | ../../OSDZU3_Ref_Design.gen/sources_1/bd/design_1/ip/design_1_v_mix_0_0/src/hls/hls_video_harris.h:136 in findmax                                                          |
| PIPELINE             | ii=1                                                          | ../../OSDZU3_Ref_Design.gen/sources_1/bd/design_1/ip/design_1_v_mix_0_0/src/hls/hls_video_harris.h:137 in findmax                                                          |
| LOOP_TRIPCOUNT       | MAX=ROWS                                                      | ../../OSDZU3_Ref_Design.gen/sources_1/bd/design_1/ip/design_1_v_mix_0_0/src/hls/hls_video_harris.h:200 in calcim                                                           |
| DEPENDENCE           | ARRAY INTER FALSE                                             | ../../OSDZU3_Ref_Design.gen/sources_1/bd/design_1/ip/design_1_v_mix_0_0/src/hls/hls_video_harris.h:203 in calcim                                                           |
| LOOP_TRIPCOUNT       | MAX=COLS                                                      | ../../OSDZU3_Ref_Design.gen/sources_1/bd/design_1/ip/design_1_v_mix_0_0/src/hls/hls_video_harris.h:204 in calcim                                                           |
| LOOP_FLATTEN         | off                                                           | ../../OSDZU3_Ref_Design.gen/sources_1/bd/design_1/ip/design_1_v_mix_0_0/src/hls/hls_video_harris.h:205 in calcim                                                           |
| PIPELINE             | ii=1                                                          | ../../OSDZU3_Ref_Design.gen/sources_1/bd/design_1/ip/design_1_v_mix_0_0/src/hls/hls_video_harris.h:206 in calcim                                                           |
| INLINE               |                                                               | ../../OSDZU3_Ref_Design.gen/sources_1/bd/design_1/ip/design_1_v_mix_0_0/src/hls/hls_video_harris.h:230 in harris_opr                                                       |
| DATAFLOW             |                                                               | ../../OSDZU3_Ref_Design.gen/sources_1/bd/design_1/ip/design_1_v_mix_0_0/src/hls/hls_video_harris.h:231 in harris_opr                                                       |
| INLINE               |                                                               | ../../OSDZU3_Ref_Design.gen/sources_1/bd/design_1/ip/design_1_v_mix_0_0/src/hls/hls_video_harris.h:286 in cornerharris                                                     |
| INLINE               |                                                               | ../../OSDZU3_Ref_Design.gen/sources_1/bd/design_1/ip/design_1_v_mix_0_0/src/hls/hls_video_harris.h:327 in harris                                                           |
| UNROLL               |                                                               | ../../OSDZU3_Ref_Design.gen/sources_1/bd/design_1/ip/design_1_v_mix_0_0/src/hls/hls_video_histogram.h:80 in equalize                                                       |
| PIPELINE             |                                                               | ../../OSDZU3_Ref_Design.gen/sources_1/bd/design_1/ip/design_1_v_mix_0_0/src/hls/hls_video_histogram.h:96 in equalize                                                       |
| LOOP_FLATTEN         | OFF                                                           | ../../OSDZU3_Ref_Design.gen/sources_1/bd/design_1/ip/design_1_v_mix_0_0/src/hls/hls_video_histogram.h:97 in equalize                                                       |
| DEPENDENCE           | array inter false                                             | ../../OSDZU3_Ref_Design.gen/sources_1/bd/design_1/ip/design_1_v_mix_0_0/src/hls/hls_video_histogram.h:98 in equalize                                                       |
| LATENCY              | min=0 max=1                                                   | ../../OSDZU3_Ref_Design.gen/sources_1/bd/design_1/ip/design_1_v_mix_0_0/src/hls/hls_video_histogram.h:114 in equalize                                                      |
| PIPELINE             |                                                               | ../../OSDZU3_Ref_Design.gen/sources_1/bd/design_1/ip/design_1_v_mix_0_0/src/hls/hls_video_histogram.h:159 in equalize                                                      |
| PIPELINE             |                                                               | ../../OSDZU3_Ref_Design.gen/sources_1/bd/design_1/ip/design_1_v_mix_0_0/src/hls/hls_video_histogram.h:170 in equalize                                                      |
| INLINE               |                                                               | ../../OSDZU3_Ref_Design.gen/sources_1/bd/design_1/ip/design_1_v_mix_0_0/src/hls/hls_video_histogram.h:194 in equalizehist                                                  |
| ARRAY_PARTITION      | variable=addr complete dim=0                                  | ../../OSDZU3_Ref_Design.gen/sources_1/bd/design_1/ip/design_1_v_mix_0_0/src/hls/hls_video_hough.h:120 in houghpolar, addr                                                  |
| ARRAY_PARTITION      | variable=accbuf complete dim=0                                | ../../OSDZU3_Ref_Design.gen/sources_1/bd/design_1/ip/design_1_v_mix_0_0/src/hls/hls_video_hough.h:121 in houghpolar, accbuf                                                |
| ARRAY_PARTITION      | variable=sinval complete dim=0                                | ../../OSDZU3_Ref_Design.gen/sources_1/bd/design_1/ip/design_1_v_mix_0_0/src/hls/hls_video_hough.h:127 in houghpolar, sinval                                                |
| ARRAY_PARTITION      | variable=cosval complete dim=0                                | ../../OSDZU3_Ref_Design.gen/sources_1/bd/design_1/ip/design_1_v_mix_0_0/src/hls/hls_video_hough.h:128 in houghpolar, cosval                                                |
| PIPELINE             |                                                               | ../../OSDZU3_Ref_Design.gen/sources_1/bd/design_1/ip/design_1_v_mix_0_0/src/hls/hls_video_hough.h:133 in houghpolar                                                        |
| PIPELINE             |                                                               | ../../OSDZU3_Ref_Design.gen/sources_1/bd/design_1/ip/design_1_v_mix_0_0/src/hls/hls_video_hough.h:151 in houghpolar                                                        |
| DEPENDENCE           | array inter false                                             | ../../OSDZU3_Ref_Design.gen/sources_1/bd/design_1/ip/design_1_v_mix_0_0/src/hls/hls_video_hough.h:152 in houghpolar                                                        |
| ARRAY_PARTITION      | variable=&accum_buf complete dim=1                            | ../../OSDZU3_Ref_Design.gen/sources_1/bd/design_1/ip/design_1_v_mix_0_0/src/hls/hls_video_hough.h:194 in sort_insert, &accum_buf                                           |
| ARRAY_PARTITION      | variable=lines_val complete dim=1                             | ../../OSDZU3_Ref_Design.gen/sources_1/bd/design_1/ip/design_1_v_mix_0_0/src/hls/hls_video_hough.h:195 in sort_insert, lines_val                                            |
| ARRAY_PARTITION      | variable=lines complete dim=0                                 | ../../OSDZU3_Ref_Design.gen/sources_1/bd/design_1/ip/design_1_v_mix_0_0/src/hls/hls_video_hough.h:196 in sort_insert, lines                                                |
| ARRAY_PARTITION      | variable=&accum_win complete dim=0                            | ../../OSDZU3_Ref_Design.gen/sources_1/bd/design_1/ip/design_1_v_mix_0_0/src/hls/hls_video_hough.h:197 in sort_insert, &accum_win                                           |
| ARRAY_PARTITION      | variable=lines_flag complete dim=0                            | ../../OSDZU3_Ref_Design.gen/sources_1/bd/design_1/ip/design_1_v_mix_0_0/src/hls/hls_video_hough.h:198 in sort_insert, lines_flag                                           |
| DEPENDENCE           | array intra false                                             | ../../OSDZU3_Ref_Design.gen/sources_1/bd/design_1/ip/design_1_v_mix_0_0/src/hls/hls_video_hough.h:214 in sort_insert                                                       |
| DEPENDENCE           | array inter false                                             | ../../OSDZU3_Ref_Design.gen/sources_1/bd/design_1/ip/design_1_v_mix_0_0/src/hls/hls_video_hough.h:215 in sort_insert                                                       |
| PIPELINE             |                                                               | ../../OSDZU3_Ref_Design.gen/sources_1/bd/design_1/ip/design_1_v_mix_0_0/src/hls/hls_video_hough.h:216 in sort_insert                                                       |
| ARRAY_PARTITION      | variable=_accum complete dim=1                                | ../../OSDZU3_Ref_Design.gen/sources_1/bd/design_1/ip/design_1_v_mix_0_0/src/hls/hls_video_hough.h:336 in houghlines2, _accum                                               |
| INLINE               |                                                               | ../../OSDZU3_Ref_Design.gen/sources_1/bd/design_1/ip/design_1_v_mix_0_0/src/hls/hls_video_imgbase.h:131 in borderinterpolate                                               |
| INLINE               |                                                               | ../../OSDZU3_Ref_Design.gen/sources_1/bd/design_1/ip/design_1_v_mix_0_0/src/hls/hls_video_imgbase.h:177 in normalizeanchor                                                 |
| LOOP_TRIPCOUNT       | min=20 max=2000                                               | ../../OSDZU3_Ref_Design.gen/sources_1/bd/design_1/ip/design_1_v_mix_0_0/src/hls/hls_video_imgbase.h:204 in duplicateimagen                                                 |
| LOOP_TRIPCOUNT       | min=20 max=2000                                               | ../../OSDZU3_Ref_Design.gen/sources_1/bd/design_1/ip/design_1_v_mix_0_0/src/hls/hls_video_imgbase.h:206 in duplicateimagen                                                 |
| PIPELINE             |                                                               | ../../OSDZU3_Ref_Design.gen/sources_1/bd/design_1/ip/design_1_v_mix_0_0/src/hls/hls_video_imgbase.h:208 in duplicateimagen                                                 |
| INLINE               |                                                               | ../../OSDZU3_Ref_Design.gen/sources_1/bd/design_1/ip/design_1_v_mix_0_0/src/hls/hls_video_imgproc.h:166 in apply                                                           |
| INLINE               |                                                               | ../../OSDZU3_Ref_Design.gen/sources_1/bd/design_1/ip/design_1_v_mix_0_0/src/hls/hls_video_imgproc.h:192 in apply                                                           |
| INLINE               |                                                               | ../../OSDZU3_Ref_Design.gen/sources_1/bd/design_1/ip/design_1_v_mix_0_0/src/hls/hls_video_imgproc.h:294 in apply                                                           |
| INLINE               |                                                               | ../../OSDZU3_Ref_Design.gen/sources_1/bd/design_1/ip/design_1_v_mix_0_0/src/hls/hls_video_imgproc.h:316 in apply                                                           |
| INLINE               |                                                               | ../../OSDZU3_Ref_Design.gen/sources_1/bd/design_1/ip/design_1_v_mix_0_0/src/hls/hls_video_imgproc.h:330 in getstructuringelement                                           |
| INLINE               |                                                               | ../../OSDZU3_Ref_Design.gen/sources_1/bd/design_1/ip/design_1_v_mix_0_0/src/hls/hls_video_imgproc.h:387 in fill_pixelkernel                                                |
| INLINE               |                                                               | ../../OSDZU3_Ref_Design.gen/sources_1/bd/design_1/ip/design_1_v_mix_0_0/src/hls/hls_video_imgproc.h:410 in filter                                                          |
| ARRAY_PARTITION      | variable=col_buf complete dim=0                               | ../../OSDZU3_Ref_Design.gen/sources_1/bd/design_1/ip/design_1_v_mix_0_0/src/hls/hls_video_imgproc.h:427 in filter, col_buf                                                 |
| ARRAY_PARTITION      | variable=&kernel complete dim=0                               | ../../OSDZU3_Ref_Design.gen/sources_1/bd/design_1/ip/design_1_v_mix_0_0/src/hls/hls_video_imgproc.h:428 in filter, &kernel                                                 |
| ARRAY_PARTITION      | variable=src_kernel_win complete dim=0                        | ../../OSDZU3_Ref_Design.gen/sources_1/bd/design_1/ip/design_1_v_mix_0_0/src/hls/hls_video_imgproc.h:429 in filter, src_kernel_win                                          |
| ARRAY_PARTITION      | variable=k_buf complete dim=1                                 | ../../OSDZU3_Ref_Design.gen/sources_1/bd/design_1/ip/design_1_v_mix_0_0/src/hls/hls_video_imgproc.h:430 in filter, k_buf                                                   |
| ARRAY_PARTITION      | variable=right_border_buf complete dim=0                      | ../../OSDZU3_Ref_Design.gen/sources_1/bd/design_1/ip/design_1_v_mix_0_0/src/hls/hls_video_imgproc.h:431 in filter, right_border_buf                                        |
| DEPENDENCE           | array inter false                                             | ../../OSDZU3_Ref_Design.gen/sources_1/bd/design_1/ip/design_1_v_mix_0_0/src/hls/hls_video_imgproc.h:461 in filter                                                          |
| LOOP_FLATTEN         | OFF                                                           | ../../OSDZU3_Ref_Design.gen/sources_1/bd/design_1/ip/design_1_v_mix_0_0/src/hls/hls_video_imgproc.h:462 in filter                                                          |
| PIPELINE             |                                                               | ../../OSDZU3_Ref_Design.gen/sources_1/bd/design_1/ip/design_1_v_mix_0_0/src/hls/hls_video_imgproc.h:463 in filter                                                          |
| INLINE               |                                                               | ../../OSDZU3_Ref_Design.gen/sources_1/bd/design_1/ip/design_1_v_mix_0_0/src/hls/hls_video_imgproc.h:541 in get_parameters                                                  |
| INLINE               |                                                               | ../../OSDZU3_Ref_Design.gen/sources_1/bd/design_1/ip/design_1_v_mix_0_0/src/hls/hls_video_imgproc.h:603 in filter                                                          |
| ARRAY_PARTITION      | variable=&kernel complete dim=0                               | ../../OSDZU3_Ref_Design.gen/sources_1/bd/design_1/ip/design_1_v_mix_0_0/src/hls/hls_video_imgproc.h:612 in filter, &kernel                                                 |
| ARRAY_PARTITION      | variable=src_kernel_win complete dim=0                        | ../../OSDZU3_Ref_Design.gen/sources_1/bd/design_1/ip/design_1_v_mix_0_0/src/hls/hls_video_imgproc.h:613 in filter, src_kernel_win                                          |
| ARRAY_PARTITION      | variable=k_buf complete dim=1                                 | ../../OSDZU3_Ref_Design.gen/sources_1/bd/design_1/ip/design_1_v_mix_0_0/src/hls/hls_video_imgproc.h:614 in filter, k_buf                                                   |
| ARRAY_PARTITION      | variable=col_buf complete dim=0                               | ../../OSDZU3_Ref_Design.gen/sources_1/bd/design_1/ip/design_1_v_mix_0_0/src/hls/hls_video_imgproc.h:615 in filter, col_buf                                                 |
| LOOP_FLATTEN         | OFF                                                           | ../../OSDZU3_Ref_Design.gen/sources_1/bd/design_1/ip/design_1_v_mix_0_0/src/hls/hls_video_imgproc.h:642 in filter                                                          |
| PIPELINE             |                                                               | ../../OSDZU3_Ref_Design.gen/sources_1/bd/design_1/ip/design_1_v_mix_0_0/src/hls/hls_video_imgproc.h:643 in filter                                                          |
| ARRAY_PARTITION      | variable=col_buf complete dim=0                               | ../../OSDZU3_Ref_Design.gen/sources_1/bd/design_1/ip/design_1_v_mix_0_0/src/hls/hls_video_imgproc.h:730 in column_filter, col_buf                                          |
| ARRAY_PARTITION      | variable=&kernelY complete dim=0                              | ../../OSDZU3_Ref_Design.gen/sources_1/bd/design_1/ip/design_1_v_mix_0_0/src/hls/hls_video_imgproc.h:731 in column_filter, &kernelY                                         |
| ARRAY_PARTITION      | variable=src_kernel_winY complete dim=0                       | ../../OSDZU3_Ref_Design.gen/sources_1/bd/design_1/ip/design_1_v_mix_0_0/src/hls/hls_video_imgproc.h:732 in column_filter, src_kernel_winY                                  |
| ARRAY_PARTITION      | variable=k_buf complete dim=1                                 | ../../OSDZU3_Ref_Design.gen/sources_1/bd/design_1/ip/design_1_v_mix_0_0/src/hls/hls_video_imgproc.h:733 in column_filter, k_buf                                            |
| DEPENDENCE           | array inter false                                             | ../../OSDZU3_Ref_Design.gen/sources_1/bd/design_1/ip/design_1_v_mix_0_0/src/hls/hls_video_imgproc.h:776 in column_filter                                                   |
| LOOP_FLATTEN         | OFF                                                           | ../../OSDZU3_Ref_Design.gen/sources_1/bd/design_1/ip/design_1_v_mix_0_0/src/hls/hls_video_imgproc.h:777 in column_filter                                                   |
| PIPELINE             |                                                               | ../../OSDZU3_Ref_Design.gen/sources_1/bd/design_1/ip/design_1_v_mix_0_0/src/hls/hls_video_imgproc.h:778 in column_filter                                                   |
| ARRAY_PARTITION      | variable=&kernelX complete dim=0                              | ../../OSDZU3_Ref_Design.gen/sources_1/bd/design_1/ip/design_1_v_mix_0_0/src/hls/hls_video_imgproc.h:864 in row_filter, &kernelX                                            |
| ARRAY_PARTITION      | variable=src_kernel_winX complete dim=0                       | ../../OSDZU3_Ref_Design.gen/sources_1/bd/design_1/ip/design_1_v_mix_0_0/src/hls/hls_video_imgproc.h:865 in row_filter, src_kernel_winX                                     |
| ARRAY_PARTITION      | variable=src_kernel_winX_temp complete dim=0                  | ../../OSDZU3_Ref_Design.gen/sources_1/bd/design_1/ip/design_1_v_mix_0_0/src/hls/hls_video_imgproc.h:866 in row_filter, src_kernel_winX_temp                                |
| ARRAY_PARTITION      | variable=row_buf complete dim=0                               | ../../OSDZU3_Ref_Design.gen/sources_1/bd/design_1/ip/design_1_v_mix_0_0/src/hls/hls_video_imgproc.h:867 in row_filter, row_buf                                             |
| ARRAY_PARTITION      | variable=l_border_buf complete dim=1                          | ../../OSDZU3_Ref_Design.gen/sources_1/bd/design_1/ip/design_1_v_mix_0_0/src/hls/hls_video_imgproc.h:868 in row_filter, l_border_buf                                        |
| ARRAY_PARTITION      | variable=r_border_buf complete dim=1                          | ../../OSDZU3_Ref_Design.gen/sources_1/bd/design_1/ip/design_1_v_mix_0_0/src/hls/hls_video_imgproc.h:869 in row_filter, r_border_buf                                        |
| DEPENDENCE           | array inter false                                             | ../../OSDZU3_Ref_Design.gen/sources_1/bd/design_1/ip/design_1_v_mix_0_0/src/hls/hls_video_imgproc.h:925 in row_filter                                                      |
| LOOP_FLATTEN         | OFF                                                           | ../../OSDZU3_Ref_Design.gen/sources_1/bd/design_1/ip/design_1_v_mix_0_0/src/hls/hls_video_imgproc.h:926 in row_filter                                                      |
| PIPELINE             |                                                               | ../../OSDZU3_Ref_Design.gen/sources_1/bd/design_1/ip/design_1_v_mix_0_0/src/hls/hls_video_imgproc.h:927 in row_filter                                                      |
| INLINE               |                                                               | ../../OSDZU3_Ref_Design.gen/sources_1/bd/design_1/ip/design_1_v_mix_0_0/src/hls/hls_video_imgproc.h:993 in filter                                                          |
| DATAFLOW             |                                                               | ../../OSDZU3_Ref_Design.gen/sources_1/bd/design_1/ip/design_1_v_mix_0_0/src/hls/hls_video_imgproc.h:994 in filter                                                          |
| INLINE               |                                                               | ../../OSDZU3_Ref_Design.gen/sources_1/bd/design_1/ip/design_1_v_mix_0_0/src/hls/hls_video_imgproc.h:1016 in filter                                                         |
| INLINE               |                                                               | ../../OSDZU3_Ref_Design.gen/sources_1/bd/design_1/ip/design_1_v_mix_0_0/src/hls/hls_video_imgproc.h:1037 in filter                                                         |
| ARRAY_PARTITION      | variable=&kernelX complete dim=0                              | ../../OSDZU3_Ref_Design.gen/sources_1/bd/design_1/ip/design_1_v_mix_0_0/src/hls/hls_video_imgproc.h:1048 in filter, &kernelX                                               |
| ARRAY_PARTITION      | variable=&kernelY complete dim=0                              | ../../OSDZU3_Ref_Design.gen/sources_1/bd/design_1/ip/design_1_v_mix_0_0/src/hls/hls_video_imgproc.h:1049 in filter, &kernelY                                               |
| ARRAY_PARTITION      | variable=src_kernel_winX complete dim=0                       | ../../OSDZU3_Ref_Design.gen/sources_1/bd/design_1/ip/design_1_v_mix_0_0/src/hls/hls_video_imgproc.h:1050 in filter, src_kernel_winX                                        |
| ARRAY_PARTITION      | variable=src_kernel_winX_temp complete dim=0                  | ../../OSDZU3_Ref_Design.gen/sources_1/bd/design_1/ip/design_1_v_mix_0_0/src/hls/hls_video_imgproc.h:1051 in filter, src_kernel_winX_temp                                   |
| ARRAY_PARTITION      | variable=src_kernel_winY complete dim=0                       | ../../OSDZU3_Ref_Design.gen/sources_1/bd/design_1/ip/design_1_v_mix_0_0/src/hls/hls_video_imgproc.h:1052 in filter, src_kernel_winY                                        |
| ARRAY_PARTITION      | variable=k_buf complete dim=1                                 | ../../OSDZU3_Ref_Design.gen/sources_1/bd/design_1/ip/design_1_v_mix_0_0/src/hls/hls_video_imgproc.h:1053 in filter, k_buf                                                  |
| LOOP_FLATTEN         | OFF                                                           | ../../OSDZU3_Ref_Design.gen/sources_1/bd/design_1/ip/design_1_v_mix_0_0/src/hls/hls_video_imgproc.h:1074 in filter                                                         |
| PIPELINE             |                                                               | ../../OSDZU3_Ref_Design.gen/sources_1/bd/design_1/ip/design_1_v_mix_0_0/src/hls/hls_video_imgproc.h:1075 in filter                                                         |
| INLINE               |                                                               | ../../OSDZU3_Ref_Design.gen/sources_1/bd/design_1/ip/design_1_v_mix_0_0/src/hls/hls_video_imgproc.h:1144 in filter                                                         |
| DATAFLOW             |                                                               | ../../OSDZU3_Ref_Design.gen/sources_1/bd/design_1/ip/design_1_v_mix_0_0/src/hls/hls_video_imgproc.h:1171 in filter_opr_iter                                                |
| ARRAY_PARTITION      | dim=1 type=complete variable=internal                         | ../../OSDZU3_Ref_Design.gen/sources_1/bd/design_1/ip/design_1_v_mix_0_0/src/hls/hls_video_imgproc.h:1173 in filter_opr_iter, internal                                      |
| UNROLL               |                                                               | ../../OSDZU3_Ref_Design.gen/sources_1/bd/design_1/ip/design_1_v_mix_0_0/src/hls/hls_video_imgproc.h:1177 in filter_opr_iter                                                |
| INLINE               |                                                               | ../../OSDZU3_Ref_Design.gen/sources_1/bd/design_1/ip/design_1_v_mix_0_0/src/hls/hls_video_imgproc.h:1188 in morp_opr                                                       |
| INLINE               |                                                               | ../../OSDZU3_Ref_Design.gen/sources_1/bd/design_1/ip/design_1_v_mix_0_0/src/hls/hls_video_imgproc.h:1210 in morp_opr                                                       |
| INLINE               |                                                               | ../../OSDZU3_Ref_Design.gen/sources_1/bd/design_1/ip/design_1_v_mix_0_0/src/hls/hls_video_imgproc.h:1255 in erode                                                          |
| INLINE               |                                                               | ../../OSDZU3_Ref_Design.gen/sources_1/bd/design_1/ip/design_1_v_mix_0_0/src/hls/hls_video_imgproc.h:1282 in dilate                                                         |
| INLINE               |                                                               | ../../OSDZU3_Ref_Design.gen/sources_1/bd/design_1/ip/design_1_v_mix_0_0/src/hls/hls_video_imgproc.h:1507 in convert                                                        |
| INLINE               |                                                               | ../../OSDZU3_Ref_Design.gen/sources_1/bd/design_1/ip/design_1_v_mix_0_0/src/hls/hls_video_imgproc.h:1523 in max                                                            |
| INLINE               |                                                               | ../../OSDZU3_Ref_Design.gen/sources_1/bd/design_1/ip/design_1_v_mix_0_0/src/hls/hls_video_imgproc.h:1532 in min                                                            |
| INLINE               |                                                               | ../../OSDZU3_Ref_Design.gen/sources_1/bd/design_1/ip/design_1_v_mix_0_0/src/hls/hls_video_imgproc.h:1569 in apply                                                          |
| INLINE               |                                                               | ../../OSDZU3_Ref_Design.gen/sources_1/bd/design_1/ip/design_1_v_mix_0_0/src/hls/hls_video_imgproc.h:1580 in apply                                                          |
| INLINE               |                                                               | ../../OSDZU3_Ref_Design.gen/sources_1/bd/design_1/ip/design_1_v_mix_0_0/src/hls/hls_video_imgproc.h:1721 in apply                                                          |
| INLINE               |                                                               | ../../OSDZU3_Ref_Design.gen/sources_1/bd/design_1/ip/design_1_v_mix_0_0/src/hls/hls_video_imgproc.h:1786 in apply                                                          |
| ARRAY_PARTITION      | variable=tab dim=0 complete                                   | ../../OSDZU3_Ref_Design.gen/sources_1/bd/design_1/ip/design_1_v_mix_0_0/src/hls/hls_video_imgproc.h:1797 in apply, tab                                                     |
| INLINE               |                                                               | ../../OSDZU3_Ref_Design.gen/sources_1/bd/design_1/ip/design_1_v_mix_0_0/src/hls/hls_video_imgproc.h:1836 in apply                                                          |
| INLINE               |                                                               | ../../OSDZU3_Ref_Design.gen/sources_1/bd/design_1/ip/design_1_v_mix_0_0/src/hls/hls_video_imgproc.h:1919 in apply                                                          |
| ARRAY_PARTITION      | variable=tab dim=0 complete                                   | ../../OSDZU3_Ref_Design.gen/sources_1/bd/design_1/ip/design_1_v_mix_0_0/src/hls/hls_video_imgproc.h:1930 in apply, tab                                                     |
| LOOP_FLATTEN         | OFF                                                           | ../../OSDZU3_Ref_Design.gen/sources_1/bd/design_1/ip/design_1_v_mix_0_0/src/hls/hls_video_imgproc.h:1985 in cvtcolor                                                       |
| PIPELINE             |                                                               | ../../OSDZU3_Ref_Design.gen/sources_1/bd/design_1/ip/design_1_v_mix_0_0/src/hls/hls_video_imgproc.h:1986 in cvtcolor                                                       |
| LOOP_FLATTEN         | OFF                                                           | ../../OSDZU3_Ref_Design.gen/sources_1/bd/design_1/ip/design_1_v_mix_0_0/src/hls/hls_video_imgproc.h:2012 in integral                                                       |
| PIPELINE             |                                                               | ../../OSDZU3_Ref_Design.gen/sources_1/bd/design_1/ip/design_1_v_mix_0_0/src/hls/hls_video_imgproc.h:2013 in integral                                                       |
| LOOP_FLATTEN         | OFF                                                           | ../../OSDZU3_Ref_Design.gen/sources_1/bd/design_1/ip/design_1_v_mix_0_0/src/hls/hls_video_imgproc.h:2052 in integral                                                       |
| PIPELINE             |                                                               | ../../OSDZU3_Ref_Design.gen/sources_1/bd/design_1/ip/design_1_v_mix_0_0/src/hls/hls_video_imgproc.h:2053 in integral                                                       |
| INLINE               | off                                                           | ../../OSDZU3_Ref_Design.gen/sources_1/bd/design_1/ip/design_1_v_mix_0_0/src/hls/hls_video_imgproc.h:2089 in init_scale_coefficients                                        |
| INLINE               |                                                               | ../../OSDZU3_Ref_Design.gen/sources_1/bd/design_1/ip/design_1_v_mix_0_0/src/hls/hls_video_imgproc.h:2120 in scale_operator                                                 |
| ARRAY_PARTITION      | variable= temp_in dim=0 complete                              | ../../OSDZU3_Ref_Design.gen/sources_1/bd/design_1/ip/design_1_v_mix_0_0/src/hls/hls_video_imgproc.h:2160 in resize_opr_bicubic                                             |
| ARRAY_PARTITION      | variable= temp_out dim=0 complete                             | ../../OSDZU3_Ref_Design.gen/sources_1/bd/design_1/ip/design_1_v_mix_0_0/src/hls/hls_video_imgproc.h:2161 in resize_opr_bicubic                                             |
| ARRAY_PARTITION      | variable= h_fir dim=0 complete                                | ../../OSDZU3_Ref_Design.gen/sources_1/bd/design_1/ip/design_1_v_mix_0_0/src/hls/hls_video_imgproc.h:2162 in resize_opr_bicubic                                             |
| ARRAY_PARTITION      | variable= v_fir dim=0 complete                                | ../../OSDZU3_Ref_Design.gen/sources_1/bd/design_1/ip/design_1_v_mix_0_0/src/hls/hls_video_imgproc.h:2163 in resize_opr_bicubic                                             |
| ARRAY_PARTITION      | variable=hcoeffs dim=2 complete                               | ../../OSDZU3_Ref_Design.gen/sources_1/bd/design_1/ip/design_1_v_mix_0_0/src/hls/hls_video_imgproc.h:2164 in resize_opr_bicubic, hcoeffs                                    |
| ARRAY_PARTITION      | variable=vcoeffs dim=2 complete                               | ../../OSDZU3_Ref_Design.gen/sources_1/bd/design_1/ip/design_1_v_mix_0_0/src/hls/hls_video_imgproc.h:2165 in resize_opr_bicubic, vcoeffs                                    |
| PIPELINE             |                                                               | ../../OSDZU3_Ref_Design.gen/sources_1/bd/design_1/ip/design_1_v_mix_0_0/src/hls/hls_video_imgproc.h:2187 in resize_opr_bicubic                                             |
| LOOP_FLATTEN         | off                                                           | ../../OSDZU3_Ref_Design.gen/sources_1/bd/design_1/ip/design_1_v_mix_0_0/src/hls/hls_video_imgproc.h:2188 in resize_opr_bicubic                                             |
| DEPENDENCE           | array inter false                                             | ../../OSDZU3_Ref_Design.gen/sources_1/bd/design_1/ip/design_1_v_mix_0_0/src/hls/hls_video_imgproc.h:2189 in resize_opr_bicubic                                             |
| LOOP_FLATTEN         | OFF                                                           | ../../OSDZU3_Ref_Design.gen/sources_1/bd/design_1/ip/design_1_v_mix_0_0/src/hls/hls_video_imgproc.h:2331 in resize_opr_linear                                              |
| DEPENDENCE           | array inter false                                             | ../../OSDZU3_Ref_Design.gen/sources_1/bd/design_1/ip/design_1_v_mix_0_0/src/hls/hls_video_imgproc.h:2332 in resize_opr_linear                                              |
| PIPELINE             |                                                               | ../../OSDZU3_Ref_Design.gen/sources_1/bd/design_1/ip/design_1_v_mix_0_0/src/hls/hls_video_imgproc.h:2333 in resize_opr_linear                                              |
| LOOP_FLATTEN         | OFF                                                           | ../../OSDZU3_Ref_Design.gen/sources_1/bd/design_1/ip/design_1_v_mix_0_0/src/hls/hls_video_imgproc.h:2515 in convertscale                                                   |
| PIPELINE             |                                                               | ../../OSDZU3_Ref_Design.gen/sources_1/bd/design_1/ip/design_1_v_mix_0_0/src/hls/hls_video_imgproc.h:2516 in convertscale                                                   |
| LOOP_FLATTEN         | OFF                                                           | ../../OSDZU3_Ref_Design.gen/sources_1/bd/design_1/ip/design_1_v_mix_0_0/src/hls/hls_video_imgproc.h:2544 in convertscaleabs                                                |
| PIPELINE             |                                                               | ../../OSDZU3_Ref_Design.gen/sources_1/bd/design_1/ip/design_1_v_mix_0_0/src/hls/hls_video_imgproc.h:2545 in convertscaleabs                                                |
| INLINE               | off                                                           | ../../OSDZU3_Ref_Design.gen/sources_1/bd/design_1/ip/design_1_v_mix_0_0/src/hls/hls_video_imgproc.h:2653 in getgaussiankernel                                              |
| INLINE               |                                                               | ../../OSDZU3_Ref_Design.gen/sources_1/bd/design_1/ip/design_1_v_mix_0_0/src/hls/hls_video_imgproc.h:2790 in pyrup_opr                                                      |
| ARRAY_PARTITION      | variable=col_buf complete dim=0                               | ../../OSDZU3_Ref_Design.gen/sources_1/bd/design_1/ip/design_1_v_mix_0_0/src/hls/hls_video_imgproc.h:2801 in pyrup_opr, col_buf                                             |
| ARRAY_PARTITION      | variable=&kernel complete dim=0                               | ../../OSDZU3_Ref_Design.gen/sources_1/bd/design_1/ip/design_1_v_mix_0_0/src/hls/hls_video_imgproc.h:2802 in pyrup_opr, &kernel                                             |
| ARRAY_PARTITION      | variable=src_kernel_win complete dim=0                        | ../../OSDZU3_Ref_Design.gen/sources_1/bd/design_1/ip/design_1_v_mix_0_0/src/hls/hls_video_imgproc.h:2803 in pyrup_opr, src_kernel_win                                      |
| ARRAY_PARTITION      | variable=k_buf complete dim=1                                 | ../../OSDZU3_Ref_Design.gen/sources_1/bd/design_1/ip/design_1_v_mix_0_0/src/hls/hls_video_imgproc.h:2804 in pyrup_opr, k_buf                                               |
| ARRAY_PARTITION      | variable=right_border_buf complete dim=0                      | ../../OSDZU3_Ref_Design.gen/sources_1/bd/design_1/ip/design_1_v_mix_0_0/src/hls/hls_video_imgproc.h:2805 in pyrup_opr, right_border_buf                                    |
| LOOP_FLATTEN         | OFF                                                           | ../../OSDZU3_Ref_Design.gen/sources_1/bd/design_1/ip/design_1_v_mix_0_0/src/hls/hls_video_imgproc.h:2817 in pyrup_opr                                                      |
| DEPENDENCE           | array inter false                                             | ../../OSDZU3_Ref_Design.gen/sources_1/bd/design_1/ip/design_1_v_mix_0_0/src/hls/hls_video_imgproc.h:2818 in pyrup_opr                                                      |
| PIPELINE             |                                                               | ../../OSDZU3_Ref_Design.gen/sources_1/bd/design_1/ip/design_1_v_mix_0_0/src/hls/hls_video_imgproc.h:2819 in pyrup_opr                                                      |
| INLINE               |                                                               | ../../OSDZU3_Ref_Design.gen/sources_1/bd/design_1/ip/design_1_v_mix_0_0/src/hls/hls_video_imgproc.h:2986 in pyrdown_opr                                                    |
| ARRAY_PARTITION      | variable=col_buf complete dim=0                               | ../../OSDZU3_Ref_Design.gen/sources_1/bd/design_1/ip/design_1_v_mix_0_0/src/hls/hls_video_imgproc.h:2997 in pyrdown_opr, col_buf                                           |
| ARRAY_PARTITION      | variable=&kernel complete dim=0                               | ../../OSDZU3_Ref_Design.gen/sources_1/bd/design_1/ip/design_1_v_mix_0_0/src/hls/hls_video_imgproc.h:2998 in pyrdown_opr, &kernel                                           |
| ARRAY_PARTITION      | variable=src_kernel_win complete dim=0                        | ../../OSDZU3_Ref_Design.gen/sources_1/bd/design_1/ip/design_1_v_mix_0_0/src/hls/hls_video_imgproc.h:2999 in pyrdown_opr, src_kernel_win                                    |
| ARRAY_PARTITION      | variable=k_buf complete dim=1                                 | ../../OSDZU3_Ref_Design.gen/sources_1/bd/design_1/ip/design_1_v_mix_0_0/src/hls/hls_video_imgproc.h:3000 in pyrdown_opr, k_buf                                             |
| ARRAY_PARTITION      | variable=right_border_buf complete dim=0                      | ../../OSDZU3_Ref_Design.gen/sources_1/bd/design_1/ip/design_1_v_mix_0_0/src/hls/hls_video_imgproc.h:3001 in pyrdown_opr, right_border_buf                                  |
| LOOP_FLATTEN         | OFF                                                           | ../../OSDZU3_Ref_Design.gen/sources_1/bd/design_1/ip/design_1_v_mix_0_0/src/hls/hls_video_imgproc.h:3018 in pyrdown_opr                                                    |
| DEPENDENCE           | array inter false                                             | ../../OSDZU3_Ref_Design.gen/sources_1/bd/design_1/ip/design_1_v_mix_0_0/src/hls/hls_video_imgproc.h:3019 in pyrdown_opr                                                    |
| PIPELINE             |                                                               | ../../OSDZU3_Ref_Design.gen/sources_1/bd/design_1/ip/design_1_v_mix_0_0/src/hls/hls_video_imgproc.h:3020 in pyrdown_opr                                                    |
| PIPELINE             | ii=1                                                          | ../../OSDZU3_Ref_Design.gen/sources_1/bd/design_1/ip/design_1_v_mix_0_0/src/hls/hls_video_io.h:80 in axivideo2mat                                                          |
| LOOP_TRIPCOUNT       | avg=0 max=0                                                   | ../../OSDZU3_Ref_Design.gen/sources_1/bd/design_1/ip/design_1_v_mix_0_0/src/hls/hls_video_io.h:81 in axivideo2mat                                                          |
| LOOP_FLATTEN         | off                                                           | ../../OSDZU3_Ref_Design.gen/sources_1/bd/design_1/ip/design_1_v_mix_0_0/src/hls/hls_video_io.h:88 in axivideo2mat                                                          |
| PIPELINE             | ii=1                                                          | ../../OSDZU3_Ref_Design.gen/sources_1/bd/design_1/ip/design_1_v_mix_0_0/src/hls/hls_video_io.h:89 in axivideo2mat                                                          |
| PIPELINE             | ii=1                                                          | ../../OSDZU3_Ref_Design.gen/sources_1/bd/design_1/ip/design_1_v_mix_0_0/src/hls/hls_video_io.h:111 in axivideo2mat                                                         |
| LOOP_TRIPCOUNT       | avg=0 max=0                                                   | ../../OSDZU3_Ref_Design.gen/sources_1/bd/design_1/ip/design_1_v_mix_0_0/src/hls/hls_video_io.h:112 in axivideo2mat                                                         |
| LOOP_FLATTEN         | off                                                           | ../../OSDZU3_Ref_Design.gen/sources_1/bd/design_1/ip/design_1_v_mix_0_0/src/hls/hls_video_io.h:141 in mat2axivideo                                                         |
| PIPELINE             | ii=1                                                          | ../../OSDZU3_Ref_Design.gen/sources_1/bd/design_1/ip/design_1_v_mix_0_0/src/hls/hls_video_io.h:142 in mat2axivideo                                                         |
| LOOP_FLATTEN         | off                                                           | ../../OSDZU3_Ref_Design.gen/sources_1/bd/design_1/ip/design_1_v_mix_0_0/src/hls/hls_video_io.h:190 in array2mat                                                            |
| PIPELINE             | ii=1                                                          | ../../OSDZU3_Ref_Design.gen/sources_1/bd/design_1/ip/design_1_v_mix_0_0/src/hls/hls_video_io.h:191 in array2mat                                                            |
| UNROLL               |                                                               | ../../OSDZU3_Ref_Design.gen/sources_1/bd/design_1/ip/design_1_v_mix_0_0/src/hls/hls_video_io.h:197 in array2mat                                                            |
| LOOP_FLATTEN         | off                                                           | ../../OSDZU3_Ref_Design.gen/sources_1/bd/design_1/ip/design_1_v_mix_0_0/src/hls/hls_video_io.h:256 in mat2array                                                            |
| PIPELINE             | ii=1                                                          | ../../OSDZU3_Ref_Design.gen/sources_1/bd/design_1/ip/design_1_v_mix_0_0/src/hls/hls_video_io.h:257 in mat2array                                                            |
| UNROLL               |                                                               | ../../OSDZU3_Ref_Design.gen/sources_1/bd/design_1/ip/design_1_v_mix_0_0/src/hls/hls_video_io.h:262 in mat2array                                                            |
| ARRAY_PARTITION      | variable=val dim=1 complete                                   | ../../OSDZU3_Ref_Design.gen/sources_1/bd/design_1/ip/design_1_v_mix_0_0/src/hls/hls_video_mem.h:66 in window<rows, cols, t>, val                                           |
| ARRAY_PARTITION      | variable=val dim=2 complete                                   | ../../OSDZU3_Ref_Design.gen/sources_1/bd/design_1/ip/design_1_v_mix_0_0/src/hls/hls_video_mem.h:67 in window<rows, cols, t>, val                                           |
| INLINE               |                                                               | ../../OSDZU3_Ref_Design.gen/sources_1/bd/design_1/ip/design_1_v_mix_0_0/src/hls/hls_video_mem.h:128 in shift_pixels_left                                                   |
| UNROLL               |                                                               | ../../OSDZU3_Ref_Design.gen/sources_1/bd/design_1/ip/design_1_v_mix_0_0/src/hls/hls_video_mem.h:138 in shift_pixels_left                                                   |
| UNROLL               |                                                               | ../../OSDZU3_Ref_Design.gen/sources_1/bd/design_1/ip/design_1_v_mix_0_0/src/hls/hls_video_mem.h:140 in shift_pixels_left                                                   |
| INLINE               |                                                               | ../../OSDZU3_Ref_Design.gen/sources_1/bd/design_1/ip/design_1_v_mix_0_0/src/hls/hls_video_mem.h:166 in shift_pixels_right                                                  |
| UNROLL               |                                                               | ../../OSDZU3_Ref_Design.gen/sources_1/bd/design_1/ip/design_1_v_mix_0_0/src/hls/hls_video_mem.h:176 in shift_pixels_right                                                  |
| UNROLL               |                                                               | ../../OSDZU3_Ref_Design.gen/sources_1/bd/design_1/ip/design_1_v_mix_0_0/src/hls/hls_video_mem.h:178 in shift_pixels_right                                                  |
| INLINE               |                                                               | ../../OSDZU3_Ref_Design.gen/sources_1/bd/design_1/ip/design_1_v_mix_0_0/src/hls/hls_video_mem.h:204 in shift_pixels_up                                                     |
| UNROLL               |                                                               | ../../OSDZU3_Ref_Design.gen/sources_1/bd/design_1/ip/design_1_v_mix_0_0/src/hls/hls_video_mem.h:214 in shift_pixels_up                                                     |
| UNROLL               |                                                               | ../../OSDZU3_Ref_Design.gen/sources_1/bd/design_1/ip/design_1_v_mix_0_0/src/hls/hls_video_mem.h:216 in shift_pixels_up                                                     |
| INLINE               |                                                               | ../../OSDZU3_Ref_Design.gen/sources_1/bd/design_1/ip/design_1_v_mix_0_0/src/hls/hls_video_mem.h:242 in shift_pixels_down                                                   |
| UNROLL               |                                                               | ../../OSDZU3_Ref_Design.gen/sources_1/bd/design_1/ip/design_1_v_mix_0_0/src/hls/hls_video_mem.h:252 in shift_pixels_down                                                   |
| UNROLL               |                                                               | ../../OSDZU3_Ref_Design.gen/sources_1/bd/design_1/ip/design_1_v_mix_0_0/src/hls/hls_video_mem.h:254 in shift_pixels_down                                                   |
| INLINE               |                                                               | ../../OSDZU3_Ref_Design.gen/sources_1/bd/design_1/ip/design_1_v_mix_0_0/src/hls/hls_video_mem.h:279 in insert_pixel                                                        |
| INLINE               |                                                               | ../../OSDZU3_Ref_Design.gen/sources_1/bd/design_1/ip/design_1_v_mix_0_0/src/hls/hls_video_mem.h:311 in insert_row                                                          |
| UNROLL               |                                                               | ../../OSDZU3_Ref_Design.gen/sources_1/bd/design_1/ip/design_1_v_mix_0_0/src/hls/hls_video_mem.h:321 in insert_row                                                          |
| INLINE               |                                                               | ../../OSDZU3_Ref_Design.gen/sources_1/bd/design_1/ip/design_1_v_mix_0_0/src/hls/hls_video_mem.h:346 in insert_top_row                                                      |
| INLINE               |                                                               | ../../OSDZU3_Ref_Design.gen/sources_1/bd/design_1/ip/design_1_v_mix_0_0/src/hls/hls_video_mem.h:377 in insert_bottom_row                                                   |
| INLINE               |                                                               | ../../OSDZU3_Ref_Design.gen/sources_1/bd/design_1/ip/design_1_v_mix_0_0/src/hls/hls_video_mem.h:408 in insert_col                                                          |
| UNROLL               |                                                               | ../../OSDZU3_Ref_Design.gen/sources_1/bd/design_1/ip/design_1_v_mix_0_0/src/hls/hls_video_mem.h:418 in insert_col                                                          |
| INLINE               |                                                               | ../../OSDZU3_Ref_Design.gen/sources_1/bd/design_1/ip/design_1_v_mix_0_0/src/hls/hls_video_mem.h:443 in insert_left_col                                                     |
| INLINE               |                                                               | ../../OSDZU3_Ref_Design.gen/sources_1/bd/design_1/ip/design_1_v_mix_0_0/src/hls/hls_video_mem.h:474 in insert_right_col                                                    |
| INLINE               |                                                               | ../../OSDZU3_Ref_Design.gen/sources_1/bd/design_1/ip/design_1_v_mix_0_0/src/hls/hls_video_mem.h:505 in getval                                                              |
| INLINE               |                                                               | ../../OSDZU3_Ref_Design.gen/sources_1/bd/design_1/ip/design_1_v_mix_0_0/src/hls/hls_video_mem.h:514 in operator()                                                          |
| INLINE               |                                                               | ../../OSDZU3_Ref_Design.gen/sources_1/bd/design_1/ip/design_1_v_mix_0_0/src/hls/hls_video_mem.h:546 in shift_left                                                          |
| INLINE               |                                                               | ../../OSDZU3_Ref_Design.gen/sources_1/bd/design_1/ip/design_1_v_mix_0_0/src/hls/hls_video_mem.h:556 in shift_right                                                         |
| INLINE               |                                                               | ../../OSDZU3_Ref_Design.gen/sources_1/bd/design_1/ip/design_1_v_mix_0_0/src/hls/hls_video_mem.h:566 in shift_up                                                            |
| INLINE               |                                                               | ../../OSDZU3_Ref_Design.gen/sources_1/bd/design_1/ip/design_1_v_mix_0_0/src/hls/hls_video_mem.h:576 in shift_down                                                          |
| INLINE               |                                                               | ../../OSDZU3_Ref_Design.gen/sources_1/bd/design_1/ip/design_1_v_mix_0_0/src/hls/hls_video_mem.h:586 in insert                                                              |
| INLINE               |                                                               | ../../OSDZU3_Ref_Design.gen/sources_1/bd/design_1/ip/design_1_v_mix_0_0/src/hls/hls_video_mem.h:596 in insert_top                                                          |
| INLINE               |                                                               | ../../OSDZU3_Ref_Design.gen/sources_1/bd/design_1/ip/design_1_v_mix_0_0/src/hls/hls_video_mem.h:606 in insert_bottom                                                       |
| INLINE               |                                                               | ../../OSDZU3_Ref_Design.gen/sources_1/bd/design_1/ip/design_1_v_mix_0_0/src/hls/hls_video_mem.h:616 in insert_left                                                         |
| INLINE               |                                                               | ../../OSDZU3_Ref_Design.gen/sources_1/bd/design_1/ip/design_1_v_mix_0_0/src/hls/hls_video_mem.h:626 in insert_right                                                        |
| INLINE               |                                                               | ../../OSDZU3_Ref_Design.gen/sources_1/bd/design_1/ip/design_1_v_mix_0_0/src/hls/hls_video_mem.h:638 in linebuffer<rows, cols, type-parameter-0-2, 0>                       |
| ARRAY_PARTITION      | variable=val dim=1 complete                                   | ../../OSDZU3_Ref_Design.gen/sources_1/bd/design_1/ip/design_1_v_mix_0_0/src/hls/hls_video_mem.h:639 in linebuffer<rows, cols, type-parameter-0-2, 0>, val                  |
| DEPENDENCE           | variable=val inter false                                      | ../../OSDZU3_Ref_Design.gen/sources_1/bd/design_1/ip/design_1_v_mix_0_0/src/hls/hls_video_mem.h:640 in linebuffer<rows, cols, type-parameter-0-2, 0>, val                  |
| DEPENDENCE           | variable=val intra false                                      | ../../OSDZU3_Ref_Design.gen/sources_1/bd/design_1/ip/design_1_v_mix_0_0/src/hls/hls_video_mem.h:641 in linebuffer<rows, cols, type-parameter-0-2, 0>, val                  |
| INLINE               |                                                               | ../../OSDZU3_Ref_Design.gen/sources_1/bd/design_1/ip/design_1_v_mix_0_0/src/hls/hls_video_mem.h:692 in shift_pixels_down                                                   |
| UNROLL               |                                                               | ../../OSDZU3_Ref_Design.gen/sources_1/bd/design_1/ip/design_1_v_mix_0_0/src/hls/hls_video_mem.h:703 in shift_pixels_down                                                   |
| INLINE               |                                                               | ../../OSDZU3_Ref_Design.gen/sources_1/bd/design_1/ip/design_1_v_mix_0_0/src/hls/hls_video_mem.h:732 in shift_pixels_up                                                     |
| UNROLL               |                                                               | ../../OSDZU3_Ref_Design.gen/sources_1/bd/design_1/ip/design_1_v_mix_0_0/src/hls/hls_video_mem.h:743 in shift_pixels_up                                                     |
| INLINE               |                                                               | ../../OSDZU3_Ref_Design.gen/sources_1/bd/design_1/ip/design_1_v_mix_0_0/src/hls/hls_video_mem.h:771 in insert_bottom_row                                                   |
| INLINE               |                                                               | ../../OSDZU3_Ref_Design.gen/sources_1/bd/design_1/ip/design_1_v_mix_0_0/src/hls/hls_video_mem.h:803 in insert_top_row                                                      |
| INLINE               |                                                               | ../../OSDZU3_Ref_Design.gen/sources_1/bd/design_1/ip/design_1_v_mix_0_0/src/hls/hls_video_mem.h:835 in get_col                                                             |
| UNROLL               |                                                               | ../../OSDZU3_Ref_Design.gen/sources_1/bd/design_1/ip/design_1_v_mix_0_0/src/hls/hls_video_mem.h:839 in get_col                                                             |
| INLINE               |                                                               | ../../OSDZU3_Ref_Design.gen/sources_1/bd/design_1/ip/design_1_v_mix_0_0/src/hls/hls_video_mem.h:848 in getval                                                              |
| INLINE               |                                                               | ../../OSDZU3_Ref_Design.gen/sources_1/bd/design_1/ip/design_1_v_mix_0_0/src/hls/hls_video_mem.h:857 in operator()                                                          |
| INLINE               |                                                               | ../../OSDZU3_Ref_Design.gen/sources_1/bd/design_1/ip/design_1_v_mix_0_0/src/hls/hls_video_mem.h:867 in shift_down                                                          |
| INLINE               |                                                               | ../../OSDZU3_Ref_Design.gen/sources_1/bd/design_1/ip/design_1_v_mix_0_0/src/hls/hls_video_mem.h:877 in shift_up                                                            |
| INLINE               |                                                               | ../../OSDZU3_Ref_Design.gen/sources_1/bd/design_1/ip/design_1_v_mix_0_0/src/hls/hls_video_mem.h:887 in insert_bottom                                                       |
| INLINE               |                                                               | ../../OSDZU3_Ref_Design.gen/sources_1/bd/design_1/ip/design_1_v_mix_0_0/src/hls/hls_video_mem.h:897 in insert_top                                                          |
| ARRAY_RESHAPE        | variable=val dim=1                                            | ../../OSDZU3_Ref_Design.gen/sources_1/bd/design_1/ip/design_1_v_mix_0_0/src/hls/hls_video_mem.h:926 in linebuffer<rows, cols, type-parameter-0-2, 1>, val                  |
| DEPENDENCE           | variable=val inter false                                      | ../../OSDZU3_Ref_Design.gen/sources_1/bd/design_1/ip/design_1_v_mix_0_0/src/hls/hls_video_mem.h:927 in linebuffer<rows, cols, type-parameter-0-2, 1>, val                  |
| DEPENDENCE           | variable=val intra false                                      | ../../OSDZU3_Ref_Design.gen/sources_1/bd/design_1/ip/design_1_v_mix_0_0/src/hls/hls_video_mem.h:928 in linebuffer<rows, cols, type-parameter-0-2, 1>, val                  |
| INLINE               |                                                               | ../../OSDZU3_Ref_Design.gen/sources_1/bd/design_1/ip/design_1_v_mix_0_0/src/hls/hls_video_mem.h:980 in shift_pixels_down                                                   |
| UNROLL               |                                                               | ../../OSDZU3_Ref_Design.gen/sources_1/bd/design_1/ip/design_1_v_mix_0_0/src/hls/hls_video_mem.h:991 in shift_pixels_down                                                   |
| INLINE               |                                                               | ../../OSDZU3_Ref_Design.gen/sources_1/bd/design_1/ip/design_1_v_mix_0_0/src/hls/hls_video_mem.h:1020 in shift_pixels_up                                                    |
| UNROLL               |                                                               | ../../OSDZU3_Ref_Design.gen/sources_1/bd/design_1/ip/design_1_v_mix_0_0/src/hls/hls_video_mem.h:1031 in shift_pixels_up                                                    |
| INLINE               |                                                               | ../../OSDZU3_Ref_Design.gen/sources_1/bd/design_1/ip/design_1_v_mix_0_0/src/hls/hls_video_mem.h:1059 in insert_bottom_row                                                  |
| INLINE               |                                                               | ../../OSDZU3_Ref_Design.gen/sources_1/bd/design_1/ip/design_1_v_mix_0_0/src/hls/hls_video_mem.h:1091 in insert_top_row                                                     |
| INLINE               |                                                               | ../../OSDZU3_Ref_Design.gen/sources_1/bd/design_1/ip/design_1_v_mix_0_0/src/hls/hls_video_mem.h:1123 in get_col                                                            |
| UNROLL               |                                                               | ../../OSDZU3_Ref_Design.gen/sources_1/bd/design_1/ip/design_1_v_mix_0_0/src/hls/hls_video_mem.h:1127 in get_col                                                            |
| INLINE               |                                                               | ../../OSDZU3_Ref_Design.gen/sources_1/bd/design_1/ip/design_1_v_mix_0_0/src/hls/hls_video_mem.h:1136 in getval                                                             |
| INLINE               |                                                               | ../../OSDZU3_Ref_Design.gen/sources_1/bd/design_1/ip/design_1_v_mix_0_0/src/hls/hls_video_mem.h:1145 in operator()                                                         |
| INLINE               |                                                               | ../../OSDZU3_Ref_Design.gen/sources_1/bd/design_1/ip/design_1_v_mix_0_0/src/hls/hls_video_mem.h:1155 in shift_down                                                         |
| INLINE               |                                                               | ../../OSDZU3_Ref_Design.gen/sources_1/bd/design_1/ip/design_1_v_mix_0_0/src/hls/hls_video_mem.h:1165 in shift_up                                                           |
| INLINE               |                                                               | ../../OSDZU3_Ref_Design.gen/sources_1/bd/design_1/ip/design_1_v_mix_0_0/src/hls/hls_video_mem.h:1175 in insert_bottom                                                      |
| INLINE               |                                                               | ../../OSDZU3_Ref_Design.gen/sources_1/bd/design_1/ip/design_1_v_mix_0_0/src/hls/hls_video_mem.h:1185 in insert_top                                                         |
| ARRAY_PARTITION      | variable=tmp complete dim=0                                   | ../../OSDZU3_Ref_Design.gen/sources_1/bd/design_1/ip/design_1_v_mix_0_0/src/hls/hls_video_stereobm.h:170 in prefilternorm, tmp                                             |
| ARRAY_PARTITION      | variable=tmp complete dim=0                                   | ../../OSDZU3_Ref_Design.gen/sources_1/bd/design_1/ip/design_1_v_mix_0_0/src/hls/hls_video_stereobm.h:172 in prefilternorm, tmp                                             |
| LOOP_FLATTEN         | off                                                           | ../../OSDZU3_Ref_Design.gen/sources_1/bd/design_1/ip/design_1_v_mix_0_0/src/hls/hls_video_stereobm.h:184 in prefilternorm                                                  |
| PIPELINE             | ii=1                                                          | ../../OSDZU3_Ref_Design.gen/sources_1/bd/design_1/ip/design_1_v_mix_0_0/src/hls/hls_video_stereobm.h:185 in prefilternorm                                                  |
| PIPELINE             | ii=1                                                          | ../../OSDZU3_Ref_Design.gen/sources_1/bd/design_1/ip/design_1_v_mix_0_0/src/hls/hls_video_stereobm.h:235 in clip                                                           |
| INLINE               |                                                               | ../../OSDZU3_Ref_Design.gen/sources_1/bd/design_1/ip/design_1_v_mix_0_0/src/hls/hls_video_stereobm.h:248 in absdiff                                                        |
| INLINE               |                                                               | ../../OSDZU3_Ref_Design.gen/sources_1/bd/design_1/ip/design_1_v_mix_0_0/src/hls/hls_video_stereobm.h:271 in updatetexture                                                  |
| INLINE               |                                                               | ../../OSDZU3_Ref_Design.gen/sources_1/bd/design_1/ip/design_1_v_mix_0_0/src/hls/hls_video_stereobm.h:288 in sad_compute_inc                                                |
| INLINE               |                                                               | ../../OSDZU3_Ref_Design.gen/sources_1/bd/design_1/ip/design_1_v_mix_0_0/src/hls/hls_video_stereobm.h:313 in find                                                           |
| ARRAY_PARTITION      | variable=a complete dim=0                                     | ../../OSDZU3_Ref_Design.gen/sources_1/bd/design_1/ip/design_1_v_mix_0_0/src/hls/hls_video_stereobm.h:314 in find, a                                                        |
| INLINE               |                                                               | ../../OSDZU3_Ref_Design.gen/sources_1/bd/design_1/ip/design_1_v_mix_0_0/src/hls/hls_video_stereobm.h:342 in find                                                           |
| ARRAY_PARTITION      | variable=a complete dim=0                                     | ../../OSDZU3_Ref_Design.gen/sources_1/bd/design_1/ip/design_1_v_mix_0_0/src/hls/hls_video_stereobm.h:343 in find, a                                                        |
| INLINE               |                                                               | ../../OSDZU3_Ref_Design.gen/sources_1/bd/design_1/ip/design_1_v_mix_0_0/src/hls/hls_video_stereobm.h:354 in find                                                           |
| ARRAY_PARTITION      | variable=a complete dim=0                                     | ../../OSDZU3_Ref_Design.gen/sources_1/bd/design_1/ip/design_1_v_mix_0_0/src/hls/hls_video_stereobm.h:355 in find, a                                                        |
| ARRAY_PARTITION      | variable=l_tmp complete dim=0                                 | ../../OSDZU3_Ref_Design.gen/sources_1/bd/design_1/ip/design_1_v_mix_0_0/src/hls/hls_video_stereobm.h:393 in sadblockmatching, l_tmp                                        |
| ARRAY_PARTITION      | variable=r_tmp complete dim=0                                 | ../../OSDZU3_Ref_Design.gen/sources_1/bd/design_1/ip/design_1_v_mix_0_0/src/hls/hls_video_stereobm.h:395 in sadblockmatching, r_tmp                                        |
| ARRAY_PARTITION      | variable=sad complete dim=0                                   | ../../OSDZU3_Ref_Design.gen/sources_1/bd/design_1/ip/design_1_v_mix_0_0/src/hls/hls_video_stereobm.h:398 in sadblockmatching, sad                                          |
| ARRAY_PARTITION      | variable=sad_cols complete dim=0                              | ../../OSDZU3_Ref_Design.gen/sources_1/bd/design_1/ip/design_1_v_mix_0_0/src/hls/hls_video_stereobm.h:400 in sadblockmatching, sad_cols                                     |
| LOOP_FLATTEN         | off                                                           | ../../OSDZU3_Ref_Design.gen/sources_1/bd/design_1/ip/design_1_v_mix_0_0/src/hls/hls_video_stereobm.h:417 in sadblockmatching                                               |
| PIPELINE             | ii=1                                                          | ../../OSDZU3_Ref_Design.gen/sources_1/bd/design_1/ip/design_1_v_mix_0_0/src/hls/hls_video_stereobm.h:418 in sadblockmatching                                               |
| UNROLL               |                                                               | ../../OSDZU3_Ref_Design.gen/sources_1/bd/design_1/ip/design_1_v_mix_0_0/src/hls/hls_video_stereobm.h:422 in sadblockmatching                                               |
| UNROLL               |                                                               | ../../OSDZU3_Ref_Design.gen/sources_1/bd/design_1/ip/design_1_v_mix_0_0/src/hls/hls_video_stereobm.h:425 in sadblockmatching                                               |
| DATAFLOW             |                                                               | ../../OSDZU3_Ref_Design.gen/sources_1/bd/design_1/ip/design_1_v_mix_0_0/src/hls/hls_video_stereobm.h:581 in findstereocorrespondencebm                                     |
| LOOP_FLATTEN         | OFF                                                           | ../../OSDZU3_Ref_Design.gen/sources_1/bd/design_1/ip/design_1_v_mix_0_0/src/hls/hls_video_undistort.h:243 in remap_nearest                                                 |
| PIPELINE             | ii=1                                                          | ../../OSDZU3_Ref_Design.gen/sources_1/bd/design_1/ip/design_1_v_mix_0_0/src/hls/hls_video_undistort.h:246 in remap_nearest                                                 |
| DEPENDENCE           | array inter false                                             | ../../OSDZU3_Ref_Design.gen/sources_1/bd/design_1/ip/design_1_v_mix_0_0/src/hls/hls_video_undistort.h:247 in remap_nearest                                                 |
| ARRAY_PARTITION      | complete variable=buf dim=2                                   | ../../OSDZU3_Ref_Design.gen/sources_1/bd/design_1/ip/design_1_v_mix_0_0/src/hls/hls_video_undistort.h:288 in remap_linear, buf                                             |
| ARRAY_PARTITION      | complete variable=buf dim=4                                   | ../../OSDZU3_Ref_Design.gen/sources_1/bd/design_1/ip/design_1_v_mix_0_0/src/hls/hls_video_undistort.h:289 in remap_linear, buf                                             |
| LOOP_FLATTEN         | OFF                                                           | ../../OSDZU3_Ref_Design.gen/sources_1/bd/design_1/ip/design_1_v_mix_0_0/src/hls/hls_video_undistort.h:303 in remap_linear                                                  |
| PIPELINE             | ii=1                                                          | ../../OSDZU3_Ref_Design.gen/sources_1/bd/design_1/ip/design_1_v_mix_0_0/src/hls/hls_video_undistort.h:306 in remap_linear                                                  |
| DEPENDENCE           | array inter false                                             | ../../OSDZU3_Ref_Design.gen/sources_1/bd/design_1/ip/design_1_v_mix_0_0/src/hls/hls_video_undistort.h:307 in remap_linear                                                  |
| ARRAY_PARTITION      | variable=distCoeffs complete                                  | ../../OSDZU3_Ref_Design.gen/sources_1/bd/design_1/ip/design_1_v_mix_0_0/src/hls/hls_video_undistort.h:687 in initundistortrectifymapinverse, distCoeffs                    |
| PIPELINE             | ii=1                                                          | ../../OSDZU3_Ref_Design.gen/sources_1/bd/design_1/ip/design_1_v_mix_0_0/src/hls/hls_video_undistort.h:701 in initundistortrectifymapinverse                                |
| INLINE               | off                                                           | prj/sol/.autopilot/db/v_csc.cpp:65 in v_mix_420_to_422                                                                                                                     |
| LOOP_FLATTEN         | OFF                                                           | prj/sol/.autopilot/db/v_csc.cpp:78 in v_mix_420_to_422                                                                                                                     |
| PIPELINE             |                                                               | prj/sol/.autopilot/db/v_csc.cpp:79 in v_mix_420_to_422                                                                                                                     |
| INLINE               | off                                                           | prj/sol/.autopilot/db/v_csc.cpp:94 in v_mix_422_to_444                                                                                                                     |
| LOOP_FLATTEN         | OFF                                                           | prj/sol/.autopilot/db/v_csc.cpp:107 in v_mix_422_to_444                                                                                                                    |
| PIPELINE             |                                                               | prj/sol/.autopilot/db/v_csc.cpp:108 in v_mix_422_to_444                                                                                                                    |
| INLINE               | off                                                           | prj/sol/.autopilot/db/v_csc.cpp:130 in v_mix_422_to_444                                                                                                                    |
| LOOP_FLATTEN         | OFF                                                           | prj/sol/.autopilot/db/v_csc.cpp:163 in v_mix_422_to_444                                                                                                                    |
| PIPELINE             | ii=1                                                          | prj/sol/.autopilot/db/v_csc.cpp:164 in v_mix_422_to_444                                                                                                                    |
| ARRAY_PARTITION      | variable=pixbuf_y complete dim=0                              | prj/sol/.autopilot/db/v_csc.cpp:188 in v_mix_422_to_444, pixbuf_y                                                                                                          |
| ARRAY_PARTITION      | variable=pixbuf_cb complete dim=0                             | prj/sol/.autopilot/db/v_csc.cpp:201 in v_mix_422_to_444, pixbuf_cb                                                                                                         |
| ARRAY_PARTITION      | variable=pixbuf_cr complete dim=0                             | prj/sol/.autopilot/db/v_csc.cpp:202 in v_mix_422_to_444, pixbuf_cr                                                                                                         |
| INLINE               | off                                                           | prj/sol/.autopilot/db/v_csc.cpp:304 in v_mix_420_to_422                                                                                                                    |
| LOOP_FLATTEN         | OFF                                                           | prj/sol/.autopilot/db/v_csc.cpp:338 in v_mix_420_to_422                                                                                                                    |
| PIPELINE             | ii=1                                                          | prj/sol/.autopilot/db/v_csc.cpp:339 in v_mix_420_to_422                                                                                                                    |
| ARRAY_PARTITION      | variable=pixbuf_y complete dim=0                              | prj/sol/.autopilot/db/v_csc.cpp:356 in v_mix_420_to_422, pixbuf_y                                                                                                          |
| ARRAY_PARTITION      | variable=pixbuf_c complete dim=0                              | prj/sol/.autopilot/db/v_csc.cpp:392 in v_mix_420_to_422, pixbuf_c                                                                                                          |
| INLINE               | off                                                           | prj/sol/.autopilot/db/v_csc.cpp:499 in v_mix_422_to_420                                                                                                                    |
| LOOP_FLATTEN         | OFF                                                           | prj/sol/.autopilot/db/v_csc.cpp:510 in v_mix_422_to_420                                                                                                                    |
| PIPELINE             |                                                               | prj/sol/.autopilot/db/v_csc.cpp:511 in v_mix_422_to_420                                                                                                                    |
| INLINE               | off                                                           | prj/sol/.autopilot/db/v_csc.cpp:524 in v_mix_422_to_420                                                                                                                    |
| LOOP_FLATTEN         | OFF                                                           | prj/sol/.autopilot/db/v_csc.cpp:559 in v_mix_422_to_420                                                                                                                    |
| PIPELINE             | ii=1                                                          | prj/sol/.autopilot/db/v_csc.cpp:560 in v_mix_422_to_420                                                                                                                    |
| ARRAY_PARTITION      | variable=pixbuf_y complete dim=0                              | prj/sol/.autopilot/db/v_csc.cpp:577 in v_mix_422_to_420, pixbuf_y                                                                                                          |
| ARRAY_PARTITION      | variable=pixbuf_c complete dim=0                              | prj/sol/.autopilot/db/v_csc.cpp:613 in v_mix_422_to_420, pixbuf_c                                                                                                          |
| INLINE               | off                                                           | prj/sol/.autopilot/db/v_csc.cpp:708 in v_mix_444_to_422                                                                                                                    |
| LOOP_FLATTEN         | OFF                                                           | prj/sol/.autopilot/db/v_csc.cpp:720 in v_mix_444_to_422                                                                                                                    |
| PIPELINE             |                                                               | prj/sol/.autopilot/db/v_csc.cpp:721 in v_mix_444_to_422                                                                                                                    |
| INLINE               | off                                                           | prj/sol/.autopilot/db/v_csc.cpp:734 in v_mix_444_to_422                                                                                                                    |
| LOOP_FLATTEN         | OFF                                                           | prj/sol/.autopilot/db/v_csc.cpp:765 in v_mix_444_to_422                                                                                                                    |
| PIPELINE             | ii=1                                                          | prj/sol/.autopilot/db/v_csc.cpp:766 in v_mix_444_to_422                                                                                                                    |
| ARRAY_PARTITION      | variable=pixbuf_y complete dim=0                              | prj/sol/.autopilot/db/v_csc.cpp:785 in v_mix_444_to_422, pixbuf_y                                                                                                          |
| ARRAY_PARTITION      | variable=pixbuf_cb complete dim=0                             | prj/sol/.autopilot/db/v_csc.cpp:799 in v_mix_444_to_422, pixbuf_cb                                                                                                         |
| ARRAY_PARTITION      | variable=pixbuf_cr complete dim=0                             | prj/sol/.autopilot/db/v_csc.cpp:800 in v_mix_444_to_422, pixbuf_cr                                                                                                         |
| INLINE               | off                                                           | prj/sol/.autopilot/db/v_csc.cpp:886 in v_mix_yuv2rgb                                                                                                                       |
| LOOP_FLATTEN         | OFF                                                           | prj/sol/.autopilot/db/v_csc.cpp:899 in v_mix_yuv2rgb                                                                                                                       |
| PIPELINE             |                                                               | prj/sol/.autopilot/db/v_csc.cpp:900 in v_mix_yuv2rgb                                                                                                                       |
| INLINE               | off                                                           | prj/sol/.autopilot/db/v_csc.cpp:929 in v_mix_yuv2rgb                                                                                                                       |
| LOOP_FLATTEN         | OFF                                                           | prj/sol/.autopilot/db/v_csc.cpp:947 in v_mix_yuv2rgb                                                                                                                       |
| PIPELINE             |                                                               | prj/sol/.autopilot/db/v_csc.cpp:948 in v_mix_yuv2rgb                                                                                                                       |
| INLINE               | off                                                           | prj/sol/.autopilot/db/v_csc.cpp:1033 in v_mix_rgb2yuv                                                                                                                      |
| LOOP_FLATTEN         | OFF                                                           | prj/sol/.autopilot/db/v_csc.cpp:1044 in v_mix_rgb2yuv                                                                                                                      |
| PIPELINE             |                                                               | prj/sol/.autopilot/db/v_csc.cpp:1045 in v_mix_rgb2yuv                                                                                                                      |
| INLINE               | off                                                           | prj/sol/.autopilot/db/v_csc.cpp:1072 in v_mix_rgb2yuv                                                                                                                      |
| LOOP_FLATTEN         | OFF                                                           | prj/sol/.autopilot/db/v_csc.cpp:1089 in v_mix_rgb2yuv                                                                                                                      |
| PIPELINE             |                                                               | prj/sol/.autopilot/db/v_csc.cpp:1090 in v_mix_rgb2yuv                                                                                                                      |
| INLINE               | off                                                           | prj/sol/.autopilot/db/v_dma.cpp:65 in aximmvideo2bytes                                                                                                                     |
| LOOP_TRIPCOUNT       | max=2160                                                      | prj/sol/.autopilot/db/v_dma.cpp:70 in aximmvideo2bytes                                                                                                                     |
| LOOP_FLATTEN         | off                                                           | prj/sol/.autopilot/db/v_dma.cpp:74 in aximmvideo2bytes                                                                                                                     |
| PIPELINE             | ii=1                                                          | prj/sol/.autopilot/db/v_dma.cpp:77 in aximmvideo2bytes                                                                                                                     |
| INLINE               | off                                                           | prj/sol/.autopilot/db/v_dma.cpp:95 in aximmvideo2bytes                                                                                                                     |
| LOOP_TRIPCOUNT       | max=2160                                                      | prj/sol/.autopilot/db/v_dma.cpp:103 in aximmvideo2bytes                                                                                                                    |
| LOOP_FLATTEN         | off                                                           | prj/sol/.autopilot/db/v_dma.cpp:106 in aximmvideo2bytes                                                                                                                    |
| PIPELINE             | ii=1                                                          | prj/sol/.autopilot/db/v_dma.cpp:109 in aximmvideo2bytes                                                                                                                    |
| PIPELINE             | ii=1                                                          | prj/sol/.autopilot/db/v_dma.cpp:119 in aximmvideo2bytes                                                                                                                    |
| INLINE               | off                                                           | prj/sol/.autopilot/db/v_dma.cpp:140 in aximmvideo2bytes                                                                                                                    |
| LOOP_TRIPCOUNT       | max=2160                                                      | prj/sol/.autopilot/db/v_dma.cpp:148 in aximmvideo2bytes                                                                                                                    |
| LOOP_FLATTEN         | off                                                           | prj/sol/.autopilot/db/v_dma.cpp:151 in aximmvideo2bytes                                                                                                                    |
| PIPELINE             | ii=1                                                          | prj/sol/.autopilot/db/v_dma.cpp:154 in aximmvideo2bytes                                                                                                                    |
| PIPELINE             | ii=1                                                          | prj/sol/.autopilot/db/v_dma.cpp:160 in aximmvideo2bytes                                                                                                                    |
| PIPELINE             | ii=1                                                          | prj/sol/.autopilot/db/v_dma.cpp:166 in aximmvideo2bytes                                                                                                                    |
| INLINE               | off                                                           | prj/sol/.autopilot/db/v_dma.cpp:183 in bytes2multipixstream                                                                                                                |
| LOOP_TRIPCOUNT       | max=2160                                                      | prj/sol/.autopilot/db/v_dma.cpp:196 in bytes2multipixstream                                                                                                                |
| LOOP_FLATTEN         | off                                                           | prj/sol/.autopilot/db/v_dma.cpp:197 in bytes2multipixstream                                                                                                                |
| PIPELINE             | ii=1                                                          | prj/sol/.autopilot/db/v_dma.cpp:201 in bytes2multipixstream                                                                                                                |
| INLINE               | off                                                           | prj/sol/.autopilot/db/v_dma.cpp:235 in bytes2multipixstream                                                                                                                |
| LOOP_TRIPCOUNT       | max=2160                                                      | prj/sol/.autopilot/db/v_dma.cpp:248 in bytes2multipixstream                                                                                                                |
| LOOP_FLATTEN         | off                                                           | prj/sol/.autopilot/db/v_dma.cpp:249 in bytes2multipixstream                                                                                                                |
| PIPELINE             | ii=1                                                          | prj/sol/.autopilot/db/v_dma.cpp:253 in bytes2multipixstream                                                                                                                |
| INLINE               | off                                                           | prj/sol/.autopilot/db/v_dma.cpp:287 in bytes2multipixstream                                                                                                                |
| LOOP_TRIPCOUNT       | max=2160                                                      | prj/sol/.autopilot/db/v_dma.cpp:300 in bytes2multipixstream                                                                                                                |
| LOOP_FLATTEN         | off                                                           | prj/sol/.autopilot/db/v_dma.cpp:301 in bytes2multipixstream                                                                                                                |
| PIPELINE             | ii=1                                                          | prj/sol/.autopilot/db/v_dma.cpp:305 in bytes2multipixstream                                                                                                                |
| INLINE               | off                                                           | prj/sol/.autopilot/db/v_dma.cpp:339 in bytes2multipixstream                                                                                                                |
| LOOP_TRIPCOUNT       | max=2160                                                      | prj/sol/.autopilot/db/v_dma.cpp:352 in bytes2multipixstream                                                                                                                |
| LOOP_FLATTEN         | off                                                           | prj/sol/.autopilot/db/v_dma.cpp:353 in bytes2multipixstream                                                                                                                |
| PIPELINE             | ii=1                                                          | prj/sol/.autopilot/db/v_dma.cpp:359 in bytes2multipixstream                                                                                                                |
| INLINE               | off                                                           | prj/sol/.autopilot/db/v_dma.cpp:400 in bytes2multipixstream                                                                                                                |
| LOOP_TRIPCOUNT       | max=2160                                                      | prj/sol/.autopilot/db/v_dma.cpp:413 in bytes2multipixstream                                                                                                                |
| LOOP_FLATTEN         | off                                                           | prj/sol/.autopilot/db/v_dma.cpp:414 in bytes2multipixstream                                                                                                                |
| PIPELINE             | ii=1                                                          | prj/sol/.autopilot/db/v_dma.cpp:420 in bytes2multipixstream                                                                                                                |
| INLINE               | off                                                           | prj/sol/.autopilot/db/v_dma.cpp:461 in bytes2multipixstream                                                                                                                |
| LOOP_TRIPCOUNT       | max=2160                                                      | prj/sol/.autopilot/db/v_dma.cpp:473 in bytes2multipixstream                                                                                                                |
| LOOP_FLATTEN         | off                                                           | prj/sol/.autopilot/db/v_dma.cpp:474 in bytes2multipixstream                                                                                                                |
| PIPELINE             | ii=1                                                          | prj/sol/.autopilot/db/v_dma.cpp:480 in bytes2multipixstream                                                                                                                |
| INLINE               | off                                                           | prj/sol/.autopilot/db/v_dma.cpp:517 in bytes2multipixstream                                                                                                                |
| LOOP_TRIPCOUNT       | max=2160                                                      | prj/sol/.autopilot/db/v_dma.cpp:529 in bytes2multipixstream                                                                                                                |
| LOOP_FLATTEN         | off                                                           | prj/sol/.autopilot/db/v_dma.cpp:530 in bytes2multipixstream                                                                                                                |
| PIPELINE             | ii=1                                                          | prj/sol/.autopilot/db/v_dma.cpp:536 in bytes2multipixstream                                                                                                                |
| INLINE               | off                                                           | prj/sol/.autopilot/db/v_dma.cpp:573 in bytes2multipixstream                                                                                                                |
| LOOP_TRIPCOUNT       | max=2160                                                      | prj/sol/.autopilot/db/v_dma.cpp:585 in bytes2multipixstream                                                                                                                |
| LOOP_FLATTEN         | off                                                           | prj/sol/.autopilot/db/v_dma.cpp:586 in bytes2multipixstream                                                                                                                |
| PIPELINE             | ii=1                                                          | prj/sol/.autopilot/db/v_dma.cpp:592 in bytes2multipixstream                                                                                                                |
| INLINE               | off                                                           | prj/sol/.autopilot/db/v_dma.cpp:630 in bytes2multipixstream                                                                                                                |
| LOOP_TRIPCOUNT       | max=2160                                                      | prj/sol/.autopilot/db/v_dma.cpp:643 in bytes2multipixstream                                                                                                                |
| LOOP_FLATTEN         | off                                                           | prj/sol/.autopilot/db/v_dma.cpp:644 in bytes2multipixstream                                                                                                                |
| PIPELINE             | ii=1                                                          | prj/sol/.autopilot/db/v_dma.cpp:650 in bytes2multipixstream                                                                                                                |
| INLINE               | off                                                           | prj/sol/.autopilot/db/v_dma.cpp:682 in bytes2multipixstream                                                                                                                |
| LOOP_TRIPCOUNT       | max=2160                                                      | prj/sol/.autopilot/db/v_dma.cpp:695 in bytes2multipixstream                                                                                                                |
| LOOP_FLATTEN         | off                                                           | prj/sol/.autopilot/db/v_dma.cpp:696 in bytes2multipixstream                                                                                                                |
| PIPELINE             | ii=1                                                          | prj/sol/.autopilot/db/v_dma.cpp:702 in bytes2multipixstream                                                                                                                |
| INLINE               | off                                                           | prj/sol/.autopilot/db/v_dma.cpp:734 in bytes2multipixstream                                                                                                                |
| LOOP_TRIPCOUNT       | max=2160                                                      | prj/sol/.autopilot/db/v_dma.cpp:747 in bytes2multipixstream                                                                                                                |
| LOOP_FLATTEN         | off                                                           | prj/sol/.autopilot/db/v_dma.cpp:748 in bytes2multipixstream                                                                                                                |
| PIPELINE             | ii=1                                                          | prj/sol/.autopilot/db/v_dma.cpp:754 in bytes2multipixstream                                                                                                                |
| INLINE               | off                                                           | prj/sol/.autopilot/db/v_dma.cpp:788 in bytes2multipixstream                                                                                                                |
| LOOP_TRIPCOUNT       | max=2160                                                      | prj/sol/.autopilot/db/v_dma.cpp:801 in bytes2multipixstream                                                                                                                |
| LOOP_FLATTEN         | off                                                           | prj/sol/.autopilot/db/v_dma.cpp:802 in bytes2multipixstream                                                                                                                |
| PIPELINE             | ii=1                                                          | prj/sol/.autopilot/db/v_dma.cpp:809 in bytes2multipixstream                                                                                                                |
| INLINE               | off                                                           | prj/sol/.autopilot/db/v_dma.cpp:843 in bytes2multipixstream                                                                                                                |
| LOOP_TRIPCOUNT       | max=2160                                                      | prj/sol/.autopilot/db/v_dma.cpp:856 in bytes2multipixstream                                                                                                                |
| LOOP_FLATTEN         | off                                                           | prj/sol/.autopilot/db/v_dma.cpp:857 in bytes2multipixstream                                                                                                                |
| PIPELINE             | ii=1                                                          | prj/sol/.autopilot/db/v_dma.cpp:864 in bytes2multipixstream                                                                                                                |
| INLINE               | off                                                           | prj/sol/.autopilot/db/v_dma.cpp:898 in bytes2multipixstream                                                                                                                |
| LOOP_TRIPCOUNT       | max=4320                                                      | prj/sol/.autopilot/db/v_dma.cpp:916 in bytes2multipixstream                                                                                                                |
| LOOP_FLATTEN         | off                                                           | prj/sol/.autopilot/db/v_dma.cpp:921 in bytes2multipixstream                                                                                                                |
| PIPELINE             | ii=8                                                          | prj/sol/.autopilot/db/v_dma.cpp:924 in bytes2multipixstream                                                                                                                |
| INLINE               | off                                                           | prj/sol/.autopilot/db/v_dma.cpp:961 in bytes2multipixstream                                                                                                                |
| LOOP_TRIPCOUNT       | max=4320                                                      | prj/sol/.autopilot/db/v_dma.cpp:979 in bytes2multipixstream                                                                                                                |
| LOOP_FLATTEN         | off                                                           | prj/sol/.autopilot/db/v_dma.cpp:984 in bytes2multipixstream                                                                                                                |
| PIPELINE             | ii=8                                                          | prj/sol/.autopilot/db/v_dma.cpp:987 in bytes2multipixstream                                                                                                                |
| INLINE               | off                                                           | prj/sol/.autopilot/db/v_dma.cpp:1024 in bytes2multipixstream                                                                                                               |
| LOOP_TRIPCOUNT       | max=4320                                                      | prj/sol/.autopilot/db/v_dma.cpp:1042 in bytes2multipixstream                                                                                                               |
| LOOP_FLATTEN         | off                                                           | prj/sol/.autopilot/db/v_dma.cpp:1047 in bytes2multipixstream                                                                                                               |
| PIPELINE             | ii=8                                                          | prj/sol/.autopilot/db/v_dma.cpp:1050 in bytes2multipixstream                                                                                                               |
| INLINE               | off                                                           | prj/sol/.autopilot/db/v_dma.cpp:1087 in bytes2multipixstream                                                                                                               |
| BIND_OP              | variable=WidthInBytes op=ddiv                                 | prj/sol/.autopilot/db/v_dma.cpp:1096 in bytes2multipixstream, WidthInBytes                                                                                                 |
| LOOP_TRIPCOUNT       | max=4320                                                      | prj/sol/.autopilot/db/v_dma.cpp:1106 in bytes2multipixstream                                                                                                               |
| LOOP_FLATTEN         | off                                                           | prj/sol/.autopilot/db/v_dma.cpp:1110 in bytes2multipixstream                                                                                                               |
| PIPELINE             | ii=6                                                          | prj/sol/.autopilot/db/v_dma.cpp:1113 in bytes2multipixstream                                                                                                               |
| INLINE               | off                                                           | prj/sol/.autopilot/db/v_dma.cpp:1162 in bytes2multipixstream                                                                                                               |
| BIND_OP              | variable=WidthInBytes op=ddiv                                 | prj/sol/.autopilot/db/v_dma.cpp:1171 in bytes2multipixstream, WidthInBytes                                                                                                 |
| LOOP_TRIPCOUNT       | max=4320                                                      | prj/sol/.autopilot/db/v_dma.cpp:1180 in bytes2multipixstream                                                                                                               |
| LOOP_FLATTEN         | off                                                           | prj/sol/.autopilot/db/v_dma.cpp:1184 in bytes2multipixstream                                                                                                               |
| PIPELINE             | ii=6                                                          | prj/sol/.autopilot/db/v_dma.cpp:1187 in bytes2multipixstream                                                                                                               |
| INLINE               | off                                                           | prj/sol/.autopilot/db/v_dma.cpp:1239 in bytes2multipixstream                                                                                                               |
| LOOP_TRIPCOUNT       | max=4320                                                      | prj/sol/.autopilot/db/v_dma.cpp:1256 in bytes2multipixstream                                                                                                               |
| LOOP_FLATTEN         | off                                                           | prj/sol/.autopilot/db/v_dma.cpp:1260 in bytes2multipixstream                                                                                                               |
| PIPELINE             | ii=8                                                          | prj/sol/.autopilot/db/v_dma.cpp:1263 in bytes2multipixstream                                                                                                               |
| INLINE               | off                                                           | prj/sol/.autopilot/db/v_dma.cpp:1295 in bytes2multipixstream                                                                                                               |
| BIND_OP              | variable=WidthInBytes op=ddiv                                 | prj/sol/.autopilot/db/v_dma.cpp:1305 in bytes2multipixstream, WidthInBytes                                                                                                 |
| LOOP_TRIPCOUNT       | max=4320                                                      | prj/sol/.autopilot/db/v_dma.cpp:1314 in bytes2multipixstream                                                                                                               |
| LOOP_FLATTEN         | off                                                           | prj/sol/.autopilot/db/v_dma.cpp:1318 in bytes2multipixstream                                                                                                               |
| PIPELINE             | ii=6                                                          | prj/sol/.autopilot/db/v_dma.cpp:1321 in bytes2multipixstream                                                                                                               |
| INLINE               | off                                                           | prj/sol/.autopilot/db/v_dma.cpp:1365 in bytes2multipixstream                                                                                                               |
| LOOP_TRIPCOUNT       | max=2160                                                      | prj/sol/.autopilot/db/v_dma.cpp:1378 in bytes2multipixstream                                                                                                               |
| LOOP_FLATTEN         | off                                                           | prj/sol/.autopilot/db/v_dma.cpp:1379 in bytes2multipixstream                                                                                                               |
| PIPELINE             | ii=1                                                          | prj/sol/.autopilot/db/v_dma.cpp:1387 in bytes2multipixstream                                                                                                               |
| INLINE               | off                                                           | prj/sol/.autopilot/db/v_dma.cpp:1425 in bytes2multipixstream                                                                                                               |
| BIND_OP              | variable=WidthInBytes op=ddiv                                 | prj/sol/.autopilot/db/v_dma.cpp:1434 in bytes2multipixstream, WidthInBytes                                                                                                 |
| LOOP_TRIPCOUNT       | max=4320                                                      | prj/sol/.autopilot/db/v_dma.cpp:1444 in bytes2multipixstream                                                                                                               |
| LOOP_FLATTEN         | off                                                           | prj/sol/.autopilot/db/v_dma.cpp:1448 in bytes2multipixstream                                                                                                               |
| PIPELINE             | ii=6                                                          | prj/sol/.autopilot/db/v_dma.cpp:1451 in bytes2multipixstream                                                                                                               |
| INLINE               | off                                                           | prj/sol/.autopilot/db/v_dma.cpp:1511 in bytes2multipixstream                                                                                                               |
| BIND_OP              | variable=WidthInBytes op=ddiv                                 | prj/sol/.autopilot/db/v_dma.cpp:1520 in bytes2multipixstream, WidthInBytes                                                                                                 |
| LOOP_TRIPCOUNT       | max=4320                                                      | prj/sol/.autopilot/db/v_dma.cpp:1531 in bytes2multipixstream                                                                                                               |
| LOOP_FLATTEN         | off                                                           | prj/sol/.autopilot/db/v_dma.cpp:1535 in bytes2multipixstream                                                                                                               |
| PIPELINE             | ii=16                                                         | prj/sol/.autopilot/db/v_dma.cpp:1538 in bytes2multipixstream                                                                                                               |
| INLINE               | off                                                           | prj/sol/.autopilot/db/v_mix.cpp:96 in v_mix_upsample                                                                                                                       |
| LOOP_FLATTEN         | OFF                                                           | prj/sol/.autopilot/db/v_mix.cpp:109 in v_mix_upsample                                                                                                                      |
| PIPELINE             |                                                               | prj/sol/.autopilot/db/v_mix.cpp:110 in v_mix_upsample                                                                                                                      |
| INLINE               | off                                                           | prj/sol/.autopilot/db/v_mix.cpp:121 in v_mix_upsample                                                                                                                      |
| LOOP_FLATTEN         | OFF                                                           | prj/sol/.autopilot/db/v_mix.cpp:142 in v_mix_upsample                                                                                                                      |
| PIPELINE             |                                                               | prj/sol/.autopilot/db/v_mix.cpp:143 in v_mix_upsample                                                                                                                      |
| INLINE               | off                                                           | prj/sol/.autopilot/db/v_mix.cpp:192 in v_mix_upsample_alpha                                                                                                                |
| LOOP_FLATTEN         | OFF                                                           | prj/sol/.autopilot/db/v_mix.cpp:205 in v_mix_upsample_alpha                                                                                                                |
| PIPELINE             |                                                               | prj/sol/.autopilot/db/v_mix.cpp:206 in v_mix_upsample_alpha                                                                                                                |
| INLINE               | off                                                           | prj/sol/.autopilot/db/v_mix.cpp:217 in v_mix_upsample_alpha                                                                                                                |
| LOOP_FLATTEN         | OFF                                                           | prj/sol/.autopilot/db/v_mix.cpp:238 in v_mix_upsample_alpha                                                                                                                |
| PIPELINE             |                                                               | prj/sol/.autopilot/db/v_mix.cpp:239 in v_mix_upsample_alpha                                                                                                                |
| INLINE               | off                                                           | prj/sol/.autopilot/db/v_mix.cpp:285 in v_mix_core_alpha                                                                                                                    |
| ARRAY_PARTITION      | variable=srcpix complete dim=0                                | prj/sol/.autopilot/db/v_mix.cpp:302 in v_mix_core_alpha, srcpix                                                                                                            |
| ARRAY_PARTITION      | variable=dstpix complete dim=0                                | prj/sol/.autopilot/db/v_mix.cpp:303 in v_mix_core_alpha, dstpix                                                                                                            |
| ARRAY_PARTITION      | variable=lyrpix complete dim=0                                | prj/sol/.autopilot/db/v_mix.cpp:304 in v_mix_core_alpha, lyrpix                                                                                                            |
| ARRAY_PARTITION      | variable=bkgpix complete dim=0                                | prj/sol/.autopilot/db/v_mix.cpp:305 in v_mix_core_alpha, bkgpix                                                                                                            |
| LOOP_FLATTEN         | OFF                                                           | prj/sol/.autopilot/db/v_mix.cpp:319 in v_mix_core_alpha                                                                                                                    |
| PIPELINE             |                                                               | prj/sol/.autopilot/db/v_mix.cpp:320 in v_mix_core_alpha                                                                                                                    |
| INLINE               | off                                                           | prj/sol/.autopilot/db/v_mix.cpp:365 in v_mix_core_alpha                                                                                                                    |
| ARRAY_PARTITION      | variable=srcpix complete dim=0                                | prj/sol/.autopilot/db/v_mix.cpp:381 in v_mix_core_alpha, srcpix                                                                                                            |
| ARRAY_PARTITION      | variable=dstpix complete dim=0                                | prj/sol/.autopilot/db/v_mix.cpp:382 in v_mix_core_alpha, dstpix                                                                                                            |
| ARRAY_PARTITION      | variable=lyrpix complete dim=0                                | prj/sol/.autopilot/db/v_mix.cpp:383 in v_mix_core_alpha, lyrpix                                                                                                            |
| ARRAY_PARTITION      | variable=bkgpix complete dim=0                                | prj/sol/.autopilot/db/v_mix.cpp:384 in v_mix_core_alpha, bkgpix                                                                                                            |
| LOOP_FLATTEN         | OFF                                                           | prj/sol/.autopilot/db/v_mix.cpp:397 in v_mix_core_alpha                                                                                                                    |
| PIPELINE             |                                                               | prj/sol/.autopilot/db/v_mix.cpp:398 in v_mix_core_alpha                                                                                                                    |
| INLINE               | off                                                           | prj/sol/.autopilot/db/v_mix.cpp:439 in v_mix_core_alpha                                                                                                                    |
| ARRAY_PARTITION      | variable=srcpix complete dim=0                                | prj/sol/.autopilot/db/v_mix.cpp:452 in v_mix_core_alpha, srcpix                                                                                                            |
| ARRAY_PARTITION      | variable=dstpix complete dim=0                                | prj/sol/.autopilot/db/v_mix.cpp:453 in v_mix_core_alpha, dstpix                                                                                                            |
| ARRAY_PARTITION      | variable=bkgpix complete dim=0                                | prj/sol/.autopilot/db/v_mix.cpp:454 in v_mix_core_alpha, bkgpix                                                                                                            |
| LOOP_FLATTEN         | OFF                                                           | prj/sol/.autopilot/db/v_mix.cpp:467 in v_mix_core_alpha                                                                                                                    |
| PIPELINE             |                                                               | prj/sol/.autopilot/db/v_mix.cpp:468 in v_mix_core_alpha                                                                                                                    |
| DATAFLOW             |                                                               | prj/sol/.autopilot/db/v_mix.cpp:627 in vmixhlsdataflowfunction                                                                                                             |
| STREAM               | depth=16 variable=srcLayer1Alpha                              | prj/sol/.autopilot/db/v_mix.cpp:660 in vmixhlsdataflowfunction, srcLayer1Alpha                                                                                             |
| STREAM               | depth=16 variable=srcLayer1Alphax                             | prj/sol/.autopilot/db/v_mix.cpp:661 in vmixhlsdataflowfunction, srcLayer1Alphax                                                                                            |
| STREAM               | depth=16 variable=srcLayer2Alpha                              | prj/sol/.autopilot/db/v_mix.cpp:744 in vmixhlsdataflowfunction, srcLayer2Alpha                                                                                             |
| STREAM               | depth=16 variable=srcLayer2Alphax                             | prj/sol/.autopilot/db/v_mix.cpp:745 in vmixhlsdataflowfunction, srcLayer2Alphax                                                                                            |
| INTERFACE            | axis port=s_axis_video register                               | prj/sol/.autopilot/db/v_mix.cpp:2280 in v_mix, s_axis_video                                                                                                                |
| INTERFACE            | axis port=m_axis_video register                               | prj/sol/.autopilot/db/v_mix.cpp:2281 in v_mix, m_axis_video                                                                                                                |
| INTERFACE            | s_axilite port=width bundle=CTRL offset=0x00010               | prj/sol/.autopilot/db/v_mix.cpp:2283 in v_mix, width                                                                                                                       |
| INTERFACE            | s_axilite port=height bundle=CTRL offset=0x00018              | prj/sol/.autopilot/db/v_mix.cpp:2284 in v_mix, height                                                                                                                      |
| INTERFACE            | s_axilite port=video_format bundle=CTRL offset=0x00020        | prj/sol/.autopilot/db/v_mix.cpp:2285 in v_mix, video_format                                                                                                                |
| INTERFACE            | s_axilite port=background_Y_R bundle=CTRL offset=0x00028      | prj/sol/.autopilot/db/v_mix.cpp:2286 in v_mix, background_Y_R                                                                                                              |
| INTERFACE            | s_axilite port=background_U_G bundle=CTRL offset=0x00030      | prj/sol/.autopilot/db/v_mix.cpp:2287 in v_mix, background_U_G                                                                                                              |
| INTERFACE            | s_axilite port=background_V_B bundle=CTRL offset=0x00038      | prj/sol/.autopilot/db/v_mix.cpp:2288 in v_mix, background_V_B                                                                                                              |
| INTERFACE            | s_axilite port=layerEnable bundle=CTRL offset=0x00040         | prj/sol/.autopilot/db/v_mix.cpp:2289 in v_mix, layerEnable                                                                                                                 |
| INTERFACE            | s_axilite port=layerAlpha[1] bundle=CTRL offset=0x00200       | prj/sol/.autopilot/db/v_mix.cpp:2322 in v_mix, layerAlpha[1]                                                                                                               |
| INTERFACE            | s_axilite port=layerStartX[1] bundle=CTRL offset=0x00208      | prj/sol/.autopilot/db/v_mix.cpp:2323 in v_mix, layerStartX[1]                                                                                                              |
| INTERFACE            | s_axilite port=layerStartY[1] bundle=CTRL offset=0x00210      | prj/sol/.autopilot/db/v_mix.cpp:2324 in v_mix, layerStartY[1]                                                                                                              |
| INTERFACE            | s_axilite port=layerWidth[1] bundle=CTRL offset=0x00218       | prj/sol/.autopilot/db/v_mix.cpp:2325 in v_mix, layerWidth[1]                                                                                                               |
| INTERFACE            | s_axilite port=layerStride[1] bundle=CTRL offset=0x00220      | prj/sol/.autopilot/db/v_mix.cpp:2326 in v_mix, layerStride[1]                                                                                                              |
| INTERFACE            | s_axilite port=layerHeight[1] bundle=CTRL offset=0x00228      | prj/sol/.autopilot/db/v_mix.cpp:2327 in v_mix, layerHeight[1]                                                                                                              |
| INTERFACE            | s_axilite port=layerScaleFactor[1] bundle=CTRL offset=0x00230 | prj/sol/.autopilot/db/v_mix.cpp:2328 in v_mix, layerScaleFactor[1]                                                                                                         |
| INTERFACE            | s_axilite port=layerAlpha[2] bundle=CTRL offset=0x00300       | prj/sol/.autopilot/db/v_mix.cpp:2331 in v_mix, layerAlpha[2]                                                                                                               |
| INTERFACE            | s_axilite port=layerStartX[2] bundle=CTRL offset=0x00308      | prj/sol/.autopilot/db/v_mix.cpp:2332 in v_mix, layerStartX[2]                                                                                                              |
| INTERFACE            | s_axilite port=layerStartY[2] bundle=CTRL offset=0x00310      | prj/sol/.autopilot/db/v_mix.cpp:2333 in v_mix, layerStartY[2]                                                                                                              |
| INTERFACE            | s_axilite port=layerWidth[2] bundle=CTRL offset=0x00318       | prj/sol/.autopilot/db/v_mix.cpp:2334 in v_mix, layerWidth[2]                                                                                                               |
| INTERFACE            | s_axilite port=layerStride[2] bundle=CTRL offset=0x00320      | prj/sol/.autopilot/db/v_mix.cpp:2335 in v_mix, layerStride[2]                                                                                                              |
| INTERFACE            | s_axilite port=layerHeight[2] bundle=CTRL offset=0x00328      | prj/sol/.autopilot/db/v_mix.cpp:2336 in v_mix, layerHeight[2]                                                                                                              |
| INTERFACE            | s_axilite port=layerScaleFactor[2] bundle=CTRL offset=0x00330 | prj/sol/.autopilot/db/v_mix.cpp:2337 in v_mix, layerScaleFactor[2]                                                                                                         |
| INTERFACE            | s_axilite port=reserve bundle=CTRL offset=0x00FF0             | prj/sol/.autopilot/db/v_mix.cpp:2465 in v_mix, reserve                                                                                                                     |
| INTERFACE            | s_axilite port=return bundle=CTRL                             | prj/sol/.autopilot/db/v_mix.cpp:2514 in v_mix, return                                                                                                                      |
| ARRAY_PARTITION      | variable=layerAlpha complete dim=0                            | prj/sol/.autopilot/db/v_mix.cpp:2517 in v_mix, layerAlpha                                                                                                                  |
| ARRAY_PARTITION      | variable=layerStartX complete dim=0                           | prj/sol/.autopilot/db/v_mix.cpp:2518 in v_mix, layerStartX                                                                                                                 |
| ARRAY_PARTITION      | variable=layerStartY complete dim=0                           | prj/sol/.autopilot/db/v_mix.cpp:2519 in v_mix, layerStartY                                                                                                                 |
| ARRAY_PARTITION      | variable=layerWidth complete dim=0                            | prj/sol/.autopilot/db/v_mix.cpp:2520 in v_mix, layerWidth                                                                                                                  |
| ARRAY_PARTITION      | variable=layerHeight complete dim=0                           | prj/sol/.autopilot/db/v_mix.cpp:2521 in v_mix, layerHeight                                                                                                                 |
| ARRAY_PARTITION      | variable=layerStride complete dim=0                           | prj/sol/.autopilot/db/v_mix.cpp:2522 in v_mix, layerStride                                                                                                                 |
| ARRAY_PARTITION      | variable=layerScaleFactor complete dim=0                      | prj/sol/.autopilot/db/v_mix.cpp:2523 in v_mix, layerScaleFactor                                                                                                            |
| STABLE               | variable=width                                                | prj/sol/.autopilot/db/v_mix.cpp:2527 in v_mix, width                                                                                                                       |
| STABLE               | variable=height                                               | prj/sol/.autopilot/db/v_mix.cpp:2529 in v_mix, height                                                                                                                      |
| STABLE               | variable=video_format                                         | prj/sol/.autopilot/db/v_mix.cpp:2531 in v_mix, video_format                                                                                                                |
| STABLE               | variable=background_Y_R                                       | prj/sol/.autopilot/db/v_mix.cpp:2533 in v_mix, background_Y_R                                                                                                              |
| STABLE               | variable=background_U_G                                       | prj/sol/.autopilot/db/v_mix.cpp:2535 in v_mix, background_U_G                                                                                                              |
| STABLE               | variable=background_V_B                                       | prj/sol/.autopilot/db/v_mix.cpp:2537 in v_mix, background_V_B                                                                                                              |
| INTERFACE            | ap_none port=layerEnable                                      | prj/sol/.autopilot/db/v_mix.cpp:2538 in v_mix, layerEnable                                                                                                                 |
| STABLE               | variable=layerAlpha                                           | prj/sol/.autopilot/db/v_mix.cpp:2592 in v_mix, layerAlpha                                                                                                                  |
| INTERFACE            | ap_none port=layerStartX                                      | prj/sol/.autopilot/db/v_mix.cpp:2593 in v_mix, layerStartX                                                                                                                 |
| INTERFACE            | ap_none port=layerStartY                                      | prj/sol/.autopilot/db/v_mix.cpp:2594 in v_mix, layerStartY                                                                                                                 |
| STABLE               | variable=layerWidth                                           | prj/sol/.autopilot/db/v_mix.cpp:2596 in v_mix, layerWidth                                                                                                                  |
| STABLE               | variable=layerHeight                                          | prj/sol/.autopilot/db/v_mix.cpp:2598 in v_mix, layerHeight                                                                                                                 |
| STABLE               | variable=layerStride                                          | prj/sol/.autopilot/db/v_mix.cpp:2600 in v_mix, layerStride                                                                                                                 |
| STABLE               | variable=layerScaleFactor                                     | prj/sol/.autopilot/db/v_mix.cpp:2602 in v_mix, layerScaleFactor                                                                                                            |
| INTERFACE            | axis port=s_axis_video1                                       | prj/sol/.autopilot/db/v_mix.cpp:2613 in v_mix, s_axis_video1                                                                                                               |
| INTERFACE            | axis port=s_axis_video2                                       | prj/sol/.autopilot/db/v_mix.cpp:2626 in v_mix, s_axis_video2                                                                                                               |
| ARRAY_PARTITION      | variable=HwReg.layerEnableFlag complete dim=0                 | prj/sol/.autopilot/db/v_mix.cpp:2814 in v_mix, HwReg.layerEnableFlag                                                                                                       |
| ARRAY_PARTITION      | variable=HwReg.layerAlpha complete dim=0                      | prj/sol/.autopilot/db/v_mix.cpp:2815 in v_mix, HwReg.layerAlpha                                                                                                            |
| ARRAY_PARTITION      | variable=HwReg.layerStartX complete dim=0                     | prj/sol/.autopilot/db/v_mix.cpp:2816 in v_mix, HwReg.layerStartX                                                                                                           |
| ARRAY_PARTITION      | variable=HwReg.layerStartY complete dim=0                     | prj/sol/.autopilot/db/v_mix.cpp:2817 in v_mix, HwReg.layerStartY                                                                                                           |
| ARRAY_PARTITION      | variable=HwReg.layerWidth complete dim=0                      | prj/sol/.autopilot/db/v_mix.cpp:2818 in v_mix, HwReg.layerWidth                                                                                                            |
| ARRAY_PARTITION      | variable=HwReg.layerHeight complete dim=0                     | prj/sol/.autopilot/db/v_mix.cpp:2819 in v_mix, HwReg.layerHeight                                                                                                           |
| ARRAY_PARTITION      | variable=HwReg.layerStride complete dim=0                     | prj/sol/.autopilot/db/v_mix.cpp:2820 in v_mix, HwReg.layerStride                                                                                                           |
| ARRAY_PARTITION      | variable=HwReg.layerScaleFactor complete dim=0                | prj/sol/.autopilot/db/v_mix.cpp:2821 in v_mix, HwReg.layerScaleFactor                                                                                                      |
| PIPELINE             | ii=1                                                          | prj/sol/.autopilot/db/v_mix.cpp:3281 in axivideoalpha2multipixstream                                                                                                       |
| LOOP_TRIPCOUNT       | avg=0 max=0                                                   | prj/sol/.autopilot/db/v_mix.cpp:3282 in axivideoalpha2multipixstream                                                                                                       |
| LOOP_FLATTEN         | off                                                           | prj/sol/.autopilot/db/v_mix.cpp:3293 in axivideoalpha2multipixstream                                                                                                       |
| PIPELINE             | ii=1                                                          | prj/sol/.autopilot/db/v_mix.cpp:3294 in axivideoalpha2multipixstream                                                                                                       |
| ARRAY_PARTITION      | variable=map complete dim=0                                   | prj/sol/.autopilot/db/v_mix.cpp:3315 in axivideoalpha2multipixstream, map                                                                                                  |
| PIPELINE             | ii=1                                                          | prj/sol/.autopilot/db/v_mix.cpp:3339 in axivideoalpha2multipixstream                                                                                                       |
| LOOP_TRIPCOUNT       | avg=0 max=0                                                   | prj/sol/.autopilot/db/v_mix.cpp:3340 in axivideoalpha2multipixstream                                                                                                       |
| PIPELINE             | ii=1                                                          | prj/sol/.autopilot/db/v_mix.cpp:3381 in axivideo2multipixstream                                                                                                            |
| LOOP_TRIPCOUNT       | avg=0 max=0                                                   | prj/sol/.autopilot/db/v_mix.cpp:3382 in axivideo2multipixstream                                                                                                            |
| LOOP_FLATTEN         | off                                                           | prj/sol/.autopilot/db/v_mix.cpp:3393 in axivideo2multipixstream                                                                                                            |
| PIPELINE             | ii=1                                                          | prj/sol/.autopilot/db/v_mix.cpp:3394 in axivideo2multipixstream                                                                                                            |
| ARRAY_PARTITION      | variable=map complete dim=0                                   | prj/sol/.autopilot/db/v_mix.cpp:3416 in axivideo2multipixstream, map                                                                                                       |
| PIPELINE             | ii=1                                                          | prj/sol/.autopilot/db/v_mix.cpp:3438 in axivideo2multipixstream                                                                                                            |
| LOOP_TRIPCOUNT       | avg=0 max=0                                                   | prj/sol/.autopilot/db/v_mix.cpp:3439 in axivideo2multipixstream                                                                                                            |
| ARRAY_PARTITION      | variable=map complete dim=0                                   | prj/sol/.autopilot/db/v_mix.cpp:3510 in multipixstream2axivideo, map                                                                                                       |
| LOOP_FLATTEN         | off                                                           | prj/sol/.autopilot/db/v_mix.cpp:3521 in multipixstream2axivideo                                                                                                            |
| PIPELINE             | ii=1                                                          | prj/sol/.autopilot/db/v_mix.cpp:3522 in multipixstream2axivideo                                                                                                            |
+----------------------+---------------------------------------------------------------+----------------------------------------------------------------------------------------------------------------------------------------------------------------------------+


