

================================================================
== Vitis HLS Report for 'AXIMMvideo2Bytes'
================================================================
* Date:           Sat Sep  6 13:57:12 2025

* Version:        2025.1 (Build 6135595 on May 21 2025)
* Project:        prj
* Solution:       sol (Vivado IP Flow Target)
* Product family: zynquplus
* Target device:  xczu3eg-sfvc784-1-e


================================================================
== Performance Estimates
================================================================
+ Timing: 
    * Summary: 
    +--------+---------+----------+------------+
    |  Clock |  Target | Estimated| Uncertainty|
    +--------+---------+----------+------------+
    |ap_clk  |  5.00 ns|  3.650 ns|     1.35 ns|
    +--------+---------+----------+------------+

+ Latency: 
    * Summary: 
    +---------+---------+-----------+-----------+------+---------+---------+
    |  Latency (cycles) |   Latency (absolute)  |    Interval    | Pipeline|
    |   min   |   max   |    min    |    max    |  min |   max   |   Type  |
    +---------+---------+-----------+-----------+------+---------+---------+
    |     7169|  6464881|  35.845 us|  32.324 ms|  7169|  6464881|       no|
    +---------+---------+-----------+-----------+------+---------+---------+

    + Detail: 
        * Instance: 
        N/A

        * Loop: 
        +--------------------------------+---------+---------+------------+-----------+-----------+-----------+----------+
        |                                |  Latency (cycles) |  Iteration |  Initiation Interval  |    Trip   |          |
        |            Loop Name           |   min   |   max   |   Latency  |  achieved |   target  |   Count   | Pipelined|
        +--------------------------------+---------+---------+------------+-----------+-----------+-----------+----------+
        |- loop_AXIMMvideo2Bytes_1plane  |     7168|  6464880|  112 ~ 2993|          -|          -|  64 ~ 2160|        no|
        +--------------------------------+---------+---------+------------+-----------+-----------+-----------+----------+

============================================================
+ Verbose Summary: Synthesis Manager
============================================================
InlineROM: 1
ExposeGlobal: 0
============================================================
+ Verbose Summary: CDFG Model
============================================================
IsTopModel: 0
ResetActiveHigh: 1
IsCombinational: 2
IsDatapathOnly: 0
HasWiredReturn: 1
HasMFsm: 0
HasVarLatency: 1
IsPipeline: 0
IsRtlPipelined: 0
IsInstanceOverlapped: 0
IsDontTouch: 0
HasImplIP: 0
IsGatedGlobalClock: 0


============================================================
+ Verbose Summary: Schedule
============================================================
* Number of FSM states : 111
* Pipeline : 0
* Dataflow Pipeline: 0

* FSM state transitions: 
1 --> 2 
2 --> 3 
3 --> 4 
4 --> 5 
5 --> 6 
6 --> 7 
7 --> 8 
8 --> 9 
9 --> 10 
10 --> 11 
11 --> 12 
12 --> 13 
13 --> 14 
14 --> 15 
15 --> 16 
16 --> 17 
17 --> 18 
18 --> 19 
19 --> 20 
20 --> 21 
21 --> 22 
22 --> 23 
23 --> 24 
24 --> 25 
25 --> 26 
26 --> 27 
27 --> 28 
28 --> 29 
29 --> 30 
30 --> 31 
31 --> 32 
32 --> 33 
33 --> 34 
34 --> 35 
35 --> 36 
36 --> 37 
37 --> 38 
38 --> 39 
39 --> 40 
40 --> 41 
41 --> 42 
42 --> 43 
43 --> 44 
44 --> 45 
45 --> 46 
46 --> 47 
47 --> 48 
48 --> 49 
49 --> 50 
50 --> 51 
51 --> 52 
52 --> 53 
53 --> 54 
54 --> 55 
55 --> 56 
56 --> 57 
57 --> 58 
58 --> 59 
59 --> 60 
60 --> 61 
61 --> 62 
62 --> 63 
63 --> 64 
64 --> 65 
65 --> 66 
66 --> 67 
67 --> 68 
68 --> 69 
69 --> 70 
70 --> 71 
71 --> 72 
72 --> 73 
73 --> 74 
74 --> 75 
75 --> 76 
76 --> 77 
77 --> 78 
78 --> 79 
79 --> 80 
80 --> 81 
81 --> 82 
82 --> 83 
83 --> 84 
84 --> 85 
85 --> 86 
86 --> 87 
87 --> 88 
88 --> 89 
89 --> 90 
90 --> 91 
91 --> 92 
92 --> 93 
93 --> 94 
94 --> 95 
95 --> 96 
96 --> 97 
97 --> 98 
98 --> 99 
99 --> 100 
100 --> 101 
101 --> 102 
102 --> 103 
103 --> 104 
104 --> 105 
105 --> 106 
106 --> 107 
107 --> 108 
108 --> 109 
109 --> 110 
110 --> 111 
111 --> 2 

* FSM state operations: 

State 1 <SV = 0> <Delay = 1.00>
ST_1 : Operation 112 [1/1] (0.00ns)   --->   "%y = alloca i32 1" [/home/e/Documents/research/byotee/OSDZU3_Ref_Design/OSDZU3_Ref_Design.runs/design_1_v_frmbuf_rd_0_0_synth_1/prj/sol/.autopilot/db/v_frmbuf_rd.cpp:510]   --->   Operation 112 'alloca' 'y' <Predicate = true> <Delay = 0.00>
ST_1 : Operation 113 [1/1] (0.00ns)   --->   "%offset = alloca i32 1" [/home/e/Documents/research/byotee/OSDZU3_Ref_Design/OSDZU3_Ref_Design.runs/design_1_v_frmbuf_rd_0_0_synth_1/prj/sol/.autopilot/db/v_frmbuf_rd.cpp:507]   --->   Operation 113 'alloca' 'offset' <Predicate = true> <Delay = 0.00>
ST_1 : Operation 114 [1/1] (0.00ns)   --->   "%specstablecontent_ln0 = specstablecontent void @_ssdm_op_SpecStableContent, i15 %WidthInBytes_val, i1 1, void @p_str"   --->   Operation 114 'specstablecontent' 'specstablecontent_ln0' <Predicate = true> <Delay = 0.00>
ST_1 : Operation 115 [1/1] (0.00ns)   --->   "%specstablecontent_ln0 = specstablecontent void @_ssdm_op_SpecStableContent, i32 %srcImg, i1 1, void @p_str"   --->   Operation 115 'specstablecontent' 'specstablecontent_ln0' <Predicate = true> <Delay = 0.00>
ST_1 : Operation 116 [1/1] (0.00ns)   --->   "%specstablecontent_ln0 = specstablecontent void @_ssdm_op_SpecStableContent, i64 %mm_video, i1 1, void @p_str"   --->   Operation 116 'specstablecontent' 'specstablecontent_ln0' <Predicate = true> <Delay = 0.00>
ST_1 : Operation 117 [1/1] (0.00ns)   --->   "%StrideInBytes_val_read = read i16 @_ssdm_op_Read.ap_auto.i16, i16 %StrideInBytes_val"   --->   Operation 117 'read' 'StrideInBytes_val_read' <Predicate = true> <Delay = 0.00>
ST_1 : Operation 118 [1/1] (0.00ns)   --->   "%WidthInBytes_val_read = read i15 @_ssdm_op_Read.ap_auto.i15, i15 %WidthInBytes_val"   --->   Operation 118 'read' 'WidthInBytes_val_read' <Predicate = true> <Delay = 0.00>
ST_1 : Operation 119 [1/1] (0.00ns)   --->   "%Height_val_read = read i12 @_ssdm_op_Read.ap_auto.i12, i12 %Height_val"   --->   Operation 119 'read' 'Height_val_read' <Predicate = true> <Delay = 0.00>
ST_1 : Operation 120 [1/1] (0.00ns)   --->   "%srcImg_read = read i32 @_ssdm_op_Read.ap_auto.i32, i32 %srcImg"   --->   Operation 120 'read' 'srcImg_read' <Predicate = true> <Delay = 0.00>
ST_1 : Operation 121 [1/1] (0.00ns)   --->   "%specstablecontent_ln0 = specstablecontent void @_ssdm_op_SpecStableContent, i16 %StrideInBytes_val, i1 1, void "   --->   Operation 121 'specstablecontent' 'specstablecontent_ln0' <Predicate = true> <Delay = 0.00>
ST_1 : Operation 122 [1/1] (0.00ns)   --->   "%specstablecontent_ln0 = specstablecontent void @_ssdm_op_SpecStableContent, i12 %Height_val, i1 1, void "   --->   Operation 122 'specstablecontent' 'specstablecontent_ln0' <Predicate = true> <Delay = 0.00>
ST_1 : Operation 123 [1/1] (0.00ns)   --->   "%specmemcore_ln0 = specmemcore void @_ssdm_op_SpecMemCore, i64 %bytePlanes, i64 666, i64 8, i64 18446744073709551615"   --->   Operation 123 'specmemcore' 'specmemcore_ln0' <Predicate = true> <Delay = 0.00>
ST_1 : Operation 124 [1/1] (0.00ns)   --->   "%specinterface_ln0 = specinterface void @_ssdm_op_SpecInterface, i64 %bytePlanes, void @empty_7, i32 0, i32 0, void @empty_5, i32 0, i32 0, void @empty_5, void @empty_5, void @empty_5, i32 0, i32 0, i32 0, i32 0, void @empty_5, void @empty_5, i32 4294967295, i32 0, i32 0"   --->   Operation 124 'specinterface' 'specinterface_ln0' <Predicate = true> <Delay = 0.00>
ST_1 : Operation 125 [1/1] (0.00ns)   --->   "%specinterface_ln0 = specinterface void @_ssdm_op_SpecInterface, i64 %mm_video, void @empty_6, i32 0, i32 0, void @empty_5, i32 100, i32 2073600, void @empty_4, void @empty_3, void @empty_5, i32 4, i32 16, i32 16, i32 16, void @empty_5, void @empty_5, i32 4294967295, i32 0, i32 0"   --->   Operation 125 'specinterface' 'specinterface_ln0' <Predicate = true> <Delay = 0.00>
ST_1 : Operation 126 [1/1] (1.00ns)   --->   "%sub = add i15 %WidthInBytes_val_read, i15 7"   --->   Operation 126 'add' 'sub' <Predicate = true> <Delay = 1.00> <CoreInst = "Adder">   --->   Core 1 'Adder' <Latency = 0> <II = 1> <Delay = 1.00> <FuncUnit> <Opcode : 'add' 'sub'> <InPorts = 2> <OutPorts = 1>
ST_1 : Operation 127 [1/1] (0.00ns)   --->   "%div = partselect i12 @_ssdm_op_PartSelect.i12.i15.i32.i32, i15 %sub, i32 3, i32 14"   --->   Operation 127 'partselect' 'div' <Predicate = true> <Delay = 0.00>
ST_1 : Operation 128 [1/1] (0.00ns)   --->   "%div_cast1 = zext i12 %div"   --->   Operation 128 'zext' 'div_cast1' <Predicate = true> <Delay = 0.00>
ST_1 : Operation 129 [1/1] (0.00ns)   --->   "%div8 = partselect i13 @_ssdm_op_PartSelect.i13.i16.i32.i32, i16 %StrideInBytes_val_read, i32 3, i32 15"   --->   Operation 129 'partselect' 'div8' <Predicate = true> <Delay = 0.00>
ST_1 : Operation 130 [1/1] (0.00ns)   --->   "%div8_cast = zext i13 %div8"   --->   Operation 130 'zext' 'div8_cast' <Predicate = true> <Delay = 0.00>
ST_1 : Operation 131 [1/1] (0.48ns)   --->   "%store_ln507 = store i25 0, i25 %offset" [/home/e/Documents/research/byotee/OSDZU3_Ref_Design/OSDZU3_Ref_Design.runs/design_1_v_frmbuf_rd_0_0_synth_1/prj/sol/.autopilot/db/v_frmbuf_rd.cpp:507]   --->   Operation 131 'store' 'store_ln507' <Predicate = true> <Delay = 0.48>
ST_1 : Operation 132 [1/1] (0.48ns)   --->   "%store_ln510 = store i12 0, i12 %y" [/home/e/Documents/research/byotee/OSDZU3_Ref_Design/OSDZU3_Ref_Design.runs/design_1_v_frmbuf_rd_0_0_synth_1/prj/sol/.autopilot/db/v_frmbuf_rd.cpp:510]   --->   Operation 132 'store' 'store_ln510' <Predicate = true> <Delay = 0.48>
ST_1 : Operation 133 [1/1] (0.00ns)   --->   "%br_ln510 = br void %VITIS_LOOP_515_1" [/home/e/Documents/research/byotee/OSDZU3_Ref_Design/OSDZU3_Ref_Design.runs/design_1_v_frmbuf_rd_0_0_synth_1/prj/sol/.autopilot/db/v_frmbuf_rd.cpp:510]   --->   Operation 133 'br' 'br_ln510' <Predicate = true> <Delay = 0.00>

State 2 <SV = 1> <Delay = 1.61>
ST_2 : Operation 134 [1/1] (0.00ns)   --->   "%y_6 = load i12 %y" [/home/e/Documents/research/byotee/OSDZU3_Ref_Design/OSDZU3_Ref_Design.runs/design_1_v_frmbuf_rd_0_0_synth_1/prj/sol/.autopilot/db/v_frmbuf_rd.cpp:510]   --->   Operation 134 'load' 'y_6' <Predicate = true> <Delay = 0.00>
ST_2 : Operation 135 [1/1] (0.96ns)   --->   "%icmp_ln510 = icmp_eq  i12 %y_6, i12 %Height_val_read" [/home/e/Documents/research/byotee/OSDZU3_Ref_Design/OSDZU3_Ref_Design.runs/design_1_v_frmbuf_rd_0_0_synth_1/prj/sol/.autopilot/db/v_frmbuf_rd.cpp:510]   --->   Operation 135 'icmp' 'icmp_ln510' <Predicate = true> <Delay = 0.96> <CoreInst = "Cmp">   --->   Core 9 'Cmp' <Latency = 0> <II = 1> <Delay = 0.96> <FuncUnit> <Opcode : 'seteq' 'setne' 'setle' 'setge' 'setlt' 'setgt'> <InPorts = 2> <OutPorts = 1>
ST_2 : Operation 136 [1/1] (0.00ns)   --->   "%speclooptripcount_ln0 = speclooptripcount void @_ssdm_op_SpecLoopTripCount, i64 64, i64 2160, i64 2160"   --->   Operation 136 'speclooptripcount' 'speclooptripcount_ln0' <Predicate = true> <Delay = 0.00>
ST_2 : Operation 137 [1/1] (0.96ns)   --->   "%y_7 = add i12 %y_6, i12 1" [/home/e/Documents/research/byotee/OSDZU3_Ref_Design/OSDZU3_Ref_Design.runs/design_1_v_frmbuf_rd_0_0_synth_1/prj/sol/.autopilot/db/v_frmbuf_rd.cpp:510]   --->   Operation 137 'add' 'y_7' <Predicate = true> <Delay = 0.96> <CoreInst = "Adder">   --->   Core 1 'Adder' <Latency = 0> <II = 1> <Delay = 0.96> <FuncUnit> <Opcode : 'add' 'sub'> <InPorts = 2> <OutPorts = 1>
ST_2 : Operation 138 [1/1] (0.00ns)   --->   "%br_ln510 = br i1 %icmp_ln510, void %VITIS_LOOP_515_1.split, void %for.end12" [/home/e/Documents/research/byotee/OSDZU3_Ref_Design/OSDZU3_Ref_Design.runs/design_1_v_frmbuf_rd_0_0_synth_1/prj/sol/.autopilot/db/v_frmbuf_rd.cpp:510]   --->   Operation 138 'br' 'br_ln510' <Predicate = true> <Delay = 0.00>
ST_2 : Operation 139 [1/1] (0.00ns)   --->   "%offset_load = load i25 %offset" [/home/e/Documents/research/byotee/OSDZU3_Ref_Design/OSDZU3_Ref_Design.runs/design_1_v_frmbuf_rd_0_0_synth_1/prj/sol/.autopilot/db/v_frmbuf_rd.cpp:523]   --->   Operation 139 'load' 'offset_load' <Predicate = (!icmp_ln510)> <Delay = 0.00>
ST_2 : Operation 140 [1/1] (0.00ns)   --->   "%shl_ln = bitconcatenate i28 @_ssdm_op_BitConcatenate.i28.i25.i3, i25 %offset_load, i3 0" [/home/e/Documents/research/byotee/OSDZU3_Ref_Design/OSDZU3_Ref_Design.runs/design_1_v_frmbuf_rd_0_0_synth_1/prj/sol/.autopilot/db/v_frmbuf_rd.cpp:515]   --->   Operation 140 'bitconcatenate' 'shl_ln' <Predicate = (!icmp_ln510)> <Delay = 0.00>
ST_2 : Operation 141 [1/1] (0.00ns)   --->   "%zext_ln515 = zext i28 %shl_ln" [/home/e/Documents/research/byotee/OSDZU3_Ref_Design/OSDZU3_Ref_Design.runs/design_1_v_frmbuf_rd_0_0_synth_1/prj/sol/.autopilot/db/v_frmbuf_rd.cpp:515]   --->   Operation 141 'zext' 'zext_ln515' <Predicate = (!icmp_ln510)> <Delay = 0.00>
ST_2 : Operation 142 [1/1] (1.20ns)   --->   "%add_ln515 = add i32 %zext_ln515, i32 %srcImg_read" [/home/e/Documents/research/byotee/OSDZU3_Ref_Design/OSDZU3_Ref_Design.runs/design_1_v_frmbuf_rd_0_0_synth_1/prj/sol/.autopilot/db/v_frmbuf_rd.cpp:515]   --->   Operation 142 'add' 'add_ln515' <Predicate = (!icmp_ln510)> <Delay = 1.20> <CoreInst = "Adder">   --->   Core 1 'Adder' <Latency = 0> <II = 1> <Delay = 1.20> <FuncUnit> <Opcode : 'add' 'sub'> <InPorts = 2> <OutPorts = 1>
ST_2 : Operation 143 [1/1] (0.00ns)   --->   "%trunc_ln2 = partselect i29 @_ssdm_op_PartSelect.i29.i32.i32.i32, i32 %add_ln515, i32 3, i32 31" [/home/e/Documents/research/byotee/OSDZU3_Ref_Design/OSDZU3_Ref_Design.runs/design_1_v_frmbuf_rd_0_0_synth_1/prj/sol/.autopilot/db/v_frmbuf_rd.cpp:515]   --->   Operation 143 'partselect' 'trunc_ln2' <Predicate = (!icmp_ln510)> <Delay = 0.00>
ST_2 : Operation 144 [1/1] (1.12ns)   --->   "%add_ln523 = add i25 %div8_cast, i25 %offset_load" [/home/e/Documents/research/byotee/OSDZU3_Ref_Design/OSDZU3_Ref_Design.runs/design_1_v_frmbuf_rd_0_0_synth_1/prj/sol/.autopilot/db/v_frmbuf_rd.cpp:523]   --->   Operation 144 'add' 'add_ln523' <Predicate = (!icmp_ln510)> <Delay = 1.12> <CoreInst = "Adder">   --->   Core 1 'Adder' <Latency = 0> <II = 1> <Delay = 1.12> <FuncUnit> <Opcode : 'add' 'sub'> <InPorts = 2> <OutPorts = 1>
ST_2 : Operation 145 [1/1] (0.48ns)   --->   "%store_ln507 = store i25 %add_ln523, i25 %offset" [/home/e/Documents/research/byotee/OSDZU3_Ref_Design/OSDZU3_Ref_Design.runs/design_1_v_frmbuf_rd_0_0_synth_1/prj/sol/.autopilot/db/v_frmbuf_rd.cpp:507]   --->   Operation 145 'store' 'store_ln507' <Predicate = (!icmp_ln510)> <Delay = 0.48>
ST_2 : Operation 146 [1/1] (0.48ns)   --->   "%store_ln510 = store i12 %y_7, i12 %y" [/home/e/Documents/research/byotee/OSDZU3_Ref_Design/OSDZU3_Ref_Design.runs/design_1_v_frmbuf_rd_0_0_synth_1/prj/sol/.autopilot/db/v_frmbuf_rd.cpp:510]   --->   Operation 146 'store' 'store_ln510' <Predicate = (!icmp_ln510)> <Delay = 0.48>
ST_2 : Operation 147 [1/1] (0.00ns)   --->   "%ret_ln525 = ret" [/home/e/Documents/research/byotee/OSDZU3_Ref_Design/OSDZU3_Ref_Design.runs/design_1_v_frmbuf_rd_0_0_synth_1/prj/sol/.autopilot/db/v_frmbuf_rd.cpp:525]   --->   Operation 147 'ret' 'ret_ln525' <Predicate = (icmp_ln510)> <Delay = 0.00>

State 3 <SV = 2> <Delay = 3.65>
ST_3 : Operation 148 [1/1] (0.00ns)   --->   "%sext_ln515 = sext i29 %trunc_ln2" [/home/e/Documents/research/byotee/OSDZU3_Ref_Design/OSDZU3_Ref_Design.runs/design_1_v_frmbuf_rd_0_0_synth_1/prj/sol/.autopilot/db/v_frmbuf_rd.cpp:515]   --->   Operation 148 'sext' 'sext_ln515' <Predicate = true> <Delay = 0.00>
ST_3 : Operation 149 [1/1] (0.00ns)   --->   "%mm_video_addr = getelementptr i64 %mm_video, i32 %sext_ln515" [/home/e/Documents/research/byotee/OSDZU3_Ref_Design/OSDZU3_Ref_Design.runs/design_1_v_frmbuf_rd_0_0_synth_1/prj/sol/.autopilot/db/v_frmbuf_rd.cpp:515]   --->   Operation 149 'getelementptr' 'mm_video_addr' <Predicate = true> <Delay = 0.00>
ST_3 : Operation 150 [107/107] (3.65ns)   --->   "%empty = readreq i1 @_ssdm_op_ReadReq.m_axi.p1i64, i64 %mm_video_addr, i32 %div_cast1" [/home/e/Documents/research/byotee/OSDZU3_Ref_Design/OSDZU3_Ref_Design.runs/design_1_v_frmbuf_rd_0_0_synth_1/prj/sol/.autopilot/db/v_frmbuf_rd.cpp:515]   --->   Operation 150 'readreq' 'empty' <Predicate = true> <Delay = 3.65> <CoreInst = "m_axi">   --->   Core 119 'm_axi' <Latency = 6> <II = 1> <Delay = 1.00> <Adapter> <Opcode : 'read' 'write' 'readreq' 'writereq' 'writeresp'>

State 4 <SV = 3> <Delay = 3.65>
ST_4 : Operation 151 [106/107] (3.65ns)   --->   "%empty = readreq i1 @_ssdm_op_ReadReq.m_axi.p1i64, i64 %mm_video_addr, i32 %div_cast1" [/home/e/Documents/research/byotee/OSDZU3_Ref_Design/OSDZU3_Ref_Design.runs/design_1_v_frmbuf_rd_0_0_synth_1/prj/sol/.autopilot/db/v_frmbuf_rd.cpp:515]   --->   Operation 151 'readreq' 'empty' <Predicate = true> <Delay = 3.65> <CoreInst = "m_axi">   --->   Core 119 'm_axi' <Latency = 6> <II = 1> <Delay = 1.00> <Adapter> <Opcode : 'read' 'write' 'readreq' 'writereq' 'writeresp'>

State 5 <SV = 4> <Delay = 3.65>
ST_5 : Operation 152 [105/107] (3.65ns)   --->   "%empty = readreq i1 @_ssdm_op_ReadReq.m_axi.p1i64, i64 %mm_video_addr, i32 %div_cast1" [/home/e/Documents/research/byotee/OSDZU3_Ref_Design/OSDZU3_Ref_Design.runs/design_1_v_frmbuf_rd_0_0_synth_1/prj/sol/.autopilot/db/v_frmbuf_rd.cpp:515]   --->   Operation 152 'readreq' 'empty' <Predicate = true> <Delay = 3.65> <CoreInst = "m_axi">   --->   Core 119 'm_axi' <Latency = 6> <II = 1> <Delay = 1.00> <Adapter> <Opcode : 'read' 'write' 'readreq' 'writereq' 'writeresp'>

State 6 <SV = 5> <Delay = 3.65>
ST_6 : Operation 153 [104/107] (3.65ns)   --->   "%empty = readreq i1 @_ssdm_op_ReadReq.m_axi.p1i64, i64 %mm_video_addr, i32 %div_cast1" [/home/e/Documents/research/byotee/OSDZU3_Ref_Design/OSDZU3_Ref_Design.runs/design_1_v_frmbuf_rd_0_0_synth_1/prj/sol/.autopilot/db/v_frmbuf_rd.cpp:515]   --->   Operation 153 'readreq' 'empty' <Predicate = true> <Delay = 3.65> <CoreInst = "m_axi">   --->   Core 119 'm_axi' <Latency = 6> <II = 1> <Delay = 1.00> <Adapter> <Opcode : 'read' 'write' 'readreq' 'writereq' 'writeresp'>

State 7 <SV = 6> <Delay = 3.65>
ST_7 : Operation 154 [103/107] (3.65ns)   --->   "%empty = readreq i1 @_ssdm_op_ReadReq.m_axi.p1i64, i64 %mm_video_addr, i32 %div_cast1" [/home/e/Documents/research/byotee/OSDZU3_Ref_Design/OSDZU3_Ref_Design.runs/design_1_v_frmbuf_rd_0_0_synth_1/prj/sol/.autopilot/db/v_frmbuf_rd.cpp:515]   --->   Operation 154 'readreq' 'empty' <Predicate = true> <Delay = 3.65> <CoreInst = "m_axi">   --->   Core 119 'm_axi' <Latency = 6> <II = 1> <Delay = 1.00> <Adapter> <Opcode : 'read' 'write' 'readreq' 'writereq' 'writeresp'>

State 8 <SV = 7> <Delay = 3.65>
ST_8 : Operation 155 [102/107] (3.65ns)   --->   "%empty = readreq i1 @_ssdm_op_ReadReq.m_axi.p1i64, i64 %mm_video_addr, i32 %div_cast1" [/home/e/Documents/research/byotee/OSDZU3_Ref_Design/OSDZU3_Ref_Design.runs/design_1_v_frmbuf_rd_0_0_synth_1/prj/sol/.autopilot/db/v_frmbuf_rd.cpp:515]   --->   Operation 155 'readreq' 'empty' <Predicate = true> <Delay = 3.65> <CoreInst = "m_axi">   --->   Core 119 'm_axi' <Latency = 6> <II = 1> <Delay = 1.00> <Adapter> <Opcode : 'read' 'write' 'readreq' 'writereq' 'writeresp'>

State 9 <SV = 8> <Delay = 3.65>
ST_9 : Operation 156 [101/107] (3.65ns)   --->   "%empty = readreq i1 @_ssdm_op_ReadReq.m_axi.p1i64, i64 %mm_video_addr, i32 %div_cast1" [/home/e/Documents/research/byotee/OSDZU3_Ref_Design/OSDZU3_Ref_Design.runs/design_1_v_frmbuf_rd_0_0_synth_1/prj/sol/.autopilot/db/v_frmbuf_rd.cpp:515]   --->   Operation 156 'readreq' 'empty' <Predicate = true> <Delay = 3.65> <CoreInst = "m_axi">   --->   Core 119 'm_axi' <Latency = 6> <II = 1> <Delay = 1.00> <Adapter> <Opcode : 'read' 'write' 'readreq' 'writereq' 'writeresp'>

State 10 <SV = 9> <Delay = 3.65>
ST_10 : Operation 157 [100/107] (3.65ns)   --->   "%empty = readreq i1 @_ssdm_op_ReadReq.m_axi.p1i64, i64 %mm_video_addr, i32 %div_cast1" [/home/e/Documents/research/byotee/OSDZU3_Ref_Design/OSDZU3_Ref_Design.runs/design_1_v_frmbuf_rd_0_0_synth_1/prj/sol/.autopilot/db/v_frmbuf_rd.cpp:515]   --->   Operation 157 'readreq' 'empty' <Predicate = true> <Delay = 3.65> <CoreInst = "m_axi">   --->   Core 119 'm_axi' <Latency = 6> <II = 1> <Delay = 1.00> <Adapter> <Opcode : 'read' 'write' 'readreq' 'writereq' 'writeresp'>

State 11 <SV = 10> <Delay = 3.65>
ST_11 : Operation 158 [99/107] (3.65ns)   --->   "%empty = readreq i1 @_ssdm_op_ReadReq.m_axi.p1i64, i64 %mm_video_addr, i32 %div_cast1" [/home/e/Documents/research/byotee/OSDZU3_Ref_Design/OSDZU3_Ref_Design.runs/design_1_v_frmbuf_rd_0_0_synth_1/prj/sol/.autopilot/db/v_frmbuf_rd.cpp:515]   --->   Operation 158 'readreq' 'empty' <Predicate = true> <Delay = 3.65> <CoreInst = "m_axi">   --->   Core 119 'm_axi' <Latency = 6> <II = 1> <Delay = 1.00> <Adapter> <Opcode : 'read' 'write' 'readreq' 'writereq' 'writeresp'>

State 12 <SV = 11> <Delay = 3.65>
ST_12 : Operation 159 [98/107] (3.65ns)   --->   "%empty = readreq i1 @_ssdm_op_ReadReq.m_axi.p1i64, i64 %mm_video_addr, i32 %div_cast1" [/home/e/Documents/research/byotee/OSDZU3_Ref_Design/OSDZU3_Ref_Design.runs/design_1_v_frmbuf_rd_0_0_synth_1/prj/sol/.autopilot/db/v_frmbuf_rd.cpp:515]   --->   Operation 159 'readreq' 'empty' <Predicate = true> <Delay = 3.65> <CoreInst = "m_axi">   --->   Core 119 'm_axi' <Latency = 6> <II = 1> <Delay = 1.00> <Adapter> <Opcode : 'read' 'write' 'readreq' 'writereq' 'writeresp'>

State 13 <SV = 12> <Delay = 3.65>
ST_13 : Operation 160 [97/107] (3.65ns)   --->   "%empty = readreq i1 @_ssdm_op_ReadReq.m_axi.p1i64, i64 %mm_video_addr, i32 %div_cast1" [/home/e/Documents/research/byotee/OSDZU3_Ref_Design/OSDZU3_Ref_Design.runs/design_1_v_frmbuf_rd_0_0_synth_1/prj/sol/.autopilot/db/v_frmbuf_rd.cpp:515]   --->   Operation 160 'readreq' 'empty' <Predicate = true> <Delay = 3.65> <CoreInst = "m_axi">   --->   Core 119 'm_axi' <Latency = 6> <II = 1> <Delay = 1.00> <Adapter> <Opcode : 'read' 'write' 'readreq' 'writereq' 'writeresp'>

State 14 <SV = 13> <Delay = 3.65>
ST_14 : Operation 161 [96/107] (3.65ns)   --->   "%empty = readreq i1 @_ssdm_op_ReadReq.m_axi.p1i64, i64 %mm_video_addr, i32 %div_cast1" [/home/e/Documents/research/byotee/OSDZU3_Ref_Design/OSDZU3_Ref_Design.runs/design_1_v_frmbuf_rd_0_0_synth_1/prj/sol/.autopilot/db/v_frmbuf_rd.cpp:515]   --->   Operation 161 'readreq' 'empty' <Predicate = true> <Delay = 3.65> <CoreInst = "m_axi">   --->   Core 119 'm_axi' <Latency = 6> <II = 1> <Delay = 1.00> <Adapter> <Opcode : 'read' 'write' 'readreq' 'writereq' 'writeresp'>

State 15 <SV = 14> <Delay = 3.65>
ST_15 : Operation 162 [95/107] (3.65ns)   --->   "%empty = readreq i1 @_ssdm_op_ReadReq.m_axi.p1i64, i64 %mm_video_addr, i32 %div_cast1" [/home/e/Documents/research/byotee/OSDZU3_Ref_Design/OSDZU3_Ref_Design.runs/design_1_v_frmbuf_rd_0_0_synth_1/prj/sol/.autopilot/db/v_frmbuf_rd.cpp:515]   --->   Operation 162 'readreq' 'empty' <Predicate = true> <Delay = 3.65> <CoreInst = "m_axi">   --->   Core 119 'm_axi' <Latency = 6> <II = 1> <Delay = 1.00> <Adapter> <Opcode : 'read' 'write' 'readreq' 'writereq' 'writeresp'>

State 16 <SV = 15> <Delay = 3.65>
ST_16 : Operation 163 [94/107] (3.65ns)   --->   "%empty = readreq i1 @_ssdm_op_ReadReq.m_axi.p1i64, i64 %mm_video_addr, i32 %div_cast1" [/home/e/Documents/research/byotee/OSDZU3_Ref_Design/OSDZU3_Ref_Design.runs/design_1_v_frmbuf_rd_0_0_synth_1/prj/sol/.autopilot/db/v_frmbuf_rd.cpp:515]   --->   Operation 163 'readreq' 'empty' <Predicate = true> <Delay = 3.65> <CoreInst = "m_axi">   --->   Core 119 'm_axi' <Latency = 6> <II = 1> <Delay = 1.00> <Adapter> <Opcode : 'read' 'write' 'readreq' 'writereq' 'writeresp'>

State 17 <SV = 16> <Delay = 3.65>
ST_17 : Operation 164 [93/107] (3.65ns)   --->   "%empty = readreq i1 @_ssdm_op_ReadReq.m_axi.p1i64, i64 %mm_video_addr, i32 %div_cast1" [/home/e/Documents/research/byotee/OSDZU3_Ref_Design/OSDZU3_Ref_Design.runs/design_1_v_frmbuf_rd_0_0_synth_1/prj/sol/.autopilot/db/v_frmbuf_rd.cpp:515]   --->   Operation 164 'readreq' 'empty' <Predicate = true> <Delay = 3.65> <CoreInst = "m_axi">   --->   Core 119 'm_axi' <Latency = 6> <II = 1> <Delay = 1.00> <Adapter> <Opcode : 'read' 'write' 'readreq' 'writereq' 'writeresp'>

State 18 <SV = 17> <Delay = 3.65>
ST_18 : Operation 165 [92/107] (3.65ns)   --->   "%empty = readreq i1 @_ssdm_op_ReadReq.m_axi.p1i64, i64 %mm_video_addr, i32 %div_cast1" [/home/e/Documents/research/byotee/OSDZU3_Ref_Design/OSDZU3_Ref_Design.runs/design_1_v_frmbuf_rd_0_0_synth_1/prj/sol/.autopilot/db/v_frmbuf_rd.cpp:515]   --->   Operation 165 'readreq' 'empty' <Predicate = true> <Delay = 3.65> <CoreInst = "m_axi">   --->   Core 119 'm_axi' <Latency = 6> <II = 1> <Delay = 1.00> <Adapter> <Opcode : 'read' 'write' 'readreq' 'writereq' 'writeresp'>

State 19 <SV = 18> <Delay = 3.65>
ST_19 : Operation 166 [91/107] (3.65ns)   --->   "%empty = readreq i1 @_ssdm_op_ReadReq.m_axi.p1i64, i64 %mm_video_addr, i32 %div_cast1" [/home/e/Documents/research/byotee/OSDZU3_Ref_Design/OSDZU3_Ref_Design.runs/design_1_v_frmbuf_rd_0_0_synth_1/prj/sol/.autopilot/db/v_frmbuf_rd.cpp:515]   --->   Operation 166 'readreq' 'empty' <Predicate = true> <Delay = 3.65> <CoreInst = "m_axi">   --->   Core 119 'm_axi' <Latency = 6> <II = 1> <Delay = 1.00> <Adapter> <Opcode : 'read' 'write' 'readreq' 'writereq' 'writeresp'>

State 20 <SV = 19> <Delay = 3.65>
ST_20 : Operation 167 [90/107] (3.65ns)   --->   "%empty = readreq i1 @_ssdm_op_ReadReq.m_axi.p1i64, i64 %mm_video_addr, i32 %div_cast1" [/home/e/Documents/research/byotee/OSDZU3_Ref_Design/OSDZU3_Ref_Design.runs/design_1_v_frmbuf_rd_0_0_synth_1/prj/sol/.autopilot/db/v_frmbuf_rd.cpp:515]   --->   Operation 167 'readreq' 'empty' <Predicate = true> <Delay = 3.65> <CoreInst = "m_axi">   --->   Core 119 'm_axi' <Latency = 6> <II = 1> <Delay = 1.00> <Adapter> <Opcode : 'read' 'write' 'readreq' 'writereq' 'writeresp'>

State 21 <SV = 20> <Delay = 3.65>
ST_21 : Operation 168 [89/107] (3.65ns)   --->   "%empty = readreq i1 @_ssdm_op_ReadReq.m_axi.p1i64, i64 %mm_video_addr, i32 %div_cast1" [/home/e/Documents/research/byotee/OSDZU3_Ref_Design/OSDZU3_Ref_Design.runs/design_1_v_frmbuf_rd_0_0_synth_1/prj/sol/.autopilot/db/v_frmbuf_rd.cpp:515]   --->   Operation 168 'readreq' 'empty' <Predicate = true> <Delay = 3.65> <CoreInst = "m_axi">   --->   Core 119 'm_axi' <Latency = 6> <II = 1> <Delay = 1.00> <Adapter> <Opcode : 'read' 'write' 'readreq' 'writereq' 'writeresp'>

State 22 <SV = 21> <Delay = 3.65>
ST_22 : Operation 169 [88/107] (3.65ns)   --->   "%empty = readreq i1 @_ssdm_op_ReadReq.m_axi.p1i64, i64 %mm_video_addr, i32 %div_cast1" [/home/e/Documents/research/byotee/OSDZU3_Ref_Design/OSDZU3_Ref_Design.runs/design_1_v_frmbuf_rd_0_0_synth_1/prj/sol/.autopilot/db/v_frmbuf_rd.cpp:515]   --->   Operation 169 'readreq' 'empty' <Predicate = true> <Delay = 3.65> <CoreInst = "m_axi">   --->   Core 119 'm_axi' <Latency = 6> <II = 1> <Delay = 1.00> <Adapter> <Opcode : 'read' 'write' 'readreq' 'writereq' 'writeresp'>

State 23 <SV = 22> <Delay = 3.65>
ST_23 : Operation 170 [87/107] (3.65ns)   --->   "%empty = readreq i1 @_ssdm_op_ReadReq.m_axi.p1i64, i64 %mm_video_addr, i32 %div_cast1" [/home/e/Documents/research/byotee/OSDZU3_Ref_Design/OSDZU3_Ref_Design.runs/design_1_v_frmbuf_rd_0_0_synth_1/prj/sol/.autopilot/db/v_frmbuf_rd.cpp:515]   --->   Operation 170 'readreq' 'empty' <Predicate = true> <Delay = 3.65> <CoreInst = "m_axi">   --->   Core 119 'm_axi' <Latency = 6> <II = 1> <Delay = 1.00> <Adapter> <Opcode : 'read' 'write' 'readreq' 'writereq' 'writeresp'>

State 24 <SV = 23> <Delay = 3.65>
ST_24 : Operation 171 [86/107] (3.65ns)   --->   "%empty = readreq i1 @_ssdm_op_ReadReq.m_axi.p1i64, i64 %mm_video_addr, i32 %div_cast1" [/home/e/Documents/research/byotee/OSDZU3_Ref_Design/OSDZU3_Ref_Design.runs/design_1_v_frmbuf_rd_0_0_synth_1/prj/sol/.autopilot/db/v_frmbuf_rd.cpp:515]   --->   Operation 171 'readreq' 'empty' <Predicate = true> <Delay = 3.65> <CoreInst = "m_axi">   --->   Core 119 'm_axi' <Latency = 6> <II = 1> <Delay = 1.00> <Adapter> <Opcode : 'read' 'write' 'readreq' 'writereq' 'writeresp'>

State 25 <SV = 24> <Delay = 3.65>
ST_25 : Operation 172 [85/107] (3.65ns)   --->   "%empty = readreq i1 @_ssdm_op_ReadReq.m_axi.p1i64, i64 %mm_video_addr, i32 %div_cast1" [/home/e/Documents/research/byotee/OSDZU3_Ref_Design/OSDZU3_Ref_Design.runs/design_1_v_frmbuf_rd_0_0_synth_1/prj/sol/.autopilot/db/v_frmbuf_rd.cpp:515]   --->   Operation 172 'readreq' 'empty' <Predicate = true> <Delay = 3.65> <CoreInst = "m_axi">   --->   Core 119 'm_axi' <Latency = 6> <II = 1> <Delay = 1.00> <Adapter> <Opcode : 'read' 'write' 'readreq' 'writereq' 'writeresp'>

State 26 <SV = 25> <Delay = 3.65>
ST_26 : Operation 173 [84/107] (3.65ns)   --->   "%empty = readreq i1 @_ssdm_op_ReadReq.m_axi.p1i64, i64 %mm_video_addr, i32 %div_cast1" [/home/e/Documents/research/byotee/OSDZU3_Ref_Design/OSDZU3_Ref_Design.runs/design_1_v_frmbuf_rd_0_0_synth_1/prj/sol/.autopilot/db/v_frmbuf_rd.cpp:515]   --->   Operation 173 'readreq' 'empty' <Predicate = true> <Delay = 3.65> <CoreInst = "m_axi">   --->   Core 119 'm_axi' <Latency = 6> <II = 1> <Delay = 1.00> <Adapter> <Opcode : 'read' 'write' 'readreq' 'writereq' 'writeresp'>

State 27 <SV = 26> <Delay = 3.65>
ST_27 : Operation 174 [83/107] (3.65ns)   --->   "%empty = readreq i1 @_ssdm_op_ReadReq.m_axi.p1i64, i64 %mm_video_addr, i32 %div_cast1" [/home/e/Documents/research/byotee/OSDZU3_Ref_Design/OSDZU3_Ref_Design.runs/design_1_v_frmbuf_rd_0_0_synth_1/prj/sol/.autopilot/db/v_frmbuf_rd.cpp:515]   --->   Operation 174 'readreq' 'empty' <Predicate = true> <Delay = 3.65> <CoreInst = "m_axi">   --->   Core 119 'm_axi' <Latency = 6> <II = 1> <Delay = 1.00> <Adapter> <Opcode : 'read' 'write' 'readreq' 'writereq' 'writeresp'>

State 28 <SV = 27> <Delay = 3.65>
ST_28 : Operation 175 [82/107] (3.65ns)   --->   "%empty = readreq i1 @_ssdm_op_ReadReq.m_axi.p1i64, i64 %mm_video_addr, i32 %div_cast1" [/home/e/Documents/research/byotee/OSDZU3_Ref_Design/OSDZU3_Ref_Design.runs/design_1_v_frmbuf_rd_0_0_synth_1/prj/sol/.autopilot/db/v_frmbuf_rd.cpp:515]   --->   Operation 175 'readreq' 'empty' <Predicate = true> <Delay = 3.65> <CoreInst = "m_axi">   --->   Core 119 'm_axi' <Latency = 6> <II = 1> <Delay = 1.00> <Adapter> <Opcode : 'read' 'write' 'readreq' 'writereq' 'writeresp'>

State 29 <SV = 28> <Delay = 3.65>
ST_29 : Operation 176 [81/107] (3.65ns)   --->   "%empty = readreq i1 @_ssdm_op_ReadReq.m_axi.p1i64, i64 %mm_video_addr, i32 %div_cast1" [/home/e/Documents/research/byotee/OSDZU3_Ref_Design/OSDZU3_Ref_Design.runs/design_1_v_frmbuf_rd_0_0_synth_1/prj/sol/.autopilot/db/v_frmbuf_rd.cpp:515]   --->   Operation 176 'readreq' 'empty' <Predicate = true> <Delay = 3.65> <CoreInst = "m_axi">   --->   Core 119 'm_axi' <Latency = 6> <II = 1> <Delay = 1.00> <Adapter> <Opcode : 'read' 'write' 'readreq' 'writereq' 'writeresp'>

State 30 <SV = 29> <Delay = 3.65>
ST_30 : Operation 177 [80/107] (3.65ns)   --->   "%empty = readreq i1 @_ssdm_op_ReadReq.m_axi.p1i64, i64 %mm_video_addr, i32 %div_cast1" [/home/e/Documents/research/byotee/OSDZU3_Ref_Design/OSDZU3_Ref_Design.runs/design_1_v_frmbuf_rd_0_0_synth_1/prj/sol/.autopilot/db/v_frmbuf_rd.cpp:515]   --->   Operation 177 'readreq' 'empty' <Predicate = true> <Delay = 3.65> <CoreInst = "m_axi">   --->   Core 119 'm_axi' <Latency = 6> <II = 1> <Delay = 1.00> <Adapter> <Opcode : 'read' 'write' 'readreq' 'writereq' 'writeresp'>

State 31 <SV = 30> <Delay = 3.65>
ST_31 : Operation 178 [79/107] (3.65ns)   --->   "%empty = readreq i1 @_ssdm_op_ReadReq.m_axi.p1i64, i64 %mm_video_addr, i32 %div_cast1" [/home/e/Documents/research/byotee/OSDZU3_Ref_Design/OSDZU3_Ref_Design.runs/design_1_v_frmbuf_rd_0_0_synth_1/prj/sol/.autopilot/db/v_frmbuf_rd.cpp:515]   --->   Operation 178 'readreq' 'empty' <Predicate = true> <Delay = 3.65> <CoreInst = "m_axi">   --->   Core 119 'm_axi' <Latency = 6> <II = 1> <Delay = 1.00> <Adapter> <Opcode : 'read' 'write' 'readreq' 'writereq' 'writeresp'>

State 32 <SV = 31> <Delay = 3.65>
ST_32 : Operation 179 [78/107] (3.65ns)   --->   "%empty = readreq i1 @_ssdm_op_ReadReq.m_axi.p1i64, i64 %mm_video_addr, i32 %div_cast1" [/home/e/Documents/research/byotee/OSDZU3_Ref_Design/OSDZU3_Ref_Design.runs/design_1_v_frmbuf_rd_0_0_synth_1/prj/sol/.autopilot/db/v_frmbuf_rd.cpp:515]   --->   Operation 179 'readreq' 'empty' <Predicate = true> <Delay = 3.65> <CoreInst = "m_axi">   --->   Core 119 'm_axi' <Latency = 6> <II = 1> <Delay = 1.00> <Adapter> <Opcode : 'read' 'write' 'readreq' 'writereq' 'writeresp'>

State 33 <SV = 32> <Delay = 3.65>
ST_33 : Operation 180 [77/107] (3.65ns)   --->   "%empty = readreq i1 @_ssdm_op_ReadReq.m_axi.p1i64, i64 %mm_video_addr, i32 %div_cast1" [/home/e/Documents/research/byotee/OSDZU3_Ref_Design/OSDZU3_Ref_Design.runs/design_1_v_frmbuf_rd_0_0_synth_1/prj/sol/.autopilot/db/v_frmbuf_rd.cpp:515]   --->   Operation 180 'readreq' 'empty' <Predicate = true> <Delay = 3.65> <CoreInst = "m_axi">   --->   Core 119 'm_axi' <Latency = 6> <II = 1> <Delay = 1.00> <Adapter> <Opcode : 'read' 'write' 'readreq' 'writereq' 'writeresp'>

State 34 <SV = 33> <Delay = 3.65>
ST_34 : Operation 181 [76/107] (3.65ns)   --->   "%empty = readreq i1 @_ssdm_op_ReadReq.m_axi.p1i64, i64 %mm_video_addr, i32 %div_cast1" [/home/e/Documents/research/byotee/OSDZU3_Ref_Design/OSDZU3_Ref_Design.runs/design_1_v_frmbuf_rd_0_0_synth_1/prj/sol/.autopilot/db/v_frmbuf_rd.cpp:515]   --->   Operation 181 'readreq' 'empty' <Predicate = true> <Delay = 3.65> <CoreInst = "m_axi">   --->   Core 119 'm_axi' <Latency = 6> <II = 1> <Delay = 1.00> <Adapter> <Opcode : 'read' 'write' 'readreq' 'writereq' 'writeresp'>

State 35 <SV = 34> <Delay = 3.65>
ST_35 : Operation 182 [75/107] (3.65ns)   --->   "%empty = readreq i1 @_ssdm_op_ReadReq.m_axi.p1i64, i64 %mm_video_addr, i32 %div_cast1" [/home/e/Documents/research/byotee/OSDZU3_Ref_Design/OSDZU3_Ref_Design.runs/design_1_v_frmbuf_rd_0_0_synth_1/prj/sol/.autopilot/db/v_frmbuf_rd.cpp:515]   --->   Operation 182 'readreq' 'empty' <Predicate = true> <Delay = 3.65> <CoreInst = "m_axi">   --->   Core 119 'm_axi' <Latency = 6> <II = 1> <Delay = 1.00> <Adapter> <Opcode : 'read' 'write' 'readreq' 'writereq' 'writeresp'>

State 36 <SV = 35> <Delay = 3.65>
ST_36 : Operation 183 [74/107] (3.65ns)   --->   "%empty = readreq i1 @_ssdm_op_ReadReq.m_axi.p1i64, i64 %mm_video_addr, i32 %div_cast1" [/home/e/Documents/research/byotee/OSDZU3_Ref_Design/OSDZU3_Ref_Design.runs/design_1_v_frmbuf_rd_0_0_synth_1/prj/sol/.autopilot/db/v_frmbuf_rd.cpp:515]   --->   Operation 183 'readreq' 'empty' <Predicate = true> <Delay = 3.65> <CoreInst = "m_axi">   --->   Core 119 'm_axi' <Latency = 6> <II = 1> <Delay = 1.00> <Adapter> <Opcode : 'read' 'write' 'readreq' 'writereq' 'writeresp'>

State 37 <SV = 36> <Delay = 3.65>
ST_37 : Operation 184 [73/107] (3.65ns)   --->   "%empty = readreq i1 @_ssdm_op_ReadReq.m_axi.p1i64, i64 %mm_video_addr, i32 %div_cast1" [/home/e/Documents/research/byotee/OSDZU3_Ref_Design/OSDZU3_Ref_Design.runs/design_1_v_frmbuf_rd_0_0_synth_1/prj/sol/.autopilot/db/v_frmbuf_rd.cpp:515]   --->   Operation 184 'readreq' 'empty' <Predicate = true> <Delay = 3.65> <CoreInst = "m_axi">   --->   Core 119 'm_axi' <Latency = 6> <II = 1> <Delay = 1.00> <Adapter> <Opcode : 'read' 'write' 'readreq' 'writereq' 'writeresp'>

State 38 <SV = 37> <Delay = 3.65>
ST_38 : Operation 185 [72/107] (3.65ns)   --->   "%empty = readreq i1 @_ssdm_op_ReadReq.m_axi.p1i64, i64 %mm_video_addr, i32 %div_cast1" [/home/e/Documents/research/byotee/OSDZU3_Ref_Design/OSDZU3_Ref_Design.runs/design_1_v_frmbuf_rd_0_0_synth_1/prj/sol/.autopilot/db/v_frmbuf_rd.cpp:515]   --->   Operation 185 'readreq' 'empty' <Predicate = true> <Delay = 3.65> <CoreInst = "m_axi">   --->   Core 119 'm_axi' <Latency = 6> <II = 1> <Delay = 1.00> <Adapter> <Opcode : 'read' 'write' 'readreq' 'writereq' 'writeresp'>

State 39 <SV = 38> <Delay = 3.65>
ST_39 : Operation 186 [71/107] (3.65ns)   --->   "%empty = readreq i1 @_ssdm_op_ReadReq.m_axi.p1i64, i64 %mm_video_addr, i32 %div_cast1" [/home/e/Documents/research/byotee/OSDZU3_Ref_Design/OSDZU3_Ref_Design.runs/design_1_v_frmbuf_rd_0_0_synth_1/prj/sol/.autopilot/db/v_frmbuf_rd.cpp:515]   --->   Operation 186 'readreq' 'empty' <Predicate = true> <Delay = 3.65> <CoreInst = "m_axi">   --->   Core 119 'm_axi' <Latency = 6> <II = 1> <Delay = 1.00> <Adapter> <Opcode : 'read' 'write' 'readreq' 'writereq' 'writeresp'>

State 40 <SV = 39> <Delay = 3.65>
ST_40 : Operation 187 [70/107] (3.65ns)   --->   "%empty = readreq i1 @_ssdm_op_ReadReq.m_axi.p1i64, i64 %mm_video_addr, i32 %div_cast1" [/home/e/Documents/research/byotee/OSDZU3_Ref_Design/OSDZU3_Ref_Design.runs/design_1_v_frmbuf_rd_0_0_synth_1/prj/sol/.autopilot/db/v_frmbuf_rd.cpp:515]   --->   Operation 187 'readreq' 'empty' <Predicate = true> <Delay = 3.65> <CoreInst = "m_axi">   --->   Core 119 'm_axi' <Latency = 6> <II = 1> <Delay = 1.00> <Adapter> <Opcode : 'read' 'write' 'readreq' 'writereq' 'writeresp'>

State 41 <SV = 40> <Delay = 3.65>
ST_41 : Operation 188 [69/107] (3.65ns)   --->   "%empty = readreq i1 @_ssdm_op_ReadReq.m_axi.p1i64, i64 %mm_video_addr, i32 %div_cast1" [/home/e/Documents/research/byotee/OSDZU3_Ref_Design/OSDZU3_Ref_Design.runs/design_1_v_frmbuf_rd_0_0_synth_1/prj/sol/.autopilot/db/v_frmbuf_rd.cpp:515]   --->   Operation 188 'readreq' 'empty' <Predicate = true> <Delay = 3.65> <CoreInst = "m_axi">   --->   Core 119 'm_axi' <Latency = 6> <II = 1> <Delay = 1.00> <Adapter> <Opcode : 'read' 'write' 'readreq' 'writereq' 'writeresp'>

State 42 <SV = 41> <Delay = 3.65>
ST_42 : Operation 189 [68/107] (3.65ns)   --->   "%empty = readreq i1 @_ssdm_op_ReadReq.m_axi.p1i64, i64 %mm_video_addr, i32 %div_cast1" [/home/e/Documents/research/byotee/OSDZU3_Ref_Design/OSDZU3_Ref_Design.runs/design_1_v_frmbuf_rd_0_0_synth_1/prj/sol/.autopilot/db/v_frmbuf_rd.cpp:515]   --->   Operation 189 'readreq' 'empty' <Predicate = true> <Delay = 3.65> <CoreInst = "m_axi">   --->   Core 119 'm_axi' <Latency = 6> <II = 1> <Delay = 1.00> <Adapter> <Opcode : 'read' 'write' 'readreq' 'writereq' 'writeresp'>

State 43 <SV = 42> <Delay = 3.65>
ST_43 : Operation 190 [67/107] (3.65ns)   --->   "%empty = readreq i1 @_ssdm_op_ReadReq.m_axi.p1i64, i64 %mm_video_addr, i32 %div_cast1" [/home/e/Documents/research/byotee/OSDZU3_Ref_Design/OSDZU3_Ref_Design.runs/design_1_v_frmbuf_rd_0_0_synth_1/prj/sol/.autopilot/db/v_frmbuf_rd.cpp:515]   --->   Operation 190 'readreq' 'empty' <Predicate = true> <Delay = 3.65> <CoreInst = "m_axi">   --->   Core 119 'm_axi' <Latency = 6> <II = 1> <Delay = 1.00> <Adapter> <Opcode : 'read' 'write' 'readreq' 'writereq' 'writeresp'>

State 44 <SV = 43> <Delay = 3.65>
ST_44 : Operation 191 [66/107] (3.65ns)   --->   "%empty = readreq i1 @_ssdm_op_ReadReq.m_axi.p1i64, i64 %mm_video_addr, i32 %div_cast1" [/home/e/Documents/research/byotee/OSDZU3_Ref_Design/OSDZU3_Ref_Design.runs/design_1_v_frmbuf_rd_0_0_synth_1/prj/sol/.autopilot/db/v_frmbuf_rd.cpp:515]   --->   Operation 191 'readreq' 'empty' <Predicate = true> <Delay = 3.65> <CoreInst = "m_axi">   --->   Core 119 'm_axi' <Latency = 6> <II = 1> <Delay = 1.00> <Adapter> <Opcode : 'read' 'write' 'readreq' 'writereq' 'writeresp'>

State 45 <SV = 44> <Delay = 3.65>
ST_45 : Operation 192 [65/107] (3.65ns)   --->   "%empty = readreq i1 @_ssdm_op_ReadReq.m_axi.p1i64, i64 %mm_video_addr, i32 %div_cast1" [/home/e/Documents/research/byotee/OSDZU3_Ref_Design/OSDZU3_Ref_Design.runs/design_1_v_frmbuf_rd_0_0_synth_1/prj/sol/.autopilot/db/v_frmbuf_rd.cpp:515]   --->   Operation 192 'readreq' 'empty' <Predicate = true> <Delay = 3.65> <CoreInst = "m_axi">   --->   Core 119 'm_axi' <Latency = 6> <II = 1> <Delay = 1.00> <Adapter> <Opcode : 'read' 'write' 'readreq' 'writereq' 'writeresp'>

State 46 <SV = 45> <Delay = 3.65>
ST_46 : Operation 193 [64/107] (3.65ns)   --->   "%empty = readreq i1 @_ssdm_op_ReadReq.m_axi.p1i64, i64 %mm_video_addr, i32 %div_cast1" [/home/e/Documents/research/byotee/OSDZU3_Ref_Design/OSDZU3_Ref_Design.runs/design_1_v_frmbuf_rd_0_0_synth_1/prj/sol/.autopilot/db/v_frmbuf_rd.cpp:515]   --->   Operation 193 'readreq' 'empty' <Predicate = true> <Delay = 3.65> <CoreInst = "m_axi">   --->   Core 119 'm_axi' <Latency = 6> <II = 1> <Delay = 1.00> <Adapter> <Opcode : 'read' 'write' 'readreq' 'writereq' 'writeresp'>

State 47 <SV = 46> <Delay = 3.65>
ST_47 : Operation 194 [63/107] (3.65ns)   --->   "%empty = readreq i1 @_ssdm_op_ReadReq.m_axi.p1i64, i64 %mm_video_addr, i32 %div_cast1" [/home/e/Documents/research/byotee/OSDZU3_Ref_Design/OSDZU3_Ref_Design.runs/design_1_v_frmbuf_rd_0_0_synth_1/prj/sol/.autopilot/db/v_frmbuf_rd.cpp:515]   --->   Operation 194 'readreq' 'empty' <Predicate = true> <Delay = 3.65> <CoreInst = "m_axi">   --->   Core 119 'm_axi' <Latency = 6> <II = 1> <Delay = 1.00> <Adapter> <Opcode : 'read' 'write' 'readreq' 'writereq' 'writeresp'>

State 48 <SV = 47> <Delay = 3.65>
ST_48 : Operation 195 [62/107] (3.65ns)   --->   "%empty = readreq i1 @_ssdm_op_ReadReq.m_axi.p1i64, i64 %mm_video_addr, i32 %div_cast1" [/home/e/Documents/research/byotee/OSDZU3_Ref_Design/OSDZU3_Ref_Design.runs/design_1_v_frmbuf_rd_0_0_synth_1/prj/sol/.autopilot/db/v_frmbuf_rd.cpp:515]   --->   Operation 195 'readreq' 'empty' <Predicate = true> <Delay = 3.65> <CoreInst = "m_axi">   --->   Core 119 'm_axi' <Latency = 6> <II = 1> <Delay = 1.00> <Adapter> <Opcode : 'read' 'write' 'readreq' 'writereq' 'writeresp'>

State 49 <SV = 48> <Delay = 3.65>
ST_49 : Operation 196 [61/107] (3.65ns)   --->   "%empty = readreq i1 @_ssdm_op_ReadReq.m_axi.p1i64, i64 %mm_video_addr, i32 %div_cast1" [/home/e/Documents/research/byotee/OSDZU3_Ref_Design/OSDZU3_Ref_Design.runs/design_1_v_frmbuf_rd_0_0_synth_1/prj/sol/.autopilot/db/v_frmbuf_rd.cpp:515]   --->   Operation 196 'readreq' 'empty' <Predicate = true> <Delay = 3.65> <CoreInst = "m_axi">   --->   Core 119 'm_axi' <Latency = 6> <II = 1> <Delay = 1.00> <Adapter> <Opcode : 'read' 'write' 'readreq' 'writereq' 'writeresp'>

State 50 <SV = 49> <Delay = 3.65>
ST_50 : Operation 197 [60/107] (3.65ns)   --->   "%empty = readreq i1 @_ssdm_op_ReadReq.m_axi.p1i64, i64 %mm_video_addr, i32 %div_cast1" [/home/e/Documents/research/byotee/OSDZU3_Ref_Design/OSDZU3_Ref_Design.runs/design_1_v_frmbuf_rd_0_0_synth_1/prj/sol/.autopilot/db/v_frmbuf_rd.cpp:515]   --->   Operation 197 'readreq' 'empty' <Predicate = true> <Delay = 3.65> <CoreInst = "m_axi">   --->   Core 119 'm_axi' <Latency = 6> <II = 1> <Delay = 1.00> <Adapter> <Opcode : 'read' 'write' 'readreq' 'writereq' 'writeresp'>

State 51 <SV = 50> <Delay = 3.65>
ST_51 : Operation 198 [59/107] (3.65ns)   --->   "%empty = readreq i1 @_ssdm_op_ReadReq.m_axi.p1i64, i64 %mm_video_addr, i32 %div_cast1" [/home/e/Documents/research/byotee/OSDZU3_Ref_Design/OSDZU3_Ref_Design.runs/design_1_v_frmbuf_rd_0_0_synth_1/prj/sol/.autopilot/db/v_frmbuf_rd.cpp:515]   --->   Operation 198 'readreq' 'empty' <Predicate = true> <Delay = 3.65> <CoreInst = "m_axi">   --->   Core 119 'm_axi' <Latency = 6> <II = 1> <Delay = 1.00> <Adapter> <Opcode : 'read' 'write' 'readreq' 'writereq' 'writeresp'>

State 52 <SV = 51> <Delay = 3.65>
ST_52 : Operation 199 [58/107] (3.65ns)   --->   "%empty = readreq i1 @_ssdm_op_ReadReq.m_axi.p1i64, i64 %mm_video_addr, i32 %div_cast1" [/home/e/Documents/research/byotee/OSDZU3_Ref_Design/OSDZU3_Ref_Design.runs/design_1_v_frmbuf_rd_0_0_synth_1/prj/sol/.autopilot/db/v_frmbuf_rd.cpp:515]   --->   Operation 199 'readreq' 'empty' <Predicate = true> <Delay = 3.65> <CoreInst = "m_axi">   --->   Core 119 'm_axi' <Latency = 6> <II = 1> <Delay = 1.00> <Adapter> <Opcode : 'read' 'write' 'readreq' 'writereq' 'writeresp'>

State 53 <SV = 52> <Delay = 3.65>
ST_53 : Operation 200 [57/107] (3.65ns)   --->   "%empty = readreq i1 @_ssdm_op_ReadReq.m_axi.p1i64, i64 %mm_video_addr, i32 %div_cast1" [/home/e/Documents/research/byotee/OSDZU3_Ref_Design/OSDZU3_Ref_Design.runs/design_1_v_frmbuf_rd_0_0_synth_1/prj/sol/.autopilot/db/v_frmbuf_rd.cpp:515]   --->   Operation 200 'readreq' 'empty' <Predicate = true> <Delay = 3.65> <CoreInst = "m_axi">   --->   Core 119 'm_axi' <Latency = 6> <II = 1> <Delay = 1.00> <Adapter> <Opcode : 'read' 'write' 'readreq' 'writereq' 'writeresp'>

State 54 <SV = 53> <Delay = 3.65>
ST_54 : Operation 201 [56/107] (3.65ns)   --->   "%empty = readreq i1 @_ssdm_op_ReadReq.m_axi.p1i64, i64 %mm_video_addr, i32 %div_cast1" [/home/e/Documents/research/byotee/OSDZU3_Ref_Design/OSDZU3_Ref_Design.runs/design_1_v_frmbuf_rd_0_0_synth_1/prj/sol/.autopilot/db/v_frmbuf_rd.cpp:515]   --->   Operation 201 'readreq' 'empty' <Predicate = true> <Delay = 3.65> <CoreInst = "m_axi">   --->   Core 119 'm_axi' <Latency = 6> <II = 1> <Delay = 1.00> <Adapter> <Opcode : 'read' 'write' 'readreq' 'writereq' 'writeresp'>

State 55 <SV = 54> <Delay = 3.65>
ST_55 : Operation 202 [55/107] (3.65ns)   --->   "%empty = readreq i1 @_ssdm_op_ReadReq.m_axi.p1i64, i64 %mm_video_addr, i32 %div_cast1" [/home/e/Documents/research/byotee/OSDZU3_Ref_Design/OSDZU3_Ref_Design.runs/design_1_v_frmbuf_rd_0_0_synth_1/prj/sol/.autopilot/db/v_frmbuf_rd.cpp:515]   --->   Operation 202 'readreq' 'empty' <Predicate = true> <Delay = 3.65> <CoreInst = "m_axi">   --->   Core 119 'm_axi' <Latency = 6> <II = 1> <Delay = 1.00> <Adapter> <Opcode : 'read' 'write' 'readreq' 'writereq' 'writeresp'>

State 56 <SV = 55> <Delay = 3.65>
ST_56 : Operation 203 [54/107] (3.65ns)   --->   "%empty = readreq i1 @_ssdm_op_ReadReq.m_axi.p1i64, i64 %mm_video_addr, i32 %div_cast1" [/home/e/Documents/research/byotee/OSDZU3_Ref_Design/OSDZU3_Ref_Design.runs/design_1_v_frmbuf_rd_0_0_synth_1/prj/sol/.autopilot/db/v_frmbuf_rd.cpp:515]   --->   Operation 203 'readreq' 'empty' <Predicate = true> <Delay = 3.65> <CoreInst = "m_axi">   --->   Core 119 'm_axi' <Latency = 6> <II = 1> <Delay = 1.00> <Adapter> <Opcode : 'read' 'write' 'readreq' 'writereq' 'writeresp'>

State 57 <SV = 56> <Delay = 3.65>
ST_57 : Operation 204 [53/107] (3.65ns)   --->   "%empty = readreq i1 @_ssdm_op_ReadReq.m_axi.p1i64, i64 %mm_video_addr, i32 %div_cast1" [/home/e/Documents/research/byotee/OSDZU3_Ref_Design/OSDZU3_Ref_Design.runs/design_1_v_frmbuf_rd_0_0_synth_1/prj/sol/.autopilot/db/v_frmbuf_rd.cpp:515]   --->   Operation 204 'readreq' 'empty' <Predicate = true> <Delay = 3.65> <CoreInst = "m_axi">   --->   Core 119 'm_axi' <Latency = 6> <II = 1> <Delay = 1.00> <Adapter> <Opcode : 'read' 'write' 'readreq' 'writereq' 'writeresp'>

State 58 <SV = 57> <Delay = 3.65>
ST_58 : Operation 205 [52/107] (3.65ns)   --->   "%empty = readreq i1 @_ssdm_op_ReadReq.m_axi.p1i64, i64 %mm_video_addr, i32 %div_cast1" [/home/e/Documents/research/byotee/OSDZU3_Ref_Design/OSDZU3_Ref_Design.runs/design_1_v_frmbuf_rd_0_0_synth_1/prj/sol/.autopilot/db/v_frmbuf_rd.cpp:515]   --->   Operation 205 'readreq' 'empty' <Predicate = true> <Delay = 3.65> <CoreInst = "m_axi">   --->   Core 119 'm_axi' <Latency = 6> <II = 1> <Delay = 1.00> <Adapter> <Opcode : 'read' 'write' 'readreq' 'writereq' 'writeresp'>

State 59 <SV = 58> <Delay = 3.65>
ST_59 : Operation 206 [51/107] (3.65ns)   --->   "%empty = readreq i1 @_ssdm_op_ReadReq.m_axi.p1i64, i64 %mm_video_addr, i32 %div_cast1" [/home/e/Documents/research/byotee/OSDZU3_Ref_Design/OSDZU3_Ref_Design.runs/design_1_v_frmbuf_rd_0_0_synth_1/prj/sol/.autopilot/db/v_frmbuf_rd.cpp:515]   --->   Operation 206 'readreq' 'empty' <Predicate = true> <Delay = 3.65> <CoreInst = "m_axi">   --->   Core 119 'm_axi' <Latency = 6> <II = 1> <Delay = 1.00> <Adapter> <Opcode : 'read' 'write' 'readreq' 'writereq' 'writeresp'>

State 60 <SV = 59> <Delay = 3.65>
ST_60 : Operation 207 [50/107] (3.65ns)   --->   "%empty = readreq i1 @_ssdm_op_ReadReq.m_axi.p1i64, i64 %mm_video_addr, i32 %div_cast1" [/home/e/Documents/research/byotee/OSDZU3_Ref_Design/OSDZU3_Ref_Design.runs/design_1_v_frmbuf_rd_0_0_synth_1/prj/sol/.autopilot/db/v_frmbuf_rd.cpp:515]   --->   Operation 207 'readreq' 'empty' <Predicate = true> <Delay = 3.65> <CoreInst = "m_axi">   --->   Core 119 'm_axi' <Latency = 6> <II = 1> <Delay = 1.00> <Adapter> <Opcode : 'read' 'write' 'readreq' 'writereq' 'writeresp'>

State 61 <SV = 60> <Delay = 3.65>
ST_61 : Operation 208 [49/107] (3.65ns)   --->   "%empty = readreq i1 @_ssdm_op_ReadReq.m_axi.p1i64, i64 %mm_video_addr, i32 %div_cast1" [/home/e/Documents/research/byotee/OSDZU3_Ref_Design/OSDZU3_Ref_Design.runs/design_1_v_frmbuf_rd_0_0_synth_1/prj/sol/.autopilot/db/v_frmbuf_rd.cpp:515]   --->   Operation 208 'readreq' 'empty' <Predicate = true> <Delay = 3.65> <CoreInst = "m_axi">   --->   Core 119 'm_axi' <Latency = 6> <II = 1> <Delay = 1.00> <Adapter> <Opcode : 'read' 'write' 'readreq' 'writereq' 'writeresp'>

State 62 <SV = 61> <Delay = 3.65>
ST_62 : Operation 209 [48/107] (3.65ns)   --->   "%empty = readreq i1 @_ssdm_op_ReadReq.m_axi.p1i64, i64 %mm_video_addr, i32 %div_cast1" [/home/e/Documents/research/byotee/OSDZU3_Ref_Design/OSDZU3_Ref_Design.runs/design_1_v_frmbuf_rd_0_0_synth_1/prj/sol/.autopilot/db/v_frmbuf_rd.cpp:515]   --->   Operation 209 'readreq' 'empty' <Predicate = true> <Delay = 3.65> <CoreInst = "m_axi">   --->   Core 119 'm_axi' <Latency = 6> <II = 1> <Delay = 1.00> <Adapter> <Opcode : 'read' 'write' 'readreq' 'writereq' 'writeresp'>

State 63 <SV = 62> <Delay = 3.65>
ST_63 : Operation 210 [47/107] (3.65ns)   --->   "%empty = readreq i1 @_ssdm_op_ReadReq.m_axi.p1i64, i64 %mm_video_addr, i32 %div_cast1" [/home/e/Documents/research/byotee/OSDZU3_Ref_Design/OSDZU3_Ref_Design.runs/design_1_v_frmbuf_rd_0_0_synth_1/prj/sol/.autopilot/db/v_frmbuf_rd.cpp:515]   --->   Operation 210 'readreq' 'empty' <Predicate = true> <Delay = 3.65> <CoreInst = "m_axi">   --->   Core 119 'm_axi' <Latency = 6> <II = 1> <Delay = 1.00> <Adapter> <Opcode : 'read' 'write' 'readreq' 'writereq' 'writeresp'>

State 64 <SV = 63> <Delay = 3.65>
ST_64 : Operation 211 [46/107] (3.65ns)   --->   "%empty = readreq i1 @_ssdm_op_ReadReq.m_axi.p1i64, i64 %mm_video_addr, i32 %div_cast1" [/home/e/Documents/research/byotee/OSDZU3_Ref_Design/OSDZU3_Ref_Design.runs/design_1_v_frmbuf_rd_0_0_synth_1/prj/sol/.autopilot/db/v_frmbuf_rd.cpp:515]   --->   Operation 211 'readreq' 'empty' <Predicate = true> <Delay = 3.65> <CoreInst = "m_axi">   --->   Core 119 'm_axi' <Latency = 6> <II = 1> <Delay = 1.00> <Adapter> <Opcode : 'read' 'write' 'readreq' 'writereq' 'writeresp'>

State 65 <SV = 64> <Delay = 3.65>
ST_65 : Operation 212 [45/107] (3.65ns)   --->   "%empty = readreq i1 @_ssdm_op_ReadReq.m_axi.p1i64, i64 %mm_video_addr, i32 %div_cast1" [/home/e/Documents/research/byotee/OSDZU3_Ref_Design/OSDZU3_Ref_Design.runs/design_1_v_frmbuf_rd_0_0_synth_1/prj/sol/.autopilot/db/v_frmbuf_rd.cpp:515]   --->   Operation 212 'readreq' 'empty' <Predicate = true> <Delay = 3.65> <CoreInst = "m_axi">   --->   Core 119 'm_axi' <Latency = 6> <II = 1> <Delay = 1.00> <Adapter> <Opcode : 'read' 'write' 'readreq' 'writereq' 'writeresp'>

State 66 <SV = 65> <Delay = 3.65>
ST_66 : Operation 213 [44/107] (3.65ns)   --->   "%empty = readreq i1 @_ssdm_op_ReadReq.m_axi.p1i64, i64 %mm_video_addr, i32 %div_cast1" [/home/e/Documents/research/byotee/OSDZU3_Ref_Design/OSDZU3_Ref_Design.runs/design_1_v_frmbuf_rd_0_0_synth_1/prj/sol/.autopilot/db/v_frmbuf_rd.cpp:515]   --->   Operation 213 'readreq' 'empty' <Predicate = true> <Delay = 3.65> <CoreInst = "m_axi">   --->   Core 119 'm_axi' <Latency = 6> <II = 1> <Delay = 1.00> <Adapter> <Opcode : 'read' 'write' 'readreq' 'writereq' 'writeresp'>

State 67 <SV = 66> <Delay = 3.65>
ST_67 : Operation 214 [43/107] (3.65ns)   --->   "%empty = readreq i1 @_ssdm_op_ReadReq.m_axi.p1i64, i64 %mm_video_addr, i32 %div_cast1" [/home/e/Documents/research/byotee/OSDZU3_Ref_Design/OSDZU3_Ref_Design.runs/design_1_v_frmbuf_rd_0_0_synth_1/prj/sol/.autopilot/db/v_frmbuf_rd.cpp:515]   --->   Operation 214 'readreq' 'empty' <Predicate = true> <Delay = 3.65> <CoreInst = "m_axi">   --->   Core 119 'm_axi' <Latency = 6> <II = 1> <Delay = 1.00> <Adapter> <Opcode : 'read' 'write' 'readreq' 'writereq' 'writeresp'>

State 68 <SV = 67> <Delay = 3.65>
ST_68 : Operation 215 [42/107] (3.65ns)   --->   "%empty = readreq i1 @_ssdm_op_ReadReq.m_axi.p1i64, i64 %mm_video_addr, i32 %div_cast1" [/home/e/Documents/research/byotee/OSDZU3_Ref_Design/OSDZU3_Ref_Design.runs/design_1_v_frmbuf_rd_0_0_synth_1/prj/sol/.autopilot/db/v_frmbuf_rd.cpp:515]   --->   Operation 215 'readreq' 'empty' <Predicate = true> <Delay = 3.65> <CoreInst = "m_axi">   --->   Core 119 'm_axi' <Latency = 6> <II = 1> <Delay = 1.00> <Adapter> <Opcode : 'read' 'write' 'readreq' 'writereq' 'writeresp'>

State 69 <SV = 68> <Delay = 3.65>
ST_69 : Operation 216 [41/107] (3.65ns)   --->   "%empty = readreq i1 @_ssdm_op_ReadReq.m_axi.p1i64, i64 %mm_video_addr, i32 %div_cast1" [/home/e/Documents/research/byotee/OSDZU3_Ref_Design/OSDZU3_Ref_Design.runs/design_1_v_frmbuf_rd_0_0_synth_1/prj/sol/.autopilot/db/v_frmbuf_rd.cpp:515]   --->   Operation 216 'readreq' 'empty' <Predicate = true> <Delay = 3.65> <CoreInst = "m_axi">   --->   Core 119 'm_axi' <Latency = 6> <II = 1> <Delay = 1.00> <Adapter> <Opcode : 'read' 'write' 'readreq' 'writereq' 'writeresp'>

State 70 <SV = 69> <Delay = 3.65>
ST_70 : Operation 217 [40/107] (3.65ns)   --->   "%empty = readreq i1 @_ssdm_op_ReadReq.m_axi.p1i64, i64 %mm_video_addr, i32 %div_cast1" [/home/e/Documents/research/byotee/OSDZU3_Ref_Design/OSDZU3_Ref_Design.runs/design_1_v_frmbuf_rd_0_0_synth_1/prj/sol/.autopilot/db/v_frmbuf_rd.cpp:515]   --->   Operation 217 'readreq' 'empty' <Predicate = true> <Delay = 3.65> <CoreInst = "m_axi">   --->   Core 119 'm_axi' <Latency = 6> <II = 1> <Delay = 1.00> <Adapter> <Opcode : 'read' 'write' 'readreq' 'writereq' 'writeresp'>

State 71 <SV = 70> <Delay = 3.65>
ST_71 : Operation 218 [39/107] (3.65ns)   --->   "%empty = readreq i1 @_ssdm_op_ReadReq.m_axi.p1i64, i64 %mm_video_addr, i32 %div_cast1" [/home/e/Documents/research/byotee/OSDZU3_Ref_Design/OSDZU3_Ref_Design.runs/design_1_v_frmbuf_rd_0_0_synth_1/prj/sol/.autopilot/db/v_frmbuf_rd.cpp:515]   --->   Operation 218 'readreq' 'empty' <Predicate = true> <Delay = 3.65> <CoreInst = "m_axi">   --->   Core 119 'm_axi' <Latency = 6> <II = 1> <Delay = 1.00> <Adapter> <Opcode : 'read' 'write' 'readreq' 'writereq' 'writeresp'>

State 72 <SV = 71> <Delay = 3.65>
ST_72 : Operation 219 [38/107] (3.65ns)   --->   "%empty = readreq i1 @_ssdm_op_ReadReq.m_axi.p1i64, i64 %mm_video_addr, i32 %div_cast1" [/home/e/Documents/research/byotee/OSDZU3_Ref_Design/OSDZU3_Ref_Design.runs/design_1_v_frmbuf_rd_0_0_synth_1/prj/sol/.autopilot/db/v_frmbuf_rd.cpp:515]   --->   Operation 219 'readreq' 'empty' <Predicate = true> <Delay = 3.65> <CoreInst = "m_axi">   --->   Core 119 'm_axi' <Latency = 6> <II = 1> <Delay = 1.00> <Adapter> <Opcode : 'read' 'write' 'readreq' 'writereq' 'writeresp'>

State 73 <SV = 72> <Delay = 3.65>
ST_73 : Operation 220 [37/107] (3.65ns)   --->   "%empty = readreq i1 @_ssdm_op_ReadReq.m_axi.p1i64, i64 %mm_video_addr, i32 %div_cast1" [/home/e/Documents/research/byotee/OSDZU3_Ref_Design/OSDZU3_Ref_Design.runs/design_1_v_frmbuf_rd_0_0_synth_1/prj/sol/.autopilot/db/v_frmbuf_rd.cpp:515]   --->   Operation 220 'readreq' 'empty' <Predicate = true> <Delay = 3.65> <CoreInst = "m_axi">   --->   Core 119 'm_axi' <Latency = 6> <II = 1> <Delay = 1.00> <Adapter> <Opcode : 'read' 'write' 'readreq' 'writereq' 'writeresp'>

State 74 <SV = 73> <Delay = 3.65>
ST_74 : Operation 221 [36/107] (3.65ns)   --->   "%empty = readreq i1 @_ssdm_op_ReadReq.m_axi.p1i64, i64 %mm_video_addr, i32 %div_cast1" [/home/e/Documents/research/byotee/OSDZU3_Ref_Design/OSDZU3_Ref_Design.runs/design_1_v_frmbuf_rd_0_0_synth_1/prj/sol/.autopilot/db/v_frmbuf_rd.cpp:515]   --->   Operation 221 'readreq' 'empty' <Predicate = true> <Delay = 3.65> <CoreInst = "m_axi">   --->   Core 119 'm_axi' <Latency = 6> <II = 1> <Delay = 1.00> <Adapter> <Opcode : 'read' 'write' 'readreq' 'writereq' 'writeresp'>

State 75 <SV = 74> <Delay = 3.65>
ST_75 : Operation 222 [35/107] (3.65ns)   --->   "%empty = readreq i1 @_ssdm_op_ReadReq.m_axi.p1i64, i64 %mm_video_addr, i32 %div_cast1" [/home/e/Documents/research/byotee/OSDZU3_Ref_Design/OSDZU3_Ref_Design.runs/design_1_v_frmbuf_rd_0_0_synth_1/prj/sol/.autopilot/db/v_frmbuf_rd.cpp:515]   --->   Operation 222 'readreq' 'empty' <Predicate = true> <Delay = 3.65> <CoreInst = "m_axi">   --->   Core 119 'm_axi' <Latency = 6> <II = 1> <Delay = 1.00> <Adapter> <Opcode : 'read' 'write' 'readreq' 'writereq' 'writeresp'>

State 76 <SV = 75> <Delay = 3.65>
ST_76 : Operation 223 [34/107] (3.65ns)   --->   "%empty = readreq i1 @_ssdm_op_ReadReq.m_axi.p1i64, i64 %mm_video_addr, i32 %div_cast1" [/home/e/Documents/research/byotee/OSDZU3_Ref_Design/OSDZU3_Ref_Design.runs/design_1_v_frmbuf_rd_0_0_synth_1/prj/sol/.autopilot/db/v_frmbuf_rd.cpp:515]   --->   Operation 223 'readreq' 'empty' <Predicate = true> <Delay = 3.65> <CoreInst = "m_axi">   --->   Core 119 'm_axi' <Latency = 6> <II = 1> <Delay = 1.00> <Adapter> <Opcode : 'read' 'write' 'readreq' 'writereq' 'writeresp'>

State 77 <SV = 76> <Delay = 3.65>
ST_77 : Operation 224 [33/107] (3.65ns)   --->   "%empty = readreq i1 @_ssdm_op_ReadReq.m_axi.p1i64, i64 %mm_video_addr, i32 %div_cast1" [/home/e/Documents/research/byotee/OSDZU3_Ref_Design/OSDZU3_Ref_Design.runs/design_1_v_frmbuf_rd_0_0_synth_1/prj/sol/.autopilot/db/v_frmbuf_rd.cpp:515]   --->   Operation 224 'readreq' 'empty' <Predicate = true> <Delay = 3.65> <CoreInst = "m_axi">   --->   Core 119 'm_axi' <Latency = 6> <II = 1> <Delay = 1.00> <Adapter> <Opcode : 'read' 'write' 'readreq' 'writereq' 'writeresp'>

State 78 <SV = 77> <Delay = 3.65>
ST_78 : Operation 225 [32/107] (3.65ns)   --->   "%empty = readreq i1 @_ssdm_op_ReadReq.m_axi.p1i64, i64 %mm_video_addr, i32 %div_cast1" [/home/e/Documents/research/byotee/OSDZU3_Ref_Design/OSDZU3_Ref_Design.runs/design_1_v_frmbuf_rd_0_0_synth_1/prj/sol/.autopilot/db/v_frmbuf_rd.cpp:515]   --->   Operation 225 'readreq' 'empty' <Predicate = true> <Delay = 3.65> <CoreInst = "m_axi">   --->   Core 119 'm_axi' <Latency = 6> <II = 1> <Delay = 1.00> <Adapter> <Opcode : 'read' 'write' 'readreq' 'writereq' 'writeresp'>

State 79 <SV = 78> <Delay = 3.65>
ST_79 : Operation 226 [31/107] (3.65ns)   --->   "%empty = readreq i1 @_ssdm_op_ReadReq.m_axi.p1i64, i64 %mm_video_addr, i32 %div_cast1" [/home/e/Documents/research/byotee/OSDZU3_Ref_Design/OSDZU3_Ref_Design.runs/design_1_v_frmbuf_rd_0_0_synth_1/prj/sol/.autopilot/db/v_frmbuf_rd.cpp:515]   --->   Operation 226 'readreq' 'empty' <Predicate = true> <Delay = 3.65> <CoreInst = "m_axi">   --->   Core 119 'm_axi' <Latency = 6> <II = 1> <Delay = 1.00> <Adapter> <Opcode : 'read' 'write' 'readreq' 'writereq' 'writeresp'>

State 80 <SV = 79> <Delay = 3.65>
ST_80 : Operation 227 [30/107] (3.65ns)   --->   "%empty = readreq i1 @_ssdm_op_ReadReq.m_axi.p1i64, i64 %mm_video_addr, i32 %div_cast1" [/home/e/Documents/research/byotee/OSDZU3_Ref_Design/OSDZU3_Ref_Design.runs/design_1_v_frmbuf_rd_0_0_synth_1/prj/sol/.autopilot/db/v_frmbuf_rd.cpp:515]   --->   Operation 227 'readreq' 'empty' <Predicate = true> <Delay = 3.65> <CoreInst = "m_axi">   --->   Core 119 'm_axi' <Latency = 6> <II = 1> <Delay = 1.00> <Adapter> <Opcode : 'read' 'write' 'readreq' 'writereq' 'writeresp'>

State 81 <SV = 80> <Delay = 3.65>
ST_81 : Operation 228 [29/107] (3.65ns)   --->   "%empty = readreq i1 @_ssdm_op_ReadReq.m_axi.p1i64, i64 %mm_video_addr, i32 %div_cast1" [/home/e/Documents/research/byotee/OSDZU3_Ref_Design/OSDZU3_Ref_Design.runs/design_1_v_frmbuf_rd_0_0_synth_1/prj/sol/.autopilot/db/v_frmbuf_rd.cpp:515]   --->   Operation 228 'readreq' 'empty' <Predicate = true> <Delay = 3.65> <CoreInst = "m_axi">   --->   Core 119 'm_axi' <Latency = 6> <II = 1> <Delay = 1.00> <Adapter> <Opcode : 'read' 'write' 'readreq' 'writereq' 'writeresp'>

State 82 <SV = 81> <Delay = 3.65>
ST_82 : Operation 229 [28/107] (3.65ns)   --->   "%empty = readreq i1 @_ssdm_op_ReadReq.m_axi.p1i64, i64 %mm_video_addr, i32 %div_cast1" [/home/e/Documents/research/byotee/OSDZU3_Ref_Design/OSDZU3_Ref_Design.runs/design_1_v_frmbuf_rd_0_0_synth_1/prj/sol/.autopilot/db/v_frmbuf_rd.cpp:515]   --->   Operation 229 'readreq' 'empty' <Predicate = true> <Delay = 3.65> <CoreInst = "m_axi">   --->   Core 119 'm_axi' <Latency = 6> <II = 1> <Delay = 1.00> <Adapter> <Opcode : 'read' 'write' 'readreq' 'writereq' 'writeresp'>

State 83 <SV = 82> <Delay = 3.65>
ST_83 : Operation 230 [27/107] (3.65ns)   --->   "%empty = readreq i1 @_ssdm_op_ReadReq.m_axi.p1i64, i64 %mm_video_addr, i32 %div_cast1" [/home/e/Documents/research/byotee/OSDZU3_Ref_Design/OSDZU3_Ref_Design.runs/design_1_v_frmbuf_rd_0_0_synth_1/prj/sol/.autopilot/db/v_frmbuf_rd.cpp:515]   --->   Operation 230 'readreq' 'empty' <Predicate = true> <Delay = 3.65> <CoreInst = "m_axi">   --->   Core 119 'm_axi' <Latency = 6> <II = 1> <Delay = 1.00> <Adapter> <Opcode : 'read' 'write' 'readreq' 'writereq' 'writeresp'>

State 84 <SV = 83> <Delay = 3.65>
ST_84 : Operation 231 [26/107] (3.65ns)   --->   "%empty = readreq i1 @_ssdm_op_ReadReq.m_axi.p1i64, i64 %mm_video_addr, i32 %div_cast1" [/home/e/Documents/research/byotee/OSDZU3_Ref_Design/OSDZU3_Ref_Design.runs/design_1_v_frmbuf_rd_0_0_synth_1/prj/sol/.autopilot/db/v_frmbuf_rd.cpp:515]   --->   Operation 231 'readreq' 'empty' <Predicate = true> <Delay = 3.65> <CoreInst = "m_axi">   --->   Core 119 'm_axi' <Latency = 6> <II = 1> <Delay = 1.00> <Adapter> <Opcode : 'read' 'write' 'readreq' 'writereq' 'writeresp'>

State 85 <SV = 84> <Delay = 3.65>
ST_85 : Operation 232 [25/107] (3.65ns)   --->   "%empty = readreq i1 @_ssdm_op_ReadReq.m_axi.p1i64, i64 %mm_video_addr, i32 %div_cast1" [/home/e/Documents/research/byotee/OSDZU3_Ref_Design/OSDZU3_Ref_Design.runs/design_1_v_frmbuf_rd_0_0_synth_1/prj/sol/.autopilot/db/v_frmbuf_rd.cpp:515]   --->   Operation 232 'readreq' 'empty' <Predicate = true> <Delay = 3.65> <CoreInst = "m_axi">   --->   Core 119 'm_axi' <Latency = 6> <II = 1> <Delay = 1.00> <Adapter> <Opcode : 'read' 'write' 'readreq' 'writereq' 'writeresp'>

State 86 <SV = 85> <Delay = 3.65>
ST_86 : Operation 233 [24/107] (3.65ns)   --->   "%empty = readreq i1 @_ssdm_op_ReadReq.m_axi.p1i64, i64 %mm_video_addr, i32 %div_cast1" [/home/e/Documents/research/byotee/OSDZU3_Ref_Design/OSDZU3_Ref_Design.runs/design_1_v_frmbuf_rd_0_0_synth_1/prj/sol/.autopilot/db/v_frmbuf_rd.cpp:515]   --->   Operation 233 'readreq' 'empty' <Predicate = true> <Delay = 3.65> <CoreInst = "m_axi">   --->   Core 119 'm_axi' <Latency = 6> <II = 1> <Delay = 1.00> <Adapter> <Opcode : 'read' 'write' 'readreq' 'writereq' 'writeresp'>

State 87 <SV = 86> <Delay = 3.65>
ST_87 : Operation 234 [23/107] (3.65ns)   --->   "%empty = readreq i1 @_ssdm_op_ReadReq.m_axi.p1i64, i64 %mm_video_addr, i32 %div_cast1" [/home/e/Documents/research/byotee/OSDZU3_Ref_Design/OSDZU3_Ref_Design.runs/design_1_v_frmbuf_rd_0_0_synth_1/prj/sol/.autopilot/db/v_frmbuf_rd.cpp:515]   --->   Operation 234 'readreq' 'empty' <Predicate = true> <Delay = 3.65> <CoreInst = "m_axi">   --->   Core 119 'm_axi' <Latency = 6> <II = 1> <Delay = 1.00> <Adapter> <Opcode : 'read' 'write' 'readreq' 'writereq' 'writeresp'>

State 88 <SV = 87> <Delay = 3.65>
ST_88 : Operation 235 [22/107] (3.65ns)   --->   "%empty = readreq i1 @_ssdm_op_ReadReq.m_axi.p1i64, i64 %mm_video_addr, i32 %div_cast1" [/home/e/Documents/research/byotee/OSDZU3_Ref_Design/OSDZU3_Ref_Design.runs/design_1_v_frmbuf_rd_0_0_synth_1/prj/sol/.autopilot/db/v_frmbuf_rd.cpp:515]   --->   Operation 235 'readreq' 'empty' <Predicate = true> <Delay = 3.65> <CoreInst = "m_axi">   --->   Core 119 'm_axi' <Latency = 6> <II = 1> <Delay = 1.00> <Adapter> <Opcode : 'read' 'write' 'readreq' 'writereq' 'writeresp'>

State 89 <SV = 88> <Delay = 3.65>
ST_89 : Operation 236 [21/107] (3.65ns)   --->   "%empty = readreq i1 @_ssdm_op_ReadReq.m_axi.p1i64, i64 %mm_video_addr, i32 %div_cast1" [/home/e/Documents/research/byotee/OSDZU3_Ref_Design/OSDZU3_Ref_Design.runs/design_1_v_frmbuf_rd_0_0_synth_1/prj/sol/.autopilot/db/v_frmbuf_rd.cpp:515]   --->   Operation 236 'readreq' 'empty' <Predicate = true> <Delay = 3.65> <CoreInst = "m_axi">   --->   Core 119 'm_axi' <Latency = 6> <II = 1> <Delay = 1.00> <Adapter> <Opcode : 'read' 'write' 'readreq' 'writereq' 'writeresp'>

State 90 <SV = 89> <Delay = 3.65>
ST_90 : Operation 237 [20/107] (3.65ns)   --->   "%empty = readreq i1 @_ssdm_op_ReadReq.m_axi.p1i64, i64 %mm_video_addr, i32 %div_cast1" [/home/e/Documents/research/byotee/OSDZU3_Ref_Design/OSDZU3_Ref_Design.runs/design_1_v_frmbuf_rd_0_0_synth_1/prj/sol/.autopilot/db/v_frmbuf_rd.cpp:515]   --->   Operation 237 'readreq' 'empty' <Predicate = true> <Delay = 3.65> <CoreInst = "m_axi">   --->   Core 119 'm_axi' <Latency = 6> <II = 1> <Delay = 1.00> <Adapter> <Opcode : 'read' 'write' 'readreq' 'writereq' 'writeresp'>

State 91 <SV = 90> <Delay = 3.65>
ST_91 : Operation 238 [19/107] (3.65ns)   --->   "%empty = readreq i1 @_ssdm_op_ReadReq.m_axi.p1i64, i64 %mm_video_addr, i32 %div_cast1" [/home/e/Documents/research/byotee/OSDZU3_Ref_Design/OSDZU3_Ref_Design.runs/design_1_v_frmbuf_rd_0_0_synth_1/prj/sol/.autopilot/db/v_frmbuf_rd.cpp:515]   --->   Operation 238 'readreq' 'empty' <Predicate = true> <Delay = 3.65> <CoreInst = "m_axi">   --->   Core 119 'm_axi' <Latency = 6> <II = 1> <Delay = 1.00> <Adapter> <Opcode : 'read' 'write' 'readreq' 'writereq' 'writeresp'>

State 92 <SV = 91> <Delay = 3.65>
ST_92 : Operation 239 [18/107] (3.65ns)   --->   "%empty = readreq i1 @_ssdm_op_ReadReq.m_axi.p1i64, i64 %mm_video_addr, i32 %div_cast1" [/home/e/Documents/research/byotee/OSDZU3_Ref_Design/OSDZU3_Ref_Design.runs/design_1_v_frmbuf_rd_0_0_synth_1/prj/sol/.autopilot/db/v_frmbuf_rd.cpp:515]   --->   Operation 239 'readreq' 'empty' <Predicate = true> <Delay = 3.65> <CoreInst = "m_axi">   --->   Core 119 'm_axi' <Latency = 6> <II = 1> <Delay = 1.00> <Adapter> <Opcode : 'read' 'write' 'readreq' 'writereq' 'writeresp'>

State 93 <SV = 92> <Delay = 3.65>
ST_93 : Operation 240 [17/107] (3.65ns)   --->   "%empty = readreq i1 @_ssdm_op_ReadReq.m_axi.p1i64, i64 %mm_video_addr, i32 %div_cast1" [/home/e/Documents/research/byotee/OSDZU3_Ref_Design/OSDZU3_Ref_Design.runs/design_1_v_frmbuf_rd_0_0_synth_1/prj/sol/.autopilot/db/v_frmbuf_rd.cpp:515]   --->   Operation 240 'readreq' 'empty' <Predicate = true> <Delay = 3.65> <CoreInst = "m_axi">   --->   Core 119 'm_axi' <Latency = 6> <II = 1> <Delay = 1.00> <Adapter> <Opcode : 'read' 'write' 'readreq' 'writereq' 'writeresp'>

State 94 <SV = 93> <Delay = 3.65>
ST_94 : Operation 241 [16/107] (3.65ns)   --->   "%empty = readreq i1 @_ssdm_op_ReadReq.m_axi.p1i64, i64 %mm_video_addr, i32 %div_cast1" [/home/e/Documents/research/byotee/OSDZU3_Ref_Design/OSDZU3_Ref_Design.runs/design_1_v_frmbuf_rd_0_0_synth_1/prj/sol/.autopilot/db/v_frmbuf_rd.cpp:515]   --->   Operation 241 'readreq' 'empty' <Predicate = true> <Delay = 3.65> <CoreInst = "m_axi">   --->   Core 119 'm_axi' <Latency = 6> <II = 1> <Delay = 1.00> <Adapter> <Opcode : 'read' 'write' 'readreq' 'writereq' 'writeresp'>

State 95 <SV = 94> <Delay = 3.65>
ST_95 : Operation 242 [15/107] (3.65ns)   --->   "%empty = readreq i1 @_ssdm_op_ReadReq.m_axi.p1i64, i64 %mm_video_addr, i32 %div_cast1" [/home/e/Documents/research/byotee/OSDZU3_Ref_Design/OSDZU3_Ref_Design.runs/design_1_v_frmbuf_rd_0_0_synth_1/prj/sol/.autopilot/db/v_frmbuf_rd.cpp:515]   --->   Operation 242 'readreq' 'empty' <Predicate = true> <Delay = 3.65> <CoreInst = "m_axi">   --->   Core 119 'm_axi' <Latency = 6> <II = 1> <Delay = 1.00> <Adapter> <Opcode : 'read' 'write' 'readreq' 'writereq' 'writeresp'>

State 96 <SV = 95> <Delay = 3.65>
ST_96 : Operation 243 [14/107] (3.65ns)   --->   "%empty = readreq i1 @_ssdm_op_ReadReq.m_axi.p1i64, i64 %mm_video_addr, i32 %div_cast1" [/home/e/Documents/research/byotee/OSDZU3_Ref_Design/OSDZU3_Ref_Design.runs/design_1_v_frmbuf_rd_0_0_synth_1/prj/sol/.autopilot/db/v_frmbuf_rd.cpp:515]   --->   Operation 243 'readreq' 'empty' <Predicate = true> <Delay = 3.65> <CoreInst = "m_axi">   --->   Core 119 'm_axi' <Latency = 6> <II = 1> <Delay = 1.00> <Adapter> <Opcode : 'read' 'write' 'readreq' 'writereq' 'writeresp'>

State 97 <SV = 96> <Delay = 3.65>
ST_97 : Operation 244 [13/107] (3.65ns)   --->   "%empty = readreq i1 @_ssdm_op_ReadReq.m_axi.p1i64, i64 %mm_video_addr, i32 %div_cast1" [/home/e/Documents/research/byotee/OSDZU3_Ref_Design/OSDZU3_Ref_Design.runs/design_1_v_frmbuf_rd_0_0_synth_1/prj/sol/.autopilot/db/v_frmbuf_rd.cpp:515]   --->   Operation 244 'readreq' 'empty' <Predicate = true> <Delay = 3.65> <CoreInst = "m_axi">   --->   Core 119 'm_axi' <Latency = 6> <II = 1> <Delay = 1.00> <Adapter> <Opcode : 'read' 'write' 'readreq' 'writereq' 'writeresp'>

State 98 <SV = 97> <Delay = 3.65>
ST_98 : Operation 245 [12/107] (3.65ns)   --->   "%empty = readreq i1 @_ssdm_op_ReadReq.m_axi.p1i64, i64 %mm_video_addr, i32 %div_cast1" [/home/e/Documents/research/byotee/OSDZU3_Ref_Design/OSDZU3_Ref_Design.runs/design_1_v_frmbuf_rd_0_0_synth_1/prj/sol/.autopilot/db/v_frmbuf_rd.cpp:515]   --->   Operation 245 'readreq' 'empty' <Predicate = true> <Delay = 3.65> <CoreInst = "m_axi">   --->   Core 119 'm_axi' <Latency = 6> <II = 1> <Delay = 1.00> <Adapter> <Opcode : 'read' 'write' 'readreq' 'writereq' 'writeresp'>

State 99 <SV = 98> <Delay = 3.65>
ST_99 : Operation 246 [11/107] (3.65ns)   --->   "%empty = readreq i1 @_ssdm_op_ReadReq.m_axi.p1i64, i64 %mm_video_addr, i32 %div_cast1" [/home/e/Documents/research/byotee/OSDZU3_Ref_Design/OSDZU3_Ref_Design.runs/design_1_v_frmbuf_rd_0_0_synth_1/prj/sol/.autopilot/db/v_frmbuf_rd.cpp:515]   --->   Operation 246 'readreq' 'empty' <Predicate = true> <Delay = 3.65> <CoreInst = "m_axi">   --->   Core 119 'm_axi' <Latency = 6> <II = 1> <Delay = 1.00> <Adapter> <Opcode : 'read' 'write' 'readreq' 'writereq' 'writeresp'>

State 100 <SV = 99> <Delay = 3.65>
ST_100 : Operation 247 [10/107] (3.65ns)   --->   "%empty = readreq i1 @_ssdm_op_ReadReq.m_axi.p1i64, i64 %mm_video_addr, i32 %div_cast1" [/home/e/Documents/research/byotee/OSDZU3_Ref_Design/OSDZU3_Ref_Design.runs/design_1_v_frmbuf_rd_0_0_synth_1/prj/sol/.autopilot/db/v_frmbuf_rd.cpp:515]   --->   Operation 247 'readreq' 'empty' <Predicate = true> <Delay = 3.65> <CoreInst = "m_axi">   --->   Core 119 'm_axi' <Latency = 6> <II = 1> <Delay = 1.00> <Adapter> <Opcode : 'read' 'write' 'readreq' 'writereq' 'writeresp'>

State 101 <SV = 100> <Delay = 3.65>
ST_101 : Operation 248 [9/107] (3.65ns)   --->   "%empty = readreq i1 @_ssdm_op_ReadReq.m_axi.p1i64, i64 %mm_video_addr, i32 %div_cast1" [/home/e/Documents/research/byotee/OSDZU3_Ref_Design/OSDZU3_Ref_Design.runs/design_1_v_frmbuf_rd_0_0_synth_1/prj/sol/.autopilot/db/v_frmbuf_rd.cpp:515]   --->   Operation 248 'readreq' 'empty' <Predicate = true> <Delay = 3.65> <CoreInst = "m_axi">   --->   Core 119 'm_axi' <Latency = 6> <II = 1> <Delay = 1.00> <Adapter> <Opcode : 'read' 'write' 'readreq' 'writereq' 'writeresp'>

State 102 <SV = 101> <Delay = 3.65>
ST_102 : Operation 249 [8/107] (3.65ns)   --->   "%empty = readreq i1 @_ssdm_op_ReadReq.m_axi.p1i64, i64 %mm_video_addr, i32 %div_cast1" [/home/e/Documents/research/byotee/OSDZU3_Ref_Design/OSDZU3_Ref_Design.runs/design_1_v_frmbuf_rd_0_0_synth_1/prj/sol/.autopilot/db/v_frmbuf_rd.cpp:515]   --->   Operation 249 'readreq' 'empty' <Predicate = true> <Delay = 3.65> <CoreInst = "m_axi">   --->   Core 119 'm_axi' <Latency = 6> <II = 1> <Delay = 1.00> <Adapter> <Opcode : 'read' 'write' 'readreq' 'writereq' 'writeresp'>

State 103 <SV = 102> <Delay = 3.65>
ST_103 : Operation 250 [7/107] (3.65ns)   --->   "%empty = readreq i1 @_ssdm_op_ReadReq.m_axi.p1i64, i64 %mm_video_addr, i32 %div_cast1" [/home/e/Documents/research/byotee/OSDZU3_Ref_Design/OSDZU3_Ref_Design.runs/design_1_v_frmbuf_rd_0_0_synth_1/prj/sol/.autopilot/db/v_frmbuf_rd.cpp:515]   --->   Operation 250 'readreq' 'empty' <Predicate = true> <Delay = 3.65> <CoreInst = "m_axi">   --->   Core 119 'm_axi' <Latency = 6> <II = 1> <Delay = 1.00> <Adapter> <Opcode : 'read' 'write' 'readreq' 'writereq' 'writeresp'>

State 104 <SV = 103> <Delay = 3.65>
ST_104 : Operation 251 [6/107] (3.65ns)   --->   "%empty = readreq i1 @_ssdm_op_ReadReq.m_axi.p1i64, i64 %mm_video_addr, i32 %div_cast1" [/home/e/Documents/research/byotee/OSDZU3_Ref_Design/OSDZU3_Ref_Design.runs/design_1_v_frmbuf_rd_0_0_synth_1/prj/sol/.autopilot/db/v_frmbuf_rd.cpp:515]   --->   Operation 251 'readreq' 'empty' <Predicate = true> <Delay = 3.65> <CoreInst = "m_axi">   --->   Core 119 'm_axi' <Latency = 6> <II = 1> <Delay = 1.00> <Adapter> <Opcode : 'read' 'write' 'readreq' 'writereq' 'writeresp'>

State 105 <SV = 104> <Delay = 3.65>
ST_105 : Operation 252 [5/107] (3.65ns)   --->   "%empty = readreq i1 @_ssdm_op_ReadReq.m_axi.p1i64, i64 %mm_video_addr, i32 %div_cast1" [/home/e/Documents/research/byotee/OSDZU3_Ref_Design/OSDZU3_Ref_Design.runs/design_1_v_frmbuf_rd_0_0_synth_1/prj/sol/.autopilot/db/v_frmbuf_rd.cpp:515]   --->   Operation 252 'readreq' 'empty' <Predicate = true> <Delay = 3.65> <CoreInst = "m_axi">   --->   Core 119 'm_axi' <Latency = 6> <II = 1> <Delay = 1.00> <Adapter> <Opcode : 'read' 'write' 'readreq' 'writereq' 'writeresp'>

State 106 <SV = 105> <Delay = 3.65>
ST_106 : Operation 253 [4/107] (3.65ns)   --->   "%empty = readreq i1 @_ssdm_op_ReadReq.m_axi.p1i64, i64 %mm_video_addr, i32 %div_cast1" [/home/e/Documents/research/byotee/OSDZU3_Ref_Design/OSDZU3_Ref_Design.runs/design_1_v_frmbuf_rd_0_0_synth_1/prj/sol/.autopilot/db/v_frmbuf_rd.cpp:515]   --->   Operation 253 'readreq' 'empty' <Predicate = true> <Delay = 3.65> <CoreInst = "m_axi">   --->   Core 119 'm_axi' <Latency = 6> <II = 1> <Delay = 1.00> <Adapter> <Opcode : 'read' 'write' 'readreq' 'writereq' 'writeresp'>

State 107 <SV = 106> <Delay = 3.65>
ST_107 : Operation 254 [3/107] (3.65ns)   --->   "%empty = readreq i1 @_ssdm_op_ReadReq.m_axi.p1i64, i64 %mm_video_addr, i32 %div_cast1" [/home/e/Documents/research/byotee/OSDZU3_Ref_Design/OSDZU3_Ref_Design.runs/design_1_v_frmbuf_rd_0_0_synth_1/prj/sol/.autopilot/db/v_frmbuf_rd.cpp:515]   --->   Operation 254 'readreq' 'empty' <Predicate = true> <Delay = 3.65> <CoreInst = "m_axi">   --->   Core 119 'm_axi' <Latency = 6> <II = 1> <Delay = 1.00> <Adapter> <Opcode : 'read' 'write' 'readreq' 'writereq' 'writeresp'>

State 108 <SV = 107> <Delay = 3.65>
ST_108 : Operation 255 [2/107] (3.65ns)   --->   "%empty = readreq i1 @_ssdm_op_ReadReq.m_axi.p1i64, i64 %mm_video_addr, i32 %div_cast1" [/home/e/Documents/research/byotee/OSDZU3_Ref_Design/OSDZU3_Ref_Design.runs/design_1_v_frmbuf_rd_0_0_synth_1/prj/sol/.autopilot/db/v_frmbuf_rd.cpp:515]   --->   Operation 255 'readreq' 'empty' <Predicate = true> <Delay = 3.65> <CoreInst = "m_axi">   --->   Core 119 'm_axi' <Latency = 6> <II = 1> <Delay = 1.00> <Adapter> <Opcode : 'read' 'write' 'readreq' 'writereq' 'writeresp'>

State 109 <SV = 108> <Delay = 3.65>
ST_109 : Operation 256 [1/107] (3.65ns)   --->   "%empty = readreq i1 @_ssdm_op_ReadReq.m_axi.p1i64, i64 %mm_video_addr, i32 %div_cast1" [/home/e/Documents/research/byotee/OSDZU3_Ref_Design/OSDZU3_Ref_Design.runs/design_1_v_frmbuf_rd_0_0_synth_1/prj/sol/.autopilot/db/v_frmbuf_rd.cpp:515]   --->   Operation 256 'readreq' 'empty' <Predicate = true> <Delay = 3.65> <CoreInst = "m_axi">   --->   Core 119 'm_axi' <Latency = 6> <II = 1> <Delay = 1.00> <Adapter> <Opcode : 'read' 'write' 'readreq' 'writereq' 'writeresp'>

State 110 <SV = 109> <Delay = 1.45>
ST_110 : Operation 257 [2/2] (1.45ns)   --->   "%call_ln515 = call void @AXIMMvideo2Bytes_Pipeline_VITIS_LOOP_515_1, i12 %div, i64 %mm_video, i29 %trunc_ln2, i64 %bytePlanes" [/home/e/Documents/research/byotee/OSDZU3_Ref_Design/OSDZU3_Ref_Design.runs/design_1_v_frmbuf_rd_0_0_synth_1/prj/sol/.autopilot/db/v_frmbuf_rd.cpp:515]   --->   Operation 257 'call' 'call_ln515' <Predicate = true> <Delay = 1.45> <CoreType = "Generic">   --->   Generic Core

State 111 <SV = 110> <Delay = 0.00>
ST_111 : Operation 258 [1/1] (0.00ns)   --->   "%specloopname_ln510 = specloopname void @_ssdm_op_SpecLoopName, void @empty_15" [/home/e/Documents/research/byotee/OSDZU3_Ref_Design/OSDZU3_Ref_Design.runs/design_1_v_frmbuf_rd_0_0_synth_1/prj/sol/.autopilot/db/v_frmbuf_rd.cpp:510]   --->   Operation 258 'specloopname' 'specloopname_ln510' <Predicate = true> <Delay = 0.00>
ST_111 : Operation 259 [1/2] (0.00ns)   --->   "%call_ln515 = call void @AXIMMvideo2Bytes_Pipeline_VITIS_LOOP_515_1, i12 %div, i64 %mm_video, i29 %trunc_ln2, i64 %bytePlanes" [/home/e/Documents/research/byotee/OSDZU3_Ref_Design/OSDZU3_Ref_Design.runs/design_1_v_frmbuf_rd_0_0_synth_1/prj/sol/.autopilot/db/v_frmbuf_rd.cpp:515]   --->   Operation 259 'call' 'call_ln515' <Predicate = true> <Delay = 0.00> <CoreType = "Generic">   --->   Generic Core
ST_111 : Operation 260 [1/1] (0.00ns)   --->   "%br_ln510 = br void %VITIS_LOOP_515_1" [/home/e/Documents/research/byotee/OSDZU3_Ref_Design/OSDZU3_Ref_Design.runs/design_1_v_frmbuf_rd_0_0_synth_1/prj/sol/.autopilot/db/v_frmbuf_rd.cpp:510]   --->   Operation 260 'br' 'br_ln510' <Predicate = true> <Delay = 0.00>


============================================================
+ Verbose Summary: Timing violations
============================================================
Target clock period: 5.000ns, clock uncertainty: 1.350ns.

 <State 1>: 1.002ns
The critical path consists of the following:
	wire read operation ('WidthInBytes_val_read') on port 'WidthInBytes_val' [13]  (0.000 ns)
	'add' operation 15 bit ('sub') [21]  (1.002 ns)

 <State 2>: 1.610ns
The critical path consists of the following:
	'load' operation 25 bit ('offset_load', /home/e/Documents/research/byotee/OSDZU3_Ref_Design/OSDZU3_Ref_Design.runs/design_1_v_frmbuf_rd_0_0_synth_1/prj/sol/.autopilot/db/v_frmbuf_rd.cpp:523) on local variable 'offset', /home/e/Documents/research/byotee/OSDZU3_Ref_Design/OSDZU3_Ref_Design.runs/design_1_v_frmbuf_rd_0_0_synth_1/prj/sol/.autopilot/db/v_frmbuf_rd.cpp:507 [36]  (0.000 ns)
	'add' operation 25 bit ('add_ln523', /home/e/Documents/research/byotee/OSDZU3_Ref_Design/OSDZU3_Ref_Design.runs/design_1_v_frmbuf_rd_0_0_synth_1/prj/sol/.autopilot/db/v_frmbuf_rd.cpp:523) [46]  (1.121 ns)
	'store' operation 0 bit ('store_ln507', /home/e/Documents/research/byotee/OSDZU3_Ref_Design/OSDZU3_Ref_Design.runs/design_1_v_frmbuf_rd_0_0_synth_1/prj/sol/.autopilot/db/v_frmbuf_rd.cpp:507) of variable 'add_ln523', /home/e/Documents/research/byotee/OSDZU3_Ref_Design/OSDZU3_Ref_Design.runs/design_1_v_frmbuf_rd_0_0_synth_1/prj/sol/.autopilot/db/v_frmbuf_rd.cpp:523 on local variable 'offset', /home/e/Documents/research/byotee/OSDZU3_Ref_Design/OSDZU3_Ref_Design.runs/design_1_v_frmbuf_rd_0_0_synth_1/prj/sol/.autopilot/db/v_frmbuf_rd.cpp:507 [47]  (0.489 ns)

 <State 3>: 3.650ns
The critical path consists of the following:
	'getelementptr' operation 64 bit ('mm_video_addr', /home/e/Documents/research/byotee/OSDZU3_Ref_Design/OSDZU3_Ref_Design.runs/design_1_v_frmbuf_rd_0_0_synth_1/prj/sol/.autopilot/db/v_frmbuf_rd.cpp:515) [43]  (0.000 ns)
	bus request operation ('empty', /home/e/Documents/research/byotee/OSDZU3_Ref_Design/OSDZU3_Ref_Design.runs/design_1_v_frmbuf_rd_0_0_synth_1/prj/sol/.autopilot/db/v_frmbuf_rd.cpp:515) on port 'mm_video' (/home/e/Documents/research/byotee/OSDZU3_Ref_Design/OSDZU3_Ref_Design.runs/design_1_v_frmbuf_rd_0_0_synth_1/prj/sol/.autopilot/db/v_frmbuf_rd.cpp:515) [44]  (3.650 ns)

 <State 4>: 3.650ns
The critical path consists of the following:
	bus request operation ('empty', /home/e/Documents/research/byotee/OSDZU3_Ref_Design/OSDZU3_Ref_Design.runs/design_1_v_frmbuf_rd_0_0_synth_1/prj/sol/.autopilot/db/v_frmbuf_rd.cpp:515) on port 'mm_video' (/home/e/Documents/research/byotee/OSDZU3_Ref_Design/OSDZU3_Ref_Design.runs/design_1_v_frmbuf_rd_0_0_synth_1/prj/sol/.autopilot/db/v_frmbuf_rd.cpp:515) [44]  (3.650 ns)

 <State 5>: 3.650ns
The critical path consists of the following:
	bus request operation ('empty', /home/e/Documents/research/byotee/OSDZU3_Ref_Design/OSDZU3_Ref_Design.runs/design_1_v_frmbuf_rd_0_0_synth_1/prj/sol/.autopilot/db/v_frmbuf_rd.cpp:515) on port 'mm_video' (/home/e/Documents/research/byotee/OSDZU3_Ref_Design/OSDZU3_Ref_Design.runs/design_1_v_frmbuf_rd_0_0_synth_1/prj/sol/.autopilot/db/v_frmbuf_rd.cpp:515) [44]  (3.650 ns)

 <State 6>: 3.650ns
The critical path consists of the following:
	bus request operation ('empty', /home/e/Documents/research/byotee/OSDZU3_Ref_Design/OSDZU3_Ref_Design.runs/design_1_v_frmbuf_rd_0_0_synth_1/prj/sol/.autopilot/db/v_frmbuf_rd.cpp:515) on port 'mm_video' (/home/e/Documents/research/byotee/OSDZU3_Ref_Design/OSDZU3_Ref_Design.runs/design_1_v_frmbuf_rd_0_0_synth_1/prj/sol/.autopilot/db/v_frmbuf_rd.cpp:515) [44]  (3.650 ns)

 <State 7>: 3.650ns
The critical path consists of the following:
	bus request operation ('empty', /home/e/Documents/research/byotee/OSDZU3_Ref_Design/OSDZU3_Ref_Design.runs/design_1_v_frmbuf_rd_0_0_synth_1/prj/sol/.autopilot/db/v_frmbuf_rd.cpp:515) on port 'mm_video' (/home/e/Documents/research/byotee/OSDZU3_Ref_Design/OSDZU3_Ref_Design.runs/design_1_v_frmbuf_rd_0_0_synth_1/prj/sol/.autopilot/db/v_frmbuf_rd.cpp:515) [44]  (3.650 ns)

 <State 8>: 3.650ns
The critical path consists of the following:
	bus request operation ('empty', /home/e/Documents/research/byotee/OSDZU3_Ref_Design/OSDZU3_Ref_Design.runs/design_1_v_frmbuf_rd_0_0_synth_1/prj/sol/.autopilot/db/v_frmbuf_rd.cpp:515) on port 'mm_video' (/home/e/Documents/research/byotee/OSDZU3_Ref_Design/OSDZU3_Ref_Design.runs/design_1_v_frmbuf_rd_0_0_synth_1/prj/sol/.autopilot/db/v_frmbuf_rd.cpp:515) [44]  (3.650 ns)

 <State 9>: 3.650ns
The critical path consists of the following:
	bus request operation ('empty', /home/e/Documents/research/byotee/OSDZU3_Ref_Design/OSDZU3_Ref_Design.runs/design_1_v_frmbuf_rd_0_0_synth_1/prj/sol/.autopilot/db/v_frmbuf_rd.cpp:515) on port 'mm_video' (/home/e/Documents/research/byotee/OSDZU3_Ref_Design/OSDZU3_Ref_Design.runs/design_1_v_frmbuf_rd_0_0_synth_1/prj/sol/.autopilot/db/v_frmbuf_rd.cpp:515) [44]  (3.650 ns)

 <State 10>: 3.650ns
The critical path consists of the following:
	bus request operation ('empty', /home/e/Documents/research/byotee/OSDZU3_Ref_Design/OSDZU3_Ref_Design.runs/design_1_v_frmbuf_rd_0_0_synth_1/prj/sol/.autopilot/db/v_frmbuf_rd.cpp:515) on port 'mm_video' (/home/e/Documents/research/byotee/OSDZU3_Ref_Design/OSDZU3_Ref_Design.runs/design_1_v_frmbuf_rd_0_0_synth_1/prj/sol/.autopilot/db/v_frmbuf_rd.cpp:515) [44]  (3.650 ns)

 <State 11>: 3.650ns
The critical path consists of the following:
	bus request operation ('empty', /home/e/Documents/research/byotee/OSDZU3_Ref_Design/OSDZU3_Ref_Design.runs/design_1_v_frmbuf_rd_0_0_synth_1/prj/sol/.autopilot/db/v_frmbuf_rd.cpp:515) on port 'mm_video' (/home/e/Documents/research/byotee/OSDZU3_Ref_Design/OSDZU3_Ref_Design.runs/design_1_v_frmbuf_rd_0_0_synth_1/prj/sol/.autopilot/db/v_frmbuf_rd.cpp:515) [44]  (3.650 ns)

 <State 12>: 3.650ns
The critical path consists of the following:
	bus request operation ('empty', /home/e/Documents/research/byotee/OSDZU3_Ref_Design/OSDZU3_Ref_Design.runs/design_1_v_frmbuf_rd_0_0_synth_1/prj/sol/.autopilot/db/v_frmbuf_rd.cpp:515) on port 'mm_video' (/home/e/Documents/research/byotee/OSDZU3_Ref_Design/OSDZU3_Ref_Design.runs/design_1_v_frmbuf_rd_0_0_synth_1/prj/sol/.autopilot/db/v_frmbuf_rd.cpp:515) [44]  (3.650 ns)

 <State 13>: 3.650ns
The critical path consists of the following:
	bus request operation ('empty', /home/e/Documents/research/byotee/OSDZU3_Ref_Design/OSDZU3_Ref_Design.runs/design_1_v_frmbuf_rd_0_0_synth_1/prj/sol/.autopilot/db/v_frmbuf_rd.cpp:515) on port 'mm_video' (/home/e/Documents/research/byotee/OSDZU3_Ref_Design/OSDZU3_Ref_Design.runs/design_1_v_frmbuf_rd_0_0_synth_1/prj/sol/.autopilot/db/v_frmbuf_rd.cpp:515) [44]  (3.650 ns)

 <State 14>: 3.650ns
The critical path consists of the following:
	bus request operation ('empty', /home/e/Documents/research/byotee/OSDZU3_Ref_Design/OSDZU3_Ref_Design.runs/design_1_v_frmbuf_rd_0_0_synth_1/prj/sol/.autopilot/db/v_frmbuf_rd.cpp:515) on port 'mm_video' (/home/e/Documents/research/byotee/OSDZU3_Ref_Design/OSDZU3_Ref_Design.runs/design_1_v_frmbuf_rd_0_0_synth_1/prj/sol/.autopilot/db/v_frmbuf_rd.cpp:515) [44]  (3.650 ns)

 <State 15>: 3.650ns
The critical path consists of the following:
	bus request operation ('empty', /home/e/Documents/research/byotee/OSDZU3_Ref_Design/OSDZU3_Ref_Design.runs/design_1_v_frmbuf_rd_0_0_synth_1/prj/sol/.autopilot/db/v_frmbuf_rd.cpp:515) on port 'mm_video' (/home/e/Documents/research/byotee/OSDZU3_Ref_Design/OSDZU3_Ref_Design.runs/design_1_v_frmbuf_rd_0_0_synth_1/prj/sol/.autopilot/db/v_frmbuf_rd.cpp:515) [44]  (3.650 ns)

 <State 16>: 3.650ns
The critical path consists of the following:
	bus request operation ('empty', /home/e/Documents/research/byotee/OSDZU3_Ref_Design/OSDZU3_Ref_Design.runs/design_1_v_frmbuf_rd_0_0_synth_1/prj/sol/.autopilot/db/v_frmbuf_rd.cpp:515) on port 'mm_video' (/home/e/Documents/research/byotee/OSDZU3_Ref_Design/OSDZU3_Ref_Design.runs/design_1_v_frmbuf_rd_0_0_synth_1/prj/sol/.autopilot/db/v_frmbuf_rd.cpp:515) [44]  (3.650 ns)

 <State 17>: 3.650ns
The critical path consists of the following:
	bus request operation ('empty', /home/e/Documents/research/byotee/OSDZU3_Ref_Design/OSDZU3_Ref_Design.runs/design_1_v_frmbuf_rd_0_0_synth_1/prj/sol/.autopilot/db/v_frmbuf_rd.cpp:515) on port 'mm_video' (/home/e/Documents/research/byotee/OSDZU3_Ref_Design/OSDZU3_Ref_Design.runs/design_1_v_frmbuf_rd_0_0_synth_1/prj/sol/.autopilot/db/v_frmbuf_rd.cpp:515) [44]  (3.650 ns)

 <State 18>: 3.650ns
The critical path consists of the following:
	bus request operation ('empty', /home/e/Documents/research/byotee/OSDZU3_Ref_Design/OSDZU3_Ref_Design.runs/design_1_v_frmbuf_rd_0_0_synth_1/prj/sol/.autopilot/db/v_frmbuf_rd.cpp:515) on port 'mm_video' (/home/e/Documents/research/byotee/OSDZU3_Ref_Design/OSDZU3_Ref_Design.runs/design_1_v_frmbuf_rd_0_0_synth_1/prj/sol/.autopilot/db/v_frmbuf_rd.cpp:515) [44]  (3.650 ns)

 <State 19>: 3.650ns
The critical path consists of the following:
	bus request operation ('empty', /home/e/Documents/research/byotee/OSDZU3_Ref_Design/OSDZU3_Ref_Design.runs/design_1_v_frmbuf_rd_0_0_synth_1/prj/sol/.autopilot/db/v_frmbuf_rd.cpp:515) on port 'mm_video' (/home/e/Documents/research/byotee/OSDZU3_Ref_Design/OSDZU3_Ref_Design.runs/design_1_v_frmbuf_rd_0_0_synth_1/prj/sol/.autopilot/db/v_frmbuf_rd.cpp:515) [44]  (3.650 ns)

 <State 20>: 3.650ns
The critical path consists of the following:
	bus request operation ('empty', /home/e/Documents/research/byotee/OSDZU3_Ref_Design/OSDZU3_Ref_Design.runs/design_1_v_frmbuf_rd_0_0_synth_1/prj/sol/.autopilot/db/v_frmbuf_rd.cpp:515) on port 'mm_video' (/home/e/Documents/research/byotee/OSDZU3_Ref_Design/OSDZU3_Ref_Design.runs/design_1_v_frmbuf_rd_0_0_synth_1/prj/sol/.autopilot/db/v_frmbuf_rd.cpp:515) [44]  (3.650 ns)

 <State 21>: 3.650ns
The critical path consists of the following:
	bus request operation ('empty', /home/e/Documents/research/byotee/OSDZU3_Ref_Design/OSDZU3_Ref_Design.runs/design_1_v_frmbuf_rd_0_0_synth_1/prj/sol/.autopilot/db/v_frmbuf_rd.cpp:515) on port 'mm_video' (/home/e/Documents/research/byotee/OSDZU3_Ref_Design/OSDZU3_Ref_Design.runs/design_1_v_frmbuf_rd_0_0_synth_1/prj/sol/.autopilot/db/v_frmbuf_rd.cpp:515) [44]  (3.650 ns)

 <State 22>: 3.650ns
The critical path consists of the following:
	bus request operation ('empty', /home/e/Documents/research/byotee/OSDZU3_Ref_Design/OSDZU3_Ref_Design.runs/design_1_v_frmbuf_rd_0_0_synth_1/prj/sol/.autopilot/db/v_frmbuf_rd.cpp:515) on port 'mm_video' (/home/e/Documents/research/byotee/OSDZU3_Ref_Design/OSDZU3_Ref_Design.runs/design_1_v_frmbuf_rd_0_0_synth_1/prj/sol/.autopilot/db/v_frmbuf_rd.cpp:515) [44]  (3.650 ns)

 <State 23>: 3.650ns
The critical path consists of the following:
	bus request operation ('empty', /home/e/Documents/research/byotee/OSDZU3_Ref_Design/OSDZU3_Ref_Design.runs/design_1_v_frmbuf_rd_0_0_synth_1/prj/sol/.autopilot/db/v_frmbuf_rd.cpp:515) on port 'mm_video' (/home/e/Documents/research/byotee/OSDZU3_Ref_Design/OSDZU3_Ref_Design.runs/design_1_v_frmbuf_rd_0_0_synth_1/prj/sol/.autopilot/db/v_frmbuf_rd.cpp:515) [44]  (3.650 ns)

 <State 24>: 3.650ns
The critical path consists of the following:
	bus request operation ('empty', /home/e/Documents/research/byotee/OSDZU3_Ref_Design/OSDZU3_Ref_Design.runs/design_1_v_frmbuf_rd_0_0_synth_1/prj/sol/.autopilot/db/v_frmbuf_rd.cpp:515) on port 'mm_video' (/home/e/Documents/research/byotee/OSDZU3_Ref_Design/OSDZU3_Ref_Design.runs/design_1_v_frmbuf_rd_0_0_synth_1/prj/sol/.autopilot/db/v_frmbuf_rd.cpp:515) [44]  (3.650 ns)

 <State 25>: 3.650ns
The critical path consists of the following:
	bus request operation ('empty', /home/e/Documents/research/byotee/OSDZU3_Ref_Design/OSDZU3_Ref_Design.runs/design_1_v_frmbuf_rd_0_0_synth_1/prj/sol/.autopilot/db/v_frmbuf_rd.cpp:515) on port 'mm_video' (/home/e/Documents/research/byotee/OSDZU3_Ref_Design/OSDZU3_Ref_Design.runs/design_1_v_frmbuf_rd_0_0_synth_1/prj/sol/.autopilot/db/v_frmbuf_rd.cpp:515) [44]  (3.650 ns)

 <State 26>: 3.650ns
The critical path consists of the following:
	bus request operation ('empty', /home/e/Documents/research/byotee/OSDZU3_Ref_Design/OSDZU3_Ref_Design.runs/design_1_v_frmbuf_rd_0_0_synth_1/prj/sol/.autopilot/db/v_frmbuf_rd.cpp:515) on port 'mm_video' (/home/e/Documents/research/byotee/OSDZU3_Ref_Design/OSDZU3_Ref_Design.runs/design_1_v_frmbuf_rd_0_0_synth_1/prj/sol/.autopilot/db/v_frmbuf_rd.cpp:515) [44]  (3.650 ns)

 <State 27>: 3.650ns
The critical path consists of the following:
	bus request operation ('empty', /home/e/Documents/research/byotee/OSDZU3_Ref_Design/OSDZU3_Ref_Design.runs/design_1_v_frmbuf_rd_0_0_synth_1/prj/sol/.autopilot/db/v_frmbuf_rd.cpp:515) on port 'mm_video' (/home/e/Documents/research/byotee/OSDZU3_Ref_Design/OSDZU3_Ref_Design.runs/design_1_v_frmbuf_rd_0_0_synth_1/prj/sol/.autopilot/db/v_frmbuf_rd.cpp:515) [44]  (3.650 ns)

 <State 28>: 3.650ns
The critical path consists of the following:
	bus request operation ('empty', /home/e/Documents/research/byotee/OSDZU3_Ref_Design/OSDZU3_Ref_Design.runs/design_1_v_frmbuf_rd_0_0_synth_1/prj/sol/.autopilot/db/v_frmbuf_rd.cpp:515) on port 'mm_video' (/home/e/Documents/research/byotee/OSDZU3_Ref_Design/OSDZU3_Ref_Design.runs/design_1_v_frmbuf_rd_0_0_synth_1/prj/sol/.autopilot/db/v_frmbuf_rd.cpp:515) [44]  (3.650 ns)

 <State 29>: 3.650ns
The critical path consists of the following:
	bus request operation ('empty', /home/e/Documents/research/byotee/OSDZU3_Ref_Design/OSDZU3_Ref_Design.runs/design_1_v_frmbuf_rd_0_0_synth_1/prj/sol/.autopilot/db/v_frmbuf_rd.cpp:515) on port 'mm_video' (/home/e/Documents/research/byotee/OSDZU3_Ref_Design/OSDZU3_Ref_Design.runs/design_1_v_frmbuf_rd_0_0_synth_1/prj/sol/.autopilot/db/v_frmbuf_rd.cpp:515) [44]  (3.650 ns)

 <State 30>: 3.650ns
The critical path consists of the following:
	bus request operation ('empty', /home/e/Documents/research/byotee/OSDZU3_Ref_Design/OSDZU3_Ref_Design.runs/design_1_v_frmbuf_rd_0_0_synth_1/prj/sol/.autopilot/db/v_frmbuf_rd.cpp:515) on port 'mm_video' (/home/e/Documents/research/byotee/OSDZU3_Ref_Design/OSDZU3_Ref_Design.runs/design_1_v_frmbuf_rd_0_0_synth_1/prj/sol/.autopilot/db/v_frmbuf_rd.cpp:515) [44]  (3.650 ns)

 <State 31>: 3.650ns
The critical path consists of the following:
	bus request operation ('empty', /home/e/Documents/research/byotee/OSDZU3_Ref_Design/OSDZU3_Ref_Design.runs/design_1_v_frmbuf_rd_0_0_synth_1/prj/sol/.autopilot/db/v_frmbuf_rd.cpp:515) on port 'mm_video' (/home/e/Documents/research/byotee/OSDZU3_Ref_Design/OSDZU3_Ref_Design.runs/design_1_v_frmbuf_rd_0_0_synth_1/prj/sol/.autopilot/db/v_frmbuf_rd.cpp:515) [44]  (3.650 ns)

 <State 32>: 3.650ns
The critical path consists of the following:
	bus request operation ('empty', /home/e/Documents/research/byotee/OSDZU3_Ref_Design/OSDZU3_Ref_Design.runs/design_1_v_frmbuf_rd_0_0_synth_1/prj/sol/.autopilot/db/v_frmbuf_rd.cpp:515) on port 'mm_video' (/home/e/Documents/research/byotee/OSDZU3_Ref_Design/OSDZU3_Ref_Design.runs/design_1_v_frmbuf_rd_0_0_synth_1/prj/sol/.autopilot/db/v_frmbuf_rd.cpp:515) [44]  (3.650 ns)

 <State 33>: 3.650ns
The critical path consists of the following:
	bus request operation ('empty', /home/e/Documents/research/byotee/OSDZU3_Ref_Design/OSDZU3_Ref_Design.runs/design_1_v_frmbuf_rd_0_0_synth_1/prj/sol/.autopilot/db/v_frmbuf_rd.cpp:515) on port 'mm_video' (/home/e/Documents/research/byotee/OSDZU3_Ref_Design/OSDZU3_Ref_Design.runs/design_1_v_frmbuf_rd_0_0_synth_1/prj/sol/.autopilot/db/v_frmbuf_rd.cpp:515) [44]  (3.650 ns)

 <State 34>: 3.650ns
The critical path consists of the following:
	bus request operation ('empty', /home/e/Documents/research/byotee/OSDZU3_Ref_Design/OSDZU3_Ref_Design.runs/design_1_v_frmbuf_rd_0_0_synth_1/prj/sol/.autopilot/db/v_frmbuf_rd.cpp:515) on port 'mm_video' (/home/e/Documents/research/byotee/OSDZU3_Ref_Design/OSDZU3_Ref_Design.runs/design_1_v_frmbuf_rd_0_0_synth_1/prj/sol/.autopilot/db/v_frmbuf_rd.cpp:515) [44]  (3.650 ns)

 <State 35>: 3.650ns
The critical path consists of the following:
	bus request operation ('empty', /home/e/Documents/research/byotee/OSDZU3_Ref_Design/OSDZU3_Ref_Design.runs/design_1_v_frmbuf_rd_0_0_synth_1/prj/sol/.autopilot/db/v_frmbuf_rd.cpp:515) on port 'mm_video' (/home/e/Documents/research/byotee/OSDZU3_Ref_Design/OSDZU3_Ref_Design.runs/design_1_v_frmbuf_rd_0_0_synth_1/prj/sol/.autopilot/db/v_frmbuf_rd.cpp:515) [44]  (3.650 ns)

 <State 36>: 3.650ns
The critical path consists of the following:
	bus request operation ('empty', /home/e/Documents/research/byotee/OSDZU3_Ref_Design/OSDZU3_Ref_Design.runs/design_1_v_frmbuf_rd_0_0_synth_1/prj/sol/.autopilot/db/v_frmbuf_rd.cpp:515) on port 'mm_video' (/home/e/Documents/research/byotee/OSDZU3_Ref_Design/OSDZU3_Ref_Design.runs/design_1_v_frmbuf_rd_0_0_synth_1/prj/sol/.autopilot/db/v_frmbuf_rd.cpp:515) [44]  (3.650 ns)

 <State 37>: 3.650ns
The critical path consists of the following:
	bus request operation ('empty', /home/e/Documents/research/byotee/OSDZU3_Ref_Design/OSDZU3_Ref_Design.runs/design_1_v_frmbuf_rd_0_0_synth_1/prj/sol/.autopilot/db/v_frmbuf_rd.cpp:515) on port 'mm_video' (/home/e/Documents/research/byotee/OSDZU3_Ref_Design/OSDZU3_Ref_Design.runs/design_1_v_frmbuf_rd_0_0_synth_1/prj/sol/.autopilot/db/v_frmbuf_rd.cpp:515) [44]  (3.650 ns)

 <State 38>: 3.650ns
The critical path consists of the following:
	bus request operation ('empty', /home/e/Documents/research/byotee/OSDZU3_Ref_Design/OSDZU3_Ref_Design.runs/design_1_v_frmbuf_rd_0_0_synth_1/prj/sol/.autopilot/db/v_frmbuf_rd.cpp:515) on port 'mm_video' (/home/e/Documents/research/byotee/OSDZU3_Ref_Design/OSDZU3_Ref_Design.runs/design_1_v_frmbuf_rd_0_0_synth_1/prj/sol/.autopilot/db/v_frmbuf_rd.cpp:515) [44]  (3.650 ns)

 <State 39>: 3.650ns
The critical path consists of the following:
	bus request operation ('empty', /home/e/Documents/research/byotee/OSDZU3_Ref_Design/OSDZU3_Ref_Design.runs/design_1_v_frmbuf_rd_0_0_synth_1/prj/sol/.autopilot/db/v_frmbuf_rd.cpp:515) on port 'mm_video' (/home/e/Documents/research/byotee/OSDZU3_Ref_Design/OSDZU3_Ref_Design.runs/design_1_v_frmbuf_rd_0_0_synth_1/prj/sol/.autopilot/db/v_frmbuf_rd.cpp:515) [44]  (3.650 ns)

 <State 40>: 3.650ns
The critical path consists of the following:
	bus request operation ('empty', /home/e/Documents/research/byotee/OSDZU3_Ref_Design/OSDZU3_Ref_Design.runs/design_1_v_frmbuf_rd_0_0_synth_1/prj/sol/.autopilot/db/v_frmbuf_rd.cpp:515) on port 'mm_video' (/home/e/Documents/research/byotee/OSDZU3_Ref_Design/OSDZU3_Ref_Design.runs/design_1_v_frmbuf_rd_0_0_synth_1/prj/sol/.autopilot/db/v_frmbuf_rd.cpp:515) [44]  (3.650 ns)

 <State 41>: 3.650ns
The critical path consists of the following:
	bus request operation ('empty', /home/e/Documents/research/byotee/OSDZU3_Ref_Design/OSDZU3_Ref_Design.runs/design_1_v_frmbuf_rd_0_0_synth_1/prj/sol/.autopilot/db/v_frmbuf_rd.cpp:515) on port 'mm_video' (/home/e/Documents/research/byotee/OSDZU3_Ref_Design/OSDZU3_Ref_Design.runs/design_1_v_frmbuf_rd_0_0_synth_1/prj/sol/.autopilot/db/v_frmbuf_rd.cpp:515) [44]  (3.650 ns)

 <State 42>: 3.650ns
The critical path consists of the following:
	bus request operation ('empty', /home/e/Documents/research/byotee/OSDZU3_Ref_Design/OSDZU3_Ref_Design.runs/design_1_v_frmbuf_rd_0_0_synth_1/prj/sol/.autopilot/db/v_frmbuf_rd.cpp:515) on port 'mm_video' (/home/e/Documents/research/byotee/OSDZU3_Ref_Design/OSDZU3_Ref_Design.runs/design_1_v_frmbuf_rd_0_0_synth_1/prj/sol/.autopilot/db/v_frmbuf_rd.cpp:515) [44]  (3.650 ns)

 <State 43>: 3.650ns
The critical path consists of the following:
	bus request operation ('empty', /home/e/Documents/research/byotee/OSDZU3_Ref_Design/OSDZU3_Ref_Design.runs/design_1_v_frmbuf_rd_0_0_synth_1/prj/sol/.autopilot/db/v_frmbuf_rd.cpp:515) on port 'mm_video' (/home/e/Documents/research/byotee/OSDZU3_Ref_Design/OSDZU3_Ref_Design.runs/design_1_v_frmbuf_rd_0_0_synth_1/prj/sol/.autopilot/db/v_frmbuf_rd.cpp:515) [44]  (3.650 ns)

 <State 44>: 3.650ns
The critical path consists of the following:
	bus request operation ('empty', /home/e/Documents/research/byotee/OSDZU3_Ref_Design/OSDZU3_Ref_Design.runs/design_1_v_frmbuf_rd_0_0_synth_1/prj/sol/.autopilot/db/v_frmbuf_rd.cpp:515) on port 'mm_video' (/home/e/Documents/research/byotee/OSDZU3_Ref_Design/OSDZU3_Ref_Design.runs/design_1_v_frmbuf_rd_0_0_synth_1/prj/sol/.autopilot/db/v_frmbuf_rd.cpp:515) [44]  (3.650 ns)

 <State 45>: 3.650ns
The critical path consists of the following:
	bus request operation ('empty', /home/e/Documents/research/byotee/OSDZU3_Ref_Design/OSDZU3_Ref_Design.runs/design_1_v_frmbuf_rd_0_0_synth_1/prj/sol/.autopilot/db/v_frmbuf_rd.cpp:515) on port 'mm_video' (/home/e/Documents/research/byotee/OSDZU3_Ref_Design/OSDZU3_Ref_Design.runs/design_1_v_frmbuf_rd_0_0_synth_1/prj/sol/.autopilot/db/v_frmbuf_rd.cpp:515) [44]  (3.650 ns)

 <State 46>: 3.650ns
The critical path consists of the following:
	bus request operation ('empty', /home/e/Documents/research/byotee/OSDZU3_Ref_Design/OSDZU3_Ref_Design.runs/design_1_v_frmbuf_rd_0_0_synth_1/prj/sol/.autopilot/db/v_frmbuf_rd.cpp:515) on port 'mm_video' (/home/e/Documents/research/byotee/OSDZU3_Ref_Design/OSDZU3_Ref_Design.runs/design_1_v_frmbuf_rd_0_0_synth_1/prj/sol/.autopilot/db/v_frmbuf_rd.cpp:515) [44]  (3.650 ns)

 <State 47>: 3.650ns
The critical path consists of the following:
	bus request operation ('empty', /home/e/Documents/research/byotee/OSDZU3_Ref_Design/OSDZU3_Ref_Design.runs/design_1_v_frmbuf_rd_0_0_synth_1/prj/sol/.autopilot/db/v_frmbuf_rd.cpp:515) on port 'mm_video' (/home/e/Documents/research/byotee/OSDZU3_Ref_Design/OSDZU3_Ref_Design.runs/design_1_v_frmbuf_rd_0_0_synth_1/prj/sol/.autopilot/db/v_frmbuf_rd.cpp:515) [44]  (3.650 ns)

 <State 48>: 3.650ns
The critical path consists of the following:
	bus request operation ('empty', /home/e/Documents/research/byotee/OSDZU3_Ref_Design/OSDZU3_Ref_Design.runs/design_1_v_frmbuf_rd_0_0_synth_1/prj/sol/.autopilot/db/v_frmbuf_rd.cpp:515) on port 'mm_video' (/home/e/Documents/research/byotee/OSDZU3_Ref_Design/OSDZU3_Ref_Design.runs/design_1_v_frmbuf_rd_0_0_synth_1/prj/sol/.autopilot/db/v_frmbuf_rd.cpp:515) [44]  (3.650 ns)

 <State 49>: 3.650ns
The critical path consists of the following:
	bus request operation ('empty', /home/e/Documents/research/byotee/OSDZU3_Ref_Design/OSDZU3_Ref_Design.runs/design_1_v_frmbuf_rd_0_0_synth_1/prj/sol/.autopilot/db/v_frmbuf_rd.cpp:515) on port 'mm_video' (/home/e/Documents/research/byotee/OSDZU3_Ref_Design/OSDZU3_Ref_Design.runs/design_1_v_frmbuf_rd_0_0_synth_1/prj/sol/.autopilot/db/v_frmbuf_rd.cpp:515) [44]  (3.650 ns)

 <State 50>: 3.650ns
The critical path consists of the following:
	bus request operation ('empty', /home/e/Documents/research/byotee/OSDZU3_Ref_Design/OSDZU3_Ref_Design.runs/design_1_v_frmbuf_rd_0_0_synth_1/prj/sol/.autopilot/db/v_frmbuf_rd.cpp:515) on port 'mm_video' (/home/e/Documents/research/byotee/OSDZU3_Ref_Design/OSDZU3_Ref_Design.runs/design_1_v_frmbuf_rd_0_0_synth_1/prj/sol/.autopilot/db/v_frmbuf_rd.cpp:515) [44]  (3.650 ns)

 <State 51>: 3.650ns
The critical path consists of the following:
	bus request operation ('empty', /home/e/Documents/research/byotee/OSDZU3_Ref_Design/OSDZU3_Ref_Design.runs/design_1_v_frmbuf_rd_0_0_synth_1/prj/sol/.autopilot/db/v_frmbuf_rd.cpp:515) on port 'mm_video' (/home/e/Documents/research/byotee/OSDZU3_Ref_Design/OSDZU3_Ref_Design.runs/design_1_v_frmbuf_rd_0_0_synth_1/prj/sol/.autopilot/db/v_frmbuf_rd.cpp:515) [44]  (3.650 ns)

 <State 52>: 3.650ns
The critical path consists of the following:
	bus request operation ('empty', /home/e/Documents/research/byotee/OSDZU3_Ref_Design/OSDZU3_Ref_Design.runs/design_1_v_frmbuf_rd_0_0_synth_1/prj/sol/.autopilot/db/v_frmbuf_rd.cpp:515) on port 'mm_video' (/home/e/Documents/research/byotee/OSDZU3_Ref_Design/OSDZU3_Ref_Design.runs/design_1_v_frmbuf_rd_0_0_synth_1/prj/sol/.autopilot/db/v_frmbuf_rd.cpp:515) [44]  (3.650 ns)

 <State 53>: 3.650ns
The critical path consists of the following:
	bus request operation ('empty', /home/e/Documents/research/byotee/OSDZU3_Ref_Design/OSDZU3_Ref_Design.runs/design_1_v_frmbuf_rd_0_0_synth_1/prj/sol/.autopilot/db/v_frmbuf_rd.cpp:515) on port 'mm_video' (/home/e/Documents/research/byotee/OSDZU3_Ref_Design/OSDZU3_Ref_Design.runs/design_1_v_frmbuf_rd_0_0_synth_1/prj/sol/.autopilot/db/v_frmbuf_rd.cpp:515) [44]  (3.650 ns)

 <State 54>: 3.650ns
The critical path consists of the following:
	bus request operation ('empty', /home/e/Documents/research/byotee/OSDZU3_Ref_Design/OSDZU3_Ref_Design.runs/design_1_v_frmbuf_rd_0_0_synth_1/prj/sol/.autopilot/db/v_frmbuf_rd.cpp:515) on port 'mm_video' (/home/e/Documents/research/byotee/OSDZU3_Ref_Design/OSDZU3_Ref_Design.runs/design_1_v_frmbuf_rd_0_0_synth_1/prj/sol/.autopilot/db/v_frmbuf_rd.cpp:515) [44]  (3.650 ns)

 <State 55>: 3.650ns
The critical path consists of the following:
	bus request operation ('empty', /home/e/Documents/research/byotee/OSDZU3_Ref_Design/OSDZU3_Ref_Design.runs/design_1_v_frmbuf_rd_0_0_synth_1/prj/sol/.autopilot/db/v_frmbuf_rd.cpp:515) on port 'mm_video' (/home/e/Documents/research/byotee/OSDZU3_Ref_Design/OSDZU3_Ref_Design.runs/design_1_v_frmbuf_rd_0_0_synth_1/prj/sol/.autopilot/db/v_frmbuf_rd.cpp:515) [44]  (3.650 ns)

 <State 56>: 3.650ns
The critical path consists of the following:
	bus request operation ('empty', /home/e/Documents/research/byotee/OSDZU3_Ref_Design/OSDZU3_Ref_Design.runs/design_1_v_frmbuf_rd_0_0_synth_1/prj/sol/.autopilot/db/v_frmbuf_rd.cpp:515) on port 'mm_video' (/home/e/Documents/research/byotee/OSDZU3_Ref_Design/OSDZU3_Ref_Design.runs/design_1_v_frmbuf_rd_0_0_synth_1/prj/sol/.autopilot/db/v_frmbuf_rd.cpp:515) [44]  (3.650 ns)

 <State 57>: 3.650ns
The critical path consists of the following:
	bus request operation ('empty', /home/e/Documents/research/byotee/OSDZU3_Ref_Design/OSDZU3_Ref_Design.runs/design_1_v_frmbuf_rd_0_0_synth_1/prj/sol/.autopilot/db/v_frmbuf_rd.cpp:515) on port 'mm_video' (/home/e/Documents/research/byotee/OSDZU3_Ref_Design/OSDZU3_Ref_Design.runs/design_1_v_frmbuf_rd_0_0_synth_1/prj/sol/.autopilot/db/v_frmbuf_rd.cpp:515) [44]  (3.650 ns)

 <State 58>: 3.650ns
The critical path consists of the following:
	bus request operation ('empty', /home/e/Documents/research/byotee/OSDZU3_Ref_Design/OSDZU3_Ref_Design.runs/design_1_v_frmbuf_rd_0_0_synth_1/prj/sol/.autopilot/db/v_frmbuf_rd.cpp:515) on port 'mm_video' (/home/e/Documents/research/byotee/OSDZU3_Ref_Design/OSDZU3_Ref_Design.runs/design_1_v_frmbuf_rd_0_0_synth_1/prj/sol/.autopilot/db/v_frmbuf_rd.cpp:515) [44]  (3.650 ns)

 <State 59>: 3.650ns
The critical path consists of the following:
	bus request operation ('empty', /home/e/Documents/research/byotee/OSDZU3_Ref_Design/OSDZU3_Ref_Design.runs/design_1_v_frmbuf_rd_0_0_synth_1/prj/sol/.autopilot/db/v_frmbuf_rd.cpp:515) on port 'mm_video' (/home/e/Documents/research/byotee/OSDZU3_Ref_Design/OSDZU3_Ref_Design.runs/design_1_v_frmbuf_rd_0_0_synth_1/prj/sol/.autopilot/db/v_frmbuf_rd.cpp:515) [44]  (3.650 ns)

 <State 60>: 3.650ns
The critical path consists of the following:
	bus request operation ('empty', /home/e/Documents/research/byotee/OSDZU3_Ref_Design/OSDZU3_Ref_Design.runs/design_1_v_frmbuf_rd_0_0_synth_1/prj/sol/.autopilot/db/v_frmbuf_rd.cpp:515) on port 'mm_video' (/home/e/Documents/research/byotee/OSDZU3_Ref_Design/OSDZU3_Ref_Design.runs/design_1_v_frmbuf_rd_0_0_synth_1/prj/sol/.autopilot/db/v_frmbuf_rd.cpp:515) [44]  (3.650 ns)

 <State 61>: 3.650ns
The critical path consists of the following:
	bus request operation ('empty', /home/e/Documents/research/byotee/OSDZU3_Ref_Design/OSDZU3_Ref_Design.runs/design_1_v_frmbuf_rd_0_0_synth_1/prj/sol/.autopilot/db/v_frmbuf_rd.cpp:515) on port 'mm_video' (/home/e/Documents/research/byotee/OSDZU3_Ref_Design/OSDZU3_Ref_Design.runs/design_1_v_frmbuf_rd_0_0_synth_1/prj/sol/.autopilot/db/v_frmbuf_rd.cpp:515) [44]  (3.650 ns)

 <State 62>: 3.650ns
The critical path consists of the following:
	bus request operation ('empty', /home/e/Documents/research/byotee/OSDZU3_Ref_Design/OSDZU3_Ref_Design.runs/design_1_v_frmbuf_rd_0_0_synth_1/prj/sol/.autopilot/db/v_frmbuf_rd.cpp:515) on port 'mm_video' (/home/e/Documents/research/byotee/OSDZU3_Ref_Design/OSDZU3_Ref_Design.runs/design_1_v_frmbuf_rd_0_0_synth_1/prj/sol/.autopilot/db/v_frmbuf_rd.cpp:515) [44]  (3.650 ns)

 <State 63>: 3.650ns
The critical path consists of the following:
	bus request operation ('empty', /home/e/Documents/research/byotee/OSDZU3_Ref_Design/OSDZU3_Ref_Design.runs/design_1_v_frmbuf_rd_0_0_synth_1/prj/sol/.autopilot/db/v_frmbuf_rd.cpp:515) on port 'mm_video' (/home/e/Documents/research/byotee/OSDZU3_Ref_Design/OSDZU3_Ref_Design.runs/design_1_v_frmbuf_rd_0_0_synth_1/prj/sol/.autopilot/db/v_frmbuf_rd.cpp:515) [44]  (3.650 ns)

 <State 64>: 3.650ns
The critical path consists of the following:
	bus request operation ('empty', /home/e/Documents/research/byotee/OSDZU3_Ref_Design/OSDZU3_Ref_Design.runs/design_1_v_frmbuf_rd_0_0_synth_1/prj/sol/.autopilot/db/v_frmbuf_rd.cpp:515) on port 'mm_video' (/home/e/Documents/research/byotee/OSDZU3_Ref_Design/OSDZU3_Ref_Design.runs/design_1_v_frmbuf_rd_0_0_synth_1/prj/sol/.autopilot/db/v_frmbuf_rd.cpp:515) [44]  (3.650 ns)

 <State 65>: 3.650ns
The critical path consists of the following:
	bus request operation ('empty', /home/e/Documents/research/byotee/OSDZU3_Ref_Design/OSDZU3_Ref_Design.runs/design_1_v_frmbuf_rd_0_0_synth_1/prj/sol/.autopilot/db/v_frmbuf_rd.cpp:515) on port 'mm_video' (/home/e/Documents/research/byotee/OSDZU3_Ref_Design/OSDZU3_Ref_Design.runs/design_1_v_frmbuf_rd_0_0_synth_1/prj/sol/.autopilot/db/v_frmbuf_rd.cpp:515) [44]  (3.650 ns)

 <State 66>: 3.650ns
The critical path consists of the following:
	bus request operation ('empty', /home/e/Documents/research/byotee/OSDZU3_Ref_Design/OSDZU3_Ref_Design.runs/design_1_v_frmbuf_rd_0_0_synth_1/prj/sol/.autopilot/db/v_frmbuf_rd.cpp:515) on port 'mm_video' (/home/e/Documents/research/byotee/OSDZU3_Ref_Design/OSDZU3_Ref_Design.runs/design_1_v_frmbuf_rd_0_0_synth_1/prj/sol/.autopilot/db/v_frmbuf_rd.cpp:515) [44]  (3.650 ns)

 <State 67>: 3.650ns
The critical path consists of the following:
	bus request operation ('empty', /home/e/Documents/research/byotee/OSDZU3_Ref_Design/OSDZU3_Ref_Design.runs/design_1_v_frmbuf_rd_0_0_synth_1/prj/sol/.autopilot/db/v_frmbuf_rd.cpp:515) on port 'mm_video' (/home/e/Documents/research/byotee/OSDZU3_Ref_Design/OSDZU3_Ref_Design.runs/design_1_v_frmbuf_rd_0_0_synth_1/prj/sol/.autopilot/db/v_frmbuf_rd.cpp:515) [44]  (3.650 ns)

 <State 68>: 3.650ns
The critical path consists of the following:
	bus request operation ('empty', /home/e/Documents/research/byotee/OSDZU3_Ref_Design/OSDZU3_Ref_Design.runs/design_1_v_frmbuf_rd_0_0_synth_1/prj/sol/.autopilot/db/v_frmbuf_rd.cpp:515) on port 'mm_video' (/home/e/Documents/research/byotee/OSDZU3_Ref_Design/OSDZU3_Ref_Design.runs/design_1_v_frmbuf_rd_0_0_synth_1/prj/sol/.autopilot/db/v_frmbuf_rd.cpp:515) [44]  (3.650 ns)

 <State 69>: 3.650ns
The critical path consists of the following:
	bus request operation ('empty', /home/e/Documents/research/byotee/OSDZU3_Ref_Design/OSDZU3_Ref_Design.runs/design_1_v_frmbuf_rd_0_0_synth_1/prj/sol/.autopilot/db/v_frmbuf_rd.cpp:515) on port 'mm_video' (/home/e/Documents/research/byotee/OSDZU3_Ref_Design/OSDZU3_Ref_Design.runs/design_1_v_frmbuf_rd_0_0_synth_1/prj/sol/.autopilot/db/v_frmbuf_rd.cpp:515) [44]  (3.650 ns)

 <State 70>: 3.650ns
The critical path consists of the following:
	bus request operation ('empty', /home/e/Documents/research/byotee/OSDZU3_Ref_Design/OSDZU3_Ref_Design.runs/design_1_v_frmbuf_rd_0_0_synth_1/prj/sol/.autopilot/db/v_frmbuf_rd.cpp:515) on port 'mm_video' (/home/e/Documents/research/byotee/OSDZU3_Ref_Design/OSDZU3_Ref_Design.runs/design_1_v_frmbuf_rd_0_0_synth_1/prj/sol/.autopilot/db/v_frmbuf_rd.cpp:515) [44]  (3.650 ns)

 <State 71>: 3.650ns
The critical path consists of the following:
	bus request operation ('empty', /home/e/Documents/research/byotee/OSDZU3_Ref_Design/OSDZU3_Ref_Design.runs/design_1_v_frmbuf_rd_0_0_synth_1/prj/sol/.autopilot/db/v_frmbuf_rd.cpp:515) on port 'mm_video' (/home/e/Documents/research/byotee/OSDZU3_Ref_Design/OSDZU3_Ref_Design.runs/design_1_v_frmbuf_rd_0_0_synth_1/prj/sol/.autopilot/db/v_frmbuf_rd.cpp:515) [44]  (3.650 ns)

 <State 72>: 3.650ns
The critical path consists of the following:
	bus request operation ('empty', /home/e/Documents/research/byotee/OSDZU3_Ref_Design/OSDZU3_Ref_Design.runs/design_1_v_frmbuf_rd_0_0_synth_1/prj/sol/.autopilot/db/v_frmbuf_rd.cpp:515) on port 'mm_video' (/home/e/Documents/research/byotee/OSDZU3_Ref_Design/OSDZU3_Ref_Design.runs/design_1_v_frmbuf_rd_0_0_synth_1/prj/sol/.autopilot/db/v_frmbuf_rd.cpp:515) [44]  (3.650 ns)

 <State 73>: 3.650ns
The critical path consists of the following:
	bus request operation ('empty', /home/e/Documents/research/byotee/OSDZU3_Ref_Design/OSDZU3_Ref_Design.runs/design_1_v_frmbuf_rd_0_0_synth_1/prj/sol/.autopilot/db/v_frmbuf_rd.cpp:515) on port 'mm_video' (/home/e/Documents/research/byotee/OSDZU3_Ref_Design/OSDZU3_Ref_Design.runs/design_1_v_frmbuf_rd_0_0_synth_1/prj/sol/.autopilot/db/v_frmbuf_rd.cpp:515) [44]  (3.650 ns)

 <State 74>: 3.650ns
The critical path consists of the following:
	bus request operation ('empty', /home/e/Documents/research/byotee/OSDZU3_Ref_Design/OSDZU3_Ref_Design.runs/design_1_v_frmbuf_rd_0_0_synth_1/prj/sol/.autopilot/db/v_frmbuf_rd.cpp:515) on port 'mm_video' (/home/e/Documents/research/byotee/OSDZU3_Ref_Design/OSDZU3_Ref_Design.runs/design_1_v_frmbuf_rd_0_0_synth_1/prj/sol/.autopilot/db/v_frmbuf_rd.cpp:515) [44]  (3.650 ns)

 <State 75>: 3.650ns
The critical path consists of the following:
	bus request operation ('empty', /home/e/Documents/research/byotee/OSDZU3_Ref_Design/OSDZU3_Ref_Design.runs/design_1_v_frmbuf_rd_0_0_synth_1/prj/sol/.autopilot/db/v_frmbuf_rd.cpp:515) on port 'mm_video' (/home/e/Documents/research/byotee/OSDZU3_Ref_Design/OSDZU3_Ref_Design.runs/design_1_v_frmbuf_rd_0_0_synth_1/prj/sol/.autopilot/db/v_frmbuf_rd.cpp:515) [44]  (3.650 ns)

 <State 76>: 3.650ns
The critical path consists of the following:
	bus request operation ('empty', /home/e/Documents/research/byotee/OSDZU3_Ref_Design/OSDZU3_Ref_Design.runs/design_1_v_frmbuf_rd_0_0_synth_1/prj/sol/.autopilot/db/v_frmbuf_rd.cpp:515) on port 'mm_video' (/home/e/Documents/research/byotee/OSDZU3_Ref_Design/OSDZU3_Ref_Design.runs/design_1_v_frmbuf_rd_0_0_synth_1/prj/sol/.autopilot/db/v_frmbuf_rd.cpp:515) [44]  (3.650 ns)

 <State 77>: 3.650ns
The critical path consists of the following:
	bus request operation ('empty', /home/e/Documents/research/byotee/OSDZU3_Ref_Design/OSDZU3_Ref_Design.runs/design_1_v_frmbuf_rd_0_0_synth_1/prj/sol/.autopilot/db/v_frmbuf_rd.cpp:515) on port 'mm_video' (/home/e/Documents/research/byotee/OSDZU3_Ref_Design/OSDZU3_Ref_Design.runs/design_1_v_frmbuf_rd_0_0_synth_1/prj/sol/.autopilot/db/v_frmbuf_rd.cpp:515) [44]  (3.650 ns)

 <State 78>: 3.650ns
The critical path consists of the following:
	bus request operation ('empty', /home/e/Documents/research/byotee/OSDZU3_Ref_Design/OSDZU3_Ref_Design.runs/design_1_v_frmbuf_rd_0_0_synth_1/prj/sol/.autopilot/db/v_frmbuf_rd.cpp:515) on port 'mm_video' (/home/e/Documents/research/byotee/OSDZU3_Ref_Design/OSDZU3_Ref_Design.runs/design_1_v_frmbuf_rd_0_0_synth_1/prj/sol/.autopilot/db/v_frmbuf_rd.cpp:515) [44]  (3.650 ns)

 <State 79>: 3.650ns
The critical path consists of the following:
	bus request operation ('empty', /home/e/Documents/research/byotee/OSDZU3_Ref_Design/OSDZU3_Ref_Design.runs/design_1_v_frmbuf_rd_0_0_synth_1/prj/sol/.autopilot/db/v_frmbuf_rd.cpp:515) on port 'mm_video' (/home/e/Documents/research/byotee/OSDZU3_Ref_Design/OSDZU3_Ref_Design.runs/design_1_v_frmbuf_rd_0_0_synth_1/prj/sol/.autopilot/db/v_frmbuf_rd.cpp:515) [44]  (3.650 ns)

 <State 80>: 3.650ns
The critical path consists of the following:
	bus request operation ('empty', /home/e/Documents/research/byotee/OSDZU3_Ref_Design/OSDZU3_Ref_Design.runs/design_1_v_frmbuf_rd_0_0_synth_1/prj/sol/.autopilot/db/v_frmbuf_rd.cpp:515) on port 'mm_video' (/home/e/Documents/research/byotee/OSDZU3_Ref_Design/OSDZU3_Ref_Design.runs/design_1_v_frmbuf_rd_0_0_synth_1/prj/sol/.autopilot/db/v_frmbuf_rd.cpp:515) [44]  (3.650 ns)

 <State 81>: 3.650ns
The critical path consists of the following:
	bus request operation ('empty', /home/e/Documents/research/byotee/OSDZU3_Ref_Design/OSDZU3_Ref_Design.runs/design_1_v_frmbuf_rd_0_0_synth_1/prj/sol/.autopilot/db/v_frmbuf_rd.cpp:515) on port 'mm_video' (/home/e/Documents/research/byotee/OSDZU3_Ref_Design/OSDZU3_Ref_Design.runs/design_1_v_frmbuf_rd_0_0_synth_1/prj/sol/.autopilot/db/v_frmbuf_rd.cpp:515) [44]  (3.650 ns)

 <State 82>: 3.650ns
The critical path consists of the following:
	bus request operation ('empty', /home/e/Documents/research/byotee/OSDZU3_Ref_Design/OSDZU3_Ref_Design.runs/design_1_v_frmbuf_rd_0_0_synth_1/prj/sol/.autopilot/db/v_frmbuf_rd.cpp:515) on port 'mm_video' (/home/e/Documents/research/byotee/OSDZU3_Ref_Design/OSDZU3_Ref_Design.runs/design_1_v_frmbuf_rd_0_0_synth_1/prj/sol/.autopilot/db/v_frmbuf_rd.cpp:515) [44]  (3.650 ns)

 <State 83>: 3.650ns
The critical path consists of the following:
	bus request operation ('empty', /home/e/Documents/research/byotee/OSDZU3_Ref_Design/OSDZU3_Ref_Design.runs/design_1_v_frmbuf_rd_0_0_synth_1/prj/sol/.autopilot/db/v_frmbuf_rd.cpp:515) on port 'mm_video' (/home/e/Documents/research/byotee/OSDZU3_Ref_Design/OSDZU3_Ref_Design.runs/design_1_v_frmbuf_rd_0_0_synth_1/prj/sol/.autopilot/db/v_frmbuf_rd.cpp:515) [44]  (3.650 ns)

 <State 84>: 3.650ns
The critical path consists of the following:
	bus request operation ('empty', /home/e/Documents/research/byotee/OSDZU3_Ref_Design/OSDZU3_Ref_Design.runs/design_1_v_frmbuf_rd_0_0_synth_1/prj/sol/.autopilot/db/v_frmbuf_rd.cpp:515) on port 'mm_video' (/home/e/Documents/research/byotee/OSDZU3_Ref_Design/OSDZU3_Ref_Design.runs/design_1_v_frmbuf_rd_0_0_synth_1/prj/sol/.autopilot/db/v_frmbuf_rd.cpp:515) [44]  (3.650 ns)

 <State 85>: 3.650ns
The critical path consists of the following:
	bus request operation ('empty', /home/e/Documents/research/byotee/OSDZU3_Ref_Design/OSDZU3_Ref_Design.runs/design_1_v_frmbuf_rd_0_0_synth_1/prj/sol/.autopilot/db/v_frmbuf_rd.cpp:515) on port 'mm_video' (/home/e/Documents/research/byotee/OSDZU3_Ref_Design/OSDZU3_Ref_Design.runs/design_1_v_frmbuf_rd_0_0_synth_1/prj/sol/.autopilot/db/v_frmbuf_rd.cpp:515) [44]  (3.650 ns)

 <State 86>: 3.650ns
The critical path consists of the following:
	bus request operation ('empty', /home/e/Documents/research/byotee/OSDZU3_Ref_Design/OSDZU3_Ref_Design.runs/design_1_v_frmbuf_rd_0_0_synth_1/prj/sol/.autopilot/db/v_frmbuf_rd.cpp:515) on port 'mm_video' (/home/e/Documents/research/byotee/OSDZU3_Ref_Design/OSDZU3_Ref_Design.runs/design_1_v_frmbuf_rd_0_0_synth_1/prj/sol/.autopilot/db/v_frmbuf_rd.cpp:515) [44]  (3.650 ns)

 <State 87>: 3.650ns
The critical path consists of the following:
	bus request operation ('empty', /home/e/Documents/research/byotee/OSDZU3_Ref_Design/OSDZU3_Ref_Design.runs/design_1_v_frmbuf_rd_0_0_synth_1/prj/sol/.autopilot/db/v_frmbuf_rd.cpp:515) on port 'mm_video' (/home/e/Documents/research/byotee/OSDZU3_Ref_Design/OSDZU3_Ref_Design.runs/design_1_v_frmbuf_rd_0_0_synth_1/prj/sol/.autopilot/db/v_frmbuf_rd.cpp:515) [44]  (3.650 ns)

 <State 88>: 3.650ns
The critical path consists of the following:
	bus request operation ('empty', /home/e/Documents/research/byotee/OSDZU3_Ref_Design/OSDZU3_Ref_Design.runs/design_1_v_frmbuf_rd_0_0_synth_1/prj/sol/.autopilot/db/v_frmbuf_rd.cpp:515) on port 'mm_video' (/home/e/Documents/research/byotee/OSDZU3_Ref_Design/OSDZU3_Ref_Design.runs/design_1_v_frmbuf_rd_0_0_synth_1/prj/sol/.autopilot/db/v_frmbuf_rd.cpp:515) [44]  (3.650 ns)

 <State 89>: 3.650ns
The critical path consists of the following:
	bus request operation ('empty', /home/e/Documents/research/byotee/OSDZU3_Ref_Design/OSDZU3_Ref_Design.runs/design_1_v_frmbuf_rd_0_0_synth_1/prj/sol/.autopilot/db/v_frmbuf_rd.cpp:515) on port 'mm_video' (/home/e/Documents/research/byotee/OSDZU3_Ref_Design/OSDZU3_Ref_Design.runs/design_1_v_frmbuf_rd_0_0_synth_1/prj/sol/.autopilot/db/v_frmbuf_rd.cpp:515) [44]  (3.650 ns)

 <State 90>: 3.650ns
The critical path consists of the following:
	bus request operation ('empty', /home/e/Documents/research/byotee/OSDZU3_Ref_Design/OSDZU3_Ref_Design.runs/design_1_v_frmbuf_rd_0_0_synth_1/prj/sol/.autopilot/db/v_frmbuf_rd.cpp:515) on port 'mm_video' (/home/e/Documents/research/byotee/OSDZU3_Ref_Design/OSDZU3_Ref_Design.runs/design_1_v_frmbuf_rd_0_0_synth_1/prj/sol/.autopilot/db/v_frmbuf_rd.cpp:515) [44]  (3.650 ns)

 <State 91>: 3.650ns
The critical path consists of the following:
	bus request operation ('empty', /home/e/Documents/research/byotee/OSDZU3_Ref_Design/OSDZU3_Ref_Design.runs/design_1_v_frmbuf_rd_0_0_synth_1/prj/sol/.autopilot/db/v_frmbuf_rd.cpp:515) on port 'mm_video' (/home/e/Documents/research/byotee/OSDZU3_Ref_Design/OSDZU3_Ref_Design.runs/design_1_v_frmbuf_rd_0_0_synth_1/prj/sol/.autopilot/db/v_frmbuf_rd.cpp:515) [44]  (3.650 ns)

 <State 92>: 3.650ns
The critical path consists of the following:
	bus request operation ('empty', /home/e/Documents/research/byotee/OSDZU3_Ref_Design/OSDZU3_Ref_Design.runs/design_1_v_frmbuf_rd_0_0_synth_1/prj/sol/.autopilot/db/v_frmbuf_rd.cpp:515) on port 'mm_video' (/home/e/Documents/research/byotee/OSDZU3_Ref_Design/OSDZU3_Ref_Design.runs/design_1_v_frmbuf_rd_0_0_synth_1/prj/sol/.autopilot/db/v_frmbuf_rd.cpp:515) [44]  (3.650 ns)

 <State 93>: 3.650ns
The critical path consists of the following:
	bus request operation ('empty', /home/e/Documents/research/byotee/OSDZU3_Ref_Design/OSDZU3_Ref_Design.runs/design_1_v_frmbuf_rd_0_0_synth_1/prj/sol/.autopilot/db/v_frmbuf_rd.cpp:515) on port 'mm_video' (/home/e/Documents/research/byotee/OSDZU3_Ref_Design/OSDZU3_Ref_Design.runs/design_1_v_frmbuf_rd_0_0_synth_1/prj/sol/.autopilot/db/v_frmbuf_rd.cpp:515) [44]  (3.650 ns)

 <State 94>: 3.650ns
The critical path consists of the following:
	bus request operation ('empty', /home/e/Documents/research/byotee/OSDZU3_Ref_Design/OSDZU3_Ref_Design.runs/design_1_v_frmbuf_rd_0_0_synth_1/prj/sol/.autopilot/db/v_frmbuf_rd.cpp:515) on port 'mm_video' (/home/e/Documents/research/byotee/OSDZU3_Ref_Design/OSDZU3_Ref_Design.runs/design_1_v_frmbuf_rd_0_0_synth_1/prj/sol/.autopilot/db/v_frmbuf_rd.cpp:515) [44]  (3.650 ns)

 <State 95>: 3.650ns
The critical path consists of the following:
	bus request operation ('empty', /home/e/Documents/research/byotee/OSDZU3_Ref_Design/OSDZU3_Ref_Design.runs/design_1_v_frmbuf_rd_0_0_synth_1/prj/sol/.autopilot/db/v_frmbuf_rd.cpp:515) on port 'mm_video' (/home/e/Documents/research/byotee/OSDZU3_Ref_Design/OSDZU3_Ref_Design.runs/design_1_v_frmbuf_rd_0_0_synth_1/prj/sol/.autopilot/db/v_frmbuf_rd.cpp:515) [44]  (3.650 ns)

 <State 96>: 3.650ns
The critical path consists of the following:
	bus request operation ('empty', /home/e/Documents/research/byotee/OSDZU3_Ref_Design/OSDZU3_Ref_Design.runs/design_1_v_frmbuf_rd_0_0_synth_1/prj/sol/.autopilot/db/v_frmbuf_rd.cpp:515) on port 'mm_video' (/home/e/Documents/research/byotee/OSDZU3_Ref_Design/OSDZU3_Ref_Design.runs/design_1_v_frmbuf_rd_0_0_synth_1/prj/sol/.autopilot/db/v_frmbuf_rd.cpp:515) [44]  (3.650 ns)

 <State 97>: 3.650ns
The critical path consists of the following:
	bus request operation ('empty', /home/e/Documents/research/byotee/OSDZU3_Ref_Design/OSDZU3_Ref_Design.runs/design_1_v_frmbuf_rd_0_0_synth_1/prj/sol/.autopilot/db/v_frmbuf_rd.cpp:515) on port 'mm_video' (/home/e/Documents/research/byotee/OSDZU3_Ref_Design/OSDZU3_Ref_Design.runs/design_1_v_frmbuf_rd_0_0_synth_1/prj/sol/.autopilot/db/v_frmbuf_rd.cpp:515) [44]  (3.650 ns)

 <State 98>: 3.650ns
The critical path consists of the following:
	bus request operation ('empty', /home/e/Documents/research/byotee/OSDZU3_Ref_Design/OSDZU3_Ref_Design.runs/design_1_v_frmbuf_rd_0_0_synth_1/prj/sol/.autopilot/db/v_frmbuf_rd.cpp:515) on port 'mm_video' (/home/e/Documents/research/byotee/OSDZU3_Ref_Design/OSDZU3_Ref_Design.runs/design_1_v_frmbuf_rd_0_0_synth_1/prj/sol/.autopilot/db/v_frmbuf_rd.cpp:515) [44]  (3.650 ns)

 <State 99>: 3.650ns
The critical path consists of the following:
	bus request operation ('empty', /home/e/Documents/research/byotee/OSDZU3_Ref_Design/OSDZU3_Ref_Design.runs/design_1_v_frmbuf_rd_0_0_synth_1/prj/sol/.autopilot/db/v_frmbuf_rd.cpp:515) on port 'mm_video' (/home/e/Documents/research/byotee/OSDZU3_Ref_Design/OSDZU3_Ref_Design.runs/design_1_v_frmbuf_rd_0_0_synth_1/prj/sol/.autopilot/db/v_frmbuf_rd.cpp:515) [44]  (3.650 ns)

 <State 100>: 3.650ns
The critical path consists of the following:
	bus request operation ('empty', /home/e/Documents/research/byotee/OSDZU3_Ref_Design/OSDZU3_Ref_Design.runs/design_1_v_frmbuf_rd_0_0_synth_1/prj/sol/.autopilot/db/v_frmbuf_rd.cpp:515) on port 'mm_video' (/home/e/Documents/research/byotee/OSDZU3_Ref_Design/OSDZU3_Ref_Design.runs/design_1_v_frmbuf_rd_0_0_synth_1/prj/sol/.autopilot/db/v_frmbuf_rd.cpp:515) [44]  (3.650 ns)

 <State 101>: 3.650ns
The critical path consists of the following:
	bus request operation ('empty', /home/e/Documents/research/byotee/OSDZU3_Ref_Design/OSDZU3_Ref_Design.runs/design_1_v_frmbuf_rd_0_0_synth_1/prj/sol/.autopilot/db/v_frmbuf_rd.cpp:515) on port 'mm_video' (/home/e/Documents/research/byotee/OSDZU3_Ref_Design/OSDZU3_Ref_Design.runs/design_1_v_frmbuf_rd_0_0_synth_1/prj/sol/.autopilot/db/v_frmbuf_rd.cpp:515) [44]  (3.650 ns)

 <State 102>: 3.650ns
The critical path consists of the following:
	bus request operation ('empty', /home/e/Documents/research/byotee/OSDZU3_Ref_Design/OSDZU3_Ref_Design.runs/design_1_v_frmbuf_rd_0_0_synth_1/prj/sol/.autopilot/db/v_frmbuf_rd.cpp:515) on port 'mm_video' (/home/e/Documents/research/byotee/OSDZU3_Ref_Design/OSDZU3_Ref_Design.runs/design_1_v_frmbuf_rd_0_0_synth_1/prj/sol/.autopilot/db/v_frmbuf_rd.cpp:515) [44]  (3.650 ns)

 <State 103>: 3.650ns
The critical path consists of the following:
	bus request operation ('empty', /home/e/Documents/research/byotee/OSDZU3_Ref_Design/OSDZU3_Ref_Design.runs/design_1_v_frmbuf_rd_0_0_synth_1/prj/sol/.autopilot/db/v_frmbuf_rd.cpp:515) on port 'mm_video' (/home/e/Documents/research/byotee/OSDZU3_Ref_Design/OSDZU3_Ref_Design.runs/design_1_v_frmbuf_rd_0_0_synth_1/prj/sol/.autopilot/db/v_frmbuf_rd.cpp:515) [44]  (3.650 ns)

 <State 104>: 3.650ns
The critical path consists of the following:
	bus request operation ('empty', /home/e/Documents/research/byotee/OSDZU3_Ref_Design/OSDZU3_Ref_Design.runs/design_1_v_frmbuf_rd_0_0_synth_1/prj/sol/.autopilot/db/v_frmbuf_rd.cpp:515) on port 'mm_video' (/home/e/Documents/research/byotee/OSDZU3_Ref_Design/OSDZU3_Ref_Design.runs/design_1_v_frmbuf_rd_0_0_synth_1/prj/sol/.autopilot/db/v_frmbuf_rd.cpp:515) [44]  (3.650 ns)

 <State 105>: 3.650ns
The critical path consists of the following:
	bus request operation ('empty', /home/e/Documents/research/byotee/OSDZU3_Ref_Design/OSDZU3_Ref_Design.runs/design_1_v_frmbuf_rd_0_0_synth_1/prj/sol/.autopilot/db/v_frmbuf_rd.cpp:515) on port 'mm_video' (/home/e/Documents/research/byotee/OSDZU3_Ref_Design/OSDZU3_Ref_Design.runs/design_1_v_frmbuf_rd_0_0_synth_1/prj/sol/.autopilot/db/v_frmbuf_rd.cpp:515) [44]  (3.650 ns)

 <State 106>: 3.650ns
The critical path consists of the following:
	bus request operation ('empty', /home/e/Documents/research/byotee/OSDZU3_Ref_Design/OSDZU3_Ref_Design.runs/design_1_v_frmbuf_rd_0_0_synth_1/prj/sol/.autopilot/db/v_frmbuf_rd.cpp:515) on port 'mm_video' (/home/e/Documents/research/byotee/OSDZU3_Ref_Design/OSDZU3_Ref_Design.runs/design_1_v_frmbuf_rd_0_0_synth_1/prj/sol/.autopilot/db/v_frmbuf_rd.cpp:515) [44]  (3.650 ns)

 <State 107>: 3.650ns
The critical path consists of the following:
	bus request operation ('empty', /home/e/Documents/research/byotee/OSDZU3_Ref_Design/OSDZU3_Ref_Design.runs/design_1_v_frmbuf_rd_0_0_synth_1/prj/sol/.autopilot/db/v_frmbuf_rd.cpp:515) on port 'mm_video' (/home/e/Documents/research/byotee/OSDZU3_Ref_Design/OSDZU3_Ref_Design.runs/design_1_v_frmbuf_rd_0_0_synth_1/prj/sol/.autopilot/db/v_frmbuf_rd.cpp:515) [44]  (3.650 ns)

 <State 108>: 3.650ns
The critical path consists of the following:
	bus request operation ('empty', /home/e/Documents/research/byotee/OSDZU3_Ref_Design/OSDZU3_Ref_Design.runs/design_1_v_frmbuf_rd_0_0_synth_1/prj/sol/.autopilot/db/v_frmbuf_rd.cpp:515) on port 'mm_video' (/home/e/Documents/research/byotee/OSDZU3_Ref_Design/OSDZU3_Ref_Design.runs/design_1_v_frmbuf_rd_0_0_synth_1/prj/sol/.autopilot/db/v_frmbuf_rd.cpp:515) [44]  (3.650 ns)

 <State 109>: 3.650ns
The critical path consists of the following:
	bus request operation ('empty', /home/e/Documents/research/byotee/OSDZU3_Ref_Design/OSDZU3_Ref_Design.runs/design_1_v_frmbuf_rd_0_0_synth_1/prj/sol/.autopilot/db/v_frmbuf_rd.cpp:515) on port 'mm_video' (/home/e/Documents/research/byotee/OSDZU3_Ref_Design/OSDZU3_Ref_Design.runs/design_1_v_frmbuf_rd_0_0_synth_1/prj/sol/.autopilot/db/v_frmbuf_rd.cpp:515) [44]  (3.650 ns)

 <State 110>: 1.450ns
The critical path consists of the following:
	'call' operation 0 bit ('call_ln515', /home/e/Documents/research/byotee/OSDZU3_Ref_Design/OSDZU3_Ref_Design.runs/design_1_v_frmbuf_rd_0_0_synth_1/prj/sol/.autopilot/db/v_frmbuf_rd.cpp:515) to 'AXIMMvideo2Bytes_Pipeline_VITIS_LOOP_515_1' [45]  (1.450 ns)

 <State 111>: 0.000ns
The critical path consists of the following:


============================================================
+ Verbose Summary: Binding
============================================================
N/A
* FSMD analyzer results:
  - Output states:
 - Input state : 
  - Chain level:
	State 1
	State 2
	State 3
	State 4
	State 5
	State 6
	State 7
	State 8
	State 9
	State 10
	State 11
	State 12
	State 13
	State 14
	State 15
	State 16
	State 17
	State 18
	State 19
	State 20
	State 21
	State 22
	State 23
	State 24
	State 25
	State 26
	State 27
	State 28
	State 29
	State 30
	State 31
	State 32
	State 33
	State 34
	State 35
	State 36
	State 37
	State 38
	State 39
	State 40
	State 41
	State 42
	State 43
	State 44
	State 45
	State 46
	State 47
	State 48
	State 49
	State 50
	State 51
	State 52
	State 53
	State 54
	State 55
	State 56
	State 57
	State 58
	State 59
	State 60
	State 61
	State 62
	State 63
	State 64
	State 65
	State 66
	State 67
	State 68
	State 69
	State 70
	State 71
	State 72
	State 73
	State 74
	State 75
	State 76
	State 77
	State 78
	State 79
	State 80
	State 81
	State 82
	State 83
	State 84
	State 85
	State 86
	State 87
	State 88
	State 89
	State 90
	State 91
	State 92
	State 93
	State 94
	State 95
	State 96
	State 97
	State 98
	State 99
	State 100
	State 101
	State 102
	State 103
	State 104
	State 105
	State 106
	State 107
	State 108
	State 109
	State 110
	State 111


============================================================
+ Verbose Summary: Datapath Resource usage 
============================================================
N/A
