
*** Running vivado
    with args -log byotee_extclk_mdm_0_0.vds -m64 -product Vivado -mode batch -messageDb vivado.pb -notrace -source byotee_extclk_mdm_0_0.tcl


****** Vivado v2025.1 (64-bit)
  **** SW Build 6140274 on Wed May 21 22:58:25 MDT 2025
  **** IP Build 6138677 on Thu May 22 03:10:11 MDT 2025
  **** SharedData Build 6139179 on Tue May 20 17:58:58 MDT 2025
  **** Start of session at: Mon Sep 15 13:52:07 2025
    ** Copyright 1986-2022 Xilinx, Inc. All Rights Reserved.
    ** Copyright 2022-2025 Advanced Micro Devices, Inc. All Rights Reserved.

source byotee_extclk_mdm_0_0.tcl -notrace
INFO: [IP_Flow 19-234] Refreshing IP repositories
INFO: [IP_Flow 19-1700] Loaded user IP repository '/home/e/Documents/research/byotee/OSDZU3_Ref_Design/OSDZU3_Ref_Design.ipdefs/IP_Repo'.
INFO: [IP_Flow 19-2313] Loaded Vivado IP repository '/tools/Xilinx/2025.1/Vivado/data/ip'.
Command: synth_design -top byotee_extclk_mdm_0_0 -part xczu3eg-sfvc784-1-e -incremental_mode off -mode out_of_context
Starting synth_design
Attempting to get a license for feature 'Synthesis' and/or device 'xczu3eg'
INFO: [Common 17-349] Got license for feature 'Synthesis' and/or device 'xczu3eg'
INFO: [Device 21-403] Loading part xczu3eg-sfvc784-1-e
INFO: [Synth 8-7079] Multithreading enabled for synth_design using a maximum of 7 processes.
INFO: [Synth 8-7078] Launching helper process for spawning children vivado processes
INFO: [Synth 8-7075] Helper process launched with PID 1693121
---------------------------------------------------------------------------------
Starting RTL Elaboration : Time (s): cpu = 00:00:03 ; elapsed = 00:00:03 . Memory (MB): peak = 2575.980 ; gain = 142.688 ; free physical = 505 ; free virtual = 20255
---------------------------------------------------------------------------------
INFO: [Synth 8-638] synthesizing module 'byotee_extclk_mdm_0_0' [/home/e/Documents/research/byotee/OSDZU3_Ref_Design/OSDZU3_Ref_Design.gen/sources_1/bd/byotee_extclk/ip/byotee_extclk_mdm_0_0/synth/byotee_extclk_mdm_0_0.vhd:148]
	Parameter C_FAMILY bound to: zynquplus - type: string 
	Parameter C_DEVICE bound to: xczu3eg - type: string 
	Parameter C_JTAG_CHAIN bound to: 2 - type: integer 
	Parameter C_USE_BSCAN bound to: 0 - type: integer 
	Parameter C_BSCANID bound to: 76547328 - type: integer 
	Parameter C_DEBUG_INTERFACE bound to: 0 - type: integer 
	Parameter C_USE_CONFIG_RESET bound to: 0 - type: integer 
	Parameter C_AVOID_PRIMITIVES bound to: 0 - type: integer 
	Parameter C_INTERCONNECT bound to: 2 - type: integer 
	Parameter C_MB_DBG_PORTS bound to: 1 - type: integer 
	Parameter C_USE_UART bound to: 1 - type: integer 
	Parameter C_DBG_REG_ACCESS bound to: 1 - type: integer 
	Parameter C_DBG_MEM_ACCESS bound to: 1 - type: integer 
	Parameter C_USE_CROSS_TRIGGER bound to: 0 - type: integer 
	Parameter C_EXT_TRIG_RESET_VALUE bound to: 20'b11110001001000110100 
	Parameter C_TRACE_OUTPUT bound to: 3 - type: integer 
	Parameter C_TRACE_DATA_WIDTH bound to: 32 - type: integer 
	Parameter C_TRACE_CLK_FREQ_HZ bound to: 200000000 - type: integer 
	Parameter C_TRACE_CLK_OUT_PHASE bound to: 90 - type: integer 
	Parameter C_TRACE_ASYNC_RESET bound to: 0 - type: integer 
	Parameter C_TRACE_PROTOCOL bound to: 1 - type: integer 
	Parameter C_TRACE_ID bound to: 110 - type: integer 
	Parameter C_S_AXI_ADDR_WIDTH bound to: 5 - type: integer 
	Parameter C_S_AXI_DATA_WIDTH bound to: 32 - type: integer 
	Parameter C_S_AXI_ACLK_FREQ_HZ bound to: 99999001 - type: integer 
	Parameter C_M_AXI_ADDR_WIDTH bound to: 32 - type: integer 
	Parameter C_M_AXI_DATA_WIDTH bound to: 32 - type: integer 
	Parameter C_M_AXI_THREAD_ID_WIDTH bound to: 1 - type: integer 
	Parameter C_ADDR_SIZE bound to: 32 - type: integer 
	Parameter C_DATA_SIZE bound to: 32 - type: integer 
	Parameter C_LMB_PROTOCOL bound to: 0 - type: integer 
	Parameter C_M_AXIS_DATA_WIDTH bound to: 32 - type: integer 
	Parameter C_M_AXIS_ID_WIDTH bound to: 7 - type: integer 
INFO: [Synth 8-3491] module 'MDM' declared at '/home/e/Documents/research/byotee/OSDZU3_Ref_Design/OSDZU3_Ref_Design.gen/sources_1/bd/byotee_extclk/ipshared/00dd/hdl/mdm_v3_2_vh_rfs.vhd:12684' bound to instance 'U0' of component 'MDM' [/home/e/Documents/research/byotee/OSDZU3_Ref_Design/OSDZU3_Ref_Design.gen/sources_1/bd/byotee_extclk/ip/byotee_extclk_mdm_0_0/synth/byotee_extclk_mdm_0_0.vhd:1826]
INFO: [Synth 8-638] synthesizing module 'MDM' [/home/e/Documents/research/byotee/OSDZU3_Ref_Design/OSDZU3_Ref_Design.gen/sources_1/bd/byotee_extclk/ipshared/00dd/hdl/mdm_v3_2_vh_rfs.vhd:14367]
	Parameter C_TARGET bound to: 6 - type: integer 
	Parameter DISABLE_JTAG bound to: FALSE - type: string 
	Parameter JTAG_CHAIN bound to: 2 - type: integer 
INFO: [Synth 8-3491] module 'MB_BSCANE2' declared at '/home/e/Documents/research/byotee/OSDZU3_Ref_Design/OSDZU3_Ref_Design.gen/sources_1/bd/byotee_extclk/ipshared/00dd/hdl/mdm_v3_2_vh_rfs.vhd:330' bound to instance 'BSCAN_I' of component 'MB_BSCANE2' [/home/e/Documents/research/byotee/OSDZU3_Ref_Design/OSDZU3_Ref_Design.gen/sources_1/bd/byotee_extclk/ipshared/00dd/hdl/mdm_v3_2_vh_rfs.vhd:15983]
INFO: [Synth 8-638] synthesizing module 'MB_BSCANE2' [/home/e/Documents/research/byotee/OSDZU3_Ref_Design/OSDZU3_Ref_Design.gen/sources_1/bd/byotee_extclk/ipshared/00dd/hdl/mdm_v3_2_vh_rfs.vhd:354]
	Parameter DISABLE_JTAG bound to: FALSE - type: string 
	Parameter JTAG_CHAIN bound to: 2 - type: integer 
INFO: [Synth 8-113] binding component instance 'BSCANE2_I' to cell 'BSCANE2' [/home/e/Documents/research/byotee/OSDZU3_Ref_Design/OSDZU3_Ref_Design.gen/sources_1/bd/byotee_extclk/ipshared/00dd/hdl/mdm_v3_2_vh_rfs.vhd:364]
INFO: [Synth 8-256] done synthesizing module 'MB_BSCANE2' (0#1) [/home/e/Documents/research/byotee/OSDZU3_Ref_Design/OSDZU3_Ref_Design.gen/sources_1/bd/byotee_extclk/ipshared/00dd/hdl/mdm_v3_2_vh_rfs.vhd:354]
	Parameter C_TARGET bound to: 6 - type: integer 
	Parameter INIT bound to: 2'b10 
INFO: [Synth 8-3491] module 'MB_LUT1' declared at '/home/e/Documents/research/byotee/OSDZU3_Ref_Design/OSDZU3_Ref_Design.gen/sources_1/bd/byotee_extclk/ipshared/00dd/hdl/mdm_v3_2_vh_rfs.vhd:1543' bound to instance 'LUT1_I' of component 'MB_LUT1' [/home/e/Documents/research/byotee/OSDZU3_Ref_Design/OSDZU3_Ref_Design.gen/sources_1/bd/byotee_extclk/ipshared/00dd/hdl/mdm_v3_2_vh_rfs.vhd:16001]
INFO: [Synth 8-638] synthesizing module 'MB_LUT1' [/home/e/Documents/research/byotee/OSDZU3_Ref_Design/OSDZU3_Ref_Design.gen/sources_1/bd/byotee_extclk/ipshared/00dd/hdl/mdm_v3_2_vh_rfs.vhd:1557]
	Parameter INIT bound to: 2'b10 
INFO: [Synth 8-113] binding component instance 'Native' to cell 'LUT1' [/home/e/Documents/research/byotee/OSDZU3_Ref_Design/OSDZU3_Ref_Design.gen/sources_1/bd/byotee_extclk/ipshared/00dd/hdl/mdm_v3_2_vh_rfs.vhd:1579]
INFO: [Synth 8-256] done synthesizing module 'MB_LUT1' (0#1) [/home/e/Documents/research/byotee/OSDZU3_Ref_Design/OSDZU3_Ref_Design.gen/sources_1/bd/byotee_extclk/ipshared/00dd/hdl/mdm_v3_2_vh_rfs.vhd:1557]
	Parameter C_TARGET bound to: 6 - type: integer 
	Parameter INIT_OUT bound to: 0 - type: integer 
	Parameter PRESELECT_I0 bound to: 1 - type: bool 
	Parameter PRESELECT_I1 bound to: 0 - type: bool 
INFO: [Synth 8-3491] module 'MB_BUFGCTRL' declared at '/home/e/Documents/research/byotee/OSDZU3_Ref_Design/OSDZU3_Ref_Design.gen/sources_1/bd/byotee_extclk/ipshared/00dd/hdl/mdm_v3_2_vh_rfs.vhd:483' bound to instance 'BUFGCTRL_DRCK' of component 'MB_BUFGCTRL' [/home/e/Documents/research/byotee/OSDZU3_Ref_Design/OSDZU3_Ref_Design.gen/sources_1/bd/byotee_extclk/ipshared/00dd/hdl/mdm_v3_2_vh_rfs.vhd:16128]
INFO: [Synth 8-638] synthesizing module 'MB_BUFGCTRL' [/home/e/Documents/research/byotee/OSDZU3_Ref_Design/OSDZU3_Ref_Design.gen/sources_1/bd/byotee_extclk/ipshared/00dd/hdl/mdm_v3_2_vh_rfs.vhd:514]
	Parameter INIT_OUT bound to: 0 - type: integer 
	Parameter IS_CE0_INVERTED bound to: 1'b0 
	Parameter IS_CE1_INVERTED bound to: 1'b0 
	Parameter IS_I0_INVERTED bound to: 1'b0 
	Parameter IS_I1_INVERTED bound to: 1'b0 
	Parameter IS_IGNORE0_INVERTED bound to: 1'b0 
	Parameter IS_IGNORE1_INVERTED bound to: 1'b0 
	Parameter IS_S0_INVERTED bound to: 1'b0 
	Parameter IS_S1_INVERTED bound to: 1'b0 
	Parameter PRESELECT_I0 bound to: 1 - type: bool 
	Parameter PRESELECT_I1 bound to: 0 - type: bool 
	Parameter SIM_DEVICE bound to: ULTRASCALE_PLUS - type: string 
INFO: [Synth 8-113] binding component instance 'Native' to cell 'BUFGCTRL' [/home/e/Documents/research/byotee/OSDZU3_Ref_Design/OSDZU3_Ref_Design.gen/sources_1/bd/byotee_extclk/ipshared/00dd/hdl/mdm_v3_2_vh_rfs.vhd:537]
INFO: [Synth 8-256] done synthesizing module 'MB_BUFGCTRL' (0#1) [/home/e/Documents/research/byotee/OSDZU3_Ref_Design/OSDZU3_Ref_Design.gen/sources_1/bd/byotee_extclk/ipshared/00dd/hdl/mdm_v3_2_vh_rfs.vhd:514]
	Parameter C_TARGET bound to: 6 - type: integer 
	Parameter INIT_OUT bound to: 0 - type: integer 
	Parameter PRESELECT_I0 bound to: 1 - type: bool 
	Parameter PRESELECT_I1 bound to: 0 - type: bool 
INFO: [Synth 8-3491] module 'MB_BUFGCTRL' declared at '/home/e/Documents/research/byotee/OSDZU3_Ref_Design/OSDZU3_Ref_Design.gen/sources_1/bd/byotee_extclk/ipshared/00dd/hdl/mdm_v3_2_vh_rfs.vhd:483' bound to instance 'BUFGCTRL_UPDATE' of component 'MB_BUFGCTRL' [/home/e/Documents/research/byotee/OSDZU3_Ref_Design/OSDZU3_Ref_Design.gen/sources_1/bd/byotee_extclk/ipshared/00dd/hdl/mdm_v3_2_vh_rfs.vhd:16162]
INFO: [Synth 8-3491] module 'xil_scan_reset_control' declared at '/home/e/Documents/research/byotee/OSDZU3_Ref_Design/OSDZU3_Ref_Design.gen/sources_1/bd/byotee_extclk/ipshared/00dd/hdl/mdm_v3_2_vh_rfs.vhd:306' bound to instance 'busy_with_scan_reset_i' of component 'xil_scan_reset_control' [/home/e/Documents/research/byotee/OSDZU3_Ref_Design/OSDZU3_Ref_Design.gen/sources_1/bd/byotee_extclk/ipshared/00dd/hdl/mdm_v3_2_vh_rfs.vhd:16196]
INFO: [Synth 8-638] synthesizing module 'xil_scan_reset_control' [/home/e/Documents/research/byotee/OSDZU3_Ref_Design/OSDZU3_Ref_Design.gen/sources_1/bd/byotee_extclk/ipshared/00dd/hdl/mdm_v3_2_vh_rfs.vhd:315]
INFO: [Synth 8-256] done synthesizing module 'xil_scan_reset_control' (0#1) [/home/e/Documents/research/byotee/OSDZU3_Ref_Design/OSDZU3_Ref_Design.gen/sources_1/bd/byotee_extclk/ipshared/00dd/hdl/mdm_v3_2_vh_rfs.vhd:315]
INFO: [Synth 8-3491] module 'xil_scan_reset_control' declared at '/home/e/Documents/research/byotee/OSDZU3_Ref_Design/OSDZU3_Ref_Design.gen/sources_1/bd/byotee_extclk/ipshared/00dd/hdl/mdm_v3_2_vh_rfs.vhd:306' bound to instance 'update_with_scan_reset_i' of component 'xil_scan_reset_control' [/home/e/Documents/research/byotee/OSDZU3_Ref_Design/OSDZU3_Ref_Design.gen/sources_1/bd/byotee_extclk/ipshared/00dd/hdl/mdm_v3_2_vh_rfs.vhd:16238]
	Parameter C_TARGET bound to: 6 - type: integer 
	Parameter C_JTAG_CHAIN bound to: 2 - type: integer 
	Parameter C_USE_BSCAN bound to: 0 - type: integer 
	Parameter C_USE_CONFIG_RESET bound to: 0 - type: integer 
	Parameter C_USE_SRL16 bound to: yes - type: string 
	Parameter C_DEBUG_INTERFACE bound to: 0 - type: integer 
	Parameter C_MB_DBG_PORTS bound to: 1 - type: integer 
	Parameter C_EN_WIDTH bound to: 1 - type: integer 
	Parameter C_DBG_REG_ACCESS bound to: 1 - type: integer 
	Parameter C_REG_NUM_CE bound to: 8 - type: integer 
	Parameter C_REG_DATA_WIDTH bound to: 32 - type: integer 
	Parameter C_DBG_MEM_ACCESS bound to: 1 - type: integer 
	Parameter C_S_AXI_ADDR_WIDTH bound to: 5 - type: integer 
	Parameter C_S_AXI_ACLK_FREQ_HZ bound to: 99999001 - type: integer 
	Parameter C_M_AXI_ADDR_WIDTH bound to: 32 - type: integer 
	Parameter C_M_AXI_DATA_WIDTH bound to: 32 - type: integer 
	Parameter C_USE_CROSS_TRIGGER bound to: 0 - type: integer 
	Parameter C_EXT_TRIG_RESET_VALUE bound to: 20'b11110001001000110100 
	Parameter C_USE_UART bound to: 1 - type: integer 
	Parameter C_UART_WIDTH bound to: 8 - type: integer 
	Parameter C_TRACE_OUTPUT bound to: 3 - type: integer 
	Parameter C_TRACE_DATA_WIDTH bound to: 32 - type: integer 
	Parameter C_TRACE_ASYNC_RESET bound to: 0 - type: integer 
	Parameter C_TRACE_CLK_FREQ_HZ bound to: 200000000 - type: integer 
	Parameter C_TRACE_CLK_OUT_PHASE bound to: 90 - type: integer 
	Parameter C_TRACE_PROTOCOL bound to: 1 - type: integer 
	Parameter C_TRACE_ID bound to: 110 - type: integer 
	Parameter C_M_AXIS_DATA_WIDTH bound to: 32 - type: integer 
	Parameter C_M_AXIS_ID_WIDTH bound to: 7 - type: integer 
INFO: [Synth 8-3491] module 'MDM_Core' declared at '/home/e/Documents/research/byotee/OSDZU3_Ref_Design/OSDZU3_Ref_Design.gen/sources_1/bd/byotee_extclk/ipshared/00dd/hdl/mdm_v3_2_vh_rfs.vhd:5803' bound to instance 'MDM_Core_I1' of component 'MDM_Core' [/home/e/Documents/research/byotee/OSDZU3_Ref_Design/OSDZU3_Ref_Design.gen/sources_1/bd/byotee_extclk/ipshared/00dd/hdl/mdm_v3_2_vh_rfs.vhd:16358]
INFO: [Synth 8-638] synthesizing module 'MDM_Core' [/home/e/Documents/research/byotee/OSDZU3_Ref_Design/OSDZU3_Ref_Design.gen/sources_1/bd/byotee_extclk/ipshared/00dd/hdl/mdm_v3_2_vh_rfs.vhd:7040]
INFO: [Synth 8-3491] module 'xil_scan_reset_control' declared at '/home/e/Documents/research/byotee/OSDZU3_Ref_Design/OSDZU3_Ref_Design.gen/sources_1/bd/byotee_extclk/ipshared/00dd/hdl/mdm_v3_2_vh_rfs.vhd:306' bound to instance 'config_scan_reset_i' of component 'xil_scan_reset_control' [/home/e/Documents/research/byotee/OSDZU3_Ref_Design/OSDZU3_Ref_Design.gen/sources_1/bd/byotee_extclk/ipshared/00dd/hdl/mdm_v3_2_vh_rfs.vhd:7723]
INFO: [Synth 8-3491] module 'xil_scan_reset_control' declared at '/home/e/Documents/research/byotee/OSDZU3_Ref_Design/OSDZU3_Ref_Design.gen/sources_1/bd/byotee_extclk/ipshared/00dd/hdl/mdm_v3_2_vh_rfs.vhd:306' bound to instance 'sel_n_reset_i' of component 'xil_scan_reset_control' [/home/e/Documents/research/byotee/OSDZU3_Ref_Design/OSDZU3_Ref_Design.gen/sources_1/bd/byotee_extclk/ipshared/00dd/hdl/mdm_v3_2_vh_rfs.vhd:7733]
INFO: [Synth 8-3491] module 'xil_scan_reset_control' declared at '/home/e/Documents/research/byotee/OSDZU3_Ref_Design/OSDZU3_Ref_Design.gen/sources_1/bd/byotee_extclk/ipshared/00dd/hdl/mdm_v3_2_vh_rfs.vhd:306' bound to instance 'shift_n_reset_i' of component 'xil_scan_reset_control' [/home/e/Documents/research/byotee/OSDZU3_Ref_Design/OSDZU3_Ref_Design.gen/sources_1/bd/byotee_extclk/ipshared/00dd/hdl/mdm_v3_2_vh_rfs.vhd:7743]
	Parameter C_TARGET bound to: 6 - type: integer 
INFO: [Synth 8-3491] module 'MB_FDRE' declared at '/home/e/Documents/research/byotee/OSDZU3_Ref_Design/OSDZU3_Ref_Design.gen/sources_1/bd/byotee_extclk/ipshared/00dd/hdl/mdm_v3_2_vh_rfs.vhd:575' bound to instance 'TX_Buffer_Empty_FDRE' of component 'MB_FDRE' [/home/e/Documents/research/byotee/OSDZU3_Ref_Design/OSDZU3_Ref_Design.gen/sources_1/bd/byotee_extclk/ipshared/00dd/hdl/mdm_v3_2_vh_rfs.vhd:7982]
INFO: [Synth 8-638] synthesizing module 'MB_FDRE' [/home/e/Documents/research/byotee/OSDZU3_Ref_Design/OSDZU3_Ref_Design.gen/sources_1/bd/byotee_extclk/ipshared/00dd/hdl/mdm_v3_2_vh_rfs.vhd:592]
	Parameter INIT bound to: 1'b0 
INFO: [Synth 8-113] binding component instance 'Native' to cell 'FDRE' [/home/e/Documents/research/byotee/OSDZU3_Ref_Design/OSDZU3_Ref_Design.gen/sources_1/bd/byotee_extclk/ipshared/00dd/hdl/mdm_v3_2_vh_rfs.vhd:621]
INFO: [Synth 8-256] done synthesizing module 'MB_FDRE' (0#1) [/home/e/Documents/research/byotee/OSDZU3_Ref_Design/OSDZU3_Ref_Design.gen/sources_1/bd/byotee_extclk/ipshared/00dd/hdl/mdm_v3_2_vh_rfs.vhd:592]
INFO: [Synth 8-226] default block is never used [/home/e/Documents/research/byotee/OSDZU3_Ref_Design/OSDZU3_Ref_Design.gen/sources_1/bd/byotee_extclk/ipshared/00dd/hdl/mdm_v3_2_vh_rfs.vhd:8371]
INFO: [Synth 8-3491] module 'xil_scan_reset_control' declared at '/home/e/Documents/research/byotee/OSDZU3_Ref_Design/OSDZU3_Ref_Design.gen/sources_1/bd/byotee_extclk/ipshared/00dd/hdl/mdm_v3_2_vh_rfs.vhd:306' bound to instance 'bus2ip_with_scan_reset_i' of component 'xil_scan_reset_control' [/home/e/Documents/research/byotee/OSDZU3_Ref_Design/OSDZU3_Ref_Design.gen/sources_1/bd/byotee_extclk/ipshared/00dd/hdl/mdm_v3_2_vh_rfs.vhd:8419]
WARNING: [Synth 8-5733] ignoring attributes on constant declaration output_select_0 [/home/e/Documents/research/byotee/OSDZU3_Ref_Design/OSDZU3_Ref_Design.gen/sources_1/bd/byotee_extclk/ipshared/00dd/hdl/mdm_v3_2_vh_rfs.vhd:9111]
WARNING: [Synth 8-5733] ignoring attributes on constant declaration output_select_1 [/home/e/Documents/research/byotee/OSDZU3_Ref_Design/OSDZU3_Ref_Design.gen/sources_1/bd/byotee_extclk/ipshared/00dd/hdl/mdm_v3_2_vh_rfs.vhd:9140]
	Parameter C_TARGET bound to: 6 - type: integer 
	Parameter C_USE_BSCAN bound to: 0 - type: integer 
	Parameter C_MB_DBG_PORTS bound to: 1 - type: integer 
	Parameter C_USE_CONFIG_RESET bound to: 0 - type: integer 
	Parameter C_USE_SRL16 bound to: yes - type: string 
	Parameter C_DEBUG_INTERFACE bound to: 0 - type: integer 
	Parameter C_DBG_REG_ACCESS bound to: 1 - type: integer 
	Parameter C_DBG_MEM_ACCESS bound to: 1 - type: integer 
	Parameter C_M_AXI_ADDR_WIDTH bound to: 32 - type: integer 
	Parameter C_M_AXI_DATA_WIDTH bound to: 32 - type: integer 
	Parameter C_USE_CROSS_TRIGGER bound to: 0 - type: integer 
	Parameter C_EXT_TRIG_RESET_VALUE bound to: 20'b11110001001000110100 
	Parameter C_USE_UART bound to: 1 - type: integer 
	Parameter C_UART_WIDTH bound to: 8 - type: integer 
	Parameter C_TRACE_OUTPUT bound to: 3 - type: integer 
	Parameter C_TRACE_PROTOCOL bound to: 1 - type: integer 
	Parameter C_EN_WIDTH bound to: 1 - type: integer 
INFO: [Synth 8-3491] module 'JTAG_CONTROL' declared at '/home/e/Documents/research/byotee/OSDZU3_Ref_Design/OSDZU3_Ref_Design.gen/sources_1/bd/byotee_extclk/ipshared/00dd/hdl/mdm_v3_2_vh_rfs.vhd:3087' bound to instance 'JTAG_CONTROL_I' of component 'JTAG_CONTROL' [/home/e/Documents/research/byotee/OSDZU3_Ref_Design/OSDZU3_Ref_Design.gen/sources_1/bd/byotee_extclk/ipshared/00dd/hdl/mdm_v3_2_vh_rfs.vhd:10434]
INFO: [Synth 8-638] synthesizing module 'JTAG_CONTROL' [/home/e/Documents/research/byotee/OSDZU3_Ref_Design/OSDZU3_Ref_Design.gen/sources_1/bd/byotee_extclk/ipshared/00dd/hdl/mdm_v3_2_vh_rfs.vhd:3360]
INFO: [Synth 8-3491] module 'xil_scan_reset_control' declared at '/home/e/Documents/research/byotee/OSDZU3_Ref_Design/OSDZU3_Ref_Design.gen/sources_1/bd/byotee_extclk/ipshared/00dd/hdl/mdm_v3_2_vh_rfs.vhd:306' bound to instance 'config_with_scan_reset_i' of component 'xil_scan_reset_control' [/home/e/Documents/research/byotee/OSDZU3_Ref_Design/OSDZU3_Ref_Design.gen/sources_1/bd/byotee_extclk/ipshared/00dd/hdl/mdm_v3_2_vh_rfs.vhd:3669]
INFO: [Synth 8-3491] module 'xil_scan_reset_control' declared at '/home/e/Documents/research/byotee/OSDZU3_Ref_Design/OSDZU3_Ref_Design.gen/sources_1/bd/byotee_extclk/ipshared/00dd/hdl/mdm_v3_2_vh_rfs.vhd:306' bound to instance 'sel_with_scan_reset_i' of component 'xil_scan_reset_control' [/home/e/Documents/research/byotee/OSDZU3_Ref_Design/OSDZU3_Ref_Design.gen/sources_1/bd/byotee_extclk/ipshared/00dd/hdl/mdm_v3_2_vh_rfs.vhd:3677]
	Parameter C_TARGET bound to: 6 - type: integer 
INFO: [Synth 8-3491] module 'MB_FDC_1' declared at '/home/e/Documents/research/byotee/OSDZU3_Ref_Design/OSDZU3_Ref_Design.gen/sources_1/bd/byotee_extclk/ipshared/00dd/hdl/mdm_v3_2_vh_rfs.vhd:756' bound to instance 'FDC_I' of component 'MB_FDC_1' [/home/e/Documents/research/byotee/OSDZU3_Ref_Design/OSDZU3_Ref_Design.gen/sources_1/bd/byotee_extclk/ipshared/00dd/hdl/mdm_v3_2_vh_rfs.vhd:3734]
INFO: [Synth 8-638] synthesizing module 'MB_FDC_1' [/home/e/Documents/research/byotee/OSDZU3_Ref_Design/OSDZU3_Ref_Design.gen/sources_1/bd/byotee_extclk/ipshared/00dd/hdl/mdm_v3_2_vh_rfs.vhd:772]
	Parameter INIT bound to: 1'b0 
INFO: [Synth 8-113] binding component instance 'Native' to cell 'FDC_1' [/home/e/Documents/research/byotee/OSDZU3_Ref_Design/OSDZU3_Ref_Design.gen/sources_1/bd/byotee_extclk/ipshared/00dd/hdl/mdm_v3_2_vh_rfs.vhd:793]
INFO: [Synth 8-256] done synthesizing module 'MB_FDC_1' (0#1) [/home/e/Documents/research/byotee/OSDZU3_Ref_Design/OSDZU3_Ref_Design.gen/sources_1/bd/byotee_extclk/ipshared/00dd/hdl/mdm_v3_2_vh_rfs.vhd:772]
	Parameter C_TARGET bound to: 6 - type: integer 
INFO: [Synth 8-3491] module 'MB_FDRE_1' declared at '/home/e/Documents/research/byotee/OSDZU3_Ref_Design/OSDZU3_Ref_Design.gen/sources_1/bd/byotee_extclk/ipshared/00dd/hdl/mdm_v3_2_vh_rfs.vhd:815' bound to instance 'SYNC_FDRE' of component 'MB_FDRE_1' [/home/e/Documents/research/byotee/OSDZU3_Ref_Design/OSDZU3_Ref_Design.gen/sources_1/bd/byotee_extclk/ipshared/00dd/hdl/mdm_v3_2_vh_rfs.vhd:3744]
INFO: [Synth 8-638] synthesizing module 'MB_FDRE_1' [/home/e/Documents/research/byotee/OSDZU3_Ref_Design/OSDZU3_Ref_Design.gen/sources_1/bd/byotee_extclk/ipshared/00dd/hdl/mdm_v3_2_vh_rfs.vhd:832]
	Parameter INIT bound to: 1'b0 
INFO: [Synth 8-113] binding component instance 'Native' to cell 'FDRE_1' [/home/e/Documents/research/byotee/OSDZU3_Ref_Design/OSDZU3_Ref_Design.gen/sources_1/bd/byotee_extclk/ipshared/00dd/hdl/mdm_v3_2_vh_rfs.vhd:855]
INFO: [Synth 8-256] done synthesizing module 'MB_FDRE_1' (0#1) [/home/e/Documents/research/byotee/OSDZU3_Ref_Design/OSDZU3_Ref_Design.gen/sources_1/bd/byotee_extclk/ipshared/00dd/hdl/mdm_v3_2_vh_rfs.vhd:832]
	Parameter C_TARGET bound to: 6 - type: integer 
	Parameter C_STATIC bound to: 1 - type: bool 
	Parameter C_USE_SRL16 bound to: yes - type: string 
	Parameter INIT bound to: 16'b0000000101100111 
INFO: [Synth 8-3491] module 'MB_SRL16E' declared at '/home/e/Documents/research/byotee/OSDZU3_Ref_Design/OSDZU3_Ref_Design.gen/sources_1/bd/byotee_extclk/ipshared/00dd/hdl/mdm_v3_2_vh_rfs.vhd:878' bound to instance 'SRL16E_1' of component 'MB_SRL16E' [/home/e/Documents/research/byotee/OSDZU3_Ref_Design/OSDZU3_Ref_Design.gen/sources_1/bd/byotee_extclk/ipshared/00dd/hdl/mdm_v3_2_vh_rfs.vhd:3938]
INFO: [Synth 8-638] synthesizing module 'MB_SRL16E' [/home/e/Documents/research/byotee/OSDZU3_Ref_Design/OSDZU3_Ref_Design.gen/sources_1/bd/byotee_extclk/ipshared/00dd/hdl/mdm_v3_2_vh_rfs.vhd:902]
	Parameter INIT bound to: 16'b0000000101100111 
INFO: [Synth 8-113] binding component instance 'MB_SRL16E_I1' to cell 'SRL16E' [/home/e/Documents/research/byotee/OSDZU3_Ref_Design/OSDZU3_Ref_Design.gen/sources_1/bd/byotee_extclk/ipshared/00dd/hdl/mdm_v3_2_vh_rfs.vhd:906]
INFO: [Synth 8-256] done synthesizing module 'MB_SRL16E' (0#1) [/home/e/Documents/research/byotee/OSDZU3_Ref_Design/OSDZU3_Ref_Design.gen/sources_1/bd/byotee_extclk/ipshared/00dd/hdl/mdm_v3_2_vh_rfs.vhd:902]
	Parameter C_TARGET bound to: 6 - type: integer 
	Parameter C_STATIC bound to: 1 - type: bool 
	Parameter C_USE_SRL16 bound to: yes - type: string 
	Parameter INIT bound to: 16'b0100001011100111 
INFO: [Synth 8-3491] module 'MB_SRL16E' declared at '/home/e/Documents/research/byotee/OSDZU3_Ref_Design/OSDZU3_Ref_Design.gen/sources_1/bd/byotee_extclk/ipshared/00dd/hdl/mdm_v3_2_vh_rfs.vhd:878' bound to instance 'SRL16E_2' of component 'MB_SRL16E' [/home/e/Documents/research/byotee/OSDZU3_Ref_Design/OSDZU3_Ref_Design.gen/sources_1/bd/byotee_extclk/ipshared/00dd/hdl/mdm_v3_2_vh_rfs.vhd:3956]
INFO: [Synth 8-638] synthesizing module 'MB_SRL16E__parameterized1' [/home/e/Documents/research/byotee/OSDZU3_Ref_Design/OSDZU3_Ref_Design.gen/sources_1/bd/byotee_extclk/ipshared/00dd/hdl/mdm_v3_2_vh_rfs.vhd:902]
	Parameter INIT bound to: 16'b0100001011100111 
INFO: [Synth 8-113] binding component instance 'MB_SRL16E_I1' to cell 'SRL16E' [/home/e/Documents/research/byotee/OSDZU3_Ref_Design/OSDZU3_Ref_Design.gen/sources_1/bd/byotee_extclk/ipshared/00dd/hdl/mdm_v3_2_vh_rfs.vhd:906]
INFO: [Synth 8-256] done synthesizing module 'MB_SRL16E__parameterized1' (0#1) [/home/e/Documents/research/byotee/OSDZU3_Ref_Design/OSDZU3_Ref_Design.gen/sources_1/bd/byotee_extclk/ipshared/00dd/hdl/mdm_v3_2_vh_rfs.vhd:902]
	Parameter C_TARGET bound to: 6 - type: integer 
	Parameter C_STATIC bound to: 1 - type: bool 
	Parameter C_USE_SRL16 bound to: yes - type: string 
	Parameter INIT bound to: 16'b0000000000111011 
INFO: [Synth 8-3491] module 'MB_SRL16E' declared at '/home/e/Documents/research/byotee/OSDZU3_Ref_Design/OSDZU3_Ref_Design.gen/sources_1/bd/byotee_extclk/ipshared/00dd/hdl/mdm_v3_2_vh_rfs.vhd:878' bound to instance 'SRL16E_3' of component 'MB_SRL16E' [/home/e/Documents/research/byotee/OSDZU3_Ref_Design/OSDZU3_Ref_Design.gen/sources_1/bd/byotee_extclk/ipshared/00dd/hdl/mdm_v3_2_vh_rfs.vhd:3976]
INFO: [Synth 8-638] synthesizing module 'MB_SRL16E__parameterized3' [/home/e/Documents/research/byotee/OSDZU3_Ref_Design/OSDZU3_Ref_Design.gen/sources_1/bd/byotee_extclk/ipshared/00dd/hdl/mdm_v3_2_vh_rfs.vhd:902]
	Parameter INIT bound to: 16'b0000000000111011 
INFO: [Synth 8-113] binding component instance 'MB_SRL16E_I1' to cell 'SRL16E' [/home/e/Documents/research/byotee/OSDZU3_Ref_Design/OSDZU3_Ref_Design.gen/sources_1/bd/byotee_extclk/ipshared/00dd/hdl/mdm_v3_2_vh_rfs.vhd:906]
INFO: [Synth 8-256] done synthesizing module 'MB_SRL16E__parameterized3' (0#1) [/home/e/Documents/research/byotee/OSDZU3_Ref_Design/OSDZU3_Ref_Design.gen/sources_1/bd/byotee_extclk/ipshared/00dd/hdl/mdm_v3_2_vh_rfs.vhd:902]
	Parameter C_TARGET bound to: 6 - type: integer 
	Parameter C_STATIC bound to: 1 - type: bool 
	Parameter C_USE_SRL16 bound to: yes - type: string 
	Parameter INIT bound to: 16'b0100010001000011 
INFO: [Synth 8-3491] module 'MB_SRL16E' declared at '/home/e/Documents/research/byotee/OSDZU3_Ref_Design/OSDZU3_Ref_Design.gen/sources_1/bd/byotee_extclk/ipshared/00dd/hdl/mdm_v3_2_vh_rfs.vhd:878' bound to instance 'SRL16E_ID_1' of component 'MB_SRL16E' [/home/e/Documents/research/byotee/OSDZU3_Ref_Design/OSDZU3_Ref_Design.gen/sources_1/bd/byotee_extclk/ipshared/00dd/hdl/mdm_v3_2_vh_rfs.vhd:4027]
INFO: [Synth 8-638] synthesizing module 'MB_SRL16E__parameterized5' [/home/e/Documents/research/byotee/OSDZU3_Ref_Design/OSDZU3_Ref_Design.gen/sources_1/bd/byotee_extclk/ipshared/00dd/hdl/mdm_v3_2_vh_rfs.vhd:902]
	Parameter INIT bound to: 16'b0100010001000011 
INFO: [Synth 8-113] binding component instance 'MB_SRL16E_I1' to cell 'SRL16E' [/home/e/Documents/research/byotee/OSDZU3_Ref_Design/OSDZU3_Ref_Design.gen/sources_1/bd/byotee_extclk/ipshared/00dd/hdl/mdm_v3_2_vh_rfs.vhd:906]
INFO: [Synth 8-256] done synthesizing module 'MB_SRL16E__parameterized5' (0#1) [/home/e/Documents/research/byotee/OSDZU3_Ref_Design/OSDZU3_Ref_Design.gen/sources_1/bd/byotee_extclk/ipshared/00dd/hdl/mdm_v3_2_vh_rfs.vhd:902]
	Parameter C_TARGET bound to: 6 - type: integer 
	Parameter C_STATIC bound to: 1 - type: bool 
	Parameter C_USE_SRL16 bound to: yes - type: string 
	Parameter INIT bound to: 16'b0101100001001101 
INFO: [Synth 8-3491] module 'MB_SRL16E' declared at '/home/e/Documents/research/byotee/OSDZU3_Ref_Design/OSDZU3_Ref_Design.gen/sources_1/bd/byotee_extclk/ipshared/00dd/hdl/mdm_v3_2_vh_rfs.vhd:878' bound to instance 'SRL16E_ID_2' of component 'MB_SRL16E' [/home/e/Documents/research/byotee/OSDZU3_Ref_Design/OSDZU3_Ref_Design.gen/sources_1/bd/byotee_extclk/ipshared/00dd/hdl/mdm_v3_2_vh_rfs.vhd:4045]
INFO: [Synth 8-638] synthesizing module 'MB_SRL16E__parameterized7' [/home/e/Documents/research/byotee/OSDZU3_Ref_Design/OSDZU3_Ref_Design.gen/sources_1/bd/byotee_extclk/ipshared/00dd/hdl/mdm_v3_2_vh_rfs.vhd:902]
	Parameter INIT bound to: 16'b0101100001001101 
INFO: [Synth 8-113] binding component instance 'MB_SRL16E_I1' to cell 'SRL16E' [/home/e/Documents/research/byotee/OSDZU3_Ref_Design/OSDZU3_Ref_Design.gen/sources_1/bd/byotee_extclk/ipshared/00dd/hdl/mdm_v3_2_vh_rfs.vhd:906]
INFO: [Synth 8-256] done synthesizing module 'MB_SRL16E__parameterized7' (0#1) [/home/e/Documents/research/byotee/OSDZU3_Ref_Design/OSDZU3_Ref_Design.gen/sources_1/bd/byotee_extclk/ipshared/00dd/hdl/mdm_v3_2_vh_rfs.vhd:902]
	Parameter C_TARGET bound to: 6 - type: integer 
INFO: [Synth 8-3491] module 'MB_FDRSE' declared at '/home/e/Documents/research/byotee/OSDZU3_Ref_Design/OSDZU3_Ref_Design.gen/sources_1/bd/byotee_extclk/ipshared/00dd/hdl/mdm_v3_2_vh_rfs.vhd:963' bound to instance 'Ext_BRK_FDRSE' of component 'MB_FDRSE' [/home/e/Documents/research/byotee/OSDZU3_Ref_Design/OSDZU3_Ref_Design.gen/sources_1/bd/byotee_extclk/ipshared/00dd/hdl/mdm_v3_2_vh_rfs.vhd:4470]
INFO: [Synth 8-638] synthesizing module 'MB_FDRSE' [/home/e/Documents/research/byotee/OSDZU3_Ref_Design/OSDZU3_Ref_Design.gen/sources_1/bd/byotee_extclk/ipshared/00dd/hdl/mdm_v3_2_vh_rfs.vhd:989]
	Parameter INIT bound to: 1'b0 
	Parameter IS_CE_INVERTED bound to: 1'b0 
	Parameter IS_C_INVERTED bound to: 1'b0 
	Parameter IS_D_INVERTED bound to: 1'b0 
	Parameter IS_R_INVERTED bound to: 1'b0 
	Parameter IS_S_INVERTED bound to: 1'b0 
INFO: [Synth 8-113] binding component instance 'Native' to cell 'FDRSE' [/home/e/Documents/research/byotee/OSDZU3_Ref_Design/OSDZU3_Ref_Design.gen/sources_1/bd/byotee_extclk/ipshared/00dd/hdl/mdm_v3_2_vh_rfs.vhd:1045]
INFO: [Synth 8-256] done synthesizing module 'MB_FDRSE' (0#1) [/home/e/Documents/research/byotee/OSDZU3_Ref_Design/OSDZU3_Ref_Design.gen/sources_1/bd/byotee_extclk/ipshared/00dd/hdl/mdm_v3_2_vh_rfs.vhd:989]
INFO: [Synth 8-3491] module 'xil_scan_reset_control' declared at '/home/e/Documents/research/byotee/OSDZU3_Ref_Design/OSDZU3_Ref_Design.gen/sources_1/bd/byotee_extclk/ipshared/00dd/hdl/mdm_v3_2_vh_rfs.vhd:306' bound to instance 'data_cmd_reset_i' of component 'xil_scan_reset_control' [/home/e/Documents/research/byotee/OSDZU3_Ref_Design/OSDZU3_Ref_Design.gen/sources_1/bd/byotee_extclk/ipshared/00dd/hdl/mdm_v3_2_vh_rfs.vhd:4513]
	Parameter C_TARGET bound to: 6 - type: integer 
	Parameter C_DATA_BITS bound to: 8 - type: integer 
	Parameter C_DEPTH bound to: 16 - type: integer 
	Parameter C_USE_SRL16 bound to: yes - type: string 
INFO: [Synth 8-3491] module 'SRL_FIFO' declared at '/home/e/Documents/research/byotee/OSDZU3_Ref_Design/OSDZU3_Ref_Design.gen/sources_1/bd/byotee_extclk/ipshared/00dd/hdl/mdm_v3_2_vh_rfs.vhd:1962' bound to instance 'RX_FIFO_I' of component 'SRL_FIFO' [/home/e/Documents/research/byotee/OSDZU3_Ref_Design/OSDZU3_Ref_Design.gen/sources_1/bd/byotee_extclk/ipshared/00dd/hdl/mdm_v3_2_vh_rfs.vhd:4614]
INFO: [Synth 8-638] synthesizing module 'SRL_FIFO' [/home/e/Documents/research/byotee/OSDZU3_Ref_Design/OSDZU3_Ref_Design.gen/sources_1/bd/byotee_extclk/ipshared/00dd/hdl/mdm_v3_2_vh_rfs.vhd:1982]
	Parameter C_TARGET bound to: 6 - type: integer 
INFO: [Synth 8-3491] module 'MB_MUXCY_XORCY' declared at '/home/e/Documents/research/byotee/OSDZU3_Ref_Design/OSDZU3_Ref_Design.gen/sources_1/bd/byotee_extclk/ipshared/00dd/hdl/mdm_v3_2_vh_rfs.vhd:1074' bound to instance 'MUXCY_L_I' of component 'MB_MUXCY_XORCY' [/home/e/Documents/research/byotee/OSDZU3_Ref_Design/OSDZU3_Ref_Design.gen/sources_1/bd/byotee_extclk/ipshared/00dd/hdl/mdm_v3_2_vh_rfs.vhd:2112]
INFO: [Synth 8-638] synthesizing module 'MB_MUXCY_XORCY' [/home/e/Documents/research/byotee/OSDZU3_Ref_Design/OSDZU3_Ref_Design.gen/sources_1/bd/byotee_extclk/ipshared/00dd/hdl/mdm_v3_2_vh_rfs.vhd:1090]
INFO: [Synth 8-113] binding component instance 'Native_I1' to cell 'MUXCY_L' [/home/e/Documents/research/byotee/OSDZU3_Ref_Design/OSDZU3_Ref_Design.gen/sources_1/bd/byotee_extclk/ipshared/00dd/hdl/mdm_v3_2_vh_rfs.vhd:1101]
INFO: [Synth 8-113] binding component instance 'Native_I2' to cell 'XORCY' [/home/e/Documents/research/byotee/OSDZU3_Ref_Design/OSDZU3_Ref_Design.gen/sources_1/bd/byotee_extclk/ipshared/00dd/hdl/mdm_v3_2_vh_rfs.vhd:1108]
INFO: [Synth 8-256] done synthesizing module 'MB_MUXCY_XORCY' (0#1) [/home/e/Documents/research/byotee/OSDZU3_Ref_Design/OSDZU3_Ref_Design.gen/sources_1/bd/byotee_extclk/ipshared/00dd/hdl/mdm_v3_2_vh_rfs.vhd:1090]
	Parameter C_TARGET bound to: 6 - type: integer 
INFO: [Synth 8-3491] module 'MB_FDRE' declared at '/home/e/Documents/research/byotee/OSDZU3_Ref_Design/OSDZU3_Ref_Design.gen/sources_1/bd/byotee_extclk/ipshared/00dd/hdl/mdm_v3_2_vh_rfs.vhd:575' bound to instance 'FDRE_I' of component 'MB_FDRE' [/home/e/Documents/research/byotee/OSDZU3_Ref_Design/OSDZU3_Ref_Design.gen/sources_1/bd/byotee_extclk/ipshared/00dd/hdl/mdm_v3_2_vh_rfs.vhd:2136]
	Parameter C_TARGET bound to: 6 - type: integer 
INFO: [Synth 8-3491] module 'MB_MUXCY_XORCY' declared at '/home/e/Documents/research/byotee/OSDZU3_Ref_Design/OSDZU3_Ref_Design.gen/sources_1/bd/byotee_extclk/ipshared/00dd/hdl/mdm_v3_2_vh_rfs.vhd:1074' bound to instance 'MUXCY_L_I' of component 'MB_MUXCY_XORCY' [/home/e/Documents/research/byotee/OSDZU3_Ref_Design/OSDZU3_Ref_Design.gen/sources_1/bd/byotee_extclk/ipshared/00dd/hdl/mdm_v3_2_vh_rfs.vhd:2112]
	Parameter C_TARGET bound to: 6 - type: integer 
INFO: [Synth 8-3491] module 'MB_FDRE' declared at '/home/e/Documents/research/byotee/OSDZU3_Ref_Design/OSDZU3_Ref_Design.gen/sources_1/bd/byotee_extclk/ipshared/00dd/hdl/mdm_v3_2_vh_rfs.vhd:575' bound to instance 'FDRE_I' of component 'MB_FDRE' [/home/e/Documents/research/byotee/OSDZU3_Ref_Design/OSDZU3_Ref_Design.gen/sources_1/bd/byotee_extclk/ipshared/00dd/hdl/mdm_v3_2_vh_rfs.vhd:2136]
	Parameter C_TARGET bound to: 6 - type: integer 
INFO: [Synth 8-3491] module 'MB_MUXCY_XORCY' declared at '/home/e/Documents/research/byotee/OSDZU3_Ref_Design/OSDZU3_Ref_Design.gen/sources_1/bd/byotee_extclk/ipshared/00dd/hdl/mdm_v3_2_vh_rfs.vhd:1074' bound to instance 'MUXCY_L_I' of component 'MB_MUXCY_XORCY' [/home/e/Documents/research/byotee/OSDZU3_Ref_Design/OSDZU3_Ref_Design.gen/sources_1/bd/byotee_extclk/ipshared/00dd/hdl/mdm_v3_2_vh_rfs.vhd:2112]
	Parameter C_TARGET bound to: 6 - type: integer 
INFO: [Synth 8-3491] module 'MB_FDRE' declared at '/home/e/Documents/research/byotee/OSDZU3_Ref_Design/OSDZU3_Ref_Design.gen/sources_1/bd/byotee_extclk/ipshared/00dd/hdl/mdm_v3_2_vh_rfs.vhd:575' bound to instance 'FDRE_I' of component 'MB_FDRE' [/home/e/Documents/research/byotee/OSDZU3_Ref_Design/OSDZU3_Ref_Design.gen/sources_1/bd/byotee_extclk/ipshared/00dd/hdl/mdm_v3_2_vh_rfs.vhd:2136]
	Parameter C_TARGET bound to: 6 - type: integer 
INFO: [Synth 8-3491] module 'MB_XORCY' declared at '/home/e/Documents/research/byotee/OSDZU3_Ref_Design/OSDZU3_Ref_Design.gen/sources_1/bd/byotee_extclk/ipshared/00dd/hdl/mdm_v3_2_vh_rfs.vhd:1170' bound to instance 'XORCY_I' of component 'MB_XORCY' [/home/e/Documents/research/byotee/OSDZU3_Ref_Design/OSDZU3_Ref_Design.gen/sources_1/bd/byotee_extclk/ipshared/00dd/hdl/mdm_v3_2_vh_rfs.vhd:2126]
INFO: [Synth 8-638] synthesizing module 'MB_XORCY' [/home/e/Documents/research/byotee/OSDZU3_Ref_Design/OSDZU3_Ref_Design.gen/sources_1/bd/byotee_extclk/ipshared/00dd/hdl/mdm_v3_2_vh_rfs.vhd:1184]
INFO: [Synth 8-113] binding component instance 'Native' to cell 'XORCY' [/home/e/Documents/research/byotee/OSDZU3_Ref_Design/OSDZU3_Ref_Design.gen/sources_1/bd/byotee_extclk/ipshared/00dd/hdl/mdm_v3_2_vh_rfs.vhd:1194]
INFO: [Synth 8-256] done synthesizing module 'MB_XORCY' (0#1) [/home/e/Documents/research/byotee/OSDZU3_Ref_Design/OSDZU3_Ref_Design.gen/sources_1/bd/byotee_extclk/ipshared/00dd/hdl/mdm_v3_2_vh_rfs.vhd:1184]
	Parameter C_TARGET bound to: 6 - type: integer 
INFO: [Synth 8-3491] module 'MB_FDRE' declared at '/home/e/Documents/research/byotee/OSDZU3_Ref_Design/OSDZU3_Ref_Design.gen/sources_1/bd/byotee_extclk/ipshared/00dd/hdl/mdm_v3_2_vh_rfs.vhd:575' bound to instance 'FDRE_I' of component 'MB_FDRE' [/home/e/Documents/research/byotee/OSDZU3_Ref_Design/OSDZU3_Ref_Design.gen/sources_1/bd/byotee_extclk/ipshared/00dd/hdl/mdm_v3_2_vh_rfs.vhd:2136]
	Parameter C_TARGET bound to: 6 - type: integer 
	Parameter C_USE_SRL16 bound to: yes - type: string 
	Parameter INIT bound to: 16'b0000000000000000 
INFO: [Synth 8-3491] module 'MB_SRL16E' declared at '/home/e/Documents/research/byotee/OSDZU3_Ref_Design/OSDZU3_Ref_Design.gen/sources_1/bd/byotee_extclk/ipshared/00dd/hdl/mdm_v3_2_vh_rfs.vhd:878' bound to instance 'SRL16E_I' of component 'MB_SRL16E' [/home/e/Documents/research/byotee/OSDZU3_Ref_Design/OSDZU3_Ref_Design.gen/sources_1/bd/byotee_extclk/ipshared/00dd/hdl/mdm_v3_2_vh_rfs.vhd:2153]
INFO: [Synth 8-638] synthesizing module 'MB_SRL16E__parameterized9' [/home/e/Documents/research/byotee/OSDZU3_Ref_Design/OSDZU3_Ref_Design.gen/sources_1/bd/byotee_extclk/ipshared/00dd/hdl/mdm_v3_2_vh_rfs.vhd:902]
	Parameter INIT bound to: 16'b0000000000000000 
INFO: [Synth 8-113] binding component instance 'MB_SRL16E_I1' to cell 'SRL16E' [/home/e/Documents/research/byotee/OSDZU3_Ref_Design/OSDZU3_Ref_Design.gen/sources_1/bd/byotee_extclk/ipshared/00dd/hdl/mdm_v3_2_vh_rfs.vhd:906]
INFO: [Synth 8-256] done synthesizing module 'MB_SRL16E__parameterized9' (0#1) [/home/e/Documents/research/byotee/OSDZU3_Ref_Design/OSDZU3_Ref_Design.gen/sources_1/bd/byotee_extclk/ipshared/00dd/hdl/mdm_v3_2_vh_rfs.vhd:902]
	Parameter C_TARGET bound to: 6 - type: integer 
	Parameter C_USE_SRL16 bound to: yes - type: string 
	Parameter INIT bound to: 16'b0000000000000000 
INFO: [Synth 8-3491] module 'MB_SRL16E' declared at '/home/e/Documents/research/byotee/OSDZU3_Ref_Design/OSDZU3_Ref_Design.gen/sources_1/bd/byotee_extclk/ipshared/00dd/hdl/mdm_v3_2_vh_rfs.vhd:878' bound to instance 'SRL16E_I' of component 'MB_SRL16E' [/home/e/Documents/research/byotee/OSDZU3_Ref_Design/OSDZU3_Ref_Design.gen/sources_1/bd/byotee_extclk/ipshared/00dd/hdl/mdm_v3_2_vh_rfs.vhd:2153]
	Parameter C_TARGET bound to: 6 - type: integer 
	Parameter C_USE_SRL16 bound to: yes - type: string 
	Parameter INIT bound to: 16'b0000000000000000 
INFO: [Synth 8-3491] module 'MB_SRL16E' declared at '/home/e/Documents/research/byotee/OSDZU3_Ref_Design/OSDZU3_Ref_Design.gen/sources_1/bd/byotee_extclk/ipshared/00dd/hdl/mdm_v3_2_vh_rfs.vhd:878' bound to instance 'SRL16E_I' of component 'MB_SRL16E' [/home/e/Documents/research/byotee/OSDZU3_Ref_Design/OSDZU3_Ref_Design.gen/sources_1/bd/byotee_extclk/ipshared/00dd/hdl/mdm_v3_2_vh_rfs.vhd:2153]
	Parameter C_TARGET bound to: 6 - type: integer 
	Parameter C_USE_SRL16 bound to: yes - type: string 
	Parameter INIT bound to: 16'b0000000000000000 
INFO: [Synth 8-3491] module 'MB_SRL16E' declared at '/home/e/Documents/research/byotee/OSDZU3_Ref_Design/OSDZU3_Ref_Design.gen/sources_1/bd/byotee_extclk/ipshared/00dd/hdl/mdm_v3_2_vh_rfs.vhd:878' bound to instance 'SRL16E_I' of component 'MB_SRL16E' [/home/e/Documents/research/byotee/OSDZU3_Ref_Design/OSDZU3_Ref_Design.gen/sources_1/bd/byotee_extclk/ipshared/00dd/hdl/mdm_v3_2_vh_rfs.vhd:2153]
	Parameter C_TARGET bound to: 6 - type: integer 
	Parameter C_USE_SRL16 bound to: yes - type: string 
	Parameter INIT bound to: 16'b0000000000000000 
INFO: [Synth 8-3491] module 'MB_SRL16E' declared at '/home/e/Documents/research/byotee/OSDZU3_Ref_Design/OSDZU3_Ref_Design.gen/sources_1/bd/byotee_extclk/ipshared/00dd/hdl/mdm_v3_2_vh_rfs.vhd:878' bound to instance 'SRL16E_I' of component 'MB_SRL16E' [/home/e/Documents/research/byotee/OSDZU3_Ref_Design/OSDZU3_Ref_Design.gen/sources_1/bd/byotee_extclk/ipshared/00dd/hdl/mdm_v3_2_vh_rfs.vhd:2153]
	Parameter C_TARGET bound to: 6 - type: integer 
	Parameter C_USE_SRL16 bound to: yes - type: string 
	Parameter INIT bound to: 16'b0000000000000000 
INFO: [Synth 8-3491] module 'MB_SRL16E' declared at '/home/e/Documents/research/byotee/OSDZU3_Ref_Design/OSDZU3_Ref_Design.gen/sources_1/bd/byotee_extclk/ipshared/00dd/hdl/mdm_v3_2_vh_rfs.vhd:878' bound to instance 'SRL16E_I' of component 'MB_SRL16E' [/home/e/Documents/research/byotee/OSDZU3_Ref_Design/OSDZU3_Ref_Design.gen/sources_1/bd/byotee_extclk/ipshared/00dd/hdl/mdm_v3_2_vh_rfs.vhd:2153]
	Parameter C_TARGET bound to: 6 - type: integer 
	Parameter C_USE_SRL16 bound to: yes - type: string 
	Parameter INIT bound to: 16'b0000000000000000 
INFO: [Synth 8-3491] module 'MB_SRL16E' declared at '/home/e/Documents/research/byotee/OSDZU3_Ref_Design/OSDZU3_Ref_Design.gen/sources_1/bd/byotee_extclk/ipshared/00dd/hdl/mdm_v3_2_vh_rfs.vhd:878' bound to instance 'SRL16E_I' of component 'MB_SRL16E' [/home/e/Documents/research/byotee/OSDZU3_Ref_Design/OSDZU3_Ref_Design.gen/sources_1/bd/byotee_extclk/ipshared/00dd/hdl/mdm_v3_2_vh_rfs.vhd:2153]
	Parameter C_TARGET bound to: 6 - type: integer 
	Parameter C_USE_SRL16 bound to: yes - type: string 
	Parameter INIT bound to: 16'b0000000000000000 
INFO: [Synth 8-3491] module 'MB_SRL16E' declared at '/home/e/Documents/research/byotee/OSDZU3_Ref_Design/OSDZU3_Ref_Design.gen/sources_1/bd/byotee_extclk/ipshared/00dd/hdl/mdm_v3_2_vh_rfs.vhd:878' bound to instance 'SRL16E_I' of component 'MB_SRL16E' [/home/e/Documents/research/byotee/OSDZU3_Ref_Design/OSDZU3_Ref_Design.gen/sources_1/bd/byotee_extclk/ipshared/00dd/hdl/mdm_v3_2_vh_rfs.vhd:2153]
INFO: [Synth 8-256] done synthesizing module 'SRL_FIFO' (0#1) [/home/e/Documents/research/byotee/OSDZU3_Ref_Design/OSDZU3_Ref_Design.gen/sources_1/bd/byotee_extclk/ipshared/00dd/hdl/mdm_v3_2_vh_rfs.vhd:1982]
	Parameter C_TARGET bound to: 6 - type: integer 
	Parameter C_DATA_BITS bound to: 8 - type: integer 
	Parameter C_DEPTH bound to: 16 - type: integer 
	Parameter C_USE_SRL16 bound to: yes - type: string 
INFO: [Synth 8-3491] module 'SRL_FIFO' declared at '/home/e/Documents/research/byotee/OSDZU3_Ref_Design/OSDZU3_Ref_Design.gen/sources_1/bd/byotee_extclk/ipshared/00dd/hdl/mdm_v3_2_vh_rfs.vhd:1962' bound to instance 'TX_FIFO_I' of component 'SRL_FIFO' [/home/e/Documents/research/byotee/OSDZU3_Ref_Design/OSDZU3_Ref_Design.gen/sources_1/bd/byotee_extclk/ipshared/00dd/hdl/mdm_v3_2_vh_rfs.vhd:4636]
INFO: [Synth 8-3491] module 'xil_scan_reset_control' declared at '/home/e/Documents/research/byotee/OSDZU3_Ref_Design/OSDZU3_Ref_Design.gen/sources_1/bd/byotee_extclk/ipshared/00dd/hdl/mdm_v3_2_vh_rfs.vhd:306' bound to instance 'data_cmd_reset_i' of component 'xil_scan_reset_control' [/home/e/Documents/research/byotee/OSDZU3_Ref_Design/OSDZU3_Ref_Design.gen/sources_1/bd/byotee_extclk/ipshared/00dd/hdl/mdm_v3_2_vh_rfs.vhd:4733]
INFO: [Synth 8-3491] module 'xil_scan_reset_control' declared at '/home/e/Documents/research/byotee/OSDZU3_Ref_Design/OSDZU3_Ref_Design.gen/sources_1/bd/byotee_extclk/ipshared/00dd/hdl/mdm_v3_2_vh_rfs.vhd:306' bound to instance 'force_lock_cmd_rst_i' of component 'xil_scan_reset_control' [/home/e/Documents/research/byotee/OSDZU3_Ref_Design/OSDZU3_Ref_Design.gen/sources_1/bd/byotee_extclk/ipshared/00dd/hdl/mdm_v3_2_vh_rfs.vhd:4922]
INFO: [Synth 8-3491] module 'xil_scan_reset_control' declared at '/home/e/Documents/research/byotee/OSDZU3_Ref_Design/OSDZU3_Ref_Design.gen/sources_1/bd/byotee_extclk/ipshared/00dd/hdl/mdm_v3_2_vh_rfs.vhd:306' bound to instance 'access_lock_cmd_rst_i' of component 'xil_scan_reset_control' [/home/e/Documents/research/byotee/OSDZU3_Ref_Design/OSDZU3_Ref_Design.gen/sources_1/bd/byotee_extclk/ipshared/00dd/hdl/mdm_v3_2_vh_rfs.vhd:4950]
INFO: [Synth 8-3491] module 'xil_scan_reset_control' declared at '/home/e/Documents/research/byotee/OSDZU3_Ref_Design/OSDZU3_Ref_Design.gen/sources_1/bd/byotee_extclk/ipshared/00dd/hdl/mdm_v3_2_vh_rfs.vhd:306' bound to instance 'data_cmd_reset_i' of component 'xil_scan_reset_control' [/home/e/Documents/research/byotee/OSDZU3_Ref_Design/OSDZU3_Ref_Design.gen/sources_1/bd/byotee_extclk/ipshared/00dd/hdl/mdm_v3_2_vh_rfs.vhd:5613]
INFO: [Synth 8-256] done synthesizing module 'JTAG_CONTROL' (0#1) [/home/e/Documents/research/byotee/OSDZU3_Ref_Design/OSDZU3_Ref_Design.gen/sources_1/bd/byotee_extclk/ipshared/00dd/hdl/mdm_v3_2_vh_rfs.vhd:3360]
INFO: [Synth 8-256] done synthesizing module 'MDM_Core' (0#1) [/home/e/Documents/research/byotee/OSDZU3_Ref_Design/OSDZU3_Ref_Design.gen/sources_1/bd/byotee_extclk/ipshared/00dd/hdl/mdm_v3_2_vh_rfs.vhd:7040]
	Parameter C_TARGET bound to: 6 - type: integer 
	Parameter C_M_AXI_DATA_WIDTH bound to: 32 - type: integer 
	Parameter C_M_AXI_THREAD_ID_WIDTH bound to: 1 - type: integer 
	Parameter C_M_AXI_ADDR_WIDTH bound to: 32 - type: integer 
	Parameter C_DATA_SIZE bound to: 32 - type: integer 
	Parameter C_ADDR_SIZE bound to: 32 - type: integer 
	Parameter C_LMB_PROTOCOL bound to: 0 - type: integer 
	Parameter C_HAS_FIFO_PORTS bound to: 1 - type: bool 
	Parameter C_HAS_DIRECT_PORT bound to: 1 - type: bool 
	Parameter C_USE_SRL16 bound to: yes - type: string 
INFO: [Synth 8-3491] module 'bus_master' declared at '/home/e/Documents/research/byotee/OSDZU3_Ref_Design/OSDZU3_Ref_Design.gen/sources_1/bd/byotee_extclk/ipshared/00dd/hdl/mdm_v3_2_vh_rfs.vhd:2290' bound to instance 'bus_master_I' of component 'bus_master' [/home/e/Documents/research/byotee/OSDZU3_Ref_Design/OSDZU3_Ref_Design.gen/sources_1/bd/byotee_extclk/ipshared/00dd/hdl/mdm_v3_2_vh_rfs.vhd:17626]
INFO: [Synth 8-638] synthesizing module 'bus_master' [/home/e/Documents/research/byotee/OSDZU3_Ref_Design/OSDZU3_Ref_Design.gen/sources_1/bd/byotee_extclk/ipshared/00dd/hdl/mdm_v3_2_vh_rfs.vhd:2405]
	Parameter C_TARGET bound to: 6 - type: integer 
	Parameter C_DATA_BITS bound to: 32 - type: integer 
	Parameter C_DEPTH bound to: 32 - type: integer 
	Parameter C_USE_SRL16 bound to: yes - type: string 
INFO: [Synth 8-3491] module 'SRL_FIFO' declared at '/home/e/Documents/research/byotee/OSDZU3_Ref_Design/OSDZU3_Ref_Design.gen/sources_1/bd/byotee_extclk/ipshared/00dd/hdl/mdm_v3_2_vh_rfs.vhd:1962' bound to instance 'Read_FIFO' of component 'SRL_FIFO' [/home/e/Documents/research/byotee/OSDZU3_Ref_Design/OSDZU3_Ref_Design.gen/sources_1/bd/byotee_extclk/ipshared/00dd/hdl/mdm_v3_2_vh_rfs.vhd:2514]
INFO: [Synth 8-638] synthesizing module 'SRL_FIFO__parameterized2' [/home/e/Documents/research/byotee/OSDZU3_Ref_Design/OSDZU3_Ref_Design.gen/sources_1/bd/byotee_extclk/ipshared/00dd/hdl/mdm_v3_2_vh_rfs.vhd:1982]
	Parameter C_TARGET bound to: 6 - type: integer 
INFO: [Synth 8-3491] module 'MB_MUXCY_XORCY' declared at '/home/e/Documents/research/byotee/OSDZU3_Ref_Design/OSDZU3_Ref_Design.gen/sources_1/bd/byotee_extclk/ipshared/00dd/hdl/mdm_v3_2_vh_rfs.vhd:1074' bound to instance 'MUXCY_L_I' of component 'MB_MUXCY_XORCY' [/home/e/Documents/research/byotee/OSDZU3_Ref_Design/OSDZU3_Ref_Design.gen/sources_1/bd/byotee_extclk/ipshared/00dd/hdl/mdm_v3_2_vh_rfs.vhd:2112]
	Parameter C_TARGET bound to: 6 - type: integer 
INFO: [Synth 8-3491] module 'MB_FDRE' declared at '/home/e/Documents/research/byotee/OSDZU3_Ref_Design/OSDZU3_Ref_Design.gen/sources_1/bd/byotee_extclk/ipshared/00dd/hdl/mdm_v3_2_vh_rfs.vhd:575' bound to instance 'FDRE_I' of component 'MB_FDRE' [/home/e/Documents/research/byotee/OSDZU3_Ref_Design/OSDZU3_Ref_Design.gen/sources_1/bd/byotee_extclk/ipshared/00dd/hdl/mdm_v3_2_vh_rfs.vhd:2136]
	Parameter C_TARGET bound to: 6 - type: integer 
INFO: [Synth 8-3491] module 'MB_MUXCY_XORCY' declared at '/home/e/Documents/research/byotee/OSDZU3_Ref_Design/OSDZU3_Ref_Design.gen/sources_1/bd/byotee_extclk/ipshared/00dd/hdl/mdm_v3_2_vh_rfs.vhd:1074' bound to instance 'MUXCY_L_I' of component 'MB_MUXCY_XORCY' [/home/e/Documents/research/byotee/OSDZU3_Ref_Design/OSDZU3_Ref_Design.gen/sources_1/bd/byotee_extclk/ipshared/00dd/hdl/mdm_v3_2_vh_rfs.vhd:2112]
	Parameter C_TARGET bound to: 6 - type: integer 
INFO: [Synth 8-3491] module 'MB_FDRE' declared at '/home/e/Documents/research/byotee/OSDZU3_Ref_Design/OSDZU3_Ref_Design.gen/sources_1/bd/byotee_extclk/ipshared/00dd/hdl/mdm_v3_2_vh_rfs.vhd:575' bound to instance 'FDRE_I' of component 'MB_FDRE' [/home/e/Documents/research/byotee/OSDZU3_Ref_Design/OSDZU3_Ref_Design.gen/sources_1/bd/byotee_extclk/ipshared/00dd/hdl/mdm_v3_2_vh_rfs.vhd:2136]
	Parameter C_TARGET bound to: 6 - type: integer 
INFO: [Synth 8-3491] module 'MB_MUXCY_XORCY' declared at '/home/e/Documents/research/byotee/OSDZU3_Ref_Design/OSDZU3_Ref_Design.gen/sources_1/bd/byotee_extclk/ipshared/00dd/hdl/mdm_v3_2_vh_rfs.vhd:1074' bound to instance 'MUXCY_L_I' of component 'MB_MUXCY_XORCY' [/home/e/Documents/research/byotee/OSDZU3_Ref_Design/OSDZU3_Ref_Design.gen/sources_1/bd/byotee_extclk/ipshared/00dd/hdl/mdm_v3_2_vh_rfs.vhd:2112]
	Parameter C_TARGET bound to: 6 - type: integer 
INFO: [Synth 8-3491] module 'MB_FDRE' declared at '/home/e/Documents/research/byotee/OSDZU3_Ref_Design/OSDZU3_Ref_Design.gen/sources_1/bd/byotee_extclk/ipshared/00dd/hdl/mdm_v3_2_vh_rfs.vhd:575' bound to instance 'FDRE_I' of component 'MB_FDRE' [/home/e/Documents/research/byotee/OSDZU3_Ref_Design/OSDZU3_Ref_Design.gen/sources_1/bd/byotee_extclk/ipshared/00dd/hdl/mdm_v3_2_vh_rfs.vhd:2136]
	Parameter C_TARGET bound to: 6 - type: integer 
INFO: [Synth 8-3491] module 'MB_MUXCY_XORCY' declared at '/home/e/Documents/research/byotee/OSDZU3_Ref_Design/OSDZU3_Ref_Design.gen/sources_1/bd/byotee_extclk/ipshared/00dd/hdl/mdm_v3_2_vh_rfs.vhd:1074' bound to instance 'MUXCY_L_I' of component 'MB_MUXCY_XORCY' [/home/e/Documents/research/byotee/OSDZU3_Ref_Design/OSDZU3_Ref_Design.gen/sources_1/bd/byotee_extclk/ipshared/00dd/hdl/mdm_v3_2_vh_rfs.vhd:2112]
	Parameter C_TARGET bound to: 6 - type: integer 
INFO: [Synth 8-3491] module 'MB_FDRE' declared at '/home/e/Documents/research/byotee/OSDZU3_Ref_Design/OSDZU3_Ref_Design.gen/sources_1/bd/byotee_extclk/ipshared/00dd/hdl/mdm_v3_2_vh_rfs.vhd:575' bound to instance 'FDRE_I' of component 'MB_FDRE' [/home/e/Documents/research/byotee/OSDZU3_Ref_Design/OSDZU3_Ref_Design.gen/sources_1/bd/byotee_extclk/ipshared/00dd/hdl/mdm_v3_2_vh_rfs.vhd:2136]
	Parameter C_TARGET bound to: 6 - type: integer 
INFO: [Synth 8-3491] module 'MB_XORCY' declared at '/home/e/Documents/research/byotee/OSDZU3_Ref_Design/OSDZU3_Ref_Design.gen/sources_1/bd/byotee_extclk/ipshared/00dd/hdl/mdm_v3_2_vh_rfs.vhd:1170' bound to instance 'XORCY_I' of component 'MB_XORCY' [/home/e/Documents/research/byotee/OSDZU3_Ref_Design/OSDZU3_Ref_Design.gen/sources_1/bd/byotee_extclk/ipshared/00dd/hdl/mdm_v3_2_vh_rfs.vhd:2126]
	Parameter C_TARGET bound to: 6 - type: integer 
INFO: [Synth 8-3491] module 'MB_FDRE' declared at '/home/e/Documents/research/byotee/OSDZU3_Ref_Design/OSDZU3_Ref_Design.gen/sources_1/bd/byotee_extclk/ipshared/00dd/hdl/mdm_v3_2_vh_rfs.vhd:575' bound to instance 'FDRE_I' of component 'MB_FDRE' [/home/e/Documents/research/byotee/OSDZU3_Ref_Design/OSDZU3_Ref_Design.gen/sources_1/bd/byotee_extclk/ipshared/00dd/hdl/mdm_v3_2_vh_rfs.vhd:2136]
	Parameter C_TARGET bound to: 6 - type: integer 
	Parameter C_USE_SRL16 bound to: yes - type: string 
	Parameter INIT bound to: 32'b00000000000000000000000000000000 
INFO: [Synth 8-3491] module 'MB_SRLC32E' declared at '/home/e/Documents/research/byotee/OSDZU3_Ref_Design/OSDZU3_Ref_Design.gen/sources_1/bd/byotee_extclk/ipshared/00dd/hdl/mdm_v3_2_vh_rfs.vhd:1212' bound to instance 'SRLC32E_I' of component 'MB_SRLC32E' [/home/e/Documents/research/byotee/OSDZU3_Ref_Design/OSDZU3_Ref_Design.gen/sources_1/bd/byotee_extclk/ipshared/00dd/hdl/mdm_v3_2_vh_rfs.vhd:2173]
INFO: [Synth 8-638] synthesizing module 'MB_SRLC32E' [/home/e/Documents/research/byotee/OSDZU3_Ref_Design/OSDZU3_Ref_Design.gen/sources_1/bd/byotee_extclk/ipshared/00dd/hdl/mdm_v3_2_vh_rfs.vhd:1236]
	Parameter INIT bound to: 32'b00000000000000000000000000000000 
	Parameter IS_CLK_INVERTED bound to: 1'b0 
INFO: [Synth 8-113] binding component instance 'Native' to cell 'SRLC32E' [/home/e/Documents/research/byotee/OSDZU3_Ref_Design/OSDZU3_Ref_Design.gen/sources_1/bd/byotee_extclk/ipshared/00dd/hdl/mdm_v3_2_vh_rfs.vhd:1284]
INFO: [Synth 8-256] done synthesizing module 'MB_SRLC32E' (0#1) [/home/e/Documents/research/byotee/OSDZU3_Ref_Design/OSDZU3_Ref_Design.gen/sources_1/bd/byotee_extclk/ipshared/00dd/hdl/mdm_v3_2_vh_rfs.vhd:1236]
	Parameter C_TARGET bound to: 6 - type: integer 
	Parameter C_USE_SRL16 bound to: yes - type: string 
	Parameter INIT bound to: 32'b00000000000000000000000000000000 
INFO: [Synth 8-3491] module 'MB_SRLC32E' declared at '/home/e/Documents/research/byotee/OSDZU3_Ref_Design/OSDZU3_Ref_Design.gen/sources_1/bd/byotee_extclk/ipshared/00dd/hdl/mdm_v3_2_vh_rfs.vhd:1212' bound to instance 'SRLC32E_I' of component 'MB_SRLC32E' [/home/e/Documents/research/byotee/OSDZU3_Ref_Design/OSDZU3_Ref_Design.gen/sources_1/bd/byotee_extclk/ipshared/00dd/hdl/mdm_v3_2_vh_rfs.vhd:2173]
	Parameter C_TARGET bound to: 6 - type: integer 
	Parameter C_USE_SRL16 bound to: yes - type: string 
	Parameter INIT bound to: 32'b00000000000000000000000000000000 
INFO: [Synth 8-3491] module 'MB_SRLC32E' declared at '/home/e/Documents/research/byotee/OSDZU3_Ref_Design/OSDZU3_Ref_Design.gen/sources_1/bd/byotee_extclk/ipshared/00dd/hdl/mdm_v3_2_vh_rfs.vhd:1212' bound to instance 'SRLC32E_I' of component 'MB_SRLC32E' [/home/e/Documents/research/byotee/OSDZU3_Ref_Design/OSDZU3_Ref_Design.gen/sources_1/bd/byotee_extclk/ipshared/00dd/hdl/mdm_v3_2_vh_rfs.vhd:2173]
	Parameter C_TARGET bound to: 6 - type: integer 
	Parameter C_USE_SRL16 bound to: yes - type: string 
	Parameter INIT bound to: 32'b00000000000000000000000000000000 
INFO: [Synth 8-3491] module 'MB_SRLC32E' declared at '/home/e/Documents/research/byotee/OSDZU3_Ref_Design/OSDZU3_Ref_Design.gen/sources_1/bd/byotee_extclk/ipshared/00dd/hdl/mdm_v3_2_vh_rfs.vhd:1212' bound to instance 'SRLC32E_I' of component 'MB_SRLC32E' [/home/e/Documents/research/byotee/OSDZU3_Ref_Design/OSDZU3_Ref_Design.gen/sources_1/bd/byotee_extclk/ipshared/00dd/hdl/mdm_v3_2_vh_rfs.vhd:2173]
	Parameter C_TARGET bound to: 6 - type: integer 
	Parameter C_USE_SRL16 bound to: yes - type: string 
	Parameter INIT bound to: 32'b00000000000000000000000000000000 
INFO: [Synth 8-3491] module 'MB_SRLC32E' declared at '/home/e/Documents/research/byotee/OSDZU3_Ref_Design/OSDZU3_Ref_Design.gen/sources_1/bd/byotee_extclk/ipshared/00dd/hdl/mdm_v3_2_vh_rfs.vhd:1212' bound to instance 'SRLC32E_I' of component 'MB_SRLC32E' [/home/e/Documents/research/byotee/OSDZU3_Ref_Design/OSDZU3_Ref_Design.gen/sources_1/bd/byotee_extclk/ipshared/00dd/hdl/mdm_v3_2_vh_rfs.vhd:2173]
	Parameter C_TARGET bound to: 6 - type: integer 
	Parameter C_USE_SRL16 bound to: yes - type: string 
	Parameter INIT bound to: 32'b00000000000000000000000000000000 
INFO: [Synth 8-3491] module 'MB_SRLC32E' declared at '/home/e/Documents/research/byotee/OSDZU3_Ref_Design/OSDZU3_Ref_Design.gen/sources_1/bd/byotee_extclk/ipshared/00dd/hdl/mdm_v3_2_vh_rfs.vhd:1212' bound to instance 'SRLC32E_I' of component 'MB_SRLC32E' [/home/e/Documents/research/byotee/OSDZU3_Ref_Design/OSDZU3_Ref_Design.gen/sources_1/bd/byotee_extclk/ipshared/00dd/hdl/mdm_v3_2_vh_rfs.vhd:2173]
	Parameter C_TARGET bound to: 6 - type: integer 
	Parameter C_USE_SRL16 bound to: yes - type: string 
	Parameter INIT bound to: 32'b00000000000000000000000000000000 
INFO: [Synth 8-3491] module 'MB_SRLC32E' declared at '/home/e/Documents/research/byotee/OSDZU3_Ref_Design/OSDZU3_Ref_Design.gen/sources_1/bd/byotee_extclk/ipshared/00dd/hdl/mdm_v3_2_vh_rfs.vhd:1212' bound to instance 'SRLC32E_I' of component 'MB_SRLC32E' [/home/e/Documents/research/byotee/OSDZU3_Ref_Design/OSDZU3_Ref_Design.gen/sources_1/bd/byotee_extclk/ipshared/00dd/hdl/mdm_v3_2_vh_rfs.vhd:2173]
	Parameter C_TARGET bound to: 6 - type: integer 
	Parameter C_USE_SRL16 bound to: yes - type: string 
	Parameter INIT bound to: 32'b00000000000000000000000000000000 
INFO: [Synth 8-3491] module 'MB_SRLC32E' declared at '/home/e/Documents/research/byotee/OSDZU3_Ref_Design/OSDZU3_Ref_Design.gen/sources_1/bd/byotee_extclk/ipshared/00dd/hdl/mdm_v3_2_vh_rfs.vhd:1212' bound to instance 'SRLC32E_I' of component 'MB_SRLC32E' [/home/e/Documents/research/byotee/OSDZU3_Ref_Design/OSDZU3_Ref_Design.gen/sources_1/bd/byotee_extclk/ipshared/00dd/hdl/mdm_v3_2_vh_rfs.vhd:2173]
	Parameter C_TARGET bound to: 6 - type: integer 
	Parameter C_USE_SRL16 bound to: yes - type: string 
	Parameter INIT bound to: 32'b00000000000000000000000000000000 
INFO: [Synth 8-3491] module 'MB_SRLC32E' declared at '/home/e/Documents/research/byotee/OSDZU3_Ref_Design/OSDZU3_Ref_Design.gen/sources_1/bd/byotee_extclk/ipshared/00dd/hdl/mdm_v3_2_vh_rfs.vhd:1212' bound to instance 'SRLC32E_I' of component 'MB_SRLC32E' [/home/e/Documents/research/byotee/OSDZU3_Ref_Design/OSDZU3_Ref_Design.gen/sources_1/bd/byotee_extclk/ipshared/00dd/hdl/mdm_v3_2_vh_rfs.vhd:2173]
	Parameter C_TARGET bound to: 6 - type: integer 
	Parameter C_USE_SRL16 bound to: yes - type: string 
	Parameter INIT bound to: 32'b00000000000000000000000000000000 
INFO: [Synth 8-3491] module 'MB_SRLC32E' declared at '/home/e/Documents/research/byotee/OSDZU3_Ref_Design/OSDZU3_Ref_Design.gen/sources_1/bd/byotee_extclk/ipshared/00dd/hdl/mdm_v3_2_vh_rfs.vhd:1212' bound to instance 'SRLC32E_I' of component 'MB_SRLC32E' [/home/e/Documents/research/byotee/OSDZU3_Ref_Design/OSDZU3_Ref_Design.gen/sources_1/bd/byotee_extclk/ipshared/00dd/hdl/mdm_v3_2_vh_rfs.vhd:2173]
	Parameter C_TARGET bound to: 6 - type: integer 
	Parameter C_USE_SRL16 bound to: yes - type: string 
	Parameter INIT bound to: 32'b00000000000000000000000000000000 
INFO: [Synth 8-3491] module 'MB_SRLC32E' declared at '/home/e/Documents/research/byotee/OSDZU3_Ref_Design/OSDZU3_Ref_Design.gen/sources_1/bd/byotee_extclk/ipshared/00dd/hdl/mdm_v3_2_vh_rfs.vhd:1212' bound to instance 'SRLC32E_I' of component 'MB_SRLC32E' [/home/e/Documents/research/byotee/OSDZU3_Ref_Design/OSDZU3_Ref_Design.gen/sources_1/bd/byotee_extclk/ipshared/00dd/hdl/mdm_v3_2_vh_rfs.vhd:2173]
	Parameter C_TARGET bound to: 6 - type: integer 
	Parameter C_USE_SRL16 bound to: yes - type: string 
	Parameter INIT bound to: 32'b00000000000000000000000000000000 
INFO: [Synth 8-3491] module 'MB_SRLC32E' declared at '/home/e/Documents/research/byotee/OSDZU3_Ref_Design/OSDZU3_Ref_Design.gen/sources_1/bd/byotee_extclk/ipshared/00dd/hdl/mdm_v3_2_vh_rfs.vhd:1212' bound to instance 'SRLC32E_I' of component 'MB_SRLC32E' [/home/e/Documents/research/byotee/OSDZU3_Ref_Design/OSDZU3_Ref_Design.gen/sources_1/bd/byotee_extclk/ipshared/00dd/hdl/mdm_v3_2_vh_rfs.vhd:2173]
	Parameter C_TARGET bound to: 6 - type: integer 
	Parameter C_USE_SRL16 bound to: yes - type: string 
	Parameter INIT bound to: 32'b00000000000000000000000000000000 
INFO: [Synth 8-3491] module 'MB_SRLC32E' declared at '/home/e/Documents/research/byotee/OSDZU3_Ref_Design/OSDZU3_Ref_Design.gen/sources_1/bd/byotee_extclk/ipshared/00dd/hdl/mdm_v3_2_vh_rfs.vhd:1212' bound to instance 'SRLC32E_I' of component 'MB_SRLC32E' [/home/e/Documents/research/byotee/OSDZU3_Ref_Design/OSDZU3_Ref_Design.gen/sources_1/bd/byotee_extclk/ipshared/00dd/hdl/mdm_v3_2_vh_rfs.vhd:2173]
	Parameter C_TARGET bound to: 6 - type: integer 
	Parameter C_USE_SRL16 bound to: yes - type: string 
	Parameter INIT bound to: 32'b00000000000000000000000000000000 
INFO: [Synth 8-3491] module 'MB_SRLC32E' declared at '/home/e/Documents/research/byotee/OSDZU3_Ref_Design/OSDZU3_Ref_Design.gen/sources_1/bd/byotee_extclk/ipshared/00dd/hdl/mdm_v3_2_vh_rfs.vhd:1212' bound to instance 'SRLC32E_I' of component 'MB_SRLC32E' [/home/e/Documents/research/byotee/OSDZU3_Ref_Design/OSDZU3_Ref_Design.gen/sources_1/bd/byotee_extclk/ipshared/00dd/hdl/mdm_v3_2_vh_rfs.vhd:2173]
	Parameter C_TARGET bound to: 6 - type: integer 
	Parameter C_USE_SRL16 bound to: yes - type: string 
	Parameter INIT bound to: 32'b00000000000000000000000000000000 
INFO: [Synth 8-3491] module 'MB_SRLC32E' declared at '/home/e/Documents/research/byotee/OSDZU3_Ref_Design/OSDZU3_Ref_Design.gen/sources_1/bd/byotee_extclk/ipshared/00dd/hdl/mdm_v3_2_vh_rfs.vhd:1212' bound to instance 'SRLC32E_I' of component 'MB_SRLC32E' [/home/e/Documents/research/byotee/OSDZU3_Ref_Design/OSDZU3_Ref_Design.gen/sources_1/bd/byotee_extclk/ipshared/00dd/hdl/mdm_v3_2_vh_rfs.vhd:2173]
	Parameter C_TARGET bound to: 6 - type: integer 
	Parameter C_USE_SRL16 bound to: yes - type: string 
	Parameter INIT bound to: 32'b00000000000000000000000000000000 
INFO: [Synth 8-3491] module 'MB_SRLC32E' declared at '/home/e/Documents/research/byotee/OSDZU3_Ref_Design/OSDZU3_Ref_Design.gen/sources_1/bd/byotee_extclk/ipshared/00dd/hdl/mdm_v3_2_vh_rfs.vhd:1212' bound to instance 'SRLC32E_I' of component 'MB_SRLC32E' [/home/e/Documents/research/byotee/OSDZU3_Ref_Design/OSDZU3_Ref_Design.gen/sources_1/bd/byotee_extclk/ipshared/00dd/hdl/mdm_v3_2_vh_rfs.vhd:2173]
	Parameter C_TARGET bound to: 6 - type: integer 
	Parameter C_USE_SRL16 bound to: yes - type: string 
	Parameter INIT bound to: 32'b00000000000000000000000000000000 
INFO: [Synth 8-3491] module 'MB_SRLC32E' declared at '/home/e/Documents/research/byotee/OSDZU3_Ref_Design/OSDZU3_Ref_Design.gen/sources_1/bd/byotee_extclk/ipshared/00dd/hdl/mdm_v3_2_vh_rfs.vhd:1212' bound to instance 'SRLC32E_I' of component 'MB_SRLC32E' [/home/e/Documents/research/byotee/OSDZU3_Ref_Design/OSDZU3_Ref_Design.gen/sources_1/bd/byotee_extclk/ipshared/00dd/hdl/mdm_v3_2_vh_rfs.vhd:2173]
	Parameter C_TARGET bound to: 6 - type: integer 
	Parameter C_USE_SRL16 bound to: yes - type: string 
	Parameter INIT bound to: 32'b00000000000000000000000000000000 
INFO: [Synth 8-3491] module 'MB_SRLC32E' declared at '/home/e/Documents/research/byotee/OSDZU3_Ref_Design/OSDZU3_Ref_Design.gen/sources_1/bd/byotee_extclk/ipshared/00dd/hdl/mdm_v3_2_vh_rfs.vhd:1212' bound to instance 'SRLC32E_I' of component 'MB_SRLC32E' [/home/e/Documents/research/byotee/OSDZU3_Ref_Design/OSDZU3_Ref_Design.gen/sources_1/bd/byotee_extclk/ipshared/00dd/hdl/mdm_v3_2_vh_rfs.vhd:2173]
	Parameter C_TARGET bound to: 6 - type: integer 
	Parameter C_USE_SRL16 bound to: yes - type: string 
	Parameter INIT bound to: 32'b00000000000000000000000000000000 
INFO: [Synth 8-3491] module 'MB_SRLC32E' declared at '/home/e/Documents/research/byotee/OSDZU3_Ref_Design/OSDZU3_Ref_Design.gen/sources_1/bd/byotee_extclk/ipshared/00dd/hdl/mdm_v3_2_vh_rfs.vhd:1212' bound to instance 'SRLC32E_I' of component 'MB_SRLC32E' [/home/e/Documents/research/byotee/OSDZU3_Ref_Design/OSDZU3_Ref_Design.gen/sources_1/bd/byotee_extclk/ipshared/00dd/hdl/mdm_v3_2_vh_rfs.vhd:2173]
	Parameter C_TARGET bound to: 6 - type: integer 
	Parameter C_USE_SRL16 bound to: yes - type: string 
	Parameter INIT bound to: 32'b00000000000000000000000000000000 
INFO: [Synth 8-3491] module 'MB_SRLC32E' declared at '/home/e/Documents/research/byotee/OSDZU3_Ref_Design/OSDZU3_Ref_Design.gen/sources_1/bd/byotee_extclk/ipshared/00dd/hdl/mdm_v3_2_vh_rfs.vhd:1212' bound to instance 'SRLC32E_I' of component 'MB_SRLC32E' [/home/e/Documents/research/byotee/OSDZU3_Ref_Design/OSDZU3_Ref_Design.gen/sources_1/bd/byotee_extclk/ipshared/00dd/hdl/mdm_v3_2_vh_rfs.vhd:2173]
	Parameter C_TARGET bound to: 6 - type: integer 
	Parameter C_USE_SRL16 bound to: yes - type: string 
	Parameter INIT bound to: 32'b00000000000000000000000000000000 
INFO: [Synth 8-3491] module 'MB_SRLC32E' declared at '/home/e/Documents/research/byotee/OSDZU3_Ref_Design/OSDZU3_Ref_Design.gen/sources_1/bd/byotee_extclk/ipshared/00dd/hdl/mdm_v3_2_vh_rfs.vhd:1212' bound to instance 'SRLC32E_I' of component 'MB_SRLC32E' [/home/e/Documents/research/byotee/OSDZU3_Ref_Design/OSDZU3_Ref_Design.gen/sources_1/bd/byotee_extclk/ipshared/00dd/hdl/mdm_v3_2_vh_rfs.vhd:2173]
	Parameter C_TARGET bound to: 6 - type: integer 
	Parameter C_USE_SRL16 bound to: yes - type: string 
	Parameter INIT bound to: 32'b00000000000000000000000000000000 
INFO: [Synth 8-3491] module 'MB_SRLC32E' declared at '/home/e/Documents/research/byotee/OSDZU3_Ref_Design/OSDZU3_Ref_Design.gen/sources_1/bd/byotee_extclk/ipshared/00dd/hdl/mdm_v3_2_vh_rfs.vhd:1212' bound to instance 'SRLC32E_I' of component 'MB_SRLC32E' [/home/e/Documents/research/byotee/OSDZU3_Ref_Design/OSDZU3_Ref_Design.gen/sources_1/bd/byotee_extclk/ipshared/00dd/hdl/mdm_v3_2_vh_rfs.vhd:2173]
	Parameter C_TARGET bound to: 6 - type: integer 
	Parameter C_USE_SRL16 bound to: yes - type: string 
	Parameter INIT bound to: 32'b00000000000000000000000000000000 
INFO: [Synth 8-3491] module 'MB_SRLC32E' declared at '/home/e/Documents/research/byotee/OSDZU3_Ref_Design/OSDZU3_Ref_Design.gen/sources_1/bd/byotee_extclk/ipshared/00dd/hdl/mdm_v3_2_vh_rfs.vhd:1212' bound to instance 'SRLC32E_I' of component 'MB_SRLC32E' [/home/e/Documents/research/byotee/OSDZU3_Ref_Design/OSDZU3_Ref_Design.gen/sources_1/bd/byotee_extclk/ipshared/00dd/hdl/mdm_v3_2_vh_rfs.vhd:2173]
	Parameter C_TARGET bound to: 6 - type: integer 
	Parameter C_USE_SRL16 bound to: yes - type: string 
	Parameter INIT bound to: 32'b00000000000000000000000000000000 
INFO: [Synth 8-3491] module 'MB_SRLC32E' declared at '/home/e/Documents/research/byotee/OSDZU3_Ref_Design/OSDZU3_Ref_Design.gen/sources_1/bd/byotee_extclk/ipshared/00dd/hdl/mdm_v3_2_vh_rfs.vhd:1212' bound to instance 'SRLC32E_I' of component 'MB_SRLC32E' [/home/e/Documents/research/byotee/OSDZU3_Ref_Design/OSDZU3_Ref_Design.gen/sources_1/bd/byotee_extclk/ipshared/00dd/hdl/mdm_v3_2_vh_rfs.vhd:2173]
	Parameter C_TARGET bound to: 6 - type: integer 
	Parameter C_USE_SRL16 bound to: yes - type: string 
	Parameter INIT bound to: 32'b00000000000000000000000000000000 
INFO: [Synth 8-3491] module 'MB_SRLC32E' declared at '/home/e/Documents/research/byotee/OSDZU3_Ref_Design/OSDZU3_Ref_Design.gen/sources_1/bd/byotee_extclk/ipshared/00dd/hdl/mdm_v3_2_vh_rfs.vhd:1212' bound to instance 'SRLC32E_I' of component 'MB_SRLC32E' [/home/e/Documents/research/byotee/OSDZU3_Ref_Design/OSDZU3_Ref_Design.gen/sources_1/bd/byotee_extclk/ipshared/00dd/hdl/mdm_v3_2_vh_rfs.vhd:2173]
	Parameter C_TARGET bound to: 6 - type: integer 
	Parameter C_USE_SRL16 bound to: yes - type: string 
	Parameter INIT bound to: 32'b00000000000000000000000000000000 
INFO: [Synth 8-3491] module 'MB_SRLC32E' declared at '/home/e/Documents/research/byotee/OSDZU3_Ref_Design/OSDZU3_Ref_Design.gen/sources_1/bd/byotee_extclk/ipshared/00dd/hdl/mdm_v3_2_vh_rfs.vhd:1212' bound to instance 'SRLC32E_I' of component 'MB_SRLC32E' [/home/e/Documents/research/byotee/OSDZU3_Ref_Design/OSDZU3_Ref_Design.gen/sources_1/bd/byotee_extclk/ipshared/00dd/hdl/mdm_v3_2_vh_rfs.vhd:2173]
	Parameter C_TARGET bound to: 6 - type: integer 
	Parameter C_USE_SRL16 bound to: yes - type: string 
	Parameter INIT bound to: 32'b00000000000000000000000000000000 
INFO: [Synth 8-3491] module 'MB_SRLC32E' declared at '/home/e/Documents/research/byotee/OSDZU3_Ref_Design/OSDZU3_Ref_Design.gen/sources_1/bd/byotee_extclk/ipshared/00dd/hdl/mdm_v3_2_vh_rfs.vhd:1212' bound to instance 'SRLC32E_I' of component 'MB_SRLC32E' [/home/e/Documents/research/byotee/OSDZU3_Ref_Design/OSDZU3_Ref_Design.gen/sources_1/bd/byotee_extclk/ipshared/00dd/hdl/mdm_v3_2_vh_rfs.vhd:2173]
	Parameter C_TARGET bound to: 6 - type: integer 
	Parameter C_USE_SRL16 bound to: yes - type: string 
	Parameter INIT bound to: 32'b00000000000000000000000000000000 
INFO: [Synth 8-3491] module 'MB_SRLC32E' declared at '/home/e/Documents/research/byotee/OSDZU3_Ref_Design/OSDZU3_Ref_Design.gen/sources_1/bd/byotee_extclk/ipshared/00dd/hdl/mdm_v3_2_vh_rfs.vhd:1212' bound to instance 'SRLC32E_I' of component 'MB_SRLC32E' [/home/e/Documents/research/byotee/OSDZU3_Ref_Design/OSDZU3_Ref_Design.gen/sources_1/bd/byotee_extclk/ipshared/00dd/hdl/mdm_v3_2_vh_rfs.vhd:2173]
	Parameter C_TARGET bound to: 6 - type: integer 
	Parameter C_USE_SRL16 bound to: yes - type: string 
	Parameter INIT bound to: 32'b00000000000000000000000000000000 
INFO: [Synth 8-3491] module 'MB_SRLC32E' declared at '/home/e/Documents/research/byotee/OSDZU3_Ref_Design/OSDZU3_Ref_Design.gen/sources_1/bd/byotee_extclk/ipshared/00dd/hdl/mdm_v3_2_vh_rfs.vhd:1212' bound to instance 'SRLC32E_I' of component 'MB_SRLC32E' [/home/e/Documents/research/byotee/OSDZU3_Ref_Design/OSDZU3_Ref_Design.gen/sources_1/bd/byotee_extclk/ipshared/00dd/hdl/mdm_v3_2_vh_rfs.vhd:2173]
	Parameter C_TARGET bound to: 6 - type: integer 
	Parameter C_USE_SRL16 bound to: yes - type: string 
	Parameter INIT bound to: 32'b00000000000000000000000000000000 
INFO: [Synth 8-3491] module 'MB_SRLC32E' declared at '/home/e/Documents/research/byotee/OSDZU3_Ref_Design/OSDZU3_Ref_Design.gen/sources_1/bd/byotee_extclk/ipshared/00dd/hdl/mdm_v3_2_vh_rfs.vhd:1212' bound to instance 'SRLC32E_I' of component 'MB_SRLC32E' [/home/e/Documents/research/byotee/OSDZU3_Ref_Design/OSDZU3_Ref_Design.gen/sources_1/bd/byotee_extclk/ipshared/00dd/hdl/mdm_v3_2_vh_rfs.vhd:2173]
	Parameter C_TARGET bound to: 6 - type: integer 
	Parameter C_USE_SRL16 bound to: yes - type: string 
	Parameter INIT bound to: 32'b00000000000000000000000000000000 
INFO: [Synth 8-3491] module 'MB_SRLC32E' declared at '/home/e/Documents/research/byotee/OSDZU3_Ref_Design/OSDZU3_Ref_Design.gen/sources_1/bd/byotee_extclk/ipshared/00dd/hdl/mdm_v3_2_vh_rfs.vhd:1212' bound to instance 'SRLC32E_I' of component 'MB_SRLC32E' [/home/e/Documents/research/byotee/OSDZU3_Ref_Design/OSDZU3_Ref_Design.gen/sources_1/bd/byotee_extclk/ipshared/00dd/hdl/mdm_v3_2_vh_rfs.vhd:2173]
	Parameter C_TARGET bound to: 6 - type: integer 
	Parameter C_USE_SRL16 bound to: yes - type: string 
	Parameter INIT bound to: 32'b00000000000000000000000000000000 
INFO: [Synth 8-3491] module 'MB_SRLC32E' declared at '/home/e/Documents/research/byotee/OSDZU3_Ref_Design/OSDZU3_Ref_Design.gen/sources_1/bd/byotee_extclk/ipshared/00dd/hdl/mdm_v3_2_vh_rfs.vhd:1212' bound to instance 'SRLC32E_I' of component 'MB_SRLC32E' [/home/e/Documents/research/byotee/OSDZU3_Ref_Design/OSDZU3_Ref_Design.gen/sources_1/bd/byotee_extclk/ipshared/00dd/hdl/mdm_v3_2_vh_rfs.vhd:2173]
INFO: [Synth 8-256] done synthesizing module 'SRL_FIFO__parameterized2' (0#1) [/home/e/Documents/research/byotee/OSDZU3_Ref_Design/OSDZU3_Ref_Design.gen/sources_1/bd/byotee_extclk/ipshared/00dd/hdl/mdm_v3_2_vh_rfs.vhd:1982]
	Parameter C_TARGET bound to: 6 - type: integer 
	Parameter C_DATA_BITS bound to: 32 - type: integer 
	Parameter C_DEPTH bound to: 32 - type: integer 
	Parameter C_USE_SRL16 bound to: yes - type: string 
INFO: [Synth 8-3491] module 'SRL_FIFO' declared at '/home/e/Documents/research/byotee/OSDZU3_Ref_Design/OSDZU3_Ref_Design.gen/sources_1/bd/byotee_extclk/ipshared/00dd/hdl/mdm_v3_2_vh_rfs.vhd:1962' bound to instance 'Write_FIFO' of component 'SRL_FIFO' [/home/e/Documents/research/byotee/OSDZU3_Ref_Design/OSDZU3_Ref_Design.gen/sources_1/bd/byotee_extclk/ipshared/00dd/hdl/mdm_v3_2_vh_rfs.vhd:2533]
INFO: [Synth 8-226] default block is never used [/home/e/Documents/research/byotee/OSDZU3_Ref_Design/OSDZU3_Ref_Design.gen/sources_1/bd/byotee_extclk/ipshared/00dd/hdl/mdm_v3_2_vh_rfs.vhd:2431]
INFO: [Synth 8-226] default block is never used [/home/e/Documents/research/byotee/OSDZU3_Ref_Design/OSDZU3_Ref_Design.gen/sources_1/bd/byotee_extclk/ipshared/00dd/hdl/mdm_v3_2_vh_rfs.vhd:2726]
INFO: [Synth 8-226] default block is never used [/home/e/Documents/research/byotee/OSDZU3_Ref_Design/OSDZU3_Ref_Design.gen/sources_1/bd/byotee_extclk/ipshared/00dd/hdl/mdm_v3_2_vh_rfs.vhd:2913]
INFO: [Synth 8-256] done synthesizing module 'bus_master' (0#1) [/home/e/Documents/research/byotee/OSDZU3_Ref_Design/OSDZU3_Ref_Design.gen/sources_1/bd/byotee_extclk/ipshared/00dd/hdl/mdm_v3_2_vh_rfs.vhd:2405]
INFO: [Synth 8-638] synthesizing module 'axi_lite_ipif' [/home/e/Documents/research/byotee/OSDZU3_Ref_Design/OSDZU3_Ref_Design.gen/sources_1/bd/byotee_extclk/ipshared/66ea/hdl/axi_lite_ipif_v3_0_vh_rfs.vhd:2948]
INFO: [Synth 8-638] synthesizing module 'slave_attachment' [/home/e/Documents/research/byotee/OSDZU3_Ref_Design/OSDZU3_Ref_Design.gen/sources_1/bd/byotee_extclk/ipshared/66ea/hdl/axi_lite_ipif_v3_0_vh_rfs.vhd:2341]
INFO: [Synth 8-638] synthesizing module 'address_decoder' [/home/e/Documents/research/byotee/OSDZU3_Ref_Design/OSDZU3_Ref_Design.gen/sources_1/bd/byotee_extclk/ipshared/66ea/hdl/axi_lite_ipif_v3_0_vh_rfs.vhd:1775]
INFO: [Synth 8-638] synthesizing module 'pselect_f' [/home/e/Documents/research/byotee/OSDZU3_Ref_Design/OSDZU3_Ref_Design.gen/sources_1/bd/byotee_extclk/ipshared/66ea/hdl/axi_lite_ipif_v3_0_vh_rfs.vhd:1534]
INFO: [Synth 8-256] done synthesizing module 'pselect_f' (0#1) [/home/e/Documents/research/byotee/OSDZU3_Ref_Design/OSDZU3_Ref_Design.gen/sources_1/bd/byotee_extclk/ipshared/66ea/hdl/axi_lite_ipif_v3_0_vh_rfs.vhd:1534]
INFO: [Synth 8-638] synthesizing module 'pselect_f__parameterized0' [/home/e/Documents/research/byotee/OSDZU3_Ref_Design/OSDZU3_Ref_Design.gen/sources_1/bd/byotee_extclk/ipshared/66ea/hdl/axi_lite_ipif_v3_0_vh_rfs.vhd:1534]
INFO: [Synth 8-256] done synthesizing module 'pselect_f__parameterized0' (0#1) [/home/e/Documents/research/byotee/OSDZU3_Ref_Design/OSDZU3_Ref_Design.gen/sources_1/bd/byotee_extclk/ipshared/66ea/hdl/axi_lite_ipif_v3_0_vh_rfs.vhd:1534]
INFO: [Synth 8-638] synthesizing module 'pselect_f__parameterized1' [/home/e/Documents/research/byotee/OSDZU3_Ref_Design/OSDZU3_Ref_Design.gen/sources_1/bd/byotee_extclk/ipshared/66ea/hdl/axi_lite_ipif_v3_0_vh_rfs.vhd:1534]
INFO: [Synth 8-256] done synthesizing module 'pselect_f__parameterized1' (0#1) [/home/e/Documents/research/byotee/OSDZU3_Ref_Design/OSDZU3_Ref_Design.gen/sources_1/bd/byotee_extclk/ipshared/66ea/hdl/axi_lite_ipif_v3_0_vh_rfs.vhd:1534]
INFO: [Synth 8-638] synthesizing module 'pselect_f__parameterized2' [/home/e/Documents/research/byotee/OSDZU3_Ref_Design/OSDZU3_Ref_Design.gen/sources_1/bd/byotee_extclk/ipshared/66ea/hdl/axi_lite_ipif_v3_0_vh_rfs.vhd:1534]
INFO: [Synth 8-256] done synthesizing module 'pselect_f__parameterized2' (0#1) [/home/e/Documents/research/byotee/OSDZU3_Ref_Design/OSDZU3_Ref_Design.gen/sources_1/bd/byotee_extclk/ipshared/66ea/hdl/axi_lite_ipif_v3_0_vh_rfs.vhd:1534]
INFO: [Synth 8-638] synthesizing module 'pselect_f__parameterized3' [/home/e/Documents/research/byotee/OSDZU3_Ref_Design/OSDZU3_Ref_Design.gen/sources_1/bd/byotee_extclk/ipshared/66ea/hdl/axi_lite_ipif_v3_0_vh_rfs.vhd:1534]
INFO: [Synth 8-256] done synthesizing module 'pselect_f__parameterized3' (0#1) [/home/e/Documents/research/byotee/OSDZU3_Ref_Design/OSDZU3_Ref_Design.gen/sources_1/bd/byotee_extclk/ipshared/66ea/hdl/axi_lite_ipif_v3_0_vh_rfs.vhd:1534]
INFO: [Synth 8-638] synthesizing module 'pselect_f__parameterized4' [/home/e/Documents/research/byotee/OSDZU3_Ref_Design/OSDZU3_Ref_Design.gen/sources_1/bd/byotee_extclk/ipshared/66ea/hdl/axi_lite_ipif_v3_0_vh_rfs.vhd:1534]
INFO: [Synth 8-256] done synthesizing module 'pselect_f__parameterized4' (0#1) [/home/e/Documents/research/byotee/OSDZU3_Ref_Design/OSDZU3_Ref_Design.gen/sources_1/bd/byotee_extclk/ipshared/66ea/hdl/axi_lite_ipif_v3_0_vh_rfs.vhd:1534]
INFO: [Synth 8-638] synthesizing module 'pselect_f__parameterized5' [/home/e/Documents/research/byotee/OSDZU3_Ref_Design/OSDZU3_Ref_Design.gen/sources_1/bd/byotee_extclk/ipshared/66ea/hdl/axi_lite_ipif_v3_0_vh_rfs.vhd:1534]
INFO: [Synth 8-256] done synthesizing module 'pselect_f__parameterized5' (0#1) [/home/e/Documents/research/byotee/OSDZU3_Ref_Design/OSDZU3_Ref_Design.gen/sources_1/bd/byotee_extclk/ipshared/66ea/hdl/axi_lite_ipif_v3_0_vh_rfs.vhd:1534]
INFO: [Synth 8-638] synthesizing module 'pselect_f__parameterized6' [/home/e/Documents/research/byotee/OSDZU3_Ref_Design/OSDZU3_Ref_Design.gen/sources_1/bd/byotee_extclk/ipshared/66ea/hdl/axi_lite_ipif_v3_0_vh_rfs.vhd:1534]
INFO: [Synth 8-256] done synthesizing module 'pselect_f__parameterized6' (0#1) [/home/e/Documents/research/byotee/OSDZU3_Ref_Design/OSDZU3_Ref_Design.gen/sources_1/bd/byotee_extclk/ipshared/66ea/hdl/axi_lite_ipif_v3_0_vh_rfs.vhd:1534]
INFO: [Synth 8-256] done synthesizing module 'address_decoder' (0#1) [/home/e/Documents/research/byotee/OSDZU3_Ref_Design/OSDZU3_Ref_Design.gen/sources_1/bd/byotee_extclk/ipshared/66ea/hdl/axi_lite_ipif_v3_0_vh_rfs.vhd:1775]
INFO: [Synth 8-226] default block is never used [/home/e/Documents/research/byotee/OSDZU3_Ref_Design/OSDZU3_Ref_Design.gen/sources_1/bd/byotee_extclk/ipshared/66ea/hdl/axi_lite_ipif_v3_0_vh_rfs.vhd:2550]
INFO: [Synth 8-256] done synthesizing module 'slave_attachment' (0#1) [/home/e/Documents/research/byotee/OSDZU3_Ref_Design/OSDZU3_Ref_Design.gen/sources_1/bd/byotee_extclk/ipshared/66ea/hdl/axi_lite_ipif_v3_0_vh_rfs.vhd:2341]
INFO: [Synth 8-256] done synthesizing module 'axi_lite_ipif' (0#1) [/home/e/Documents/research/byotee/OSDZU3_Ref_Design/OSDZU3_Ref_Design.gen/sources_1/bd/byotee_extclk/ipshared/66ea/hdl/axi_lite_ipif_v3_0_vh_rfs.vhd:2948]
INFO: [Synth 8-256] done synthesizing module 'MDM' (0#1) [/home/e/Documents/research/byotee/OSDZU3_Ref_Design/OSDZU3_Ref_Design.gen/sources_1/bd/byotee_extclk/ipshared/00dd/hdl/mdm_v3_2_vh_rfs.vhd:14367]
INFO: [Synth 8-256] done synthesizing module 'byotee_extclk_mdm_0_0' (0#1) [/home/e/Documents/research/byotee/OSDZU3_Ref_Design/OSDZU3_Ref_Design.gen/sources_1/bd/byotee_extclk/ip/byotee_extclk_mdm_0_0/synth/byotee_extclk_mdm_0_0.vhd:148]
WARNING: [Synth 8-6014] Unused sequential element Use_Trace_External_AXI_Master.trace_last_word_reg was removed.  [/home/e/Documents/research/byotee/OSDZU3_Ref_Design/OSDZU3_Ref_Design.gen/sources_1/bd/byotee_extclk/ipshared/00dd/hdl/mdm_v3_2_vh_rfs.vhd:9240]
WARNING: [Synth 8-6014] Unused sequential element Has_FIFO.lmb_rd_next_reg was removed.  [/home/e/Documents/research/byotee/OSDZU3_Ref_Design/OSDZU3_Ref_Design.gen/sources_1/bd/byotee_extclk/ipshared/00dd/hdl/mdm_v3_2_vh_rfs.vhd:2587]
WARNING: [Synth 8-6014] Unused sequential element is_read_reg was removed.  [/home/e/Documents/research/byotee/OSDZU3_Ref_Design/OSDZU3_Ref_Design.gen/sources_1/bd/byotee_extclk/ipshared/66ea/hdl/axi_lite_ipif_v3_0_vh_rfs.vhd:2447]
WARNING: [Synth 8-6014] Unused sequential element is_write_reg was removed.  [/home/e/Documents/research/byotee/OSDZU3_Ref_Design/OSDZU3_Ref_Design.gen/sources_1/bd/byotee_extclk/ipshared/66ea/hdl/axi_lite_ipif_v3_0_vh_rfs.vhd:2448]
WARNING: [Synth 8-7129] Port Address_In_Erly[3] in module address_decoder is either unconnected or has no load
WARNING: [Synth 8-7129] Port Address_In_Erly[4] in module address_decoder is either unconnected or has no load
WARNING: [Synth 8-7129] Port Bus_RNW in module address_decoder is either unconnected or has no load
WARNING: [Synth 8-7129] Port S_AXI_WSTRB[3] in module slave_attachment is either unconnected or has no load
WARNING: [Synth 8-7129] Port S_AXI_WSTRB[2] in module slave_attachment is either unconnected or has no load
WARNING: [Synth 8-7129] Port S_AXI_WSTRB[1] in module slave_attachment is either unconnected or has no load
WARNING: [Synth 8-7129] Port S_AXI_WSTRB[0] in module slave_attachment is either unconnected or has no load
WARNING: [Synth 8-7129] Port Config_Reset in module MB_SRLC32E is either unconnected or has no load
WARNING: [Synth 8-7129] Port M_AXI_BID[0] in module bus_master is either unconnected or has no load
WARNING: [Synth 8-7129] Port M_AXI_RID[0] in module bus_master is either unconnected or has no load
WARNING: [Synth 8-7129] Port Config_Reset in module MB_SRL16E__parameterized9 is either unconnected or has no load
WARNING: [Synth 8-7129] Port Config_Reset in module MB_SRL16E__parameterized7 is either unconnected or has no load
WARNING: [Synth 8-7129] Port Config_Reset in module MB_SRL16E__parameterized5 is either unconnected or has no load
WARNING: [Synth 8-7129] Port Config_Reset in module MB_SRL16E__parameterized3 is either unconnected or has no load
WARNING: [Synth 8-7129] Port Config_Reset in module MB_SRL16E__parameterized1 is either unconnected or has no load
WARNING: [Synth 8-7129] Port Config_Reset in module MB_SRL16E is either unconnected or has no load
WARNING: [Synth 8-7129] Port Rst in module JTAG_CONTROL is either unconnected or has no load
WARNING: [Synth 8-7129] Port DbgReg_DRCK in module JTAG_CONTROL is either unconnected or has no load
WARNING: [Synth 8-7129] Port DbgReg_UPDATE in module JTAG_CONTROL is either unconnected or has no load
WARNING: [Synth 8-7129] Port AXI_Transaction in module JTAG_CONTROL is either unconnected or has no load
WARNING: [Synth 8-7129] Port AXI_Instr_Overrun in module JTAG_CONTROL is either unconnected or has no load
WARNING: [Synth 8-7129] Port AXI_Data_Overrun in module JTAG_CONTROL is either unconnected or has no load
WARNING: [Synth 8-7129] Port RESET in module JTAG_CONTROL is either unconnected or has no load
WARNING: [Synth 8-7129] Port Master_data_exists in module JTAG_CONTROL is either unconnected or has no load
WARNING: [Synth 8-7129] Port Dbg_Trig_In_0[0] in module JTAG_CONTROL is either unconnected or has no load
WARNING: [Synth 8-7129] Port Dbg_Trig_In_0[1] in module JTAG_CONTROL is either unconnected or has no load
WARNING: [Synth 8-7129] Port Dbg_Trig_In_0[2] in module JTAG_CONTROL is either unconnected or has no load
WARNING: [Synth 8-7129] Port Dbg_Trig_In_0[3] in module JTAG_CONTROL is either unconnected or has no load
WARNING: [Synth 8-7129] Port Dbg_Trig_In_0[4] in module JTAG_CONTROL is either unconnected or has no load
WARNING: [Synth 8-7129] Port Dbg_Trig_In_0[5] in module JTAG_CONTROL is either unconnected or has no load
WARNING: [Synth 8-7129] Port Dbg_Trig_In_0[6] in module JTAG_CONTROL is either unconnected or has no load
WARNING: [Synth 8-7129] Port Dbg_Trig_In_0[7] in module JTAG_CONTROL is either unconnected or has no load
WARNING: [Synth 8-7129] Port Dbg_Trig_In_1[0] in module JTAG_CONTROL is either unconnected or has no load
WARNING: [Synth 8-7129] Port Dbg_Trig_In_1[1] in module JTAG_CONTROL is either unconnected or has no load
WARNING: [Synth 8-7129] Port Dbg_Trig_In_1[2] in module JTAG_CONTROL is either unconnected or has no load
WARNING: [Synth 8-7129] Port Dbg_Trig_In_1[3] in module JTAG_CONTROL is either unconnected or has no load
WARNING: [Synth 8-7129] Port Dbg_Trig_In_1[4] in module JTAG_CONTROL is either unconnected or has no load
WARNING: [Synth 8-7129] Port Dbg_Trig_In_1[5] in module JTAG_CONTROL is either unconnected or has no load
WARNING: [Synth 8-7129] Port Dbg_Trig_In_1[6] in module JTAG_CONTROL is either unconnected or has no load
WARNING: [Synth 8-7129] Port Dbg_Trig_In_1[7] in module JTAG_CONTROL is either unconnected or has no load
WARNING: [Synth 8-7129] Port Dbg_Trig_In_2[0] in module JTAG_CONTROL is either unconnected or has no load
WARNING: [Synth 8-7129] Port Dbg_Trig_In_2[1] in module JTAG_CONTROL is either unconnected or has no load
WARNING: [Synth 8-7129] Port Dbg_Trig_In_2[2] in module JTAG_CONTROL is either unconnected or has no load
WARNING: [Synth 8-7129] Port Dbg_Trig_In_2[3] in module JTAG_CONTROL is either unconnected or has no load
WARNING: [Synth 8-7129] Port Dbg_Trig_In_2[4] in module JTAG_CONTROL is either unconnected or has no load
WARNING: [Synth 8-7129] Port Dbg_Trig_In_2[5] in module JTAG_CONTROL is either unconnected or has no load
WARNING: [Synth 8-7129] Port Dbg_Trig_In_2[6] in module JTAG_CONTROL is either unconnected or has no load
WARNING: [Synth 8-7129] Port Dbg_Trig_In_2[7] in module JTAG_CONTROL is either unconnected or has no load
WARNING: [Synth 8-7129] Port Dbg_Trig_In_3[0] in module JTAG_CONTROL is either unconnected or has no load
WARNING: [Synth 8-7129] Port Dbg_Trig_In_3[1] in module JTAG_CONTROL is either unconnected or has no load
WARNING: [Synth 8-7129] Port Dbg_Trig_In_3[2] in module JTAG_CONTROL is either unconnected or has no load
WARNING: [Synth 8-7129] Port Dbg_Trig_In_3[3] in module JTAG_CONTROL is either unconnected or has no load
WARNING: [Synth 8-7129] Port Dbg_Trig_In_3[4] in module JTAG_CONTROL is either unconnected or has no load
WARNING: [Synth 8-7129] Port Dbg_Trig_In_3[5] in module JTAG_CONTROL is either unconnected or has no load
WARNING: [Synth 8-7129] Port Dbg_Trig_In_3[6] in module JTAG_CONTROL is either unconnected or has no load
WARNING: [Synth 8-7129] Port Dbg_Trig_In_3[7] in module JTAG_CONTROL is either unconnected or has no load
WARNING: [Synth 8-7129] Port Dbg_Trig_In_4[0] in module JTAG_CONTROL is either unconnected or has no load
WARNING: [Synth 8-7129] Port Dbg_Trig_In_4[1] in module JTAG_CONTROL is either unconnected or has no load
WARNING: [Synth 8-7129] Port Dbg_Trig_In_4[2] in module JTAG_CONTROL is either unconnected or has no load
WARNING: [Synth 8-7129] Port Dbg_Trig_In_4[3] in module JTAG_CONTROL is either unconnected or has no load
WARNING: [Synth 8-7129] Port Dbg_Trig_In_4[4] in module JTAG_CONTROL is either unconnected or has no load
WARNING: [Synth 8-7129] Port Dbg_Trig_In_4[5] in module JTAG_CONTROL is either unconnected or has no load
WARNING: [Synth 8-7129] Port Dbg_Trig_In_4[6] in module JTAG_CONTROL is either unconnected or has no load
WARNING: [Synth 8-7129] Port Dbg_Trig_In_4[7] in module JTAG_CONTROL is either unconnected or has no load
WARNING: [Synth 8-7129] Port Dbg_Trig_In_5[0] in module JTAG_CONTROL is either unconnected or has no load
WARNING: [Synth 8-7129] Port Dbg_Trig_In_5[1] in module JTAG_CONTROL is either unconnected or has no load
WARNING: [Synth 8-7129] Port Dbg_Trig_In_5[2] in module JTAG_CONTROL is either unconnected or has no load
WARNING: [Synth 8-7129] Port Dbg_Trig_In_5[3] in module JTAG_CONTROL is either unconnected or has no load
WARNING: [Synth 8-7129] Port Dbg_Trig_In_5[4] in module JTAG_CONTROL is either unconnected or has no load
WARNING: [Synth 8-7129] Port Dbg_Trig_In_5[5] in module JTAG_CONTROL is either unconnected or has no load
WARNING: [Synth 8-7129] Port Dbg_Trig_In_5[6] in module JTAG_CONTROL is either unconnected or has no load
WARNING: [Synth 8-7129] Port Dbg_Trig_In_5[7] in module JTAG_CONTROL is either unconnected or has no load
WARNING: [Synth 8-7129] Port Dbg_Trig_In_6[0] in module JTAG_CONTROL is either unconnected or has no load
WARNING: [Synth 8-7129] Port Dbg_Trig_In_6[1] in module JTAG_CONTROL is either unconnected or has no load
WARNING: [Synth 8-7129] Port Dbg_Trig_In_6[2] in module JTAG_CONTROL is either unconnected or has no load
WARNING: [Synth 8-7129] Port Dbg_Trig_In_6[3] in module JTAG_CONTROL is either unconnected or has no load
WARNING: [Synth 8-7129] Port Dbg_Trig_In_6[4] in module JTAG_CONTROL is either unconnected or has no load
WARNING: [Synth 8-7129] Port Dbg_Trig_In_6[5] in module JTAG_CONTROL is either unconnected or has no load
WARNING: [Synth 8-7129] Port Dbg_Trig_In_6[6] in module JTAG_CONTROL is either unconnected or has no load
WARNING: [Synth 8-7129] Port Dbg_Trig_In_6[7] in module JTAG_CONTROL is either unconnected or has no load
WARNING: [Synth 8-7129] Port Dbg_Trig_In_7[0] in module JTAG_CONTROL is either unconnected or has no load
WARNING: [Synth 8-7129] Port Dbg_Trig_In_7[1] in module JTAG_CONTROL is either unconnected or has no load
WARNING: [Synth 8-7129] Port Dbg_Trig_In_7[2] in module JTAG_CONTROL is either unconnected or has no load
WARNING: [Synth 8-7129] Port Dbg_Trig_In_7[3] in module JTAG_CONTROL is either unconnected or has no load
WARNING: [Synth 8-7129] Port Dbg_Trig_In_7[4] in module JTAG_CONTROL is either unconnected or has no load
WARNING: [Synth 8-7129] Port Dbg_Trig_In_7[5] in module JTAG_CONTROL is either unconnected or has no load
WARNING: [Synth 8-7129] Port Dbg_Trig_In_7[6] in module JTAG_CONTROL is either unconnected or has no load
WARNING: [Synth 8-7129] Port Dbg_Trig_In_7[7] in module JTAG_CONTROL is either unconnected or has no load
WARNING: [Synth 8-7129] Port Dbg_Trig_In_8[0] in module JTAG_CONTROL is either unconnected or has no load
WARNING: [Synth 8-7129] Port Dbg_Trig_In_8[1] in module JTAG_CONTROL is either unconnected or has no load
WARNING: [Synth 8-7129] Port Dbg_Trig_In_8[2] in module JTAG_CONTROL is either unconnected or has no load
WARNING: [Synth 8-7129] Port Dbg_Trig_In_8[3] in module JTAG_CONTROL is either unconnected or has no load
WARNING: [Synth 8-7129] Port Dbg_Trig_In_8[4] in module JTAG_CONTROL is either unconnected or has no load
WARNING: [Synth 8-7129] Port Dbg_Trig_In_8[5] in module JTAG_CONTROL is either unconnected or has no load
WARNING: [Synth 8-7129] Port Dbg_Trig_In_8[6] in module JTAG_CONTROL is either unconnected or has no load
WARNING: [Synth 8-7129] Port Dbg_Trig_In_8[7] in module JTAG_CONTROL is either unconnected or has no load
WARNING: [Synth 8-7129] Port Dbg_Trig_In_9[0] in module JTAG_CONTROL is either unconnected or has no load
WARNING: [Synth 8-7129] Port Dbg_Trig_In_9[1] in module JTAG_CONTROL is either unconnected or has no load
WARNING: [Synth 8-7129] Port Dbg_Trig_In_9[2] in module JTAG_CONTROL is either unconnected or has no load
WARNING: [Synth 8-7129] Port Dbg_Trig_In_9[3] in module JTAG_CONTROL is either unconnected or has no load
INFO: [Common 17-14] Message 'Synth 8-7129' appears 100 times and further instances of the messages will be disabled. Use the Tcl command set_msg_config to change the current settings.
---------------------------------------------------------------------------------
Finished RTL Elaboration : Time (s): cpu = 00:00:05 ; elapsed = 00:00:05 . Memory (MB): peak = 2693.949 ; gain = 260.656 ; free physical = 467 ; free virtual = 19042
---------------------------------------------------------------------------------
---------------------------------------------------------------------------------
Start Handling Custom Attributes
---------------------------------------------------------------------------------
---------------------------------------------------------------------------------
Finished Handling Custom Attributes : Time (s): cpu = 00:00:05 ; elapsed = 00:00:05 . Memory (MB): peak = 2693.949 ; gain = 260.656 ; free physical = 444 ; free virtual = 19017
---------------------------------------------------------------------------------
---------------------------------------------------------------------------------
Finished RTL Optimization Phase 1 : Time (s): cpu = 00:00:05 ; elapsed = 00:00:05 . Memory (MB): peak = 2693.949 ; gain = 260.656 ; free physical = 444 ; free virtual = 19017
---------------------------------------------------------------------------------
Netlist sorting complete. Time (s): cpu = 00:00:00.03 ; elapsed = 00:00:00.03 . Memory (MB): peak = 2693.949 ; gain = 0.000 ; free physical = 453 ; free virtual = 18969
INFO: [Netlist 29-17] Analyzing 35 Unisim elements for replacement
INFO: [Netlist 29-28] Unisim Transformation completed in 0 CPU seconds
INFO: [Project 1-570] Preparing netlist for logic optimization

Processing XDC Constraints
Initializing timing engine
Parsing XDC File [/home/e/Documents/research/byotee/OSDZU3_Ref_Design/OSDZU3_Ref_Design.gen/sources_1/bd/byotee_extclk/ip/byotee_extclk_mdm_0_0/byotee_extclk_mdm_0_0_ooc.xdc] for cell 'U0'
Finished Parsing XDC File [/home/e/Documents/research/byotee/OSDZU3_Ref_Design/OSDZU3_Ref_Design.gen/sources_1/bd/byotee_extclk/ip/byotee_extclk_mdm_0_0/byotee_extclk_mdm_0_0_ooc.xdc] for cell 'U0'
Parsing XDC File [/home/e/Documents/research/byotee/OSDZU3_Ref_Design/OSDZU3_Ref_Design.runs/byotee_extclk_mdm_0_0_synth_1/dont_touch.xdc]
Finished Parsing XDC File [/home/e/Documents/research/byotee/OSDZU3_Ref_Design/OSDZU3_Ref_Design.runs/byotee_extclk_mdm_0_0_synth_1/dont_touch.xdc]
Parsing XDC File [/home/e/Documents/research/byotee/OSDZU3_Ref_Design/OSDZU3_Ref_Design.gen/sources_1/bd/byotee_extclk/ip/byotee_extclk_mdm_0_0/byotee_extclk_mdm_0_0_ooc_trace.xdc] for cell 'U0'
Finished Parsing XDC File [/home/e/Documents/research/byotee/OSDZU3_Ref_Design/OSDZU3_Ref_Design.gen/sources_1/bd/byotee_extclk/ip/byotee_extclk_mdm_0_0/byotee_extclk_mdm_0_0_ooc_trace.xdc] for cell 'U0'
Parsing XDC File [/home/e/Documents/research/byotee/OSDZU3_Ref_Design/OSDZU3_Ref_Design.gen/sources_1/bd/byotee_extclk/ip/byotee_extclk_mdm_0_0/byotee_extclk_mdm_0_0.xdc] for cell 'U0'
Finished Parsing XDC File [/home/e/Documents/research/byotee/OSDZU3_Ref_Design/OSDZU3_Ref_Design.gen/sources_1/bd/byotee_extclk/ip/byotee_extclk_mdm_0_0/byotee_extclk_mdm_0_0.xdc] for cell 'U0'
INFO: [Project 1-236] Implementation specific constraints were found while reading constraint file [/home/e/Documents/research/byotee/OSDZU3_Ref_Design/OSDZU3_Ref_Design.gen/sources_1/bd/byotee_extclk/ip/byotee_extclk_mdm_0_0/byotee_extclk_mdm_0_0.xdc]. These constraints will be ignored for synthesis but will be used in implementation. Impacted constraints are listed in the file [.Xil/byotee_extclk_mdm_0_0_propImpl.xdc].
Resolution: To avoid this warning, move constraints listed in [.Xil/byotee_extclk_mdm_0_0_propImpl.xdc] to another XDC file and exclude this new file from synthesis with the used_in_synthesis property (File Properties dialog in GUI) and re-run elaboration/synthesis.
Completed Processing XDC Constraints

Netlist sorting complete. Time (s): cpu = 00:00:00 ; elapsed = 00:00:00 . Memory (MB): peak = 2795.016 ; gain = 0.000 ; free physical = 497 ; free virtual = 18387
INFO: [Project 1-111] Unisim Transformation Summary:
  A total of 17 instances were transformed.
  FDC_1 => FDCE (inverted pins: C): 1 instance 
  FDRE_1 => FDRE (inverted pins: C): 1 instance 
  FDRSE => FDRSE (FDRE, LUT4, VCC): 1 instance 
  MUXCY_L => MUXCY: 14 instances

Constraint Validation Runtime : Time (s): cpu = 00:00:00.03 ; elapsed = 00:00:00.03 . Memory (MB): peak = 2795.051 ; gain = 0.000 ; free physical = 495 ; free virtual = 18383
INFO: [Designutils 20-5008] Incremental synthesis strategy off
---------------------------------------------------------------------------------
Finished Constraint Validation : Time (s): cpu = 00:00:11 ; elapsed = 00:00:11 . Memory (MB): peak = 2795.051 ; gain = 361.758 ; free physical = 498 ; free virtual = 18167
---------------------------------------------------------------------------------
---------------------------------------------------------------------------------
Start Loading Part and Timing Information
---------------------------------------------------------------------------------
Loading part: xczu3eg-sfvc784-1-e
INFO: [Synth 8-6742] Reading net delay rules and data
---------------------------------------------------------------------------------
Finished Loading Part and Timing Information : Time (s): cpu = 00:00:11 ; elapsed = 00:00:11 . Memory (MB): peak = 2803.020 ; gain = 369.727 ; free physical = 498 ; free virtual = 18167
---------------------------------------------------------------------------------
---------------------------------------------------------------------------------
Start Applying 'set_property' XDC Constraints
---------------------------------------------------------------------------------
---------------------------------------------------------------------------------
Finished applying 'set_property' XDC Constraints : Time (s): cpu = 00:00:11 ; elapsed = 00:00:11 . Memory (MB): peak = 2803.020 ; gain = 369.727 ; free physical = 498 ; free virtual = 18167
---------------------------------------------------------------------------------
INFO: [Synth 8-802] inferred FSM for state register 'Use_Dbg_Reg_Access.state_reg' in module 'MDM_Core'
INFO: [Synth 8-802] inferred FSM for state register 'Has_FIFO.lmb_state_reg' in module 'bus_master'
INFO: [Synth 8-802] inferred FSM for state register 'Has_FIFO.rd_state_reg' in module 'bus_master'
INFO: [Synth 8-802] inferred FSM for state register 'wr_state_reg' in module 'bus_master'
INFO: [Synth 8-802] inferred FSM for state register 'state_reg' in module 'slave_attachment'
---------------------------------------------------------------------------------------------------
                   State |                     New Encoding |                Previous Encoding 
---------------------------------------------------------------------------------------------------
                    idle |                             0000 |                             0000
               select_dr |                             0001 |                             0001
              capture_dr |                             0010 |                             0010
                shift_dr |                             0011 |                             0011
                   exit1 |                             0100 |                             0100
                   pause |                             0101 |                             0101
                   exit2 |                             0110 |                             0110
               update_dr |                             0111 |                             0111
               data_done |                             1000 |                             1001
                cmd_done |                             1001 |                             1000
---------------------------------------------------------------------------------------------------
INFO: [Synth 8-3354] encoded FSM with state register 'Use_Dbg_Reg_Access.state_reg' using encoding 'sequential' in module 'MDM_Core'
---------------------------------------------------------------------------------------------------
                   State |                     New Encoding |                Previous Encoding 
---------------------------------------------------------------------------------------------------
                    idle |                               00 |                               00
                   start |                               01 |                               01
           wait_on_ready |                               10 |                               10
           wait_on_bchan |                               11 |                               11
---------------------------------------------------------------------------------------------------
INFO: [Synth 8-3354] encoded FSM with state register 'wr_state_reg' using encoding 'sequential' in module 'bus_master'
---------------------------------------------------------------------------------------------------
                   State |                     New Encoding |                Previous Encoding 
---------------------------------------------------------------------------------------------------
                    idle |                         00000001 |                             0000
                start_wr |                         00000010 |                             0011
                 wait_wr |                         00000100 |                             0100
               sample_wr |                         00001000 |                             0111
                start_rd |                         00010000 |                             0001
                 wait_rd |                         00100000 |                             0010
               sample_rd |                         01000000 |                             0101
               direct_wr |                         10000000 |                             1000
---------------------------------------------------------------------------------------------------
INFO: [Synth 8-3354] encoded FSM with state register 'Has_FIFO.lmb_state_reg' using encoding 'one-hot' in module 'bus_master'
---------------------------------------------------------------------------------------------------
                   State |                     New Encoding |                Previous Encoding 
---------------------------------------------------------------------------------------------------
                    idle |                               00 |                               00
                   start |                               01 |                               01
           wait_on_ready |                               10 |                               10
            wait_on_data |                               11 |                               11
---------------------------------------------------------------------------------------------------
INFO: [Synth 8-3354] encoded FSM with state register 'Has_FIFO.rd_state_reg' using encoding 'sequential' in module 'bus_master'
---------------------------------------------------------------------------------------------------
                   State |                     New Encoding |                Previous Encoding 
---------------------------------------------------------------------------------------------------
                 sm_idle |                             0010 |                               00
                 sm_read |                             1000 |                               01
                sm_write |                             0100 |                               10
                 sm_resp |                             0001 |                               11
---------------------------------------------------------------------------------------------------
INFO: [Synth 8-3354] encoded FSM with state register 'state_reg' using encoding 'one-hot' in module 'slave_attachment'
---------------------------------------------------------------------------------
Finished RTL Optimization Phase 2 : Time (s): cpu = 00:00:12 ; elapsed = 00:00:12 . Memory (MB): peak = 2803.020 ; gain = 369.727 ; free physical = 492 ; free virtual = 17303
---------------------------------------------------------------------------------
INFO: [Synth 8-223] decloning instance 'U0/MDM_Core_I1/JTAG_CONTROL_I/Use_UART.data_cmd_reset_i' (xil_scan_reset_control) to 'U0/MDM_Core_I1/JTAG_CONTROL_I/Use_Dbg_Mem_Access.data_cmd_reset_i'
INFO: [Synth 8-223] decloning instance 'U0/MDM_Core_I1/JTAG_CONTROL_I/Use_UART.data_cmd_reset_i' (xil_scan_reset_control) to 'U0/MDM_Core_I1/JTAG_CONTROL_I/Use_Trace_AXI_Master.data_cmd_reset_i'
---------------------------------------------------------------------------------
Start RTL Component Statistics 
---------------------------------------------------------------------------------
Detailed RTL Component Info : 
+---Adders : 
	   2 Input   30 Bit       Adders := 1     
	   2 Input   10 Bit       Adders := 1     
	   2 Input    9 Bit       Adders := 1     
	   2 Input    6 Bit       Adders := 2     
	   2 Input    5 Bit       Adders := 5     
	   2 Input    2 Bit       Adders := 2     
+---XORs : 
	   2 Input      1 Bit         XORs := 18    
+---Registers : 
	               32 Bit    Registers := 10    
	               30 Bit    Registers := 1     
	               24 Bit    Registers := 1     
	               16 Bit    Registers := 4     
	                9 Bit    Registers := 2     
	                8 Bit    Registers := 7     
	                6 Bit    Registers := 4     
	                5 Bit    Registers := 8     
	                4 Bit    Registers := 4     
	                3 Bit    Registers := 3     
	                2 Bit    Registers := 13    
	                1 Bit    Registers := 131   
+---Muxes : 
	   2 Input   32 Bit        Muxes := 17    
	  10 Input   32 Bit        Muxes := 2     
	   2 Input   30 Bit        Muxes := 4     
	   2 Input   24 Bit        Muxes := 2     
	   2 Input   16 Bit        Muxes := 4     
	   2 Input   14 Bit        Muxes := 1     
	   2 Input   10 Bit        Muxes := 3     
	  10 Input    9 Bit        Muxes := 1     
	   2 Input    8 Bit        Muxes := 14    
	   8 Input    8 Bit        Muxes := 1     
	   2 Input    6 Bit        Muxes := 2     
	   2 Input    5 Bit        Muxes := 4     
	  10 Input    5 Bit        Muxes := 1     
	   4 Input    5 Bit        Muxes := 1     
	   8 Input    5 Bit        Muxes := 2     
	  10 Input    4 Bit        Muxes := 1     
	   2 Input    4 Bit        Muxes := 11    
	  32 Input    4 Bit        Muxes := 2     
	   3 Input    4 Bit        Muxes := 1     
	   4 Input    4 Bit        Muxes := 2     
	   2 Input    3 Bit        Muxes := 2     
	   2 Input    2 Bit        Muxes := 10    
	   4 Input    2 Bit        Muxes := 5     
	   8 Input    2 Bit        Muxes := 2     
	   2 Input    1 Bit        Muxes := 123   
	   3 Input    1 Bit        Muxes := 3     
	  10 Input    1 Bit        Muxes := 23    
	   4 Input    1 Bit        Muxes := 25    
	   8 Input    1 Bit        Muxes := 16    
---------------------------------------------------------------------------------
Finished RTL Component Statistics 
---------------------------------------------------------------------------------
---------------------------------------------------------------------------------
Start Part Resource Summary
---------------------------------------------------------------------------------
Part Resources:
DSPs: 360 (col length:72)
BRAMs: 432 (col length: RAMB18 72 RAMB36 36)
---------------------------------------------------------------------------------
Finished Part Resource Summary
---------------------------------------------------------------------------------
---------------------------------------------------------------------------------
Start Cross Boundary and Area Optimization
---------------------------------------------------------------------------------
WARNING: [Synth 8-7080] Parallel synthesis criteria is not met
---------------------------------------------------------------------------------
Finished Cross Boundary and Area Optimization : Time (s): cpu = 00:00:16 ; elapsed = 00:00:17 . Memory (MB): peak = 2803.020 ; gain = 369.727 ; free physical = 470 ; free virtual = 13269
---------------------------------------------------------------------------------
---------------------------------------------------------------------------------
Start ROM, RAM, DSP, Shift Register and Retiming Reporting
---------------------------------------------------------------------------------

ROM: Preliminary Mapping Report
+------------+---------------------------------------------------+---------------+----------------+
|Module Name | RTL Object                                        | Depth x Width | Implemented As | 
+------------+---------------------------------------------------+---------------+----------------+
|MDM_Core    | Use_Trace_External_AXI_Master.output_select[0][0] | 32x4          | LUT            | 
|MDM_Core    | Use_Trace_External_AXI_Master.output_select[0][1] | 32x4          | LUT            | 
|MDM_Core    | Use_Trace_External_AXI_Master.output_select[0][0] | 32x4          | LUT            | 
|MDM_Core    | Use_Trace_External_AXI_Master.output_select[0][1] | 32x4          | LUT            | 
+------------+---------------------------------------------------+---------------+----------------+

---------------------------------------------------------------------------------
Finished ROM, RAM, DSP, Shift Register and Retiming Reporting
---------------------------------------------------------------------------------
---------------------------------------------------------------------------------
Start Applying XDC Timing Constraints
---------------------------------------------------------------------------------
---------------------------------------------------------------------------------
Finished Applying XDC Timing Constraints : Time (s): cpu = 00:00:22 ; elapsed = 00:00:23 . Memory (MB): peak = 3391.520 ; gain = 958.227 ; free physical = 599 ; free virtual = 11617
---------------------------------------------------------------------------------
---------------------------------------------------------------------------------
Start Timing Optimization
---------------------------------------------------------------------------------
---------------------------------------------------------------------------------
Finished Timing Optimization : Time (s): cpu = 00:00:23 ; elapsed = 00:00:24 . Memory (MB): peak = 3466.402 ; gain = 1033.109 ; free physical = 487 ; free virtual = 10889
---------------------------------------------------------------------------------
---------------------------------------------------------------------------------
Start Technology Mapping
---------------------------------------------------------------------------------
---------------------------------------------------------------------------------
Finished Technology Mapping : Time (s): cpu = 00:00:24 ; elapsed = 00:00:25 . Memory (MB): peak = 3482.418 ; gain = 1049.125 ; free physical = 614 ; free virtual = 10946
---------------------------------------------------------------------------------
---------------------------------------------------------------------------------
Start IO Insertion
---------------------------------------------------------------------------------
---------------------------------------------------------------------------------
Start Flattening Before IO Insertion
---------------------------------------------------------------------------------
---------------------------------------------------------------------------------
Finished Flattening Before IO Insertion
---------------------------------------------------------------------------------
---------------------------------------------------------------------------------
Start Final Netlist Cleanup
---------------------------------------------------------------------------------
---------------------------------------------------------------------------------
Finished Final Netlist Cleanup
---------------------------------------------------------------------------------
---------------------------------------------------------------------------------
Finished IO Insertion : Time (s): cpu = 00:00:26 ; elapsed = 00:00:27 . Memory (MB): peak = 3600.230 ; gain = 1166.938 ; free physical = 498 ; free virtual = 10711
---------------------------------------------------------------------------------
---------------------------------------------------------------------------------
Start Renaming Generated Instances
---------------------------------------------------------------------------------
---------------------------------------------------------------------------------
Finished Renaming Generated Instances : Time (s): cpu = 00:00:26 ; elapsed = 00:00:27 . Memory (MB): peak = 3600.230 ; gain = 1166.938 ; free physical = 498 ; free virtual = 10711
---------------------------------------------------------------------------------
---------------------------------------------------------------------------------
Start Rebuilding User Hierarchy
---------------------------------------------------------------------------------
---------------------------------------------------------------------------------
Finished Rebuilding User Hierarchy : Time (s): cpu = 00:00:26 ; elapsed = 00:00:27 . Memory (MB): peak = 3600.230 ; gain = 1166.938 ; free physical = 490 ; free virtual = 10705
---------------------------------------------------------------------------------
---------------------------------------------------------------------------------
Start Renaming Generated Ports
---------------------------------------------------------------------------------
---------------------------------------------------------------------------------
Finished Renaming Generated Ports : Time (s): cpu = 00:00:26 ; elapsed = 00:00:27 . Memory (MB): peak = 3600.230 ; gain = 1166.938 ; free physical = 490 ; free virtual = 10706
---------------------------------------------------------------------------------
---------------------------------------------------------------------------------
Start Handling Custom Attributes
---------------------------------------------------------------------------------
---------------------------------------------------------------------------------
Finished Handling Custom Attributes : Time (s): cpu = 00:00:26 ; elapsed = 00:00:27 . Memory (MB): peak = 3600.230 ; gain = 1166.938 ; free physical = 484 ; free virtual = 10701
---------------------------------------------------------------------------------
---------------------------------------------------------------------------------
Start Renaming Generated Nets
---------------------------------------------------------------------------------
---------------------------------------------------------------------------------
Finished Renaming Generated Nets : Time (s): cpu = 00:00:26 ; elapsed = 00:00:27 . Memory (MB): peak = 3600.230 ; gain = 1166.938 ; free physical = 482 ; free virtual = 10699
---------------------------------------------------------------------------------
---------------------------------------------------------------------------------
Start ROM, RAM, DSP, Shift Register and Retiming Reporting
---------------------------------------------------------------------------------

Static Shift Register Report:
+------------+------------------------------------------+--------+-------+--------------+--------------------+-------------------+--------+---------+
|Module Name | RTL Name                                 | Length | Width | Reset Signal | Pull out first Reg | Pull out last Reg | SRL16E | SRLC32E | 
+------------+------------------------------------------+--------+-------+--------------+--------------------+-------------------+--------+---------+
|MDM         | MDM_Core_I1/Use_BSCAN.Config_Reg_reg[26] | 4      | 1     | YES          | NO                 | YES               | 1      | 0       | 
|MDM         | MDM_Core_I1/Use_BSCAN.Config_Reg_reg[10] | 15     | 1     | YES          | NO                 | YES               | 1      | 0       | 
|MDM         | MDM_Core_I1/Use_BSCAN.Config_Reg_reg[3]  | 6      | 1     | YES          | NO                 | YES               | 1      | 0       | 
+------------+------------------------------------------+--------+-------+--------------+--------------------+-------------------+--------+---------+

---------------------------------------------------------------------------------
Finished ROM, RAM, DSP, Shift Register and Retiming Reporting
---------------------------------------------------------------------------------
---------------------------------------------------------------------------------
Start Writing Synthesis Report
---------------------------------------------------------------------------------

Report BlackBoxes: 
+-+--------------+----------+
| |BlackBox name |Instances |
+-+--------------+----------+
+-+--------------+----------+

Report Cell Usage: 
+------+---------+------+
|      |Cell     |Count |
+------+---------+------+
|1     |BSCANE2  |     1|
|2     |BUFGCTRL |     2|
|3     |CARRY8   |     4|
|4     |LUT1     |    16|
|5     |LUT2     |    74|
|6     |LUT3     |   156|
|7     |LUT4     |   170|
|8     |LUT5     |   148|
|9     |LUT6     |   387|
|10    |MUXCY_L  |    14|
|11    |SRL16E   |    24|
|17    |SRLC32E  |    64|
|18    |XORCY    |    18|
|19    |FDCE     |    37|
|20    |FDC      |     1|
|21    |FDPE     |     8|
|22    |FDRE     |   684|
|24    |FDSE     |    45|
+------+---------+------+
---------------------------------------------------------------------------------
Finished Writing Synthesis Report : Time (s): cpu = 00:00:26 ; elapsed = 00:00:27 . Memory (MB): peak = 3600.230 ; gain = 1166.938 ; free physical = 480 ; free virtual = 10697
---------------------------------------------------------------------------------
Synthesis finished with 0 errors, 0 critical warnings and 4169 warnings.
Synthesis Optimization Runtime : Time (s): cpu = 00:00:22 ; elapsed = 00:00:24 . Memory (MB): peak = 3600.230 ; gain = 1065.836 ; free physical = 463 ; free virtual = 10684
Synthesis Optimization Complete : Time (s): cpu = 00:00:26 ; elapsed = 00:00:27 . Memory (MB): peak = 3600.230 ; gain = 1166.938 ; free physical = 463 ; free virtual = 10684
INFO: [Project 1-571] Translating synthesized netlist
Netlist sorting complete. Time (s): cpu = 00:00:00.02 ; elapsed = 00:00:00.02 . Memory (MB): peak = 3600.230 ; gain = 0.000 ; free physical = 612 ; free virtual = 10835
INFO: [Netlist 29-17] Analyzing 38 Unisim elements for replacement
INFO: [Netlist 29-28] Unisim Transformation completed in 0 CPU seconds
INFO: [Project 1-570] Preparing netlist for logic optimization
INFO: [Opt 31-138] Pushed 0 inverter(s) to 0 load pin(s).
Netlist sorting complete. Time (s): cpu = 00:00:00 ; elapsed = 00:00:00 . Memory (MB): peak = 3600.230 ; gain = 0.000 ; free physical = 668 ; free virtual = 10913
INFO: [Project 1-111] Unisim Transformation Summary:
  A total of 6 instances were transformed.
  (CARRY4) => CARRY8: 4 instances
  FDC_1 => FDCE (inverted pins: C): 1 instance 
  FDRE_1 => FDRE (inverted pins: C): 1 instance 

Synth Design complete | Checksum: 9420d13d
INFO: [Common 17-83] Releasing license: Synthesis
219 Infos, 107 Warnings, 0 Critical Warnings and 0 Errors encountered.
synth_design completed successfully
synth_design: Time (s): cpu = 00:00:34 ; elapsed = 00:00:34 . Memory (MB): peak = 3600.230 ; gain = 2036.828 ; free physical = 667 ; free virtual = 10913
INFO: [Common 17-2834] synth_design peak Physical Memory [PSS] (MB): overall = 2482.059; main = 2482.059; forked = 180.732
INFO: [Common 17-2834] synth_design peak Virtual Memory [VSS] (MB): overall = 4085.215; main = 3582.574; forked = 963.863
Write ShapeDB Complete: Time (s): cpu = 00:00:00 ; elapsed = 00:00:00 . Memory (MB): peak = 3606.582 ; gain = 0.000 ; free physical = 652 ; free virtual = 10898
INFO: [Common 17-1381] The checkpoint '/home/e/Documents/research/byotee/OSDZU3_Ref_Design/OSDZU3_Ref_Design.runs/byotee_extclk_mdm_0_0_synth_1/byotee_extclk_mdm_0_0.dcp' has been generated.
INFO: [Coretcl 2-1648] Added synthesis output to IP cache for IP byotee_extclk_mdm_0_0, cache-ID = b3e58129b25c9016
INFO: [Coretcl 2-1174] Renamed 145 cell refs.
Write ShapeDB Complete: Time (s): cpu = 00:00:00 ; elapsed = 00:00:00 . Memory (MB): peak = 3606.582 ; gain = 0.000 ; free physical = 635 ; free virtual = 10886
INFO: [Common 17-1381] The checkpoint '/home/e/Documents/research/byotee/OSDZU3_Ref_Design/OSDZU3_Ref_Design.runs/byotee_extclk_mdm_0_0_synth_1/byotee_extclk_mdm_0_0.dcp' has been generated.
INFO: [Vivado 12-24828] Executing command : report_utilization -file byotee_extclk_mdm_0_0_utilization_synth.rpt -pb byotee_extclk_mdm_0_0_utilization_synth.pb
INFO: [Common 17-206] Exiting Vivado at Mon Sep 15 13:52:49 2025...
