

================================================================
== Vitis HLS Report for 'AXIMMvideo2Bytes'
================================================================
* Date:           Sat Sep  6 13:58:47 2025

* Version:        2025.1 (Build 6135595 on May 21 2025)
* Project:        prj
* Solution:       sol (Vivado IP Flow Target)
* Product family: zynquplus
* Target device:  xczu3eg-sfvc784-1-e


================================================================
== Performance Estimates
================================================================
+ Timing: 
    * Summary: 
    +--------+---------+----------+------------+
    |  Clock |  Target | Estimated| Uncertainty|
    +--------+---------+----------+------------+
    |ap_clk  |  5.00 ns|  3.650 ns|     1.35 ns|
    +--------+---------+----------+------------+

+ Latency: 
    * Summary: 
    +---------+----------+-----------+-----------+------+----------+---------+
    |  Latency (cycles)  |   Latency (absolute)  |     Interval    | Pipeline|
    |   min   |    max   |    min    |    max    |  min |    max   |   Type  |
    +---------+----------+-----------+-----------+------+----------+---------+
    |     7297|  12929761|  36.485 us|  64.649 ms|  7297|  12929761|       no|
    +---------+----------+-----------+-----------+------+----------+---------+

    + Detail: 
        * Instance: 
        +-------------------------------------------------------+--------------------------------------------+---------+---------+-----------+-----------+-----+------+------------------------------------------------+
        |                                                       |                                            |  Latency (cycles) |   Latency (absolute)  |  Interval  |                    Pipeline                    |
        |                        Instance                       |                   Module                   |   min   |   max   |    min    |    max    | min |  max |                      Type                      |
        +-------------------------------------------------------+--------------------------------------------+---------+---------+-----------+-----------+-----+------+------------------------------------------------+
        |grp_AXIMMvideo2Bytes_Pipeline_VITIS_LOOP_548_1_fu_204  |AXIMMvideo2Bytes_Pipeline_VITIS_LOOP_548_1  |        2|     2883|  10.000 ns|  14.415 us|    1|  2881|  loop auto-rewind stp (delay=0 clock cycles(s))|
        |grp_AXIMMvideo2Bytes_Pipeline_VITIS_LOOP_560_2_fu_214  |AXIMMvideo2Bytes_Pipeline_VITIS_LOOP_560_2  |        2|     2883|  10.000 ns|  14.415 us|    1|  2881|  loop auto-rewind stp (delay=0 clock cycles(s))|
        +-------------------------------------------------------+--------------------------------------------+---------+---------+-----------+-----------+-----+------+------------------------------------------------+

        * Loop: 
        +---------------------------------+---------+----------+------------+-----------+-----------+-----------+----------+
        |                                 |  Latency (cycles)  |  Iteration |  Initiation Interval  |    Trip   |          |
        |            Loop Name            |   min   |    max   |   Latency  |  achieved |   target  |   Count   | Pipelined|
        +---------------------------------+---------+----------+------------+-----------+-----------+-----------+----------+
        |- loop_AXIMMvideo2Bytes_2planes  |     7296|  12929760|  114 ~ 5986|          -|          -|  64 ~ 2160|        no|
        +---------------------------------+---------+----------+------------+-----------+-----------+-----------+----------+



================================================================
== Utilization Estimates
================================================================
* Summary: 
+-----------------+---------+-----+--------+-------+-----+
|       Name      | BRAM_18K| DSP |   FF   |  LUT  | URAM|
+-----------------+---------+-----+--------+-------+-----+
|DSP              |        -|    -|       -|      -|    -|
|Expression       |        -|    -|       0|    376|    -|
|FIFO             |        -|    -|       -|      -|    -|
|Instance         |        -|    -|     162|    192|    -|
|Memory           |        -|    -|       -|      -|    -|
|Multiplexer      |        -|    -|       0|   1438|    -|
|Register         |        -|    -|     525|      -|    -|
+-----------------+---------+-----+--------+-------+-----+
|Total            |        0|    0|     687|   2006|    0|
+-----------------+---------+-----+--------+-------+-----+
|Available        |      432|  360|  141120|  70560|    0|
+-----------------+---------+-----+--------+-------+-----+
|Utilization (%)  |        0|    0|      ~0|      2|    0|
+-----------------+---------+-----+--------+-------+-----+

+ Detail: 
    * Instance: 
    +-------------------------------------------------------+--------------------------------------------+---------+----+----+----+-----+
    |                        Instance                       |                   Module                   | BRAM_18K| DSP| FF | LUT| URAM|
    +-------------------------------------------------------+--------------------------------------------+---------+----+----+----+-----+
    |grp_AXIMMvideo2Bytes_Pipeline_VITIS_LOOP_548_1_fu_204  |AXIMMvideo2Bytes_Pipeline_VITIS_LOOP_548_1  |        0|   0|  81|  96|    0|
    |grp_AXIMMvideo2Bytes_Pipeline_VITIS_LOOP_560_2_fu_214  |AXIMMvideo2Bytes_Pipeline_VITIS_LOOP_560_2  |        0|   0|  81|  96|    0|
    +-------------------------------------------------------+--------------------------------------------+---------+----+----+----+-----+
    |Total                                                  |                                            |        0|   0| 162| 192|    0|
    +-------------------------------------------------------+--------------------------------------------+---------+----+----+----+-----+

    * DSP: 
    N/A

    * Memory: 
    N/A

    * FIFO: 
    N/A

    * Expression: 
    +-----------------------------------+----------+----+---+----+------------+------------+
    |           Variable Name           | Operation| DSP| FF| LUT| Bitwidth P0| Bitwidth P1|
    +-----------------------------------+----------+----+---+----+------------+------------+
    |add_ln548_fu_432_p2                |         +|   0|  0|  39|          32|          32|
    |add_ln556_fu_447_p2                |         +|   0|  0|  32|          25|          25|
    |add_ln560_fu_537_p2                |         +|   0|  0|  39|          32|          32|
    |offsetUV_1_fu_564_p2               |         +|   0|  0|  39|          32|          32|
    |p_off_fu_274_p2                    |         +|   0|  0|  14|           7|           7|
    |sub_fu_228_p2                      |         +|   0|  0|  22|          15|           3|
    |y_10_fu_407_p2                     |         +|   0|  0|  19|          12|           1|
    |ap_block_state221_on_subcall_done  |       and|   0|  0|   2|           1|           1|
    |cmp43_fu_378_p2                    |       and|   0|  0|   2|           1|           1|
    |cmp39_fu_268_p2                    |      icmp|   0|  0|  13|           6|           6|
    |cmp61_fu_262_p2                    |      icmp|   0|  0|  13|           6|           6|
    |empty_114_fu_334_p2                |      icmp|   0|  0|  13|           6|           6|
    |empty_116_fu_474_p2                |      icmp|   0|  0|  13|           6|           6|
    |empty_118_fu_484_p2                |      icmp|   0|  0|  13|           6|           6|
    |empty_120_fu_495_p2                |      icmp|   0|  0|  13|           6|           5|
    |empty_122_fu_506_p2                |      icmp|   0|  0|  13|           6|           5|
    |empty_124_fu_517_p2                |      icmp|   0|  0|  13|           6|           2|
    |empty_fu_328_p2                    |      icmp|   0|  0|  13|           6|           5|
    |icmp6_fu_372_p2                    |      icmp|   0|  0|  12|           5|           1|
    |icmp_ln543_fu_402_p2               |      icmp|   0|  0|  19|          12|          12|
    |ap_block_state1                    |        or|   0|  0|   2|           1|           1|
    |ap_predicate_op526_call_state221   |        or|   0|  0|   2|           1|           1|
    |empty_117_fu_479_p2                |        or|   0|  0|   2|           1|           1|
    |empty_119_fu_489_p2                |        or|   0|  0|   2|           1|           1|
    |empty_121_fu_500_p2                |        or|   0|  0|   2|           1|           1|
    |empty_123_fu_511_p2                |        or|   0|  0|   2|           1|           1|
    |empty_125_fu_522_p2                |        or|   0|  0|   2|           1|           1|
    |spec_select22_fu_352_p2            |        or|   0|  0|   2|           1|           1|
    |tmp1_fu_346_p2                     |        or|   0|  0|   2|           1|           1|
    |tmp_fu_340_p2                      |        or|   0|  0|   2|           1|           1|
    +-----------------------------------+----------+----+---+----+------------+------------+
    |Total                              |          |   0|  0| 376|         238|         204|
    +-----------------------------------+----------+----+---+----+------------+------------+

    * Multiplexer: 
    +---------------------------+------+-----------+-----+-----------+
    |            Name           |  LUT | Input Size| Bits| Total Bits|
    +---------------------------+------+-----------+-----+-----------+
    |ap_NS_fsm                  |  1178|        222|    1|        222|
    |ap_done                    |     9|          2|    1|          2|
    |m_axi_mm_video_0_ARADDR    |    26|          5|   32|        160|
    |m_axi_mm_video_0_ARBURST   |    14|          3|    2|          6|
    |m_axi_mm_video_0_ARCACHE   |    14|          3|    4|         12|
    |m_axi_mm_video_0_ARID      |    14|          3|    1|          3|
    |m_axi_mm_video_0_ARLEN     |    20|          4|   32|        128|
    |m_axi_mm_video_0_ARLOCK    |    14|          3|    2|          6|
    |m_axi_mm_video_0_ARPROT    |    14|          3|    3|          9|
    |m_axi_mm_video_0_ARQOS     |    14|          3|    4|         12|
    |m_axi_mm_video_0_ARREGION  |    14|          3|    4|         12|
    |m_axi_mm_video_0_ARSIZE    |    14|          3|    3|          9|
    |m_axi_mm_video_0_ARUSER    |    14|          3|    1|          3|
    |m_axi_mm_video_0_ARVALID   |    20|          4|    1|          4|
    |m_axi_mm_video_0_RREADY    |    14|          3|    1|          3|
    |mm_video_blk_n_AR          |     9|          2|    1|          2|
    |offsetUV_fu_158            |     9|          2|   32|         64|
    |offsetY_fu_154             |     9|          2|   25|         50|
    |real_start                 |     9|          2|    1|          2|
    |y_fu_150                   |     9|          2|   12|         24|
    +---------------------------+------+-----------+-----+-----------+
    |Total                      |  1438|        277|  163|        733|
    +---------------------------+------+-----------+-----+-----------+

    * Register: 
    +--------------------------------------------------------------------+-----+----+-----+-----------+
    |                                Name                                |  FF | LUT| Bits| Const Bits|
    +--------------------------------------------------------------------+-----+----+-----+-----------+
    |Height_val_read_reg_622                                             |   12|   0|   12|          0|
    |VideoFormat_val_read_reg_613                                        |    6|   0|    6|          0|
    |add_ln556_reg_685                                                   |   25|   0|   25|          0|
    |ap_CS_fsm                                                           |  221|   0|  221|          0|
    |ap_done_reg                                                         |    1|   0|    1|          0|
    |cmp43_reg_663                                                       |    1|   0|    1|          0|
    |cmp61_reg_653                                                       |    1|   0|    1|          0|
    |div8_cast2_reg_648                                                  |   13|   0|   32|         19|
    |div8_cast_reg_658                                                   |   13|   0|   25|         12|
    |div_cast1_reg_643                                                   |   12|   0|   32|         20|
    |div_reg_637                                                         |   12|   0|   12|          0|
    |empty_125_reg_695                                                   |    1|   0|    1|          0|
    |grp_AXIMMvideo2Bytes_Pipeline_VITIS_LOOP_548_1_fu_204_ap_start_reg  |    1|   0|    1|          0|
    |grp_AXIMMvideo2Bytes_Pipeline_VITIS_LOOP_560_2_fu_214_ap_start_reg  |    1|   0|    1|          0|
    |offsetUV_fu_158                                                     |   32|   0|   32|          0|
    |offsetY_fu_154                                                      |   25|   0|   25|          0|
    |srcImg2_read_reg_627                                                |   32|   0|   32|          0|
    |srcImg_read_reg_632                                                 |   32|   0|   32|          0|
    |start_once_reg                                                      |    1|   0|    1|          0|
    |trunc_ln1_reg_679                                                   |   29|   0|   29|          0|
    |trunc_ln2_reg_699                                                   |   29|   0|   29|          0|
    |trunc_ln543_reg_675                                                 |    1|   0|    1|          0|
    |y_10_reg_670                                                        |   12|   0|   12|          0|
    |y_fu_150                                                            |   12|   0|   12|          0|
    +--------------------------------------------------------------------+-----+----+-----+-----------+
    |Total                                                               |  525|   0|  576|         51|
    +--------------------------------------------------------------------+-----+----+-----+-----------+



================================================================
== Interface
================================================================
* Summary: 
+----------------------------------+-----+-----+------------+-------------------+--------------+
|             RTL Ports            | Dir | Bits|  Protocol  |   Source Object   |    C Type    |
+----------------------------------+-----+-----+------------+-------------------+--------------+
|ap_clk                            |   in|    1|  ap_ctrl_hs|   AXIMMvideo2Bytes|  return value|
|ap_rst                            |   in|    1|  ap_ctrl_hs|   AXIMMvideo2Bytes|  return value|
|ap_start                          |   in|    1|  ap_ctrl_hs|   AXIMMvideo2Bytes|  return value|
|start_full_n                      |   in|    1|  ap_ctrl_hs|   AXIMMvideo2Bytes|  return value|
|ap_done                           |  out|    1|  ap_ctrl_hs|   AXIMMvideo2Bytes|  return value|
|ap_continue                       |   in|    1|  ap_ctrl_hs|   AXIMMvideo2Bytes|  return value|
|ap_idle                           |  out|    1|  ap_ctrl_hs|   AXIMMvideo2Bytes|  return value|
|ap_ready                          |  out|    1|  ap_ctrl_hs|   AXIMMvideo2Bytes|  return value|
|start_out                         |  out|    1|  ap_ctrl_hs|   AXIMMvideo2Bytes|  return value|
|start_write                       |  out|    1|  ap_ctrl_hs|   AXIMMvideo2Bytes|  return value|
|m_axi_mm_video_0_AWVALID          |  out|    1|       m_axi|           mm_video|       pointer|
|m_axi_mm_video_0_AWREADY          |   in|    1|       m_axi|           mm_video|       pointer|
|m_axi_mm_video_0_AWADDR           |  out|   32|       m_axi|           mm_video|       pointer|
|m_axi_mm_video_0_AWID             |  out|    1|       m_axi|           mm_video|       pointer|
|m_axi_mm_video_0_AWLEN            |  out|   32|       m_axi|           mm_video|       pointer|
|m_axi_mm_video_0_AWSIZE           |  out|    3|       m_axi|           mm_video|       pointer|
|m_axi_mm_video_0_AWBURST          |  out|    2|       m_axi|           mm_video|       pointer|
|m_axi_mm_video_0_AWLOCK           |  out|    2|       m_axi|           mm_video|       pointer|
|m_axi_mm_video_0_AWCACHE          |  out|    4|       m_axi|           mm_video|       pointer|
|m_axi_mm_video_0_AWPROT           |  out|    3|       m_axi|           mm_video|       pointer|
|m_axi_mm_video_0_AWQOS            |  out|    4|       m_axi|           mm_video|       pointer|
|m_axi_mm_video_0_AWREGION         |  out|    4|       m_axi|           mm_video|       pointer|
|m_axi_mm_video_0_AWUSER           |  out|    1|       m_axi|           mm_video|       pointer|
|m_axi_mm_video_0_WVALID           |  out|    1|       m_axi|           mm_video|       pointer|
|m_axi_mm_video_0_WREADY           |   in|    1|       m_axi|           mm_video|       pointer|
|m_axi_mm_video_0_WDATA            |  out|   64|       m_axi|           mm_video|       pointer|
|m_axi_mm_video_0_WSTRB            |  out|    8|       m_axi|           mm_video|       pointer|
|m_axi_mm_video_0_WLAST            |  out|    1|       m_axi|           mm_video|       pointer|
|m_axi_mm_video_0_WID              |  out|    1|       m_axi|           mm_video|       pointer|
|m_axi_mm_video_0_WUSER            |  out|    1|       m_axi|           mm_video|       pointer|
|m_axi_mm_video_0_ARVALID          |  out|    1|       m_axi|           mm_video|       pointer|
|m_axi_mm_video_0_ARREADY          |   in|    1|       m_axi|           mm_video|       pointer|
|m_axi_mm_video_0_ARADDR           |  out|   32|       m_axi|           mm_video|       pointer|
|m_axi_mm_video_0_ARID             |  out|    1|       m_axi|           mm_video|       pointer|
|m_axi_mm_video_0_ARLEN            |  out|   32|       m_axi|           mm_video|       pointer|
|m_axi_mm_video_0_ARSIZE           |  out|    3|       m_axi|           mm_video|       pointer|
|m_axi_mm_video_0_ARBURST          |  out|    2|       m_axi|           mm_video|       pointer|
|m_axi_mm_video_0_ARLOCK           |  out|    2|       m_axi|           mm_video|       pointer|
|m_axi_mm_video_0_ARCACHE          |  out|    4|       m_axi|           mm_video|       pointer|
|m_axi_mm_video_0_ARPROT           |  out|    3|       m_axi|           mm_video|       pointer|
|m_axi_mm_video_0_ARQOS            |  out|    4|       m_axi|           mm_video|       pointer|
|m_axi_mm_video_0_ARREGION         |  out|    4|       m_axi|           mm_video|       pointer|
|m_axi_mm_video_0_ARUSER           |  out|    1|       m_axi|           mm_video|       pointer|
|m_axi_mm_video_0_RVALID           |   in|    1|       m_axi|           mm_video|       pointer|
|m_axi_mm_video_0_RREADY           |  out|    1|       m_axi|           mm_video|       pointer|
|m_axi_mm_video_0_RDATA            |   in|   64|       m_axi|           mm_video|       pointer|
|m_axi_mm_video_0_RLAST            |   in|    1|       m_axi|           mm_video|       pointer|
|m_axi_mm_video_0_RID              |   in|    1|       m_axi|           mm_video|       pointer|
|m_axi_mm_video_0_RFIFONUM         |   in|    7|       m_axi|           mm_video|       pointer|
|m_axi_mm_video_0_RUSER            |   in|    1|       m_axi|           mm_video|       pointer|
|m_axi_mm_video_0_RRESP            |   in|    2|       m_axi|           mm_video|       pointer|
|m_axi_mm_video_0_BVALID           |   in|    1|       m_axi|           mm_video|       pointer|
|m_axi_mm_video_0_BREADY           |  out|    1|       m_axi|           mm_video|       pointer|
|m_axi_mm_video_0_BRESP            |   in|    2|       m_axi|           mm_video|       pointer|
|m_axi_mm_video_0_BID              |   in|    1|       m_axi|           mm_video|       pointer|
|m_axi_mm_video_0_BUSER            |   in|    1|       m_axi|           mm_video|       pointer|
|srcImg                            |   in|   32|   ap_stable|             srcImg|        scalar|
|srcImg2                           |   in|   32|   ap_stable|            srcImg2|        scalar|
|bytePlanes_plane0_din             |  out|   64|     ap_fifo|  bytePlanes_plane0|       pointer|
|bytePlanes_plane0_full_n          |   in|    1|     ap_fifo|  bytePlanes_plane0|       pointer|
|bytePlanes_plane0_write           |  out|    1|     ap_fifo|  bytePlanes_plane0|       pointer|
|bytePlanes_plane0_num_data_valid  |   in|   11|     ap_fifo|  bytePlanes_plane0|       pointer|
|bytePlanes_plane0_fifo_cap        |   in|   11|     ap_fifo|  bytePlanes_plane0|       pointer|
|bytePlanes_plane1_din             |  out|   64|     ap_fifo|  bytePlanes_plane1|       pointer|
|bytePlanes_plane1_full_n          |   in|    1|     ap_fifo|  bytePlanes_plane1|       pointer|
|bytePlanes_plane1_write           |  out|    1|     ap_fifo|  bytePlanes_plane1|       pointer|
|bytePlanes_plane1_num_data_valid  |   in|   11|     ap_fifo|  bytePlanes_plane1|       pointer|
|bytePlanes_plane1_fifo_cap        |   in|   11|     ap_fifo|  bytePlanes_plane1|       pointer|
|Height_val                        |   in|   12|   ap_stable|         Height_val|        scalar|
|WidthInBytes_val                  |   in|   15|   ap_stable|   WidthInBytes_val|        scalar|
|StrideInBytes_val                 |   in|   16|   ap_stable|  StrideInBytes_val|        scalar|
|VideoFormat_val                   |   in|    6|   ap_stable|    VideoFormat_val|        scalar|
+----------------------------------+-----+-----+------------+-------------------+--------------+

============================================================
+ Verbose Summary: Synthesis Manager
============================================================
InlineROM: 1
ExposeGlobal: 0
============================================================
+ Verbose Summary: CDFG Model
============================================================
IsTopModel: 0
ResetActiveHigh: 1
IsCombinational: 2
IsDatapathOnly: 0
HasWiredReturn: 1
HasMFsm: 0
HasVarLatency: 1
IsPipeline: 0
IsRtlPipelined: 0
IsInstanceOverlapped: 0
IsDontTouch: 0
HasImplIP: 0
IsGatedGlobalClock: 0


============================================================
+ Verbose Summary: Schedule
============================================================
* Number of FSM states : 221
* Pipeline : 0
* Dataflow Pipeline: 0

* FSM state transitions: 
1 --> 2 
2 --> 3 
3 --> 4 
4 --> 5 
5 --> 6 
6 --> 7 
7 --> 8 
8 --> 9 
9 --> 10 
10 --> 11 
11 --> 12 
12 --> 13 
13 --> 14 
14 --> 15 
15 --> 16 
16 --> 17 
17 --> 18 
18 --> 19 
19 --> 20 
20 --> 21 
21 --> 22 
22 --> 23 
23 --> 24 
24 --> 25 
25 --> 26 
26 --> 27 
27 --> 28 
28 --> 29 
29 --> 30 
30 --> 31 
31 --> 32 
32 --> 33 
33 --> 34 
34 --> 35 
35 --> 36 
36 --> 37 
37 --> 38 
38 --> 39 
39 --> 40 
40 --> 41 
41 --> 42 
42 --> 43 
43 --> 44 
44 --> 45 
45 --> 46 
46 --> 47 
47 --> 48 
48 --> 49 
49 --> 50 
50 --> 51 
51 --> 52 
52 --> 53 
53 --> 54 
54 --> 55 
55 --> 56 
56 --> 57 
57 --> 58 
58 --> 59 
59 --> 60 
60 --> 61 
61 --> 62 
62 --> 63 
63 --> 64 
64 --> 65 
65 --> 66 
66 --> 67 
67 --> 68 
68 --> 69 
69 --> 70 
70 --> 71 
71 --> 72 
72 --> 73 
73 --> 74 
74 --> 75 
75 --> 76 
76 --> 77 
77 --> 78 
78 --> 79 
79 --> 80 
80 --> 81 
81 --> 82 
82 --> 83 
83 --> 84 
84 --> 85 
85 --> 86 
86 --> 87 
87 --> 88 
88 --> 89 
89 --> 90 
90 --> 91 
91 --> 92 
92 --> 93 
93 --> 94 
94 --> 95 
95 --> 96 
96 --> 97 
97 --> 98 
98 --> 99 
99 --> 100 
100 --> 101 
101 --> 102 
102 --> 103 
103 --> 104 
104 --> 105 
105 --> 106 
106 --> 107 
107 --> 108 
108 --> 109 
109 --> 110 
110 --> 111 
111 --> 112 
112 --> 221 113 
113 --> 114 
114 --> 115 
115 --> 116 
116 --> 117 
117 --> 118 
118 --> 119 
119 --> 120 
120 --> 121 
121 --> 122 
122 --> 123 
123 --> 124 
124 --> 125 
125 --> 126 
126 --> 127 
127 --> 128 
128 --> 129 
129 --> 130 
130 --> 131 
131 --> 132 
132 --> 133 
133 --> 134 
134 --> 135 
135 --> 136 
136 --> 137 
137 --> 138 
138 --> 139 
139 --> 140 
140 --> 141 
141 --> 142 
142 --> 143 
143 --> 144 
144 --> 145 
145 --> 146 
146 --> 147 
147 --> 148 
148 --> 149 
149 --> 150 
150 --> 151 
151 --> 152 
152 --> 153 
153 --> 154 
154 --> 155 
155 --> 156 
156 --> 157 
157 --> 158 
158 --> 159 
159 --> 160 
160 --> 161 
161 --> 162 
162 --> 163 
163 --> 164 
164 --> 165 
165 --> 166 
166 --> 167 
167 --> 168 
168 --> 169 
169 --> 170 
170 --> 171 
171 --> 172 
172 --> 173 
173 --> 174 
174 --> 175 
175 --> 176 
176 --> 177 
177 --> 178 
178 --> 179 
179 --> 180 
180 --> 181 
181 --> 182 
182 --> 183 
183 --> 184 
184 --> 185 
185 --> 186 
186 --> 187 
187 --> 188 
188 --> 189 
189 --> 190 
190 --> 191 
191 --> 192 
192 --> 193 
193 --> 194 
194 --> 195 
195 --> 196 
196 --> 197 
197 --> 198 
198 --> 199 
199 --> 200 
200 --> 201 
201 --> 202 
202 --> 203 
203 --> 204 
204 --> 205 
205 --> 206 
206 --> 207 
207 --> 208 
208 --> 209 
209 --> 210 
210 --> 211 
211 --> 212 
212 --> 213 
213 --> 214 
214 --> 215 
215 --> 216 
216 --> 217 
217 --> 218 
218 --> 219 
219 --> 220 
220 --> 221 
221 --> 2 

* FSM state operations: 

State 1 <SV = 0> <Delay = 2.10>
ST_1 : Operation 222 [1/1] (0.00ns)   --->   "%y = alloca i32 1" [/home/e/Documents/research/byotee/OSDZU3_Ref_Design/OSDZU3_Ref_Design.runs/design_1_v_frmbuf_rd_1_0_synth_1/prj/sol/.autopilot/db/v_frmbuf_rd.cpp:543]   --->   Operation 222 'alloca' 'y' <Predicate = true> <Delay = 0.00>
ST_1 : Operation 223 [1/1] (0.00ns)   --->   "%offsetY = alloca i32 1" [/home/e/Documents/research/byotee/OSDZU3_Ref_Design/OSDZU3_Ref_Design.runs/design_1_v_frmbuf_rd_1_0_synth_1/prj/sol/.autopilot/db/v_frmbuf_rd.cpp:539]   --->   Operation 223 'alloca' 'offsetY' <Predicate = true> <Delay = 0.00>
ST_1 : Operation 224 [1/1] (0.00ns)   --->   "%offsetUV = alloca i32 1" [/home/e/Documents/research/byotee/OSDZU3_Ref_Design/OSDZU3_Ref_Design.runs/design_1_v_frmbuf_rd_1_0_synth_1/prj/sol/.autopilot/db/v_frmbuf_rd.cpp:540]   --->   Operation 224 'alloca' 'offsetUV' <Predicate = true> <Delay = 0.00>
ST_1 : Operation 225 [1/1] (0.00ns)   --->   "%specstablecontent_ln0 = specstablecontent void @_ssdm_op_SpecStableContent, i15 %WidthInBytes_val, i1 1, void @p_str"   --->   Operation 225 'specstablecontent' 'specstablecontent_ln0' <Predicate = true> <Delay = 0.00>
ST_1 : Operation 226 [1/1] (0.00ns)   --->   "%specstablecontent_ln0 = specstablecontent void @_ssdm_op_SpecStableContent, i32 %srcImg2, i1 1, void @p_str"   --->   Operation 226 'specstablecontent' 'specstablecontent_ln0' <Predicate = true> <Delay = 0.00>
ST_1 : Operation 227 [1/1] (0.00ns)   --->   "%specstablecontent_ln0 = specstablecontent void @_ssdm_op_SpecStableContent, i32 %srcImg, i1 1, void @p_str"   --->   Operation 227 'specstablecontent' 'specstablecontent_ln0' <Predicate = true> <Delay = 0.00>
ST_1 : Operation 228 [1/1] (0.00ns)   --->   "%specstablecontent_ln0 = specstablecontent void @_ssdm_op_SpecStableContent, i64 %mm_video, i1 1, void @p_str"   --->   Operation 228 'specstablecontent' 'specstablecontent_ln0' <Predicate = true> <Delay = 0.00>
ST_1 : Operation 229 [1/1] (0.00ns)   --->   "%VideoFormat_val_read = read i6 @_ssdm_op_Read.ap_auto.i6, i6 %VideoFormat_val"   --->   Operation 229 'read' 'VideoFormat_val_read' <Predicate = true> <Delay = 0.00>
ST_1 : Operation 230 [1/1] (0.00ns)   --->   "%StrideInBytes_val_read = read i16 @_ssdm_op_Read.ap_auto.i16, i16 %StrideInBytes_val"   --->   Operation 230 'read' 'StrideInBytes_val_read' <Predicate = true> <Delay = 0.00>
ST_1 : Operation 231 [1/1] (0.00ns)   --->   "%WidthInBytes_val_read = read i15 @_ssdm_op_Read.ap_auto.i15, i15 %WidthInBytes_val"   --->   Operation 231 'read' 'WidthInBytes_val_read' <Predicate = true> <Delay = 0.00>
ST_1 : Operation 232 [1/1] (0.00ns)   --->   "%Height_val_read = read i12 @_ssdm_op_Read.ap_auto.i12, i12 %Height_val"   --->   Operation 232 'read' 'Height_val_read' <Predicate = true> <Delay = 0.00>
ST_1 : Operation 233 [1/1] (0.00ns)   --->   "%srcImg2_read = read i32 @_ssdm_op_Read.ap_auto.i32, i32 %srcImg2"   --->   Operation 233 'read' 'srcImg2_read' <Predicate = true> <Delay = 0.00>
ST_1 : Operation 234 [1/1] (0.00ns)   --->   "%srcImg_read = read i32 @_ssdm_op_Read.ap_auto.i32, i32 %srcImg"   --->   Operation 234 'read' 'srcImg_read' <Predicate = true> <Delay = 0.00>
ST_1 : Operation 235 [1/1] (0.00ns)   --->   "%VideoFormat_val_cast = zext i6 %VideoFormat_val_read"   --->   Operation 235 'zext' 'VideoFormat_val_cast' <Predicate = true> <Delay = 0.00>
ST_1 : Operation 236 [1/1] (0.00ns)   --->   "%specstablecontent_ln0 = specstablecontent void @_ssdm_op_SpecStableContent, i6 %VideoFormat_val, i1 1, void "   --->   Operation 236 'specstablecontent' 'specstablecontent_ln0' <Predicate = true> <Delay = 0.00>
ST_1 : Operation 237 [1/1] (0.00ns)   --->   "%specstablecontent_ln0 = specstablecontent void @_ssdm_op_SpecStableContent, i16 %StrideInBytes_val, i1 1, void "   --->   Operation 237 'specstablecontent' 'specstablecontent_ln0' <Predicate = true> <Delay = 0.00>
ST_1 : Operation 238 [1/1] (0.00ns)   --->   "%specstablecontent_ln0 = specstablecontent void @_ssdm_op_SpecStableContent, i12 %Height_val, i1 1, void "   --->   Operation 238 'specstablecontent' 'specstablecontent_ln0' <Predicate = true> <Delay = 0.00>
ST_1 : Operation 239 [1/1] (0.00ns)   --->   "%specmemcore_ln0 = specmemcore void @_ssdm_op_SpecMemCore, i64 %bytePlanes_plane1, i64 666, i64 8, i64 18446744073709551615"   --->   Operation 239 'specmemcore' 'specmemcore_ln0' <Predicate = true> <Delay = 0.00>
ST_1 : Operation 240 [1/1] (0.00ns)   --->   "%specmemcore_ln0 = specmemcore void @_ssdm_op_SpecMemCore, i64 %bytePlanes_plane0, i64 666, i64 8, i64 18446744073709551615"   --->   Operation 240 'specmemcore' 'specmemcore_ln0' <Predicate = true> <Delay = 0.00>
ST_1 : Operation 241 [1/1] (0.00ns)   --->   "%specinterface_ln0 = specinterface void @_ssdm_op_SpecInterface, i64 %bytePlanes_plane1, void @empty_15, i32 0, i32 0, void @empty_4, i32 0, i32 0, void @empty_4, void @empty_4, void @empty_4, i32 0, i32 0, i32 0, i32 0, void @empty_4, void @empty_4, i32 4294967295, i32 0, i32 0"   --->   Operation 241 'specinterface' 'specinterface_ln0' <Predicate = true> <Delay = 0.00>
ST_1 : Operation 242 [1/1] (0.00ns)   --->   "%specinterface_ln0 = specinterface void @_ssdm_op_SpecInterface, i64 %bytePlanes_plane0, void @empty_15, i32 0, i32 0, void @empty_4, i32 0, i32 0, void @empty_4, void @empty_4, void @empty_4, i32 0, i32 0, i32 0, i32 0, void @empty_4, void @empty_4, i32 4294967295, i32 0, i32 0"   --->   Operation 242 'specinterface' 'specinterface_ln0' <Predicate = true> <Delay = 0.00>
ST_1 : Operation 243 [1/1] (0.00ns)   --->   "%specinterface_ln0 = specinterface void @_ssdm_op_SpecInterface, i64 %mm_video, void @empty_5, i32 0, i32 0, void @empty_4, i32 100, i32 2073600, void @empty_3, void @empty_2, void @empty_4, i32 4, i32 16, i32 16, i32 16, void @empty_4, void @empty_4, i32 4294967295, i32 0, i32 0"   --->   Operation 243 'specinterface' 'specinterface_ln0' <Predicate = true> <Delay = 0.00>
ST_1 : Operation 244 [1/1] (1.00ns)   --->   "%sub = add i15 %WidthInBytes_val_read, i15 7"   --->   Operation 244 'add' 'sub' <Predicate = true> <Delay = 1.00> <CoreInst = "Adder">   --->   Core 1 'Adder' <Latency = 0> <II = 1> <Delay = 1.00> <FuncUnit> <Opcode : 'add' 'sub'> <InPorts = 2> <OutPorts = 1>
ST_1 : Operation 245 [1/1] (0.00ns)   --->   "%div = partselect i12 @_ssdm_op_PartSelect.i12.i15.i32.i32, i15 %sub, i32 3, i32 14"   --->   Operation 245 'partselect' 'div' <Predicate = true> <Delay = 0.00>
ST_1 : Operation 246 [1/1] (0.00ns)   --->   "%div_cast1 = zext i12 %div"   --->   Operation 246 'zext' 'div_cast1' <Predicate = true> <Delay = 0.00>
ST_1 : Operation 247 [1/1] (0.00ns)   --->   "%div8 = partselect i13 @_ssdm_op_PartSelect.i13.i16.i32.i32, i16 %StrideInBytes_val_read, i32 3, i32 15"   --->   Operation 247 'partselect' 'div8' <Predicate = true> <Delay = 0.00>
ST_1 : Operation 248 [1/1] (0.00ns)   --->   "%div8_cast2 = zext i13 %div8"   --->   Operation 248 'zext' 'div8_cast2' <Predicate = true> <Delay = 0.00>
ST_1 : Operation 249 [1/1] (0.88ns)   --->   "%cmp61 = icmp_eq  i6 %VideoFormat_val_read, i6 38"   --->   Operation 249 'icmp' 'cmp61' <Predicate = true> <Delay = 0.88> <CoreInst = "Cmp">   --->   Core 9 'Cmp' <Latency = 0> <II = 1> <Delay = 0.88> <FuncUnit> <Opcode : 'seteq' 'setne' 'setle' 'setge' 'setlt' 'setgt'> <InPorts = 2> <OutPorts = 1>
ST_1 : Operation 250 [1/1] (0.88ns)   --->   "%cmp39 = icmp_eq  i6 %VideoFormat_val_read, i6 37"   --->   Operation 250 'icmp' 'cmp39' <Predicate = true> <Delay = 0.88> <CoreInst = "Cmp">   --->   Core 9 'Cmp' <Latency = 0> <II = 1> <Delay = 0.88> <FuncUnit> <Opcode : 'seteq' 'setne' 'setle' 'setge' 'setlt' 'setgt'> <InPorts = 2> <OutPorts = 1>
ST_1 : Operation 251 [1/1] (0.89ns)   --->   "%p_off = add i7 %VideoFormat_val_cast, i7 87"   --->   Operation 251 'add' 'p_off' <Predicate = true> <Delay = 0.89> <CoreInst = "Adder">   --->   Core 1 'Adder' <Latency = 0> <II = 1> <Delay = 0.89> <FuncUnit> <Opcode : 'add' 'sub'> <InPorts = 2> <OutPorts = 1>
ST_1 : Operation 252 [1/1] (0.00ns)   --->   "%tmp_s = partselect i5 @_ssdm_op_PartSelect.i5.i6.i32.i32, i6 %VideoFormat_val_read, i32 1, i32 5"   --->   Operation 252 'partselect' 'tmp_s' <Predicate = true> <Delay = 0.00>
ST_1 : Operation 253 [1/1] (0.00ns)   --->   "%tmp_22 = bitconcatenate i6 @_ssdm_op_BitConcatenate.i6.i5.i1, i5 %tmp_s, i1 1"   --->   Operation 253 'bitconcatenate' 'tmp_22' <Predicate = true> <Delay = 0.00>
ST_1 : Operation 254 [1/1] (0.00ns)   --->   "%tmp_23 = partselect i3 @_ssdm_op_PartSelect.i3.i6.i32.i32, i6 %VideoFormat_val_read, i32 3, i32 5"   --->   Operation 254 'partselect' 'tmp_23' <Predicate = true> <Delay = 0.00>
ST_1 : Operation 255 [1/1] (0.00ns)   --->   "%tmp_12 = bitselect i1 @_ssdm_op_BitSelect.i1.i6.i32, i6 %VideoFormat_val_read, i32 1"   --->   Operation 255 'bitselect' 'tmp_12' <Predicate = true> <Delay = 0.00>
ST_1 : Operation 256 [1/1] (0.00ns)   --->   "%tmp_24 = bitconcatenate i6 @_ssdm_op_BitConcatenate.i6.i3.i1.i1.i1, i3 %tmp_23, i1 1, i1 %tmp_12, i1 1"   --->   Operation 256 'bitconcatenate' 'tmp_24' <Predicate = true> <Delay = 0.00>
ST_1 : Operation 257 [1/1] (0.88ns)   --->   "%empty = icmp_eq  i6 %tmp_24, i6 23"   --->   Operation 257 'icmp' 'empty' <Predicate = true> <Delay = 0.88> <CoreInst = "Cmp">   --->   Core 9 'Cmp' <Latency = 0> <II = 1> <Delay = 0.88> <FuncUnit> <Opcode : 'seteq' 'setne' 'setle' 'setge' 'setlt' 'setgt'> <InPorts = 2> <OutPorts = 1>
ST_1 : Operation 258 [1/1] (0.88ns)   --->   "%empty_114 = icmp_eq  i6 %tmp_22, i6 33"   --->   Operation 258 'icmp' 'empty_114' <Predicate = true> <Delay = 0.88> <CoreInst = "Cmp">   --->   Core 9 'Cmp' <Latency = 0> <II = 1> <Delay = 0.88> <FuncUnit> <Opcode : 'seteq' 'setne' 'setle' 'setge' 'setlt' 'setgt'> <InPorts = 2> <OutPorts = 1>
ST_1 : Operation 259 [1/1] (0.00ns) (grouped into LUT with out node cmp43)   --->   "%tmp = or i1 %empty_114, i1 %empty"   --->   Operation 259 'or' 'tmp' <Predicate = true> <Delay = 0.00> <CoreInst = "LogicGate">   --->   Core 74 'LogicGate' <Latency = 0> <II = 1> <Delay = 0.33> <FuncUnit> <Opcode : 'and' 'or' 'xor'> <InPorts = 2> <OutPorts = 1>
ST_1 : Operation 260 [1/1] (0.00ns) (grouped into LUT with out node cmp43)   --->   "%tmp1 = or i1 %cmp61, i1 %cmp39"   --->   Operation 260 'or' 'tmp1' <Predicate = true> <Delay = 0.00> <CoreInst = "LogicGate">   --->   Core 74 'LogicGate' <Latency = 0> <II = 1> <Delay = 0.33> <FuncUnit> <Opcode : 'and' 'or' 'xor'> <InPorts = 2> <OutPorts = 1>
ST_1 : Operation 261 [1/1] (0.00ns) (grouped into LUT with out node cmp43)   --->   "%spec_select22 = or i1 %tmp1, i1 %tmp"   --->   Operation 261 'or' 'spec_select22' <Predicate = true> <Delay = 0.00> <CoreInst = "LogicGate">   --->   Core 74 'LogicGate' <Latency = 0> <II = 1> <Delay = 0.33> <FuncUnit> <Opcode : 'and' 'or' 'xor'> <InPorts = 2> <OutPorts = 1>
ST_1 : Operation 262 [1/1] (0.00ns)   --->   "%div8_cast = zext i13 %div8"   --->   Operation 262 'zext' 'div8_cast' <Predicate = true> <Delay = 0.00>
ST_1 : Operation 263 [1/1] (0.00ns)   --->   "%tmp_13 = partselect i5 @_ssdm_op_PartSelect.i5.i7.i32.i32, i7 %p_off, i32 2, i32 6"   --->   Operation 263 'partselect' 'tmp_13' <Predicate = true> <Delay = 0.00>
ST_1 : Operation 264 [1/1] (0.87ns)   --->   "%icmp6 = icmp_ne  i5 %tmp_13, i5 0"   --->   Operation 264 'icmp' 'icmp6' <Predicate = true> <Delay = 0.87> <CoreInst = "Cmp">   --->   Core 9 'Cmp' <Latency = 0> <II = 1> <Delay = 0.87> <FuncUnit> <Opcode : 'seteq' 'setne' 'setle' 'setge' 'setlt' 'setgt'> <InPorts = 2> <OutPorts = 1>
ST_1 : Operation 265 [1/1] (0.33ns) (out node of the LUT)   --->   "%cmp43 = and i1 %spec_select22, i1 %icmp6"   --->   Operation 265 'and' 'cmp43' <Predicate = true> <Delay = 0.33> <CoreInst = "LogicGate">   --->   Core 74 'LogicGate' <Latency = 0> <II = 1> <Delay = 0.33> <FuncUnit> <Opcode : 'and' 'or' 'xor'> <InPorts = 2> <OutPorts = 1>
ST_1 : Operation 266 [1/1] (0.48ns)   --->   "%store_ln540 = store i32 0, i32 %offsetUV" [/home/e/Documents/research/byotee/OSDZU3_Ref_Design/OSDZU3_Ref_Design.runs/design_1_v_frmbuf_rd_1_0_synth_1/prj/sol/.autopilot/db/v_frmbuf_rd.cpp:540]   --->   Operation 266 'store' 'store_ln540' <Predicate = true> <Delay = 0.48>
ST_1 : Operation 267 [1/1] (0.48ns)   --->   "%store_ln539 = store i25 0, i25 %offsetY" [/home/e/Documents/research/byotee/OSDZU3_Ref_Design/OSDZU3_Ref_Design.runs/design_1_v_frmbuf_rd_1_0_synth_1/prj/sol/.autopilot/db/v_frmbuf_rd.cpp:539]   --->   Operation 267 'store' 'store_ln539' <Predicate = true> <Delay = 0.48>
ST_1 : Operation 268 [1/1] (0.48ns)   --->   "%store_ln543 = store i12 0, i12 %y" [/home/e/Documents/research/byotee/OSDZU3_Ref_Design/OSDZU3_Ref_Design.runs/design_1_v_frmbuf_rd_1_0_synth_1/prj/sol/.autopilot/db/v_frmbuf_rd.cpp:543]   --->   Operation 268 'store' 'store_ln543' <Predicate = true> <Delay = 0.48>
ST_1 : Operation 269 [1/1] (0.00ns)   --->   "%br_ln543 = br void %VITIS_LOOP_548_1" [/home/e/Documents/research/byotee/OSDZU3_Ref_Design/OSDZU3_Ref_Design.runs/design_1_v_frmbuf_rd_1_0_synth_1/prj/sol/.autopilot/db/v_frmbuf_rd.cpp:543]   --->   Operation 269 'br' 'br_ln543' <Predicate = true> <Delay = 0.00>

State 2 <SV = 1> <Delay = 1.20>
ST_2 : Operation 270 [1/1] (0.00ns)   --->   "%y_9 = load i12 %y" [/home/e/Documents/research/byotee/OSDZU3_Ref_Design/OSDZU3_Ref_Design.runs/design_1_v_frmbuf_rd_1_0_synth_1/prj/sol/.autopilot/db/v_frmbuf_rd.cpp:543]   --->   Operation 270 'load' 'y_9' <Predicate = true> <Delay = 0.00>
ST_2 : Operation 271 [1/1] (0.96ns)   --->   "%icmp_ln543 = icmp_eq  i12 %y_9, i12 %Height_val_read" [/home/e/Documents/research/byotee/OSDZU3_Ref_Design/OSDZU3_Ref_Design.runs/design_1_v_frmbuf_rd_1_0_synth_1/prj/sol/.autopilot/db/v_frmbuf_rd.cpp:543]   --->   Operation 271 'icmp' 'icmp_ln543' <Predicate = true> <Delay = 0.96> <CoreInst = "Cmp">   --->   Core 9 'Cmp' <Latency = 0> <II = 1> <Delay = 0.96> <FuncUnit> <Opcode : 'seteq' 'setne' 'setle' 'setge' 'setlt' 'setgt'> <InPorts = 2> <OutPorts = 1>
ST_2 : Operation 272 [1/1] (0.00ns)   --->   "%speclooptripcount_ln0 = speclooptripcount void @_ssdm_op_SpecLoopTripCount, i64 64, i64 2160, i64 2160"   --->   Operation 272 'speclooptripcount' 'speclooptripcount_ln0' <Predicate = true> <Delay = 0.00>
ST_2 : Operation 273 [1/1] (0.96ns)   --->   "%y_10 = add i12 %y_9, i12 1" [/home/e/Documents/research/byotee/OSDZU3_Ref_Design/OSDZU3_Ref_Design.runs/design_1_v_frmbuf_rd_1_0_synth_1/prj/sol/.autopilot/db/v_frmbuf_rd.cpp:543]   --->   Operation 273 'add' 'y_10' <Predicate = true> <Delay = 0.96> <CoreInst = "Adder">   --->   Core 1 'Adder' <Latency = 0> <II = 1> <Delay = 0.96> <FuncUnit> <Opcode : 'add' 'sub'> <InPorts = 2> <OutPorts = 1>
ST_2 : Operation 274 [1/1] (0.00ns)   --->   "%br_ln543 = br i1 %icmp_ln543, void %VITIS_LOOP_548_1.split, void %for.end83" [/home/e/Documents/research/byotee/OSDZU3_Ref_Design/OSDZU3_Ref_Design.runs/design_1_v_frmbuf_rd_1_0_synth_1/prj/sol/.autopilot/db/v_frmbuf_rd.cpp:543]   --->   Operation 274 'br' 'br_ln543' <Predicate = true> <Delay = 0.00>
ST_2 : Operation 275 [1/1] (0.00ns)   --->   "%offsetY_load = load i25 %offsetY" [/home/e/Documents/research/byotee/OSDZU3_Ref_Design/OSDZU3_Ref_Design.runs/design_1_v_frmbuf_rd_1_0_synth_1/prj/sol/.autopilot/db/v_frmbuf_rd.cpp:556]   --->   Operation 275 'load' 'offsetY_load' <Predicate = (!icmp_ln543)> <Delay = 0.00>
ST_2 : Operation 276 [1/1] (0.00ns)   --->   "%trunc_ln543 = trunc i12 %y_9" [/home/e/Documents/research/byotee/OSDZU3_Ref_Design/OSDZU3_Ref_Design.runs/design_1_v_frmbuf_rd_1_0_synth_1/prj/sol/.autopilot/db/v_frmbuf_rd.cpp:543]   --->   Operation 276 'trunc' 'trunc_ln543' <Predicate = (!icmp_ln543)> <Delay = 0.00>
ST_2 : Operation 277 [1/1] (0.00ns)   --->   "%shl_ln = bitconcatenate i28 @_ssdm_op_BitConcatenate.i28.i25.i3, i25 %offsetY_load, i3 0" [/home/e/Documents/research/byotee/OSDZU3_Ref_Design/OSDZU3_Ref_Design.runs/design_1_v_frmbuf_rd_1_0_synth_1/prj/sol/.autopilot/db/v_frmbuf_rd.cpp:548]   --->   Operation 277 'bitconcatenate' 'shl_ln' <Predicate = (!icmp_ln543)> <Delay = 0.00>
ST_2 : Operation 278 [1/1] (0.00ns)   --->   "%zext_ln548 = zext i28 %shl_ln" [/home/e/Documents/research/byotee/OSDZU3_Ref_Design/OSDZU3_Ref_Design.runs/design_1_v_frmbuf_rd_1_0_synth_1/prj/sol/.autopilot/db/v_frmbuf_rd.cpp:548]   --->   Operation 278 'zext' 'zext_ln548' <Predicate = (!icmp_ln543)> <Delay = 0.00>
ST_2 : Operation 279 [1/1] (1.20ns)   --->   "%add_ln548 = add i32 %zext_ln548, i32 %srcImg_read" [/home/e/Documents/research/byotee/OSDZU3_Ref_Design/OSDZU3_Ref_Design.runs/design_1_v_frmbuf_rd_1_0_synth_1/prj/sol/.autopilot/db/v_frmbuf_rd.cpp:548]   --->   Operation 279 'add' 'add_ln548' <Predicate = (!icmp_ln543)> <Delay = 1.20> <CoreInst = "Adder">   --->   Core 1 'Adder' <Latency = 0> <II = 1> <Delay = 1.20> <FuncUnit> <Opcode : 'add' 'sub'> <InPorts = 2> <OutPorts = 1>
ST_2 : Operation 280 [1/1] (0.00ns)   --->   "%trunc_ln1 = partselect i29 @_ssdm_op_PartSelect.i29.i32.i32.i32, i32 %add_ln548, i32 3, i32 31" [/home/e/Documents/research/byotee/OSDZU3_Ref_Design/OSDZU3_Ref_Design.runs/design_1_v_frmbuf_rd_1_0_synth_1/prj/sol/.autopilot/db/v_frmbuf_rd.cpp:548]   --->   Operation 280 'partselect' 'trunc_ln1' <Predicate = (!icmp_ln543)> <Delay = 0.00>
ST_2 : Operation 281 [1/1] (1.12ns)   --->   "%add_ln556 = add i25 %div8_cast, i25 %offsetY_load" [/home/e/Documents/research/byotee/OSDZU3_Ref_Design/OSDZU3_Ref_Design.runs/design_1_v_frmbuf_rd_1_0_synth_1/prj/sol/.autopilot/db/v_frmbuf_rd.cpp:556]   --->   Operation 281 'add' 'add_ln556' <Predicate = (!icmp_ln543)> <Delay = 1.12> <CoreInst = "Adder">   --->   Core 1 'Adder' <Latency = 0> <II = 1> <Delay = 1.12> <FuncUnit> <Opcode : 'add' 'sub'> <InPorts = 2> <OutPorts = 1>
ST_2 : Operation 282 [1/1] (0.00ns)   --->   "%ret_ln572 = ret" [/home/e/Documents/research/byotee/OSDZU3_Ref_Design/OSDZU3_Ref_Design.runs/design_1_v_frmbuf_rd_1_0_synth_1/prj/sol/.autopilot/db/v_frmbuf_rd.cpp:572]   --->   Operation 282 'ret' 'ret_ln572' <Predicate = (icmp_ln543)> <Delay = 0.00>

State 3 <SV = 2> <Delay = 3.65>
ST_3 : Operation 283 [1/1] (0.00ns)   --->   "%sext_ln548 = sext i29 %trunc_ln1" [/home/e/Documents/research/byotee/OSDZU3_Ref_Design/OSDZU3_Ref_Design.runs/design_1_v_frmbuf_rd_1_0_synth_1/prj/sol/.autopilot/db/v_frmbuf_rd.cpp:548]   --->   Operation 283 'sext' 'sext_ln548' <Predicate = true> <Delay = 0.00>
ST_3 : Operation 284 [1/1] (0.00ns)   --->   "%mm_video_addr = getelementptr i64 %mm_video, i32 %sext_ln548" [/home/e/Documents/research/byotee/OSDZU3_Ref_Design/OSDZU3_Ref_Design.runs/design_1_v_frmbuf_rd_1_0_synth_1/prj/sol/.autopilot/db/v_frmbuf_rd.cpp:548]   --->   Operation 284 'getelementptr' 'mm_video_addr' <Predicate = true> <Delay = 0.00>
ST_3 : Operation 285 [107/107] (3.65ns)   --->   "%empty_115 = readreq i1 @_ssdm_op_ReadReq.m_axi.p1i64, i32 %mm_video_addr, i32 %div_cast1" [/home/e/Documents/research/byotee/OSDZU3_Ref_Design/OSDZU3_Ref_Design.runs/design_1_v_frmbuf_rd_1_0_synth_1/prj/sol/.autopilot/db/v_frmbuf_rd.cpp:548]   --->   Operation 285 'readreq' 'empty_115' <Predicate = true> <Delay = 3.65> <CoreInst = "m_axi">   --->   Core 119 'm_axi' <Latency = 6> <II = 1> <Delay = 1.00> <Adapter> <Opcode : 'read' 'write' 'readreq' 'writereq' 'writeresp'>

State 4 <SV = 3> <Delay = 3.65>
ST_4 : Operation 286 [106/107] (3.65ns)   --->   "%empty_115 = readreq i1 @_ssdm_op_ReadReq.m_axi.p1i64, i32 %mm_video_addr, i32 %div_cast1" [/home/e/Documents/research/byotee/OSDZU3_Ref_Design/OSDZU3_Ref_Design.runs/design_1_v_frmbuf_rd_1_0_synth_1/prj/sol/.autopilot/db/v_frmbuf_rd.cpp:548]   --->   Operation 286 'readreq' 'empty_115' <Predicate = true> <Delay = 3.65> <CoreInst = "m_axi">   --->   Core 119 'm_axi' <Latency = 6> <II = 1> <Delay = 1.00> <Adapter> <Opcode : 'read' 'write' 'readreq' 'writereq' 'writeresp'>

State 5 <SV = 4> <Delay = 3.65>
ST_5 : Operation 287 [105/107] (3.65ns)   --->   "%empty_115 = readreq i1 @_ssdm_op_ReadReq.m_axi.p1i64, i32 %mm_video_addr, i32 %div_cast1" [/home/e/Documents/research/byotee/OSDZU3_Ref_Design/OSDZU3_Ref_Design.runs/design_1_v_frmbuf_rd_1_0_synth_1/prj/sol/.autopilot/db/v_frmbuf_rd.cpp:548]   --->   Operation 287 'readreq' 'empty_115' <Predicate = true> <Delay = 3.65> <CoreInst = "m_axi">   --->   Core 119 'm_axi' <Latency = 6> <II = 1> <Delay = 1.00> <Adapter> <Opcode : 'read' 'write' 'readreq' 'writereq' 'writeresp'>

State 6 <SV = 5> <Delay = 3.65>
ST_6 : Operation 288 [104/107] (3.65ns)   --->   "%empty_115 = readreq i1 @_ssdm_op_ReadReq.m_axi.p1i64, i32 %mm_video_addr, i32 %div_cast1" [/home/e/Documents/research/byotee/OSDZU3_Ref_Design/OSDZU3_Ref_Design.runs/design_1_v_frmbuf_rd_1_0_synth_1/prj/sol/.autopilot/db/v_frmbuf_rd.cpp:548]   --->   Operation 288 'readreq' 'empty_115' <Predicate = true> <Delay = 3.65> <CoreInst = "m_axi">   --->   Core 119 'm_axi' <Latency = 6> <II = 1> <Delay = 1.00> <Adapter> <Opcode : 'read' 'write' 'readreq' 'writereq' 'writeresp'>

State 7 <SV = 6> <Delay = 3.65>
ST_7 : Operation 289 [103/107] (3.65ns)   --->   "%empty_115 = readreq i1 @_ssdm_op_ReadReq.m_axi.p1i64, i32 %mm_video_addr, i32 %div_cast1" [/home/e/Documents/research/byotee/OSDZU3_Ref_Design/OSDZU3_Ref_Design.runs/design_1_v_frmbuf_rd_1_0_synth_1/prj/sol/.autopilot/db/v_frmbuf_rd.cpp:548]   --->   Operation 289 'readreq' 'empty_115' <Predicate = true> <Delay = 3.65> <CoreInst = "m_axi">   --->   Core 119 'm_axi' <Latency = 6> <II = 1> <Delay = 1.00> <Adapter> <Opcode : 'read' 'write' 'readreq' 'writereq' 'writeresp'>

State 8 <SV = 7> <Delay = 3.65>
ST_8 : Operation 290 [102/107] (3.65ns)   --->   "%empty_115 = readreq i1 @_ssdm_op_ReadReq.m_axi.p1i64, i32 %mm_video_addr, i32 %div_cast1" [/home/e/Documents/research/byotee/OSDZU3_Ref_Design/OSDZU3_Ref_Design.runs/design_1_v_frmbuf_rd_1_0_synth_1/prj/sol/.autopilot/db/v_frmbuf_rd.cpp:548]   --->   Operation 290 'readreq' 'empty_115' <Predicate = true> <Delay = 3.65> <CoreInst = "m_axi">   --->   Core 119 'm_axi' <Latency = 6> <II = 1> <Delay = 1.00> <Adapter> <Opcode : 'read' 'write' 'readreq' 'writereq' 'writeresp'>

State 9 <SV = 8> <Delay = 3.65>
ST_9 : Operation 291 [101/107] (3.65ns)   --->   "%empty_115 = readreq i1 @_ssdm_op_ReadReq.m_axi.p1i64, i32 %mm_video_addr, i32 %div_cast1" [/home/e/Documents/research/byotee/OSDZU3_Ref_Design/OSDZU3_Ref_Design.runs/design_1_v_frmbuf_rd_1_0_synth_1/prj/sol/.autopilot/db/v_frmbuf_rd.cpp:548]   --->   Operation 291 'readreq' 'empty_115' <Predicate = true> <Delay = 3.65> <CoreInst = "m_axi">   --->   Core 119 'm_axi' <Latency = 6> <II = 1> <Delay = 1.00> <Adapter> <Opcode : 'read' 'write' 'readreq' 'writereq' 'writeresp'>

State 10 <SV = 9> <Delay = 3.65>
ST_10 : Operation 292 [100/107] (3.65ns)   --->   "%empty_115 = readreq i1 @_ssdm_op_ReadReq.m_axi.p1i64, i32 %mm_video_addr, i32 %div_cast1" [/home/e/Documents/research/byotee/OSDZU3_Ref_Design/OSDZU3_Ref_Design.runs/design_1_v_frmbuf_rd_1_0_synth_1/prj/sol/.autopilot/db/v_frmbuf_rd.cpp:548]   --->   Operation 292 'readreq' 'empty_115' <Predicate = true> <Delay = 3.65> <CoreInst = "m_axi">   --->   Core 119 'm_axi' <Latency = 6> <II = 1> <Delay = 1.00> <Adapter> <Opcode : 'read' 'write' 'readreq' 'writereq' 'writeresp'>

State 11 <SV = 10> <Delay = 3.65>
ST_11 : Operation 293 [99/107] (3.65ns)   --->   "%empty_115 = readreq i1 @_ssdm_op_ReadReq.m_axi.p1i64, i32 %mm_video_addr, i32 %div_cast1" [/home/e/Documents/research/byotee/OSDZU3_Ref_Design/OSDZU3_Ref_Design.runs/design_1_v_frmbuf_rd_1_0_synth_1/prj/sol/.autopilot/db/v_frmbuf_rd.cpp:548]   --->   Operation 293 'readreq' 'empty_115' <Predicate = true> <Delay = 3.65> <CoreInst = "m_axi">   --->   Core 119 'm_axi' <Latency = 6> <II = 1> <Delay = 1.00> <Adapter> <Opcode : 'read' 'write' 'readreq' 'writereq' 'writeresp'>

State 12 <SV = 11> <Delay = 3.65>
ST_12 : Operation 294 [98/107] (3.65ns)   --->   "%empty_115 = readreq i1 @_ssdm_op_ReadReq.m_axi.p1i64, i32 %mm_video_addr, i32 %div_cast1" [/home/e/Documents/research/byotee/OSDZU3_Ref_Design/OSDZU3_Ref_Design.runs/design_1_v_frmbuf_rd_1_0_synth_1/prj/sol/.autopilot/db/v_frmbuf_rd.cpp:548]   --->   Operation 294 'readreq' 'empty_115' <Predicate = true> <Delay = 3.65> <CoreInst = "m_axi">   --->   Core 119 'm_axi' <Latency = 6> <II = 1> <Delay = 1.00> <Adapter> <Opcode : 'read' 'write' 'readreq' 'writereq' 'writeresp'>

State 13 <SV = 12> <Delay = 3.65>
ST_13 : Operation 295 [97/107] (3.65ns)   --->   "%empty_115 = readreq i1 @_ssdm_op_ReadReq.m_axi.p1i64, i32 %mm_video_addr, i32 %div_cast1" [/home/e/Documents/research/byotee/OSDZU3_Ref_Design/OSDZU3_Ref_Design.runs/design_1_v_frmbuf_rd_1_0_synth_1/prj/sol/.autopilot/db/v_frmbuf_rd.cpp:548]   --->   Operation 295 'readreq' 'empty_115' <Predicate = true> <Delay = 3.65> <CoreInst = "m_axi">   --->   Core 119 'm_axi' <Latency = 6> <II = 1> <Delay = 1.00> <Adapter> <Opcode : 'read' 'write' 'readreq' 'writereq' 'writeresp'>

State 14 <SV = 13> <Delay = 3.65>
ST_14 : Operation 296 [96/107] (3.65ns)   --->   "%empty_115 = readreq i1 @_ssdm_op_ReadReq.m_axi.p1i64, i32 %mm_video_addr, i32 %div_cast1" [/home/e/Documents/research/byotee/OSDZU3_Ref_Design/OSDZU3_Ref_Design.runs/design_1_v_frmbuf_rd_1_0_synth_1/prj/sol/.autopilot/db/v_frmbuf_rd.cpp:548]   --->   Operation 296 'readreq' 'empty_115' <Predicate = true> <Delay = 3.65> <CoreInst = "m_axi">   --->   Core 119 'm_axi' <Latency = 6> <II = 1> <Delay = 1.00> <Adapter> <Opcode : 'read' 'write' 'readreq' 'writereq' 'writeresp'>

State 15 <SV = 14> <Delay = 3.65>
ST_15 : Operation 297 [95/107] (3.65ns)   --->   "%empty_115 = readreq i1 @_ssdm_op_ReadReq.m_axi.p1i64, i32 %mm_video_addr, i32 %div_cast1" [/home/e/Documents/research/byotee/OSDZU3_Ref_Design/OSDZU3_Ref_Design.runs/design_1_v_frmbuf_rd_1_0_synth_1/prj/sol/.autopilot/db/v_frmbuf_rd.cpp:548]   --->   Operation 297 'readreq' 'empty_115' <Predicate = true> <Delay = 3.65> <CoreInst = "m_axi">   --->   Core 119 'm_axi' <Latency = 6> <II = 1> <Delay = 1.00> <Adapter> <Opcode : 'read' 'write' 'readreq' 'writereq' 'writeresp'>

State 16 <SV = 15> <Delay = 3.65>
ST_16 : Operation 298 [94/107] (3.65ns)   --->   "%empty_115 = readreq i1 @_ssdm_op_ReadReq.m_axi.p1i64, i32 %mm_video_addr, i32 %div_cast1" [/home/e/Documents/research/byotee/OSDZU3_Ref_Design/OSDZU3_Ref_Design.runs/design_1_v_frmbuf_rd_1_0_synth_1/prj/sol/.autopilot/db/v_frmbuf_rd.cpp:548]   --->   Operation 298 'readreq' 'empty_115' <Predicate = true> <Delay = 3.65> <CoreInst = "m_axi">   --->   Core 119 'm_axi' <Latency = 6> <II = 1> <Delay = 1.00> <Adapter> <Opcode : 'read' 'write' 'readreq' 'writereq' 'writeresp'>

State 17 <SV = 16> <Delay = 3.65>
ST_17 : Operation 299 [93/107] (3.65ns)   --->   "%empty_115 = readreq i1 @_ssdm_op_ReadReq.m_axi.p1i64, i32 %mm_video_addr, i32 %div_cast1" [/home/e/Documents/research/byotee/OSDZU3_Ref_Design/OSDZU3_Ref_Design.runs/design_1_v_frmbuf_rd_1_0_synth_1/prj/sol/.autopilot/db/v_frmbuf_rd.cpp:548]   --->   Operation 299 'readreq' 'empty_115' <Predicate = true> <Delay = 3.65> <CoreInst = "m_axi">   --->   Core 119 'm_axi' <Latency = 6> <II = 1> <Delay = 1.00> <Adapter> <Opcode : 'read' 'write' 'readreq' 'writereq' 'writeresp'>

State 18 <SV = 17> <Delay = 3.65>
ST_18 : Operation 300 [92/107] (3.65ns)   --->   "%empty_115 = readreq i1 @_ssdm_op_ReadReq.m_axi.p1i64, i32 %mm_video_addr, i32 %div_cast1" [/home/e/Documents/research/byotee/OSDZU3_Ref_Design/OSDZU3_Ref_Design.runs/design_1_v_frmbuf_rd_1_0_synth_1/prj/sol/.autopilot/db/v_frmbuf_rd.cpp:548]   --->   Operation 300 'readreq' 'empty_115' <Predicate = true> <Delay = 3.65> <CoreInst = "m_axi">   --->   Core 119 'm_axi' <Latency = 6> <II = 1> <Delay = 1.00> <Adapter> <Opcode : 'read' 'write' 'readreq' 'writereq' 'writeresp'>

State 19 <SV = 18> <Delay = 3.65>
ST_19 : Operation 301 [91/107] (3.65ns)   --->   "%empty_115 = readreq i1 @_ssdm_op_ReadReq.m_axi.p1i64, i32 %mm_video_addr, i32 %div_cast1" [/home/e/Documents/research/byotee/OSDZU3_Ref_Design/OSDZU3_Ref_Design.runs/design_1_v_frmbuf_rd_1_0_synth_1/prj/sol/.autopilot/db/v_frmbuf_rd.cpp:548]   --->   Operation 301 'readreq' 'empty_115' <Predicate = true> <Delay = 3.65> <CoreInst = "m_axi">   --->   Core 119 'm_axi' <Latency = 6> <II = 1> <Delay = 1.00> <Adapter> <Opcode : 'read' 'write' 'readreq' 'writereq' 'writeresp'>

State 20 <SV = 19> <Delay = 3.65>
ST_20 : Operation 302 [90/107] (3.65ns)   --->   "%empty_115 = readreq i1 @_ssdm_op_ReadReq.m_axi.p1i64, i32 %mm_video_addr, i32 %div_cast1" [/home/e/Documents/research/byotee/OSDZU3_Ref_Design/OSDZU3_Ref_Design.runs/design_1_v_frmbuf_rd_1_0_synth_1/prj/sol/.autopilot/db/v_frmbuf_rd.cpp:548]   --->   Operation 302 'readreq' 'empty_115' <Predicate = true> <Delay = 3.65> <CoreInst = "m_axi">   --->   Core 119 'm_axi' <Latency = 6> <II = 1> <Delay = 1.00> <Adapter> <Opcode : 'read' 'write' 'readreq' 'writereq' 'writeresp'>

State 21 <SV = 20> <Delay = 3.65>
ST_21 : Operation 303 [89/107] (3.65ns)   --->   "%empty_115 = readreq i1 @_ssdm_op_ReadReq.m_axi.p1i64, i32 %mm_video_addr, i32 %div_cast1" [/home/e/Documents/research/byotee/OSDZU3_Ref_Design/OSDZU3_Ref_Design.runs/design_1_v_frmbuf_rd_1_0_synth_1/prj/sol/.autopilot/db/v_frmbuf_rd.cpp:548]   --->   Operation 303 'readreq' 'empty_115' <Predicate = true> <Delay = 3.65> <CoreInst = "m_axi">   --->   Core 119 'm_axi' <Latency = 6> <II = 1> <Delay = 1.00> <Adapter> <Opcode : 'read' 'write' 'readreq' 'writereq' 'writeresp'>

State 22 <SV = 21> <Delay = 3.65>
ST_22 : Operation 304 [88/107] (3.65ns)   --->   "%empty_115 = readreq i1 @_ssdm_op_ReadReq.m_axi.p1i64, i32 %mm_video_addr, i32 %div_cast1" [/home/e/Documents/research/byotee/OSDZU3_Ref_Design/OSDZU3_Ref_Design.runs/design_1_v_frmbuf_rd_1_0_synth_1/prj/sol/.autopilot/db/v_frmbuf_rd.cpp:548]   --->   Operation 304 'readreq' 'empty_115' <Predicate = true> <Delay = 3.65> <CoreInst = "m_axi">   --->   Core 119 'm_axi' <Latency = 6> <II = 1> <Delay = 1.00> <Adapter> <Opcode : 'read' 'write' 'readreq' 'writereq' 'writeresp'>

State 23 <SV = 22> <Delay = 3.65>
ST_23 : Operation 305 [87/107] (3.65ns)   --->   "%empty_115 = readreq i1 @_ssdm_op_ReadReq.m_axi.p1i64, i32 %mm_video_addr, i32 %div_cast1" [/home/e/Documents/research/byotee/OSDZU3_Ref_Design/OSDZU3_Ref_Design.runs/design_1_v_frmbuf_rd_1_0_synth_1/prj/sol/.autopilot/db/v_frmbuf_rd.cpp:548]   --->   Operation 305 'readreq' 'empty_115' <Predicate = true> <Delay = 3.65> <CoreInst = "m_axi">   --->   Core 119 'm_axi' <Latency = 6> <II = 1> <Delay = 1.00> <Adapter> <Opcode : 'read' 'write' 'readreq' 'writereq' 'writeresp'>

State 24 <SV = 23> <Delay = 3.65>
ST_24 : Operation 306 [86/107] (3.65ns)   --->   "%empty_115 = readreq i1 @_ssdm_op_ReadReq.m_axi.p1i64, i32 %mm_video_addr, i32 %div_cast1" [/home/e/Documents/research/byotee/OSDZU3_Ref_Design/OSDZU3_Ref_Design.runs/design_1_v_frmbuf_rd_1_0_synth_1/prj/sol/.autopilot/db/v_frmbuf_rd.cpp:548]   --->   Operation 306 'readreq' 'empty_115' <Predicate = true> <Delay = 3.65> <CoreInst = "m_axi">   --->   Core 119 'm_axi' <Latency = 6> <II = 1> <Delay = 1.00> <Adapter> <Opcode : 'read' 'write' 'readreq' 'writereq' 'writeresp'>

State 25 <SV = 24> <Delay = 3.65>
ST_25 : Operation 307 [85/107] (3.65ns)   --->   "%empty_115 = readreq i1 @_ssdm_op_ReadReq.m_axi.p1i64, i32 %mm_video_addr, i32 %div_cast1" [/home/e/Documents/research/byotee/OSDZU3_Ref_Design/OSDZU3_Ref_Design.runs/design_1_v_frmbuf_rd_1_0_synth_1/prj/sol/.autopilot/db/v_frmbuf_rd.cpp:548]   --->   Operation 307 'readreq' 'empty_115' <Predicate = true> <Delay = 3.65> <CoreInst = "m_axi">   --->   Core 119 'm_axi' <Latency = 6> <II = 1> <Delay = 1.00> <Adapter> <Opcode : 'read' 'write' 'readreq' 'writereq' 'writeresp'>

State 26 <SV = 25> <Delay = 3.65>
ST_26 : Operation 308 [84/107] (3.65ns)   --->   "%empty_115 = readreq i1 @_ssdm_op_ReadReq.m_axi.p1i64, i32 %mm_video_addr, i32 %div_cast1" [/home/e/Documents/research/byotee/OSDZU3_Ref_Design/OSDZU3_Ref_Design.runs/design_1_v_frmbuf_rd_1_0_synth_1/prj/sol/.autopilot/db/v_frmbuf_rd.cpp:548]   --->   Operation 308 'readreq' 'empty_115' <Predicate = true> <Delay = 3.65> <CoreInst = "m_axi">   --->   Core 119 'm_axi' <Latency = 6> <II = 1> <Delay = 1.00> <Adapter> <Opcode : 'read' 'write' 'readreq' 'writereq' 'writeresp'>

State 27 <SV = 26> <Delay = 3.65>
ST_27 : Operation 309 [83/107] (3.65ns)   --->   "%empty_115 = readreq i1 @_ssdm_op_ReadReq.m_axi.p1i64, i32 %mm_video_addr, i32 %div_cast1" [/home/e/Documents/research/byotee/OSDZU3_Ref_Design/OSDZU3_Ref_Design.runs/design_1_v_frmbuf_rd_1_0_synth_1/prj/sol/.autopilot/db/v_frmbuf_rd.cpp:548]   --->   Operation 309 'readreq' 'empty_115' <Predicate = true> <Delay = 3.65> <CoreInst = "m_axi">   --->   Core 119 'm_axi' <Latency = 6> <II = 1> <Delay = 1.00> <Adapter> <Opcode : 'read' 'write' 'readreq' 'writereq' 'writeresp'>

State 28 <SV = 27> <Delay = 3.65>
ST_28 : Operation 310 [82/107] (3.65ns)   --->   "%empty_115 = readreq i1 @_ssdm_op_ReadReq.m_axi.p1i64, i32 %mm_video_addr, i32 %div_cast1" [/home/e/Documents/research/byotee/OSDZU3_Ref_Design/OSDZU3_Ref_Design.runs/design_1_v_frmbuf_rd_1_0_synth_1/prj/sol/.autopilot/db/v_frmbuf_rd.cpp:548]   --->   Operation 310 'readreq' 'empty_115' <Predicate = true> <Delay = 3.65> <CoreInst = "m_axi">   --->   Core 119 'm_axi' <Latency = 6> <II = 1> <Delay = 1.00> <Adapter> <Opcode : 'read' 'write' 'readreq' 'writereq' 'writeresp'>

State 29 <SV = 28> <Delay = 3.65>
ST_29 : Operation 311 [81/107] (3.65ns)   --->   "%empty_115 = readreq i1 @_ssdm_op_ReadReq.m_axi.p1i64, i32 %mm_video_addr, i32 %div_cast1" [/home/e/Documents/research/byotee/OSDZU3_Ref_Design/OSDZU3_Ref_Design.runs/design_1_v_frmbuf_rd_1_0_synth_1/prj/sol/.autopilot/db/v_frmbuf_rd.cpp:548]   --->   Operation 311 'readreq' 'empty_115' <Predicate = true> <Delay = 3.65> <CoreInst = "m_axi">   --->   Core 119 'm_axi' <Latency = 6> <II = 1> <Delay = 1.00> <Adapter> <Opcode : 'read' 'write' 'readreq' 'writereq' 'writeresp'>

State 30 <SV = 29> <Delay = 3.65>
ST_30 : Operation 312 [80/107] (3.65ns)   --->   "%empty_115 = readreq i1 @_ssdm_op_ReadReq.m_axi.p1i64, i32 %mm_video_addr, i32 %div_cast1" [/home/e/Documents/research/byotee/OSDZU3_Ref_Design/OSDZU3_Ref_Design.runs/design_1_v_frmbuf_rd_1_0_synth_1/prj/sol/.autopilot/db/v_frmbuf_rd.cpp:548]   --->   Operation 312 'readreq' 'empty_115' <Predicate = true> <Delay = 3.65> <CoreInst = "m_axi">   --->   Core 119 'm_axi' <Latency = 6> <II = 1> <Delay = 1.00> <Adapter> <Opcode : 'read' 'write' 'readreq' 'writereq' 'writeresp'>

State 31 <SV = 30> <Delay = 3.65>
ST_31 : Operation 313 [79/107] (3.65ns)   --->   "%empty_115 = readreq i1 @_ssdm_op_ReadReq.m_axi.p1i64, i32 %mm_video_addr, i32 %div_cast1" [/home/e/Documents/research/byotee/OSDZU3_Ref_Design/OSDZU3_Ref_Design.runs/design_1_v_frmbuf_rd_1_0_synth_1/prj/sol/.autopilot/db/v_frmbuf_rd.cpp:548]   --->   Operation 313 'readreq' 'empty_115' <Predicate = true> <Delay = 3.65> <CoreInst = "m_axi">   --->   Core 119 'm_axi' <Latency = 6> <II = 1> <Delay = 1.00> <Adapter> <Opcode : 'read' 'write' 'readreq' 'writereq' 'writeresp'>

State 32 <SV = 31> <Delay = 3.65>
ST_32 : Operation 314 [78/107] (3.65ns)   --->   "%empty_115 = readreq i1 @_ssdm_op_ReadReq.m_axi.p1i64, i32 %mm_video_addr, i32 %div_cast1" [/home/e/Documents/research/byotee/OSDZU3_Ref_Design/OSDZU3_Ref_Design.runs/design_1_v_frmbuf_rd_1_0_synth_1/prj/sol/.autopilot/db/v_frmbuf_rd.cpp:548]   --->   Operation 314 'readreq' 'empty_115' <Predicate = true> <Delay = 3.65> <CoreInst = "m_axi">   --->   Core 119 'm_axi' <Latency = 6> <II = 1> <Delay = 1.00> <Adapter> <Opcode : 'read' 'write' 'readreq' 'writereq' 'writeresp'>

State 33 <SV = 32> <Delay = 3.65>
ST_33 : Operation 315 [77/107] (3.65ns)   --->   "%empty_115 = readreq i1 @_ssdm_op_ReadReq.m_axi.p1i64, i32 %mm_video_addr, i32 %div_cast1" [/home/e/Documents/research/byotee/OSDZU3_Ref_Design/OSDZU3_Ref_Design.runs/design_1_v_frmbuf_rd_1_0_synth_1/prj/sol/.autopilot/db/v_frmbuf_rd.cpp:548]   --->   Operation 315 'readreq' 'empty_115' <Predicate = true> <Delay = 3.65> <CoreInst = "m_axi">   --->   Core 119 'm_axi' <Latency = 6> <II = 1> <Delay = 1.00> <Adapter> <Opcode : 'read' 'write' 'readreq' 'writereq' 'writeresp'>

State 34 <SV = 33> <Delay = 3.65>
ST_34 : Operation 316 [76/107] (3.65ns)   --->   "%empty_115 = readreq i1 @_ssdm_op_ReadReq.m_axi.p1i64, i32 %mm_video_addr, i32 %div_cast1" [/home/e/Documents/research/byotee/OSDZU3_Ref_Design/OSDZU3_Ref_Design.runs/design_1_v_frmbuf_rd_1_0_synth_1/prj/sol/.autopilot/db/v_frmbuf_rd.cpp:548]   --->   Operation 316 'readreq' 'empty_115' <Predicate = true> <Delay = 3.65> <CoreInst = "m_axi">   --->   Core 119 'm_axi' <Latency = 6> <II = 1> <Delay = 1.00> <Adapter> <Opcode : 'read' 'write' 'readreq' 'writereq' 'writeresp'>

State 35 <SV = 34> <Delay = 3.65>
ST_35 : Operation 317 [75/107] (3.65ns)   --->   "%empty_115 = readreq i1 @_ssdm_op_ReadReq.m_axi.p1i64, i32 %mm_video_addr, i32 %div_cast1" [/home/e/Documents/research/byotee/OSDZU3_Ref_Design/OSDZU3_Ref_Design.runs/design_1_v_frmbuf_rd_1_0_synth_1/prj/sol/.autopilot/db/v_frmbuf_rd.cpp:548]   --->   Operation 317 'readreq' 'empty_115' <Predicate = true> <Delay = 3.65> <CoreInst = "m_axi">   --->   Core 119 'm_axi' <Latency = 6> <II = 1> <Delay = 1.00> <Adapter> <Opcode : 'read' 'write' 'readreq' 'writereq' 'writeresp'>

State 36 <SV = 35> <Delay = 3.65>
ST_36 : Operation 318 [74/107] (3.65ns)   --->   "%empty_115 = readreq i1 @_ssdm_op_ReadReq.m_axi.p1i64, i32 %mm_video_addr, i32 %div_cast1" [/home/e/Documents/research/byotee/OSDZU3_Ref_Design/OSDZU3_Ref_Design.runs/design_1_v_frmbuf_rd_1_0_synth_1/prj/sol/.autopilot/db/v_frmbuf_rd.cpp:548]   --->   Operation 318 'readreq' 'empty_115' <Predicate = true> <Delay = 3.65> <CoreInst = "m_axi">   --->   Core 119 'm_axi' <Latency = 6> <II = 1> <Delay = 1.00> <Adapter> <Opcode : 'read' 'write' 'readreq' 'writereq' 'writeresp'>

State 37 <SV = 36> <Delay = 3.65>
ST_37 : Operation 319 [73/107] (3.65ns)   --->   "%empty_115 = readreq i1 @_ssdm_op_ReadReq.m_axi.p1i64, i32 %mm_video_addr, i32 %div_cast1" [/home/e/Documents/research/byotee/OSDZU3_Ref_Design/OSDZU3_Ref_Design.runs/design_1_v_frmbuf_rd_1_0_synth_1/prj/sol/.autopilot/db/v_frmbuf_rd.cpp:548]   --->   Operation 319 'readreq' 'empty_115' <Predicate = true> <Delay = 3.65> <CoreInst = "m_axi">   --->   Core 119 'm_axi' <Latency = 6> <II = 1> <Delay = 1.00> <Adapter> <Opcode : 'read' 'write' 'readreq' 'writereq' 'writeresp'>

State 38 <SV = 37> <Delay = 3.65>
ST_38 : Operation 320 [72/107] (3.65ns)   --->   "%empty_115 = readreq i1 @_ssdm_op_ReadReq.m_axi.p1i64, i32 %mm_video_addr, i32 %div_cast1" [/home/e/Documents/research/byotee/OSDZU3_Ref_Design/OSDZU3_Ref_Design.runs/design_1_v_frmbuf_rd_1_0_synth_1/prj/sol/.autopilot/db/v_frmbuf_rd.cpp:548]   --->   Operation 320 'readreq' 'empty_115' <Predicate = true> <Delay = 3.65> <CoreInst = "m_axi">   --->   Core 119 'm_axi' <Latency = 6> <II = 1> <Delay = 1.00> <Adapter> <Opcode : 'read' 'write' 'readreq' 'writereq' 'writeresp'>

State 39 <SV = 38> <Delay = 3.65>
ST_39 : Operation 321 [71/107] (3.65ns)   --->   "%empty_115 = readreq i1 @_ssdm_op_ReadReq.m_axi.p1i64, i32 %mm_video_addr, i32 %div_cast1" [/home/e/Documents/research/byotee/OSDZU3_Ref_Design/OSDZU3_Ref_Design.runs/design_1_v_frmbuf_rd_1_0_synth_1/prj/sol/.autopilot/db/v_frmbuf_rd.cpp:548]   --->   Operation 321 'readreq' 'empty_115' <Predicate = true> <Delay = 3.65> <CoreInst = "m_axi">   --->   Core 119 'm_axi' <Latency = 6> <II = 1> <Delay = 1.00> <Adapter> <Opcode : 'read' 'write' 'readreq' 'writereq' 'writeresp'>

State 40 <SV = 39> <Delay = 3.65>
ST_40 : Operation 322 [70/107] (3.65ns)   --->   "%empty_115 = readreq i1 @_ssdm_op_ReadReq.m_axi.p1i64, i32 %mm_video_addr, i32 %div_cast1" [/home/e/Documents/research/byotee/OSDZU3_Ref_Design/OSDZU3_Ref_Design.runs/design_1_v_frmbuf_rd_1_0_synth_1/prj/sol/.autopilot/db/v_frmbuf_rd.cpp:548]   --->   Operation 322 'readreq' 'empty_115' <Predicate = true> <Delay = 3.65> <CoreInst = "m_axi">   --->   Core 119 'm_axi' <Latency = 6> <II = 1> <Delay = 1.00> <Adapter> <Opcode : 'read' 'write' 'readreq' 'writereq' 'writeresp'>

State 41 <SV = 40> <Delay = 3.65>
ST_41 : Operation 323 [69/107] (3.65ns)   --->   "%empty_115 = readreq i1 @_ssdm_op_ReadReq.m_axi.p1i64, i32 %mm_video_addr, i32 %div_cast1" [/home/e/Documents/research/byotee/OSDZU3_Ref_Design/OSDZU3_Ref_Design.runs/design_1_v_frmbuf_rd_1_0_synth_1/prj/sol/.autopilot/db/v_frmbuf_rd.cpp:548]   --->   Operation 323 'readreq' 'empty_115' <Predicate = true> <Delay = 3.65> <CoreInst = "m_axi">   --->   Core 119 'm_axi' <Latency = 6> <II = 1> <Delay = 1.00> <Adapter> <Opcode : 'read' 'write' 'readreq' 'writereq' 'writeresp'>

State 42 <SV = 41> <Delay = 3.65>
ST_42 : Operation 324 [68/107] (3.65ns)   --->   "%empty_115 = readreq i1 @_ssdm_op_ReadReq.m_axi.p1i64, i32 %mm_video_addr, i32 %div_cast1" [/home/e/Documents/research/byotee/OSDZU3_Ref_Design/OSDZU3_Ref_Design.runs/design_1_v_frmbuf_rd_1_0_synth_1/prj/sol/.autopilot/db/v_frmbuf_rd.cpp:548]   --->   Operation 324 'readreq' 'empty_115' <Predicate = true> <Delay = 3.65> <CoreInst = "m_axi">   --->   Core 119 'm_axi' <Latency = 6> <II = 1> <Delay = 1.00> <Adapter> <Opcode : 'read' 'write' 'readreq' 'writereq' 'writeresp'>

State 43 <SV = 42> <Delay = 3.65>
ST_43 : Operation 325 [67/107] (3.65ns)   --->   "%empty_115 = readreq i1 @_ssdm_op_ReadReq.m_axi.p1i64, i32 %mm_video_addr, i32 %div_cast1" [/home/e/Documents/research/byotee/OSDZU3_Ref_Design/OSDZU3_Ref_Design.runs/design_1_v_frmbuf_rd_1_0_synth_1/prj/sol/.autopilot/db/v_frmbuf_rd.cpp:548]   --->   Operation 325 'readreq' 'empty_115' <Predicate = true> <Delay = 3.65> <CoreInst = "m_axi">   --->   Core 119 'm_axi' <Latency = 6> <II = 1> <Delay = 1.00> <Adapter> <Opcode : 'read' 'write' 'readreq' 'writereq' 'writeresp'>

State 44 <SV = 43> <Delay = 3.65>
ST_44 : Operation 326 [66/107] (3.65ns)   --->   "%empty_115 = readreq i1 @_ssdm_op_ReadReq.m_axi.p1i64, i32 %mm_video_addr, i32 %div_cast1" [/home/e/Documents/research/byotee/OSDZU3_Ref_Design/OSDZU3_Ref_Design.runs/design_1_v_frmbuf_rd_1_0_synth_1/prj/sol/.autopilot/db/v_frmbuf_rd.cpp:548]   --->   Operation 326 'readreq' 'empty_115' <Predicate = true> <Delay = 3.65> <CoreInst = "m_axi">   --->   Core 119 'm_axi' <Latency = 6> <II = 1> <Delay = 1.00> <Adapter> <Opcode : 'read' 'write' 'readreq' 'writereq' 'writeresp'>

State 45 <SV = 44> <Delay = 3.65>
ST_45 : Operation 327 [65/107] (3.65ns)   --->   "%empty_115 = readreq i1 @_ssdm_op_ReadReq.m_axi.p1i64, i32 %mm_video_addr, i32 %div_cast1" [/home/e/Documents/research/byotee/OSDZU3_Ref_Design/OSDZU3_Ref_Design.runs/design_1_v_frmbuf_rd_1_0_synth_1/prj/sol/.autopilot/db/v_frmbuf_rd.cpp:548]   --->   Operation 327 'readreq' 'empty_115' <Predicate = true> <Delay = 3.65> <CoreInst = "m_axi">   --->   Core 119 'm_axi' <Latency = 6> <II = 1> <Delay = 1.00> <Adapter> <Opcode : 'read' 'write' 'readreq' 'writereq' 'writeresp'>

State 46 <SV = 45> <Delay = 3.65>
ST_46 : Operation 328 [64/107] (3.65ns)   --->   "%empty_115 = readreq i1 @_ssdm_op_ReadReq.m_axi.p1i64, i32 %mm_video_addr, i32 %div_cast1" [/home/e/Documents/research/byotee/OSDZU3_Ref_Design/OSDZU3_Ref_Design.runs/design_1_v_frmbuf_rd_1_0_synth_1/prj/sol/.autopilot/db/v_frmbuf_rd.cpp:548]   --->   Operation 328 'readreq' 'empty_115' <Predicate = true> <Delay = 3.65> <CoreInst = "m_axi">   --->   Core 119 'm_axi' <Latency = 6> <II = 1> <Delay = 1.00> <Adapter> <Opcode : 'read' 'write' 'readreq' 'writereq' 'writeresp'>

State 47 <SV = 46> <Delay = 3.65>
ST_47 : Operation 329 [63/107] (3.65ns)   --->   "%empty_115 = readreq i1 @_ssdm_op_ReadReq.m_axi.p1i64, i32 %mm_video_addr, i32 %div_cast1" [/home/e/Documents/research/byotee/OSDZU3_Ref_Design/OSDZU3_Ref_Design.runs/design_1_v_frmbuf_rd_1_0_synth_1/prj/sol/.autopilot/db/v_frmbuf_rd.cpp:548]   --->   Operation 329 'readreq' 'empty_115' <Predicate = true> <Delay = 3.65> <CoreInst = "m_axi">   --->   Core 119 'm_axi' <Latency = 6> <II = 1> <Delay = 1.00> <Adapter> <Opcode : 'read' 'write' 'readreq' 'writereq' 'writeresp'>

State 48 <SV = 47> <Delay = 3.65>
ST_48 : Operation 330 [62/107] (3.65ns)   --->   "%empty_115 = readreq i1 @_ssdm_op_ReadReq.m_axi.p1i64, i32 %mm_video_addr, i32 %div_cast1" [/home/e/Documents/research/byotee/OSDZU3_Ref_Design/OSDZU3_Ref_Design.runs/design_1_v_frmbuf_rd_1_0_synth_1/prj/sol/.autopilot/db/v_frmbuf_rd.cpp:548]   --->   Operation 330 'readreq' 'empty_115' <Predicate = true> <Delay = 3.65> <CoreInst = "m_axi">   --->   Core 119 'm_axi' <Latency = 6> <II = 1> <Delay = 1.00> <Adapter> <Opcode : 'read' 'write' 'readreq' 'writereq' 'writeresp'>

State 49 <SV = 48> <Delay = 3.65>
ST_49 : Operation 331 [61/107] (3.65ns)   --->   "%empty_115 = readreq i1 @_ssdm_op_ReadReq.m_axi.p1i64, i32 %mm_video_addr, i32 %div_cast1" [/home/e/Documents/research/byotee/OSDZU3_Ref_Design/OSDZU3_Ref_Design.runs/design_1_v_frmbuf_rd_1_0_synth_1/prj/sol/.autopilot/db/v_frmbuf_rd.cpp:548]   --->   Operation 331 'readreq' 'empty_115' <Predicate = true> <Delay = 3.65> <CoreInst = "m_axi">   --->   Core 119 'm_axi' <Latency = 6> <II = 1> <Delay = 1.00> <Adapter> <Opcode : 'read' 'write' 'readreq' 'writereq' 'writeresp'>

State 50 <SV = 49> <Delay = 3.65>
ST_50 : Operation 332 [60/107] (3.65ns)   --->   "%empty_115 = readreq i1 @_ssdm_op_ReadReq.m_axi.p1i64, i32 %mm_video_addr, i32 %div_cast1" [/home/e/Documents/research/byotee/OSDZU3_Ref_Design/OSDZU3_Ref_Design.runs/design_1_v_frmbuf_rd_1_0_synth_1/prj/sol/.autopilot/db/v_frmbuf_rd.cpp:548]   --->   Operation 332 'readreq' 'empty_115' <Predicate = true> <Delay = 3.65> <CoreInst = "m_axi">   --->   Core 119 'm_axi' <Latency = 6> <II = 1> <Delay = 1.00> <Adapter> <Opcode : 'read' 'write' 'readreq' 'writereq' 'writeresp'>

State 51 <SV = 50> <Delay = 3.65>
ST_51 : Operation 333 [59/107] (3.65ns)   --->   "%empty_115 = readreq i1 @_ssdm_op_ReadReq.m_axi.p1i64, i32 %mm_video_addr, i32 %div_cast1" [/home/e/Documents/research/byotee/OSDZU3_Ref_Design/OSDZU3_Ref_Design.runs/design_1_v_frmbuf_rd_1_0_synth_1/prj/sol/.autopilot/db/v_frmbuf_rd.cpp:548]   --->   Operation 333 'readreq' 'empty_115' <Predicate = true> <Delay = 3.65> <CoreInst = "m_axi">   --->   Core 119 'm_axi' <Latency = 6> <II = 1> <Delay = 1.00> <Adapter> <Opcode : 'read' 'write' 'readreq' 'writereq' 'writeresp'>

State 52 <SV = 51> <Delay = 3.65>
ST_52 : Operation 334 [58/107] (3.65ns)   --->   "%empty_115 = readreq i1 @_ssdm_op_ReadReq.m_axi.p1i64, i32 %mm_video_addr, i32 %div_cast1" [/home/e/Documents/research/byotee/OSDZU3_Ref_Design/OSDZU3_Ref_Design.runs/design_1_v_frmbuf_rd_1_0_synth_1/prj/sol/.autopilot/db/v_frmbuf_rd.cpp:548]   --->   Operation 334 'readreq' 'empty_115' <Predicate = true> <Delay = 3.65> <CoreInst = "m_axi">   --->   Core 119 'm_axi' <Latency = 6> <II = 1> <Delay = 1.00> <Adapter> <Opcode : 'read' 'write' 'readreq' 'writereq' 'writeresp'>

State 53 <SV = 52> <Delay = 3.65>
ST_53 : Operation 335 [57/107] (3.65ns)   --->   "%empty_115 = readreq i1 @_ssdm_op_ReadReq.m_axi.p1i64, i32 %mm_video_addr, i32 %div_cast1" [/home/e/Documents/research/byotee/OSDZU3_Ref_Design/OSDZU3_Ref_Design.runs/design_1_v_frmbuf_rd_1_0_synth_1/prj/sol/.autopilot/db/v_frmbuf_rd.cpp:548]   --->   Operation 335 'readreq' 'empty_115' <Predicate = true> <Delay = 3.65> <CoreInst = "m_axi">   --->   Core 119 'm_axi' <Latency = 6> <II = 1> <Delay = 1.00> <Adapter> <Opcode : 'read' 'write' 'readreq' 'writereq' 'writeresp'>

State 54 <SV = 53> <Delay = 3.65>
ST_54 : Operation 336 [56/107] (3.65ns)   --->   "%empty_115 = readreq i1 @_ssdm_op_ReadReq.m_axi.p1i64, i32 %mm_video_addr, i32 %div_cast1" [/home/e/Documents/research/byotee/OSDZU3_Ref_Design/OSDZU3_Ref_Design.runs/design_1_v_frmbuf_rd_1_0_synth_1/prj/sol/.autopilot/db/v_frmbuf_rd.cpp:548]   --->   Operation 336 'readreq' 'empty_115' <Predicate = true> <Delay = 3.65> <CoreInst = "m_axi">   --->   Core 119 'm_axi' <Latency = 6> <II = 1> <Delay = 1.00> <Adapter> <Opcode : 'read' 'write' 'readreq' 'writereq' 'writeresp'>

State 55 <SV = 54> <Delay = 3.65>
ST_55 : Operation 337 [55/107] (3.65ns)   --->   "%empty_115 = readreq i1 @_ssdm_op_ReadReq.m_axi.p1i64, i32 %mm_video_addr, i32 %div_cast1" [/home/e/Documents/research/byotee/OSDZU3_Ref_Design/OSDZU3_Ref_Design.runs/design_1_v_frmbuf_rd_1_0_synth_1/prj/sol/.autopilot/db/v_frmbuf_rd.cpp:548]   --->   Operation 337 'readreq' 'empty_115' <Predicate = true> <Delay = 3.65> <CoreInst = "m_axi">   --->   Core 119 'm_axi' <Latency = 6> <II = 1> <Delay = 1.00> <Adapter> <Opcode : 'read' 'write' 'readreq' 'writereq' 'writeresp'>

State 56 <SV = 55> <Delay = 3.65>
ST_56 : Operation 338 [54/107] (3.65ns)   --->   "%empty_115 = readreq i1 @_ssdm_op_ReadReq.m_axi.p1i64, i32 %mm_video_addr, i32 %div_cast1" [/home/e/Documents/research/byotee/OSDZU3_Ref_Design/OSDZU3_Ref_Design.runs/design_1_v_frmbuf_rd_1_0_synth_1/prj/sol/.autopilot/db/v_frmbuf_rd.cpp:548]   --->   Operation 338 'readreq' 'empty_115' <Predicate = true> <Delay = 3.65> <CoreInst = "m_axi">   --->   Core 119 'm_axi' <Latency = 6> <II = 1> <Delay = 1.00> <Adapter> <Opcode : 'read' 'write' 'readreq' 'writereq' 'writeresp'>

State 57 <SV = 56> <Delay = 3.65>
ST_57 : Operation 339 [53/107] (3.65ns)   --->   "%empty_115 = readreq i1 @_ssdm_op_ReadReq.m_axi.p1i64, i32 %mm_video_addr, i32 %div_cast1" [/home/e/Documents/research/byotee/OSDZU3_Ref_Design/OSDZU3_Ref_Design.runs/design_1_v_frmbuf_rd_1_0_synth_1/prj/sol/.autopilot/db/v_frmbuf_rd.cpp:548]   --->   Operation 339 'readreq' 'empty_115' <Predicate = true> <Delay = 3.65> <CoreInst = "m_axi">   --->   Core 119 'm_axi' <Latency = 6> <II = 1> <Delay = 1.00> <Adapter> <Opcode : 'read' 'write' 'readreq' 'writereq' 'writeresp'>

State 58 <SV = 57> <Delay = 3.65>
ST_58 : Operation 340 [52/107] (3.65ns)   --->   "%empty_115 = readreq i1 @_ssdm_op_ReadReq.m_axi.p1i64, i32 %mm_video_addr, i32 %div_cast1" [/home/e/Documents/research/byotee/OSDZU3_Ref_Design/OSDZU3_Ref_Design.runs/design_1_v_frmbuf_rd_1_0_synth_1/prj/sol/.autopilot/db/v_frmbuf_rd.cpp:548]   --->   Operation 340 'readreq' 'empty_115' <Predicate = true> <Delay = 3.65> <CoreInst = "m_axi">   --->   Core 119 'm_axi' <Latency = 6> <II = 1> <Delay = 1.00> <Adapter> <Opcode : 'read' 'write' 'readreq' 'writereq' 'writeresp'>

State 59 <SV = 58> <Delay = 3.65>
ST_59 : Operation 341 [51/107] (3.65ns)   --->   "%empty_115 = readreq i1 @_ssdm_op_ReadReq.m_axi.p1i64, i32 %mm_video_addr, i32 %div_cast1" [/home/e/Documents/research/byotee/OSDZU3_Ref_Design/OSDZU3_Ref_Design.runs/design_1_v_frmbuf_rd_1_0_synth_1/prj/sol/.autopilot/db/v_frmbuf_rd.cpp:548]   --->   Operation 341 'readreq' 'empty_115' <Predicate = true> <Delay = 3.65> <CoreInst = "m_axi">   --->   Core 119 'm_axi' <Latency = 6> <II = 1> <Delay = 1.00> <Adapter> <Opcode : 'read' 'write' 'readreq' 'writereq' 'writeresp'>

State 60 <SV = 59> <Delay = 3.65>
ST_60 : Operation 342 [50/107] (3.65ns)   --->   "%empty_115 = readreq i1 @_ssdm_op_ReadReq.m_axi.p1i64, i32 %mm_video_addr, i32 %div_cast1" [/home/e/Documents/research/byotee/OSDZU3_Ref_Design/OSDZU3_Ref_Design.runs/design_1_v_frmbuf_rd_1_0_synth_1/prj/sol/.autopilot/db/v_frmbuf_rd.cpp:548]   --->   Operation 342 'readreq' 'empty_115' <Predicate = true> <Delay = 3.65> <CoreInst = "m_axi">   --->   Core 119 'm_axi' <Latency = 6> <II = 1> <Delay = 1.00> <Adapter> <Opcode : 'read' 'write' 'readreq' 'writereq' 'writeresp'>

State 61 <SV = 60> <Delay = 3.65>
ST_61 : Operation 343 [49/107] (3.65ns)   --->   "%empty_115 = readreq i1 @_ssdm_op_ReadReq.m_axi.p1i64, i32 %mm_video_addr, i32 %div_cast1" [/home/e/Documents/research/byotee/OSDZU3_Ref_Design/OSDZU3_Ref_Design.runs/design_1_v_frmbuf_rd_1_0_synth_1/prj/sol/.autopilot/db/v_frmbuf_rd.cpp:548]   --->   Operation 343 'readreq' 'empty_115' <Predicate = true> <Delay = 3.65> <CoreInst = "m_axi">   --->   Core 119 'm_axi' <Latency = 6> <II = 1> <Delay = 1.00> <Adapter> <Opcode : 'read' 'write' 'readreq' 'writereq' 'writeresp'>

State 62 <SV = 61> <Delay = 3.65>
ST_62 : Operation 344 [48/107] (3.65ns)   --->   "%empty_115 = readreq i1 @_ssdm_op_ReadReq.m_axi.p1i64, i32 %mm_video_addr, i32 %div_cast1" [/home/e/Documents/research/byotee/OSDZU3_Ref_Design/OSDZU3_Ref_Design.runs/design_1_v_frmbuf_rd_1_0_synth_1/prj/sol/.autopilot/db/v_frmbuf_rd.cpp:548]   --->   Operation 344 'readreq' 'empty_115' <Predicate = true> <Delay = 3.65> <CoreInst = "m_axi">   --->   Core 119 'm_axi' <Latency = 6> <II = 1> <Delay = 1.00> <Adapter> <Opcode : 'read' 'write' 'readreq' 'writereq' 'writeresp'>

State 63 <SV = 62> <Delay = 3.65>
ST_63 : Operation 345 [47/107] (3.65ns)   --->   "%empty_115 = readreq i1 @_ssdm_op_ReadReq.m_axi.p1i64, i32 %mm_video_addr, i32 %div_cast1" [/home/e/Documents/research/byotee/OSDZU3_Ref_Design/OSDZU3_Ref_Design.runs/design_1_v_frmbuf_rd_1_0_synth_1/prj/sol/.autopilot/db/v_frmbuf_rd.cpp:548]   --->   Operation 345 'readreq' 'empty_115' <Predicate = true> <Delay = 3.65> <CoreInst = "m_axi">   --->   Core 119 'm_axi' <Latency = 6> <II = 1> <Delay = 1.00> <Adapter> <Opcode : 'read' 'write' 'readreq' 'writereq' 'writeresp'>

State 64 <SV = 63> <Delay = 3.65>
ST_64 : Operation 346 [46/107] (3.65ns)   --->   "%empty_115 = readreq i1 @_ssdm_op_ReadReq.m_axi.p1i64, i32 %mm_video_addr, i32 %div_cast1" [/home/e/Documents/research/byotee/OSDZU3_Ref_Design/OSDZU3_Ref_Design.runs/design_1_v_frmbuf_rd_1_0_synth_1/prj/sol/.autopilot/db/v_frmbuf_rd.cpp:548]   --->   Operation 346 'readreq' 'empty_115' <Predicate = true> <Delay = 3.65> <CoreInst = "m_axi">   --->   Core 119 'm_axi' <Latency = 6> <II = 1> <Delay = 1.00> <Adapter> <Opcode : 'read' 'write' 'readreq' 'writereq' 'writeresp'>

State 65 <SV = 64> <Delay = 3.65>
ST_65 : Operation 347 [45/107] (3.65ns)   --->   "%empty_115 = readreq i1 @_ssdm_op_ReadReq.m_axi.p1i64, i32 %mm_video_addr, i32 %div_cast1" [/home/e/Documents/research/byotee/OSDZU3_Ref_Design/OSDZU3_Ref_Design.runs/design_1_v_frmbuf_rd_1_0_synth_1/prj/sol/.autopilot/db/v_frmbuf_rd.cpp:548]   --->   Operation 347 'readreq' 'empty_115' <Predicate = true> <Delay = 3.65> <CoreInst = "m_axi">   --->   Core 119 'm_axi' <Latency = 6> <II = 1> <Delay = 1.00> <Adapter> <Opcode : 'read' 'write' 'readreq' 'writereq' 'writeresp'>

State 66 <SV = 65> <Delay = 3.65>
ST_66 : Operation 348 [44/107] (3.65ns)   --->   "%empty_115 = readreq i1 @_ssdm_op_ReadReq.m_axi.p1i64, i32 %mm_video_addr, i32 %div_cast1" [/home/e/Documents/research/byotee/OSDZU3_Ref_Design/OSDZU3_Ref_Design.runs/design_1_v_frmbuf_rd_1_0_synth_1/prj/sol/.autopilot/db/v_frmbuf_rd.cpp:548]   --->   Operation 348 'readreq' 'empty_115' <Predicate = true> <Delay = 3.65> <CoreInst = "m_axi">   --->   Core 119 'm_axi' <Latency = 6> <II = 1> <Delay = 1.00> <Adapter> <Opcode : 'read' 'write' 'readreq' 'writereq' 'writeresp'>

State 67 <SV = 66> <Delay = 3.65>
ST_67 : Operation 349 [43/107] (3.65ns)   --->   "%empty_115 = readreq i1 @_ssdm_op_ReadReq.m_axi.p1i64, i32 %mm_video_addr, i32 %div_cast1" [/home/e/Documents/research/byotee/OSDZU3_Ref_Design/OSDZU3_Ref_Design.runs/design_1_v_frmbuf_rd_1_0_synth_1/prj/sol/.autopilot/db/v_frmbuf_rd.cpp:548]   --->   Operation 349 'readreq' 'empty_115' <Predicate = true> <Delay = 3.65> <CoreInst = "m_axi">   --->   Core 119 'm_axi' <Latency = 6> <II = 1> <Delay = 1.00> <Adapter> <Opcode : 'read' 'write' 'readreq' 'writereq' 'writeresp'>

State 68 <SV = 67> <Delay = 3.65>
ST_68 : Operation 350 [42/107] (3.65ns)   --->   "%empty_115 = readreq i1 @_ssdm_op_ReadReq.m_axi.p1i64, i32 %mm_video_addr, i32 %div_cast1" [/home/e/Documents/research/byotee/OSDZU3_Ref_Design/OSDZU3_Ref_Design.runs/design_1_v_frmbuf_rd_1_0_synth_1/prj/sol/.autopilot/db/v_frmbuf_rd.cpp:548]   --->   Operation 350 'readreq' 'empty_115' <Predicate = true> <Delay = 3.65> <CoreInst = "m_axi">   --->   Core 119 'm_axi' <Latency = 6> <II = 1> <Delay = 1.00> <Adapter> <Opcode : 'read' 'write' 'readreq' 'writereq' 'writeresp'>

State 69 <SV = 68> <Delay = 3.65>
ST_69 : Operation 351 [41/107] (3.65ns)   --->   "%empty_115 = readreq i1 @_ssdm_op_ReadReq.m_axi.p1i64, i32 %mm_video_addr, i32 %div_cast1" [/home/e/Documents/research/byotee/OSDZU3_Ref_Design/OSDZU3_Ref_Design.runs/design_1_v_frmbuf_rd_1_0_synth_1/prj/sol/.autopilot/db/v_frmbuf_rd.cpp:548]   --->   Operation 351 'readreq' 'empty_115' <Predicate = true> <Delay = 3.65> <CoreInst = "m_axi">   --->   Core 119 'm_axi' <Latency = 6> <II = 1> <Delay = 1.00> <Adapter> <Opcode : 'read' 'write' 'readreq' 'writereq' 'writeresp'>

State 70 <SV = 69> <Delay = 3.65>
ST_70 : Operation 352 [40/107] (3.65ns)   --->   "%empty_115 = readreq i1 @_ssdm_op_ReadReq.m_axi.p1i64, i32 %mm_video_addr, i32 %div_cast1" [/home/e/Documents/research/byotee/OSDZU3_Ref_Design/OSDZU3_Ref_Design.runs/design_1_v_frmbuf_rd_1_0_synth_1/prj/sol/.autopilot/db/v_frmbuf_rd.cpp:548]   --->   Operation 352 'readreq' 'empty_115' <Predicate = true> <Delay = 3.65> <CoreInst = "m_axi">   --->   Core 119 'm_axi' <Latency = 6> <II = 1> <Delay = 1.00> <Adapter> <Opcode : 'read' 'write' 'readreq' 'writereq' 'writeresp'>

State 71 <SV = 70> <Delay = 3.65>
ST_71 : Operation 353 [39/107] (3.65ns)   --->   "%empty_115 = readreq i1 @_ssdm_op_ReadReq.m_axi.p1i64, i32 %mm_video_addr, i32 %div_cast1" [/home/e/Documents/research/byotee/OSDZU3_Ref_Design/OSDZU3_Ref_Design.runs/design_1_v_frmbuf_rd_1_0_synth_1/prj/sol/.autopilot/db/v_frmbuf_rd.cpp:548]   --->   Operation 353 'readreq' 'empty_115' <Predicate = true> <Delay = 3.65> <CoreInst = "m_axi">   --->   Core 119 'm_axi' <Latency = 6> <II = 1> <Delay = 1.00> <Adapter> <Opcode : 'read' 'write' 'readreq' 'writereq' 'writeresp'>

State 72 <SV = 71> <Delay = 3.65>
ST_72 : Operation 354 [38/107] (3.65ns)   --->   "%empty_115 = readreq i1 @_ssdm_op_ReadReq.m_axi.p1i64, i32 %mm_video_addr, i32 %div_cast1" [/home/e/Documents/research/byotee/OSDZU3_Ref_Design/OSDZU3_Ref_Design.runs/design_1_v_frmbuf_rd_1_0_synth_1/prj/sol/.autopilot/db/v_frmbuf_rd.cpp:548]   --->   Operation 354 'readreq' 'empty_115' <Predicate = true> <Delay = 3.65> <CoreInst = "m_axi">   --->   Core 119 'm_axi' <Latency = 6> <II = 1> <Delay = 1.00> <Adapter> <Opcode : 'read' 'write' 'readreq' 'writereq' 'writeresp'>

State 73 <SV = 72> <Delay = 3.65>
ST_73 : Operation 355 [37/107] (3.65ns)   --->   "%empty_115 = readreq i1 @_ssdm_op_ReadReq.m_axi.p1i64, i32 %mm_video_addr, i32 %div_cast1" [/home/e/Documents/research/byotee/OSDZU3_Ref_Design/OSDZU3_Ref_Design.runs/design_1_v_frmbuf_rd_1_0_synth_1/prj/sol/.autopilot/db/v_frmbuf_rd.cpp:548]   --->   Operation 355 'readreq' 'empty_115' <Predicate = true> <Delay = 3.65> <CoreInst = "m_axi">   --->   Core 119 'm_axi' <Latency = 6> <II = 1> <Delay = 1.00> <Adapter> <Opcode : 'read' 'write' 'readreq' 'writereq' 'writeresp'>

State 74 <SV = 73> <Delay = 3.65>
ST_74 : Operation 356 [36/107] (3.65ns)   --->   "%empty_115 = readreq i1 @_ssdm_op_ReadReq.m_axi.p1i64, i32 %mm_video_addr, i32 %div_cast1" [/home/e/Documents/research/byotee/OSDZU3_Ref_Design/OSDZU3_Ref_Design.runs/design_1_v_frmbuf_rd_1_0_synth_1/prj/sol/.autopilot/db/v_frmbuf_rd.cpp:548]   --->   Operation 356 'readreq' 'empty_115' <Predicate = true> <Delay = 3.65> <CoreInst = "m_axi">   --->   Core 119 'm_axi' <Latency = 6> <II = 1> <Delay = 1.00> <Adapter> <Opcode : 'read' 'write' 'readreq' 'writereq' 'writeresp'>

State 75 <SV = 74> <Delay = 3.65>
ST_75 : Operation 357 [35/107] (3.65ns)   --->   "%empty_115 = readreq i1 @_ssdm_op_ReadReq.m_axi.p1i64, i32 %mm_video_addr, i32 %div_cast1" [/home/e/Documents/research/byotee/OSDZU3_Ref_Design/OSDZU3_Ref_Design.runs/design_1_v_frmbuf_rd_1_0_synth_1/prj/sol/.autopilot/db/v_frmbuf_rd.cpp:548]   --->   Operation 357 'readreq' 'empty_115' <Predicate = true> <Delay = 3.65> <CoreInst = "m_axi">   --->   Core 119 'm_axi' <Latency = 6> <II = 1> <Delay = 1.00> <Adapter> <Opcode : 'read' 'write' 'readreq' 'writereq' 'writeresp'>

State 76 <SV = 75> <Delay = 3.65>
ST_76 : Operation 358 [34/107] (3.65ns)   --->   "%empty_115 = readreq i1 @_ssdm_op_ReadReq.m_axi.p1i64, i32 %mm_video_addr, i32 %div_cast1" [/home/e/Documents/research/byotee/OSDZU3_Ref_Design/OSDZU3_Ref_Design.runs/design_1_v_frmbuf_rd_1_0_synth_1/prj/sol/.autopilot/db/v_frmbuf_rd.cpp:548]   --->   Operation 358 'readreq' 'empty_115' <Predicate = true> <Delay = 3.65> <CoreInst = "m_axi">   --->   Core 119 'm_axi' <Latency = 6> <II = 1> <Delay = 1.00> <Adapter> <Opcode : 'read' 'write' 'readreq' 'writereq' 'writeresp'>

State 77 <SV = 76> <Delay = 3.65>
ST_77 : Operation 359 [33/107] (3.65ns)   --->   "%empty_115 = readreq i1 @_ssdm_op_ReadReq.m_axi.p1i64, i32 %mm_video_addr, i32 %div_cast1" [/home/e/Documents/research/byotee/OSDZU3_Ref_Design/OSDZU3_Ref_Design.runs/design_1_v_frmbuf_rd_1_0_synth_1/prj/sol/.autopilot/db/v_frmbuf_rd.cpp:548]   --->   Operation 359 'readreq' 'empty_115' <Predicate = true> <Delay = 3.65> <CoreInst = "m_axi">   --->   Core 119 'm_axi' <Latency = 6> <II = 1> <Delay = 1.00> <Adapter> <Opcode : 'read' 'write' 'readreq' 'writereq' 'writeresp'>

State 78 <SV = 77> <Delay = 3.65>
ST_78 : Operation 360 [32/107] (3.65ns)   --->   "%empty_115 = readreq i1 @_ssdm_op_ReadReq.m_axi.p1i64, i32 %mm_video_addr, i32 %div_cast1" [/home/e/Documents/research/byotee/OSDZU3_Ref_Design/OSDZU3_Ref_Design.runs/design_1_v_frmbuf_rd_1_0_synth_1/prj/sol/.autopilot/db/v_frmbuf_rd.cpp:548]   --->   Operation 360 'readreq' 'empty_115' <Predicate = true> <Delay = 3.65> <CoreInst = "m_axi">   --->   Core 119 'm_axi' <Latency = 6> <II = 1> <Delay = 1.00> <Adapter> <Opcode : 'read' 'write' 'readreq' 'writereq' 'writeresp'>

State 79 <SV = 78> <Delay = 3.65>
ST_79 : Operation 361 [31/107] (3.65ns)   --->   "%empty_115 = readreq i1 @_ssdm_op_ReadReq.m_axi.p1i64, i32 %mm_video_addr, i32 %div_cast1" [/home/e/Documents/research/byotee/OSDZU3_Ref_Design/OSDZU3_Ref_Design.runs/design_1_v_frmbuf_rd_1_0_synth_1/prj/sol/.autopilot/db/v_frmbuf_rd.cpp:548]   --->   Operation 361 'readreq' 'empty_115' <Predicate = true> <Delay = 3.65> <CoreInst = "m_axi">   --->   Core 119 'm_axi' <Latency = 6> <II = 1> <Delay = 1.00> <Adapter> <Opcode : 'read' 'write' 'readreq' 'writereq' 'writeresp'>

State 80 <SV = 79> <Delay = 3.65>
ST_80 : Operation 362 [30/107] (3.65ns)   --->   "%empty_115 = readreq i1 @_ssdm_op_ReadReq.m_axi.p1i64, i32 %mm_video_addr, i32 %div_cast1" [/home/e/Documents/research/byotee/OSDZU3_Ref_Design/OSDZU3_Ref_Design.runs/design_1_v_frmbuf_rd_1_0_synth_1/prj/sol/.autopilot/db/v_frmbuf_rd.cpp:548]   --->   Operation 362 'readreq' 'empty_115' <Predicate = true> <Delay = 3.65> <CoreInst = "m_axi">   --->   Core 119 'm_axi' <Latency = 6> <II = 1> <Delay = 1.00> <Adapter> <Opcode : 'read' 'write' 'readreq' 'writereq' 'writeresp'>

State 81 <SV = 80> <Delay = 3.65>
ST_81 : Operation 363 [29/107] (3.65ns)   --->   "%empty_115 = readreq i1 @_ssdm_op_ReadReq.m_axi.p1i64, i32 %mm_video_addr, i32 %div_cast1" [/home/e/Documents/research/byotee/OSDZU3_Ref_Design/OSDZU3_Ref_Design.runs/design_1_v_frmbuf_rd_1_0_synth_1/prj/sol/.autopilot/db/v_frmbuf_rd.cpp:548]   --->   Operation 363 'readreq' 'empty_115' <Predicate = true> <Delay = 3.65> <CoreInst = "m_axi">   --->   Core 119 'm_axi' <Latency = 6> <II = 1> <Delay = 1.00> <Adapter> <Opcode : 'read' 'write' 'readreq' 'writereq' 'writeresp'>

State 82 <SV = 81> <Delay = 3.65>
ST_82 : Operation 364 [28/107] (3.65ns)   --->   "%empty_115 = readreq i1 @_ssdm_op_ReadReq.m_axi.p1i64, i32 %mm_video_addr, i32 %div_cast1" [/home/e/Documents/research/byotee/OSDZU3_Ref_Design/OSDZU3_Ref_Design.runs/design_1_v_frmbuf_rd_1_0_synth_1/prj/sol/.autopilot/db/v_frmbuf_rd.cpp:548]   --->   Operation 364 'readreq' 'empty_115' <Predicate = true> <Delay = 3.65> <CoreInst = "m_axi">   --->   Core 119 'm_axi' <Latency = 6> <II = 1> <Delay = 1.00> <Adapter> <Opcode : 'read' 'write' 'readreq' 'writereq' 'writeresp'>

State 83 <SV = 82> <Delay = 3.65>
ST_83 : Operation 365 [27/107] (3.65ns)   --->   "%empty_115 = readreq i1 @_ssdm_op_ReadReq.m_axi.p1i64, i32 %mm_video_addr, i32 %div_cast1" [/home/e/Documents/research/byotee/OSDZU3_Ref_Design/OSDZU3_Ref_Design.runs/design_1_v_frmbuf_rd_1_0_synth_1/prj/sol/.autopilot/db/v_frmbuf_rd.cpp:548]   --->   Operation 365 'readreq' 'empty_115' <Predicate = true> <Delay = 3.65> <CoreInst = "m_axi">   --->   Core 119 'm_axi' <Latency = 6> <II = 1> <Delay = 1.00> <Adapter> <Opcode : 'read' 'write' 'readreq' 'writereq' 'writeresp'>

State 84 <SV = 83> <Delay = 3.65>
ST_84 : Operation 366 [26/107] (3.65ns)   --->   "%empty_115 = readreq i1 @_ssdm_op_ReadReq.m_axi.p1i64, i32 %mm_video_addr, i32 %div_cast1" [/home/e/Documents/research/byotee/OSDZU3_Ref_Design/OSDZU3_Ref_Design.runs/design_1_v_frmbuf_rd_1_0_synth_1/prj/sol/.autopilot/db/v_frmbuf_rd.cpp:548]   --->   Operation 366 'readreq' 'empty_115' <Predicate = true> <Delay = 3.65> <CoreInst = "m_axi">   --->   Core 119 'm_axi' <Latency = 6> <II = 1> <Delay = 1.00> <Adapter> <Opcode : 'read' 'write' 'readreq' 'writereq' 'writeresp'>

State 85 <SV = 84> <Delay = 3.65>
ST_85 : Operation 367 [25/107] (3.65ns)   --->   "%empty_115 = readreq i1 @_ssdm_op_ReadReq.m_axi.p1i64, i32 %mm_video_addr, i32 %div_cast1" [/home/e/Documents/research/byotee/OSDZU3_Ref_Design/OSDZU3_Ref_Design.runs/design_1_v_frmbuf_rd_1_0_synth_1/prj/sol/.autopilot/db/v_frmbuf_rd.cpp:548]   --->   Operation 367 'readreq' 'empty_115' <Predicate = true> <Delay = 3.65> <CoreInst = "m_axi">   --->   Core 119 'm_axi' <Latency = 6> <II = 1> <Delay = 1.00> <Adapter> <Opcode : 'read' 'write' 'readreq' 'writereq' 'writeresp'>

State 86 <SV = 85> <Delay = 3.65>
ST_86 : Operation 368 [24/107] (3.65ns)   --->   "%empty_115 = readreq i1 @_ssdm_op_ReadReq.m_axi.p1i64, i32 %mm_video_addr, i32 %div_cast1" [/home/e/Documents/research/byotee/OSDZU3_Ref_Design/OSDZU3_Ref_Design.runs/design_1_v_frmbuf_rd_1_0_synth_1/prj/sol/.autopilot/db/v_frmbuf_rd.cpp:548]   --->   Operation 368 'readreq' 'empty_115' <Predicate = true> <Delay = 3.65> <CoreInst = "m_axi">   --->   Core 119 'm_axi' <Latency = 6> <II = 1> <Delay = 1.00> <Adapter> <Opcode : 'read' 'write' 'readreq' 'writereq' 'writeresp'>

State 87 <SV = 86> <Delay = 3.65>
ST_87 : Operation 369 [23/107] (3.65ns)   --->   "%empty_115 = readreq i1 @_ssdm_op_ReadReq.m_axi.p1i64, i32 %mm_video_addr, i32 %div_cast1" [/home/e/Documents/research/byotee/OSDZU3_Ref_Design/OSDZU3_Ref_Design.runs/design_1_v_frmbuf_rd_1_0_synth_1/prj/sol/.autopilot/db/v_frmbuf_rd.cpp:548]   --->   Operation 369 'readreq' 'empty_115' <Predicate = true> <Delay = 3.65> <CoreInst = "m_axi">   --->   Core 119 'm_axi' <Latency = 6> <II = 1> <Delay = 1.00> <Adapter> <Opcode : 'read' 'write' 'readreq' 'writereq' 'writeresp'>

State 88 <SV = 87> <Delay = 3.65>
ST_88 : Operation 370 [22/107] (3.65ns)   --->   "%empty_115 = readreq i1 @_ssdm_op_ReadReq.m_axi.p1i64, i32 %mm_video_addr, i32 %div_cast1" [/home/e/Documents/research/byotee/OSDZU3_Ref_Design/OSDZU3_Ref_Design.runs/design_1_v_frmbuf_rd_1_0_synth_1/prj/sol/.autopilot/db/v_frmbuf_rd.cpp:548]   --->   Operation 370 'readreq' 'empty_115' <Predicate = true> <Delay = 3.65> <CoreInst = "m_axi">   --->   Core 119 'm_axi' <Latency = 6> <II = 1> <Delay = 1.00> <Adapter> <Opcode : 'read' 'write' 'readreq' 'writereq' 'writeresp'>

State 89 <SV = 88> <Delay = 3.65>
ST_89 : Operation 371 [21/107] (3.65ns)   --->   "%empty_115 = readreq i1 @_ssdm_op_ReadReq.m_axi.p1i64, i32 %mm_video_addr, i32 %div_cast1" [/home/e/Documents/research/byotee/OSDZU3_Ref_Design/OSDZU3_Ref_Design.runs/design_1_v_frmbuf_rd_1_0_synth_1/prj/sol/.autopilot/db/v_frmbuf_rd.cpp:548]   --->   Operation 371 'readreq' 'empty_115' <Predicate = true> <Delay = 3.65> <CoreInst = "m_axi">   --->   Core 119 'm_axi' <Latency = 6> <II = 1> <Delay = 1.00> <Adapter> <Opcode : 'read' 'write' 'readreq' 'writereq' 'writeresp'>

State 90 <SV = 89> <Delay = 3.65>
ST_90 : Operation 372 [20/107] (3.65ns)   --->   "%empty_115 = readreq i1 @_ssdm_op_ReadReq.m_axi.p1i64, i32 %mm_video_addr, i32 %div_cast1" [/home/e/Documents/research/byotee/OSDZU3_Ref_Design/OSDZU3_Ref_Design.runs/design_1_v_frmbuf_rd_1_0_synth_1/prj/sol/.autopilot/db/v_frmbuf_rd.cpp:548]   --->   Operation 372 'readreq' 'empty_115' <Predicate = true> <Delay = 3.65> <CoreInst = "m_axi">   --->   Core 119 'm_axi' <Latency = 6> <II = 1> <Delay = 1.00> <Adapter> <Opcode : 'read' 'write' 'readreq' 'writereq' 'writeresp'>

State 91 <SV = 90> <Delay = 3.65>
ST_91 : Operation 373 [19/107] (3.65ns)   --->   "%empty_115 = readreq i1 @_ssdm_op_ReadReq.m_axi.p1i64, i32 %mm_video_addr, i32 %div_cast1" [/home/e/Documents/research/byotee/OSDZU3_Ref_Design/OSDZU3_Ref_Design.runs/design_1_v_frmbuf_rd_1_0_synth_1/prj/sol/.autopilot/db/v_frmbuf_rd.cpp:548]   --->   Operation 373 'readreq' 'empty_115' <Predicate = true> <Delay = 3.65> <CoreInst = "m_axi">   --->   Core 119 'm_axi' <Latency = 6> <II = 1> <Delay = 1.00> <Adapter> <Opcode : 'read' 'write' 'readreq' 'writereq' 'writeresp'>

State 92 <SV = 91> <Delay = 3.65>
ST_92 : Operation 374 [18/107] (3.65ns)   --->   "%empty_115 = readreq i1 @_ssdm_op_ReadReq.m_axi.p1i64, i32 %mm_video_addr, i32 %div_cast1" [/home/e/Documents/research/byotee/OSDZU3_Ref_Design/OSDZU3_Ref_Design.runs/design_1_v_frmbuf_rd_1_0_synth_1/prj/sol/.autopilot/db/v_frmbuf_rd.cpp:548]   --->   Operation 374 'readreq' 'empty_115' <Predicate = true> <Delay = 3.65> <CoreInst = "m_axi">   --->   Core 119 'm_axi' <Latency = 6> <II = 1> <Delay = 1.00> <Adapter> <Opcode : 'read' 'write' 'readreq' 'writereq' 'writeresp'>

State 93 <SV = 92> <Delay = 3.65>
ST_93 : Operation 375 [17/107] (3.65ns)   --->   "%empty_115 = readreq i1 @_ssdm_op_ReadReq.m_axi.p1i64, i32 %mm_video_addr, i32 %div_cast1" [/home/e/Documents/research/byotee/OSDZU3_Ref_Design/OSDZU3_Ref_Design.runs/design_1_v_frmbuf_rd_1_0_synth_1/prj/sol/.autopilot/db/v_frmbuf_rd.cpp:548]   --->   Operation 375 'readreq' 'empty_115' <Predicate = true> <Delay = 3.65> <CoreInst = "m_axi">   --->   Core 119 'm_axi' <Latency = 6> <II = 1> <Delay = 1.00> <Adapter> <Opcode : 'read' 'write' 'readreq' 'writereq' 'writeresp'>

State 94 <SV = 93> <Delay = 3.65>
ST_94 : Operation 376 [16/107] (3.65ns)   --->   "%empty_115 = readreq i1 @_ssdm_op_ReadReq.m_axi.p1i64, i32 %mm_video_addr, i32 %div_cast1" [/home/e/Documents/research/byotee/OSDZU3_Ref_Design/OSDZU3_Ref_Design.runs/design_1_v_frmbuf_rd_1_0_synth_1/prj/sol/.autopilot/db/v_frmbuf_rd.cpp:548]   --->   Operation 376 'readreq' 'empty_115' <Predicate = true> <Delay = 3.65> <CoreInst = "m_axi">   --->   Core 119 'm_axi' <Latency = 6> <II = 1> <Delay = 1.00> <Adapter> <Opcode : 'read' 'write' 'readreq' 'writereq' 'writeresp'>

State 95 <SV = 94> <Delay = 3.65>
ST_95 : Operation 377 [15/107] (3.65ns)   --->   "%empty_115 = readreq i1 @_ssdm_op_ReadReq.m_axi.p1i64, i32 %mm_video_addr, i32 %div_cast1" [/home/e/Documents/research/byotee/OSDZU3_Ref_Design/OSDZU3_Ref_Design.runs/design_1_v_frmbuf_rd_1_0_synth_1/prj/sol/.autopilot/db/v_frmbuf_rd.cpp:548]   --->   Operation 377 'readreq' 'empty_115' <Predicate = true> <Delay = 3.65> <CoreInst = "m_axi">   --->   Core 119 'm_axi' <Latency = 6> <II = 1> <Delay = 1.00> <Adapter> <Opcode : 'read' 'write' 'readreq' 'writereq' 'writeresp'>

State 96 <SV = 95> <Delay = 3.65>
ST_96 : Operation 378 [14/107] (3.65ns)   --->   "%empty_115 = readreq i1 @_ssdm_op_ReadReq.m_axi.p1i64, i32 %mm_video_addr, i32 %div_cast1" [/home/e/Documents/research/byotee/OSDZU3_Ref_Design/OSDZU3_Ref_Design.runs/design_1_v_frmbuf_rd_1_0_synth_1/prj/sol/.autopilot/db/v_frmbuf_rd.cpp:548]   --->   Operation 378 'readreq' 'empty_115' <Predicate = true> <Delay = 3.65> <CoreInst = "m_axi">   --->   Core 119 'm_axi' <Latency = 6> <II = 1> <Delay = 1.00> <Adapter> <Opcode : 'read' 'write' 'readreq' 'writereq' 'writeresp'>

State 97 <SV = 96> <Delay = 3.65>
ST_97 : Operation 379 [13/107] (3.65ns)   --->   "%empty_115 = readreq i1 @_ssdm_op_ReadReq.m_axi.p1i64, i32 %mm_video_addr, i32 %div_cast1" [/home/e/Documents/research/byotee/OSDZU3_Ref_Design/OSDZU3_Ref_Design.runs/design_1_v_frmbuf_rd_1_0_synth_1/prj/sol/.autopilot/db/v_frmbuf_rd.cpp:548]   --->   Operation 379 'readreq' 'empty_115' <Predicate = true> <Delay = 3.65> <CoreInst = "m_axi">   --->   Core 119 'm_axi' <Latency = 6> <II = 1> <Delay = 1.00> <Adapter> <Opcode : 'read' 'write' 'readreq' 'writereq' 'writeresp'>

State 98 <SV = 97> <Delay = 3.65>
ST_98 : Operation 380 [12/107] (3.65ns)   --->   "%empty_115 = readreq i1 @_ssdm_op_ReadReq.m_axi.p1i64, i32 %mm_video_addr, i32 %div_cast1" [/home/e/Documents/research/byotee/OSDZU3_Ref_Design/OSDZU3_Ref_Design.runs/design_1_v_frmbuf_rd_1_0_synth_1/prj/sol/.autopilot/db/v_frmbuf_rd.cpp:548]   --->   Operation 380 'readreq' 'empty_115' <Predicate = true> <Delay = 3.65> <CoreInst = "m_axi">   --->   Core 119 'm_axi' <Latency = 6> <II = 1> <Delay = 1.00> <Adapter> <Opcode : 'read' 'write' 'readreq' 'writereq' 'writeresp'>

State 99 <SV = 98> <Delay = 3.65>
ST_99 : Operation 381 [11/107] (3.65ns)   --->   "%empty_115 = readreq i1 @_ssdm_op_ReadReq.m_axi.p1i64, i32 %mm_video_addr, i32 %div_cast1" [/home/e/Documents/research/byotee/OSDZU3_Ref_Design/OSDZU3_Ref_Design.runs/design_1_v_frmbuf_rd_1_0_synth_1/prj/sol/.autopilot/db/v_frmbuf_rd.cpp:548]   --->   Operation 381 'readreq' 'empty_115' <Predicate = true> <Delay = 3.65> <CoreInst = "m_axi">   --->   Core 119 'm_axi' <Latency = 6> <II = 1> <Delay = 1.00> <Adapter> <Opcode : 'read' 'write' 'readreq' 'writereq' 'writeresp'>

State 100 <SV = 99> <Delay = 3.65>
ST_100 : Operation 382 [10/107] (3.65ns)   --->   "%empty_115 = readreq i1 @_ssdm_op_ReadReq.m_axi.p1i64, i32 %mm_video_addr, i32 %div_cast1" [/home/e/Documents/research/byotee/OSDZU3_Ref_Design/OSDZU3_Ref_Design.runs/design_1_v_frmbuf_rd_1_0_synth_1/prj/sol/.autopilot/db/v_frmbuf_rd.cpp:548]   --->   Operation 382 'readreq' 'empty_115' <Predicate = true> <Delay = 3.65> <CoreInst = "m_axi">   --->   Core 119 'm_axi' <Latency = 6> <II = 1> <Delay = 1.00> <Adapter> <Opcode : 'read' 'write' 'readreq' 'writereq' 'writeresp'>

State 101 <SV = 100> <Delay = 3.65>
ST_101 : Operation 383 [9/107] (3.65ns)   --->   "%empty_115 = readreq i1 @_ssdm_op_ReadReq.m_axi.p1i64, i32 %mm_video_addr, i32 %div_cast1" [/home/e/Documents/research/byotee/OSDZU3_Ref_Design/OSDZU3_Ref_Design.runs/design_1_v_frmbuf_rd_1_0_synth_1/prj/sol/.autopilot/db/v_frmbuf_rd.cpp:548]   --->   Operation 383 'readreq' 'empty_115' <Predicate = true> <Delay = 3.65> <CoreInst = "m_axi">   --->   Core 119 'm_axi' <Latency = 6> <II = 1> <Delay = 1.00> <Adapter> <Opcode : 'read' 'write' 'readreq' 'writereq' 'writeresp'>

State 102 <SV = 101> <Delay = 3.65>
ST_102 : Operation 384 [8/107] (3.65ns)   --->   "%empty_115 = readreq i1 @_ssdm_op_ReadReq.m_axi.p1i64, i32 %mm_video_addr, i32 %div_cast1" [/home/e/Documents/research/byotee/OSDZU3_Ref_Design/OSDZU3_Ref_Design.runs/design_1_v_frmbuf_rd_1_0_synth_1/prj/sol/.autopilot/db/v_frmbuf_rd.cpp:548]   --->   Operation 384 'readreq' 'empty_115' <Predicate = true> <Delay = 3.65> <CoreInst = "m_axi">   --->   Core 119 'm_axi' <Latency = 6> <II = 1> <Delay = 1.00> <Adapter> <Opcode : 'read' 'write' 'readreq' 'writereq' 'writeresp'>

State 103 <SV = 102> <Delay = 3.65>
ST_103 : Operation 385 [7/107] (3.65ns)   --->   "%empty_115 = readreq i1 @_ssdm_op_ReadReq.m_axi.p1i64, i32 %mm_video_addr, i32 %div_cast1" [/home/e/Documents/research/byotee/OSDZU3_Ref_Design/OSDZU3_Ref_Design.runs/design_1_v_frmbuf_rd_1_0_synth_1/prj/sol/.autopilot/db/v_frmbuf_rd.cpp:548]   --->   Operation 385 'readreq' 'empty_115' <Predicate = true> <Delay = 3.65> <CoreInst = "m_axi">   --->   Core 119 'm_axi' <Latency = 6> <II = 1> <Delay = 1.00> <Adapter> <Opcode : 'read' 'write' 'readreq' 'writereq' 'writeresp'>

State 104 <SV = 103> <Delay = 3.65>
ST_104 : Operation 386 [6/107] (3.65ns)   --->   "%empty_115 = readreq i1 @_ssdm_op_ReadReq.m_axi.p1i64, i32 %mm_video_addr, i32 %div_cast1" [/home/e/Documents/research/byotee/OSDZU3_Ref_Design/OSDZU3_Ref_Design.runs/design_1_v_frmbuf_rd_1_0_synth_1/prj/sol/.autopilot/db/v_frmbuf_rd.cpp:548]   --->   Operation 386 'readreq' 'empty_115' <Predicate = true> <Delay = 3.65> <CoreInst = "m_axi">   --->   Core 119 'm_axi' <Latency = 6> <II = 1> <Delay = 1.00> <Adapter> <Opcode : 'read' 'write' 'readreq' 'writereq' 'writeresp'>

State 105 <SV = 104> <Delay = 3.65>
ST_105 : Operation 387 [5/107] (3.65ns)   --->   "%empty_115 = readreq i1 @_ssdm_op_ReadReq.m_axi.p1i64, i32 %mm_video_addr, i32 %div_cast1" [/home/e/Documents/research/byotee/OSDZU3_Ref_Design/OSDZU3_Ref_Design.runs/design_1_v_frmbuf_rd_1_0_synth_1/prj/sol/.autopilot/db/v_frmbuf_rd.cpp:548]   --->   Operation 387 'readreq' 'empty_115' <Predicate = true> <Delay = 3.65> <CoreInst = "m_axi">   --->   Core 119 'm_axi' <Latency = 6> <II = 1> <Delay = 1.00> <Adapter> <Opcode : 'read' 'write' 'readreq' 'writereq' 'writeresp'>

State 106 <SV = 105> <Delay = 3.65>
ST_106 : Operation 388 [4/107] (3.65ns)   --->   "%empty_115 = readreq i1 @_ssdm_op_ReadReq.m_axi.p1i64, i32 %mm_video_addr, i32 %div_cast1" [/home/e/Documents/research/byotee/OSDZU3_Ref_Design/OSDZU3_Ref_Design.runs/design_1_v_frmbuf_rd_1_0_synth_1/prj/sol/.autopilot/db/v_frmbuf_rd.cpp:548]   --->   Operation 388 'readreq' 'empty_115' <Predicate = true> <Delay = 3.65> <CoreInst = "m_axi">   --->   Core 119 'm_axi' <Latency = 6> <II = 1> <Delay = 1.00> <Adapter> <Opcode : 'read' 'write' 'readreq' 'writereq' 'writeresp'>

State 107 <SV = 106> <Delay = 3.65>
ST_107 : Operation 389 [3/107] (3.65ns)   --->   "%empty_115 = readreq i1 @_ssdm_op_ReadReq.m_axi.p1i64, i32 %mm_video_addr, i32 %div_cast1" [/home/e/Documents/research/byotee/OSDZU3_Ref_Design/OSDZU3_Ref_Design.runs/design_1_v_frmbuf_rd_1_0_synth_1/prj/sol/.autopilot/db/v_frmbuf_rd.cpp:548]   --->   Operation 389 'readreq' 'empty_115' <Predicate = true> <Delay = 3.65> <CoreInst = "m_axi">   --->   Core 119 'm_axi' <Latency = 6> <II = 1> <Delay = 1.00> <Adapter> <Opcode : 'read' 'write' 'readreq' 'writereq' 'writeresp'>

State 108 <SV = 107> <Delay = 3.65>
ST_108 : Operation 390 [2/107] (3.65ns)   --->   "%empty_115 = readreq i1 @_ssdm_op_ReadReq.m_axi.p1i64, i32 %mm_video_addr, i32 %div_cast1" [/home/e/Documents/research/byotee/OSDZU3_Ref_Design/OSDZU3_Ref_Design.runs/design_1_v_frmbuf_rd_1_0_synth_1/prj/sol/.autopilot/db/v_frmbuf_rd.cpp:548]   --->   Operation 390 'readreq' 'empty_115' <Predicate = true> <Delay = 3.65> <CoreInst = "m_axi">   --->   Core 119 'm_axi' <Latency = 6> <II = 1> <Delay = 1.00> <Adapter> <Opcode : 'read' 'write' 'readreq' 'writereq' 'writeresp'>

State 109 <SV = 108> <Delay = 3.65>
ST_109 : Operation 391 [1/107] (3.65ns)   --->   "%empty_115 = readreq i1 @_ssdm_op_ReadReq.m_axi.p1i64, i32 %mm_video_addr, i32 %div_cast1" [/home/e/Documents/research/byotee/OSDZU3_Ref_Design/OSDZU3_Ref_Design.runs/design_1_v_frmbuf_rd_1_0_synth_1/prj/sol/.autopilot/db/v_frmbuf_rd.cpp:548]   --->   Operation 391 'readreq' 'empty_115' <Predicate = true> <Delay = 3.65> <CoreInst = "m_axi">   --->   Core 119 'm_axi' <Latency = 6> <II = 1> <Delay = 1.00> <Adapter> <Opcode : 'read' 'write' 'readreq' 'writereq' 'writeresp'>

State 110 <SV = 109> <Delay = 1.45>
ST_110 : Operation 392 [2/2] (1.45ns)   --->   "%call_ln548 = call void @AXIMMvideo2Bytes_Pipeline_VITIS_LOOP_548_1, i12 %div, i64 %mm_video, i29 %trunc_ln1, i64 %bytePlanes_plane0" [/home/e/Documents/research/byotee/OSDZU3_Ref_Design/OSDZU3_Ref_Design.runs/design_1_v_frmbuf_rd_1_0_synth_1/prj/sol/.autopilot/db/v_frmbuf_rd.cpp:548]   --->   Operation 392 'call' 'call_ln548' <Predicate = true> <Delay = 1.45> <CoreType = "Generic">   --->   Generic Core

State 111 <SV = 110> <Delay = 0.00>
ST_111 : Operation 393 [1/2] (0.00ns)   --->   "%call_ln548 = call void @AXIMMvideo2Bytes_Pipeline_VITIS_LOOP_548_1, i12 %div, i64 %mm_video, i29 %trunc_ln1, i64 %bytePlanes_plane0" [/home/e/Documents/research/byotee/OSDZU3_Ref_Design/OSDZU3_Ref_Design.runs/design_1_v_frmbuf_rd_1_0_synth_1/prj/sol/.autopilot/db/v_frmbuf_rd.cpp:548]   --->   Operation 393 'call' 'call_ln548' <Predicate = true> <Delay = 0.00> <CoreType = "Generic">   --->   Generic Core

State 112 <SV = 111> <Delay = 1.70>
ST_112 : Operation 394 [1/1] (0.00ns)   --->   "%specloopname_ln543 = specloopname void @_ssdm_op_SpecLoopName, void @empty_9" [/home/e/Documents/research/byotee/OSDZU3_Ref_Design/OSDZU3_Ref_Design.runs/design_1_v_frmbuf_rd_1_0_synth_1/prj/sol/.autopilot/db/v_frmbuf_rd.cpp:543]   --->   Operation 394 'specloopname' 'specloopname_ln543' <Predicate = true> <Delay = 0.00>
ST_112 : Operation 395 [1/1] (0.00ns)   --->   "%fence_ln556 = fence void @_ssdm_op_Fence, i64 %bytePlanes_plane0, i32 4294967295, i64 %bytePlanes_plane1, i32 0" [/home/e/Documents/research/byotee/OSDZU3_Ref_Design/OSDZU3_Ref_Design.runs/design_1_v_frmbuf_rd_1_0_synth_1/prj/sol/.autopilot/db/v_frmbuf_rd.cpp:556]   --->   Operation 395 'fence' 'fence_ln556' <Predicate = true> <Delay = 0.00>
ST_112 : Operation 396 [1/1] (0.00ns)   --->   "%br_ln558 = br i1 %cmp43, void %for.inc81, void %land.lhs.true" [/home/e/Documents/research/byotee/OSDZU3_Ref_Design/OSDZU3_Ref_Design.runs/design_1_v_frmbuf_rd_1_0_synth_1/prj/sol/.autopilot/db/v_frmbuf_rd.cpp:558]   --->   Operation 396 'br' 'br_ln558' <Predicate = true> <Delay = 0.00>
ST_112 : Operation 397 [1/1] (0.00ns)   --->   "%br_ln558 = br i1 %trunc_ln543, void %for.inc75.lr.ph, void %lor.lhs.false44" [/home/e/Documents/research/byotee/OSDZU3_Ref_Design/OSDZU3_Ref_Design.runs/design_1_v_frmbuf_rd_1_0_synth_1/prj/sol/.autopilot/db/v_frmbuf_rd.cpp:558]   --->   Operation 397 'br' 'br_ln558' <Predicate = (cmp43)> <Delay = 0.00>
ST_112 : Operation 398 [1/1] (0.88ns)   --->   "%empty_116 = icmp_eq  i6 %VideoFormat_val_read, i6 41"   --->   Operation 398 'icmp' 'empty_116' <Predicate = (cmp43 & trunc_ln543)> <Delay = 0.88> <CoreInst = "Cmp">   --->   Core 9 'Cmp' <Latency = 0> <II = 1> <Delay = 0.88> <FuncUnit> <Opcode : 'seteq' 'setne' 'setle' 'setge' 'setlt' 'setgt'> <InPorts = 2> <OutPorts = 1>
ST_112 : Operation 399 [1/1] (0.00ns) (grouped into LUT with out node empty_125)   --->   "%empty_117 = or i1 %cmp61, i1 %empty_116"   --->   Operation 399 'or' 'empty_117' <Predicate = (cmp43 & trunc_ln543)> <Delay = 0.00> <CoreInst = "LogicGate">   --->   Core 74 'LogicGate' <Latency = 0> <II = 1> <Delay = 0.33> <FuncUnit> <Opcode : 'and' 'or' 'xor'> <InPorts = 2> <OutPorts = 1>
ST_112 : Operation 400 [1/1] (0.88ns)   --->   "%empty_118 = icmp_eq  i6 %VideoFormat_val_read, i6 33"   --->   Operation 400 'icmp' 'empty_118' <Predicate = (cmp43 & trunc_ln543)> <Delay = 0.88> <CoreInst = "Cmp">   --->   Core 9 'Cmp' <Latency = 0> <II = 1> <Delay = 0.88> <FuncUnit> <Opcode : 'seteq' 'setne' 'setle' 'setge' 'setlt' 'setgt'> <InPorts = 2> <OutPorts = 1>
ST_112 : Operation 401 [1/1] (0.00ns) (grouped into LUT with out node empty_125)   --->   "%empty_119 = or i1 %empty_118, i1 %empty_117"   --->   Operation 401 'or' 'empty_119' <Predicate = (cmp43 & trunc_ln543)> <Delay = 0.00> <CoreInst = "LogicGate">   --->   Core 74 'LogicGate' <Latency = 0> <II = 1> <Delay = 0.33> <FuncUnit> <Opcode : 'and' 'or' 'xor'> <InPorts = 2> <OutPorts = 1>
ST_112 : Operation 402 [1/1] (0.88ns)   --->   "%empty_120 = icmp_eq  i6 %VideoFormat_val_read, i6 23"   --->   Operation 402 'icmp' 'empty_120' <Predicate = (cmp43 & trunc_ln543)> <Delay = 0.88> <CoreInst = "Cmp">   --->   Core 9 'Cmp' <Latency = 0> <II = 1> <Delay = 0.88> <FuncUnit> <Opcode : 'seteq' 'setne' 'setle' 'setge' 'setlt' 'setgt'> <InPorts = 2> <OutPorts = 1>
ST_112 : Operation 403 [1/1] (0.00ns) (grouped into LUT with out node empty_125)   --->   "%empty_121 = or i1 %empty_120, i1 %empty_119"   --->   Operation 403 'or' 'empty_121' <Predicate = (cmp43 & trunc_ln543)> <Delay = 0.00> <CoreInst = "LogicGate">   --->   Core 74 'LogicGate' <Latency = 0> <II = 1> <Delay = 0.33> <FuncUnit> <Opcode : 'and' 'or' 'xor'> <InPorts = 2> <OutPorts = 1>
ST_112 : Operation 404 [1/1] (0.88ns)   --->   "%empty_122 = icmp_eq  i6 %VideoFormat_val_read, i6 19"   --->   Operation 404 'icmp' 'empty_122' <Predicate = (cmp43 & trunc_ln543)> <Delay = 0.88> <CoreInst = "Cmp">   --->   Core 9 'Cmp' <Latency = 0> <II = 1> <Delay = 0.88> <FuncUnit> <Opcode : 'seteq' 'setne' 'setle' 'setge' 'setlt' 'setgt'> <InPorts = 2> <OutPorts = 1>
ST_112 : Operation 405 [1/1] (0.00ns) (grouped into LUT with out node empty_125)   --->   "%empty_123 = or i1 %empty_122, i1 %empty_121"   --->   Operation 405 'or' 'empty_123' <Predicate = (cmp43 & trunc_ln543)> <Delay = 0.00> <CoreInst = "LogicGate">   --->   Core 74 'LogicGate' <Latency = 0> <II = 1> <Delay = 0.33> <FuncUnit> <Opcode : 'and' 'or' 'xor'> <InPorts = 2> <OutPorts = 1>
ST_112 : Operation 406 [1/1] (0.88ns)   --->   "%empty_124 = icmp_eq  i6 %VideoFormat_val_read, i6 3"   --->   Operation 406 'icmp' 'empty_124' <Predicate = (cmp43 & trunc_ln543)> <Delay = 0.88> <CoreInst = "Cmp">   --->   Core 9 'Cmp' <Latency = 0> <II = 1> <Delay = 0.88> <FuncUnit> <Opcode : 'seteq' 'setne' 'setle' 'setge' 'setlt' 'setgt'> <InPorts = 2> <OutPorts = 1>
ST_112 : Operation 407 [1/1] (0.33ns) (out node of the LUT)   --->   "%empty_125 = or i1 %empty_124, i1 %empty_123"   --->   Operation 407 'or' 'empty_125' <Predicate = (cmp43 & trunc_ln543)> <Delay = 0.33> <CoreInst = "LogicGate">   --->   Core 74 'LogicGate' <Latency = 0> <II = 1> <Delay = 0.33> <FuncUnit> <Opcode : 'and' 'or' 'xor'> <InPorts = 2> <OutPorts = 1>
ST_112 : Operation 408 [1/1] (0.00ns)   --->   "%br_ln0 = br i1 %empty_125, void %for.inc75.lr.ph, void %for.inc81"   --->   Operation 408 'br' 'br_ln0' <Predicate = (cmp43 & trunc_ln543)> <Delay = 0.00>
ST_112 : Operation 409 [1/1] (0.00ns)   --->   "%offsetUV_load = load i32 %offsetUV" [/home/e/Documents/research/byotee/OSDZU3_Ref_Design/OSDZU3_Ref_Design.runs/design_1_v_frmbuf_rd_1_0_synth_1/prj/sol/.autopilot/db/v_frmbuf_rd.cpp:569]   --->   Operation 409 'load' 'offsetUV_load' <Predicate = (cmp43 & !empty_125) | (cmp43 & !trunc_ln543)> <Delay = 0.00>
ST_112 : Operation 410 [1/1] (0.00ns) (grouped into LUT with out node add_ln560)   --->   "%shl_ln560 = shl i32 %offsetUV_load, i32 3" [/home/e/Documents/research/byotee/OSDZU3_Ref_Design/OSDZU3_Ref_Design.runs/design_1_v_frmbuf_rd_1_0_synth_1/prj/sol/.autopilot/db/v_frmbuf_rd.cpp:560]   --->   Operation 410 'shl' 'shl_ln560' <Predicate = (cmp43 & !empty_125) | (cmp43 & !trunc_ln543)> <Delay = 0.00>
ST_112 : Operation 411 [1/1] (1.20ns) (out node of the LUT)   --->   "%add_ln560 = add i32 %shl_ln560, i32 %srcImg2_read" [/home/e/Documents/research/byotee/OSDZU3_Ref_Design/OSDZU3_Ref_Design.runs/design_1_v_frmbuf_rd_1_0_synth_1/prj/sol/.autopilot/db/v_frmbuf_rd.cpp:560]   --->   Operation 411 'add' 'add_ln560' <Predicate = (cmp43 & !empty_125) | (cmp43 & !trunc_ln543)> <Delay = 1.20> <CoreInst = "Adder">   --->   Core 1 'Adder' <Latency = 0> <II = 1> <Delay = 1.20> <FuncUnit> <Opcode : 'add' 'sub'> <InPorts = 2> <OutPorts = 1>
ST_112 : Operation 412 [1/1] (0.00ns)   --->   "%trunc_ln2 = partselect i29 @_ssdm_op_PartSelect.i29.i32.i32.i32, i32 %add_ln560, i32 3, i32 31" [/home/e/Documents/research/byotee/OSDZU3_Ref_Design/OSDZU3_Ref_Design.runs/design_1_v_frmbuf_rd_1_0_synth_1/prj/sol/.autopilot/db/v_frmbuf_rd.cpp:560]   --->   Operation 412 'partselect' 'trunc_ln2' <Predicate = (cmp43 & !empty_125) | (cmp43 & !trunc_ln543)> <Delay = 0.00>
ST_112 : Operation 413 [1/1] (0.00ns)   --->   "%fence_ln560 = fence void @_ssdm_op_Fence, i64 %bytePlanes_plane0, i32 4294967295, i64 %bytePlanes_plane1, i32 0" [/home/e/Documents/research/byotee/OSDZU3_Ref_Design/OSDZU3_Ref_Design.runs/design_1_v_frmbuf_rd_1_0_synth_1/prj/sol/.autopilot/db/v_frmbuf_rd.cpp:560]   --->   Operation 413 'fence' 'fence_ln560' <Predicate = (cmp43 & !empty_125) | (cmp43 & !trunc_ln543)> <Delay = 0.00>
ST_112 : Operation 414 [1/1] (1.20ns)   --->   "%offsetUV_1 = add i32 %offsetUV_load, i32 %div8_cast2" [/home/e/Documents/research/byotee/OSDZU3_Ref_Design/OSDZU3_Ref_Design.runs/design_1_v_frmbuf_rd_1_0_synth_1/prj/sol/.autopilot/db/v_frmbuf_rd.cpp:569]   --->   Operation 414 'add' 'offsetUV_1' <Predicate = (cmp43 & !empty_125) | (cmp43 & !trunc_ln543)> <Delay = 1.20> <CoreInst = "Adder">   --->   Core 1 'Adder' <Latency = 0> <II = 1> <Delay = 1.20> <FuncUnit> <Opcode : 'add' 'sub'> <InPorts = 2> <OutPorts = 1>
ST_112 : Operation 415 [1/1] (0.48ns)   --->   "%store_ln540 = store i32 %offsetUV_1, i32 %offsetUV" [/home/e/Documents/research/byotee/OSDZU3_Ref_Design/OSDZU3_Ref_Design.runs/design_1_v_frmbuf_rd_1_0_synth_1/prj/sol/.autopilot/db/v_frmbuf_rd.cpp:540]   --->   Operation 415 'store' 'store_ln540' <Predicate = (cmp43 & !empty_125) | (cmp43 & !trunc_ln543)> <Delay = 0.48>

State 113 <SV = 112> <Delay = 3.65>
ST_113 : Operation 416 [1/1] (0.00ns)   --->   "%sext_ln560 = sext i29 %trunc_ln2" [/home/e/Documents/research/byotee/OSDZU3_Ref_Design/OSDZU3_Ref_Design.runs/design_1_v_frmbuf_rd_1_0_synth_1/prj/sol/.autopilot/db/v_frmbuf_rd.cpp:560]   --->   Operation 416 'sext' 'sext_ln560' <Predicate = true> <Delay = 0.00>
ST_113 : Operation 417 [1/1] (0.00ns)   --->   "%mm_video_addr_1 = getelementptr i64 %mm_video, i32 %sext_ln560" [/home/e/Documents/research/byotee/OSDZU3_Ref_Design/OSDZU3_Ref_Design.runs/design_1_v_frmbuf_rd_1_0_synth_1/prj/sol/.autopilot/db/v_frmbuf_rd.cpp:560]   --->   Operation 417 'getelementptr' 'mm_video_addr_1' <Predicate = true> <Delay = 0.00>
ST_113 : Operation 418 [107/107] (3.65ns)   --->   "%empty_126 = readreq i1 @_ssdm_op_ReadReq.m_axi.p1i64, i32 %mm_video_addr_1, i32 %div_cast1" [/home/e/Documents/research/byotee/OSDZU3_Ref_Design/OSDZU3_Ref_Design.runs/design_1_v_frmbuf_rd_1_0_synth_1/prj/sol/.autopilot/db/v_frmbuf_rd.cpp:560]   --->   Operation 418 'readreq' 'empty_126' <Predicate = true> <Delay = 3.65> <CoreInst = "m_axi">   --->   Core 119 'm_axi' <Latency = 6> <II = 1> <Delay = 1.00> <Adapter> <Opcode : 'read' 'write' 'readreq' 'writereq' 'writeresp'>

State 114 <SV = 113> <Delay = 3.65>
ST_114 : Operation 419 [106/107] (3.65ns)   --->   "%empty_126 = readreq i1 @_ssdm_op_ReadReq.m_axi.p1i64, i32 %mm_video_addr_1, i32 %div_cast1" [/home/e/Documents/research/byotee/OSDZU3_Ref_Design/OSDZU3_Ref_Design.runs/design_1_v_frmbuf_rd_1_0_synth_1/prj/sol/.autopilot/db/v_frmbuf_rd.cpp:560]   --->   Operation 419 'readreq' 'empty_126' <Predicate = true> <Delay = 3.65> <CoreInst = "m_axi">   --->   Core 119 'm_axi' <Latency = 6> <II = 1> <Delay = 1.00> <Adapter> <Opcode : 'read' 'write' 'readreq' 'writereq' 'writeresp'>

State 115 <SV = 114> <Delay = 3.65>
ST_115 : Operation 420 [105/107] (3.65ns)   --->   "%empty_126 = readreq i1 @_ssdm_op_ReadReq.m_axi.p1i64, i32 %mm_video_addr_1, i32 %div_cast1" [/home/e/Documents/research/byotee/OSDZU3_Ref_Design/OSDZU3_Ref_Design.runs/design_1_v_frmbuf_rd_1_0_synth_1/prj/sol/.autopilot/db/v_frmbuf_rd.cpp:560]   --->   Operation 420 'readreq' 'empty_126' <Predicate = true> <Delay = 3.65> <CoreInst = "m_axi">   --->   Core 119 'm_axi' <Latency = 6> <II = 1> <Delay = 1.00> <Adapter> <Opcode : 'read' 'write' 'readreq' 'writereq' 'writeresp'>

State 116 <SV = 115> <Delay = 3.65>
ST_116 : Operation 421 [104/107] (3.65ns)   --->   "%empty_126 = readreq i1 @_ssdm_op_ReadReq.m_axi.p1i64, i32 %mm_video_addr_1, i32 %div_cast1" [/home/e/Documents/research/byotee/OSDZU3_Ref_Design/OSDZU3_Ref_Design.runs/design_1_v_frmbuf_rd_1_0_synth_1/prj/sol/.autopilot/db/v_frmbuf_rd.cpp:560]   --->   Operation 421 'readreq' 'empty_126' <Predicate = true> <Delay = 3.65> <CoreInst = "m_axi">   --->   Core 119 'm_axi' <Latency = 6> <II = 1> <Delay = 1.00> <Adapter> <Opcode : 'read' 'write' 'readreq' 'writereq' 'writeresp'>

State 117 <SV = 116> <Delay = 3.65>
ST_117 : Operation 422 [103/107] (3.65ns)   --->   "%empty_126 = readreq i1 @_ssdm_op_ReadReq.m_axi.p1i64, i32 %mm_video_addr_1, i32 %div_cast1" [/home/e/Documents/research/byotee/OSDZU3_Ref_Design/OSDZU3_Ref_Design.runs/design_1_v_frmbuf_rd_1_0_synth_1/prj/sol/.autopilot/db/v_frmbuf_rd.cpp:560]   --->   Operation 422 'readreq' 'empty_126' <Predicate = true> <Delay = 3.65> <CoreInst = "m_axi">   --->   Core 119 'm_axi' <Latency = 6> <II = 1> <Delay = 1.00> <Adapter> <Opcode : 'read' 'write' 'readreq' 'writereq' 'writeresp'>

State 118 <SV = 117> <Delay = 3.65>
ST_118 : Operation 423 [102/107] (3.65ns)   --->   "%empty_126 = readreq i1 @_ssdm_op_ReadReq.m_axi.p1i64, i32 %mm_video_addr_1, i32 %div_cast1" [/home/e/Documents/research/byotee/OSDZU3_Ref_Design/OSDZU3_Ref_Design.runs/design_1_v_frmbuf_rd_1_0_synth_1/prj/sol/.autopilot/db/v_frmbuf_rd.cpp:560]   --->   Operation 423 'readreq' 'empty_126' <Predicate = true> <Delay = 3.65> <CoreInst = "m_axi">   --->   Core 119 'm_axi' <Latency = 6> <II = 1> <Delay = 1.00> <Adapter> <Opcode : 'read' 'write' 'readreq' 'writereq' 'writeresp'>

State 119 <SV = 118> <Delay = 3.65>
ST_119 : Operation 424 [101/107] (3.65ns)   --->   "%empty_126 = readreq i1 @_ssdm_op_ReadReq.m_axi.p1i64, i32 %mm_video_addr_1, i32 %div_cast1" [/home/e/Documents/research/byotee/OSDZU3_Ref_Design/OSDZU3_Ref_Design.runs/design_1_v_frmbuf_rd_1_0_synth_1/prj/sol/.autopilot/db/v_frmbuf_rd.cpp:560]   --->   Operation 424 'readreq' 'empty_126' <Predicate = true> <Delay = 3.65> <CoreInst = "m_axi">   --->   Core 119 'm_axi' <Latency = 6> <II = 1> <Delay = 1.00> <Adapter> <Opcode : 'read' 'write' 'readreq' 'writereq' 'writeresp'>

State 120 <SV = 119> <Delay = 3.65>
ST_120 : Operation 425 [100/107] (3.65ns)   --->   "%empty_126 = readreq i1 @_ssdm_op_ReadReq.m_axi.p1i64, i32 %mm_video_addr_1, i32 %div_cast1" [/home/e/Documents/research/byotee/OSDZU3_Ref_Design/OSDZU3_Ref_Design.runs/design_1_v_frmbuf_rd_1_0_synth_1/prj/sol/.autopilot/db/v_frmbuf_rd.cpp:560]   --->   Operation 425 'readreq' 'empty_126' <Predicate = true> <Delay = 3.65> <CoreInst = "m_axi">   --->   Core 119 'm_axi' <Latency = 6> <II = 1> <Delay = 1.00> <Adapter> <Opcode : 'read' 'write' 'readreq' 'writereq' 'writeresp'>

State 121 <SV = 120> <Delay = 3.65>
ST_121 : Operation 426 [99/107] (3.65ns)   --->   "%empty_126 = readreq i1 @_ssdm_op_ReadReq.m_axi.p1i64, i32 %mm_video_addr_1, i32 %div_cast1" [/home/e/Documents/research/byotee/OSDZU3_Ref_Design/OSDZU3_Ref_Design.runs/design_1_v_frmbuf_rd_1_0_synth_1/prj/sol/.autopilot/db/v_frmbuf_rd.cpp:560]   --->   Operation 426 'readreq' 'empty_126' <Predicate = true> <Delay = 3.65> <CoreInst = "m_axi">   --->   Core 119 'm_axi' <Latency = 6> <II = 1> <Delay = 1.00> <Adapter> <Opcode : 'read' 'write' 'readreq' 'writereq' 'writeresp'>

State 122 <SV = 121> <Delay = 3.65>
ST_122 : Operation 427 [98/107] (3.65ns)   --->   "%empty_126 = readreq i1 @_ssdm_op_ReadReq.m_axi.p1i64, i32 %mm_video_addr_1, i32 %div_cast1" [/home/e/Documents/research/byotee/OSDZU3_Ref_Design/OSDZU3_Ref_Design.runs/design_1_v_frmbuf_rd_1_0_synth_1/prj/sol/.autopilot/db/v_frmbuf_rd.cpp:560]   --->   Operation 427 'readreq' 'empty_126' <Predicate = true> <Delay = 3.65> <CoreInst = "m_axi">   --->   Core 119 'm_axi' <Latency = 6> <II = 1> <Delay = 1.00> <Adapter> <Opcode : 'read' 'write' 'readreq' 'writereq' 'writeresp'>

State 123 <SV = 122> <Delay = 3.65>
ST_123 : Operation 428 [97/107] (3.65ns)   --->   "%empty_126 = readreq i1 @_ssdm_op_ReadReq.m_axi.p1i64, i32 %mm_video_addr_1, i32 %div_cast1" [/home/e/Documents/research/byotee/OSDZU3_Ref_Design/OSDZU3_Ref_Design.runs/design_1_v_frmbuf_rd_1_0_synth_1/prj/sol/.autopilot/db/v_frmbuf_rd.cpp:560]   --->   Operation 428 'readreq' 'empty_126' <Predicate = true> <Delay = 3.65> <CoreInst = "m_axi">   --->   Core 119 'm_axi' <Latency = 6> <II = 1> <Delay = 1.00> <Adapter> <Opcode : 'read' 'write' 'readreq' 'writereq' 'writeresp'>

State 124 <SV = 123> <Delay = 3.65>
ST_124 : Operation 429 [96/107] (3.65ns)   --->   "%empty_126 = readreq i1 @_ssdm_op_ReadReq.m_axi.p1i64, i32 %mm_video_addr_1, i32 %div_cast1" [/home/e/Documents/research/byotee/OSDZU3_Ref_Design/OSDZU3_Ref_Design.runs/design_1_v_frmbuf_rd_1_0_synth_1/prj/sol/.autopilot/db/v_frmbuf_rd.cpp:560]   --->   Operation 429 'readreq' 'empty_126' <Predicate = true> <Delay = 3.65> <CoreInst = "m_axi">   --->   Core 119 'm_axi' <Latency = 6> <II = 1> <Delay = 1.00> <Adapter> <Opcode : 'read' 'write' 'readreq' 'writereq' 'writeresp'>

State 125 <SV = 124> <Delay = 3.65>
ST_125 : Operation 430 [95/107] (3.65ns)   --->   "%empty_126 = readreq i1 @_ssdm_op_ReadReq.m_axi.p1i64, i32 %mm_video_addr_1, i32 %div_cast1" [/home/e/Documents/research/byotee/OSDZU3_Ref_Design/OSDZU3_Ref_Design.runs/design_1_v_frmbuf_rd_1_0_synth_1/prj/sol/.autopilot/db/v_frmbuf_rd.cpp:560]   --->   Operation 430 'readreq' 'empty_126' <Predicate = true> <Delay = 3.65> <CoreInst = "m_axi">   --->   Core 119 'm_axi' <Latency = 6> <II = 1> <Delay = 1.00> <Adapter> <Opcode : 'read' 'write' 'readreq' 'writereq' 'writeresp'>

State 126 <SV = 125> <Delay = 3.65>
ST_126 : Operation 431 [94/107] (3.65ns)   --->   "%empty_126 = readreq i1 @_ssdm_op_ReadReq.m_axi.p1i64, i32 %mm_video_addr_1, i32 %div_cast1" [/home/e/Documents/research/byotee/OSDZU3_Ref_Design/OSDZU3_Ref_Design.runs/design_1_v_frmbuf_rd_1_0_synth_1/prj/sol/.autopilot/db/v_frmbuf_rd.cpp:560]   --->   Operation 431 'readreq' 'empty_126' <Predicate = true> <Delay = 3.65> <CoreInst = "m_axi">   --->   Core 119 'm_axi' <Latency = 6> <II = 1> <Delay = 1.00> <Adapter> <Opcode : 'read' 'write' 'readreq' 'writereq' 'writeresp'>

State 127 <SV = 126> <Delay = 3.65>
ST_127 : Operation 432 [93/107] (3.65ns)   --->   "%empty_126 = readreq i1 @_ssdm_op_ReadReq.m_axi.p1i64, i32 %mm_video_addr_1, i32 %div_cast1" [/home/e/Documents/research/byotee/OSDZU3_Ref_Design/OSDZU3_Ref_Design.runs/design_1_v_frmbuf_rd_1_0_synth_1/prj/sol/.autopilot/db/v_frmbuf_rd.cpp:560]   --->   Operation 432 'readreq' 'empty_126' <Predicate = true> <Delay = 3.65> <CoreInst = "m_axi">   --->   Core 119 'm_axi' <Latency = 6> <II = 1> <Delay = 1.00> <Adapter> <Opcode : 'read' 'write' 'readreq' 'writereq' 'writeresp'>

State 128 <SV = 127> <Delay = 3.65>
ST_128 : Operation 433 [92/107] (3.65ns)   --->   "%empty_126 = readreq i1 @_ssdm_op_ReadReq.m_axi.p1i64, i32 %mm_video_addr_1, i32 %div_cast1" [/home/e/Documents/research/byotee/OSDZU3_Ref_Design/OSDZU3_Ref_Design.runs/design_1_v_frmbuf_rd_1_0_synth_1/prj/sol/.autopilot/db/v_frmbuf_rd.cpp:560]   --->   Operation 433 'readreq' 'empty_126' <Predicate = true> <Delay = 3.65> <CoreInst = "m_axi">   --->   Core 119 'm_axi' <Latency = 6> <II = 1> <Delay = 1.00> <Adapter> <Opcode : 'read' 'write' 'readreq' 'writereq' 'writeresp'>

State 129 <SV = 128> <Delay = 3.65>
ST_129 : Operation 434 [91/107] (3.65ns)   --->   "%empty_126 = readreq i1 @_ssdm_op_ReadReq.m_axi.p1i64, i32 %mm_video_addr_1, i32 %div_cast1" [/home/e/Documents/research/byotee/OSDZU3_Ref_Design/OSDZU3_Ref_Design.runs/design_1_v_frmbuf_rd_1_0_synth_1/prj/sol/.autopilot/db/v_frmbuf_rd.cpp:560]   --->   Operation 434 'readreq' 'empty_126' <Predicate = true> <Delay = 3.65> <CoreInst = "m_axi">   --->   Core 119 'm_axi' <Latency = 6> <II = 1> <Delay = 1.00> <Adapter> <Opcode : 'read' 'write' 'readreq' 'writereq' 'writeresp'>

State 130 <SV = 129> <Delay = 3.65>
ST_130 : Operation 435 [90/107] (3.65ns)   --->   "%empty_126 = readreq i1 @_ssdm_op_ReadReq.m_axi.p1i64, i32 %mm_video_addr_1, i32 %div_cast1" [/home/e/Documents/research/byotee/OSDZU3_Ref_Design/OSDZU3_Ref_Design.runs/design_1_v_frmbuf_rd_1_0_synth_1/prj/sol/.autopilot/db/v_frmbuf_rd.cpp:560]   --->   Operation 435 'readreq' 'empty_126' <Predicate = true> <Delay = 3.65> <CoreInst = "m_axi">   --->   Core 119 'm_axi' <Latency = 6> <II = 1> <Delay = 1.00> <Adapter> <Opcode : 'read' 'write' 'readreq' 'writereq' 'writeresp'>

State 131 <SV = 130> <Delay = 3.65>
ST_131 : Operation 436 [89/107] (3.65ns)   --->   "%empty_126 = readreq i1 @_ssdm_op_ReadReq.m_axi.p1i64, i32 %mm_video_addr_1, i32 %div_cast1" [/home/e/Documents/research/byotee/OSDZU3_Ref_Design/OSDZU3_Ref_Design.runs/design_1_v_frmbuf_rd_1_0_synth_1/prj/sol/.autopilot/db/v_frmbuf_rd.cpp:560]   --->   Operation 436 'readreq' 'empty_126' <Predicate = true> <Delay = 3.65> <CoreInst = "m_axi">   --->   Core 119 'm_axi' <Latency = 6> <II = 1> <Delay = 1.00> <Adapter> <Opcode : 'read' 'write' 'readreq' 'writereq' 'writeresp'>

State 132 <SV = 131> <Delay = 3.65>
ST_132 : Operation 437 [88/107] (3.65ns)   --->   "%empty_126 = readreq i1 @_ssdm_op_ReadReq.m_axi.p1i64, i32 %mm_video_addr_1, i32 %div_cast1" [/home/e/Documents/research/byotee/OSDZU3_Ref_Design/OSDZU3_Ref_Design.runs/design_1_v_frmbuf_rd_1_0_synth_1/prj/sol/.autopilot/db/v_frmbuf_rd.cpp:560]   --->   Operation 437 'readreq' 'empty_126' <Predicate = true> <Delay = 3.65> <CoreInst = "m_axi">   --->   Core 119 'm_axi' <Latency = 6> <II = 1> <Delay = 1.00> <Adapter> <Opcode : 'read' 'write' 'readreq' 'writereq' 'writeresp'>

State 133 <SV = 132> <Delay = 3.65>
ST_133 : Operation 438 [87/107] (3.65ns)   --->   "%empty_126 = readreq i1 @_ssdm_op_ReadReq.m_axi.p1i64, i32 %mm_video_addr_1, i32 %div_cast1" [/home/e/Documents/research/byotee/OSDZU3_Ref_Design/OSDZU3_Ref_Design.runs/design_1_v_frmbuf_rd_1_0_synth_1/prj/sol/.autopilot/db/v_frmbuf_rd.cpp:560]   --->   Operation 438 'readreq' 'empty_126' <Predicate = true> <Delay = 3.65> <CoreInst = "m_axi">   --->   Core 119 'm_axi' <Latency = 6> <II = 1> <Delay = 1.00> <Adapter> <Opcode : 'read' 'write' 'readreq' 'writereq' 'writeresp'>

State 134 <SV = 133> <Delay = 3.65>
ST_134 : Operation 439 [86/107] (3.65ns)   --->   "%empty_126 = readreq i1 @_ssdm_op_ReadReq.m_axi.p1i64, i32 %mm_video_addr_1, i32 %div_cast1" [/home/e/Documents/research/byotee/OSDZU3_Ref_Design/OSDZU3_Ref_Design.runs/design_1_v_frmbuf_rd_1_0_synth_1/prj/sol/.autopilot/db/v_frmbuf_rd.cpp:560]   --->   Operation 439 'readreq' 'empty_126' <Predicate = true> <Delay = 3.65> <CoreInst = "m_axi">   --->   Core 119 'm_axi' <Latency = 6> <II = 1> <Delay = 1.00> <Adapter> <Opcode : 'read' 'write' 'readreq' 'writereq' 'writeresp'>

State 135 <SV = 134> <Delay = 3.65>
ST_135 : Operation 440 [85/107] (3.65ns)   --->   "%empty_126 = readreq i1 @_ssdm_op_ReadReq.m_axi.p1i64, i32 %mm_video_addr_1, i32 %div_cast1" [/home/e/Documents/research/byotee/OSDZU3_Ref_Design/OSDZU3_Ref_Design.runs/design_1_v_frmbuf_rd_1_0_synth_1/prj/sol/.autopilot/db/v_frmbuf_rd.cpp:560]   --->   Operation 440 'readreq' 'empty_126' <Predicate = true> <Delay = 3.65> <CoreInst = "m_axi">   --->   Core 119 'm_axi' <Latency = 6> <II = 1> <Delay = 1.00> <Adapter> <Opcode : 'read' 'write' 'readreq' 'writereq' 'writeresp'>

State 136 <SV = 135> <Delay = 3.65>
ST_136 : Operation 441 [84/107] (3.65ns)   --->   "%empty_126 = readreq i1 @_ssdm_op_ReadReq.m_axi.p1i64, i32 %mm_video_addr_1, i32 %div_cast1" [/home/e/Documents/research/byotee/OSDZU3_Ref_Design/OSDZU3_Ref_Design.runs/design_1_v_frmbuf_rd_1_0_synth_1/prj/sol/.autopilot/db/v_frmbuf_rd.cpp:560]   --->   Operation 441 'readreq' 'empty_126' <Predicate = true> <Delay = 3.65> <CoreInst = "m_axi">   --->   Core 119 'm_axi' <Latency = 6> <II = 1> <Delay = 1.00> <Adapter> <Opcode : 'read' 'write' 'readreq' 'writereq' 'writeresp'>

State 137 <SV = 136> <Delay = 3.65>
ST_137 : Operation 442 [83/107] (3.65ns)   --->   "%empty_126 = readreq i1 @_ssdm_op_ReadReq.m_axi.p1i64, i32 %mm_video_addr_1, i32 %div_cast1" [/home/e/Documents/research/byotee/OSDZU3_Ref_Design/OSDZU3_Ref_Design.runs/design_1_v_frmbuf_rd_1_0_synth_1/prj/sol/.autopilot/db/v_frmbuf_rd.cpp:560]   --->   Operation 442 'readreq' 'empty_126' <Predicate = true> <Delay = 3.65> <CoreInst = "m_axi">   --->   Core 119 'm_axi' <Latency = 6> <II = 1> <Delay = 1.00> <Adapter> <Opcode : 'read' 'write' 'readreq' 'writereq' 'writeresp'>

State 138 <SV = 137> <Delay = 3.65>
ST_138 : Operation 443 [82/107] (3.65ns)   --->   "%empty_126 = readreq i1 @_ssdm_op_ReadReq.m_axi.p1i64, i32 %mm_video_addr_1, i32 %div_cast1" [/home/e/Documents/research/byotee/OSDZU3_Ref_Design/OSDZU3_Ref_Design.runs/design_1_v_frmbuf_rd_1_0_synth_1/prj/sol/.autopilot/db/v_frmbuf_rd.cpp:560]   --->   Operation 443 'readreq' 'empty_126' <Predicate = true> <Delay = 3.65> <CoreInst = "m_axi">   --->   Core 119 'm_axi' <Latency = 6> <II = 1> <Delay = 1.00> <Adapter> <Opcode : 'read' 'write' 'readreq' 'writereq' 'writeresp'>

State 139 <SV = 138> <Delay = 3.65>
ST_139 : Operation 444 [81/107] (3.65ns)   --->   "%empty_126 = readreq i1 @_ssdm_op_ReadReq.m_axi.p1i64, i32 %mm_video_addr_1, i32 %div_cast1" [/home/e/Documents/research/byotee/OSDZU3_Ref_Design/OSDZU3_Ref_Design.runs/design_1_v_frmbuf_rd_1_0_synth_1/prj/sol/.autopilot/db/v_frmbuf_rd.cpp:560]   --->   Operation 444 'readreq' 'empty_126' <Predicate = true> <Delay = 3.65> <CoreInst = "m_axi">   --->   Core 119 'm_axi' <Latency = 6> <II = 1> <Delay = 1.00> <Adapter> <Opcode : 'read' 'write' 'readreq' 'writereq' 'writeresp'>

State 140 <SV = 139> <Delay = 3.65>
ST_140 : Operation 445 [80/107] (3.65ns)   --->   "%empty_126 = readreq i1 @_ssdm_op_ReadReq.m_axi.p1i64, i32 %mm_video_addr_1, i32 %div_cast1" [/home/e/Documents/research/byotee/OSDZU3_Ref_Design/OSDZU3_Ref_Design.runs/design_1_v_frmbuf_rd_1_0_synth_1/prj/sol/.autopilot/db/v_frmbuf_rd.cpp:560]   --->   Operation 445 'readreq' 'empty_126' <Predicate = true> <Delay = 3.65> <CoreInst = "m_axi">   --->   Core 119 'm_axi' <Latency = 6> <II = 1> <Delay = 1.00> <Adapter> <Opcode : 'read' 'write' 'readreq' 'writereq' 'writeresp'>

State 141 <SV = 140> <Delay = 3.65>
ST_141 : Operation 446 [79/107] (3.65ns)   --->   "%empty_126 = readreq i1 @_ssdm_op_ReadReq.m_axi.p1i64, i32 %mm_video_addr_1, i32 %div_cast1" [/home/e/Documents/research/byotee/OSDZU3_Ref_Design/OSDZU3_Ref_Design.runs/design_1_v_frmbuf_rd_1_0_synth_1/prj/sol/.autopilot/db/v_frmbuf_rd.cpp:560]   --->   Operation 446 'readreq' 'empty_126' <Predicate = true> <Delay = 3.65> <CoreInst = "m_axi">   --->   Core 119 'm_axi' <Latency = 6> <II = 1> <Delay = 1.00> <Adapter> <Opcode : 'read' 'write' 'readreq' 'writereq' 'writeresp'>

State 142 <SV = 141> <Delay = 3.65>
ST_142 : Operation 447 [78/107] (3.65ns)   --->   "%empty_126 = readreq i1 @_ssdm_op_ReadReq.m_axi.p1i64, i32 %mm_video_addr_1, i32 %div_cast1" [/home/e/Documents/research/byotee/OSDZU3_Ref_Design/OSDZU3_Ref_Design.runs/design_1_v_frmbuf_rd_1_0_synth_1/prj/sol/.autopilot/db/v_frmbuf_rd.cpp:560]   --->   Operation 447 'readreq' 'empty_126' <Predicate = true> <Delay = 3.65> <CoreInst = "m_axi">   --->   Core 119 'm_axi' <Latency = 6> <II = 1> <Delay = 1.00> <Adapter> <Opcode : 'read' 'write' 'readreq' 'writereq' 'writeresp'>

State 143 <SV = 142> <Delay = 3.65>
ST_143 : Operation 448 [77/107] (3.65ns)   --->   "%empty_126 = readreq i1 @_ssdm_op_ReadReq.m_axi.p1i64, i32 %mm_video_addr_1, i32 %div_cast1" [/home/e/Documents/research/byotee/OSDZU3_Ref_Design/OSDZU3_Ref_Design.runs/design_1_v_frmbuf_rd_1_0_synth_1/prj/sol/.autopilot/db/v_frmbuf_rd.cpp:560]   --->   Operation 448 'readreq' 'empty_126' <Predicate = true> <Delay = 3.65> <CoreInst = "m_axi">   --->   Core 119 'm_axi' <Latency = 6> <II = 1> <Delay = 1.00> <Adapter> <Opcode : 'read' 'write' 'readreq' 'writereq' 'writeresp'>

State 144 <SV = 143> <Delay = 3.65>
ST_144 : Operation 449 [76/107] (3.65ns)   --->   "%empty_126 = readreq i1 @_ssdm_op_ReadReq.m_axi.p1i64, i32 %mm_video_addr_1, i32 %div_cast1" [/home/e/Documents/research/byotee/OSDZU3_Ref_Design/OSDZU3_Ref_Design.runs/design_1_v_frmbuf_rd_1_0_synth_1/prj/sol/.autopilot/db/v_frmbuf_rd.cpp:560]   --->   Operation 449 'readreq' 'empty_126' <Predicate = true> <Delay = 3.65> <CoreInst = "m_axi">   --->   Core 119 'm_axi' <Latency = 6> <II = 1> <Delay = 1.00> <Adapter> <Opcode : 'read' 'write' 'readreq' 'writereq' 'writeresp'>

State 145 <SV = 144> <Delay = 3.65>
ST_145 : Operation 450 [75/107] (3.65ns)   --->   "%empty_126 = readreq i1 @_ssdm_op_ReadReq.m_axi.p1i64, i32 %mm_video_addr_1, i32 %div_cast1" [/home/e/Documents/research/byotee/OSDZU3_Ref_Design/OSDZU3_Ref_Design.runs/design_1_v_frmbuf_rd_1_0_synth_1/prj/sol/.autopilot/db/v_frmbuf_rd.cpp:560]   --->   Operation 450 'readreq' 'empty_126' <Predicate = true> <Delay = 3.65> <CoreInst = "m_axi">   --->   Core 119 'm_axi' <Latency = 6> <II = 1> <Delay = 1.00> <Adapter> <Opcode : 'read' 'write' 'readreq' 'writereq' 'writeresp'>

State 146 <SV = 145> <Delay = 3.65>
ST_146 : Operation 451 [74/107] (3.65ns)   --->   "%empty_126 = readreq i1 @_ssdm_op_ReadReq.m_axi.p1i64, i32 %mm_video_addr_1, i32 %div_cast1" [/home/e/Documents/research/byotee/OSDZU3_Ref_Design/OSDZU3_Ref_Design.runs/design_1_v_frmbuf_rd_1_0_synth_1/prj/sol/.autopilot/db/v_frmbuf_rd.cpp:560]   --->   Operation 451 'readreq' 'empty_126' <Predicate = true> <Delay = 3.65> <CoreInst = "m_axi">   --->   Core 119 'm_axi' <Latency = 6> <II = 1> <Delay = 1.00> <Adapter> <Opcode : 'read' 'write' 'readreq' 'writereq' 'writeresp'>

State 147 <SV = 146> <Delay = 3.65>
ST_147 : Operation 452 [73/107] (3.65ns)   --->   "%empty_126 = readreq i1 @_ssdm_op_ReadReq.m_axi.p1i64, i32 %mm_video_addr_1, i32 %div_cast1" [/home/e/Documents/research/byotee/OSDZU3_Ref_Design/OSDZU3_Ref_Design.runs/design_1_v_frmbuf_rd_1_0_synth_1/prj/sol/.autopilot/db/v_frmbuf_rd.cpp:560]   --->   Operation 452 'readreq' 'empty_126' <Predicate = true> <Delay = 3.65> <CoreInst = "m_axi">   --->   Core 119 'm_axi' <Latency = 6> <II = 1> <Delay = 1.00> <Adapter> <Opcode : 'read' 'write' 'readreq' 'writereq' 'writeresp'>

State 148 <SV = 147> <Delay = 3.65>
ST_148 : Operation 453 [72/107] (3.65ns)   --->   "%empty_126 = readreq i1 @_ssdm_op_ReadReq.m_axi.p1i64, i32 %mm_video_addr_1, i32 %div_cast1" [/home/e/Documents/research/byotee/OSDZU3_Ref_Design/OSDZU3_Ref_Design.runs/design_1_v_frmbuf_rd_1_0_synth_1/prj/sol/.autopilot/db/v_frmbuf_rd.cpp:560]   --->   Operation 453 'readreq' 'empty_126' <Predicate = true> <Delay = 3.65> <CoreInst = "m_axi">   --->   Core 119 'm_axi' <Latency = 6> <II = 1> <Delay = 1.00> <Adapter> <Opcode : 'read' 'write' 'readreq' 'writereq' 'writeresp'>

State 149 <SV = 148> <Delay = 3.65>
ST_149 : Operation 454 [71/107] (3.65ns)   --->   "%empty_126 = readreq i1 @_ssdm_op_ReadReq.m_axi.p1i64, i32 %mm_video_addr_1, i32 %div_cast1" [/home/e/Documents/research/byotee/OSDZU3_Ref_Design/OSDZU3_Ref_Design.runs/design_1_v_frmbuf_rd_1_0_synth_1/prj/sol/.autopilot/db/v_frmbuf_rd.cpp:560]   --->   Operation 454 'readreq' 'empty_126' <Predicate = true> <Delay = 3.65> <CoreInst = "m_axi">   --->   Core 119 'm_axi' <Latency = 6> <II = 1> <Delay = 1.00> <Adapter> <Opcode : 'read' 'write' 'readreq' 'writereq' 'writeresp'>

State 150 <SV = 149> <Delay = 3.65>
ST_150 : Operation 455 [70/107] (3.65ns)   --->   "%empty_126 = readreq i1 @_ssdm_op_ReadReq.m_axi.p1i64, i32 %mm_video_addr_1, i32 %div_cast1" [/home/e/Documents/research/byotee/OSDZU3_Ref_Design/OSDZU3_Ref_Design.runs/design_1_v_frmbuf_rd_1_0_synth_1/prj/sol/.autopilot/db/v_frmbuf_rd.cpp:560]   --->   Operation 455 'readreq' 'empty_126' <Predicate = true> <Delay = 3.65> <CoreInst = "m_axi">   --->   Core 119 'm_axi' <Latency = 6> <II = 1> <Delay = 1.00> <Adapter> <Opcode : 'read' 'write' 'readreq' 'writereq' 'writeresp'>

State 151 <SV = 150> <Delay = 3.65>
ST_151 : Operation 456 [69/107] (3.65ns)   --->   "%empty_126 = readreq i1 @_ssdm_op_ReadReq.m_axi.p1i64, i32 %mm_video_addr_1, i32 %div_cast1" [/home/e/Documents/research/byotee/OSDZU3_Ref_Design/OSDZU3_Ref_Design.runs/design_1_v_frmbuf_rd_1_0_synth_1/prj/sol/.autopilot/db/v_frmbuf_rd.cpp:560]   --->   Operation 456 'readreq' 'empty_126' <Predicate = true> <Delay = 3.65> <CoreInst = "m_axi">   --->   Core 119 'm_axi' <Latency = 6> <II = 1> <Delay = 1.00> <Adapter> <Opcode : 'read' 'write' 'readreq' 'writereq' 'writeresp'>

State 152 <SV = 151> <Delay = 3.65>
ST_152 : Operation 457 [68/107] (3.65ns)   --->   "%empty_126 = readreq i1 @_ssdm_op_ReadReq.m_axi.p1i64, i32 %mm_video_addr_1, i32 %div_cast1" [/home/e/Documents/research/byotee/OSDZU3_Ref_Design/OSDZU3_Ref_Design.runs/design_1_v_frmbuf_rd_1_0_synth_1/prj/sol/.autopilot/db/v_frmbuf_rd.cpp:560]   --->   Operation 457 'readreq' 'empty_126' <Predicate = true> <Delay = 3.65> <CoreInst = "m_axi">   --->   Core 119 'm_axi' <Latency = 6> <II = 1> <Delay = 1.00> <Adapter> <Opcode : 'read' 'write' 'readreq' 'writereq' 'writeresp'>

State 153 <SV = 152> <Delay = 3.65>
ST_153 : Operation 458 [67/107] (3.65ns)   --->   "%empty_126 = readreq i1 @_ssdm_op_ReadReq.m_axi.p1i64, i32 %mm_video_addr_1, i32 %div_cast1" [/home/e/Documents/research/byotee/OSDZU3_Ref_Design/OSDZU3_Ref_Design.runs/design_1_v_frmbuf_rd_1_0_synth_1/prj/sol/.autopilot/db/v_frmbuf_rd.cpp:560]   --->   Operation 458 'readreq' 'empty_126' <Predicate = true> <Delay = 3.65> <CoreInst = "m_axi">   --->   Core 119 'm_axi' <Latency = 6> <II = 1> <Delay = 1.00> <Adapter> <Opcode : 'read' 'write' 'readreq' 'writereq' 'writeresp'>

State 154 <SV = 153> <Delay = 3.65>
ST_154 : Operation 459 [66/107] (3.65ns)   --->   "%empty_126 = readreq i1 @_ssdm_op_ReadReq.m_axi.p1i64, i32 %mm_video_addr_1, i32 %div_cast1" [/home/e/Documents/research/byotee/OSDZU3_Ref_Design/OSDZU3_Ref_Design.runs/design_1_v_frmbuf_rd_1_0_synth_1/prj/sol/.autopilot/db/v_frmbuf_rd.cpp:560]   --->   Operation 459 'readreq' 'empty_126' <Predicate = true> <Delay = 3.65> <CoreInst = "m_axi">   --->   Core 119 'm_axi' <Latency = 6> <II = 1> <Delay = 1.00> <Adapter> <Opcode : 'read' 'write' 'readreq' 'writereq' 'writeresp'>

State 155 <SV = 154> <Delay = 3.65>
ST_155 : Operation 460 [65/107] (3.65ns)   --->   "%empty_126 = readreq i1 @_ssdm_op_ReadReq.m_axi.p1i64, i32 %mm_video_addr_1, i32 %div_cast1" [/home/e/Documents/research/byotee/OSDZU3_Ref_Design/OSDZU3_Ref_Design.runs/design_1_v_frmbuf_rd_1_0_synth_1/prj/sol/.autopilot/db/v_frmbuf_rd.cpp:560]   --->   Operation 460 'readreq' 'empty_126' <Predicate = true> <Delay = 3.65> <CoreInst = "m_axi">   --->   Core 119 'm_axi' <Latency = 6> <II = 1> <Delay = 1.00> <Adapter> <Opcode : 'read' 'write' 'readreq' 'writereq' 'writeresp'>

State 156 <SV = 155> <Delay = 3.65>
ST_156 : Operation 461 [64/107] (3.65ns)   --->   "%empty_126 = readreq i1 @_ssdm_op_ReadReq.m_axi.p1i64, i32 %mm_video_addr_1, i32 %div_cast1" [/home/e/Documents/research/byotee/OSDZU3_Ref_Design/OSDZU3_Ref_Design.runs/design_1_v_frmbuf_rd_1_0_synth_1/prj/sol/.autopilot/db/v_frmbuf_rd.cpp:560]   --->   Operation 461 'readreq' 'empty_126' <Predicate = true> <Delay = 3.65> <CoreInst = "m_axi">   --->   Core 119 'm_axi' <Latency = 6> <II = 1> <Delay = 1.00> <Adapter> <Opcode : 'read' 'write' 'readreq' 'writereq' 'writeresp'>

State 157 <SV = 156> <Delay = 3.65>
ST_157 : Operation 462 [63/107] (3.65ns)   --->   "%empty_126 = readreq i1 @_ssdm_op_ReadReq.m_axi.p1i64, i32 %mm_video_addr_1, i32 %div_cast1" [/home/e/Documents/research/byotee/OSDZU3_Ref_Design/OSDZU3_Ref_Design.runs/design_1_v_frmbuf_rd_1_0_synth_1/prj/sol/.autopilot/db/v_frmbuf_rd.cpp:560]   --->   Operation 462 'readreq' 'empty_126' <Predicate = true> <Delay = 3.65> <CoreInst = "m_axi">   --->   Core 119 'm_axi' <Latency = 6> <II = 1> <Delay = 1.00> <Adapter> <Opcode : 'read' 'write' 'readreq' 'writereq' 'writeresp'>

State 158 <SV = 157> <Delay = 3.65>
ST_158 : Operation 463 [62/107] (3.65ns)   --->   "%empty_126 = readreq i1 @_ssdm_op_ReadReq.m_axi.p1i64, i32 %mm_video_addr_1, i32 %div_cast1" [/home/e/Documents/research/byotee/OSDZU3_Ref_Design/OSDZU3_Ref_Design.runs/design_1_v_frmbuf_rd_1_0_synth_1/prj/sol/.autopilot/db/v_frmbuf_rd.cpp:560]   --->   Operation 463 'readreq' 'empty_126' <Predicate = true> <Delay = 3.65> <CoreInst = "m_axi">   --->   Core 119 'm_axi' <Latency = 6> <II = 1> <Delay = 1.00> <Adapter> <Opcode : 'read' 'write' 'readreq' 'writereq' 'writeresp'>

State 159 <SV = 158> <Delay = 3.65>
ST_159 : Operation 464 [61/107] (3.65ns)   --->   "%empty_126 = readreq i1 @_ssdm_op_ReadReq.m_axi.p1i64, i32 %mm_video_addr_1, i32 %div_cast1" [/home/e/Documents/research/byotee/OSDZU3_Ref_Design/OSDZU3_Ref_Design.runs/design_1_v_frmbuf_rd_1_0_synth_1/prj/sol/.autopilot/db/v_frmbuf_rd.cpp:560]   --->   Operation 464 'readreq' 'empty_126' <Predicate = true> <Delay = 3.65> <CoreInst = "m_axi">   --->   Core 119 'm_axi' <Latency = 6> <II = 1> <Delay = 1.00> <Adapter> <Opcode : 'read' 'write' 'readreq' 'writereq' 'writeresp'>

State 160 <SV = 159> <Delay = 3.65>
ST_160 : Operation 465 [60/107] (3.65ns)   --->   "%empty_126 = readreq i1 @_ssdm_op_ReadReq.m_axi.p1i64, i32 %mm_video_addr_1, i32 %div_cast1" [/home/e/Documents/research/byotee/OSDZU3_Ref_Design/OSDZU3_Ref_Design.runs/design_1_v_frmbuf_rd_1_0_synth_1/prj/sol/.autopilot/db/v_frmbuf_rd.cpp:560]   --->   Operation 465 'readreq' 'empty_126' <Predicate = true> <Delay = 3.65> <CoreInst = "m_axi">   --->   Core 119 'm_axi' <Latency = 6> <II = 1> <Delay = 1.00> <Adapter> <Opcode : 'read' 'write' 'readreq' 'writereq' 'writeresp'>

State 161 <SV = 160> <Delay = 3.65>
ST_161 : Operation 466 [59/107] (3.65ns)   --->   "%empty_126 = readreq i1 @_ssdm_op_ReadReq.m_axi.p1i64, i32 %mm_video_addr_1, i32 %div_cast1" [/home/e/Documents/research/byotee/OSDZU3_Ref_Design/OSDZU3_Ref_Design.runs/design_1_v_frmbuf_rd_1_0_synth_1/prj/sol/.autopilot/db/v_frmbuf_rd.cpp:560]   --->   Operation 466 'readreq' 'empty_126' <Predicate = true> <Delay = 3.65> <CoreInst = "m_axi">   --->   Core 119 'm_axi' <Latency = 6> <II = 1> <Delay = 1.00> <Adapter> <Opcode : 'read' 'write' 'readreq' 'writereq' 'writeresp'>

State 162 <SV = 161> <Delay = 3.65>
ST_162 : Operation 467 [58/107] (3.65ns)   --->   "%empty_126 = readreq i1 @_ssdm_op_ReadReq.m_axi.p1i64, i32 %mm_video_addr_1, i32 %div_cast1" [/home/e/Documents/research/byotee/OSDZU3_Ref_Design/OSDZU3_Ref_Design.runs/design_1_v_frmbuf_rd_1_0_synth_1/prj/sol/.autopilot/db/v_frmbuf_rd.cpp:560]   --->   Operation 467 'readreq' 'empty_126' <Predicate = true> <Delay = 3.65> <CoreInst = "m_axi">   --->   Core 119 'm_axi' <Latency = 6> <II = 1> <Delay = 1.00> <Adapter> <Opcode : 'read' 'write' 'readreq' 'writereq' 'writeresp'>

State 163 <SV = 162> <Delay = 3.65>
ST_163 : Operation 468 [57/107] (3.65ns)   --->   "%empty_126 = readreq i1 @_ssdm_op_ReadReq.m_axi.p1i64, i32 %mm_video_addr_1, i32 %div_cast1" [/home/e/Documents/research/byotee/OSDZU3_Ref_Design/OSDZU3_Ref_Design.runs/design_1_v_frmbuf_rd_1_0_synth_1/prj/sol/.autopilot/db/v_frmbuf_rd.cpp:560]   --->   Operation 468 'readreq' 'empty_126' <Predicate = true> <Delay = 3.65> <CoreInst = "m_axi">   --->   Core 119 'm_axi' <Latency = 6> <II = 1> <Delay = 1.00> <Adapter> <Opcode : 'read' 'write' 'readreq' 'writereq' 'writeresp'>

State 164 <SV = 163> <Delay = 3.65>
ST_164 : Operation 469 [56/107] (3.65ns)   --->   "%empty_126 = readreq i1 @_ssdm_op_ReadReq.m_axi.p1i64, i32 %mm_video_addr_1, i32 %div_cast1" [/home/e/Documents/research/byotee/OSDZU3_Ref_Design/OSDZU3_Ref_Design.runs/design_1_v_frmbuf_rd_1_0_synth_1/prj/sol/.autopilot/db/v_frmbuf_rd.cpp:560]   --->   Operation 469 'readreq' 'empty_126' <Predicate = true> <Delay = 3.65> <CoreInst = "m_axi">   --->   Core 119 'm_axi' <Latency = 6> <II = 1> <Delay = 1.00> <Adapter> <Opcode : 'read' 'write' 'readreq' 'writereq' 'writeresp'>

State 165 <SV = 164> <Delay = 3.65>
ST_165 : Operation 470 [55/107] (3.65ns)   --->   "%empty_126 = readreq i1 @_ssdm_op_ReadReq.m_axi.p1i64, i32 %mm_video_addr_1, i32 %div_cast1" [/home/e/Documents/research/byotee/OSDZU3_Ref_Design/OSDZU3_Ref_Design.runs/design_1_v_frmbuf_rd_1_0_synth_1/prj/sol/.autopilot/db/v_frmbuf_rd.cpp:560]   --->   Operation 470 'readreq' 'empty_126' <Predicate = true> <Delay = 3.65> <CoreInst = "m_axi">   --->   Core 119 'm_axi' <Latency = 6> <II = 1> <Delay = 1.00> <Adapter> <Opcode : 'read' 'write' 'readreq' 'writereq' 'writeresp'>

State 166 <SV = 165> <Delay = 3.65>
ST_166 : Operation 471 [54/107] (3.65ns)   --->   "%empty_126 = readreq i1 @_ssdm_op_ReadReq.m_axi.p1i64, i32 %mm_video_addr_1, i32 %div_cast1" [/home/e/Documents/research/byotee/OSDZU3_Ref_Design/OSDZU3_Ref_Design.runs/design_1_v_frmbuf_rd_1_0_synth_1/prj/sol/.autopilot/db/v_frmbuf_rd.cpp:560]   --->   Operation 471 'readreq' 'empty_126' <Predicate = true> <Delay = 3.65> <CoreInst = "m_axi">   --->   Core 119 'm_axi' <Latency = 6> <II = 1> <Delay = 1.00> <Adapter> <Opcode : 'read' 'write' 'readreq' 'writereq' 'writeresp'>

State 167 <SV = 166> <Delay = 3.65>
ST_167 : Operation 472 [53/107] (3.65ns)   --->   "%empty_126 = readreq i1 @_ssdm_op_ReadReq.m_axi.p1i64, i32 %mm_video_addr_1, i32 %div_cast1" [/home/e/Documents/research/byotee/OSDZU3_Ref_Design/OSDZU3_Ref_Design.runs/design_1_v_frmbuf_rd_1_0_synth_1/prj/sol/.autopilot/db/v_frmbuf_rd.cpp:560]   --->   Operation 472 'readreq' 'empty_126' <Predicate = true> <Delay = 3.65> <CoreInst = "m_axi">   --->   Core 119 'm_axi' <Latency = 6> <II = 1> <Delay = 1.00> <Adapter> <Opcode : 'read' 'write' 'readreq' 'writereq' 'writeresp'>

State 168 <SV = 167> <Delay = 3.65>
ST_168 : Operation 473 [52/107] (3.65ns)   --->   "%empty_126 = readreq i1 @_ssdm_op_ReadReq.m_axi.p1i64, i32 %mm_video_addr_1, i32 %div_cast1" [/home/e/Documents/research/byotee/OSDZU3_Ref_Design/OSDZU3_Ref_Design.runs/design_1_v_frmbuf_rd_1_0_synth_1/prj/sol/.autopilot/db/v_frmbuf_rd.cpp:560]   --->   Operation 473 'readreq' 'empty_126' <Predicate = true> <Delay = 3.65> <CoreInst = "m_axi">   --->   Core 119 'm_axi' <Latency = 6> <II = 1> <Delay = 1.00> <Adapter> <Opcode : 'read' 'write' 'readreq' 'writereq' 'writeresp'>

State 169 <SV = 168> <Delay = 3.65>
ST_169 : Operation 474 [51/107] (3.65ns)   --->   "%empty_126 = readreq i1 @_ssdm_op_ReadReq.m_axi.p1i64, i32 %mm_video_addr_1, i32 %div_cast1" [/home/e/Documents/research/byotee/OSDZU3_Ref_Design/OSDZU3_Ref_Design.runs/design_1_v_frmbuf_rd_1_0_synth_1/prj/sol/.autopilot/db/v_frmbuf_rd.cpp:560]   --->   Operation 474 'readreq' 'empty_126' <Predicate = true> <Delay = 3.65> <CoreInst = "m_axi">   --->   Core 119 'm_axi' <Latency = 6> <II = 1> <Delay = 1.00> <Adapter> <Opcode : 'read' 'write' 'readreq' 'writereq' 'writeresp'>

State 170 <SV = 169> <Delay = 3.65>
ST_170 : Operation 475 [50/107] (3.65ns)   --->   "%empty_126 = readreq i1 @_ssdm_op_ReadReq.m_axi.p1i64, i32 %mm_video_addr_1, i32 %div_cast1" [/home/e/Documents/research/byotee/OSDZU3_Ref_Design/OSDZU3_Ref_Design.runs/design_1_v_frmbuf_rd_1_0_synth_1/prj/sol/.autopilot/db/v_frmbuf_rd.cpp:560]   --->   Operation 475 'readreq' 'empty_126' <Predicate = true> <Delay = 3.65> <CoreInst = "m_axi">   --->   Core 119 'm_axi' <Latency = 6> <II = 1> <Delay = 1.00> <Adapter> <Opcode : 'read' 'write' 'readreq' 'writereq' 'writeresp'>

State 171 <SV = 170> <Delay = 3.65>
ST_171 : Operation 476 [49/107] (3.65ns)   --->   "%empty_126 = readreq i1 @_ssdm_op_ReadReq.m_axi.p1i64, i32 %mm_video_addr_1, i32 %div_cast1" [/home/e/Documents/research/byotee/OSDZU3_Ref_Design/OSDZU3_Ref_Design.runs/design_1_v_frmbuf_rd_1_0_synth_1/prj/sol/.autopilot/db/v_frmbuf_rd.cpp:560]   --->   Operation 476 'readreq' 'empty_126' <Predicate = true> <Delay = 3.65> <CoreInst = "m_axi">   --->   Core 119 'm_axi' <Latency = 6> <II = 1> <Delay = 1.00> <Adapter> <Opcode : 'read' 'write' 'readreq' 'writereq' 'writeresp'>

State 172 <SV = 171> <Delay = 3.65>
ST_172 : Operation 477 [48/107] (3.65ns)   --->   "%empty_126 = readreq i1 @_ssdm_op_ReadReq.m_axi.p1i64, i32 %mm_video_addr_1, i32 %div_cast1" [/home/e/Documents/research/byotee/OSDZU3_Ref_Design/OSDZU3_Ref_Design.runs/design_1_v_frmbuf_rd_1_0_synth_1/prj/sol/.autopilot/db/v_frmbuf_rd.cpp:560]   --->   Operation 477 'readreq' 'empty_126' <Predicate = true> <Delay = 3.65> <CoreInst = "m_axi">   --->   Core 119 'm_axi' <Latency = 6> <II = 1> <Delay = 1.00> <Adapter> <Opcode : 'read' 'write' 'readreq' 'writereq' 'writeresp'>

State 173 <SV = 172> <Delay = 3.65>
ST_173 : Operation 478 [47/107] (3.65ns)   --->   "%empty_126 = readreq i1 @_ssdm_op_ReadReq.m_axi.p1i64, i32 %mm_video_addr_1, i32 %div_cast1" [/home/e/Documents/research/byotee/OSDZU3_Ref_Design/OSDZU3_Ref_Design.runs/design_1_v_frmbuf_rd_1_0_synth_1/prj/sol/.autopilot/db/v_frmbuf_rd.cpp:560]   --->   Operation 478 'readreq' 'empty_126' <Predicate = true> <Delay = 3.65> <CoreInst = "m_axi">   --->   Core 119 'm_axi' <Latency = 6> <II = 1> <Delay = 1.00> <Adapter> <Opcode : 'read' 'write' 'readreq' 'writereq' 'writeresp'>

State 174 <SV = 173> <Delay = 3.65>
ST_174 : Operation 479 [46/107] (3.65ns)   --->   "%empty_126 = readreq i1 @_ssdm_op_ReadReq.m_axi.p1i64, i32 %mm_video_addr_1, i32 %div_cast1" [/home/e/Documents/research/byotee/OSDZU3_Ref_Design/OSDZU3_Ref_Design.runs/design_1_v_frmbuf_rd_1_0_synth_1/prj/sol/.autopilot/db/v_frmbuf_rd.cpp:560]   --->   Operation 479 'readreq' 'empty_126' <Predicate = true> <Delay = 3.65> <CoreInst = "m_axi">   --->   Core 119 'm_axi' <Latency = 6> <II = 1> <Delay = 1.00> <Adapter> <Opcode : 'read' 'write' 'readreq' 'writereq' 'writeresp'>

State 175 <SV = 174> <Delay = 3.65>
ST_175 : Operation 480 [45/107] (3.65ns)   --->   "%empty_126 = readreq i1 @_ssdm_op_ReadReq.m_axi.p1i64, i32 %mm_video_addr_1, i32 %div_cast1" [/home/e/Documents/research/byotee/OSDZU3_Ref_Design/OSDZU3_Ref_Design.runs/design_1_v_frmbuf_rd_1_0_synth_1/prj/sol/.autopilot/db/v_frmbuf_rd.cpp:560]   --->   Operation 480 'readreq' 'empty_126' <Predicate = true> <Delay = 3.65> <CoreInst = "m_axi">   --->   Core 119 'm_axi' <Latency = 6> <II = 1> <Delay = 1.00> <Adapter> <Opcode : 'read' 'write' 'readreq' 'writereq' 'writeresp'>

State 176 <SV = 175> <Delay = 3.65>
ST_176 : Operation 481 [44/107] (3.65ns)   --->   "%empty_126 = readreq i1 @_ssdm_op_ReadReq.m_axi.p1i64, i32 %mm_video_addr_1, i32 %div_cast1" [/home/e/Documents/research/byotee/OSDZU3_Ref_Design/OSDZU3_Ref_Design.runs/design_1_v_frmbuf_rd_1_0_synth_1/prj/sol/.autopilot/db/v_frmbuf_rd.cpp:560]   --->   Operation 481 'readreq' 'empty_126' <Predicate = true> <Delay = 3.65> <CoreInst = "m_axi">   --->   Core 119 'm_axi' <Latency = 6> <II = 1> <Delay = 1.00> <Adapter> <Opcode : 'read' 'write' 'readreq' 'writereq' 'writeresp'>

State 177 <SV = 176> <Delay = 3.65>
ST_177 : Operation 482 [43/107] (3.65ns)   --->   "%empty_126 = readreq i1 @_ssdm_op_ReadReq.m_axi.p1i64, i32 %mm_video_addr_1, i32 %div_cast1" [/home/e/Documents/research/byotee/OSDZU3_Ref_Design/OSDZU3_Ref_Design.runs/design_1_v_frmbuf_rd_1_0_synth_1/prj/sol/.autopilot/db/v_frmbuf_rd.cpp:560]   --->   Operation 482 'readreq' 'empty_126' <Predicate = true> <Delay = 3.65> <CoreInst = "m_axi">   --->   Core 119 'm_axi' <Latency = 6> <II = 1> <Delay = 1.00> <Adapter> <Opcode : 'read' 'write' 'readreq' 'writereq' 'writeresp'>

State 178 <SV = 177> <Delay = 3.65>
ST_178 : Operation 483 [42/107] (3.65ns)   --->   "%empty_126 = readreq i1 @_ssdm_op_ReadReq.m_axi.p1i64, i32 %mm_video_addr_1, i32 %div_cast1" [/home/e/Documents/research/byotee/OSDZU3_Ref_Design/OSDZU3_Ref_Design.runs/design_1_v_frmbuf_rd_1_0_synth_1/prj/sol/.autopilot/db/v_frmbuf_rd.cpp:560]   --->   Operation 483 'readreq' 'empty_126' <Predicate = true> <Delay = 3.65> <CoreInst = "m_axi">   --->   Core 119 'm_axi' <Latency = 6> <II = 1> <Delay = 1.00> <Adapter> <Opcode : 'read' 'write' 'readreq' 'writereq' 'writeresp'>

State 179 <SV = 178> <Delay = 3.65>
ST_179 : Operation 484 [41/107] (3.65ns)   --->   "%empty_126 = readreq i1 @_ssdm_op_ReadReq.m_axi.p1i64, i32 %mm_video_addr_1, i32 %div_cast1" [/home/e/Documents/research/byotee/OSDZU3_Ref_Design/OSDZU3_Ref_Design.runs/design_1_v_frmbuf_rd_1_0_synth_1/prj/sol/.autopilot/db/v_frmbuf_rd.cpp:560]   --->   Operation 484 'readreq' 'empty_126' <Predicate = true> <Delay = 3.65> <CoreInst = "m_axi">   --->   Core 119 'm_axi' <Latency = 6> <II = 1> <Delay = 1.00> <Adapter> <Opcode : 'read' 'write' 'readreq' 'writereq' 'writeresp'>

State 180 <SV = 179> <Delay = 3.65>
ST_180 : Operation 485 [40/107] (3.65ns)   --->   "%empty_126 = readreq i1 @_ssdm_op_ReadReq.m_axi.p1i64, i32 %mm_video_addr_1, i32 %div_cast1" [/home/e/Documents/research/byotee/OSDZU3_Ref_Design/OSDZU3_Ref_Design.runs/design_1_v_frmbuf_rd_1_0_synth_1/prj/sol/.autopilot/db/v_frmbuf_rd.cpp:560]   --->   Operation 485 'readreq' 'empty_126' <Predicate = true> <Delay = 3.65> <CoreInst = "m_axi">   --->   Core 119 'm_axi' <Latency = 6> <II = 1> <Delay = 1.00> <Adapter> <Opcode : 'read' 'write' 'readreq' 'writereq' 'writeresp'>

State 181 <SV = 180> <Delay = 3.65>
ST_181 : Operation 486 [39/107] (3.65ns)   --->   "%empty_126 = readreq i1 @_ssdm_op_ReadReq.m_axi.p1i64, i32 %mm_video_addr_1, i32 %div_cast1" [/home/e/Documents/research/byotee/OSDZU3_Ref_Design/OSDZU3_Ref_Design.runs/design_1_v_frmbuf_rd_1_0_synth_1/prj/sol/.autopilot/db/v_frmbuf_rd.cpp:560]   --->   Operation 486 'readreq' 'empty_126' <Predicate = true> <Delay = 3.65> <CoreInst = "m_axi">   --->   Core 119 'm_axi' <Latency = 6> <II = 1> <Delay = 1.00> <Adapter> <Opcode : 'read' 'write' 'readreq' 'writereq' 'writeresp'>

State 182 <SV = 181> <Delay = 3.65>
ST_182 : Operation 487 [38/107] (3.65ns)   --->   "%empty_126 = readreq i1 @_ssdm_op_ReadReq.m_axi.p1i64, i32 %mm_video_addr_1, i32 %div_cast1" [/home/e/Documents/research/byotee/OSDZU3_Ref_Design/OSDZU3_Ref_Design.runs/design_1_v_frmbuf_rd_1_0_synth_1/prj/sol/.autopilot/db/v_frmbuf_rd.cpp:560]   --->   Operation 487 'readreq' 'empty_126' <Predicate = true> <Delay = 3.65> <CoreInst = "m_axi">   --->   Core 119 'm_axi' <Latency = 6> <II = 1> <Delay = 1.00> <Adapter> <Opcode : 'read' 'write' 'readreq' 'writereq' 'writeresp'>

State 183 <SV = 182> <Delay = 3.65>
ST_183 : Operation 488 [37/107] (3.65ns)   --->   "%empty_126 = readreq i1 @_ssdm_op_ReadReq.m_axi.p1i64, i32 %mm_video_addr_1, i32 %div_cast1" [/home/e/Documents/research/byotee/OSDZU3_Ref_Design/OSDZU3_Ref_Design.runs/design_1_v_frmbuf_rd_1_0_synth_1/prj/sol/.autopilot/db/v_frmbuf_rd.cpp:560]   --->   Operation 488 'readreq' 'empty_126' <Predicate = true> <Delay = 3.65> <CoreInst = "m_axi">   --->   Core 119 'm_axi' <Latency = 6> <II = 1> <Delay = 1.00> <Adapter> <Opcode : 'read' 'write' 'readreq' 'writereq' 'writeresp'>

State 184 <SV = 183> <Delay = 3.65>
ST_184 : Operation 489 [36/107] (3.65ns)   --->   "%empty_126 = readreq i1 @_ssdm_op_ReadReq.m_axi.p1i64, i32 %mm_video_addr_1, i32 %div_cast1" [/home/e/Documents/research/byotee/OSDZU3_Ref_Design/OSDZU3_Ref_Design.runs/design_1_v_frmbuf_rd_1_0_synth_1/prj/sol/.autopilot/db/v_frmbuf_rd.cpp:560]   --->   Operation 489 'readreq' 'empty_126' <Predicate = true> <Delay = 3.65> <CoreInst = "m_axi">   --->   Core 119 'm_axi' <Latency = 6> <II = 1> <Delay = 1.00> <Adapter> <Opcode : 'read' 'write' 'readreq' 'writereq' 'writeresp'>

State 185 <SV = 184> <Delay = 3.65>
ST_185 : Operation 490 [35/107] (3.65ns)   --->   "%empty_126 = readreq i1 @_ssdm_op_ReadReq.m_axi.p1i64, i32 %mm_video_addr_1, i32 %div_cast1" [/home/e/Documents/research/byotee/OSDZU3_Ref_Design/OSDZU3_Ref_Design.runs/design_1_v_frmbuf_rd_1_0_synth_1/prj/sol/.autopilot/db/v_frmbuf_rd.cpp:560]   --->   Operation 490 'readreq' 'empty_126' <Predicate = true> <Delay = 3.65> <CoreInst = "m_axi">   --->   Core 119 'm_axi' <Latency = 6> <II = 1> <Delay = 1.00> <Adapter> <Opcode : 'read' 'write' 'readreq' 'writereq' 'writeresp'>

State 186 <SV = 185> <Delay = 3.65>
ST_186 : Operation 491 [34/107] (3.65ns)   --->   "%empty_126 = readreq i1 @_ssdm_op_ReadReq.m_axi.p1i64, i32 %mm_video_addr_1, i32 %div_cast1" [/home/e/Documents/research/byotee/OSDZU3_Ref_Design/OSDZU3_Ref_Design.runs/design_1_v_frmbuf_rd_1_0_synth_1/prj/sol/.autopilot/db/v_frmbuf_rd.cpp:560]   --->   Operation 491 'readreq' 'empty_126' <Predicate = true> <Delay = 3.65> <CoreInst = "m_axi">   --->   Core 119 'm_axi' <Latency = 6> <II = 1> <Delay = 1.00> <Adapter> <Opcode : 'read' 'write' 'readreq' 'writereq' 'writeresp'>

State 187 <SV = 186> <Delay = 3.65>
ST_187 : Operation 492 [33/107] (3.65ns)   --->   "%empty_126 = readreq i1 @_ssdm_op_ReadReq.m_axi.p1i64, i32 %mm_video_addr_1, i32 %div_cast1" [/home/e/Documents/research/byotee/OSDZU3_Ref_Design/OSDZU3_Ref_Design.runs/design_1_v_frmbuf_rd_1_0_synth_1/prj/sol/.autopilot/db/v_frmbuf_rd.cpp:560]   --->   Operation 492 'readreq' 'empty_126' <Predicate = true> <Delay = 3.65> <CoreInst = "m_axi">   --->   Core 119 'm_axi' <Latency = 6> <II = 1> <Delay = 1.00> <Adapter> <Opcode : 'read' 'write' 'readreq' 'writereq' 'writeresp'>

State 188 <SV = 187> <Delay = 3.65>
ST_188 : Operation 493 [32/107] (3.65ns)   --->   "%empty_126 = readreq i1 @_ssdm_op_ReadReq.m_axi.p1i64, i32 %mm_video_addr_1, i32 %div_cast1" [/home/e/Documents/research/byotee/OSDZU3_Ref_Design/OSDZU3_Ref_Design.runs/design_1_v_frmbuf_rd_1_0_synth_1/prj/sol/.autopilot/db/v_frmbuf_rd.cpp:560]   --->   Operation 493 'readreq' 'empty_126' <Predicate = true> <Delay = 3.65> <CoreInst = "m_axi">   --->   Core 119 'm_axi' <Latency = 6> <II = 1> <Delay = 1.00> <Adapter> <Opcode : 'read' 'write' 'readreq' 'writereq' 'writeresp'>

State 189 <SV = 188> <Delay = 3.65>
ST_189 : Operation 494 [31/107] (3.65ns)   --->   "%empty_126 = readreq i1 @_ssdm_op_ReadReq.m_axi.p1i64, i32 %mm_video_addr_1, i32 %div_cast1" [/home/e/Documents/research/byotee/OSDZU3_Ref_Design/OSDZU3_Ref_Design.runs/design_1_v_frmbuf_rd_1_0_synth_1/prj/sol/.autopilot/db/v_frmbuf_rd.cpp:560]   --->   Operation 494 'readreq' 'empty_126' <Predicate = true> <Delay = 3.65> <CoreInst = "m_axi">   --->   Core 119 'm_axi' <Latency = 6> <II = 1> <Delay = 1.00> <Adapter> <Opcode : 'read' 'write' 'readreq' 'writereq' 'writeresp'>

State 190 <SV = 189> <Delay = 3.65>
ST_190 : Operation 495 [30/107] (3.65ns)   --->   "%empty_126 = readreq i1 @_ssdm_op_ReadReq.m_axi.p1i64, i32 %mm_video_addr_1, i32 %div_cast1" [/home/e/Documents/research/byotee/OSDZU3_Ref_Design/OSDZU3_Ref_Design.runs/design_1_v_frmbuf_rd_1_0_synth_1/prj/sol/.autopilot/db/v_frmbuf_rd.cpp:560]   --->   Operation 495 'readreq' 'empty_126' <Predicate = true> <Delay = 3.65> <CoreInst = "m_axi">   --->   Core 119 'm_axi' <Latency = 6> <II = 1> <Delay = 1.00> <Adapter> <Opcode : 'read' 'write' 'readreq' 'writereq' 'writeresp'>

State 191 <SV = 190> <Delay = 3.65>
ST_191 : Operation 496 [29/107] (3.65ns)   --->   "%empty_126 = readreq i1 @_ssdm_op_ReadReq.m_axi.p1i64, i32 %mm_video_addr_1, i32 %div_cast1" [/home/e/Documents/research/byotee/OSDZU3_Ref_Design/OSDZU3_Ref_Design.runs/design_1_v_frmbuf_rd_1_0_synth_1/prj/sol/.autopilot/db/v_frmbuf_rd.cpp:560]   --->   Operation 496 'readreq' 'empty_126' <Predicate = true> <Delay = 3.65> <CoreInst = "m_axi">   --->   Core 119 'm_axi' <Latency = 6> <II = 1> <Delay = 1.00> <Adapter> <Opcode : 'read' 'write' 'readreq' 'writereq' 'writeresp'>

State 192 <SV = 191> <Delay = 3.65>
ST_192 : Operation 497 [28/107] (3.65ns)   --->   "%empty_126 = readreq i1 @_ssdm_op_ReadReq.m_axi.p1i64, i32 %mm_video_addr_1, i32 %div_cast1" [/home/e/Documents/research/byotee/OSDZU3_Ref_Design/OSDZU3_Ref_Design.runs/design_1_v_frmbuf_rd_1_0_synth_1/prj/sol/.autopilot/db/v_frmbuf_rd.cpp:560]   --->   Operation 497 'readreq' 'empty_126' <Predicate = true> <Delay = 3.65> <CoreInst = "m_axi">   --->   Core 119 'm_axi' <Latency = 6> <II = 1> <Delay = 1.00> <Adapter> <Opcode : 'read' 'write' 'readreq' 'writereq' 'writeresp'>

State 193 <SV = 192> <Delay = 3.65>
ST_193 : Operation 498 [27/107] (3.65ns)   --->   "%empty_126 = readreq i1 @_ssdm_op_ReadReq.m_axi.p1i64, i32 %mm_video_addr_1, i32 %div_cast1" [/home/e/Documents/research/byotee/OSDZU3_Ref_Design/OSDZU3_Ref_Design.runs/design_1_v_frmbuf_rd_1_0_synth_1/prj/sol/.autopilot/db/v_frmbuf_rd.cpp:560]   --->   Operation 498 'readreq' 'empty_126' <Predicate = true> <Delay = 3.65> <CoreInst = "m_axi">   --->   Core 119 'm_axi' <Latency = 6> <II = 1> <Delay = 1.00> <Adapter> <Opcode : 'read' 'write' 'readreq' 'writereq' 'writeresp'>

State 194 <SV = 193> <Delay = 3.65>
ST_194 : Operation 499 [26/107] (3.65ns)   --->   "%empty_126 = readreq i1 @_ssdm_op_ReadReq.m_axi.p1i64, i32 %mm_video_addr_1, i32 %div_cast1" [/home/e/Documents/research/byotee/OSDZU3_Ref_Design/OSDZU3_Ref_Design.runs/design_1_v_frmbuf_rd_1_0_synth_1/prj/sol/.autopilot/db/v_frmbuf_rd.cpp:560]   --->   Operation 499 'readreq' 'empty_126' <Predicate = true> <Delay = 3.65> <CoreInst = "m_axi">   --->   Core 119 'm_axi' <Latency = 6> <II = 1> <Delay = 1.00> <Adapter> <Opcode : 'read' 'write' 'readreq' 'writereq' 'writeresp'>

State 195 <SV = 194> <Delay = 3.65>
ST_195 : Operation 500 [25/107] (3.65ns)   --->   "%empty_126 = readreq i1 @_ssdm_op_ReadReq.m_axi.p1i64, i32 %mm_video_addr_1, i32 %div_cast1" [/home/e/Documents/research/byotee/OSDZU3_Ref_Design/OSDZU3_Ref_Design.runs/design_1_v_frmbuf_rd_1_0_synth_1/prj/sol/.autopilot/db/v_frmbuf_rd.cpp:560]   --->   Operation 500 'readreq' 'empty_126' <Predicate = true> <Delay = 3.65> <CoreInst = "m_axi">   --->   Core 119 'm_axi' <Latency = 6> <II = 1> <Delay = 1.00> <Adapter> <Opcode : 'read' 'write' 'readreq' 'writereq' 'writeresp'>

State 196 <SV = 195> <Delay = 3.65>
ST_196 : Operation 501 [24/107] (3.65ns)   --->   "%empty_126 = readreq i1 @_ssdm_op_ReadReq.m_axi.p1i64, i32 %mm_video_addr_1, i32 %div_cast1" [/home/e/Documents/research/byotee/OSDZU3_Ref_Design/OSDZU3_Ref_Design.runs/design_1_v_frmbuf_rd_1_0_synth_1/prj/sol/.autopilot/db/v_frmbuf_rd.cpp:560]   --->   Operation 501 'readreq' 'empty_126' <Predicate = true> <Delay = 3.65> <CoreInst = "m_axi">   --->   Core 119 'm_axi' <Latency = 6> <II = 1> <Delay = 1.00> <Adapter> <Opcode : 'read' 'write' 'readreq' 'writereq' 'writeresp'>

State 197 <SV = 196> <Delay = 3.65>
ST_197 : Operation 502 [23/107] (3.65ns)   --->   "%empty_126 = readreq i1 @_ssdm_op_ReadReq.m_axi.p1i64, i32 %mm_video_addr_1, i32 %div_cast1" [/home/e/Documents/research/byotee/OSDZU3_Ref_Design/OSDZU3_Ref_Design.runs/design_1_v_frmbuf_rd_1_0_synth_1/prj/sol/.autopilot/db/v_frmbuf_rd.cpp:560]   --->   Operation 502 'readreq' 'empty_126' <Predicate = true> <Delay = 3.65> <CoreInst = "m_axi">   --->   Core 119 'm_axi' <Latency = 6> <II = 1> <Delay = 1.00> <Adapter> <Opcode : 'read' 'write' 'readreq' 'writereq' 'writeresp'>

State 198 <SV = 197> <Delay = 3.65>
ST_198 : Operation 503 [22/107] (3.65ns)   --->   "%empty_126 = readreq i1 @_ssdm_op_ReadReq.m_axi.p1i64, i32 %mm_video_addr_1, i32 %div_cast1" [/home/e/Documents/research/byotee/OSDZU3_Ref_Design/OSDZU3_Ref_Design.runs/design_1_v_frmbuf_rd_1_0_synth_1/prj/sol/.autopilot/db/v_frmbuf_rd.cpp:560]   --->   Operation 503 'readreq' 'empty_126' <Predicate = true> <Delay = 3.65> <CoreInst = "m_axi">   --->   Core 119 'm_axi' <Latency = 6> <II = 1> <Delay = 1.00> <Adapter> <Opcode : 'read' 'write' 'readreq' 'writereq' 'writeresp'>

State 199 <SV = 198> <Delay = 3.65>
ST_199 : Operation 504 [21/107] (3.65ns)   --->   "%empty_126 = readreq i1 @_ssdm_op_ReadReq.m_axi.p1i64, i32 %mm_video_addr_1, i32 %div_cast1" [/home/e/Documents/research/byotee/OSDZU3_Ref_Design/OSDZU3_Ref_Design.runs/design_1_v_frmbuf_rd_1_0_synth_1/prj/sol/.autopilot/db/v_frmbuf_rd.cpp:560]   --->   Operation 504 'readreq' 'empty_126' <Predicate = true> <Delay = 3.65> <CoreInst = "m_axi">   --->   Core 119 'm_axi' <Latency = 6> <II = 1> <Delay = 1.00> <Adapter> <Opcode : 'read' 'write' 'readreq' 'writereq' 'writeresp'>

State 200 <SV = 199> <Delay = 3.65>
ST_200 : Operation 505 [20/107] (3.65ns)   --->   "%empty_126 = readreq i1 @_ssdm_op_ReadReq.m_axi.p1i64, i32 %mm_video_addr_1, i32 %div_cast1" [/home/e/Documents/research/byotee/OSDZU3_Ref_Design/OSDZU3_Ref_Design.runs/design_1_v_frmbuf_rd_1_0_synth_1/prj/sol/.autopilot/db/v_frmbuf_rd.cpp:560]   --->   Operation 505 'readreq' 'empty_126' <Predicate = true> <Delay = 3.65> <CoreInst = "m_axi">   --->   Core 119 'm_axi' <Latency = 6> <II = 1> <Delay = 1.00> <Adapter> <Opcode : 'read' 'write' 'readreq' 'writereq' 'writeresp'>

State 201 <SV = 200> <Delay = 3.65>
ST_201 : Operation 506 [19/107] (3.65ns)   --->   "%empty_126 = readreq i1 @_ssdm_op_ReadReq.m_axi.p1i64, i32 %mm_video_addr_1, i32 %div_cast1" [/home/e/Documents/research/byotee/OSDZU3_Ref_Design/OSDZU3_Ref_Design.runs/design_1_v_frmbuf_rd_1_0_synth_1/prj/sol/.autopilot/db/v_frmbuf_rd.cpp:560]   --->   Operation 506 'readreq' 'empty_126' <Predicate = true> <Delay = 3.65> <CoreInst = "m_axi">   --->   Core 119 'm_axi' <Latency = 6> <II = 1> <Delay = 1.00> <Adapter> <Opcode : 'read' 'write' 'readreq' 'writereq' 'writeresp'>

State 202 <SV = 201> <Delay = 3.65>
ST_202 : Operation 507 [18/107] (3.65ns)   --->   "%empty_126 = readreq i1 @_ssdm_op_ReadReq.m_axi.p1i64, i32 %mm_video_addr_1, i32 %div_cast1" [/home/e/Documents/research/byotee/OSDZU3_Ref_Design/OSDZU3_Ref_Design.runs/design_1_v_frmbuf_rd_1_0_synth_1/prj/sol/.autopilot/db/v_frmbuf_rd.cpp:560]   --->   Operation 507 'readreq' 'empty_126' <Predicate = true> <Delay = 3.65> <CoreInst = "m_axi">   --->   Core 119 'm_axi' <Latency = 6> <II = 1> <Delay = 1.00> <Adapter> <Opcode : 'read' 'write' 'readreq' 'writereq' 'writeresp'>

State 203 <SV = 202> <Delay = 3.65>
ST_203 : Operation 508 [17/107] (3.65ns)   --->   "%empty_126 = readreq i1 @_ssdm_op_ReadReq.m_axi.p1i64, i32 %mm_video_addr_1, i32 %div_cast1" [/home/e/Documents/research/byotee/OSDZU3_Ref_Design/OSDZU3_Ref_Design.runs/design_1_v_frmbuf_rd_1_0_synth_1/prj/sol/.autopilot/db/v_frmbuf_rd.cpp:560]   --->   Operation 508 'readreq' 'empty_126' <Predicate = true> <Delay = 3.65> <CoreInst = "m_axi">   --->   Core 119 'm_axi' <Latency = 6> <II = 1> <Delay = 1.00> <Adapter> <Opcode : 'read' 'write' 'readreq' 'writereq' 'writeresp'>

State 204 <SV = 203> <Delay = 3.65>
ST_204 : Operation 509 [16/107] (3.65ns)   --->   "%empty_126 = readreq i1 @_ssdm_op_ReadReq.m_axi.p1i64, i32 %mm_video_addr_1, i32 %div_cast1" [/home/e/Documents/research/byotee/OSDZU3_Ref_Design/OSDZU3_Ref_Design.runs/design_1_v_frmbuf_rd_1_0_synth_1/prj/sol/.autopilot/db/v_frmbuf_rd.cpp:560]   --->   Operation 509 'readreq' 'empty_126' <Predicate = true> <Delay = 3.65> <CoreInst = "m_axi">   --->   Core 119 'm_axi' <Latency = 6> <II = 1> <Delay = 1.00> <Adapter> <Opcode : 'read' 'write' 'readreq' 'writereq' 'writeresp'>

State 205 <SV = 204> <Delay = 3.65>
ST_205 : Operation 510 [15/107] (3.65ns)   --->   "%empty_126 = readreq i1 @_ssdm_op_ReadReq.m_axi.p1i64, i32 %mm_video_addr_1, i32 %div_cast1" [/home/e/Documents/research/byotee/OSDZU3_Ref_Design/OSDZU3_Ref_Design.runs/design_1_v_frmbuf_rd_1_0_synth_1/prj/sol/.autopilot/db/v_frmbuf_rd.cpp:560]   --->   Operation 510 'readreq' 'empty_126' <Predicate = true> <Delay = 3.65> <CoreInst = "m_axi">   --->   Core 119 'm_axi' <Latency = 6> <II = 1> <Delay = 1.00> <Adapter> <Opcode : 'read' 'write' 'readreq' 'writereq' 'writeresp'>

State 206 <SV = 205> <Delay = 3.65>
ST_206 : Operation 511 [14/107] (3.65ns)   --->   "%empty_126 = readreq i1 @_ssdm_op_ReadReq.m_axi.p1i64, i32 %mm_video_addr_1, i32 %div_cast1" [/home/e/Documents/research/byotee/OSDZU3_Ref_Design/OSDZU3_Ref_Design.runs/design_1_v_frmbuf_rd_1_0_synth_1/prj/sol/.autopilot/db/v_frmbuf_rd.cpp:560]   --->   Operation 511 'readreq' 'empty_126' <Predicate = true> <Delay = 3.65> <CoreInst = "m_axi">   --->   Core 119 'm_axi' <Latency = 6> <II = 1> <Delay = 1.00> <Adapter> <Opcode : 'read' 'write' 'readreq' 'writereq' 'writeresp'>

State 207 <SV = 206> <Delay = 3.65>
ST_207 : Operation 512 [13/107] (3.65ns)   --->   "%empty_126 = readreq i1 @_ssdm_op_ReadReq.m_axi.p1i64, i32 %mm_video_addr_1, i32 %div_cast1" [/home/e/Documents/research/byotee/OSDZU3_Ref_Design/OSDZU3_Ref_Design.runs/design_1_v_frmbuf_rd_1_0_synth_1/prj/sol/.autopilot/db/v_frmbuf_rd.cpp:560]   --->   Operation 512 'readreq' 'empty_126' <Predicate = true> <Delay = 3.65> <CoreInst = "m_axi">   --->   Core 119 'm_axi' <Latency = 6> <II = 1> <Delay = 1.00> <Adapter> <Opcode : 'read' 'write' 'readreq' 'writereq' 'writeresp'>

State 208 <SV = 207> <Delay = 3.65>
ST_208 : Operation 513 [12/107] (3.65ns)   --->   "%empty_126 = readreq i1 @_ssdm_op_ReadReq.m_axi.p1i64, i32 %mm_video_addr_1, i32 %div_cast1" [/home/e/Documents/research/byotee/OSDZU3_Ref_Design/OSDZU3_Ref_Design.runs/design_1_v_frmbuf_rd_1_0_synth_1/prj/sol/.autopilot/db/v_frmbuf_rd.cpp:560]   --->   Operation 513 'readreq' 'empty_126' <Predicate = true> <Delay = 3.65> <CoreInst = "m_axi">   --->   Core 119 'm_axi' <Latency = 6> <II = 1> <Delay = 1.00> <Adapter> <Opcode : 'read' 'write' 'readreq' 'writereq' 'writeresp'>

State 209 <SV = 208> <Delay = 3.65>
ST_209 : Operation 514 [11/107] (3.65ns)   --->   "%empty_126 = readreq i1 @_ssdm_op_ReadReq.m_axi.p1i64, i32 %mm_video_addr_1, i32 %div_cast1" [/home/e/Documents/research/byotee/OSDZU3_Ref_Design/OSDZU3_Ref_Design.runs/design_1_v_frmbuf_rd_1_0_synth_1/prj/sol/.autopilot/db/v_frmbuf_rd.cpp:560]   --->   Operation 514 'readreq' 'empty_126' <Predicate = true> <Delay = 3.65> <CoreInst = "m_axi">   --->   Core 119 'm_axi' <Latency = 6> <II = 1> <Delay = 1.00> <Adapter> <Opcode : 'read' 'write' 'readreq' 'writereq' 'writeresp'>

State 210 <SV = 209> <Delay = 3.65>
ST_210 : Operation 515 [10/107] (3.65ns)   --->   "%empty_126 = readreq i1 @_ssdm_op_ReadReq.m_axi.p1i64, i32 %mm_video_addr_1, i32 %div_cast1" [/home/e/Documents/research/byotee/OSDZU3_Ref_Design/OSDZU3_Ref_Design.runs/design_1_v_frmbuf_rd_1_0_synth_1/prj/sol/.autopilot/db/v_frmbuf_rd.cpp:560]   --->   Operation 515 'readreq' 'empty_126' <Predicate = true> <Delay = 3.65> <CoreInst = "m_axi">   --->   Core 119 'm_axi' <Latency = 6> <II = 1> <Delay = 1.00> <Adapter> <Opcode : 'read' 'write' 'readreq' 'writereq' 'writeresp'>

State 211 <SV = 210> <Delay = 3.65>
ST_211 : Operation 516 [9/107] (3.65ns)   --->   "%empty_126 = readreq i1 @_ssdm_op_ReadReq.m_axi.p1i64, i32 %mm_video_addr_1, i32 %div_cast1" [/home/e/Documents/research/byotee/OSDZU3_Ref_Design/OSDZU3_Ref_Design.runs/design_1_v_frmbuf_rd_1_0_synth_1/prj/sol/.autopilot/db/v_frmbuf_rd.cpp:560]   --->   Operation 516 'readreq' 'empty_126' <Predicate = true> <Delay = 3.65> <CoreInst = "m_axi">   --->   Core 119 'm_axi' <Latency = 6> <II = 1> <Delay = 1.00> <Adapter> <Opcode : 'read' 'write' 'readreq' 'writereq' 'writeresp'>

State 212 <SV = 211> <Delay = 3.65>
ST_212 : Operation 517 [8/107] (3.65ns)   --->   "%empty_126 = readreq i1 @_ssdm_op_ReadReq.m_axi.p1i64, i32 %mm_video_addr_1, i32 %div_cast1" [/home/e/Documents/research/byotee/OSDZU3_Ref_Design/OSDZU3_Ref_Design.runs/design_1_v_frmbuf_rd_1_0_synth_1/prj/sol/.autopilot/db/v_frmbuf_rd.cpp:560]   --->   Operation 517 'readreq' 'empty_126' <Predicate = true> <Delay = 3.65> <CoreInst = "m_axi">   --->   Core 119 'm_axi' <Latency = 6> <II = 1> <Delay = 1.00> <Adapter> <Opcode : 'read' 'write' 'readreq' 'writereq' 'writeresp'>

State 213 <SV = 212> <Delay = 3.65>
ST_213 : Operation 518 [7/107] (3.65ns)   --->   "%empty_126 = readreq i1 @_ssdm_op_ReadReq.m_axi.p1i64, i32 %mm_video_addr_1, i32 %div_cast1" [/home/e/Documents/research/byotee/OSDZU3_Ref_Design/OSDZU3_Ref_Design.runs/design_1_v_frmbuf_rd_1_0_synth_1/prj/sol/.autopilot/db/v_frmbuf_rd.cpp:560]   --->   Operation 518 'readreq' 'empty_126' <Predicate = true> <Delay = 3.65> <CoreInst = "m_axi">   --->   Core 119 'm_axi' <Latency = 6> <II = 1> <Delay = 1.00> <Adapter> <Opcode : 'read' 'write' 'readreq' 'writereq' 'writeresp'>

State 214 <SV = 213> <Delay = 3.65>
ST_214 : Operation 519 [6/107] (3.65ns)   --->   "%empty_126 = readreq i1 @_ssdm_op_ReadReq.m_axi.p1i64, i32 %mm_video_addr_1, i32 %div_cast1" [/home/e/Documents/research/byotee/OSDZU3_Ref_Design/OSDZU3_Ref_Design.runs/design_1_v_frmbuf_rd_1_0_synth_1/prj/sol/.autopilot/db/v_frmbuf_rd.cpp:560]   --->   Operation 519 'readreq' 'empty_126' <Predicate = true> <Delay = 3.65> <CoreInst = "m_axi">   --->   Core 119 'm_axi' <Latency = 6> <II = 1> <Delay = 1.00> <Adapter> <Opcode : 'read' 'write' 'readreq' 'writereq' 'writeresp'>

State 215 <SV = 214> <Delay = 3.65>
ST_215 : Operation 520 [5/107] (3.65ns)   --->   "%empty_126 = readreq i1 @_ssdm_op_ReadReq.m_axi.p1i64, i32 %mm_video_addr_1, i32 %div_cast1" [/home/e/Documents/research/byotee/OSDZU3_Ref_Design/OSDZU3_Ref_Design.runs/design_1_v_frmbuf_rd_1_0_synth_1/prj/sol/.autopilot/db/v_frmbuf_rd.cpp:560]   --->   Operation 520 'readreq' 'empty_126' <Predicate = true> <Delay = 3.65> <CoreInst = "m_axi">   --->   Core 119 'm_axi' <Latency = 6> <II = 1> <Delay = 1.00> <Adapter> <Opcode : 'read' 'write' 'readreq' 'writereq' 'writeresp'>

State 216 <SV = 215> <Delay = 3.65>
ST_216 : Operation 521 [4/107] (3.65ns)   --->   "%empty_126 = readreq i1 @_ssdm_op_ReadReq.m_axi.p1i64, i32 %mm_video_addr_1, i32 %div_cast1" [/home/e/Documents/research/byotee/OSDZU3_Ref_Design/OSDZU3_Ref_Design.runs/design_1_v_frmbuf_rd_1_0_synth_1/prj/sol/.autopilot/db/v_frmbuf_rd.cpp:560]   --->   Operation 521 'readreq' 'empty_126' <Predicate = true> <Delay = 3.65> <CoreInst = "m_axi">   --->   Core 119 'm_axi' <Latency = 6> <II = 1> <Delay = 1.00> <Adapter> <Opcode : 'read' 'write' 'readreq' 'writereq' 'writeresp'>

State 217 <SV = 216> <Delay = 3.65>
ST_217 : Operation 522 [3/107] (3.65ns)   --->   "%empty_126 = readreq i1 @_ssdm_op_ReadReq.m_axi.p1i64, i32 %mm_video_addr_1, i32 %div_cast1" [/home/e/Documents/research/byotee/OSDZU3_Ref_Design/OSDZU3_Ref_Design.runs/design_1_v_frmbuf_rd_1_0_synth_1/prj/sol/.autopilot/db/v_frmbuf_rd.cpp:560]   --->   Operation 522 'readreq' 'empty_126' <Predicate = true> <Delay = 3.65> <CoreInst = "m_axi">   --->   Core 119 'm_axi' <Latency = 6> <II = 1> <Delay = 1.00> <Adapter> <Opcode : 'read' 'write' 'readreq' 'writereq' 'writeresp'>

State 218 <SV = 217> <Delay = 3.65>
ST_218 : Operation 523 [2/107] (3.65ns)   --->   "%empty_126 = readreq i1 @_ssdm_op_ReadReq.m_axi.p1i64, i32 %mm_video_addr_1, i32 %div_cast1" [/home/e/Documents/research/byotee/OSDZU3_Ref_Design/OSDZU3_Ref_Design.runs/design_1_v_frmbuf_rd_1_0_synth_1/prj/sol/.autopilot/db/v_frmbuf_rd.cpp:560]   --->   Operation 523 'readreq' 'empty_126' <Predicate = true> <Delay = 3.65> <CoreInst = "m_axi">   --->   Core 119 'm_axi' <Latency = 6> <II = 1> <Delay = 1.00> <Adapter> <Opcode : 'read' 'write' 'readreq' 'writereq' 'writeresp'>

State 219 <SV = 218> <Delay = 3.65>
ST_219 : Operation 524 [1/107] (3.65ns)   --->   "%empty_126 = readreq i1 @_ssdm_op_ReadReq.m_axi.p1i64, i32 %mm_video_addr_1, i32 %div_cast1" [/home/e/Documents/research/byotee/OSDZU3_Ref_Design/OSDZU3_Ref_Design.runs/design_1_v_frmbuf_rd_1_0_synth_1/prj/sol/.autopilot/db/v_frmbuf_rd.cpp:560]   --->   Operation 524 'readreq' 'empty_126' <Predicate = true> <Delay = 3.65> <CoreInst = "m_axi">   --->   Core 119 'm_axi' <Latency = 6> <II = 1> <Delay = 1.00> <Adapter> <Opcode : 'read' 'write' 'readreq' 'writereq' 'writeresp'>

State 220 <SV = 219> <Delay = 1.45>
ST_220 : Operation 525 [2/2] (1.45ns)   --->   "%call_ln560 = call void @AXIMMvideo2Bytes_Pipeline_VITIS_LOOP_560_2, i12 %div, i64 %mm_video, i29 %trunc_ln2, i64 %bytePlanes_plane1" [/home/e/Documents/research/byotee/OSDZU3_Ref_Design/OSDZU3_Ref_Design.runs/design_1_v_frmbuf_rd_1_0_synth_1/prj/sol/.autopilot/db/v_frmbuf_rd.cpp:560]   --->   Operation 525 'call' 'call_ln560' <Predicate = true> <Delay = 1.45> <CoreType = "Generic">   --->   Generic Core

State 221 <SV = 220> <Delay = 0.48>
ST_221 : Operation 526 [1/2] (0.00ns)   --->   "%call_ln560 = call void @AXIMMvideo2Bytes_Pipeline_VITIS_LOOP_560_2, i12 %div, i64 %mm_video, i29 %trunc_ln2, i64 %bytePlanes_plane1" [/home/e/Documents/research/byotee/OSDZU3_Ref_Design/OSDZU3_Ref_Design.runs/design_1_v_frmbuf_rd_1_0_synth_1/prj/sol/.autopilot/db/v_frmbuf_rd.cpp:560]   --->   Operation 526 'call' 'call_ln560' <Predicate = (cmp43 & !empty_125) | (cmp43 & !trunc_ln543)> <Delay = 0.00> <CoreType = "Generic">   --->   Generic Core
ST_221 : Operation 527 [1/1] (0.00ns)   --->   "%br_ln570 = br void %for.inc81" [/home/e/Documents/research/byotee/OSDZU3_Ref_Design/OSDZU3_Ref_Design.runs/design_1_v_frmbuf_rd_1_0_synth_1/prj/sol/.autopilot/db/v_frmbuf_rd.cpp:570]   --->   Operation 527 'br' 'br_ln570' <Predicate = (cmp43 & !empty_125) | (cmp43 & !trunc_ln543)> <Delay = 0.00>
ST_221 : Operation 528 [1/1] (0.48ns)   --->   "%store_ln539 = store i25 %add_ln556, i25 %offsetY" [/home/e/Documents/research/byotee/OSDZU3_Ref_Design/OSDZU3_Ref_Design.runs/design_1_v_frmbuf_rd_1_0_synth_1/prj/sol/.autopilot/db/v_frmbuf_rd.cpp:539]   --->   Operation 528 'store' 'store_ln539' <Predicate = true> <Delay = 0.48>
ST_221 : Operation 529 [1/1] (0.48ns)   --->   "%store_ln543 = store i12 %y_10, i12 %y" [/home/e/Documents/research/byotee/OSDZU3_Ref_Design/OSDZU3_Ref_Design.runs/design_1_v_frmbuf_rd_1_0_synth_1/prj/sol/.autopilot/db/v_frmbuf_rd.cpp:543]   --->   Operation 529 'store' 'store_ln543' <Predicate = true> <Delay = 0.48>
ST_221 : Operation 530 [1/1] (0.00ns)   --->   "%br_ln543 = br void %VITIS_LOOP_548_1" [/home/e/Documents/research/byotee/OSDZU3_Ref_Design/OSDZU3_Ref_Design.runs/design_1_v_frmbuf_rd_1_0_synth_1/prj/sol/.autopilot/db/v_frmbuf_rd.cpp:543]   --->   Operation 530 'br' 'br_ln543' <Predicate = true> <Delay = 0.00>


============================================================
+ Verbose Summary: Binding
============================================================
STG Binding: 
---------------- STG Properties BEGIN ----------------
- Is combinational: 0
- Is one-state seq: 0
- Is datapath-only: 0
- Is pipelined: 0
- Is top level: 0
Port [ Return ] is wired: 1; IO mode=ap_ctrl_hs:ce=0
Port [ mm_video]:  wired=1; compound=1; hidden=0; nouse=0; global=0; static=0; extern=0; dir=0; type=4; pingpong=0; private_global=0; IO mode=m_axi:ce=0
Port [ srcImg]:  wired=1; compound=0; hidden=0; nouse=0; global=0; static=0; extern=0; dir=0; type=0; pingpong=0; private_global=0; IO mode=ap_stable:ce=0
Port [ srcImg2]:  wired=1; compound=0; hidden=0; nouse=0; global=0; static=0; extern=0; dir=0; type=0; pingpong=0; private_global=0; IO mode=ap_stable:ce=0
Port [ bytePlanes_plane0]:  wired=1; compound=1; hidden=0; nouse=0; global=0; static=0; extern=0; dir=1; type=3; pingpong=0; private_global=0; IO mode=ap_fifo:ce=0
Port [ bytePlanes_plane1]:  wired=1; compound=1; hidden=0; nouse=0; global=0; static=0; extern=0; dir=1; type=3; pingpong=0; private_global=0; IO mode=ap_fifo:ce=0
Port [ Height_val]:  wired=1; compound=0; hidden=0; nouse=0; global=0; static=0; extern=0; dir=0; type=0; pingpong=0; private_global=0; IO mode=ap_stable:ce=0
Port [ WidthInBytes_val]:  wired=1; compound=0; hidden=0; nouse=0; global=0; static=0; extern=0; dir=0; type=0; pingpong=0; private_global=0; IO mode=ap_stable:ce=0
Port [ StrideInBytes_val]:  wired=1; compound=0; hidden=0; nouse=0; global=0; static=0; extern=0; dir=0; type=0; pingpong=0; private_global=0; IO mode=ap_stable:ce=0
Port [ VideoFormat_val]:  wired=1; compound=0; hidden=0; nouse=0; global=0; static=0; extern=0; dir=0; type=0; pingpong=0; private_global=0; IO mode=ap_stable:ce=0
---------------- STG Properties END ------------------

---------------- Datapath Model BEGIN ----------------

<LifeTime>
<method=bitvector/>
y                      (alloca           ) [ 011111111111111111111111111111111111111111111111111111111111111111111111111111111111111111111111111111111111111111111111111111111111111111111111111111111111111111111111111111111111111111111111111111111111111111111111111111]
offsetY                (alloca           ) [ 011111111111111111111111111111111111111111111111111111111111111111111111111111111111111111111111111111111111111111111111111111111111111111111111111111111111111111111111111111111111111111111111111111111111111111111111111111]
offsetUV               (alloca           ) [ 011111111111111111111111111111111111111111111111111111111111111111111111111111111111111111111111111111111111111111111111111111111111111111111111111111111111111111111111111111111111111111111111111111111111111111111111111111]
specstablecontent_ln0  (specstablecontent) [ 000000000000000000000000000000000000000000000000000000000000000000000000000000000000000000000000000000000000000000000000000000000000000000000000000000000000000000000000000000000000000000000000000000000000000000000000000000]
specstablecontent_ln0  (specstablecontent) [ 000000000000000000000000000000000000000000000000000000000000000000000000000000000000000000000000000000000000000000000000000000000000000000000000000000000000000000000000000000000000000000000000000000000000000000000000000000]
specstablecontent_ln0  (specstablecontent) [ 000000000000000000000000000000000000000000000000000000000000000000000000000000000000000000000000000000000000000000000000000000000000000000000000000000000000000000000000000000000000000000000000000000000000000000000000000000]
specstablecontent_ln0  (specstablecontent) [ 000000000000000000000000000000000000000000000000000000000000000000000000000000000000000000000000000000000000000000000000000000000000000000000000000000000000000000000000000000000000000000000000000000000000000000000000000000]
VideoFormat_val_read   (read             ) [ 001111111111111111111111111111111111111111111111111111111111111111111111111111111111111111111111111111111111111111111111111111111111111111111111111111111111111111111111111111111111111111111111111111111111111111111111111111]
StrideInBytes_val_read (read             ) [ 000000000000000000000000000000000000000000000000000000000000000000000000000000000000000000000000000000000000000000000000000000000000000000000000000000000000000000000000000000000000000000000000000000000000000000000000000000]
WidthInBytes_val_read  (read             ) [ 000000000000000000000000000000000000000000000000000000000000000000000000000000000000000000000000000000000000000000000000000000000000000000000000000000000000000000000000000000000000000000000000000000000000000000000000000000]
Height_val_read        (read             ) [ 001111111111111111111111111111111111111111111111111111111111111111111111111111111111111111111111111111111111111111111111111111111111111111111111111111111111111111111111111111111111111111111111111111111111111111111111111111]
srcImg2_read           (read             ) [ 001111111111111111111111111111111111111111111111111111111111111111111111111111111111111111111111111111111111111111111111111111111111111111111111111111111111111111111111111111111111111111111111111111111111111111111111111111]
srcImg_read            (read             ) [ 001111111111111111111111111111111111111111111111111111111111111111111111111111111111111111111111111111111111111111111111111111111111111111111111111111111111111111111111111111111111111111111111111111111111111111111111111111]
VideoFormat_val_cast   (zext             ) [ 000000000000000000000000000000000000000000000000000000000000000000000000000000000000000000000000000000000000000000000000000000000000000000000000000000000000000000000000000000000000000000000000000000000000000000000000000000]
specstablecontent_ln0  (specstablecontent) [ 000000000000000000000000000000000000000000000000000000000000000000000000000000000000000000000000000000000000000000000000000000000000000000000000000000000000000000000000000000000000000000000000000000000000000000000000000000]
specstablecontent_ln0  (specstablecontent) [ 000000000000000000000000000000000000000000000000000000000000000000000000000000000000000000000000000000000000000000000000000000000000000000000000000000000000000000000000000000000000000000000000000000000000000000000000000000]
specstablecontent_ln0  (specstablecontent) [ 000000000000000000000000000000000000000000000000000000000000000000000000000000000000000000000000000000000000000000000000000000000000000000000000000000000000000000000000000000000000000000000000000000000000000000000000000000]
specmemcore_ln0        (specmemcore      ) [ 000000000000000000000000000000000000000000000000000000000000000000000000000000000000000000000000000000000000000000000000000000000000000000000000000000000000000000000000000000000000000000000000000000000000000000000000000000]
specmemcore_ln0        (specmemcore      ) [ 000000000000000000000000000000000000000000000000000000000000000000000000000000000000000000000000000000000000000000000000000000000000000000000000000000000000000000000000000000000000000000000000000000000000000000000000000000]
specinterface_ln0      (specinterface    ) [ 000000000000000000000000000000000000000000000000000000000000000000000000000000000000000000000000000000000000000000000000000000000000000000000000000000000000000000000000000000000000000000000000000000000000000000000000000000]
specinterface_ln0      (specinterface    ) [ 000000000000000000000000000000000000000000000000000000000000000000000000000000000000000000000000000000000000000000000000000000000000000000000000000000000000000000000000000000000000000000000000000000000000000000000000000000]
specinterface_ln0      (specinterface    ) [ 000000000000000000000000000000000000000000000000000000000000000000000000000000000000000000000000000000000000000000000000000000000000000000000000000000000000000000000000000000000000000000000000000000000000000000000000000000]
sub                    (add              ) [ 000000000000000000000000000000000000000000000000000000000000000000000000000000000000000000000000000000000000000000000000000000000000000000000000000000000000000000000000000000000000000000000000000000000000000000000000000000]
div                    (partselect       ) [ 001111111111111111111111111111111111111111111111111111111111111111111111111111111111111111111111111111111111111111111111111111111111111111111111111111111111111111111111111111111111111111111111111111111111111111111111111111]
div_cast1              (zext             ) [ 001111111111111111111111111111111111111111111111111111111111111111111111111111111111111111111111111111111111111111111111111111111111111111111111111111111111111111111111111111111111111111111111111111111111111111111111111111]
div8                   (partselect       ) [ 000000000000000000000000000000000000000000000000000000000000000000000000000000000000000000000000000000000000000000000000000000000000000000000000000000000000000000000000000000000000000000000000000000000000000000000000000000]
div8_cast2             (zext             ) [ 001111111111111111111111111111111111111111111111111111111111111111111111111111111111111111111111111111111111111111111111111111111111111111111111111111111111111111111111111111111111111111111111111111111111111111111111111111]
cmp61                  (icmp             ) [ 001111111111111111111111111111111111111111111111111111111111111111111111111111111111111111111111111111111111111111111111111111111111111111111111111111111111111111111111111111111111111111111111111111111111111111111111111111]
cmp39                  (icmp             ) [ 000000000000000000000000000000000000000000000000000000000000000000000000000000000000000000000000000000000000000000000000000000000000000000000000000000000000000000000000000000000000000000000000000000000000000000000000000000]
p_off                  (add              ) [ 000000000000000000000000000000000000000000000000000000000000000000000000000000000000000000000000000000000000000000000000000000000000000000000000000000000000000000000000000000000000000000000000000000000000000000000000000000]
tmp_s                  (partselect       ) [ 000000000000000000000000000000000000000000000000000000000000000000000000000000000000000000000000000000000000000000000000000000000000000000000000000000000000000000000000000000000000000000000000000000000000000000000000000000]
tmp_22                 (bitconcatenate   ) [ 000000000000000000000000000000000000000000000000000000000000000000000000000000000000000000000000000000000000000000000000000000000000000000000000000000000000000000000000000000000000000000000000000000000000000000000000000000]
tmp_23                 (partselect       ) [ 000000000000000000000000000000000000000000000000000000000000000000000000000000000000000000000000000000000000000000000000000000000000000000000000000000000000000000000000000000000000000000000000000000000000000000000000000000]
tmp_12                 (bitselect        ) [ 000000000000000000000000000000000000000000000000000000000000000000000000000000000000000000000000000000000000000000000000000000000000000000000000000000000000000000000000000000000000000000000000000000000000000000000000000000]
tmp_24                 (bitconcatenate   ) [ 000000000000000000000000000000000000000000000000000000000000000000000000000000000000000000000000000000000000000000000000000000000000000000000000000000000000000000000000000000000000000000000000000000000000000000000000000000]
empty                  (icmp             ) [ 000000000000000000000000000000000000000000000000000000000000000000000000000000000000000000000000000000000000000000000000000000000000000000000000000000000000000000000000000000000000000000000000000000000000000000000000000000]
empty_114              (icmp             ) [ 000000000000000000000000000000000000000000000000000000000000000000000000000000000000000000000000000000000000000000000000000000000000000000000000000000000000000000000000000000000000000000000000000000000000000000000000000000]
tmp                    (or               ) [ 000000000000000000000000000000000000000000000000000000000000000000000000000000000000000000000000000000000000000000000000000000000000000000000000000000000000000000000000000000000000000000000000000000000000000000000000000000]
tmp1                   (or               ) [ 000000000000000000000000000000000000000000000000000000000000000000000000000000000000000000000000000000000000000000000000000000000000000000000000000000000000000000000000000000000000000000000000000000000000000000000000000000]
spec_select22          (or               ) [ 000000000000000000000000000000000000000000000000000000000000000000000000000000000000000000000000000000000000000000000000000000000000000000000000000000000000000000000000000000000000000000000000000000000000000000000000000000]
div8_cast              (zext             ) [ 001111111111111111111111111111111111111111111111111111111111111111111111111111111111111111111111111111111111111111111111111111111111111111111111111111111111111111111111111111111111111111111111111111111111111111111111111111]
tmp_13                 (partselect       ) [ 000000000000000000000000000000000000000000000000000000000000000000000000000000000000000000000000000000000000000000000000000000000000000000000000000000000000000000000000000000000000000000000000000000000000000000000000000000]
icmp6                  (icmp             ) [ 000000000000000000000000000000000000000000000000000000000000000000000000000000000000000000000000000000000000000000000000000000000000000000000000000000000000000000000000000000000000000000000000000000000000000000000000000000]
cmp43                  (and              ) [ 001111111111111111111111111111111111111111111111111111111111111111111111111111111111111111111111111111111111111111111111111111111111111111111111111111111111111111111111111111111111111111111111111111111111111111111111111111]
store_ln540            (store            ) [ 000000000000000000000000000000000000000000000000000000000000000000000000000000000000000000000000000000000000000000000000000000000000000000000000000000000000000000000000000000000000000000000000000000000000000000000000000000]
store_ln539            (store            ) [ 000000000000000000000000000000000000000000000000000000000000000000000000000000000000000000000000000000000000000000000000000000000000000000000000000000000000000000000000000000000000000000000000000000000000000000000000000000]
store_ln543            (store            ) [ 000000000000000000000000000000000000000000000000000000000000000000000000000000000000000000000000000000000000000000000000000000000000000000000000000000000000000000000000000000000000000000000000000000000000000000000000000000]
br_ln543               (br               ) [ 000000000000000000000000000000000000000000000000000000000000000000000000000000000000000000000000000000000000000000000000000000000000000000000000000000000000000000000000000000000000000000000000000000000000000000000000000000]
y_9                    (load             ) [ 000000000000000000000000000000000000000000000000000000000000000000000000000000000000000000000000000000000000000000000000000000000000000000000000000000000000000000000000000000000000000000000000000000000000000000000000000000]
icmp_ln543             (icmp             ) [ 001111111111111111111111111111111111111111111111111111111111111111111111111111111111111111111111111111111111111111111111111111111111111111111111111111111111111111111111111111111111111111111111111111111111111111111111111111]
speclooptripcount_ln0  (speclooptripcount) [ 000000000000000000000000000000000000000000000000000000000000000000000000000000000000000000000000000000000000000000000000000000000000000000000000000000000000000000000000000000000000000000000000000000000000000000000000000000]
y_10                   (add              ) [ 000111111111111111111111111111111111111111111111111111111111111111111111111111111111111111111111111111111111111111111111111111111111111111111111111111111111111111111111111111111111111111111111111111111111111111111111111111]
br_ln543               (br               ) [ 000000000000000000000000000000000000000000000000000000000000000000000000000000000000000000000000000000000000000000000000000000000000000000000000000000000000000000000000000000000000000000000000000000000000000000000000000000]
offsetY_load           (load             ) [ 000000000000000000000000000000000000000000000000000000000000000000000000000000000000000000000000000000000000000000000000000000000000000000000000000000000000000000000000000000000000000000000000000000000000000000000000000000]
trunc_ln543            (trunc            ) [ 000111111111111111111111111111111111111111111111111111111111111111111111111111111111111111111111111111111111111111111111111111111111111111111111111111111111111111111111111111111111111111111111111111111111111111111111111111]
shl_ln                 (bitconcatenate   ) [ 000000000000000000000000000000000000000000000000000000000000000000000000000000000000000000000000000000000000000000000000000000000000000000000000000000000000000000000000000000000000000000000000000000000000000000000000000000]
zext_ln548             (zext             ) [ 000000000000000000000000000000000000000000000000000000000000000000000000000000000000000000000000000000000000000000000000000000000000000000000000000000000000000000000000000000000000000000000000000000000000000000000000000000]
add_ln548              (add              ) [ 000000000000000000000000000000000000000000000000000000000000000000000000000000000000000000000000000000000000000000000000000000000000000000000000000000000000000000000000000000000000000000000000000000000000000000000000000000]
trunc_ln1              (partselect       ) [ 000111111111111111111111111111111111111111111111111111111111111111111111111111111111111111111111111111111111111100000000000000000000000000000000000000000000000000000000000000000000000000000000000000000000000000000000000000]
add_ln556              (add              ) [ 000111111111111111111111111111111111111111111111111111111111111111111111111111111111111111111111111111111111111111111111111111111111111111111111111111111111111111111111111111111111111111111111111111111111111111111111111111]
ret_ln572              (ret              ) [ 000000000000000000000000000000000000000000000000000000000000000000000000000000000000000000000000000000000000000000000000000000000000000000000000000000000000000000000000000000000000000000000000000000000000000000000000000000]
sext_ln548             (sext             ) [ 000000000000000000000000000000000000000000000000000000000000000000000000000000000000000000000000000000000000000000000000000000000000000000000000000000000000000000000000000000000000000000000000000000000000000000000000000000]
mm_video_addr          (getelementptr    ) [ 000011111111111111111111111111111111111111111111111111111111111111111111111111111111111111111111111111111111110000000000000000000000000000000000000000000000000000000000000000000000000000000000000000000000000000000000000000]
empty_115              (readreq          ) [ 000000000000000000000000000000000000000000000000000000000000000000000000000000000000000000000000000000000000000000000000000000000000000000000000000000000000000000000000000000000000000000000000000000000000000000000000000000]
call_ln548             (call             ) [ 000000000000000000000000000000000000000000000000000000000000000000000000000000000000000000000000000000000000000000000000000000000000000000000000000000000000000000000000000000000000000000000000000000000000000000000000000000]
specloopname_ln543     (specloopname     ) [ 000000000000000000000000000000000000000000000000000000000000000000000000000000000000000000000000000000000000000000000000000000000000000000000000000000000000000000000000000000000000000000000000000000000000000000000000000000]
fence_ln556            (fence            ) [ 000000000000000000000000000000000000000000000000000000000000000000000000000000000000000000000000000000000000000000000000000000000000000000000000000000000000000000000000000000000000000000000000000000000000000000000000000000]
br_ln558               (br               ) [ 000000000000000000000000000000000000000000000000000000000000000000000000000000000000000000000000000000000000000000000000000000000000000000000000000000000000000000000000000000000000000000000000000000000000000000000000000000]
br_ln558               (br               ) [ 000000000000000000000000000000000000000000000000000000000000000000000000000000000000000000000000000000000000000000000000000000000000000000000000000000000000000000000000000000000000000000000000000000000000000000000000000000]
empty_116              (icmp             ) [ 000000000000000000000000000000000000000000000000000000000000000000000000000000000000000000000000000000000000000000000000000000000000000000000000000000000000000000000000000000000000000000000000000000000000000000000000000000]
empty_117              (or               ) [ 000000000000000000000000000000000000000000000000000000000000000000000000000000000000000000000000000000000000000000000000000000000000000000000000000000000000000000000000000000000000000000000000000000000000000000000000000000]
empty_118              (icmp             ) [ 000000000000000000000000000000000000000000000000000000000000000000000000000000000000000000000000000000000000000000000000000000000000000000000000000000000000000000000000000000000000000000000000000000000000000000000000000000]
empty_119              (or               ) [ 000000000000000000000000000000000000000000000000000000000000000000000000000000000000000000000000000000000000000000000000000000000000000000000000000000000000000000000000000000000000000000000000000000000000000000000000000000]
empty_120              (icmp             ) [ 000000000000000000000000000000000000000000000000000000000000000000000000000000000000000000000000000000000000000000000000000000000000000000000000000000000000000000000000000000000000000000000000000000000000000000000000000000]
empty_121              (or               ) [ 000000000000000000000000000000000000000000000000000000000000000000000000000000000000000000000000000000000000000000000000000000000000000000000000000000000000000000000000000000000000000000000000000000000000000000000000000000]
empty_122              (icmp             ) [ 000000000000000000000000000000000000000000000000000000000000000000000000000000000000000000000000000000000000000000000000000000000000000000000000000000000000000000000000000000000000000000000000000000000000000000000000000000]
empty_123              (or               ) [ 000000000000000000000000000000000000000000000000000000000000000000000000000000000000000000000000000000000000000000000000000000000000000000000000000000000000000000000000000000000000000000000000000000000000000000000000000000]
empty_124              (icmp             ) [ 000000000000000000000000000000000000000000000000000000000000000000000000000000000000000000000000000000000000000000000000000000000000000000000000000000000000000000000000000000000000000000000000000000000000000000000000000000]
empty_125              (or               ) [ 001111111111111111111111111111111111111111111111111111111111111111111111111111111111111111111111111111111111111111111111111111111111111111111111111111111111111111111111111111111111111111111111111111111111111111111111111111]
br_ln0                 (br               ) [ 000000000000000000000000000000000000000000000000000000000000000000000000000000000000000000000000000000000000000000000000000000000000000000000000000000000000000000000000000000000000000000000000000000000000000000000000000000]
offsetUV_load          (load             ) [ 000000000000000000000000000000000000000000000000000000000000000000000000000000000000000000000000000000000000000000000000000000000000000000000000000000000000000000000000000000000000000000000000000000000000000000000000000000]
shl_ln560              (shl              ) [ 000000000000000000000000000000000000000000000000000000000000000000000000000000000000000000000000000000000000000000000000000000000000000000000000000000000000000000000000000000000000000000000000000000000000000000000000000000]
add_ln560              (add              ) [ 000000000000000000000000000000000000000000000000000000000000000000000000000000000000000000000000000000000000000000000000000000000000000000000000000000000000000000000000000000000000000000000000000000000000000000000000000000]
trunc_ln2              (partselect       ) [ 000000000000000000000000000000000000000000000000000000000000000000000000000000000000000000000000000000000000000001111111111111111111111111111111111111111111111111111111111111111111111111111111111111111111111111111111111111]
fence_ln560            (fence            ) [ 000000000000000000000000000000000000000000000000000000000000000000000000000000000000000000000000000000000000000000000000000000000000000000000000000000000000000000000000000000000000000000000000000000000000000000000000000000]
offsetUV_1             (add              ) [ 000000000000000000000000000000000000000000000000000000000000000000000000000000000000000000000000000000000000000000000000000000000000000000000000000000000000000000000000000000000000000000000000000000000000000000000000000000]
store_ln540            (store            ) [ 000000000000000000000000000000000000000000000000000000000000000000000000000000000000000000000000000000000000000000000000000000000000000000000000000000000000000000000000000000000000000000000000000000000000000000000000000000]
sext_ln560             (sext             ) [ 000000000000000000000000000000000000000000000000000000000000000000000000000000000000000000000000000000000000000000000000000000000000000000000000000000000000000000000000000000000000000000000000000000000000000000000000000000]
mm_video_addr_1        (getelementptr    ) [ 000000000000000000000000000000000000000000000000000000000000000000000000000000000000000000000000000000000000000000111111111111111111111111111111111111111111111111111111111111111111111111111111111111111111111111111111111100]
empty_126              (readreq          ) [ 000000000000000000000000000000000000000000000000000000000000000000000000000000000000000000000000000000000000000000000000000000000000000000000000000000000000000000000000000000000000000000000000000000000000000000000000000000]
call_ln560             (call             ) [ 000000000000000000000000000000000000000000000000000000000000000000000000000000000000000000000000000000000000000000000000000000000000000000000000000000000000000000000000000000000000000000000000000000000000000000000000000000]
br_ln570               (br               ) [ 000000000000000000000000000000000000000000000000000000000000000000000000000000000000000000000000000000000000000000000000000000000000000000000000000000000000000000000000000000000000000000000000000000000000000000000000000000]
store_ln539            (store            ) [ 000000000000000000000000000000000000000000000000000000000000000000000000000000000000000000000000000000000000000000000000000000000000000000000000000000000000000000000000000000000000000000000000000000000000000000000000000000]
store_ln543            (store            ) [ 000000000000000000000000000000000000000000000000000000000000000000000000000000000000000000000000000000000000000000000000000000000000000000000000000000000000000000000000000000000000000000000000000000000000000000000000000000]
br_ln543               (br               ) [ 000000000000000000000000000000000000000000000000000000000000000000000000000000000000000000000000000000000000000000000000000000000000000000000000000000000000000000000000000000000000000000000000000000000000000000000000000000]
</LifeTime>

<model>

<comp_list>
<comp id="0" class="1000" name="mm_video">
<pin_list>
<pin id="1" dir="1" index="0" bw="1" slack="0"/>
</pin_list>
<bind>
<StgValue><ssdm name="mm_video"/><MemPortTyVec>0 </MemPortTyVec>
</StgValue>
</bind>
</comp>

<comp id="2" class="1000" name="srcImg">
<pin_list>
<pin id="3" dir="1" index="0" bw="1" slack="0"/>
</pin_list>
<bind>
<StgValue><ssdm name="srcImg"/></StgValue>
</bind>
</comp>

<comp id="4" class="1000" name="srcImg2">
<pin_list>
<pin id="5" dir="1" index="0" bw="1" slack="0"/>
</pin_list>
<bind>
<StgValue><ssdm name="srcImg2"/></StgValue>
</bind>
</comp>

<comp id="6" class="1000" name="bytePlanes_plane0">
<pin_list>
<pin id="7" dir="1" index="0" bw="1" slack="0"/>
</pin_list>
<bind>
<StgValue><ssdm name="bytePlanes_plane0"/></StgValue>
</bind>
</comp>

<comp id="8" class="1000" name="bytePlanes_plane1">
<pin_list>
<pin id="9" dir="1" index="0" bw="1" slack="0"/>
</pin_list>
<bind>
<StgValue><ssdm name="bytePlanes_plane1"/></StgValue>
</bind>
</comp>

<comp id="10" class="1000" name="Height_val">
<pin_list>
<pin id="11" dir="1" index="0" bw="1" slack="0"/>
</pin_list>
<bind>
<StgValue><ssdm name="Height_val"/></StgValue>
</bind>
</comp>

<comp id="12" class="1000" name="WidthInBytes_val">
<pin_list>
<pin id="13" dir="1" index="0" bw="1" slack="0"/>
</pin_list>
<bind>
<StgValue><ssdm name="WidthInBytes_val"/></StgValue>
</bind>
</comp>

<comp id="14" class="1000" name="StrideInBytes_val">
<pin_list>
<pin id="15" dir="1" index="0" bw="1" slack="0"/>
</pin_list>
<bind>
<StgValue><ssdm name="StrideInBytes_val"/></StgValue>
</bind>
</comp>

<comp id="16" class="1000" name="VideoFormat_val">
<pin_list>
<pin id="17" dir="1" index="0" bw="1" slack="0"/>
</pin_list>
<bind>
<StgValue><ssdm name="VideoFormat_val"/></StgValue>
</bind>
</comp>

<comp id="18" class="1001" name="const_18">
<pin_list>
<pin id="19" dir="1" index="0" bw="1" slack="0"/>
</pin_list>
<bind>
<StgValue><ssdm name=""/></StgValue>
</bind>
</comp>

<comp id="20" class="1001" name="const_20">
<pin_list>
<pin id="21" dir="1" index="0" bw="1" slack="2147483647"/>
</pin_list>
<bind>
<StgValue><ssdm name="_ssdm_op_SpecStableContent"/></StgValue>
</bind>
</comp>

<comp id="22" class="1001" name="const_22">
<pin_list>
<pin id="23" dir="1" index="0" bw="1" slack="0"/>
</pin_list>
<bind>
<StgValue><ssdm name=""/></StgValue>
</bind>
</comp>

<comp id="24" class="1001" name="const_24">
<pin_list>
<pin id="25" dir="1" index="0" bw="1" slack="2147483647"/>
</pin_list>
<bind>
<StgValue><ssdm name="p_str"/></StgValue>
</bind>
</comp>

<comp id="26" class="1001" name="const_26">
<pin_list>
<pin id="27" dir="1" index="0" bw="1" slack="0"/>
</pin_list>
<bind>
<StgValue><ssdm name="_ssdm_op_Read.ap_auto.i6"/></StgValue>
</bind>
</comp>

<comp id="28" class="1001" name="const_28">
<pin_list>
<pin id="29" dir="1" index="0" bw="1" slack="0"/>
</pin_list>
<bind>
<StgValue><ssdm name="_ssdm_op_Read.ap_auto.i16"/></StgValue>
</bind>
</comp>

<comp id="30" class="1001" name="const_30">
<pin_list>
<pin id="31" dir="1" index="0" bw="1" slack="0"/>
</pin_list>
<bind>
<StgValue><ssdm name="_ssdm_op_Read.ap_auto.i15"/></StgValue>
</bind>
</comp>

<comp id="32" class="1001" name="const_32">
<pin_list>
<pin id="33" dir="1" index="0" bw="1" slack="0"/>
</pin_list>
<bind>
<StgValue><ssdm name="_ssdm_op_Read.ap_auto.i12"/></StgValue>
</bind>
</comp>

<comp id="34" class="1001" name="const_34">
<pin_list>
<pin id="35" dir="1" index="0" bw="1" slack="0"/>
</pin_list>
<bind>
<StgValue><ssdm name="_ssdm_op_Read.ap_auto.i32"/></StgValue>
</bind>
</comp>

<comp id="36" class="1001" name="const_36">
<pin_list>
<pin id="37" dir="1" index="0" bw="1" slack="2147483647"/>
</pin_list>
<bind>
<StgValue><ssdm name=""/></StgValue>
</bind>
</comp>

<comp id="38" class="1001" name="const_38">
<pin_list>
<pin id="39" dir="1" index="0" bw="1" slack="2147483647"/>
</pin_list>
<bind>
<StgValue><ssdm name="_ssdm_op_SpecMemCore"/></StgValue>
</bind>
</comp>

<comp id="40" class="1001" name="const_40">
<pin_list>
<pin id="41" dir="1" index="0" bw="1" slack="2147483647"/>
</pin_list>
<bind>
<StgValue><ssdm name=""/></StgValue>
</bind>
</comp>

<comp id="42" class="1001" name="const_42">
<pin_list>
<pin id="43" dir="1" index="0" bw="1" slack="2147483647"/>
</pin_list>
<bind>
<StgValue><ssdm name=""/></StgValue>
</bind>
</comp>

<comp id="44" class="1001" name="const_44">
<pin_list>
<pin id="45" dir="1" index="0" bw="1" slack="2147483647"/>
</pin_list>
<bind>
<StgValue><ssdm name=""/></StgValue>
</bind>
</comp>

<comp id="46" class="1001" name="const_46">
<pin_list>
<pin id="47" dir="1" index="0" bw="1" slack="2147483647"/>
</pin_list>
<bind>
<StgValue><ssdm name="_ssdm_op_SpecInterface"/></StgValue>
</bind>
</comp>

<comp id="48" class="1001" name="const_48">
<pin_list>
<pin id="49" dir="1" index="0" bw="1" slack="2147483647"/>
</pin_list>
<bind>
<StgValue><ssdm name="empty_15"/></StgValue>
</bind>
</comp>

<comp id="50" class="1001" name="const_50">
<pin_list>
<pin id="51" dir="1" index="0" bw="1" slack="0"/>
</pin_list>
<bind>
<StgValue><ssdm name=""/></StgValue>
</bind>
</comp>

<comp id="52" class="1001" name="const_52">
<pin_list>
<pin id="53" dir="1" index="0" bw="1" slack="2147483647"/>
</pin_list>
<bind>
<StgValue><ssdm name="empty_4"/></StgValue>
</bind>
</comp>

<comp id="54" class="1001" name="const_54">
<pin_list>
<pin id="55" dir="1" index="0" bw="1" slack="0"/>
</pin_list>
<bind>
<StgValue><ssdm name=""/></StgValue>
</bind>
</comp>

<comp id="56" class="1001" name="const_56">
<pin_list>
<pin id="57" dir="1" index="0" bw="1" slack="2147483647"/>
</pin_list>
<bind>
<StgValue><ssdm name="empty_5"/></StgValue>
</bind>
</comp>

<comp id="58" class="1001" name="const_58">
<pin_list>
<pin id="59" dir="1" index="0" bw="1" slack="2147483647"/>
</pin_list>
<bind>
<StgValue><ssdm name=""/></StgValue>
</bind>
</comp>

<comp id="60" class="1001" name="const_60">
<pin_list>
<pin id="61" dir="1" index="0" bw="1" slack="2147483647"/>
</pin_list>
<bind>
<StgValue><ssdm name=""/></StgValue>
</bind>
</comp>

<comp id="62" class="1001" name="const_62">
<pin_list>
<pin id="63" dir="1" index="0" bw="1" slack="2147483647"/>
</pin_list>
<bind>
<StgValue><ssdm name="empty_3"/></StgValue>
</bind>
</comp>

<comp id="64" class="1001" name="const_64">
<pin_list>
<pin id="65" dir="1" index="0" bw="1" slack="2147483647"/>
</pin_list>
<bind>
<StgValue><ssdm name="empty_2"/></StgValue>
</bind>
</comp>

<comp id="66" class="1001" name="const_66">
<pin_list>
<pin id="67" dir="1" index="0" bw="1" slack="2147483647"/>
</pin_list>
<bind>
<StgValue><ssdm name=""/></StgValue>
</bind>
</comp>

<comp id="68" class="1001" name="const_68">
<pin_list>
<pin id="69" dir="1" index="0" bw="1" slack="2147483647"/>
</pin_list>
<bind>
<StgValue><ssdm name=""/></StgValue>
</bind>
</comp>

<comp id="70" class="1001" name="const_70">
<pin_list>
<pin id="71" dir="1" index="0" bw="1" slack="0"/>
</pin_list>
<bind>
<StgValue><ssdm name=""/></StgValue>
</bind>
</comp>

<comp id="72" class="1001" name="const_72">
<pin_list>
<pin id="73" dir="1" index="0" bw="1" slack="0"/>
</pin_list>
<bind>
<StgValue><ssdm name="_ssdm_op_PartSelect.i12.i15.i32.i32"/></StgValue>
</bind>
</comp>

<comp id="74" class="1001" name="const_74">
<pin_list>
<pin id="75" dir="1" index="0" bw="1" slack="0"/>
</pin_list>
<bind>
<StgValue><ssdm name=""/></StgValue>
</bind>
</comp>

<comp id="76" class="1001" name="const_76">
<pin_list>
<pin id="77" dir="1" index="0" bw="1" slack="0"/>
</pin_list>
<bind>
<StgValue><ssdm name=""/></StgValue>
</bind>
</comp>

<comp id="78" class="1001" name="const_78">
<pin_list>
<pin id="79" dir="1" index="0" bw="1" slack="0"/>
</pin_list>
<bind>
<StgValue><ssdm name="_ssdm_op_PartSelect.i13.i16.i32.i32"/></StgValue>
</bind>
</comp>

<comp id="80" class="1001" name="const_80">
<pin_list>
<pin id="81" dir="1" index="0" bw="1" slack="0"/>
</pin_list>
<bind>
<StgValue><ssdm name=""/></StgValue>
</bind>
</comp>

<comp id="82" class="1001" name="const_82">
<pin_list>
<pin id="83" dir="1" index="0" bw="1" slack="0"/>
</pin_list>
<bind>
<StgValue><ssdm name=""/></StgValue>
</bind>
</comp>

<comp id="84" class="1001" name="const_84">
<pin_list>
<pin id="85" dir="1" index="0" bw="1" slack="0"/>
</pin_list>
<bind>
<StgValue><ssdm name=""/></StgValue>
</bind>
</comp>

<comp id="86" class="1001" name="const_86">
<pin_list>
<pin id="87" dir="1" index="0" bw="1" slack="0"/>
</pin_list>
<bind>
<StgValue><ssdm name=""/></StgValue>
</bind>
</comp>

<comp id="88" class="1001" name="const_88">
<pin_list>
<pin id="89" dir="1" index="0" bw="1" slack="0"/>
</pin_list>
<bind>
<StgValue><ssdm name="_ssdm_op_PartSelect.i5.i6.i32.i32"/></StgValue>
</bind>
</comp>

<comp id="90" class="1001" name="const_90">
<pin_list>
<pin id="91" dir="1" index="0" bw="1" slack="0"/>
</pin_list>
<bind>
<StgValue><ssdm name=""/></StgValue>
</bind>
</comp>

<comp id="92" class="1001" name="const_92">
<pin_list>
<pin id="93" dir="1" index="0" bw="1" slack="0"/>
</pin_list>
<bind>
<StgValue><ssdm name="_ssdm_op_BitConcatenate.i6.i5.i1"/></StgValue>
</bind>
</comp>

<comp id="94" class="1001" name="const_94">
<pin_list>
<pin id="95" dir="1" index="0" bw="1" slack="0"/>
</pin_list>
<bind>
<StgValue><ssdm name="_ssdm_op_PartSelect.i3.i6.i32.i32"/></StgValue>
</bind>
</comp>

<comp id="96" class="1001" name="const_96">
<pin_list>
<pin id="97" dir="1" index="0" bw="1" slack="0"/>
</pin_list>
<bind>
<StgValue><ssdm name="_ssdm_op_BitSelect.i1.i6.i32"/></StgValue>
</bind>
</comp>

<comp id="98" class="1001" name="const_98">
<pin_list>
<pin id="99" dir="1" index="0" bw="1" slack="0"/>
</pin_list>
<bind>
<StgValue><ssdm name="_ssdm_op_BitConcatenate.i6.i3.i1.i1.i1"/></StgValue>
</bind>
</comp>

<comp id="100" class="1001" name="const_100">
<pin_list>
<pin id="101" dir="1" index="0" bw="1" slack="0"/>
</pin_list>
<bind>
<StgValue><ssdm name=""/></StgValue>
</bind>
</comp>

<comp id="102" class="1001" name="const_102">
<pin_list>
<pin id="103" dir="1" index="0" bw="1" slack="0"/>
</pin_list>
<bind>
<StgValue><ssdm name=""/></StgValue>
</bind>
</comp>

<comp id="104" class="1001" name="const_104">
<pin_list>
<pin id="105" dir="1" index="0" bw="1" slack="0"/>
</pin_list>
<bind>
<StgValue><ssdm name="_ssdm_op_PartSelect.i5.i7.i32.i32"/></StgValue>
</bind>
</comp>

<comp id="106" class="1001" name="const_106">
<pin_list>
<pin id="107" dir="1" index="0" bw="1" slack="0"/>
</pin_list>
<bind>
<StgValue><ssdm name=""/></StgValue>
</bind>
</comp>

<comp id="108" class="1001" name="const_108">
<pin_list>
<pin id="109" dir="1" index="0" bw="1" slack="0"/>
</pin_list>
<bind>
<StgValue><ssdm name=""/></StgValue>
</bind>
</comp>

<comp id="110" class="1001" name="const_110">
<pin_list>
<pin id="111" dir="1" index="0" bw="1" slack="0"/>
</pin_list>
<bind>
<StgValue><ssdm name=""/></StgValue>
</bind>
</comp>

<comp id="112" class="1001" name="const_112">
<pin_list>
<pin id="113" dir="1" index="0" bw="1" slack="0"/>
</pin_list>
<bind>
<StgValue><ssdm name=""/></StgValue>
</bind>
</comp>

<comp id="114" class="1001" name="const_114">
<pin_list>
<pin id="115" dir="1" index="0" bw="1" slack="0"/>
</pin_list>
<bind>
<StgValue><ssdm name=""/></StgValue>
</bind>
</comp>

<comp id="116" class="1001" name="const_116">
<pin_list>
<pin id="117" dir="1" index="0" bw="1" slack="2147483647"/>
</pin_list>
<bind>
<StgValue><ssdm name="_ssdm_op_SpecLoopTripCount"/></StgValue>
</bind>
</comp>

<comp id="118" class="1001" name="const_118">
<pin_list>
<pin id="119" dir="1" index="0" bw="1" slack="2147483647"/>
</pin_list>
<bind>
<StgValue><ssdm name=""/></StgValue>
</bind>
</comp>

<comp id="120" class="1001" name="const_120">
<pin_list>
<pin id="121" dir="1" index="0" bw="1" slack="2147483647"/>
</pin_list>
<bind>
<StgValue><ssdm name=""/></StgValue>
</bind>
</comp>

<comp id="122" class="1001" name="const_122">
<pin_list>
<pin id="123" dir="1" index="0" bw="1" slack="0"/>
</pin_list>
<bind>
<StgValue><ssdm name=""/></StgValue>
</bind>
</comp>

<comp id="124" class="1001" name="const_124">
<pin_list>
<pin id="125" dir="1" index="0" bw="1" slack="0"/>
</pin_list>
<bind>
<StgValue><ssdm name="_ssdm_op_BitConcatenate.i28.i25.i3"/></StgValue>
</bind>
</comp>

<comp id="126" class="1001" name="const_126">
<pin_list>
<pin id="127" dir="1" index="0" bw="1" slack="0"/>
</pin_list>
<bind>
<StgValue><ssdm name=""/></StgValue>
</bind>
</comp>

<comp id="128" class="1001" name="const_128">
<pin_list>
<pin id="129" dir="1" index="0" bw="1" slack="0"/>
</pin_list>
<bind>
<StgValue><ssdm name="_ssdm_op_PartSelect.i29.i32.i32.i32"/></StgValue>
</bind>
</comp>

<comp id="130" class="1001" name="const_130">
<pin_list>
<pin id="131" dir="1" index="0" bw="1" slack="0"/>
</pin_list>
<bind>
<StgValue><ssdm name=""/></StgValue>
</bind>
</comp>

<comp id="132" class="1001" name="const_132">
<pin_list>
<pin id="133" dir="1" index="0" bw="1" slack="0"/>
</pin_list>
<bind>
<StgValue><ssdm name="_ssdm_op_ReadReq.m_axi.p1i64"/></StgValue>
</bind>
</comp>

<comp id="134" class="1001" name="const_134">
<pin_list>
<pin id="135" dir="1" index="0" bw="1" slack="0"/>
</pin_list>
<bind>
<StgValue><ssdm name="AXIMMvideo2Bytes_Pipeline_VITIS_LOOP_548_1"/></StgValue>
</bind>
</comp>

<comp id="136" class="1001" name="const_136">
<pin_list>
<pin id="137" dir="1" index="0" bw="1" slack="2147483647"/>
</pin_list>
<bind>
<StgValue><ssdm name="_ssdm_op_SpecLoopName"/></StgValue>
</bind>
</comp>

<comp id="138" class="1001" name="const_138">
<pin_list>
<pin id="139" dir="1" index="0" bw="1" slack="2147483647"/>
</pin_list>
<bind>
<StgValue><ssdm name="empty_9"/></StgValue>
</bind>
</comp>

<comp id="140" class="1001" name="const_140">
<pin_list>
<pin id="141" dir="1" index="0" bw="1" slack="0"/>
</pin_list>
<bind>
<StgValue><ssdm name="_ssdm_op_Fence"/></StgValue>
</bind>
</comp>

<comp id="142" class="1001" name="const_142">
<pin_list>
<pin id="143" dir="1" index="0" bw="1" slack="0"/>
</pin_list>
<bind>
<StgValue><ssdm name=""/></StgValue>
</bind>
</comp>

<comp id="144" class="1001" name="const_144">
<pin_list>
<pin id="145" dir="1" index="0" bw="1" slack="0"/>
</pin_list>
<bind>
<StgValue><ssdm name=""/></StgValue>
</bind>
</comp>

<comp id="146" class="1001" name="const_146">
<pin_list>
<pin id="147" dir="1" index="0" bw="1" slack="0"/>
</pin_list>
<bind>
<StgValue><ssdm name=""/></StgValue>
</bind>
</comp>

<comp id="148" class="1001" name="const_148">
<pin_list>
<pin id="149" dir="1" index="0" bw="1" slack="0"/>
</pin_list>
<bind>
<StgValue><ssdm name="AXIMMvideo2Bytes_Pipeline_VITIS_LOOP_560_2"/></StgValue>
</bind>
</comp>

<comp id="150" class="1004" name="y_fu_150">
<pin_list>
<pin id="151" dir="0" index="0" bw="1" slack="0"/>
<pin id="152" dir="1" index="1" bw="12" slack="0"/>
</pin_list>
<bind>
<opcode="alloca(26) " fcode="alloca"/>
<opset="y/1 "/>
</bind>
</comp>

<comp id="154" class="1004" name="offsetY_fu_154">
<pin_list>
<pin id="155" dir="0" index="0" bw="1" slack="0"/>
<pin id="156" dir="1" index="1" bw="25" slack="0"/>
</pin_list>
<bind>
<opcode="alloca(26) " fcode="alloca"/>
<opset="offsetY/1 "/>
</bind>
</comp>

<comp id="158" class="1004" name="offsetUV_fu_158">
<pin_list>
<pin id="159" dir="0" index="0" bw="1" slack="0"/>
<pin id="160" dir="1" index="1" bw="32" slack="0"/>
</pin_list>
<bind>
<opcode="alloca(26) " fcode="alloca"/>
<opset="offsetUV/1 "/>
</bind>
</comp>

<comp id="162" class="1004" name="VideoFormat_val_read_read_fu_162">
<pin_list>
<pin id="163" dir="0" index="0" bw="6" slack="0"/>
<pin id="164" dir="0" index="1" bw="6" slack="0"/>
<pin id="165" dir="1" index="2" bw="6" slack="0"/>
</pin_list>
<bind>
<opcode="read(1150) " fcode="read"/>
<opset="VideoFormat_val_read/1 "/>
</bind>
</comp>

<comp id="168" class="1004" name="StrideInBytes_val_read_read_fu_168">
<pin_list>
<pin id="169" dir="0" index="0" bw="16" slack="0"/>
<pin id="170" dir="0" index="1" bw="16" slack="0"/>
<pin id="171" dir="1" index="2" bw="16" slack="0"/>
</pin_list>
<bind>
<opcode="read(1150) " fcode="read"/>
<opset="StrideInBytes_val_read/1 "/>
</bind>
</comp>

<comp id="174" class="1004" name="WidthInBytes_val_read_read_fu_174">
<pin_list>
<pin id="175" dir="0" index="0" bw="15" slack="0"/>
<pin id="176" dir="0" index="1" bw="15" slack="0"/>
<pin id="177" dir="1" index="2" bw="15" slack="0"/>
</pin_list>
<bind>
<opcode="read(1150) " fcode="read"/>
<opset="WidthInBytes_val_read/1 "/>
</bind>
</comp>

<comp id="180" class="1004" name="Height_val_read_read_fu_180">
<pin_list>
<pin id="181" dir="0" index="0" bw="12" slack="0"/>
<pin id="182" dir="0" index="1" bw="12" slack="0"/>
<pin id="183" dir="1" index="2" bw="12" slack="1"/>
</pin_list>
<bind>
<opcode="read(1150) " fcode="read"/>
<opset="Height_val_read/1 "/>
</bind>
</comp>

<comp id="186" class="1004" name="srcImg2_read_read_fu_186">
<pin_list>
<pin id="187" dir="0" index="0" bw="32" slack="0"/>
<pin id="188" dir="0" index="1" bw="32" slack="0"/>
<pin id="189" dir="1" index="2" bw="32" slack="111"/>
</pin_list>
<bind>
<opcode="read(1150) " fcode="read"/>
<opset="srcImg2_read/1 "/>
</bind>
</comp>

<comp id="192" class="1004" name="srcImg_read_read_fu_192">
<pin_list>
<pin id="193" dir="0" index="0" bw="32" slack="0"/>
<pin id="194" dir="0" index="1" bw="32" slack="0"/>
<pin id="195" dir="1" index="2" bw="32" slack="1"/>
</pin_list>
<bind>
<opcode="read(1150) " fcode="read"/>
<opset="srcImg_read/1 "/>
</bind>
</comp>

<comp id="198" class="1004" name="grp_readreq_fu_198">
<pin_list>
<pin id="199" dir="0" index="0" bw="1" slack="0"/>
<pin id="200" dir="0" index="1" bw="64" slack="0"/>
<pin id="201" dir="0" index="2" bw="12" slack="2"/>
<pin id="202" dir="1" index="3" bw="1" slack="2147483647"/>
</pin_list>
<bind>
<opcode="readreq(1154) " fcode="readreq"/>
<opset="empty_115/3 empty_126/113 "/>
</bind>
</comp>

<comp id="204" class="1004" name="grp_AXIMMvideo2Bytes_Pipeline_VITIS_LOOP_548_1_fu_204">
<pin_list>
<pin id="205" dir="0" index="0" bw="0" slack="0"/>
<pin id="206" dir="0" index="1" bw="12" slack="109"/>
<pin id="207" dir="0" index="2" bw="64" slack="0"/>
<pin id="208" dir="0" index="3" bw="29" slack="108"/>
<pin id="209" dir="0" index="4" bw="64" slack="0"/>
<pin id="210" dir="1" index="5" bw="0" slack="2147483647"/>
</pin_list>
<bind>
<opcode="call(48) " fcode="call"/>
<opset="call_ln548/110 "/>
</bind>
</comp>

<comp id="214" class="1004" name="grp_AXIMMvideo2Bytes_Pipeline_VITIS_LOOP_560_2_fu_214">
<pin_list>
<pin id="215" dir="0" index="0" bw="0" slack="0"/>
<pin id="216" dir="0" index="1" bw="12" slack="219"/>
<pin id="217" dir="0" index="2" bw="64" slack="0"/>
<pin id="218" dir="0" index="3" bw="29" slack="108"/>
<pin id="219" dir="0" index="4" bw="64" slack="0"/>
<pin id="220" dir="1" index="5" bw="0" slack="2147483647"/>
</pin_list>
<bind>
<opcode="call(48) " fcode="call"/>
<opset="call_ln560/220 "/>
</bind>
</comp>

<comp id="224" class="1004" name="VideoFormat_val_cast_fu_224">
<pin_list>
<pin id="225" dir="0" index="0" bw="6" slack="0"/>
<pin id="226" dir="1" index="1" bw="7" slack="0"/>
</pin_list>
<bind>
<opcode="zext(34) " fcode="zext"/>
<opset="VideoFormat_val_cast/1 "/>
</bind>
</comp>

<comp id="228" class="1004" name="sub_fu_228">
<pin_list>
<pin id="229" dir="0" index="0" bw="15" slack="0"/>
<pin id="230" dir="0" index="1" bw="4" slack="0"/>
<pin id="231" dir="1" index="2" bw="15" slack="0"/>
</pin_list>
<bind>
<opcode="add(8) " fcode="add"/>
<opset="sub/1 "/>
</bind>
</comp>

<comp id="234" class="1004" name="div_fu_234">
<pin_list>
<pin id="235" dir="0" index="0" bw="12" slack="0"/>
<pin id="236" dir="0" index="1" bw="15" slack="0"/>
<pin id="237" dir="0" index="2" bw="3" slack="0"/>
<pin id="238" dir="0" index="3" bw="5" slack="0"/>
<pin id="239" dir="1" index="4" bw="12" slack="0"/>
</pin_list>
<bind>
<opcode="partselect(1002) " fcode="partselect"/>
<opset="div/1 "/>
</bind>
</comp>

<comp id="244" class="1004" name="div_cast1_fu_244">
<pin_list>
<pin id="245" dir="0" index="0" bw="12" slack="0"/>
<pin id="246" dir="1" index="1" bw="32" slack="2"/>
</pin_list>
<bind>
<opcode="zext(34) " fcode="zext"/>
<opset="div_cast1/1 "/>
</bind>
</comp>

<comp id="248" class="1004" name="div8_fu_248">
<pin_list>
<pin id="249" dir="0" index="0" bw="13" slack="0"/>
<pin id="250" dir="0" index="1" bw="16" slack="0"/>
<pin id="251" dir="0" index="2" bw="3" slack="0"/>
<pin id="252" dir="0" index="3" bw="5" slack="0"/>
<pin id="253" dir="1" index="4" bw="13" slack="0"/>
</pin_list>
<bind>
<opcode="partselect(1002) " fcode="partselect"/>
<opset="div8/1 "/>
</bind>
</comp>

<comp id="258" class="1004" name="div8_cast2_fu_258">
<pin_list>
<pin id="259" dir="0" index="0" bw="13" slack="0"/>
<pin id="260" dir="1" index="1" bw="32" slack="111"/>
</pin_list>
<bind>
<opcode="zext(34) " fcode="zext"/>
<opset="div8_cast2/1 "/>
</bind>
</comp>

<comp id="262" class="1004" name="cmp61_fu_262">
<pin_list>
<pin id="263" dir="0" index="0" bw="6" slack="0"/>
<pin id="264" dir="0" index="1" bw="6" slack="0"/>
<pin id="265" dir="1" index="2" bw="1" slack="0"/>
</pin_list>
<bind>
<opcode="icmp(45) " fcode="icmp"/>
<opset="cmp61/1 "/>
</bind>
</comp>

<comp id="268" class="1004" name="cmp39_fu_268">
<pin_list>
<pin id="269" dir="0" index="0" bw="6" slack="0"/>
<pin id="270" dir="0" index="1" bw="6" slack="0"/>
<pin id="271" dir="1" index="2" bw="1" slack="0"/>
</pin_list>
<bind>
<opcode="icmp(45) " fcode="icmp"/>
<opset="cmp39/1 "/>
</bind>
</comp>

<comp id="274" class="1004" name="p_off_fu_274">
<pin_list>
<pin id="275" dir="0" index="0" bw="6" slack="0"/>
<pin id="276" dir="0" index="1" bw="7" slack="0"/>
<pin id="277" dir="1" index="2" bw="7" slack="0"/>
</pin_list>
<bind>
<opcode="add(8) " fcode="add"/>
<opset="p_off/1 "/>
</bind>
</comp>

<comp id="280" class="1004" name="tmp_s_fu_280">
<pin_list>
<pin id="281" dir="0" index="0" bw="5" slack="0"/>
<pin id="282" dir="0" index="1" bw="6" slack="0"/>
<pin id="283" dir="0" index="2" bw="1" slack="0"/>
<pin id="284" dir="0" index="3" bw="4" slack="0"/>
<pin id="285" dir="1" index="4" bw="5" slack="0"/>
</pin_list>
<bind>
<opcode="partselect(1002) " fcode="partselect"/>
<opset="tmp_s/1 "/>
</bind>
</comp>

<comp id="290" class="1004" name="tmp_22_fu_290">
<pin_list>
<pin id="291" dir="0" index="0" bw="6" slack="0"/>
<pin id="292" dir="0" index="1" bw="5" slack="0"/>
<pin id="293" dir="0" index="2" bw="1" slack="0"/>
<pin id="294" dir="1" index="3" bw="6" slack="0"/>
</pin_list>
<bind>
<opcode="bitconcatenate(1004) " fcode="bitconcatenate"/>
<opset="tmp_22/1 "/>
</bind>
</comp>

<comp id="298" class="1004" name="tmp_23_fu_298">
<pin_list>
<pin id="299" dir="0" index="0" bw="3" slack="0"/>
<pin id="300" dir="0" index="1" bw="6" slack="0"/>
<pin id="301" dir="0" index="2" bw="3" slack="0"/>
<pin id="302" dir="0" index="3" bw="4" slack="0"/>
<pin id="303" dir="1" index="4" bw="3" slack="0"/>
</pin_list>
<bind>
<opcode="partselect(1002) " fcode="partselect"/>
<opset="tmp_23/1 "/>
</bind>
</comp>

<comp id="308" class="1004" name="tmp_12_fu_308">
<pin_list>
<pin id="309" dir="0" index="0" bw="1" slack="0"/>
<pin id="310" dir="0" index="1" bw="6" slack="0"/>
<pin id="311" dir="0" index="2" bw="1" slack="0"/>
<pin id="312" dir="1" index="3" bw="1" slack="0"/>
</pin_list>
<bind>
<opcode="bitselect(1000) " fcode="bitselect"/>
<opset="tmp_12/1 "/>
</bind>
</comp>

<comp id="316" class="1004" name="tmp_24_fu_316">
<pin_list>
<pin id="317" dir="0" index="0" bw="6" slack="0"/>
<pin id="318" dir="0" index="1" bw="3" slack="0"/>
<pin id="319" dir="0" index="2" bw="1" slack="0"/>
<pin id="320" dir="0" index="3" bw="1" slack="0"/>
<pin id="321" dir="0" index="4" bw="1" slack="0"/>
<pin id="322" dir="1" index="5" bw="6" slack="0"/>
</pin_list>
<bind>
<opcode="bitconcatenate(1004) " fcode="bitconcatenate"/>
<opset="tmp_24/1 "/>
</bind>
</comp>

<comp id="328" class="1004" name="empty_fu_328">
<pin_list>
<pin id="329" dir="0" index="0" bw="6" slack="0"/>
<pin id="330" dir="0" index="1" bw="6" slack="0"/>
<pin id="331" dir="1" index="2" bw="1" slack="0"/>
</pin_list>
<bind>
<opcode="icmp(45) " fcode="icmp"/>
<opset="empty/1 "/>
</bind>
</comp>

<comp id="334" class="1004" name="empty_114_fu_334">
<pin_list>
<pin id="335" dir="0" index="0" bw="6" slack="0"/>
<pin id="336" dir="0" index="1" bw="6" slack="0"/>
<pin id="337" dir="1" index="2" bw="1" slack="0"/>
</pin_list>
<bind>
<opcode="icmp(45) " fcode="icmp"/>
<opset="empty_114/1 "/>
</bind>
</comp>

<comp id="340" class="1004" name="tmp_fu_340">
<pin_list>
<pin id="341" dir="0" index="0" bw="1" slack="0"/>
<pin id="342" dir="0" index="1" bw="1" slack="0"/>
<pin id="343" dir="1" index="2" bw="1" slack="0"/>
</pin_list>
<bind>
<opcode="or(24) " fcode="or"/>
<opset="tmp/1 "/>
</bind>
</comp>

<comp id="346" class="1004" name="tmp1_fu_346">
<pin_list>
<pin id="347" dir="0" index="0" bw="1" slack="0"/>
<pin id="348" dir="0" index="1" bw="1" slack="0"/>
<pin id="349" dir="1" index="2" bw="1" slack="0"/>
</pin_list>
<bind>
<opcode="or(24) " fcode="or"/>
<opset="tmp1/1 "/>
</bind>
</comp>

<comp id="352" class="1004" name="spec_select22_fu_352">
<pin_list>
<pin id="353" dir="0" index="0" bw="1" slack="0"/>
<pin id="354" dir="0" index="1" bw="1" slack="0"/>
<pin id="355" dir="1" index="2" bw="1" slack="0"/>
</pin_list>
<bind>
<opcode="or(24) " fcode="or"/>
<opset="spec_select22/1 "/>
</bind>
</comp>

<comp id="358" class="1004" name="div8_cast_fu_358">
<pin_list>
<pin id="359" dir="0" index="0" bw="13" slack="0"/>
<pin id="360" dir="1" index="1" bw="25" slack="1"/>
</pin_list>
<bind>
<opcode="zext(34) " fcode="zext"/>
<opset="div8_cast/1 "/>
</bind>
</comp>

<comp id="362" class="1004" name="tmp_13_fu_362">
<pin_list>
<pin id="363" dir="0" index="0" bw="5" slack="0"/>
<pin id="364" dir="0" index="1" bw="7" slack="0"/>
<pin id="365" dir="0" index="2" bw="3" slack="0"/>
<pin id="366" dir="0" index="3" bw="4" slack="0"/>
<pin id="367" dir="1" index="4" bw="5" slack="0"/>
</pin_list>
<bind>
<opcode="partselect(1002) " fcode="partselect"/>
<opset="tmp_13/1 "/>
</bind>
</comp>

<comp id="372" class="1004" name="icmp6_fu_372">
<pin_list>
<pin id="373" dir="0" index="0" bw="5" slack="0"/>
<pin id="374" dir="0" index="1" bw="5" slack="0"/>
<pin id="375" dir="1" index="2" bw="1" slack="0"/>
</pin_list>
<bind>
<opcode="icmp(45) " fcode="icmp"/>
<opset="icmp6/1 "/>
</bind>
</comp>

<comp id="378" class="1004" name="cmp43_fu_378">
<pin_list>
<pin id="379" dir="0" index="0" bw="1" slack="0"/>
<pin id="380" dir="0" index="1" bw="1" slack="0"/>
<pin id="381" dir="1" index="2" bw="1" slack="111"/>
</pin_list>
<bind>
<opcode="and(23) " fcode="and"/>
<opset="cmp43/1 "/>
</bind>
</comp>

<comp id="384" class="1004" name="store_ln540_store_fu_384">
<pin_list>
<pin id="385" dir="0" index="0" bw="1" slack="0"/>
<pin id="386" dir="0" index="1" bw="32" slack="0"/>
<pin id="387" dir="1" index="2" bw="0" slack="2147483647"/>
</pin_list>
<bind>
<opcode="store(28) " fcode="store"/>
<opset="store_ln540/1 "/>
</bind>
</comp>

<comp id="389" class="1004" name="store_ln539_store_fu_389">
<pin_list>
<pin id="390" dir="0" index="0" bw="1" slack="0"/>
<pin id="391" dir="0" index="1" bw="25" slack="0"/>
<pin id="392" dir="1" index="2" bw="0" slack="2147483647"/>
</pin_list>
<bind>
<opcode="store(28) " fcode="store"/>
<opset="store_ln539/1 "/>
</bind>
</comp>

<comp id="394" class="1004" name="store_ln543_store_fu_394">
<pin_list>
<pin id="395" dir="0" index="0" bw="1" slack="0"/>
<pin id="396" dir="0" index="1" bw="12" slack="0"/>
<pin id="397" dir="1" index="2" bw="0" slack="2147483647"/>
</pin_list>
<bind>
<opcode="store(28) " fcode="store"/>
<opset="store_ln543/1 "/>
</bind>
</comp>

<comp id="399" class="1004" name="y_9_load_fu_399">
<pin_list>
<pin id="400" dir="0" index="0" bw="12" slack="1"/>
<pin id="401" dir="1" index="1" bw="12" slack="0"/>
</pin_list>
<bind>
<opcode="load(27) " fcode="load"/>
<opset="y_9/2 "/>
</bind>
</comp>

<comp id="402" class="1004" name="icmp_ln543_fu_402">
<pin_list>
<pin id="403" dir="0" index="0" bw="12" slack="0"/>
<pin id="404" dir="0" index="1" bw="12" slack="1"/>
<pin id="405" dir="1" index="2" bw="1" slack="2147483647"/>
</pin_list>
<bind>
<opcode="icmp(45) " fcode="icmp"/>
<opset="icmp_ln543/2 "/>
</bind>
</comp>

<comp id="407" class="1004" name="y_10_fu_407">
<pin_list>
<pin id="408" dir="0" index="0" bw="12" slack="0"/>
<pin id="409" dir="0" index="1" bw="1" slack="0"/>
<pin id="410" dir="1" index="2" bw="12" slack="219"/>
</pin_list>
<bind>
<opcode="add(8) " fcode="add"/>
<opset="y_10/2 "/>
</bind>
</comp>

<comp id="413" class="1004" name="offsetY_load_load_fu_413">
<pin_list>
<pin id="414" dir="0" index="0" bw="25" slack="1"/>
<pin id="415" dir="1" index="1" bw="25" slack="0"/>
</pin_list>
<bind>
<opcode="load(27) " fcode="load"/>
<opset="offsetY_load/2 "/>
</bind>
</comp>

<comp id="416" class="1004" name="trunc_ln543_fu_416">
<pin_list>
<pin id="417" dir="0" index="0" bw="12" slack="0"/>
<pin id="418" dir="1" index="1" bw="1" slack="110"/>
</pin_list>
<bind>
<opcode="trunc(33) " fcode="trunc"/>
<opset="trunc_ln543/2 "/>
</bind>
</comp>

<comp id="420" class="1004" name="shl_ln_fu_420">
<pin_list>
<pin id="421" dir="0" index="0" bw="28" slack="0"/>
<pin id="422" dir="0" index="1" bw="25" slack="0"/>
<pin id="423" dir="0" index="2" bw="1" slack="0"/>
<pin id="424" dir="1" index="3" bw="28" slack="0"/>
</pin_list>
<bind>
<opcode="bitconcatenate(1004) " fcode="bitconcatenate"/>
<opset="shl_ln/2 "/>
</bind>
</comp>

<comp id="428" class="1004" name="zext_ln548_fu_428">
<pin_list>
<pin id="429" dir="0" index="0" bw="28" slack="0"/>
<pin id="430" dir="1" index="1" bw="32" slack="0"/>
</pin_list>
<bind>
<opcode="zext(34) " fcode="zext"/>
<opset="zext_ln548/2 "/>
</bind>
</comp>

<comp id="432" class="1004" name="add_ln548_fu_432">
<pin_list>
<pin id="433" dir="0" index="0" bw="28" slack="0"/>
<pin id="434" dir="0" index="1" bw="32" slack="1"/>
<pin id="435" dir="1" index="2" bw="32" slack="0"/>
</pin_list>
<bind>
<opcode="add(8) " fcode="add"/>
<opset="add_ln548/2 "/>
</bind>
</comp>

<comp id="437" class="1004" name="trunc_ln1_fu_437">
<pin_list>
<pin id="438" dir="0" index="0" bw="29" slack="0"/>
<pin id="439" dir="0" index="1" bw="32" slack="0"/>
<pin id="440" dir="0" index="2" bw="3" slack="0"/>
<pin id="441" dir="0" index="3" bw="6" slack="0"/>
<pin id="442" dir="1" index="4" bw="29" slack="1"/>
</pin_list>
<bind>
<opcode="partselect(1002) " fcode="partselect"/>
<opset="trunc_ln1/2 "/>
</bind>
</comp>

<comp id="447" class="1004" name="add_ln556_fu_447">
<pin_list>
<pin id="448" dir="0" index="0" bw="13" slack="1"/>
<pin id="449" dir="0" index="1" bw="25" slack="0"/>
<pin id="450" dir="1" index="2" bw="25" slack="219"/>
</pin_list>
<bind>
<opcode="add(8) " fcode="add"/>
<opset="add_ln556/2 "/>
</bind>
</comp>

<comp id="452" class="1004" name="sext_ln548_fu_452">
<pin_list>
<pin id="453" dir="0" index="0" bw="29" slack="1"/>
<pin id="454" dir="1" index="1" bw="32" slack="0"/>
</pin_list>
<bind>
<opcode="sext(35) " fcode="sext"/>
<opset="sext_ln548/3 "/>
</bind>
</comp>

<comp id="455" class="1004" name="mm_video_addr_fu_455">
<pin_list>
<pin id="456" dir="0" index="0" bw="32" slack="0"/>
<pin id="457" dir="0" index="1" bw="32" slack="0"/>
<pin id="458" dir="1" index="2" bw="32" slack="0"/>
</pin_list>
<bind>
<opcode="getelementptr(29) " fcode="getelementptr"/>
<opset="mm_video_addr/3 "/>
</bind>
</comp>

<comp id="462" class="1004" name="fence_ln556_fu_462">
<pin_list>
<pin id="463" dir="0" index="0" bw="0" slack="0"/>
<pin id="464" dir="0" index="1" bw="64" slack="0"/>
<pin id="465" dir="0" index="2" bw="1" slack="0"/>
<pin id="466" dir="0" index="3" bw="64" slack="0"/>
<pin id="467" dir="0" index="4" bw="1" slack="0"/>
<pin id="468" dir="1" index="5" bw="0" slack="2147483647"/>
</pin_list>
<bind>
<opcode="fence(30) " fcode="fence"/>
<opset="fence_ln556/112 "/>
</bind>
</comp>

<comp id="474" class="1004" name="empty_116_fu_474">
<pin_list>
<pin id="475" dir="0" index="0" bw="6" slack="111"/>
<pin id="476" dir="0" index="1" bw="6" slack="0"/>
<pin id="477" dir="1" index="2" bw="1" slack="0"/>
</pin_list>
<bind>
<opcode="icmp(45) " fcode="icmp"/>
<opset="empty_116/112 "/>
</bind>
</comp>

<comp id="479" class="1004" name="empty_117_fu_479">
<pin_list>
<pin id="480" dir="0" index="0" bw="1" slack="111"/>
<pin id="481" dir="0" index="1" bw="1" slack="0"/>
<pin id="482" dir="1" index="2" bw="1" slack="0"/>
</pin_list>
<bind>
<opcode="or(24) " fcode="or"/>
<opset="empty_117/112 "/>
</bind>
</comp>

<comp id="484" class="1004" name="empty_118_fu_484">
<pin_list>
<pin id="485" dir="0" index="0" bw="6" slack="111"/>
<pin id="486" dir="0" index="1" bw="6" slack="0"/>
<pin id="487" dir="1" index="2" bw="1" slack="0"/>
</pin_list>
<bind>
<opcode="icmp(45) " fcode="icmp"/>
<opset="empty_118/112 "/>
</bind>
</comp>

<comp id="489" class="1004" name="empty_119_fu_489">
<pin_list>
<pin id="490" dir="0" index="0" bw="1" slack="0"/>
<pin id="491" dir="0" index="1" bw="1" slack="0"/>
<pin id="492" dir="1" index="2" bw="1" slack="0"/>
</pin_list>
<bind>
<opcode="or(24) " fcode="or"/>
<opset="empty_119/112 "/>
</bind>
</comp>

<comp id="495" class="1004" name="empty_120_fu_495">
<pin_list>
<pin id="496" dir="0" index="0" bw="6" slack="111"/>
<pin id="497" dir="0" index="1" bw="6" slack="0"/>
<pin id="498" dir="1" index="2" bw="1" slack="0"/>
</pin_list>
<bind>
<opcode="icmp(45) " fcode="icmp"/>
<opset="empty_120/112 "/>
</bind>
</comp>

<comp id="500" class="1004" name="empty_121_fu_500">
<pin_list>
<pin id="501" dir="0" index="0" bw="1" slack="0"/>
<pin id="502" dir="0" index="1" bw="1" slack="0"/>
<pin id="503" dir="1" index="2" bw="1" slack="0"/>
</pin_list>
<bind>
<opcode="or(24) " fcode="or"/>
<opset="empty_121/112 "/>
</bind>
</comp>

<comp id="506" class="1004" name="empty_122_fu_506">
<pin_list>
<pin id="507" dir="0" index="0" bw="6" slack="111"/>
<pin id="508" dir="0" index="1" bw="6" slack="0"/>
<pin id="509" dir="1" index="2" bw="1" slack="0"/>
</pin_list>
<bind>
<opcode="icmp(45) " fcode="icmp"/>
<opset="empty_122/112 "/>
</bind>
</comp>

<comp id="511" class="1004" name="empty_123_fu_511">
<pin_list>
<pin id="512" dir="0" index="0" bw="1" slack="0"/>
<pin id="513" dir="0" index="1" bw="1" slack="0"/>
<pin id="514" dir="1" index="2" bw="1" slack="0"/>
</pin_list>
<bind>
<opcode="or(24) " fcode="or"/>
<opset="empty_123/112 "/>
</bind>
</comp>

<comp id="517" class="1004" name="empty_124_fu_517">
<pin_list>
<pin id="518" dir="0" index="0" bw="6" slack="111"/>
<pin id="519" dir="0" index="1" bw="6" slack="0"/>
<pin id="520" dir="1" index="2" bw="1" slack="0"/>
</pin_list>
<bind>
<opcode="icmp(45) " fcode="icmp"/>
<opset="empty_124/112 "/>
</bind>
</comp>

<comp id="522" class="1004" name="empty_125_fu_522">
<pin_list>
<pin id="523" dir="0" index="0" bw="1" slack="0"/>
<pin id="524" dir="0" index="1" bw="1" slack="0"/>
<pin id="525" dir="1" index="2" bw="1" slack="109"/>
</pin_list>
<bind>
<opcode="or(24) " fcode="or"/>
<opset="empty_125/112 "/>
</bind>
</comp>

<comp id="528" class="1004" name="offsetUV_load_load_fu_528">
<pin_list>
<pin id="529" dir="0" index="0" bw="32" slack="111"/>
<pin id="530" dir="1" index="1" bw="32" slack="0"/>
</pin_list>
<bind>
<opcode="load(27) " fcode="load"/>
<opset="offsetUV_load/112 "/>
</bind>
</comp>

<comp id="531" class="1004" name="shl_ln560_fu_531">
<pin_list>
<pin id="532" dir="0" index="0" bw="32" slack="0"/>
<pin id="533" dir="0" index="1" bw="3" slack="0"/>
<pin id="534" dir="1" index="2" bw="32" slack="0"/>
</pin_list>
<bind>
<opcode="shl(20) " fcode="shl"/>
<opset="shl_ln560/112 "/>
</bind>
</comp>

<comp id="537" class="1004" name="add_ln560_fu_537">
<pin_list>
<pin id="538" dir="0" index="0" bw="32" slack="0"/>
<pin id="539" dir="0" index="1" bw="32" slack="111"/>
<pin id="540" dir="1" index="2" bw="32" slack="0"/>
</pin_list>
<bind>
<opcode="add(8) " fcode="add"/>
<opset="add_ln560/112 "/>
</bind>
</comp>

<comp id="542" class="1004" name="trunc_ln2_fu_542">
<pin_list>
<pin id="543" dir="0" index="0" bw="29" slack="0"/>
<pin id="544" dir="0" index="1" bw="32" slack="0"/>
<pin id="545" dir="0" index="2" bw="3" slack="0"/>
<pin id="546" dir="0" index="3" bw="6" slack="0"/>
<pin id="547" dir="1" index="4" bw="29" slack="1"/>
</pin_list>
<bind>
<opcode="partselect(1002) " fcode="partselect"/>
<opset="trunc_ln2/112 "/>
</bind>
</comp>

<comp id="552" class="1004" name="fence_ln560_fu_552">
<pin_list>
<pin id="553" dir="0" index="0" bw="0" slack="0"/>
<pin id="554" dir="0" index="1" bw="64" slack="0"/>
<pin id="555" dir="0" index="2" bw="1" slack="0"/>
<pin id="556" dir="0" index="3" bw="64" slack="0"/>
<pin id="557" dir="0" index="4" bw="1" slack="0"/>
<pin id="558" dir="1" index="5" bw="0" slack="2147483647"/>
</pin_list>
<bind>
<opcode="fence(30) " fcode="fence"/>
<opset="fence_ln560/112 "/>
</bind>
</comp>

<comp id="564" class="1004" name="offsetUV_1_fu_564">
<pin_list>
<pin id="565" dir="0" index="0" bw="32" slack="0"/>
<pin id="566" dir="0" index="1" bw="13" slack="111"/>
<pin id="567" dir="1" index="2" bw="32" slack="0"/>
</pin_list>
<bind>
<opcode="add(8) " fcode="add"/>
<opset="offsetUV_1/112 "/>
</bind>
</comp>

<comp id="569" class="1004" name="store_ln540_store_fu_569">
<pin_list>
<pin id="570" dir="0" index="0" bw="32" slack="0"/>
<pin id="571" dir="0" index="1" bw="32" slack="111"/>
<pin id="572" dir="1" index="2" bw="0" slack="2147483647"/>
</pin_list>
<bind>
<opcode="store(28) " fcode="store"/>
<opset="store_ln540/112 "/>
</bind>
</comp>

<comp id="574" class="1004" name="sext_ln560_fu_574">
<pin_list>
<pin id="575" dir="0" index="0" bw="29" slack="1"/>
<pin id="576" dir="1" index="1" bw="32" slack="0"/>
</pin_list>
<bind>
<opcode="sext(35) " fcode="sext"/>
<opset="sext_ln560/113 "/>
</bind>
</comp>

<comp id="577" class="1004" name="mm_video_addr_1_fu_577">
<pin_list>
<pin id="578" dir="0" index="0" bw="32" slack="0"/>
<pin id="579" dir="0" index="1" bw="32" slack="0"/>
<pin id="580" dir="1" index="2" bw="32" slack="0"/>
</pin_list>
<bind>
<opcode="getelementptr(29) " fcode="getelementptr"/>
<opset="mm_video_addr_1/113 "/>
</bind>
</comp>

<comp id="584" class="1004" name="store_ln539_store_fu_584">
<pin_list>
<pin id="585" dir="0" index="0" bw="25" slack="219"/>
<pin id="586" dir="0" index="1" bw="25" slack="220"/>
<pin id="587" dir="1" index="2" bw="0" slack="2147483647"/>
</pin_list>
<bind>
<opcode="store(28) " fcode="store"/>
<opset="store_ln539/221 "/>
</bind>
</comp>

<comp id="588" class="1004" name="store_ln543_store_fu_588">
<pin_list>
<pin id="589" dir="0" index="0" bw="12" slack="219"/>
<pin id="590" dir="0" index="1" bw="12" slack="220"/>
<pin id="591" dir="1" index="2" bw="0" slack="2147483647"/>
</pin_list>
<bind>
<opcode="store(28) " fcode="store"/>
<opset="store_ln543/221 "/>
</bind>
</comp>

<comp id="592" class="1005" name="y_reg_592">
<pin_list>
<pin id="593" dir="0" index="0" bw="12" slack="0"/>
<pin id="594" dir="1" index="1" bw="12" slack="0"/>
</pin_list>
<bind>
<opset="y "/>
</bind>
</comp>

<comp id="599" class="1005" name="offsetY_reg_599">
<pin_list>
<pin id="600" dir="0" index="0" bw="25" slack="0"/>
<pin id="601" dir="1" index="1" bw="25" slack="0"/>
</pin_list>
<bind>
<opset="offsetY "/>
</bind>
</comp>

<comp id="606" class="1005" name="offsetUV_reg_606">
<pin_list>
<pin id="607" dir="0" index="0" bw="32" slack="0"/>
<pin id="608" dir="1" index="1" bw="32" slack="0"/>
</pin_list>
<bind>
<opset="offsetUV "/>
</bind>
</comp>

<comp id="613" class="1005" name="VideoFormat_val_read_reg_613">
<pin_list>
<pin id="614" dir="0" index="0" bw="6" slack="111"/>
<pin id="615" dir="1" index="1" bw="6" slack="111"/>
</pin_list>
<bind>
<opset="VideoFormat_val_read "/>
</bind>
</comp>

<comp id="622" class="1005" name="Height_val_read_reg_622">
<pin_list>
<pin id="623" dir="0" index="0" bw="12" slack="1"/>
<pin id="624" dir="1" index="1" bw="12" slack="1"/>
</pin_list>
<bind>
<opset="Height_val_read "/>
</bind>
</comp>

<comp id="627" class="1005" name="srcImg2_read_reg_627">
<pin_list>
<pin id="628" dir="0" index="0" bw="32" slack="111"/>
<pin id="629" dir="1" index="1" bw="32" slack="111"/>
</pin_list>
<bind>
<opset="srcImg2_read "/>
</bind>
</comp>

<comp id="632" class="1005" name="srcImg_read_reg_632">
<pin_list>
<pin id="633" dir="0" index="0" bw="32" slack="1"/>
<pin id="634" dir="1" index="1" bw="32" slack="1"/>
</pin_list>
<bind>
<opset="srcImg_read "/>
</bind>
</comp>

<comp id="637" class="1005" name="div_reg_637">
<pin_list>
<pin id="638" dir="0" index="0" bw="12" slack="109"/>
<pin id="639" dir="1" index="1" bw="12" slack="109"/>
</pin_list>
<bind>
<opset="div "/>
</bind>
</comp>

<comp id="643" class="1005" name="div_cast1_reg_643">
<pin_list>
<pin id="644" dir="0" index="0" bw="32" slack="2"/>
<pin id="645" dir="1" index="1" bw="32" slack="2"/>
</pin_list>
<bind>
<opset="div_cast1 "/>
</bind>
</comp>

<comp id="648" class="1005" name="div8_cast2_reg_648">
<pin_list>
<pin id="649" dir="0" index="0" bw="32" slack="111"/>
<pin id="650" dir="1" index="1" bw="32" slack="111"/>
</pin_list>
<bind>
<opset="div8_cast2 "/>
</bind>
</comp>

<comp id="653" class="1005" name="cmp61_reg_653">
<pin_list>
<pin id="654" dir="0" index="0" bw="1" slack="111"/>
<pin id="655" dir="1" index="1" bw="1" slack="111"/>
</pin_list>
<bind>
<opset="cmp61 "/>
</bind>
</comp>

<comp id="658" class="1005" name="div8_cast_reg_658">
<pin_list>
<pin id="659" dir="0" index="0" bw="25" slack="1"/>
<pin id="660" dir="1" index="1" bw="25" slack="1"/>
</pin_list>
<bind>
<opset="div8_cast "/>
</bind>
</comp>

<comp id="663" class="1005" name="cmp43_reg_663">
<pin_list>
<pin id="664" dir="0" index="0" bw="1" slack="111"/>
<pin id="665" dir="1" index="1" bw="1" slack="2147483647"/>
</pin_list>
<bind>
<opset="cmp43 "/>
</bind>
</comp>

<comp id="670" class="1005" name="y_10_reg_670">
<pin_list>
<pin id="671" dir="0" index="0" bw="12" slack="219"/>
<pin id="672" dir="1" index="1" bw="12" slack="219"/>
</pin_list>
<bind>
<opset="y_10 "/>
</bind>
</comp>

<comp id="675" class="1005" name="trunc_ln543_reg_675">
<pin_list>
<pin id="676" dir="0" index="0" bw="1" slack="110"/>
<pin id="677" dir="1" index="1" bw="1" slack="2147483647"/>
</pin_list>
<bind>
<opset="trunc_ln543 "/>
</bind>
</comp>

<comp id="679" class="1005" name="trunc_ln1_reg_679">
<pin_list>
<pin id="680" dir="0" index="0" bw="29" slack="1"/>
<pin id="681" dir="1" index="1" bw="29" slack="1"/>
</pin_list>
<bind>
<opset="trunc_ln1 "/>
</bind>
</comp>

<comp id="685" class="1005" name="add_ln556_reg_685">
<pin_list>
<pin id="686" dir="0" index="0" bw="25" slack="219"/>
<pin id="687" dir="1" index="1" bw="25" slack="219"/>
</pin_list>
<bind>
<opset="add_ln556 "/>
</bind>
</comp>

<comp id="690" class="1005" name="mm_video_addr_reg_690">
<pin_list>
<pin id="691" dir="0" index="0" bw="64" slack="1"/>
<pin id="692" dir="1" index="1" bw="64" slack="1"/>
</pin_list>
<bind>
<opset="mm_video_addr "/>
</bind>
</comp>

<comp id="695" class="1005" name="empty_125_reg_695">
<pin_list>
<pin id="696" dir="0" index="0" bw="1" slack="109"/>
<pin id="697" dir="1" index="1" bw="1" slack="2147483647"/>
</pin_list>
<bind>
<opset="empty_125 "/>
</bind>
</comp>

<comp id="699" class="1005" name="trunc_ln2_reg_699">
<pin_list>
<pin id="700" dir="0" index="0" bw="29" slack="1"/>
<pin id="701" dir="1" index="1" bw="29" slack="1"/>
</pin_list>
<bind>
<opset="trunc_ln2 "/>
</bind>
</comp>

<comp id="705" class="1005" name="mm_video_addr_1_reg_705">
<pin_list>
<pin id="706" dir="0" index="0" bw="64" slack="1"/>
<pin id="707" dir="1" index="1" bw="64" slack="1"/>
</pin_list>
<bind>
<opset="mm_video_addr_1 "/>
</bind>
</comp>

</comp_list>

<net_list>
<net id="153"><net_src comp="18" pin="0"/><net_sink comp="150" pin=0"/></net>

<net id="157"><net_src comp="18" pin="0"/><net_sink comp="154" pin=0"/></net>

<net id="161"><net_src comp="18" pin="0"/><net_sink comp="158" pin=0"/></net>

<net id="166"><net_src comp="26" pin="0"/><net_sink comp="162" pin=0"/></net>

<net id="167"><net_src comp="16" pin="0"/><net_sink comp="162" pin=1"/></net>

<net id="172"><net_src comp="28" pin="0"/><net_sink comp="168" pin=0"/></net>

<net id="173"><net_src comp="14" pin="0"/><net_sink comp="168" pin=1"/></net>

<net id="178"><net_src comp="30" pin="0"/><net_sink comp="174" pin=0"/></net>

<net id="179"><net_src comp="12" pin="0"/><net_sink comp="174" pin=1"/></net>

<net id="184"><net_src comp="32" pin="0"/><net_sink comp="180" pin=0"/></net>

<net id="185"><net_src comp="10" pin="0"/><net_sink comp="180" pin=1"/></net>

<net id="190"><net_src comp="34" pin="0"/><net_sink comp="186" pin=0"/></net>

<net id="191"><net_src comp="4" pin="0"/><net_sink comp="186" pin=1"/></net>

<net id="196"><net_src comp="34" pin="0"/><net_sink comp="192" pin=0"/></net>

<net id="197"><net_src comp="2" pin="0"/><net_sink comp="192" pin=1"/></net>

<net id="203"><net_src comp="132" pin="0"/><net_sink comp="198" pin=0"/></net>

<net id="211"><net_src comp="134" pin="0"/><net_sink comp="204" pin=0"/></net>

<net id="212"><net_src comp="0" pin="0"/><net_sink comp="204" pin=2"/></net>

<net id="213"><net_src comp="6" pin="0"/><net_sink comp="204" pin=4"/></net>

<net id="221"><net_src comp="148" pin="0"/><net_sink comp="214" pin=0"/></net>

<net id="222"><net_src comp="0" pin="0"/><net_sink comp="214" pin=2"/></net>

<net id="223"><net_src comp="8" pin="0"/><net_sink comp="214" pin=4"/></net>

<net id="227"><net_src comp="162" pin="2"/><net_sink comp="224" pin=0"/></net>

<net id="232"><net_src comp="174" pin="2"/><net_sink comp="228" pin=0"/></net>

<net id="233"><net_src comp="70" pin="0"/><net_sink comp="228" pin=1"/></net>

<net id="240"><net_src comp="72" pin="0"/><net_sink comp="234" pin=0"/></net>

<net id="241"><net_src comp="228" pin="2"/><net_sink comp="234" pin=1"/></net>

<net id="242"><net_src comp="74" pin="0"/><net_sink comp="234" pin=2"/></net>

<net id="243"><net_src comp="76" pin="0"/><net_sink comp="234" pin=3"/></net>

<net id="247"><net_src comp="234" pin="4"/><net_sink comp="244" pin=0"/></net>

<net id="254"><net_src comp="78" pin="0"/><net_sink comp="248" pin=0"/></net>

<net id="255"><net_src comp="168" pin="2"/><net_sink comp="248" pin=1"/></net>

<net id="256"><net_src comp="74" pin="0"/><net_sink comp="248" pin=2"/></net>

<net id="257"><net_src comp="80" pin="0"/><net_sink comp="248" pin=3"/></net>

<net id="261"><net_src comp="248" pin="4"/><net_sink comp="258" pin=0"/></net>

<net id="266"><net_src comp="162" pin="2"/><net_sink comp="262" pin=0"/></net>

<net id="267"><net_src comp="82" pin="0"/><net_sink comp="262" pin=1"/></net>

<net id="272"><net_src comp="162" pin="2"/><net_sink comp="268" pin=0"/></net>

<net id="273"><net_src comp="84" pin="0"/><net_sink comp="268" pin=1"/></net>

<net id="278"><net_src comp="224" pin="1"/><net_sink comp="274" pin=0"/></net>

<net id="279"><net_src comp="86" pin="0"/><net_sink comp="274" pin=1"/></net>

<net id="286"><net_src comp="88" pin="0"/><net_sink comp="280" pin=0"/></net>

<net id="287"><net_src comp="162" pin="2"/><net_sink comp="280" pin=1"/></net>

<net id="288"><net_src comp="18" pin="0"/><net_sink comp="280" pin=2"/></net>

<net id="289"><net_src comp="90" pin="0"/><net_sink comp="280" pin=3"/></net>

<net id="295"><net_src comp="92" pin="0"/><net_sink comp="290" pin=0"/></net>

<net id="296"><net_src comp="280" pin="4"/><net_sink comp="290" pin=1"/></net>

<net id="297"><net_src comp="22" pin="0"/><net_sink comp="290" pin=2"/></net>

<net id="304"><net_src comp="94" pin="0"/><net_sink comp="298" pin=0"/></net>

<net id="305"><net_src comp="162" pin="2"/><net_sink comp="298" pin=1"/></net>

<net id="306"><net_src comp="74" pin="0"/><net_sink comp="298" pin=2"/></net>

<net id="307"><net_src comp="90" pin="0"/><net_sink comp="298" pin=3"/></net>

<net id="313"><net_src comp="96" pin="0"/><net_sink comp="308" pin=0"/></net>

<net id="314"><net_src comp="162" pin="2"/><net_sink comp="308" pin=1"/></net>

<net id="315"><net_src comp="18" pin="0"/><net_sink comp="308" pin=2"/></net>

<net id="323"><net_src comp="98" pin="0"/><net_sink comp="316" pin=0"/></net>

<net id="324"><net_src comp="298" pin="4"/><net_sink comp="316" pin=1"/></net>

<net id="325"><net_src comp="22" pin="0"/><net_sink comp="316" pin=2"/></net>

<net id="326"><net_src comp="308" pin="3"/><net_sink comp="316" pin=3"/></net>

<net id="327"><net_src comp="22" pin="0"/><net_sink comp="316" pin=4"/></net>

<net id="332"><net_src comp="316" pin="5"/><net_sink comp="328" pin=0"/></net>

<net id="333"><net_src comp="100" pin="0"/><net_sink comp="328" pin=1"/></net>

<net id="338"><net_src comp="290" pin="3"/><net_sink comp="334" pin=0"/></net>

<net id="339"><net_src comp="102" pin="0"/><net_sink comp="334" pin=1"/></net>

<net id="344"><net_src comp="334" pin="2"/><net_sink comp="340" pin=0"/></net>

<net id="345"><net_src comp="328" pin="2"/><net_sink comp="340" pin=1"/></net>

<net id="350"><net_src comp="262" pin="2"/><net_sink comp="346" pin=0"/></net>

<net id="351"><net_src comp="268" pin="2"/><net_sink comp="346" pin=1"/></net>

<net id="356"><net_src comp="346" pin="2"/><net_sink comp="352" pin=0"/></net>

<net id="357"><net_src comp="340" pin="2"/><net_sink comp="352" pin=1"/></net>

<net id="361"><net_src comp="248" pin="4"/><net_sink comp="358" pin=0"/></net>

<net id="368"><net_src comp="104" pin="0"/><net_sink comp="362" pin=0"/></net>

<net id="369"><net_src comp="274" pin="2"/><net_sink comp="362" pin=1"/></net>

<net id="370"><net_src comp="106" pin="0"/><net_sink comp="362" pin=2"/></net>

<net id="371"><net_src comp="108" pin="0"/><net_sink comp="362" pin=3"/></net>

<net id="376"><net_src comp="362" pin="4"/><net_sink comp="372" pin=0"/></net>

<net id="377"><net_src comp="110" pin="0"/><net_sink comp="372" pin=1"/></net>

<net id="382"><net_src comp="352" pin="2"/><net_sink comp="378" pin=0"/></net>

<net id="383"><net_src comp="372" pin="2"/><net_sink comp="378" pin=1"/></net>

<net id="388"><net_src comp="50" pin="0"/><net_sink comp="384" pin=0"/></net>

<net id="393"><net_src comp="112" pin="0"/><net_sink comp="389" pin=0"/></net>

<net id="398"><net_src comp="114" pin="0"/><net_sink comp="394" pin=0"/></net>

<net id="406"><net_src comp="399" pin="1"/><net_sink comp="402" pin=0"/></net>

<net id="411"><net_src comp="399" pin="1"/><net_sink comp="407" pin=0"/></net>

<net id="412"><net_src comp="122" pin="0"/><net_sink comp="407" pin=1"/></net>

<net id="419"><net_src comp="399" pin="1"/><net_sink comp="416" pin=0"/></net>

<net id="425"><net_src comp="124" pin="0"/><net_sink comp="420" pin=0"/></net>

<net id="426"><net_src comp="413" pin="1"/><net_sink comp="420" pin=1"/></net>

<net id="427"><net_src comp="126" pin="0"/><net_sink comp="420" pin=2"/></net>

<net id="431"><net_src comp="420" pin="3"/><net_sink comp="428" pin=0"/></net>

<net id="436"><net_src comp="428" pin="1"/><net_sink comp="432" pin=0"/></net>

<net id="443"><net_src comp="128" pin="0"/><net_sink comp="437" pin=0"/></net>

<net id="444"><net_src comp="432" pin="2"/><net_sink comp="437" pin=1"/></net>

<net id="445"><net_src comp="74" pin="0"/><net_sink comp="437" pin=2"/></net>

<net id="446"><net_src comp="130" pin="0"/><net_sink comp="437" pin=3"/></net>

<net id="451"><net_src comp="413" pin="1"/><net_sink comp="447" pin=1"/></net>

<net id="459"><net_src comp="0" pin="0"/><net_sink comp="455" pin=0"/></net>

<net id="460"><net_src comp="452" pin="1"/><net_sink comp="455" pin=1"/></net>

<net id="461"><net_src comp="455" pin="2"/><net_sink comp="198" pin=1"/></net>

<net id="469"><net_src comp="140" pin="0"/><net_sink comp="462" pin=0"/></net>

<net id="470"><net_src comp="6" pin="0"/><net_sink comp="462" pin=1"/></net>

<net id="471"><net_src comp="54" pin="0"/><net_sink comp="462" pin=2"/></net>

<net id="472"><net_src comp="8" pin="0"/><net_sink comp="462" pin=3"/></net>

<net id="473"><net_src comp="50" pin="0"/><net_sink comp="462" pin=4"/></net>

<net id="478"><net_src comp="142" pin="0"/><net_sink comp="474" pin=1"/></net>

<net id="483"><net_src comp="474" pin="2"/><net_sink comp="479" pin=1"/></net>

<net id="488"><net_src comp="102" pin="0"/><net_sink comp="484" pin=1"/></net>

<net id="493"><net_src comp="484" pin="2"/><net_sink comp="489" pin=0"/></net>

<net id="494"><net_src comp="479" pin="2"/><net_sink comp="489" pin=1"/></net>

<net id="499"><net_src comp="100" pin="0"/><net_sink comp="495" pin=1"/></net>

<net id="504"><net_src comp="495" pin="2"/><net_sink comp="500" pin=0"/></net>

<net id="505"><net_src comp="489" pin="2"/><net_sink comp="500" pin=1"/></net>

<net id="510"><net_src comp="144" pin="0"/><net_sink comp="506" pin=1"/></net>

<net id="515"><net_src comp="506" pin="2"/><net_sink comp="511" pin=0"/></net>

<net id="516"><net_src comp="500" pin="2"/><net_sink comp="511" pin=1"/></net>

<net id="521"><net_src comp="146" pin="0"/><net_sink comp="517" pin=1"/></net>

<net id="526"><net_src comp="517" pin="2"/><net_sink comp="522" pin=0"/></net>

<net id="527"><net_src comp="511" pin="2"/><net_sink comp="522" pin=1"/></net>

<net id="535"><net_src comp="528" pin="1"/><net_sink comp="531" pin=0"/></net>

<net id="536"><net_src comp="74" pin="0"/><net_sink comp="531" pin=1"/></net>

<net id="541"><net_src comp="531" pin="2"/><net_sink comp="537" pin=0"/></net>

<net id="548"><net_src comp="128" pin="0"/><net_sink comp="542" pin=0"/></net>

<net id="549"><net_src comp="537" pin="2"/><net_sink comp="542" pin=1"/></net>

<net id="550"><net_src comp="74" pin="0"/><net_sink comp="542" pin=2"/></net>

<net id="551"><net_src comp="130" pin="0"/><net_sink comp="542" pin=3"/></net>

<net id="559"><net_src comp="140" pin="0"/><net_sink comp="552" pin=0"/></net>

<net id="560"><net_src comp="6" pin="0"/><net_sink comp="552" pin=1"/></net>

<net id="561"><net_src comp="54" pin="0"/><net_sink comp="552" pin=2"/></net>

<net id="562"><net_src comp="8" pin="0"/><net_sink comp="552" pin=3"/></net>

<net id="563"><net_src comp="50" pin="0"/><net_sink comp="552" pin=4"/></net>

<net id="568"><net_src comp="528" pin="1"/><net_sink comp="564" pin=0"/></net>

<net id="573"><net_src comp="564" pin="2"/><net_sink comp="569" pin=0"/></net>

<net id="581"><net_src comp="0" pin="0"/><net_sink comp="577" pin=0"/></net>

<net id="582"><net_src comp="574" pin="1"/><net_sink comp="577" pin=1"/></net>

<net id="583"><net_src comp="577" pin="2"/><net_sink comp="198" pin=1"/></net>

<net id="595"><net_src comp="150" pin="1"/><net_sink comp="592" pin=0"/></net>

<net id="596"><net_src comp="592" pin="1"/><net_sink comp="394" pin=1"/></net>

<net id="597"><net_src comp="592" pin="1"/><net_sink comp="399" pin=0"/></net>

<net id="598"><net_src comp="592" pin="1"/><net_sink comp="588" pin=1"/></net>

<net id="602"><net_src comp="154" pin="1"/><net_sink comp="599" pin=0"/></net>

<net id="603"><net_src comp="599" pin="1"/><net_sink comp="389" pin=1"/></net>

<net id="604"><net_src comp="599" pin="1"/><net_sink comp="413" pin=0"/></net>

<net id="605"><net_src comp="599" pin="1"/><net_sink comp="584" pin=1"/></net>

<net id="609"><net_src comp="158" pin="1"/><net_sink comp="606" pin=0"/></net>

<net id="610"><net_src comp="606" pin="1"/><net_sink comp="384" pin=1"/></net>

<net id="611"><net_src comp="606" pin="1"/><net_sink comp="528" pin=0"/></net>

<net id="612"><net_src comp="606" pin="1"/><net_sink comp="569" pin=1"/></net>

<net id="616"><net_src comp="162" pin="2"/><net_sink comp="613" pin=0"/></net>

<net id="617"><net_src comp="613" pin="1"/><net_sink comp="474" pin=0"/></net>

<net id="618"><net_src comp="613" pin="1"/><net_sink comp="484" pin=0"/></net>

<net id="619"><net_src comp="613" pin="1"/><net_sink comp="495" pin=0"/></net>

<net id="620"><net_src comp="613" pin="1"/><net_sink comp="506" pin=0"/></net>

<net id="621"><net_src comp="613" pin="1"/><net_sink comp="517" pin=0"/></net>

<net id="625"><net_src comp="180" pin="2"/><net_sink comp="622" pin=0"/></net>

<net id="626"><net_src comp="622" pin="1"/><net_sink comp="402" pin=1"/></net>

<net id="630"><net_src comp="186" pin="2"/><net_sink comp="627" pin=0"/></net>

<net id="631"><net_src comp="627" pin="1"/><net_sink comp="537" pin=1"/></net>

<net id="635"><net_src comp="192" pin="2"/><net_sink comp="632" pin=0"/></net>

<net id="636"><net_src comp="632" pin="1"/><net_sink comp="432" pin=1"/></net>

<net id="640"><net_src comp="234" pin="4"/><net_sink comp="637" pin=0"/></net>

<net id="641"><net_src comp="637" pin="1"/><net_sink comp="204" pin=1"/></net>

<net id="642"><net_src comp="637" pin="1"/><net_sink comp="214" pin=1"/></net>

<net id="646"><net_src comp="244" pin="1"/><net_sink comp="643" pin=0"/></net>

<net id="647"><net_src comp="643" pin="1"/><net_sink comp="198" pin=2"/></net>

<net id="651"><net_src comp="258" pin="1"/><net_sink comp="648" pin=0"/></net>

<net id="652"><net_src comp="648" pin="1"/><net_sink comp="564" pin=1"/></net>

<net id="656"><net_src comp="262" pin="2"/><net_sink comp="653" pin=0"/></net>

<net id="657"><net_src comp="653" pin="1"/><net_sink comp="479" pin=0"/></net>

<net id="661"><net_src comp="358" pin="1"/><net_sink comp="658" pin=0"/></net>

<net id="662"><net_src comp="658" pin="1"/><net_sink comp="447" pin=0"/></net>

<net id="666"><net_src comp="378" pin="2"/><net_sink comp="663" pin=0"/></net>

<net id="673"><net_src comp="407" pin="2"/><net_sink comp="670" pin=0"/></net>

<net id="674"><net_src comp="670" pin="1"/><net_sink comp="588" pin=0"/></net>

<net id="678"><net_src comp="416" pin="1"/><net_sink comp="675" pin=0"/></net>

<net id="682"><net_src comp="437" pin="4"/><net_sink comp="679" pin=0"/></net>

<net id="683"><net_src comp="679" pin="1"/><net_sink comp="452" pin=0"/></net>

<net id="684"><net_src comp="679" pin="1"/><net_sink comp="204" pin=3"/></net>

<net id="688"><net_src comp="447" pin="2"/><net_sink comp="685" pin=0"/></net>

<net id="689"><net_src comp="685" pin="1"/><net_sink comp="584" pin=0"/></net>

<net id="693"><net_src comp="455" pin="2"/><net_sink comp="690" pin=0"/></net>

<net id="694"><net_src comp="690" pin="1"/><net_sink comp="198" pin=1"/></net>

<net id="698"><net_src comp="522" pin="2"/><net_sink comp="695" pin=0"/></net>

<net id="702"><net_src comp="542" pin="4"/><net_sink comp="699" pin=0"/></net>

<net id="703"><net_src comp="699" pin="1"/><net_sink comp="574" pin=0"/></net>

<net id="704"><net_src comp="699" pin="1"/><net_sink comp="214" pin=3"/></net>

<net id="708"><net_src comp="577" pin="2"/><net_sink comp="705" pin=0"/></net>

<net id="709"><net_src comp="705" pin="1"/><net_sink comp="198" pin=1"/></net>

</net_list>

</model> 
---------------- Datapath Model END ------------------

* FSMD analyzer results:
  - Output states:
	Port: mm_video | {}
	Port: bytePlanes_plane0 | {110 111 }
	Port: bytePlanes_plane1 | {220 221 }
 - Input state : 
	Port: AXIMMvideo2Bytes : mm_video | {3 4 5 6 7 8 9 10 11 12 13 14 15 16 17 18 19 20 21 22 23 24 25 26 27 28 29 30 31 32 33 34 35 36 37 38 39 40 41 42 43 44 45 46 47 48 49 50 51 52 53 54 55 56 57 58 59 60 61 62 63 64 65 66 67 68 69 70 71 72 73 74 75 76 77 78 79 80 81 82 83 84 85 86 87 88 89 90 91 92 93 94 95 96 97 98 99 100 101 102 103 104 105 106 107 108 109 110 111 113 114 115 116 117 118 119 120 121 122 123 124 125 126 127 128 129 130 131 132 133 134 135 136 137 138 139 140 141 142 143 144 145 146 147 148 149 150 151 152 153 154 155 156 157 158 159 160 161 162 163 164 165 166 167 168 169 170 171 172 173 174 175 176 177 178 179 180 181 182 183 184 185 186 187 188 189 190 191 192 193 194 195 196 197 198 199 200 201 202 203 204 205 206 207 208 209 210 211 212 213 214 215 216 217 218 219 220 221 }
	Port: AXIMMvideo2Bytes : srcImg | {1 }
	Port: AXIMMvideo2Bytes : srcImg2 | {1 }
	Port: AXIMMvideo2Bytes : Height_val | {1 }
	Port: AXIMMvideo2Bytes : WidthInBytes_val | {1 }
	Port: AXIMMvideo2Bytes : StrideInBytes_val | {1 }
	Port: AXIMMvideo2Bytes : VideoFormat_val | {1 }
  - Chain level:
	State 1
		div : 1
		div_cast1 : 2
		div8_cast2 : 1
		p_off : 1
		tmp_22 : 1
		tmp_24 : 1
		empty : 2
		empty_114 : 2
		tmp : 3
		tmp1 : 1
		spec_select22 : 3
		div8_cast : 1
		tmp_13 : 2
		icmp6 : 3
		cmp43 : 3
		store_ln540 : 1
		store_ln539 : 1
		store_ln543 : 1
	State 2
		icmp_ln543 : 1
		y_10 : 1
		br_ln543 : 2
		trunc_ln543 : 1
		shl_ln : 1
		zext_ln548 : 2
		add_ln548 : 3
		trunc_ln1 : 4
		add_ln556 : 1
	State 3
		mm_video_addr : 1
		empty_115 : 2
	State 4
	State 5
	State 6
	State 7
	State 8
	State 9
	State 10
	State 11
	State 12
	State 13
	State 14
	State 15
	State 16
	State 17
	State 18
	State 19
	State 20
	State 21
	State 22
	State 23
	State 24
	State 25
	State 26
	State 27
	State 28
	State 29
	State 30
	State 31
	State 32
	State 33
	State 34
	State 35
	State 36
	State 37
	State 38
	State 39
	State 40
	State 41
	State 42
	State 43
	State 44
	State 45
	State 46
	State 47
	State 48
	State 49
	State 50
	State 51
	State 52
	State 53
	State 54
	State 55
	State 56
	State 57
	State 58
	State 59
	State 60
	State 61
	State 62
	State 63
	State 64
	State 65
	State 66
	State 67
	State 68
	State 69
	State 70
	State 71
	State 72
	State 73
	State 74
	State 75
	State 76
	State 77
	State 78
	State 79
	State 80
	State 81
	State 82
	State 83
	State 84
	State 85
	State 86
	State 87
	State 88
	State 89
	State 90
	State 91
	State 92
	State 93
	State 94
	State 95
	State 96
	State 97
	State 98
	State 99
	State 100
	State 101
	State 102
	State 103
	State 104
	State 105
	State 106
	State 107
	State 108
	State 109
	State 110
	State 111
	State 112
		empty_117 : 1
		empty_119 : 1
		empty_121 : 1
		empty_123 : 1
		empty_125 : 1
		br_ln0 : 1
		shl_ln560 : 1
		add_ln560 : 1
		trunc_ln2 : 2
		offsetUV_1 : 1
		store_ln540 : 2
	State 113
		mm_video_addr_1 : 1
		empty_126 : 2
	State 114
	State 115
	State 116
	State 117
	State 118
	State 119
	State 120
	State 121
	State 122
	State 123
	State 124
	State 125
	State 126
	State 127
	State 128
	State 129
	State 130
	State 131
	State 132
	State 133
	State 134
	State 135
	State 136
	State 137
	State 138
	State 139
	State 140
	State 141
	State 142
	State 143
	State 144
	State 145
	State 146
	State 147
	State 148
	State 149
	State 150
	State 151
	State 152
	State 153
	State 154
	State 155
	State 156
	State 157
	State 158
	State 159
	State 160
	State 161
	State 162
	State 163
	State 164
	State 165
	State 166
	State 167
	State 168
	State 169
	State 170
	State 171
	State 172
	State 173
	State 174
	State 175
	State 176
	State 177
	State 178
	State 179
	State 180
	State 181
	State 182
	State 183
	State 184
	State 185
	State 186
	State 187
	State 188
	State 189
	State 190
	State 191
	State 192
	State 193
	State 194
	State 195
	State 196
	State 197
	State 198
	State 199
	State 200
	State 201
	State 202
	State 203
	State 204
	State 205
	State 206
	State 207
	State 208
	State 209
	State 210
	State 211
	State 212
	State 213
	State 214
	State 215
	State 216
	State 217
	State 218
	State 219
	State 220
	State 221


============================================================
+ Verbose Summary: Datapath Resource usage 
============================================================

* Functional unit list:
|----------|-------------------------------------------------------|---------|---------|
| Operation|                    Functional Unit                    |    FF   |   LUT   |
|----------|-------------------------------------------------------|---------|---------|
|   call   | grp_AXIMMvideo2Bytes_Pipeline_VITIS_LOOP_548_1_fu_204 |   109   |    38   |
|          | grp_AXIMMvideo2Bytes_Pipeline_VITIS_LOOP_560_2_fu_214 |   109   |    38   |
|----------|-------------------------------------------------------|---------|---------|
|          |                       sub_fu_228                      |    0    |    22   |
|          |                      p_off_fu_274                     |    0    |    14   |
|          |                      y_10_fu_407                      |    0    |    19   |
|    add   |                    add_ln548_fu_432                   |    0    |    39   |
|          |                    add_ln556_fu_447                   |    0    |    32   |
|          |                    add_ln560_fu_537                   |    0    |    39   |
|          |                   offsetUV_1_fu_564                   |    0    |    39   |
|----------|-------------------------------------------------------|---------|---------|
|          |                      cmp61_fu_262                     |    0    |    13   |
|          |                      cmp39_fu_268                     |    0    |    13   |
|          |                      empty_fu_328                     |    0    |    13   |
|          |                    empty_114_fu_334                   |    0    |    13   |
|          |                      icmp6_fu_372                     |    0    |    12   |
|   icmp   |                   icmp_ln543_fu_402                   |    0    |    19   |
|          |                    empty_116_fu_474                   |    0    |    13   |
|          |                    empty_118_fu_484                   |    0    |    13   |
|          |                    empty_120_fu_495                   |    0    |    13   |
|          |                    empty_122_fu_506                   |    0    |    13   |
|          |                    empty_124_fu_517                   |    0    |    13   |
|----------|-------------------------------------------------------|---------|---------|
|          |                       tmp_fu_340                      |    0    |    2    |
|          |                      tmp1_fu_346                      |    0    |    2    |
|          |                  spec_select22_fu_352                 |    0    |    2    |
|    or    |                    empty_117_fu_479                   |    0    |    2    |
|          |                    empty_119_fu_489                   |    0    |    2    |
|          |                    empty_121_fu_500                   |    0    |    2    |
|          |                    empty_123_fu_511                   |    0    |    2    |
|          |                    empty_125_fu_522                   |    0    |    2    |
|----------|-------------------------------------------------------|---------|---------|
|    and   |                      cmp43_fu_378                     |    0    |    2    |
|----------|-------------------------------------------------------|---------|---------|
|          |            VideoFormat_val_read_read_fu_162           |    0    |    0    |
|          |           StrideInBytes_val_read_read_fu_168          |    0    |    0    |
|   read   |           WidthInBytes_val_read_read_fu_174           |    0    |    0    |
|          |              Height_val_read_read_fu_180              |    0    |    0    |
|          |                srcImg2_read_read_fu_186               |    0    |    0    |
|          |                srcImg_read_read_fu_192                |    0    |    0    |
|----------|-------------------------------------------------------|---------|---------|
|  readreq |                   grp_readreq_fu_198                  |    0    |    0    |
|----------|-------------------------------------------------------|---------|---------|
|          |              VideoFormat_val_cast_fu_224              |    0    |    0    |
|          |                    div_cast1_fu_244                   |    0    |    0    |
|   zext   |                   div8_cast2_fu_258                   |    0    |    0    |
|          |                    div8_cast_fu_358                   |    0    |    0    |
|          |                   zext_ln548_fu_428                   |    0    |    0    |
|----------|-------------------------------------------------------|---------|---------|
|          |                       div_fu_234                      |    0    |    0    |
|          |                      div8_fu_248                      |    0    |    0    |
|          |                      tmp_s_fu_280                     |    0    |    0    |
|partselect|                     tmp_23_fu_298                     |    0    |    0    |
|          |                     tmp_13_fu_362                     |    0    |    0    |
|          |                    trunc_ln1_fu_437                   |    0    |    0    |
|          |                    trunc_ln2_fu_542                   |    0    |    0    |
|----------|-------------------------------------------------------|---------|---------|
|          |                     tmp_22_fu_290                     |    0    |    0    |
|bitconcatenate|                     tmp_24_fu_316                     |    0    |    0    |
|          |                     shl_ln_fu_420                     |    0    |    0    |
|----------|-------------------------------------------------------|---------|---------|
| bitselect|                     tmp_12_fu_308                     |    0    |    0    |
|----------|-------------------------------------------------------|---------|---------|
|   trunc  |                   trunc_ln543_fu_416                  |    0    |    0    |
|----------|-------------------------------------------------------|---------|---------|
|   sext   |                   sext_ln548_fu_452                   |    0    |    0    |
|          |                   sext_ln560_fu_574                   |    0    |    0    |
|----------|-------------------------------------------------------|---------|---------|
|   fence  |                   fence_ln556_fu_462                  |    0    |    0    |
|          |                   fence_ln560_fu_552                  |    0    |    0    |
|----------|-------------------------------------------------------|---------|---------|
|    shl   |                    shl_ln560_fu_531                   |    0    |    0    |
|----------|-------------------------------------------------------|---------|---------|
|   Total  |                                                       |   218   |   446   |
|----------|-------------------------------------------------------|---------|---------|

Memories:
N/A

* Register list:
+----------------------------+--------+
|                            |   FF   |
+----------------------------+--------+
|   Height_val_read_reg_622  |   12   |
|VideoFormat_val_read_reg_613|    6   |
|      add_ln556_reg_685     |   25   |
|        cmp43_reg_663       |    1   |
|        cmp61_reg_653       |    1   |
|     div8_cast2_reg_648     |   32   |
|      div8_cast_reg_658     |   25   |
|      div_cast1_reg_643     |   32   |
|         div_reg_637        |   12   |
|      empty_125_reg_695     |    1   |
|   mm_video_addr_1_reg_705  |   64   |
|    mm_video_addr_reg_690   |   64   |
|      offsetUV_reg_606      |   32   |
|       offsetY_reg_599      |   25   |
|    srcImg2_read_reg_627    |   32   |
|     srcImg_read_reg_632    |   32   |
|      trunc_ln1_reg_679     |   29   |
|      trunc_ln2_reg_699     |   29   |
|     trunc_ln543_reg_675    |    1   |
|        y_10_reg_670        |   12   |
|          y_reg_592         |   12   |
+----------------------------+--------+
|            Total           |   479  |
+----------------------------+--------+

* Multiplexer (MUX) list: 
|--------------------|------|------|------|--------||---------||---------||---------|
|        Comp        |  Pin | Size |  BW  | S x BW ||  Delay  ||    FF   ||   LUT   |
|--------------------|------|------|------|--------||---------||---------||---------|
| grp_readreq_fu_198 |  p1  |   4  |  64  |   256  ||    0    ||    20   |
|--------------------|------|------|------|--------||---------||---------||---------|
|        Total       |      |      |      |   256  ||  0.605  ||    0    ||    20   |
|--------------------|------|------|------|--------||---------||---------||---------|



* Summary:
+-----------+--------+--------+--------+
|           |  Delay |   FF   |   LUT  |
+-----------+--------+--------+--------+
|  Function |    -   |   218  |   446  |
|   Memory  |    -   |    -   |    -   |
|Multiplexer|    0   |    0   |   20   |
|  Register |    -   |   479  |    -   |
+-----------+--------+--------+--------+
|   Total   |    0   |   697  |   466  |
+-----------+--------+--------+--------+
