/home/e/Documents/research/byotee/OSDZU3_Ref_Design/OSDZU3_Ref_Design.runs/design_1_v_frmbuf_rd_1_0_synth_1/prj/sol/.autopilot/db/v_frmbuf_rd.pp.0.cpp:2319:5: warning: Added loop label VITIS_LOOP_676_1:   [xilinx-label-all-loops]
    for (unsigned i = low; i != high+1; ++i) {
    ^~~
    VITIS_LOOP_676_1: 
/home/e/Documents/research/byotee/OSDZU3_Ref_Design/OSDZU3_Ref_Design.runs/design_1_v_frmbuf_rd_1_0_synth_1/prj/sol/.autopilot/db/v_frmbuf_rd.pp.0.cpp:2319:5: note: FIX-IT applied suggested code changes
/home/e/Documents/research/byotee/OSDZU3_Ref_Design/OSDZU3_Ref_Design.runs/design_1_v_frmbuf_rd_1_0_synth_1/prj/sol/.autopilot/db/v_frmbuf_rd.pp.0.cpp:2333:5: warning: Added loop label VITIS_LOOP_690_1:   [xilinx-label-all-loops]
    for (unsigned i = low; i != high+1; ++i) {
    ^~~
    VITIS_LOOP_690_1: 
/home/e/Documents/research/byotee/OSDZU3_Ref_Design/OSDZU3_Ref_Design.runs/design_1_v_frmbuf_rd_1_0_synth_1/prj/sol/.autopilot/db/v_frmbuf_rd.pp.0.cpp:2333:5: note: FIX-IT applied suggested code changes
/home/e/Documents/research/byotee/OSDZU3_Ref_Design/OSDZU3_Ref_Design.runs/design_1_v_frmbuf_rd_1_0_synth_1/prj/sol/.autopilot/db/v_frmbuf_rd.pp.0.cpp:2347:5: warning: Added loop label VITIS_LOOP_704_1:   [xilinx-label-all-loops]
    for (unsigned i = low; i != high+1; ++i) {
    ^~~
    VITIS_LOOP_704_1: 
/home/e/Documents/research/byotee/OSDZU3_Ref_Design/OSDZU3_Ref_Design.runs/design_1_v_frmbuf_rd_1_0_synth_1/prj/sol/.autopilot/db/v_frmbuf_rd.pp.0.cpp:2347:5: note: FIX-IT applied suggested code changes
/home/e/Documents/research/byotee/OSDZU3_Ref_Design/OSDZU3_Ref_Design.runs/design_1_v_frmbuf_rd_1_0_synth_1/prj/sol/.autopilot/db/v_frmbuf_rd.pp.0.cpp:4315:7: warning: Added loop label VITIS_LOOP_1248_1:   [xilinx-label-all-loops]
      for (i = 0; i < __N - 1; ++i) {
      ^~~
      VITIS_LOOP_1248_1: 
/home/e/Documents/research/byotee/OSDZU3_Ref_Design/OSDZU3_Ref_Design.runs/design_1_v_frmbuf_rd_1_0_synth_1/prj/sol/.autopilot/db/v_frmbuf_rd.pp.0.cpp:4315:7: note: FIX-IT applied suggested code changes
/home/e/Documents/research/byotee/OSDZU3_Ref_Design/OSDZU3_Ref_Design.runs/design_1_v_frmbuf_rd_1_0_synth_1/prj/sol/.autopilot/db/v_frmbuf_rd.pp.0.cpp:19343:72: error: Invalid Directive: for current device, ROM_1P + LUTRAM is invalid combination for BIND_STORAGE's option 'type + impl' [clang-diagnostic-error]
#pragma HLS BIND_STORAGE variable=fourth_order_double::sin_cos_K0 type=ROM_1P impl=LUTRAM
                                                                       ^
/home/e/Documents/research/byotee/OSDZU3_Ref_Design/OSDZU3_Ref_Design.runs/design_1_v_frmbuf_rd_1_0_synth_1/prj/sol/.autopilot/db/v_frmbuf_rd.pp.0.cpp:19344:72: error: Invalid Directive: for current device, ROM_1P + LUTRAM is invalid combination for BIND_STORAGE's option 'type + impl' [clang-diagnostic-error]
#pragma HLS BIND_STORAGE variable=fourth_order_double::sin_cos_K1 type=ROM_1P impl=LUTRAM
                                                                       ^
/home/e/Documents/research/byotee/OSDZU3_Ref_Design/OSDZU3_Ref_Design.runs/design_1_v_frmbuf_rd_1_0_synth_1/prj/sol/.autopilot/db/v_frmbuf_rd.pp.0.cpp:19345:72: error: Invalid Directive: for current device, ROM_1P + LUTRAM is invalid combination for BIND_STORAGE's option 'type + impl' [clang-diagnostic-error]
#pragma HLS BIND_STORAGE variable=fourth_order_double::sin_cos_K2 type=ROM_1P impl=LUTRAM
                                                                       ^
/home/e/Documents/research/byotee/OSDZU3_Ref_Design/OSDZU3_Ref_Design.runs/design_1_v_frmbuf_rd_1_0_synth_1/prj/sol/.autopilot/db/v_frmbuf_rd.pp.0.cpp:19346:72: error: Invalid Directive: for current device, ROM_1P + LUTRAM is invalid combination for BIND_STORAGE's option 'type + impl' [clang-diagnostic-error]
#pragma HLS BIND_STORAGE variable=fourth_order_double::sin_cos_K3 type=ROM_1P impl=LUTRAM
                                                                       ^
/home/e/Documents/research/byotee/OSDZU3_Ref_Design/OSDZU3_Ref_Design.runs/design_1_v_frmbuf_rd_1_0_synth_1/prj/sol/.autopilot/db/v_frmbuf_rd.pp.0.cpp:19347:72: error: Invalid Directive: for current device, ROM_1P + LUTRAM is invalid combination for BIND_STORAGE's option 'type + impl' [clang-diagnostic-error]
#pragma HLS BIND_STORAGE variable=fourth_order_double::sin_cos_K4 type=ROM_1P impl=LUTRAM
                                                                       ^
/home/e/Documents/research/byotee/OSDZU3_Ref_Design/OSDZU3_Ref_Design.runs/design_1_v_frmbuf_rd_1_0_synth_1/prj/sol/.autopilot/db/v_frmbuf_rd.pp.0.cpp:19377:68: error: Invalid Directive: for current device, ROM_1P + LUTRAM is invalid combination for BIND_STORAGE's option 'type + impl' [clang-diagnostic-error]
#pragma HLS BIND_STORAGE variable=fourth_order_double::cos_K0 type=ROM_1P impl=LUTRAM
                                                                   ^
/home/e/Documents/research/byotee/OSDZU3_Ref_Design/OSDZU3_Ref_Design.runs/design_1_v_frmbuf_rd_1_0_synth_1/prj/sol/.autopilot/db/v_frmbuf_rd.pp.0.cpp:19378:68: error: Invalid Directive: for current device, ROM_1P + LUTRAM is invalid combination for BIND_STORAGE's option 'type + impl' [clang-diagnostic-error]
#pragma HLS BIND_STORAGE variable=fourth_order_double::cos_K1 type=ROM_1P impl=LUTRAM
                                                                   ^
/home/e/Documents/research/byotee/OSDZU3_Ref_Design/OSDZU3_Ref_Design.runs/design_1_v_frmbuf_rd_1_0_synth_1/prj/sol/.autopilot/db/v_frmbuf_rd.pp.0.cpp:19379:68: error: Invalid Directive: for current device, ROM_1P + LUTRAM is invalid combination for BIND_STORAGE's option 'type + impl' [clang-diagnostic-error]
#pragma HLS BIND_STORAGE variable=fourth_order_double::cos_K2 type=ROM_1P impl=LUTRAM
                                                                   ^
/home/e/Documents/research/byotee/OSDZU3_Ref_Design/OSDZU3_Ref_Design.runs/design_1_v_frmbuf_rd_1_0_synth_1/prj/sol/.autopilot/db/v_frmbuf_rd.pp.0.cpp:19380:68: error: Invalid Directive: for current device, ROM_1P + LUTRAM is invalid combination for BIND_STORAGE's option 'type + impl' [clang-diagnostic-error]
#pragma HLS BIND_STORAGE variable=fourth_order_double::cos_K3 type=ROM_1P impl=LUTRAM
                                                                   ^
/home/e/Documents/research/byotee/OSDZU3_Ref_Design/OSDZU3_Ref_Design.runs/design_1_v_frmbuf_rd_1_0_synth_1/prj/sol/.autopilot/db/v_frmbuf_rd.pp.0.cpp:19381:68: error: Invalid Directive: for current device, ROM_1P + LUTRAM is invalid combination for BIND_STORAGE's option 'type + impl' [clang-diagnostic-error]
#pragma HLS BIND_STORAGE variable=fourth_order_double::cos_K4 type=ROM_1P impl=LUTRAM
                                                                   ^
/home/e/Documents/research/byotee/OSDZU3_Ref_Design/OSDZU3_Ref_Design.runs/design_1_v_frmbuf_rd_1_0_synth_1/prj/sol/.autopilot/db/v_frmbuf_rd.pp.0.cpp:19382:68: error: Invalid Directive: for current device, ROM_1P + LUTRAM is invalid combination for BIND_STORAGE's option 'type + impl' [clang-diagnostic-error]
#pragma HLS BIND_STORAGE variable=fourth_order_double::sin_K0 type=ROM_1P impl=LUTRAM
                                                                   ^
/home/e/Documents/research/byotee/OSDZU3_Ref_Design/OSDZU3_Ref_Design.runs/design_1_v_frmbuf_rd_1_0_synth_1/prj/sol/.autopilot/db/v_frmbuf_rd.pp.0.cpp:19383:68: error: Invalid Directive: for current device, ROM_1P + LUTRAM is invalid combination for BIND_STORAGE's option 'type + impl' [clang-diagnostic-error]
#pragma HLS BIND_STORAGE variable=fourth_order_double::sin_K1 type=ROM_1P impl=LUTRAM
                                                                   ^
/home/e/Documents/research/byotee/OSDZU3_Ref_Design/OSDZU3_Ref_Design.runs/design_1_v_frmbuf_rd_1_0_synth_1/prj/sol/.autopilot/db/v_frmbuf_rd.pp.0.cpp:19384:68: error: Invalid Directive: for current device, ROM_1P + LUTRAM is invalid combination for BIND_STORAGE's option 'type + impl' [clang-diagnostic-error]
#pragma HLS BIND_STORAGE variable=fourth_order_double::sin_K2 type=ROM_1P impl=LUTRAM
                                                                   ^
/home/e/Documents/research/byotee/OSDZU3_Ref_Design/OSDZU3_Ref_Design.runs/design_1_v_frmbuf_rd_1_0_synth_1/prj/sol/.autopilot/db/v_frmbuf_rd.pp.0.cpp:19385:68: error: Invalid Directive: for current device, ROM_1P + LUTRAM is invalid combination for BIND_STORAGE's option 'type + impl' [clang-diagnostic-error]
#pragma HLS BIND_STORAGE variable=fourth_order_double::sin_K3 type=ROM_1P impl=LUTRAM
                                                                   ^
/home/e/Documents/research/byotee/OSDZU3_Ref_Design/OSDZU3_Ref_Design.runs/design_1_v_frmbuf_rd_1_0_synth_1/prj/sol/.autopilot/db/v_frmbuf_rd.pp.0.cpp:19386:68: error: Invalid Directive: for current device, ROM_1P + LUTRAM is invalid combination for BIND_STORAGE's option 'type + impl' [clang-diagnostic-error]
#pragma HLS BIND_STORAGE variable=fourth_order_double::sin_K4 type=ROM_1P impl=LUTRAM
                                                                   ^
/home/e/Documents/research/byotee/OSDZU3_Ref_Design/OSDZU3_Ref_Design.runs/design_1_v_frmbuf_rd_1_0_synth_1/prj/sol/.autopilot/db/v_frmbuf_rd.pp.0.cpp:19436:71: error: Invalid Directive: for current device, ROM_1P + LUTRAM is invalid combination for BIND_STORAGE's option 'type + impl' [clang-diagnostic-error]
#pragma HLS BIND_STORAGE variable=second_order_float::sin_cos_K0 type=ROM_1P impl=LUTRAM
                                                                      ^
/home/e/Documents/research/byotee/OSDZU3_Ref_Design/OSDZU3_Ref_Design.runs/design_1_v_frmbuf_rd_1_0_synth_1/prj/sol/.autopilot/db/v_frmbuf_rd.pp.0.cpp:19437:71: error: Invalid Directive: for current device, ROM_1P + LUTRAM is invalid combination for BIND_STORAGE's option 'type + impl' [clang-diagnostic-error]
#pragma HLS BIND_STORAGE variable=second_order_float::sin_cos_K1 type=ROM_1P impl=LUTRAM
                                                                      ^
/home/e/Documents/research/byotee/OSDZU3_Ref_Design/OSDZU3_Ref_Design.runs/design_1_v_frmbuf_rd_1_0_synth_1/prj/sol/.autopilot/db/v_frmbuf_rd.pp.0.cpp:19438:71: error: Invalid Directive: for current device, ROM_1P + LUTRAM is invalid combination for BIND_STORAGE's option 'type + impl' [clang-diagnostic-error]
#pragma HLS BIND_STORAGE variable=second_order_float::sin_cos_K2 type=ROM_1P impl=LUTRAM
                                                                      ^
/home/e/Documents/research/byotee/OSDZU3_Ref_Design/OSDZU3_Ref_Design.runs/design_1_v_frmbuf_rd_1_0_synth_1/prj/sol/.autopilot/db/v_frmbuf_rd.pp.0.cpp:19465:67: error: Invalid Directive: for current device, ROM_1P + LUTRAM is invalid combination for BIND_STORAGE's option 'type + impl' [clang-diagnostic-error]
#pragma HLS BIND_STORAGE variable=second_order_float::cos_K0 type=ROM_1P impl=LUTRAM
                                                                  ^
/home/e/Documents/research/byotee/OSDZU3_Ref_Design/OSDZU3_Ref_Design.runs/design_1_v_frmbuf_rd_1_0_synth_1/prj/sol/.autopilot/db/v_frmbuf_rd.pp.0.cpp:19466:67: error: Invalid Directive: for current device, ROM_1P + LUTRAM is invalid combination for BIND_STORAGE's option 'type + impl' [clang-diagnostic-error]
#pragma HLS BIND_STORAGE variable=second_order_float::cos_K1 type=ROM_1P impl=LUTRAM
                                                                  ^
/home/e/Documents/research/byotee/OSDZU3_Ref_Design/OSDZU3_Ref_Design.runs/design_1_v_frmbuf_rd_1_0_synth_1/prj/sol/.autopilot/db/v_frmbuf_rd.pp.0.cpp:19467:67: error: Invalid Directive: for current device, ROM_1P + LUTRAM is invalid combination for BIND_STORAGE's option 'type + impl' [clang-diagnostic-error]
#pragma HLS BIND_STORAGE variable=second_order_float::cos_K2 type=ROM_1P impl=LUTRAM
                                                                  ^
/home/e/Documents/research/byotee/OSDZU3_Ref_Design/OSDZU3_Ref_Design.runs/design_1_v_frmbuf_rd_1_0_synth_1/prj/sol/.autopilot/db/v_frmbuf_rd.pp.0.cpp:19468:67: error: Invalid Directive: for current device, ROM_1P + LUTRAM is invalid combination for BIND_STORAGE's option 'type + impl' [clang-diagnostic-error]
#pragma HLS BIND_STORAGE variable=second_order_float::sin_K0 type=ROM_1P impl=LUTRAM
                                                                  ^
/home/e/Documents/research/byotee/OSDZU3_Ref_Design/OSDZU3_Ref_Design.runs/design_1_v_frmbuf_rd_1_0_synth_1/prj/sol/.autopilot/db/v_frmbuf_rd.pp.0.cpp:19469:67: error: Invalid Directive: for current device, ROM_1P + LUTRAM is invalid combination for BIND_STORAGE's option 'type + impl' [clang-diagnostic-error]
#pragma HLS BIND_STORAGE variable=second_order_float::sin_K1 type=ROM_1P impl=LUTRAM
                                                                  ^
/home/e/Documents/research/byotee/OSDZU3_Ref_Design/OSDZU3_Ref_Design.runs/design_1_v_frmbuf_rd_1_0_synth_1/prj/sol/.autopilot/db/v_frmbuf_rd.pp.0.cpp:19470:67: error: Invalid Directive: for current device, ROM_1P + LUTRAM is invalid combination for BIND_STORAGE's option 'type + impl' [clang-diagnostic-error]
#pragma HLS BIND_STORAGE variable=second_order_float::sin_K2 type=ROM_1P impl=LUTRAM
                                                                  ^
/home/e/Documents/research/byotee/OSDZU3_Ref_Design/OSDZU3_Ref_Design.runs/design_1_v_frmbuf_rd_1_0_synth_1/prj/sol/.autopilot/db/v_frmbuf_rd.pp.0.cpp:19506:73: error: Invalid Directive: for current device, ROM_1P + LUTRAM is invalid combination for BIND_STORAGE's option 'type + impl' [clang-diagnostic-error]
#pragma HLS BIND_STORAGE variable=first_order_fixed_16::sin_cos_K0 type=ROM_1P impl=LUTRAM
                                                                        ^
/home/e/Documents/research/byotee/OSDZU3_Ref_Design/OSDZU3_Ref_Design.runs/design_1_v_frmbuf_rd_1_0_synth_1/prj/sol/.autopilot/db/v_frmbuf_rd.pp.0.cpp:19507:73: error: Invalid Directive: for current device, ROM_1P + LUTRAM is invalid combination for BIND_STORAGE's option 'type + impl' [clang-diagnostic-error]
#pragma HLS BIND_STORAGE variable=first_order_fixed_16::sin_cos_K1 type=ROM_1P impl=LUTRAM
                                                                        ^
/home/e/Documents/research/byotee/OSDZU3_Ref_Design/OSDZU3_Ref_Design.runs/design_1_v_frmbuf_rd_1_0_synth_1/prj/sol/.autopilot/db/v_frmbuf_rd.pp.0.cpp:19781:5: warning: Added loop label VITIS_LOOP_61_1:   [xilinx-label-all-loops]
    for (int n=0; n<Nmax; n++){
    ^~~
    VITIS_LOOP_61_1: 
/home/e/Documents/research/byotee/OSDZU3_Ref_Design/OSDZU3_Ref_Design.runs/design_1_v_frmbuf_rd_1_0_synth_1/prj/sol/.autopilot/db/v_frmbuf_rd.pp.0.cpp:19781:5: note: FIX-IT applied suggested code changes
/home/e/Documents/research/byotee/OSDZU3_Ref_Design/OSDZU3_Ref_Design.runs/design_1_v_frmbuf_rd_1_0_synth_1/prj/sol/.autopilot/db/v_frmbuf_rd.pp.0.cpp:19827:5: warning: Added loop label VITIS_LOOP_117_1:   [xilinx-label-all-loops]
    for (int n=0; n<Nmax; n++){
    ^~~
    VITIS_LOOP_117_1: 
/home/e/Documents/research/byotee/OSDZU3_Ref_Design/OSDZU3_Ref_Design.runs/design_1_v_frmbuf_rd_1_0_synth_1/prj/sol/.autopilot/db/v_frmbuf_rd.pp.0.cpp:19827:5: note: FIX-IT applied suggested code changes
/home/e/Documents/research/byotee/OSDZU3_Ref_Design/OSDZU3_Ref_Design.runs/design_1_v_frmbuf_rd_1_0_synth_1/prj/sol/.autopilot/db/v_frmbuf_rd.pp.0.cpp:19990:9: warning: Added loop label VITIS_LOOP_289_1:   [xilinx-label-all-loops]
        for(int i=0;i<W-1;i++){
        ^~~
        VITIS_LOOP_289_1: 
/home/e/Documents/research/byotee/OSDZU3_Ref_Design/OSDZU3_Ref_Design.runs/design_1_v_frmbuf_rd_1_0_synth_1/prj/sol/.autopilot/db/v_frmbuf_rd.pp.0.cpp:19990:9: note: FIX-IT applied suggested code changes
/home/e/Documents/research/byotee/OSDZU3_Ref_Design/OSDZU3_Ref_Design.runs/design_1_v_frmbuf_rd_1_0_synth_1/prj/sol/.autopilot/db/v_frmbuf_rd.pp.0.cpp:20142:9: warning: Added loop label VITIS_LOOP_449_1:   [xilinx-label-all-loops]
        for(int i=0;i<W-1;i++){
        ^~~
        VITIS_LOOP_449_1: 
/home/e/Documents/research/byotee/OSDZU3_Ref_Design/OSDZU3_Ref_Design.runs/design_1_v_frmbuf_rd_1_0_synth_1/prj/sol/.autopilot/db/v_frmbuf_rd.pp.0.cpp:20142:9: note: FIX-IT applied suggested code changes
/home/e/Documents/research/byotee/OSDZU3_Ref_Design/OSDZU3_Ref_Design.runs/design_1_v_frmbuf_rd_1_0_synth_1/prj/sol/.autopilot/db/v_frmbuf_rd.pp.0.cpp:20322:5: warning: Added loop label VITIS_LOOP_629_1:   [xilinx-label-all-loops]
    for(int i=0;i<W+1;i++){
    ^~~
    VITIS_LOOP_629_1: 
/home/e/Documents/research/byotee/OSDZU3_Ref_Design/OSDZU3_Ref_Design.runs/design_1_v_frmbuf_rd_1_0_synth_1/prj/sol/.autopilot/db/v_frmbuf_rd.pp.0.cpp:20322:5: note: FIX-IT applied suggested code changes
/home/e/Documents/research/byotee/OSDZU3_Ref_Design/OSDZU3_Ref_Design.runs/design_1_v_frmbuf_rd_1_0_synth_1/prj/sol/.autopilot/db/v_frmbuf_rd.pp.0.cpp:20326:5: warning: Added loop label VITIS_LOOP_633_2:   [xilinx-label-all-loops]
    for(int i=0;i<W+1;i++){
    ^~~
    VITIS_LOOP_633_2: 
/home/e/Documents/research/byotee/OSDZU3_Ref_Design/OSDZU3_Ref_Design.runs/design_1_v_frmbuf_rd_1_0_synth_1/prj/sol/.autopilot/db/v_frmbuf_rd.pp.0.cpp:20326:5: note: FIX-IT applied suggested code changes
/home/e/Documents/research/byotee/OSDZU3_Ref_Design/OSDZU3_Ref_Design.runs/design_1_v_frmbuf_rd_1_0_synth_1/prj/sol/.autopilot/db/v_frmbuf_rd.pp.0.cpp:20436:5: warning: Added loop label VITIS_LOOP_743_1:   [xilinx-label-all-loops]
    for (int n=0; n<Nmax; n++){
    ^~~
    VITIS_LOOP_743_1: 
/home/e/Documents/research/byotee/OSDZU3_Ref_Design/OSDZU3_Ref_Design.runs/design_1_v_frmbuf_rd_1_0_synth_1/prj/sol/.autopilot/db/v_frmbuf_rd.pp.0.cpp:20436:5: note: FIX-IT applied suggested code changes
/home/e/Documents/research/byotee/OSDZU3_Ref_Design/OSDZU3_Ref_Design.runs/design_1_v_frmbuf_rd_1_0_synth_1/prj/sol/.autopilot/db/v_frmbuf_rd.pp.0.cpp:20526:7: warning: Added loop label VITIS_LOOP_840_1:   [xilinx-label-all-loops]
      for(int i=0;i<W-1;i++){
      ^~~
      VITIS_LOOP_840_1: 
/home/e/Documents/research/byotee/OSDZU3_Ref_Design/OSDZU3_Ref_Design.runs/design_1_v_frmbuf_rd_1_0_synth_1/prj/sol/.autopilot/db/v_frmbuf_rd.pp.0.cpp:20526:7: note: FIX-IT applied suggested code changes
/home/e/Documents/research/byotee/OSDZU3_Ref_Design/OSDZU3_Ref_Design.runs/design_1_v_frmbuf_rd_1_0_synth_1/prj/sol/.autopilot/db/v_frmbuf_rd.pp.0.cpp:20545:7: warning: Added loop label VITIS_LOOP_859_2:   [xilinx-label-all-loops]
      for(int i=0;i<W-1;i++){
      ^~~
      VITIS_LOOP_859_2: 
/home/e/Documents/research/byotee/OSDZU3_Ref_Design/OSDZU3_Ref_Design.runs/design_1_v_frmbuf_rd_1_0_synth_1/prj/sol/.autopilot/db/v_frmbuf_rd.pp.0.cpp:20545:7: note: FIX-IT applied suggested code changes
/home/e/Documents/research/byotee/OSDZU3_Ref_Design/OSDZU3_Ref_Design.runs/design_1_v_frmbuf_rd_1_0_synth_1/prj/sol/.autopilot/db/v_frmbuf_rd.pp.0.cpp:20835:5: warning: Added loop label VITIS_LOOP_1173_1:   [xilinx-label-all-loops]
    for(int i=0; i<Nmax; i++) {
    ^~~
    VITIS_LOOP_1173_1: 
/home/e/Documents/research/byotee/OSDZU3_Ref_Design/OSDZU3_Ref_Design.runs/design_1_v_frmbuf_rd_1_0_synth_1/prj/sol/.autopilot/db/v_frmbuf_rd.pp.0.cpp:20835:5: note: FIX-IT applied suggested code changes
/home/e/Documents/research/byotee/OSDZU3_Ref_Design/OSDZU3_Ref_Design.runs/design_1_v_frmbuf_rd_1_0_synth_1/prj/sol/.autopilot/db/v_frmbuf_rd.pp.0.cpp:20918:5: warning: Added loop label VITIS_LOOP_1256_1:   [xilinx-label-all-loops]
    for(int i=0; i<Nmax; i++) {
    ^~~
    VITIS_LOOP_1256_1: 
/home/e/Documents/research/byotee/OSDZU3_Ref_Design/OSDZU3_Ref_Design.runs/design_1_v_frmbuf_rd_1_0_synth_1/prj/sol/.autopilot/db/v_frmbuf_rd.pp.0.cpp:20918:5: note: FIX-IT applied suggested code changes
/home/e/Documents/research/byotee/OSDZU3_Ref_Design/OSDZU3_Ref_Design.runs/design_1_v_frmbuf_rd_1_0_synth_1/prj/sol/.autopilot/db/v_frmbuf_rd.pp.0.cpp:21324:13: warning: Added loop label VITIS_LOOP_68_1:   [xilinx-label-all-loops]
            for (int j = 3; j >= I_+1; j--) {
            ^~~
            VITIS_LOOP_68_1: 
/home/e/Documents/research/byotee/OSDZU3_Ref_Design/OSDZU3_Ref_Design.runs/design_1_v_frmbuf_rd_1_0_synth_1/prj/sol/.autopilot/db/v_frmbuf_rd.pp.0.cpp:21324:13: note: FIX-IT applied suggested code changes
/home/e/Documents/research/byotee/OSDZU3_Ref_Design/OSDZU3_Ref_Design.runs/design_1_v_frmbuf_rd_1_0_synth_1/prj/sol/.autopilot/db/v_frmbuf_rd.pp.0.cpp:21330:17: warning: Added loop label VITIS_LOOP_74_2:   [xilinx-label-all-loops]
                for (int j = 3; j >= I_+1; j--){
                ^~~
                VITIS_LOOP_74_2: 
/home/e/Documents/research/byotee/OSDZU3_Ref_Design/OSDZU3_Ref_Design.runs/design_1_v_frmbuf_rd_1_0_synth_1/prj/sol/.autopilot/db/v_frmbuf_rd.pp.0.cpp:21330:17: note: FIX-IT applied suggested code changes
/home/e/Documents/research/byotee/OSDZU3_Ref_Design/OSDZU3_Ref_Design.runs/design_1_v_frmbuf_rd_1_0_synth_1/prj/sol/.autopilot/db/v_frmbuf_rd.pp.0.cpp:21334:17: warning: Added loop label VITIS_LOOP_78_3:   [xilinx-label-all-loops]
                for (int j = I_; j >= 0; j--){
                ^~~
                VITIS_LOOP_78_3: 
/home/e/Documents/research/byotee/OSDZU3_Ref_Design/OSDZU3_Ref_Design.runs/design_1_v_frmbuf_rd_1_0_synth_1/prj/sol/.autopilot/db/v_frmbuf_rd.pp.0.cpp:21334:17: note: FIX-IT applied suggested code changes
/home/e/Documents/research/byotee/OSDZU3_Ref_Design/OSDZU3_Ref_Design.runs/design_1_v_frmbuf_rd_1_0_synth_1/prj/sol/.autopilot/db/v_frmbuf_rd.pp.0.cpp:21381:13: warning: Added loop label VITIS_LOOP_145_4:   [xilinx-label-all-loops]
            for (int j = 9; j >= I_+4; j--) {
            ^~~
            VITIS_LOOP_145_4: 
/home/e/Documents/research/byotee/OSDZU3_Ref_Design/OSDZU3_Ref_Design.runs/design_1_v_frmbuf_rd_1_0_synth_1/prj/sol/.autopilot/db/v_frmbuf_rd.pp.0.cpp:21381:13: note: FIX-IT applied suggested code changes
/home/e/Documents/research/byotee/OSDZU3_Ref_Design/OSDZU3_Ref_Design.runs/design_1_v_frmbuf_rd_1_0_synth_1/prj/sol/.autopilot/db/v_frmbuf_rd.pp.0.cpp:21387:17: warning: Added loop label VITIS_LOOP_151_5:   [xilinx-label-all-loops]
                for (int j = 9; j >= I_+4; j--){
                ^~~
                VITIS_LOOP_151_5: 
/home/e/Documents/research/byotee/OSDZU3_Ref_Design/OSDZU3_Ref_Design.runs/design_1_v_frmbuf_rd_1_0_synth_1/prj/sol/.autopilot/db/v_frmbuf_rd.pp.0.cpp:21387:17: note: FIX-IT applied suggested code changes
/home/e/Documents/research/byotee/OSDZU3_Ref_Design/OSDZU3_Ref_Design.runs/design_1_v_frmbuf_rd_1_0_synth_1/prj/sol/.autopilot/db/v_frmbuf_rd.pp.0.cpp:21391:17: warning: Added loop label VITIS_LOOP_155_6:   [xilinx-label-all-loops]
                for (int j = I_+3; j >= 0; j--){
                ^~~
                VITIS_LOOP_155_6: 
/home/e/Documents/research/byotee/OSDZU3_Ref_Design/OSDZU3_Ref_Design.runs/design_1_v_frmbuf_rd_1_0_synth_1/prj/sol/.autopilot/db/v_frmbuf_rd.pp.0.cpp:21391:17: note: FIX-IT applied suggested code changes
/home/e/Documents/research/byotee/OSDZU3_Ref_Design/OSDZU3_Ref_Design.runs/design_1_v_frmbuf_rd_1_0_synth_1/prj/sol/.autopilot/db/v_frmbuf_rd.pp.0.cpp:21406:9: warning: Added loop label VITIS_LOOP_170_7:   [xilinx-label-all-loops]
        for (int j = 14; j < 22; j++){
        ^~~
        VITIS_LOOP_170_7: 
/home/e/Documents/research/byotee/OSDZU3_Ref_Design/OSDZU3_Ref_Design.runs/design_1_v_frmbuf_rd_1_0_synth_1/prj/sol/.autopilot/db/v_frmbuf_rd.pp.0.cpp:21406:9: note: FIX-IT applied suggested code changes
/home/e/Documents/research/byotee/OSDZU3_Ref_Design/OSDZU3_Ref_Design.runs/design_1_v_frmbuf_rd_1_0_synth_1/prj/sol/.autopilot/db/v_frmbuf_rd.pp.0.cpp:21414:17: warning: Added loop label VITIS_LOOP_178_8:   [xilinx-label-all-loops]
                for (int j = 0; j < 22; j++){
                ^~~
                VITIS_LOOP_178_8: 
/home/e/Documents/research/byotee/OSDZU3_Ref_Design/OSDZU3_Ref_Design.runs/design_1_v_frmbuf_rd_1_0_synth_1/prj/sol/.autopilot/db/v_frmbuf_rd.pp.0.cpp:21414:17: note: FIX-IT applied suggested code changes
/home/e/Documents/research/byotee/OSDZU3_Ref_Design/OSDZU3_Ref_Design.runs/design_1_v_frmbuf_rd_1_0_synth_1/prj/sol/.autopilot/db/v_frmbuf_rd.pp.0.cpp:21479:13: warning: Added loop label VITIS_LOOP_243_9:   [xilinx-label-all-loops]
            for (int j = 21; j >= I_+10; j--) {
            ^~~
            VITIS_LOOP_243_9: 
/home/e/Documents/research/byotee/OSDZU3_Ref_Design/OSDZU3_Ref_Design.runs/design_1_v_frmbuf_rd_1_0_synth_1/prj/sol/.autopilot/db/v_frmbuf_rd.pp.0.cpp:21479:13: note: FIX-IT applied suggested code changes
/home/e/Documents/research/byotee/OSDZU3_Ref_Design/OSDZU3_Ref_Design.runs/design_1_v_frmbuf_rd_1_0_synth_1/prj/sol/.autopilot/db/v_frmbuf_rd.pp.0.cpp:21485:17: warning: Added loop label VITIS_LOOP_249_10:   [xilinx-label-all-loops]
                for (int j = 21; j >= I_+10; j--) {
                ^~~
                VITIS_LOOP_249_10: 
/home/e/Documents/research/byotee/OSDZU3_Ref_Design/OSDZU3_Ref_Design.runs/design_1_v_frmbuf_rd_1_0_synth_1/prj/sol/.autopilot/db/v_frmbuf_rd.pp.0.cpp:21485:17: note: FIX-IT applied suggested code changes
/home/e/Documents/research/byotee/OSDZU3_Ref_Design/OSDZU3_Ref_Design.runs/design_1_v_frmbuf_rd_1_0_synth_1/prj/sol/.autopilot/db/v_frmbuf_rd.pp.0.cpp:21489:17: warning: Added loop label VITIS_LOOP_253_11:   [xilinx-label-all-loops]
                for (int j = I_+9; j >= 0; j--) {
                ^~~
                VITIS_LOOP_253_11: 
/home/e/Documents/research/byotee/OSDZU3_Ref_Design/OSDZU3_Ref_Design.runs/design_1_v_frmbuf_rd_1_0_synth_1/prj/sol/.autopilot/db/v_frmbuf_rd.pp.0.cpp:21489:17: note: FIX-IT applied suggested code changes
/home/e/Documents/research/byotee/OSDZU3_Ref_Design/OSDZU3_Ref_Design.runs/design_1_v_frmbuf_rd_1_0_synth_1/prj/sol/.autopilot/db/v_frmbuf_rd.pp.0.cpp:21504:9: warning: Added loop label VITIS_LOOP_268_12:   [xilinx-label-all-loops]
        for (int j = 27; j < 46; j++){
        ^~~
        VITIS_LOOP_268_12: 
/home/e/Documents/research/byotee/OSDZU3_Ref_Design/OSDZU3_Ref_Design.runs/design_1_v_frmbuf_rd_1_0_synth_1/prj/sol/.autopilot/db/v_frmbuf_rd.pp.0.cpp:21504:9: note: FIX-IT applied suggested code changes
/home/e/Documents/research/byotee/OSDZU3_Ref_Design/OSDZU3_Ref_Design.runs/design_1_v_frmbuf_rd_1_0_synth_1/prj/sol/.autopilot/db/v_frmbuf_rd.pp.0.cpp:21512:17: warning: Added loop label VITIS_LOOP_276_13:   [xilinx-label-all-loops]
                for (int j = 0; j < 46; j++) {
                ^~~
                VITIS_LOOP_276_13: 
/home/e/Documents/research/byotee/OSDZU3_Ref_Design/OSDZU3_Ref_Design.runs/design_1_v_frmbuf_rd_1_0_synth_1/prj/sol/.autopilot/db/v_frmbuf_rd.pp.0.cpp:21512:17: note: FIX-IT applied suggested code changes
/home/e/Documents/research/byotee/OSDZU3_Ref_Design/OSDZU3_Ref_Design.runs/design_1_v_frmbuf_rd_1_0_synth_1/prj/sol/.autopilot/db/v_frmbuf_rd.pp.0.cpp:21741:13: warning: Added loop label VITIS_LOOP_505_14:   [xilinx-label-all-loops]
            for (int j = 45; j >= I_+22; j--) {
            ^~~
            VITIS_LOOP_505_14: 
/home/e/Documents/research/byotee/OSDZU3_Ref_Design/OSDZU3_Ref_Design.runs/design_1_v_frmbuf_rd_1_0_synth_1/prj/sol/.autopilot/db/v_frmbuf_rd.pp.0.cpp:21741:13: note: FIX-IT applied suggested code changes
/home/e/Documents/research/byotee/OSDZU3_Ref_Design/OSDZU3_Ref_Design.runs/design_1_v_frmbuf_rd_1_0_synth_1/prj/sol/.autopilot/db/v_frmbuf_rd.pp.0.cpp:21747:17: warning: Added loop label VITIS_LOOP_511_15:   [xilinx-label-all-loops]
                for (int j = 45; j >= I_+22; j--){
                ^~~
                VITIS_LOOP_511_15: 
/home/e/Documents/research/byotee/OSDZU3_Ref_Design/OSDZU3_Ref_Design.runs/design_1_v_frmbuf_rd_1_0_synth_1/prj/sol/.autopilot/db/v_frmbuf_rd.pp.0.cpp:21747:17: note: FIX-IT applied suggested code changes
/home/e/Documents/research/byotee/OSDZU3_Ref_Design/OSDZU3_Ref_Design.runs/design_1_v_frmbuf_rd_1_0_synth_1/prj/sol/.autopilot/db/v_frmbuf_rd.pp.0.cpp:21751:17: warning: Added loop label VITIS_LOOP_515_16:   [xilinx-label-all-loops]
                for (int j = I_+21; j >= 0; j--) {
                ^~~
                VITIS_LOOP_515_16: 
/home/e/Documents/research/byotee/OSDZU3_Ref_Design/OSDZU3_Ref_Design.runs/design_1_v_frmbuf_rd_1_0_synth_1/prj/sol/.autopilot/db/v_frmbuf_rd.pp.0.cpp:21751:17: note: FIX-IT applied suggested code changes
/home/e/Documents/research/byotee/OSDZU3_Ref_Design/OSDZU3_Ref_Design.runs/design_1_v_frmbuf_rd_1_0_synth_1/prj/sol/.autopilot/db/v_frmbuf_rd.pp.0.cpp:21761:9: warning: Added loop label VITIS_LOOP_525_17:   [xilinx-label-all-loops]
        for (int j = 32-F_; j < 32+I_; j++){
        ^~~
        VITIS_LOOP_525_17: 
/home/e/Documents/research/byotee/OSDZU3_Ref_Design/OSDZU3_Ref_Design.runs/design_1_v_frmbuf_rd_1_0_synth_1/prj/sol/.autopilot/db/v_frmbuf_rd.pp.0.cpp:21761:9: note: FIX-IT applied suggested code changes
/home/e/Documents/research/byotee/OSDZU3_Ref_Design/OSDZU3_Ref_Design.runs/design_1_v_frmbuf_rd_1_0_synth_1/prj/sol/.autopilot/db/v_frmbuf_rd.pp.0.cpp:21765:9: warning: Added loop label VITIS_LOOP_529_18:   [xilinx-label-all-loops]
        for (int j = 32+I_; j <= 64; j++){
        ^~~
        VITIS_LOOP_529_18: 
/home/e/Documents/research/byotee/OSDZU3_Ref_Design/OSDZU3_Ref_Design.runs/design_1_v_frmbuf_rd_1_0_synth_1/prj/sol/.autopilot/db/v_frmbuf_rd.pp.0.cpp:21765:9: note: FIX-IT applied suggested code changes
/home/e/Documents/research/byotee/OSDZU3_Ref_Design/OSDZU3_Ref_Design.runs/design_1_v_frmbuf_rd_1_0_synth_1/prj/sol/.autopilot/db/v_frmbuf_rd.pp.0.cpp:21775:9: warning: Added loop label VITIS_LOOP_539_19:   [xilinx-label-all-loops]
        for (int j = 37; j < 64; j++) {
        ^~~
        VITIS_LOOP_539_19: 
/home/e/Documents/research/byotee/OSDZU3_Ref_Design/OSDZU3_Ref_Design.runs/design_1_v_frmbuf_rd_1_0_synth_1/prj/sol/.autopilot/db/v_frmbuf_rd.pp.0.cpp:21775:9: note: FIX-IT applied suggested code changes
/home/e/Documents/research/byotee/OSDZU3_Ref_Design/OSDZU3_Ref_Design.runs/design_1_v_frmbuf_rd_1_0_synth_1/prj/sol/.autopilot/db/v_frmbuf_rd.pp.0.cpp:21783:17: warning: Added loop label VITIS_LOOP_547_20:   [xilinx-label-all-loops]
                for (int j = 0; j < 64; j++){
                ^~~
                VITIS_LOOP_547_20: 
/home/e/Documents/research/byotee/OSDZU3_Ref_Design/OSDZU3_Ref_Design.runs/design_1_v_frmbuf_rd_1_0_synth_1/prj/sol/.autopilot/db/v_frmbuf_rd.pp.0.cpp:21783:17: note: FIX-IT applied suggested code changes
/home/e/Documents/research/byotee/OSDZU3_Ref_Design/OSDZU3_Ref_Design.runs/design_1_v_frmbuf_rd_1_0_synth_1/prj/sol/.autopilot/db/v_frmbuf_rd.pp.0.cpp:22144:13: warning: Added loop label VITIS_LOOP_908_21:   [xilinx-label-all-loops]
            for (int j = 63; j >= I_+31; j--) {
            ^~~
            VITIS_LOOP_908_21: 
/home/e/Documents/research/byotee/OSDZU3_Ref_Design/OSDZU3_Ref_Design.runs/design_1_v_frmbuf_rd_1_0_synth_1/prj/sol/.autopilot/db/v_frmbuf_rd.pp.0.cpp:22144:13: note: FIX-IT applied suggested code changes
/home/e/Documents/research/byotee/OSDZU3_Ref_Design/OSDZU3_Ref_Design.runs/design_1_v_frmbuf_rd_1_0_synth_1/prj/sol/.autopilot/db/v_frmbuf_rd.pp.0.cpp:22150:17: warning: Added loop label VITIS_LOOP_914_22:   [xilinx-label-all-loops]
                for (int j = 63; j >= I_+31; j--) {
                ^~~
                VITIS_LOOP_914_22: 
/home/e/Documents/research/byotee/OSDZU3_Ref_Design/OSDZU3_Ref_Design.runs/design_1_v_frmbuf_rd_1_0_synth_1/prj/sol/.autopilot/db/v_frmbuf_rd.pp.0.cpp:22150:17: note: FIX-IT applied suggested code changes
/home/e/Documents/research/byotee/OSDZU3_Ref_Design/OSDZU3_Ref_Design.runs/design_1_v_frmbuf_rd_1_0_synth_1/prj/sol/.autopilot/db/v_frmbuf_rd.pp.0.cpp:22154:17: warning: Added loop label VITIS_LOOP_918_23:   [xilinx-label-all-loops]
                for (int j = I_+30; j >= 0; j--) {
                ^~~
                VITIS_LOOP_918_23: 
/home/e/Documents/research/byotee/OSDZU3_Ref_Design/OSDZU3_Ref_Design.runs/design_1_v_frmbuf_rd_1_0_synth_1/prj/sol/.autopilot/db/v_frmbuf_rd.pp.0.cpp:22154:17: note: FIX-IT applied suggested code changes
/home/e/Documents/research/byotee/OSDZU3_Ref_Design/OSDZU3_Ref_Design.runs/design_1_v_frmbuf_rd_1_0_synth_1/prj/sol/.autopilot/db/v_frmbuf_rd.pp.0.cpp:22270:13: warning: Added loop label VITIS_LOOP_1034_1:   [xilinx-label-all-loops]
            for (int j = 4; j >= I_+1; j--) {
            ^~~
            VITIS_LOOP_1034_1: 
/home/e/Documents/research/byotee/OSDZU3_Ref_Design/OSDZU3_Ref_Design.runs/design_1_v_frmbuf_rd_1_0_synth_1/prj/sol/.autopilot/db/v_frmbuf_rd.pp.0.cpp:22270:13: note: FIX-IT applied suggested code changes
/home/e/Documents/research/byotee/OSDZU3_Ref_Design/OSDZU3_Ref_Design.runs/design_1_v_frmbuf_rd_1_0_synth_1/prj/sol/.autopilot/db/v_frmbuf_rd.pp.0.cpp:22276:17: warning: Added loop label VITIS_LOOP_1040_2:   [xilinx-label-all-loops]
                for (int j = 4; j >= I_+1; j--) {
                ^~~
                VITIS_LOOP_1040_2: 
/home/e/Documents/research/byotee/OSDZU3_Ref_Design/OSDZU3_Ref_Design.runs/design_1_v_frmbuf_rd_1_0_synth_1/prj/sol/.autopilot/db/v_frmbuf_rd.pp.0.cpp:22276:17: note: FIX-IT applied suggested code changes
/home/e/Documents/research/byotee/OSDZU3_Ref_Design/OSDZU3_Ref_Design.runs/design_1_v_frmbuf_rd_1_0_synth_1/prj/sol/.autopilot/db/v_frmbuf_rd.pp.0.cpp:22280:17: warning: Added loop label VITIS_LOOP_1044_3:   [xilinx-label-all-loops]
                for (int j = I_; j >= 0; j--) {
                ^~~
                VITIS_LOOP_1044_3: 
/home/e/Documents/research/byotee/OSDZU3_Ref_Design/OSDZU3_Ref_Design.runs/design_1_v_frmbuf_rd_1_0_synth_1/prj/sol/.autopilot/db/v_frmbuf_rd.pp.0.cpp:22280:17: note: FIX-IT applied suggested code changes
/home/e/Documents/research/byotee/OSDZU3_Ref_Design/OSDZU3_Ref_Design.runs/design_1_v_frmbuf_rd_1_0_synth_1/prj/sol/.autopilot/db/v_frmbuf_rd.pp.0.cpp:22367:13: warning: Added loop label VITIS_LOOP_1131_4:   [xilinx-label-all-loops]
            for (int j = 10; j >= I_+4; j--) {
            ^~~
            VITIS_LOOP_1131_4: 
/home/e/Documents/research/byotee/OSDZU3_Ref_Design/OSDZU3_Ref_Design.runs/design_1_v_frmbuf_rd_1_0_synth_1/prj/sol/.autopilot/db/v_frmbuf_rd.pp.0.cpp:22367:13: note: FIX-IT applied suggested code changes
/home/e/Documents/research/byotee/OSDZU3_Ref_Design/OSDZU3_Ref_Design.runs/design_1_v_frmbuf_rd_1_0_synth_1/prj/sol/.autopilot/db/v_frmbuf_rd.pp.0.cpp:22373:17: warning: Added loop label VITIS_LOOP_1137_5:   [xilinx-label-all-loops]
                for (int j = 10; j >= I_+4; j--) {
                ^~~
                VITIS_LOOP_1137_5: 
/home/e/Documents/research/byotee/OSDZU3_Ref_Design/OSDZU3_Ref_Design.runs/design_1_v_frmbuf_rd_1_0_synth_1/prj/sol/.autopilot/db/v_frmbuf_rd.pp.0.cpp:22373:17: note: FIX-IT applied suggested code changes
/home/e/Documents/research/byotee/OSDZU3_Ref_Design/OSDZU3_Ref_Design.runs/design_1_v_frmbuf_rd_1_0_synth_1/prj/sol/.autopilot/db/v_frmbuf_rd.pp.0.cpp:22377:17: warning: Added loop label VITIS_LOOP_1141_6:   [xilinx-label-all-loops]
                for (int j = I_+3; j >= 0; j--) {
                ^~~
                VITIS_LOOP_1141_6: 
/home/e/Documents/research/byotee/OSDZU3_Ref_Design/OSDZU3_Ref_Design.runs/design_1_v_frmbuf_rd_1_0_synth_1/prj/sol/.autopilot/db/v_frmbuf_rd.pp.0.cpp:22377:17: note: FIX-IT applied suggested code changes
/home/e/Documents/research/byotee/OSDZU3_Ref_Design/OSDZU3_Ref_Design.runs/design_1_v_frmbuf_rd_1_0_synth_1/prj/sol/.autopilot/db/v_frmbuf_rd.pp.0.cpp:22396:9: warning: Added loop label VITIS_LOOP_1160_7:   [xilinx-label-all-loops]
        for (int j = wf+3; j < w-1; j++) {
        ^~~
        VITIS_LOOP_1160_7: 
/home/e/Documents/research/byotee/OSDZU3_Ref_Design/OSDZU3_Ref_Design.runs/design_1_v_frmbuf_rd_1_0_synth_1/prj/sol/.autopilot/db/v_frmbuf_rd.pp.0.cpp:22396:9: note: FIX-IT applied suggested code changes
/home/e/Documents/research/byotee/OSDZU3_Ref_Design/OSDZU3_Ref_Design.runs/design_1_v_frmbuf_rd_1_0_synth_1/prj/sol/.autopilot/db/v_frmbuf_rd.pp.0.cpp:22403:17: warning: Added loop label VITIS_LOOP_1167_8:   [xilinx-label-all-loops]
                for (int j = 0; j < 22; j++) {
                ^~~
                VITIS_LOOP_1167_8: 
/home/e/Documents/research/byotee/OSDZU3_Ref_Design/OSDZU3_Ref_Design.runs/design_1_v_frmbuf_rd_1_0_synth_1/prj/sol/.autopilot/db/v_frmbuf_rd.pp.0.cpp:22403:17: note: FIX-IT applied suggested code changes
/home/e/Documents/research/byotee/OSDZU3_Ref_Design/OSDZU3_Ref_Design.runs/design_1_v_frmbuf_rd_1_0_synth_1/prj/sol/.autopilot/db/v_frmbuf_rd.pp.0.cpp:22519:13: warning: Added loop label VITIS_LOOP_1283_9:   [xilinx-label-all-loops]
            for (int j = 22; j >= I_+10; j--) {
            ^~~
            VITIS_LOOP_1283_9: 
/home/e/Documents/research/byotee/OSDZU3_Ref_Design/OSDZU3_Ref_Design.runs/design_1_v_frmbuf_rd_1_0_synth_1/prj/sol/.autopilot/db/v_frmbuf_rd.pp.0.cpp:22519:13: note: FIX-IT applied suggested code changes
/home/e/Documents/research/byotee/OSDZU3_Ref_Design/OSDZU3_Ref_Design.runs/design_1_v_frmbuf_rd_1_0_synth_1/prj/sol/.autopilot/db/v_frmbuf_rd.pp.0.cpp:22525:17: warning: Added loop label VITIS_LOOP_1289_10:   [xilinx-label-all-loops]
                for (int j = 22; j >= I_+10; j--){
                ^~~
                VITIS_LOOP_1289_10: 
/home/e/Documents/research/byotee/OSDZU3_Ref_Design/OSDZU3_Ref_Design.runs/design_1_v_frmbuf_rd_1_0_synth_1/prj/sol/.autopilot/db/v_frmbuf_rd.pp.0.cpp:22525:17: note: FIX-IT applied suggested code changes
/home/e/Documents/research/byotee/OSDZU3_Ref_Design/OSDZU3_Ref_Design.runs/design_1_v_frmbuf_rd_1_0_synth_1/prj/sol/.autopilot/db/v_frmbuf_rd.pp.0.cpp:22529:17: warning: Added loop label VITIS_LOOP_1293_11:   [xilinx-label-all-loops]
                for (int j = I_+9; j >= 0; j--) {
                ^~~
                VITIS_LOOP_1293_11: 
/home/e/Documents/research/byotee/OSDZU3_Ref_Design/OSDZU3_Ref_Design.runs/design_1_v_frmbuf_rd_1_0_synth_1/prj/sol/.autopilot/db/v_frmbuf_rd.pp.0.cpp:22529:17: note: FIX-IT applied suggested code changes
/home/e/Documents/research/byotee/OSDZU3_Ref_Design/OSDZU3_Ref_Design.runs/design_1_v_frmbuf_rd_1_0_synth_1/prj/sol/.autopilot/db/v_frmbuf_rd.pp.0.cpp:22549:9: warning: Added loop label VITIS_LOOP_1313_12:   [xilinx-label-all-loops]
        for (int j = wf+4; j < w-1; j++){
        ^~~
        VITIS_LOOP_1313_12: 
/home/e/Documents/research/byotee/OSDZU3_Ref_Design/OSDZU3_Ref_Design.runs/design_1_v_frmbuf_rd_1_0_synth_1/prj/sol/.autopilot/db/v_frmbuf_rd.pp.0.cpp:22549:9: note: FIX-IT applied suggested code changes
/home/e/Documents/research/byotee/OSDZU3_Ref_Design/OSDZU3_Ref_Design.runs/design_1_v_frmbuf_rd_1_0_synth_1/prj/sol/.autopilot/db/v_frmbuf_rd.pp.0.cpp:22556:17: warning: Added loop label VITIS_LOOP_1320_13:   [xilinx-label-all-loops]
                for (int j = 0; j < 46; j++) {
                ^~~
                VITIS_LOOP_1320_13: 
/home/e/Documents/research/byotee/OSDZU3_Ref_Design/OSDZU3_Ref_Design.runs/design_1_v_frmbuf_rd_1_0_synth_1/prj/sol/.autopilot/db/v_frmbuf_rd.pp.0.cpp:22556:17: note: FIX-IT applied suggested code changes
/home/e/Documents/research/byotee/OSDZU3_Ref_Design/OSDZU3_Ref_Design.runs/design_1_v_frmbuf_rd_1_0_synth_1/prj/sol/.autopilot/db/v_frmbuf_rd.pp.0.cpp:22818:13: warning: Added loop label VITIS_LOOP_1582_14:   [xilinx-label-all-loops]
            for (int j = 46; j >= I_+22; j--) {
            ^~~
            VITIS_LOOP_1582_14: 
/home/e/Documents/research/byotee/OSDZU3_Ref_Design/OSDZU3_Ref_Design.runs/design_1_v_frmbuf_rd_1_0_synth_1/prj/sol/.autopilot/db/v_frmbuf_rd.pp.0.cpp:22818:13: note: FIX-IT applied suggested code changes
/home/e/Documents/research/byotee/OSDZU3_Ref_Design/OSDZU3_Ref_Design.runs/design_1_v_frmbuf_rd_1_0_synth_1/prj/sol/.autopilot/db/v_frmbuf_rd.pp.0.cpp:22824:17: warning: Added loop label VITIS_LOOP_1588_15:   [xilinx-label-all-loops]
                for (int j = 46; j >= I_+22; j--) {
                ^~~
                VITIS_LOOP_1588_15: 
/home/e/Documents/research/byotee/OSDZU3_Ref_Design/OSDZU3_Ref_Design.runs/design_1_v_frmbuf_rd_1_0_synth_1/prj/sol/.autopilot/db/v_frmbuf_rd.pp.0.cpp:22824:17: note: FIX-IT applied suggested code changes
/home/e/Documents/research/byotee/OSDZU3_Ref_Design/OSDZU3_Ref_Design.runs/design_1_v_frmbuf_rd_1_0_synth_1/prj/sol/.autopilot/db/v_frmbuf_rd.pp.0.cpp:22828:17: warning: Added loop label VITIS_LOOP_1592_16:   [xilinx-label-all-loops]
                for (int j = I_+21; j >= 0; j--) {
                ^~~
                VITIS_LOOP_1592_16: 
/home/e/Documents/research/byotee/OSDZU3_Ref_Design/OSDZU3_Ref_Design.runs/design_1_v_frmbuf_rd_1_0_synth_1/prj/sol/.autopilot/db/v_frmbuf_rd.pp.0.cpp:22828:17: note: FIX-IT applied suggested code changes
/home/e/Documents/research/byotee/OSDZU3_Ref_Design/OSDZU3_Ref_Design.runs/design_1_v_frmbuf_rd_1_0_synth_1/prj/sol/.autopilot/db/v_frmbuf_rd.pp.0.cpp:22852:9: warning: Added loop label VITIS_LOOP_1616_17:   [xilinx-label-all-loops]
        for (int j = wf+5; j < w-1; j++){
        ^~~
        VITIS_LOOP_1616_17: 
/home/e/Documents/research/byotee/OSDZU3_Ref_Design/OSDZU3_Ref_Design.runs/design_1_v_frmbuf_rd_1_0_synth_1/prj/sol/.autopilot/db/v_frmbuf_rd.pp.0.cpp:22852:9: note: FIX-IT applied suggested code changes
/home/e/Documents/research/byotee/OSDZU3_Ref_Design/OSDZU3_Ref_Design.runs/design_1_v_frmbuf_rd_1_0_synth_1/prj/sol/.autopilot/db/v_frmbuf_rd.pp.0.cpp:22859:17: warning: Added loop label VITIS_LOOP_1623_18:   [xilinx-label-all-loops]
                for (int j = 0; j < 64; j++) {
                ^~~
                VITIS_LOOP_1623_18: 
/home/e/Documents/research/byotee/OSDZU3_Ref_Design/OSDZU3_Ref_Design.runs/design_1_v_frmbuf_rd_1_0_synth_1/prj/sol/.autopilot/db/v_frmbuf_rd.pp.0.cpp:22859:17: note: FIX-IT applied suggested code changes
/home/e/Documents/research/byotee/OSDZU3_Ref_Design/OSDZU3_Ref_Design.runs/design_1_v_frmbuf_rd_1_0_synth_1/prj/sol/.autopilot/db/v_frmbuf_rd.pp.0.cpp:23289:13: warning: Added loop label VITIS_LOOP_2053_19:   [xilinx-label-all-loops]
            for (int j = 64; j >= I_+31; j--) {
            ^~~
            VITIS_LOOP_2053_19: 
/home/e/Documents/research/byotee/OSDZU3_Ref_Design/OSDZU3_Ref_Design.runs/design_1_v_frmbuf_rd_1_0_synth_1/prj/sol/.autopilot/db/v_frmbuf_rd.pp.0.cpp:23289:13: note: FIX-IT applied suggested code changes
/home/e/Documents/research/byotee/OSDZU3_Ref_Design/OSDZU3_Ref_Design.runs/design_1_v_frmbuf_rd_1_0_synth_1/prj/sol/.autopilot/db/v_frmbuf_rd.pp.0.cpp:23295:17: warning: Added loop label VITIS_LOOP_2059_20:   [xilinx-label-all-loops]
                for (int j = 64; j >= I_+31; j--) {
                ^~~
                VITIS_LOOP_2059_20: 
/home/e/Documents/research/byotee/OSDZU3_Ref_Design/OSDZU3_Ref_Design.runs/design_1_v_frmbuf_rd_1_0_synth_1/prj/sol/.autopilot/db/v_frmbuf_rd.pp.0.cpp:23295:17: note: FIX-IT applied suggested code changes
/home/e/Documents/research/byotee/OSDZU3_Ref_Design/OSDZU3_Ref_Design.runs/design_1_v_frmbuf_rd_1_0_synth_1/prj/sol/.autopilot/db/v_frmbuf_rd.pp.0.cpp:23299:17: warning: Added loop label VITIS_LOOP_2063_21:   [xilinx-label-all-loops]
                for (int j = I_+30; j >= 0; j--) {
                ^~~
                VITIS_LOOP_2063_21: 
/home/e/Documents/research/byotee/OSDZU3_Ref_Design/OSDZU3_Ref_Design.runs/design_1_v_frmbuf_rd_1_0_synth_1/prj/sol/.autopilot/db/v_frmbuf_rd.pp.0.cpp:23299:17: note: FIX-IT applied suggested code changes
/home/e/Documents/research/byotee/OSDZU3_Ref_Design/OSDZU3_Ref_Design.runs/design_1_v_frmbuf_rd_1_0_synth_1/prj/sol/.autopilot/db/v_frmbuf_rd.pp.0.cpp:23428:13: warning: Added loop label VITIS_LOOP_2192_1:   [xilinx-label-all-loops]
            for(int j=3; j>=I+1; j--) {
            ^~~
            VITIS_LOOP_2192_1: 
/home/e/Documents/research/byotee/OSDZU3_Ref_Design/OSDZU3_Ref_Design.runs/design_1_v_frmbuf_rd_1_0_synth_1/prj/sol/.autopilot/db/v_frmbuf_rd.pp.0.cpp:23428:13: note: FIX-IT applied suggested code changes
/home/e/Documents/research/byotee/OSDZU3_Ref_Design/OSDZU3_Ref_Design.runs/design_1_v_frmbuf_rd_1_0_synth_1/prj/sol/.autopilot/db/v_frmbuf_rd.pp.0.cpp:23435:17: warning: Added loop label VITIS_LOOP_2199_2:   [xilinx-label-all-loops]
                for(int j=3; j>=I+1; j--) {
                ^~~
                VITIS_LOOP_2199_2: 
/home/e/Documents/research/byotee/OSDZU3_Ref_Design/OSDZU3_Ref_Design.runs/design_1_v_frmbuf_rd_1_0_synth_1/prj/sol/.autopilot/db/v_frmbuf_rd.pp.0.cpp:23435:17: note: FIX-IT applied suggested code changes
/home/e/Documents/research/byotee/OSDZU3_Ref_Design/OSDZU3_Ref_Design.runs/design_1_v_frmbuf_rd_1_0_synth_1/prj/sol/.autopilot/db/v_frmbuf_rd.pp.0.cpp:23439:17: warning: Added loop label VITIS_LOOP_2203_3:   [xilinx-label-all-loops]
                for(int j=I; j>=0; j--) {
                ^~~
                VITIS_LOOP_2203_3: 
/home/e/Documents/research/byotee/OSDZU3_Ref_Design/OSDZU3_Ref_Design.runs/design_1_v_frmbuf_rd_1_0_synth_1/prj/sol/.autopilot/db/v_frmbuf_rd.pp.0.cpp:23439:17: note: FIX-IT applied suggested code changes
/home/e/Documents/research/byotee/OSDZU3_Ref_Design/OSDZU3_Ref_Design.runs/design_1_v_frmbuf_rd_1_0_synth_1/prj/sol/.autopilot/db/v_frmbuf_rd.pp.0.cpp:23486:13: warning: Added loop label VITIS_LOOP_2250_4:   [xilinx-label-all-loops]
            for(int j=7; j>=3+I; j--) {
            ^~~
            VITIS_LOOP_2250_4: 
/home/e/Documents/research/byotee/OSDZU3_Ref_Design/OSDZU3_Ref_Design.runs/design_1_v_frmbuf_rd_1_0_synth_1/prj/sol/.autopilot/db/v_frmbuf_rd.pp.0.cpp:23486:13: note: FIX-IT applied suggested code changes
/home/e/Documents/research/byotee/OSDZU3_Ref_Design/OSDZU3_Ref_Design.runs/design_1_v_frmbuf_rd_1_0_synth_1/prj/sol/.autopilot/db/v_frmbuf_rd.pp.0.cpp:23493:17: warning: Added loop label VITIS_LOOP_2257_5:   [xilinx-label-all-loops]
                for(int j=7; j>=3+I; j--) {
                ^~~
                VITIS_LOOP_2257_5: 
/home/e/Documents/research/byotee/OSDZU3_Ref_Design/OSDZU3_Ref_Design.runs/design_1_v_frmbuf_rd_1_0_synth_1/prj/sol/.autopilot/db/v_frmbuf_rd.pp.0.cpp:23493:17: note: FIX-IT applied suggested code changes
/home/e/Documents/research/byotee/OSDZU3_Ref_Design/OSDZU3_Ref_Design.runs/design_1_v_frmbuf_rd_1_0_synth_1/prj/sol/.autopilot/db/v_frmbuf_rd.pp.0.cpp:23497:17: warning: Added loop label VITIS_LOOP_2261_6:   [xilinx-label-all-loops]
                for(int j=I+2; j>=0; j--) {
                ^~~
                VITIS_LOOP_2261_6: 
/home/e/Documents/research/byotee/OSDZU3_Ref_Design/OSDZU3_Ref_Design.runs/design_1_v_frmbuf_rd_1_0_synth_1/prj/sol/.autopilot/db/v_frmbuf_rd.pp.0.cpp:23497:17: note: FIX-IT applied suggested code changes
/home/e/Documents/research/byotee/OSDZU3_Ref_Design/OSDZU3_Ref_Design.runs/design_1_v_frmbuf_rd_1_0_synth_1/prj/sol/.autopilot/db/v_frmbuf_rd.pp.0.cpp:23515:9: warning: Added loop label VITIS_LOOP_2279_7:   [xilinx-label-all-loops]
        for(int j=11; j<16; j++) {
        ^~~
        VITIS_LOOP_2279_7: 
/home/e/Documents/research/byotee/OSDZU3_Ref_Design/OSDZU3_Ref_Design.runs/design_1_v_frmbuf_rd_1_0_synth_1/prj/sol/.autopilot/db/v_frmbuf_rd.pp.0.cpp:23515:9: note: FIX-IT applied suggested code changes
/home/e/Documents/research/byotee/OSDZU3_Ref_Design/OSDZU3_Ref_Design.runs/design_1_v_frmbuf_rd_1_0_synth_1/prj/sol/.autopilot/db/v_frmbuf_rd.pp.0.cpp:23570:13: warning: Added loop label VITIS_LOOP_2334_8:   [xilinx-label-all-loops]
            for(int j=15; j>=7+I; j--) {
            ^~~
            VITIS_LOOP_2334_8: 
/home/e/Documents/research/byotee/OSDZU3_Ref_Design/OSDZU3_Ref_Design.runs/design_1_v_frmbuf_rd_1_0_synth_1/prj/sol/.autopilot/db/v_frmbuf_rd.pp.0.cpp:23570:13: note: FIX-IT applied suggested code changes
/home/e/Documents/research/byotee/OSDZU3_Ref_Design/OSDZU3_Ref_Design.runs/design_1_v_frmbuf_rd_1_0_synth_1/prj/sol/.autopilot/db/v_frmbuf_rd.pp.0.cpp:23577:17: warning: Added loop label VITIS_LOOP_2341_9:   [xilinx-label-all-loops]
                for(int j=15; j>=7+I; j--) {
                ^~~
                VITIS_LOOP_2341_9: 
/home/e/Documents/research/byotee/OSDZU3_Ref_Design/OSDZU3_Ref_Design.runs/design_1_v_frmbuf_rd_1_0_synth_1/prj/sol/.autopilot/db/v_frmbuf_rd.pp.0.cpp:23577:17: note: FIX-IT applied suggested code changes
/home/e/Documents/research/byotee/OSDZU3_Ref_Design/OSDZU3_Ref_Design.runs/design_1_v_frmbuf_rd_1_0_synth_1/prj/sol/.autopilot/db/v_frmbuf_rd.pp.0.cpp:23581:17: warning: Added loop label VITIS_LOOP_2345_10:   [xilinx-label-all-loops]
                for(int j=6+I; j>=0; j--) {
                ^~~
                VITIS_LOOP_2345_10: 
/home/e/Documents/research/byotee/OSDZU3_Ref_Design/OSDZU3_Ref_Design.runs/design_1_v_frmbuf_rd_1_0_synth_1/prj/sol/.autopilot/db/v_frmbuf_rd.pp.0.cpp:23581:17: note: FIX-IT applied suggested code changes
/home/e/Documents/research/byotee/OSDZU3_Ref_Design/OSDZU3_Ref_Design.runs/design_1_v_frmbuf_rd_1_0_synth_1/prj/sol/.autopilot/db/v_frmbuf_rd.pp.0.cpp:23599:9: warning: Added loop label VITIS_LOOP_2363_11:   [xilinx-label-all-loops]
        for(int j=20; j<32; j++) {
        ^~~
        VITIS_LOOP_2363_11: 
/home/e/Documents/research/byotee/OSDZU3_Ref_Design/OSDZU3_Ref_Design.runs/design_1_v_frmbuf_rd_1_0_synth_1/prj/sol/.autopilot/db/v_frmbuf_rd.pp.0.cpp:23599:9: note: FIX-IT applied suggested code changes
/home/e/Documents/research/byotee/OSDZU3_Ref_Design/OSDZU3_Ref_Design.runs/design_1_v_frmbuf_rd_1_0_synth_1/prj/sol/.autopilot/db/v_frmbuf_rd.pp.0.cpp:23688:13: warning: Added loop label VITIS_LOOP_2452_12:   [xilinx-label-all-loops]
            for(int j=31; j>=I+15; j--) {
            ^~~
            VITIS_LOOP_2452_12: 
/home/e/Documents/research/byotee/OSDZU3_Ref_Design/OSDZU3_Ref_Design.runs/design_1_v_frmbuf_rd_1_0_synth_1/prj/sol/.autopilot/db/v_frmbuf_rd.pp.0.cpp:23688:13: note: FIX-IT applied suggested code changes
/home/e/Documents/research/byotee/OSDZU3_Ref_Design/OSDZU3_Ref_Design.runs/design_1_v_frmbuf_rd_1_0_synth_1/prj/sol/.autopilot/db/v_frmbuf_rd.pp.0.cpp:23695:17: warning: Added loop label VITIS_LOOP_2459_13:   [xilinx-label-all-loops]
                for(int j=31; j>=I+15; j--) {
                ^~~
                VITIS_LOOP_2459_13: 
/home/e/Documents/research/byotee/OSDZU3_Ref_Design/OSDZU3_Ref_Design.runs/design_1_v_frmbuf_rd_1_0_synth_1/prj/sol/.autopilot/db/v_frmbuf_rd.pp.0.cpp:23695:17: note: FIX-IT applied suggested code changes
/home/e/Documents/research/byotee/OSDZU3_Ref_Design/OSDZU3_Ref_Design.runs/design_1_v_frmbuf_rd_1_0_synth_1/prj/sol/.autopilot/db/v_frmbuf_rd.pp.0.cpp:23699:17: warning: Added loop label VITIS_LOOP_2463_14:   [xilinx-label-all-loops]
                for(int j=I+14; j>=0; j--) {
                ^~~
                VITIS_LOOP_2463_14: 
/home/e/Documents/research/byotee/OSDZU3_Ref_Design/OSDZU3_Ref_Design.runs/design_1_v_frmbuf_rd_1_0_synth_1/prj/sol/.autopilot/db/v_frmbuf_rd.pp.0.cpp:23699:17: note: FIX-IT applied suggested code changes
/home/e/Documents/research/byotee/OSDZU3_Ref_Design/OSDZU3_Ref_Design.runs/design_1_v_frmbuf_rd_1_0_synth_1/prj/sol/.autopilot/db/v_frmbuf_rd.pp.0.cpp:23709:9: warning: Added loop label VITIS_LOOP_2473_15:   [xilinx-label-all-loops]
        for(int j=32-F; j<32+I; j++) {
        ^~~
        VITIS_LOOP_2473_15: 
/home/e/Documents/research/byotee/OSDZU3_Ref_Design/OSDZU3_Ref_Design.runs/design_1_v_frmbuf_rd_1_0_synth_1/prj/sol/.autopilot/db/v_frmbuf_rd.pp.0.cpp:23709:9: note: FIX-IT applied suggested code changes
/home/e/Documents/research/byotee/OSDZU3_Ref_Design/OSDZU3_Ref_Design.runs/design_1_v_frmbuf_rd_1_0_synth_1/prj/sol/.autopilot/db/v_frmbuf_rd.pp.0.cpp:23713:9: warning: Added loop label VITIS_LOOP_2477_16:   [xilinx-label-all-loops]
        for(int j=32+I; j<=64; j++) {
        ^~~
        VITIS_LOOP_2477_16: 
/home/e/Documents/research/byotee/OSDZU3_Ref_Design/OSDZU3_Ref_Design.runs/design_1_v_frmbuf_rd_1_0_synth_1/prj/sol/.autopilot/db/v_frmbuf_rd.pp.0.cpp:23713:9: note: FIX-IT applied suggested code changes
/home/e/Documents/research/byotee/OSDZU3_Ref_Design/OSDZU3_Ref_Design.runs/design_1_v_frmbuf_rd_1_0_synth_1/prj/sol/.autopilot/db/v_frmbuf_rd.pp.0.cpp:23724:9: warning: Added loop label VITIS_LOOP_2488_17:   [xilinx-label-all-loops]
        for(int j=37; j<64; j++) {
        ^~~
        VITIS_LOOP_2488_17: 
/home/e/Documents/research/byotee/OSDZU3_Ref_Design/OSDZU3_Ref_Design.runs/design_1_v_frmbuf_rd_1_0_synth_1/prj/sol/.autopilot/db/v_frmbuf_rd.pp.0.cpp:23724:9: note: FIX-IT applied suggested code changes
/home/e/Documents/research/byotee/OSDZU3_Ref_Design/OSDZU3_Ref_Design.runs/design_1_v_frmbuf_rd_1_0_synth_1/prj/sol/.autopilot/db/v_frmbuf_rd.pp.0.cpp:23732:17: warning: Added loop label VITIS_LOOP_2496_18:   [xilinx-label-all-loops]
                for(int j=0; j<64; j++) {
                ^~~
                VITIS_LOOP_2496_18: 
/home/e/Documents/research/byotee/OSDZU3_Ref_Design/OSDZU3_Ref_Design.runs/design_1_v_frmbuf_rd_1_0_synth_1/prj/sol/.autopilot/db/v_frmbuf_rd.pp.0.cpp:23732:17: note: FIX-IT applied suggested code changes
/home/e/Documents/research/byotee/OSDZU3_Ref_Design/OSDZU3_Ref_Design.runs/design_1_v_frmbuf_rd_1_0_synth_1/prj/sol/.autopilot/db/v_frmbuf_rd.pp.0.cpp:24057:13: warning: Added loop label VITIS_LOOP_2821_19:   [xilinx-label-all-loops]
            for(int j=63; j>=I+31; j--) {
            ^~~
            VITIS_LOOP_2821_19: 
/home/e/Documents/research/byotee/OSDZU3_Ref_Design/OSDZU3_Ref_Design.runs/design_1_v_frmbuf_rd_1_0_synth_1/prj/sol/.autopilot/db/v_frmbuf_rd.pp.0.cpp:24057:13: note: FIX-IT applied suggested code changes
/home/e/Documents/research/byotee/OSDZU3_Ref_Design/OSDZU3_Ref_Design.runs/design_1_v_frmbuf_rd_1_0_synth_1/prj/sol/.autopilot/db/v_frmbuf_rd.pp.0.cpp:24064:17: warning: Added loop label VITIS_LOOP_2828_20:   [xilinx-label-all-loops]
                for(int j=63; j>=I+31; j--) {
                ^~~
                VITIS_LOOP_2828_20: 
/home/e/Documents/research/byotee/OSDZU3_Ref_Design/OSDZU3_Ref_Design.runs/design_1_v_frmbuf_rd_1_0_synth_1/prj/sol/.autopilot/db/v_frmbuf_rd.pp.0.cpp:24064:17: note: FIX-IT applied suggested code changes
/home/e/Documents/research/byotee/OSDZU3_Ref_Design/OSDZU3_Ref_Design.runs/design_1_v_frmbuf_rd_1_0_synth_1/prj/sol/.autopilot/db/v_frmbuf_rd.pp.0.cpp:24068:17: warning: Added loop label VITIS_LOOP_2832_21:   [xilinx-label-all-loops]
                for(int j=I+30; j>=0; j--) {
                ^~~
                VITIS_LOOP_2832_21: 
/home/e/Documents/research/byotee/OSDZU3_Ref_Design/OSDZU3_Ref_Design.runs/design_1_v_frmbuf_rd_1_0_synth_1/prj/sol/.autopilot/db/v_frmbuf_rd.pp.0.cpp:24068:17: note: FIX-IT applied suggested code changes
/home/e/Documents/research/byotee/OSDZU3_Ref_Design/OSDZU3_Ref_Design.runs/design_1_v_frmbuf_rd_1_0_synth_1/prj/sol/.autopilot/db/v_frmbuf_rd.pp.0.cpp:24156:4: warning: Added loop label VITIS_LOOP_2920_1:   [xilinx-label-all-loops]
   for(int j = 5; j>=I_+2; j--) {
   ^~~
   VITIS_LOOP_2920_1: 
/home/e/Documents/research/byotee/OSDZU3_Ref_Design/OSDZU3_Ref_Design.runs/design_1_v_frmbuf_rd_1_0_synth_1/prj/sol/.autopilot/db/v_frmbuf_rd.pp.0.cpp:24156:4: note: FIX-IT applied suggested code changes
/home/e/Documents/research/byotee/OSDZU3_Ref_Design/OSDZU3_Ref_Design.runs/design_1_v_frmbuf_rd_1_0_synth_1/prj/sol/.autopilot/db/v_frmbuf_rd.pp.0.cpp:24163:5: warning: Added loop label VITIS_LOOP_2927_2:   [xilinx-label-all-loops]
    for(int j = 5; j>=I_+2; j--) {
    ^~~
    VITIS_LOOP_2927_2: 
/home/e/Documents/research/byotee/OSDZU3_Ref_Design/OSDZU3_Ref_Design.runs/design_1_v_frmbuf_rd_1_0_synth_1/prj/sol/.autopilot/db/v_frmbuf_rd.pp.0.cpp:24163:5: note: FIX-IT applied suggested code changes
/home/e/Documents/research/byotee/OSDZU3_Ref_Design/OSDZU3_Ref_Design.runs/design_1_v_frmbuf_rd_1_0_synth_1/prj/sol/.autopilot/db/v_frmbuf_rd.pp.0.cpp:24167:5: warning: Added loop label VITIS_LOOP_2931_3:   [xilinx-label-all-loops]
    for(int j = I_+1; j>=0; j--) {
    ^~~
    VITIS_LOOP_2931_3: 
/home/e/Documents/research/byotee/OSDZU3_Ref_Design/OSDZU3_Ref_Design.runs/design_1_v_frmbuf_rd_1_0_synth_1/prj/sol/.autopilot/db/v_frmbuf_rd.pp.0.cpp:24167:5: note: FIX-IT applied suggested code changes
/home/e/Documents/research/byotee/OSDZU3_Ref_Design/OSDZU3_Ref_Design.runs/design_1_v_frmbuf_rd_1_0_synth_1/prj/sol/.autopilot/db/v_frmbuf_rd.pp.0.cpp:24182:3: warning: Added loop label VITIS_LOOP_2946_4:   [xilinx-label-all-loops]
  for(int j = 11; j >=7; j--) {
  ^~~
  VITIS_LOOP_2946_4: 
/home/e/Documents/research/byotee/OSDZU3_Ref_Design/OSDZU3_Ref_Design.runs/design_1_v_frmbuf_rd_1_0_synth_1/prj/sol/.autopilot/db/v_frmbuf_rd.pp.0.cpp:24182:3: note: FIX-IT applied suggested code changes
/home/e/Documents/research/byotee/OSDZU3_Ref_Design/OSDZU3_Ref_Design.runs/design_1_v_frmbuf_rd_1_0_synth_1/prj/sol/.autopilot/db/v_frmbuf_rd.pp.0.cpp:24214:4: warning: Added loop label VITIS_LOOP_2978_5:   [xilinx-label-all-loops]
   for(int j = 11; j >= I_+5; j--) {
   ^~~
   VITIS_LOOP_2978_5: 
/home/e/Documents/research/byotee/OSDZU3_Ref_Design/OSDZU3_Ref_Design.runs/design_1_v_frmbuf_rd_1_0_synth_1/prj/sol/.autopilot/db/v_frmbuf_rd.pp.0.cpp:24214:4: note: FIX-IT applied suggested code changes
/home/e/Documents/research/byotee/OSDZU3_Ref_Design/OSDZU3_Ref_Design.runs/design_1_v_frmbuf_rd_1_0_synth_1/prj/sol/.autopilot/db/v_frmbuf_rd.pp.0.cpp:24221:5: warning: Added loop label VITIS_LOOP_2985_6:   [xilinx-label-all-loops]
    for(int j = 11; j>= I_+5; j--) {
    ^~~
    VITIS_LOOP_2985_6: 
/home/e/Documents/research/byotee/OSDZU3_Ref_Design/OSDZU3_Ref_Design.runs/design_1_v_frmbuf_rd_1_0_synth_1/prj/sol/.autopilot/db/v_frmbuf_rd.pp.0.cpp:24221:5: note: FIX-IT applied suggested code changes
/home/e/Documents/research/byotee/OSDZU3_Ref_Design/OSDZU3_Ref_Design.runs/design_1_v_frmbuf_rd_1_0_synth_1/prj/sol/.autopilot/db/v_frmbuf_rd.pp.0.cpp:24225:5: warning: Added loop label VITIS_LOOP_2989_7:   [xilinx-label-all-loops]
    for(int j = I_+4; j>=0; j--) {
    ^~~
    VITIS_LOOP_2989_7: 
/home/e/Documents/research/byotee/OSDZU3_Ref_Design/OSDZU3_Ref_Design.runs/design_1_v_frmbuf_rd_1_0_synth_1/prj/sol/.autopilot/db/v_frmbuf_rd.pp.0.cpp:24225:5: note: FIX-IT applied suggested code changes
/home/e/Documents/research/byotee/OSDZU3_Ref_Design/OSDZU3_Ref_Design.runs/design_1_v_frmbuf_rd_1_0_synth_1/prj/sol/.autopilot/db/v_frmbuf_rd.pp.0.cpp:24240:3: warning: Added loop label VITIS_LOOP_3004_8:   [xilinx-label-all-loops]
  for(int j = 25; j>=15; j--) {
  ^~~
  VITIS_LOOP_3004_8: 
/home/e/Documents/research/byotee/OSDZU3_Ref_Design/OSDZU3_Ref_Design.runs/design_1_v_frmbuf_rd_1_0_synth_1/prj/sol/.autopilot/db/v_frmbuf_rd.pp.0.cpp:24240:3: note: FIX-IT applied suggested code changes
/home/e/Documents/research/byotee/OSDZU3_Ref_Design/OSDZU3_Ref_Design.runs/design_1_v_frmbuf_rd_1_0_synth_1/prj/sol/.autopilot/db/v_frmbuf_rd.pp.0.cpp:24290:4: warning: Added loop label VITIS_LOOP_3054_9:   [xilinx-label-all-loops]
   for(int j = 25; j>= I_+12; j--) {
   ^~~
   VITIS_LOOP_3054_9: 
/home/e/Documents/research/byotee/OSDZU3_Ref_Design/OSDZU3_Ref_Design.runs/design_1_v_frmbuf_rd_1_0_synth_1/prj/sol/.autopilot/db/v_frmbuf_rd.pp.0.cpp:24290:4: note: FIX-IT applied suggested code changes
/home/e/Documents/research/byotee/OSDZU3_Ref_Design/OSDZU3_Ref_Design.runs/design_1_v_frmbuf_rd_1_0_synth_1/prj/sol/.autopilot/db/v_frmbuf_rd.pp.0.cpp:24297:5: warning: Added loop label VITIS_LOOP_3061_10:   [xilinx-label-all-loops]
    for(int j = 25; j>=I_+12; j--) {
    ^~~
    VITIS_LOOP_3061_10: 
/home/e/Documents/research/byotee/OSDZU3_Ref_Design/OSDZU3_Ref_Design.runs/design_1_v_frmbuf_rd_1_0_synth_1/prj/sol/.autopilot/db/v_frmbuf_rd.pp.0.cpp:24297:5: note: FIX-IT applied suggested code changes
/home/e/Documents/research/byotee/OSDZU3_Ref_Design/OSDZU3_Ref_Design.runs/design_1_v_frmbuf_rd_1_0_synth_1/prj/sol/.autopilot/db/v_frmbuf_rd.pp.0.cpp:24301:5: warning: Added loop label VITIS_LOOP_3065_11:   [xilinx-label-all-loops]
    for(int j = I_+11; j>=0; j--) {
    ^~~
    VITIS_LOOP_3065_11: 
/home/e/Documents/research/byotee/OSDZU3_Ref_Design/OSDZU3_Ref_Design.runs/design_1_v_frmbuf_rd_1_0_synth_1/prj/sol/.autopilot/db/v_frmbuf_rd.pp.0.cpp:24301:5: note: FIX-IT applied suggested code changes
/home/e/Documents/research/byotee/OSDZU3_Ref_Design/OSDZU3_Ref_Design.runs/design_1_v_frmbuf_rd_1_0_synth_1/prj/sol/.autopilot/db/v_frmbuf_rd.pp.0.cpp:24316:3: warning: Added loop label VITIS_LOOP_3080_12:   [xilinx-label-all-loops]
  for(int j = 51; j >= 29; j--) {
  ^~~
  VITIS_LOOP_3080_12: 
/home/e/Documents/research/byotee/OSDZU3_Ref_Design/OSDZU3_Ref_Design.runs/design_1_v_frmbuf_rd_1_0_synth_1/prj/sol/.autopilot/db/v_frmbuf_rd.pp.0.cpp:24316:3: note: FIX-IT applied suggested code changes
/home/e/Documents/research/byotee/OSDZU3_Ref_Design/OSDZU3_Ref_Design.runs/design_1_v_frmbuf_rd_1_0_synth_1/prj/sol/.autopilot/db/v_frmbuf_rd.pp.0.cpp:24453:4: warning: Added loop label VITIS_LOOP_3217_13:   [xilinx-label-all-loops]
   for(int j = 51; j >= 25 + I_; j--) {
   ^~~
   VITIS_LOOP_3217_13: 
/home/e/Documents/research/byotee/OSDZU3_Ref_Design/OSDZU3_Ref_Design.runs/design_1_v_frmbuf_rd_1_0_synth_1/prj/sol/.autopilot/db/v_frmbuf_rd.pp.0.cpp:24453:4: note: FIX-IT applied suggested code changes
/home/e/Documents/research/byotee/OSDZU3_Ref_Design/OSDZU3_Ref_Design.runs/design_1_v_frmbuf_rd_1_0_synth_1/prj/sol/.autopilot/db/v_frmbuf_rd.pp.0.cpp:24460:5: warning: Added loop label VITIS_LOOP_3224_14:   [xilinx-label-all-loops]
    for(int j = 51; j>=25 + I_; j--) {
    ^~~
    VITIS_LOOP_3224_14: 
/home/e/Documents/research/byotee/OSDZU3_Ref_Design/OSDZU3_Ref_Design.runs/design_1_v_frmbuf_rd_1_0_synth_1/prj/sol/.autopilot/db/v_frmbuf_rd.pp.0.cpp:24460:5: note: FIX-IT applied suggested code changes
/home/e/Documents/research/byotee/OSDZU3_Ref_Design/OSDZU3_Ref_Design.runs/design_1_v_frmbuf_rd_1_0_synth_1/prj/sol/.autopilot/db/v_frmbuf_rd.pp.0.cpp:24464:5: warning: Added loop label VITIS_LOOP_3228_15:   [xilinx-label-all-loops]
    for(int j = 24 + I_; j >= 0; j--) {
    ^~~
    VITIS_LOOP_3228_15: 
/home/e/Documents/research/byotee/OSDZU3_Ref_Design/OSDZU3_Ref_Design.runs/design_1_v_frmbuf_rd_1_0_synth_1/prj/sol/.autopilot/db/v_frmbuf_rd.pp.0.cpp:24464:5: note: FIX-IT applied suggested code changes
/home/e/Documents/research/byotee/OSDZU3_Ref_Design/OSDZU3_Ref_Design.runs/design_1_v_frmbuf_rd_1_0_synth_1/prj/sol/.autopilot/db/v_frmbuf_rd.pp.0.cpp:24479:3: warning: Added loop label VITIS_LOOP_3243_16:   [xilinx-label-all-loops]
  for(int j = 63; j >= 36; j--) {
  ^~~
  VITIS_LOOP_3243_16: 
/home/e/Documents/research/byotee/OSDZU3_Ref_Design/OSDZU3_Ref_Design.runs/design_1_v_frmbuf_rd_1_0_synth_1/prj/sol/.autopilot/db/v_frmbuf_rd.pp.0.cpp:24479:3: note: FIX-IT applied suggested code changes
/home/e/Documents/research/byotee/OSDZU3_Ref_Design/OSDZU3_Ref_Design.runs/design_1_v_frmbuf_rd_1_0_synth_1/prj/sol/.autopilot/db/v_frmbuf_rd.pp.0.cpp:24639:4: warning: Added loop label VITIS_LOOP_3403_17:   [xilinx-label-all-loops]
   for(int j = 63; j >= 31 + I_; j--) {
   ^~~
   VITIS_LOOP_3403_17: 
/home/e/Documents/research/byotee/OSDZU3_Ref_Design/OSDZU3_Ref_Design.runs/design_1_v_frmbuf_rd_1_0_synth_1/prj/sol/.autopilot/db/v_frmbuf_rd.pp.0.cpp:24639:4: note: FIX-IT applied suggested code changes
/home/e/Documents/research/byotee/OSDZU3_Ref_Design/OSDZU3_Ref_Design.runs/design_1_v_frmbuf_rd_1_0_synth_1/prj/sol/.autopilot/db/v_frmbuf_rd.pp.0.cpp:24646:5: warning: Added loop label VITIS_LOOP_3410_18:   [xilinx-label-all-loops]
    for(int j = 63; j >= 31 + I_; j--) {
    ^~~
    VITIS_LOOP_3410_18: 
/home/e/Documents/research/byotee/OSDZU3_Ref_Design/OSDZU3_Ref_Design.runs/design_1_v_frmbuf_rd_1_0_synth_1/prj/sol/.autopilot/db/v_frmbuf_rd.pp.0.cpp:24646:5: note: FIX-IT applied suggested code changes
/home/e/Documents/research/byotee/OSDZU3_Ref_Design/OSDZU3_Ref_Design.runs/design_1_v_frmbuf_rd_1_0_synth_1/prj/sol/.autopilot/db/v_frmbuf_rd.pp.0.cpp:24650:5: warning: Added loop label VITIS_LOOP_3414_19:   [xilinx-label-all-loops]
    for(int j = 30 + I_; j >= 0; j--) {
    ^~~
    VITIS_LOOP_3414_19: 
/home/e/Documents/research/byotee/OSDZU3_Ref_Design/OSDZU3_Ref_Design.runs/design_1_v_frmbuf_rd_1_0_synth_1/prj/sol/.autopilot/db/v_frmbuf_rd.pp.0.cpp:24650:5: note: FIX-IT applied suggested code changes
/home/e/Documents/research/byotee/OSDZU3_Ref_Design/OSDZU3_Ref_Design.runs/design_1_v_frmbuf_rd_1_0_synth_1/prj/sol/.autopilot/db/v_frmbuf_rd.pp.0.cpp:25365:13: warning: Added loop label VITIS_LOOP_703_1:   [xilinx-label-all-loops]
            for (b_exp = I_-1; b_exp >= -F_; b_exp--) {
            ^~~
            VITIS_LOOP_703_1: 
/home/e/Documents/research/byotee/OSDZU3_Ref_Design/OSDZU3_Ref_Design.runs/design_1_v_frmbuf_rd_1_0_synth_1/prj/sol/.autopilot/db/v_frmbuf_rd.pp.0.cpp:25365:13: note: FIX-IT applied suggested code changes
/home/e/Documents/research/byotee/OSDZU3_Ref_Design/OSDZU3_Ref_Design.runs/design_1_v_frmbuf_rd_1_0_synth_1/prj/sol/.autopilot/db/v_frmbuf_rd.pp.0.cpp:25583:13: warning: Added loop label VITIS_LOOP_921_1:   [xilinx-label-all-loops]
            for (b_exp = I_-1; b_exp >= -F_; b_exp--) {
            ^~~
            VITIS_LOOP_921_1: 
/home/e/Documents/research/byotee/OSDZU3_Ref_Design/OSDZU3_Ref_Design.runs/design_1_v_frmbuf_rd_1_0_synth_1/prj/sol/.autopilot/db/v_frmbuf_rd.pp.0.cpp:25583:13: note: FIX-IT applied suggested code changes
/home/e/Documents/research/byotee/OSDZU3_Ref_Design/OSDZU3_Ref_Design.runs/design_1_v_frmbuf_rd_1_0_synth_1/prj/sol/.autopilot/db/v_frmbuf_rd.pp.0.cpp:26000:13: warning: Added loop label VITIS_LOOP_1345_1:   [xilinx-label-all-loops]
            for (b_exp = I_-1; b_exp >= -F_; b_exp--) {
            ^~~
            VITIS_LOOP_1345_1: 
/home/e/Documents/research/byotee/OSDZU3_Ref_Design/OSDZU3_Ref_Design.runs/design_1_v_frmbuf_rd_1_0_synth_1/prj/sol/.autopilot/db/v_frmbuf_rd.pp.0.cpp:26000:13: note: FIX-IT applied suggested code changes
/home/e/Documents/research/byotee/OSDZU3_Ref_Design/OSDZU3_Ref_Design.runs/design_1_v_frmbuf_rd_1_0_synth_1/prj/sol/.autopilot/db/v_frmbuf_rd.pp.0.cpp:26323:9: warning: Added loop label VITIS_LOOP_243_1:   [xilinx-label-all-loops]
        for ( int pos = msbr-1; pos >= 0; pos-- ) {
        ^~~
        VITIS_LOOP_243_1: 
/home/e/Documents/research/byotee/OSDZU3_Ref_Design/OSDZU3_Ref_Design.runs/design_1_v_frmbuf_rd_1_0_synth_1/prj/sol/.autopilot/db/v_frmbuf_rd.pp.0.cpp:26323:9: note: FIX-IT applied suggested code changes
/home/e/Documents/research/byotee/OSDZU3_Ref_Design/OSDZU3_Ref_Design.runs/design_1_v_frmbuf_rd_1_0_synth_1/prj/sol/.autopilot/db/v_frmbuf_rd.pp.0.cpp:26351:9: warning: Added loop label VITIS_LOOP_271_2:   [xilinx-label-all-loops]
        for ( int pos = -1; pos >= -F_-1; pos-- ) {
        ^~~
        VITIS_LOOP_271_2: 
/home/e/Documents/research/byotee/OSDZU3_Ref_Design/OSDZU3_Ref_Design.runs/design_1_v_frmbuf_rd_1_0_synth_1/prj/sol/.autopilot/db/v_frmbuf_rd.pp.0.cpp:26351:9: note: FIX-IT applied suggested code changes
/home/e/Documents/research/byotee/OSDZU3_Ref_Design/OSDZU3_Ref_Design.runs/design_1_v_frmbuf_rd_1_0_synth_1/prj/sol/.autopilot/db/v_frmbuf_rd.pp.0.cpp:27055:13: warning: Added loop label VITIS_LOOP_48_1:   [xilinx-label-all-loops]
            for (int j = 0; j < W_-1; j++){
            ^~~
            VITIS_LOOP_48_1: 
/home/e/Documents/research/byotee/OSDZU3_Ref_Design/OSDZU3_Ref_Design.runs/design_1_v_frmbuf_rd_1_0_synth_1/prj/sol/.autopilot/db/v_frmbuf_rd.pp.0.cpp:27055:13: note: FIX-IT applied suggested code changes
/home/e/Documents/research/byotee/OSDZU3_Ref_Design/OSDZU3_Ref_Design.runs/design_1_v_frmbuf_rd_1_0_synth_1/prj/sol/.autopilot/db/v_frmbuf_rd.pp.0.cpp:27108:5: warning: Added loop label VITIS_LOOP_109_2:   [xilinx-label-all-loops]
    for (int j = F_l+F_+I_m-1; j < F_l+W_+5; j++){
    ^~~
    VITIS_LOOP_109_2: 
/home/e/Documents/research/byotee/OSDZU3_Ref_Design/OSDZU3_Ref_Design.runs/design_1_v_frmbuf_rd_1_0_synth_1/prj/sol/.autopilot/db/v_frmbuf_rd.pp.0.cpp:27108:5: note: FIX-IT applied suggested code changes
/home/e/Documents/research/byotee/OSDZU3_Ref_Design/OSDZU3_Ref_Design.runs/design_1_v_frmbuf_rd_1_0_synth_1/prj/sol/.autopilot/db/v_frmbuf_rd.pp.0.cpp:27122:13: warning: Added loop label VITIS_LOOP_123_3:   [xilinx-label-all-loops]
            for (int j = WO_m-1; j >= W_-1; j--) {
            ^~~
            VITIS_LOOP_123_3: 
/home/e/Documents/research/byotee/OSDZU3_Ref_Design/OSDZU3_Ref_Design.runs/design_1_v_frmbuf_rd_1_0_synth_1/prj/sol/.autopilot/db/v_frmbuf_rd.pp.0.cpp:27122:13: note: FIX-IT applied suggested code changes
/home/e/Documents/research/byotee/OSDZU3_Ref_Design/OSDZU3_Ref_Design.runs/design_1_v_frmbuf_rd_1_0_synth_1/prj/sol/.autopilot/db/v_frmbuf_rd.pp.0.cpp:27152:13: warning: Added loop label VITIS_LOOP_153_4:   [xilinx-label-all-loops]
            for (int j = W_-2; j >= 0; j--){
            ^~~
            VITIS_LOOP_153_4: 
/home/e/Documents/research/byotee/OSDZU3_Ref_Design/OSDZU3_Ref_Design.runs/design_1_v_frmbuf_rd_1_0_synth_1/prj/sol/.autopilot/db/v_frmbuf_rd.pp.0.cpp:27152:13: note: FIX-IT applied suggested code changes
/home/e/Documents/research/byotee/OSDZU3_Ref_Design/OSDZU3_Ref_Design.runs/design_1_v_frmbuf_rd_1_0_synth_1/prj/sol/.autopilot/db/v_frmbuf_rd.pp.0.cpp:27237:12: warning: Added loop label VITIS_LOOP_281_1:   [xilinx-label-all-loops]
           for(int i = wf_log+we_log-2; i > WI_e - 2; --i) {
           ^~~
           VITIS_LOOP_281_1: 
/home/e/Documents/research/byotee/OSDZU3_Ref_Design/OSDZU3_Ref_Design.runs/design_1_v_frmbuf_rd_1_0_synth_1/prj/sol/.autopilot/db/v_frmbuf_rd.pp.0.cpp:27237:12: note: FIX-IT applied suggested code changes
/home/e/Documents/research/byotee/OSDZU3_Ref_Design/OSDZU3_Ref_Design.runs/design_1_v_frmbuf_rd_1_0_synth_1/prj/sol/.autopilot/db/v_frmbuf_rd.pp.0.cpp:27257:16: warning: Added loop label VITIS_LOOP_301_2:   [xilinx-label-all-loops]
               for (int j = WO_e-1; j >= W_-1; j--) {
               ^~~
               VITIS_LOOP_301_2: 
/home/e/Documents/research/byotee/OSDZU3_Ref_Design/OSDZU3_Ref_Design.runs/design_1_v_frmbuf_rd_1_0_synth_1/prj/sol/.autopilot/db/v_frmbuf_rd.pp.0.cpp:27257:16: note: FIX-IT applied suggested code changes
/home/e/Documents/research/byotee/OSDZU3_Ref_Design/OSDZU3_Ref_Design.runs/design_1_v_frmbuf_rd_1_0_synth_1/prj/sol/.autopilot/db/v_frmbuf_rd.pp.0.cpp:27271:20: warning: Added loop label VITIS_LOOP_315_3:   [xilinx-label-all-loops]
                   for(int i = 0; i < W_-1; ++i) {
                   ^~~
                   VITIS_LOOP_315_3: 
/home/e/Documents/research/byotee/OSDZU3_Ref_Design/OSDZU3_Ref_Design.runs/design_1_v_frmbuf_rd_1_0_synth_1/prj/sol/.autopilot/db/v_frmbuf_rd.pp.0.cpp:27271:20: note: FIX-IT applied suggested code changes
/home/e/Documents/research/byotee/OSDZU3_Ref_Design/OSDZU3_Ref_Design.runs/design_1_v_frmbuf_rd_1_0_synth_1/prj/sol/.autopilot/db/v_frmbuf_rd.pp.0.cpp:27364:12: warning: Added loop label VITIS_LOOP_433_1:   [xilinx-label-all-loops]
           for (int j =WO_d-1; j >= W_-1; j--) {
           ^~~
           VITIS_LOOP_433_1: 
/home/e/Documents/research/byotee/OSDZU3_Ref_Design/OSDZU3_Ref_Design.runs/design_1_v_frmbuf_rd_1_0_synth_1/prj/sol/.autopilot/db/v_frmbuf_rd.pp.0.cpp:27364:12: note: FIX-IT applied suggested code changes
/home/e/Documents/research/byotee/OSDZU3_Ref_Design/OSDZU3_Ref_Design.runs/design_1_v_frmbuf_rd_1_0_synth_1/prj/sol/.autopilot/db/v_frmbuf_rd.pp.0.cpp:27378:15: warning: Added loop label VITIS_LOOP_447_2:   [xilinx-label-all-loops]
              for(int i = 0; i < W_-1; ++i) {
              ^~~
              VITIS_LOOP_447_2: 
/home/e/Documents/research/byotee/OSDZU3_Ref_Design/OSDZU3_Ref_Design.runs/design_1_v_frmbuf_rd_1_0_synth_1/prj/sol/.autopilot/db/v_frmbuf_rd.pp.0.cpp:27378:15: note: FIX-IT applied suggested code changes
/home/e/Documents/research/byotee/OSDZU3_Ref_Design/OSDZU3_Ref_Design.runs/design_1_v_frmbuf_rd_1_0_synth_1/prj/sol/.autopilot/db/v_frmbuf_rd.pp.0.cpp:27498:13: warning: Added loop label VITIS_LOOP_33_1:   [xilinx-label-all-loops]
            for (int i = 0; i < W_-1; i++){
            ^~~
            VITIS_LOOP_33_1: 
/home/e/Documents/research/byotee/OSDZU3_Ref_Design/OSDZU3_Ref_Design.runs/design_1_v_frmbuf_rd_1_0_synth_1/prj/sol/.autopilot/db/v_frmbuf_rd.pp.0.cpp:27498:13: note: FIX-IT applied suggested code changes
/home/e/Documents/research/byotee/OSDZU3_Ref_Design/OSDZU3_Ref_Design.runs/design_1_v_frmbuf_rd_1_0_synth_1/prj/sol/.autopilot/db/v_frmbuf_rd.pp.0.cpp:27622:13: warning: Added loop label VITIS_LOOP_183_1:   [xilinx-label-all-loops]
            for (int i = 0; i < W_-1; i++){
            ^~~
            VITIS_LOOP_183_1: 
/home/e/Documents/research/byotee/OSDZU3_Ref_Design/OSDZU3_Ref_Design.runs/design_1_v_frmbuf_rd_1_0_synth_1/prj/sol/.autopilot/db/v_frmbuf_rd.pp.0.cpp:27622:13: note: FIX-IT applied suggested code changes
/home/e/Documents/research/byotee/OSDZU3_Ref_Design/OSDZU3_Ref_Design.runs/design_1_v_frmbuf_rd_1_0_synth_1/prj/sol/.autopilot/db/v_frmbuf_rd.pp.0.cpp:27677:13: warning: Added loop label VITIS_LOOP_248_1:   [xilinx-label-all-loops]
            for (int i = 0; i < W_-1; i++){
            ^~~
            VITIS_LOOP_248_1: 
/home/e/Documents/research/byotee/OSDZU3_Ref_Design/OSDZU3_Ref_Design.runs/design_1_v_frmbuf_rd_1_0_synth_1/prj/sol/.autopilot/db/v_frmbuf_rd.pp.0.cpp:27677:13: note: FIX-IT applied suggested code changes
/home/e/Documents/research/byotee/OSDZU3_Ref_Design/OSDZU3_Ref_Design.runs/design_1_v_frmbuf_rd_1_0_synth_1/prj/sol/.autopilot/db/v_frmbuf_rd.pp.0.cpp:27944:5: warning: Added loop label VITIS_LOOP_44_1:   [xilinx-label-all-loops]
    for(int l = loop_nm; l > 0; --l){
    ^~~
    VITIS_LOOP_44_1: 
/home/e/Documents/research/byotee/OSDZU3_Ref_Design/OSDZU3_Ref_Design.runs/design_1_v_frmbuf_rd_1_0_synth_1/prj/sol/.autopilot/db/v_frmbuf_rd.pp.0.cpp:27944:5: note: FIX-IT applied suggested code changes
/home/e/Documents/research/byotee/OSDZU3_Ref_Design/OSDZU3_Ref_Design.runs/design_1_v_frmbuf_rd_1_0_synth_1/prj/sol/.autopilot/db/v_frmbuf_rd.pp.0.cpp:28195:2: warning: Added loop label VITIS_LOOP_16_1:   [xilinx-label-all-loops]
 for (int i=0; i<W_;i++)
 ^~~
 VITIS_LOOP_16_1: 
/home/e/Documents/research/byotee/OSDZU3_Ref_Design/OSDZU3_Ref_Design.runs/design_1_v_frmbuf_rd_1_0_synth_1/prj/sol/.autopilot/db/v_frmbuf_rd.pp.0.cpp:28195:2: note: FIX-IT applied suggested code changes
/home/e/Documents/research/byotee/OSDZU3_Ref_Design/OSDZU3_Ref_Design.runs/design_1_v_frmbuf_rd_1_0_synth_1/prj/sol/.autopilot/db/v_frmbuf_rd.pp.0.cpp:28206:2: warning: Added loop label VITIS_LOOP_27_1:   [xilinx-label-all-loops]
 for (int i=0; i<W_;i++)
 ^~~
 VITIS_LOOP_27_1: 
/home/e/Documents/research/byotee/OSDZU3_Ref_Design/OSDZU3_Ref_Design.runs/design_1_v_frmbuf_rd_1_0_synth_1/prj/sol/.autopilot/db/v_frmbuf_rd.pp.0.cpp:28206:2: note: FIX-IT applied suggested code changes
/home/e/Documents/research/byotee/OSDZU3_Ref_Design/OSDZU3_Ref_Design.runs/design_1_v_frmbuf_rd_1_0_synth_1/prj/sol/.autopilot/db/v_frmbuf_rd.pp.0.cpp:28217:2: warning: Added loop label VITIS_LOOP_38_1:   [xilinx-label-all-loops]
 for (int i=0; i<I_;i++)
 ^~~
 VITIS_LOOP_38_1: 
/home/e/Documents/research/byotee/OSDZU3_Ref_Design/OSDZU3_Ref_Design.runs/design_1_v_frmbuf_rd_1_0_synth_1/prj/sol/.autopilot/db/v_frmbuf_rd.pp.0.cpp:28217:2: note: FIX-IT applied suggested code changes
/home/e/Documents/research/byotee/OSDZU3_Ref_Design/OSDZU3_Ref_Design.runs/design_1_v_frmbuf_rd_1_0_synth_1/prj/sol/.autopilot/db/v_frmbuf_rd.pp.0.cpp:28228:2: warning: Added loop label VITIS_LOOP_49_1:   [xilinx-label-all-loops]
 for (int i=0; i<I_;i++)
 ^~~
 VITIS_LOOP_49_1: 
/home/e/Documents/research/byotee/OSDZU3_Ref_Design/OSDZU3_Ref_Design.runs/design_1_v_frmbuf_rd_1_0_synth_1/prj/sol/.autopilot/db/v_frmbuf_rd.pp.0.cpp:28228:2: note: FIX-IT applied suggested code changes
/home/e/Documents/research/byotee/OSDZU3_Ref_Design/OSDZU3_Ref_Design.runs/design_1_v_frmbuf_rd_1_0_synth_1/prj/sol/.autopilot/db/v_frmbuf_rd.pp.0.cpp:28239:2: warning: Added loop label VITIS_LOOP_60_1:   [xilinx-label-all-loops]
 for (int i=0; i<W_;i++)
 ^~~
 VITIS_LOOP_60_1: 
/home/e/Documents/research/byotee/OSDZU3_Ref_Design/OSDZU3_Ref_Design.runs/design_1_v_frmbuf_rd_1_0_synth_1/prj/sol/.autopilot/db/v_frmbuf_rd.pp.0.cpp:28239:2: note: FIX-IT applied suggested code changes
/home/e/Documents/research/byotee/OSDZU3_Ref_Design/OSDZU3_Ref_Design.runs/design_1_v_frmbuf_rd_1_0_synth_1/prj/sol/.autopilot/db/v_frmbuf_rd.pp.0.cpp:28250:2: warning: Added loop label VITIS_LOOP_71_1:   [xilinx-label-all-loops]
 for (int i=0; i<W_;i++)
 ^~~
 VITIS_LOOP_71_1: 
/home/e/Documents/research/byotee/OSDZU3_Ref_Design/OSDZU3_Ref_Design.runs/design_1_v_frmbuf_rd_1_0_synth_1/prj/sol/.autopilot/db/v_frmbuf_rd.pp.0.cpp:28250:2: note: FIX-IT applied suggested code changes
/home/e/Documents/research/byotee/OSDZU3_Ref_Design/OSDZU3_Ref_Design.runs/design_1_v_frmbuf_rd_1_0_synth_1/prj/sol/.autopilot/db/v_frmbuf_rd.pp.0.cpp:28261:2: warning: Added loop label VITIS_LOOP_82_1:   [xilinx-label-all-loops]
 for (int i=0; i<I_;i++)
 ^~~
 VITIS_LOOP_82_1: 
/home/e/Documents/research/byotee/OSDZU3_Ref_Design/OSDZU3_Ref_Design.runs/design_1_v_frmbuf_rd_1_0_synth_1/prj/sol/.autopilot/db/v_frmbuf_rd.pp.0.cpp:28261:2: note: FIX-IT applied suggested code changes
/home/e/Documents/research/byotee/OSDZU3_Ref_Design/OSDZU3_Ref_Design.runs/design_1_v_frmbuf_rd_1_0_synth_1/prj/sol/.autopilot/db/v_frmbuf_rd.pp.0.cpp:28272:2: warning: Added loop label VITIS_LOOP_93_1:   [xilinx-label-all-loops]
 for (int i=0; i<I_;i++)
 ^~~
 VITIS_LOOP_93_1: 
/home/e/Documents/research/byotee/OSDZU3_Ref_Design/OSDZU3_Ref_Design.runs/design_1_v_frmbuf_rd_1_0_synth_1/prj/sol/.autopilot/db/v_frmbuf_rd.pp.0.cpp:28272:2: note: FIX-IT applied suggested code changes
/home/e/Documents/research/byotee/OSDZU3_Ref_Design/OSDZU3_Ref_Design.runs/design_1_v_frmbuf_rd_1_0_synth_1/prj/sol/.autopilot/db/v_frmbuf_rd.pp.0.cpp:30631:12: warning: Added loop label VITIS_LOOP_26_1:   [xilinx-label-all-loops]
           for(int i = 0; i < W_-1; ++i) {
           ^~~
           VITIS_LOOP_26_1: 
/home/e/Documents/research/byotee/OSDZU3_Ref_Design/OSDZU3_Ref_Design.runs/design_1_v_frmbuf_rd_1_0_synth_1/prj/sol/.autopilot/db/v_frmbuf_rd.pp.0.cpp:30631:12: note: FIX-IT applied suggested code changes
/home/e/Documents/research/byotee/OSDZU3_Ref_Design/OSDZU3_Ref_Design.runs/design_1_v_frmbuf_rd_1_0_synth_1/prj/sol/.autopilot/db/v_frmbuf_rd.pp.0.cpp:30695:7: warning: Added loop label VITIS_LOOP_40_1:   [xilinx-label-all-loops]
      for(int pos = msbr - 1 ; pos >= -F-1; pos--) {
      ^~~
      VITIS_LOOP_40_1: 
/home/e/Documents/research/byotee/OSDZU3_Ref_Design/OSDZU3_Ref_Design.runs/design_1_v_frmbuf_rd_1_0_synth_1/prj/sol/.autopilot/db/v_frmbuf_rd.pp.0.cpp:30695:7: note: FIX-IT applied suggested code changes
/home/e/Documents/research/byotee/OSDZU3_Ref_Design/OSDZU3_Ref_Design.runs/design_1_v_frmbuf_rd_1_0_synth_1/prj/sol/.autopilot/db/v_frmbuf_rd.pp.0.cpp:30812:9: warning: Added loop label VITIS_LOOP_49_1:   [xilinx-label-all-loops]
        for(int pos = msbr - 1; pos >= 0; pos--) {
        ^~~
        VITIS_LOOP_49_1: 
/home/e/Documents/research/byotee/OSDZU3_Ref_Design/OSDZU3_Ref_Design.runs/design_1_v_frmbuf_rd_1_0_synth_1/prj/sol/.autopilot/db/v_frmbuf_rd.pp.0.cpp:30812:9: note: FIX-IT applied suggested code changes
/home/e/Documents/research/byotee/OSDZU3_Ref_Design/OSDZU3_Ref_Design.runs/design_1_v_frmbuf_rd_1_0_synth_1/prj/sol/.autopilot/db/v_frmbuf_rd.pp.0.cpp:30837:5: warning: Added loop label VITIS_LOOP_81_2:   [xilinx-label-all-loops]
    for(int pos = -1; pos >= -F-1; pos--) {
    ^~~
    VITIS_LOOP_81_2: 
/home/e/Documents/research/byotee/OSDZU3_Ref_Design/OSDZU3_Ref_Design.runs/design_1_v_frmbuf_rd_1_0_synth_1/prj/sol/.autopilot/db/v_frmbuf_rd.pp.0.cpp:30837:5: note: FIX-IT applied suggested code changes
/home/e/Documents/research/byotee/OSDZU3_Ref_Design/OSDZU3_Ref_Design.runs/design_1_v_frmbuf_rd_1_0_synth_1/prj/sol/.autopilot/db/v_frmbuf_rd.pp.0.cpp:30907:8: warning: Added loop label VITIS_LOOP_169_3:   [xilinx-label-all-loops]
       for(int i = 0; i < W - 1; ++i) {
       ^~~
       VITIS_LOOP_169_3: 
/home/e/Documents/research/byotee/OSDZU3_Ref_Design/OSDZU3_Ref_Design.runs/design_1_v_frmbuf_rd_1_0_synth_1/prj/sol/.autopilot/db/v_frmbuf_rd.pp.0.cpp:30907:8: note: FIX-IT applied suggested code changes
/home/e/Documents/research/byotee/OSDZU3_Ref_Design/OSDZU3_Ref_Design.runs/design_1_v_frmbuf_rd_1_0_synth_1/prj/sol/.autopilot/db/v_frmbuf_rd.pp.0.cpp:33572:5: warning: Added loop label VITIS_LOOP_137_1:   [xilinx-label-all-loops]
    for(i = 0; i < ROWS; i++) {
    ^~~
    VITIS_LOOP_137_1: 
/home/e/Documents/research/byotee/OSDZU3_Ref_Design/OSDZU3_Ref_Design.runs/design_1_v_frmbuf_rd_1_0_synth_1/prj/sol/.autopilot/db/v_frmbuf_rd.pp.0.cpp:33572:5: note: FIX-IT applied suggested code changes
/home/e/Documents/research/byotee/OSDZU3_Ref_Design/OSDZU3_Ref_Design.runs/design_1_v_frmbuf_rd_1_0_synth_1/prj/sol/.autopilot/db/v_frmbuf_rd.pp.0.cpp:33574:2: warning: Added loop label VITIS_LOOP_139_2:   [xilinx-label-all-loops]
 for(j = 0; j < COLS-1; j++) {
 ^~~
 VITIS_LOOP_139_2: 
/home/e/Documents/research/byotee/OSDZU3_Ref_Design/OSDZU3_Ref_Design.runs/design_1_v_frmbuf_rd_1_0_synth_1/prj/sol/.autopilot/db/v_frmbuf_rd.pp.0.cpp:33574:2: note: FIX-IT applied suggested code changes
/home/e/Documents/research/byotee/OSDZU3_Ref_Design/OSDZU3_Ref_Design.runs/design_1_v_frmbuf_rd_1_0_synth_1/prj/sol/.autopilot/db/v_frmbuf_rd.pp.0.cpp:33596:5: warning: Added loop label VITIS_LOOP_175_1:   [xilinx-label-all-loops]
    for(i = 0; i < ROWS; i++) {
    ^~~
    VITIS_LOOP_175_1: 
/home/e/Documents/research/byotee/OSDZU3_Ref_Design/OSDZU3_Ref_Design.runs/design_1_v_frmbuf_rd_1_0_synth_1/prj/sol/.autopilot/db/v_frmbuf_rd.pp.0.cpp:33596:5: note: FIX-IT applied suggested code changes
/home/e/Documents/research/byotee/OSDZU3_Ref_Design/OSDZU3_Ref_Design.runs/design_1_v_frmbuf_rd_1_0_synth_1/prj/sol/.autopilot/db/v_frmbuf_rd.pp.0.cpp:33598:2: warning: Added loop label VITIS_LOOP_177_2:   [xilinx-label-all-loops]
 for(j = COLS-1; j > 0; j--) {
 ^~~
 VITIS_LOOP_177_2: 
/home/e/Documents/research/byotee/OSDZU3_Ref_Design/OSDZU3_Ref_Design.runs/design_1_v_frmbuf_rd_1_0_synth_1/prj/sol/.autopilot/db/v_frmbuf_rd.pp.0.cpp:33598:2: note: FIX-IT applied suggested code changes
/home/e/Documents/research/byotee/OSDZU3_Ref_Design/OSDZU3_Ref_Design.runs/design_1_v_frmbuf_rd_1_0_synth_1/prj/sol/.autopilot/db/v_frmbuf_rd.pp.0.cpp:33620:5: warning: Added loop label VITIS_LOOP_213_1:   [xilinx-label-all-loops]
    for(i = 0; i < ROWS-1; i++) {
    ^~~
    VITIS_LOOP_213_1: 
/home/e/Documents/research/byotee/OSDZU3_Ref_Design/OSDZU3_Ref_Design.runs/design_1_v_frmbuf_rd_1_0_synth_1/prj/sol/.autopilot/db/v_frmbuf_rd.pp.0.cpp:33620:5: note: FIX-IT applied suggested code changes
/home/e/Documents/research/byotee/OSDZU3_Ref_Design/OSDZU3_Ref_Design.runs/design_1_v_frmbuf_rd_1_0_synth_1/prj/sol/.autopilot/db/v_frmbuf_rd.pp.0.cpp:33622:2: warning: Added loop label VITIS_LOOP_215_2:   [xilinx-label-all-loops]
 for(j = 0; j < COLS; j++) {
 ^~~
 VITIS_LOOP_215_2: 
/home/e/Documents/research/byotee/OSDZU3_Ref_Design/OSDZU3_Ref_Design.runs/design_1_v_frmbuf_rd_1_0_synth_1/prj/sol/.autopilot/db/v_frmbuf_rd.pp.0.cpp:33622:2: note: FIX-IT applied suggested code changes
/home/e/Documents/research/byotee/OSDZU3_Ref_Design/OSDZU3_Ref_Design.runs/design_1_v_frmbuf_rd_1_0_synth_1/prj/sol/.autopilot/db/v_frmbuf_rd.pp.0.cpp:33644:5: warning: Added loop label VITIS_LOOP_251_1:   [xilinx-label-all-loops]
    for(i = ROWS-1; i > 0; i--) {
    ^~~
    VITIS_LOOP_251_1: 
/home/e/Documents/research/byotee/OSDZU3_Ref_Design/OSDZU3_Ref_Design.runs/design_1_v_frmbuf_rd_1_0_synth_1/prj/sol/.autopilot/db/v_frmbuf_rd.pp.0.cpp:33644:5: note: FIX-IT applied suggested code changes
/home/e/Documents/research/byotee/OSDZU3_Ref_Design/OSDZU3_Ref_Design.runs/design_1_v_frmbuf_rd_1_0_synth_1/prj/sol/.autopilot/db/v_frmbuf_rd.pp.0.cpp:33646:2: warning: Added loop label VITIS_LOOP_253_2:   [xilinx-label-all-loops]
 for(j = 0; j < COLS; j++) {
 ^~~
 VITIS_LOOP_253_2: 
/home/e/Documents/research/byotee/OSDZU3_Ref_Design/OSDZU3_Ref_Design.runs/design_1_v_frmbuf_rd_1_0_synth_1/prj/sol/.autopilot/db/v_frmbuf_rd.pp.0.cpp:33646:2: note: FIX-IT applied suggested code changes
/home/e/Documents/research/byotee/OSDZU3_Ref_Design/OSDZU3_Ref_Design.runs/design_1_v_frmbuf_rd_1_0_synth_1/prj/sol/.autopilot/db/v_frmbuf_rd.pp.0.cpp:33684:5: warning: Added loop label VITIS_LOOP_320_1:   [xilinx-label-all-loops]
    for(j = 0; j < COLS; j++) {
    ^~~
    VITIS_LOOP_320_1: 
/home/e/Documents/research/byotee/OSDZU3_Ref_Design/OSDZU3_Ref_Design.runs/design_1_v_frmbuf_rd_1_0_synth_1/prj/sol/.autopilot/db/v_frmbuf_rd.pp.0.cpp:33684:5: note: FIX-IT applied suggested code changes
/home/e/Documents/research/byotee/OSDZU3_Ref_Design/OSDZU3_Ref_Design.runs/design_1_v_frmbuf_rd_1_0_synth_1/prj/sol/.autopilot/db/v_frmbuf_rd.pp.0.cpp:33736:5: warning: Added loop label VITIS_LOOP_417_1:   [xilinx-label-all-loops]
    for(i = 0; i < ROWS; i++) {
    ^~~
    VITIS_LOOP_417_1: 
/home/e/Documents/research/byotee/OSDZU3_Ref_Design/OSDZU3_Ref_Design.runs/design_1_v_frmbuf_rd_1_0_synth_1/prj/sol/.autopilot/db/v_frmbuf_rd.pp.0.cpp:33736:5: note: FIX-IT applied suggested code changes
/home/e/Documents/research/byotee/OSDZU3_Ref_Design/OSDZU3_Ref_Design.runs/design_1_v_frmbuf_rd_1_0_synth_1/prj/sol/.autopilot/db/v_frmbuf_rd.pp.0.cpp:33926:5: warning: Added loop label VITIS_LOOP_702_1:   [xilinx-label-all-loops]
    for(i = ROWS-1; i > 0; i--) {
    ^~~
    VITIS_LOOP_702_1: 
/home/e/Documents/research/byotee/OSDZU3_Ref_Design/OSDZU3_Ref_Design.runs/design_1_v_frmbuf_rd_1_0_synth_1/prj/sol/.autopilot/db/v_frmbuf_rd.pp.0.cpp:33926:5: note: FIX-IT applied suggested code changes
/home/e/Documents/research/byotee/OSDZU3_Ref_Design/OSDZU3_Ref_Design.runs/design_1_v_frmbuf_rd_1_0_synth_1/prj/sol/.autopilot/db/v_frmbuf_rd.pp.0.cpp:33948:5: warning: Added loop label VITIS_LOOP_742_1:   [xilinx-label-all-loops]
    for(i = 0; i < ROWS-1; i++) {
    ^~~
    VITIS_LOOP_742_1: 
/home/e/Documents/research/byotee/OSDZU3_Ref_Design/OSDZU3_Ref_Design.runs/design_1_v_frmbuf_rd_1_0_synth_1/prj/sol/.autopilot/db/v_frmbuf_rd.pp.0.cpp:33948:5: note: FIX-IT applied suggested code changes
/home/e/Documents/research/byotee/OSDZU3_Ref_Design/OSDZU3_Ref_Design.runs/design_1_v_frmbuf_rd_1_0_synth_1/prj/sol/.autopilot/db/v_frmbuf_rd.pp.0.cpp:33996:5: warning: Added loop label VITIS_LOOP_838_1:   [xilinx-label-all-loops]
    for(i = 0; i < ROWS; i++) {
    ^~~
    VITIS_LOOP_838_1: 
/home/e/Documents/research/byotee/OSDZU3_Ref_Design/OSDZU3_Ref_Design.runs/design_1_v_frmbuf_rd_1_0_synth_1/prj/sol/.autopilot/db/v_frmbuf_rd.pp.0.cpp:33996:5: note: FIX-IT applied suggested code changes
/home/e/Documents/research/byotee/OSDZU3_Ref_Design/OSDZU3_Ref_Design.runs/design_1_v_frmbuf_rd_1_0_synth_1/prj/sol/.autopilot/db/v_frmbuf_rd.pp.0.cpp:34103:5: warning: Added loop label VITIS_LOOP_990_1:   [xilinx-label-all-loops]
    for(i = ROWS-1; i > 0; i--) {
    ^~~
    VITIS_LOOP_990_1: 
/home/e/Documents/research/byotee/OSDZU3_Ref_Design/OSDZU3_Ref_Design.runs/design_1_v_frmbuf_rd_1_0_synth_1/prj/sol/.autopilot/db/v_frmbuf_rd.pp.0.cpp:34103:5: note: FIX-IT applied suggested code changes
/home/e/Documents/research/byotee/OSDZU3_Ref_Design/OSDZU3_Ref_Design.runs/design_1_v_frmbuf_rd_1_0_synth_1/prj/sol/.autopilot/db/v_frmbuf_rd.pp.0.cpp:34125:5: warning: Added loop label VITIS_LOOP_1030_1:   [xilinx-label-all-loops]
    for(i = 0; i < ROWS-1; i++) {
    ^~~
    VITIS_LOOP_1030_1: 
/home/e/Documents/research/byotee/OSDZU3_Ref_Design/OSDZU3_Ref_Design.runs/design_1_v_frmbuf_rd_1_0_synth_1/prj/sol/.autopilot/db/v_frmbuf_rd.pp.0.cpp:34125:5: note: FIX-IT applied suggested code changes
/home/e/Documents/research/byotee/OSDZU3_Ref_Design/OSDZU3_Ref_Design.runs/design_1_v_frmbuf_rd_1_0_synth_1/prj/sol/.autopilot/db/v_frmbuf_rd.pp.0.cpp:34173:5: warning: Added loop label VITIS_LOOP_1126_1:   [xilinx-label-all-loops]
    for(i = 0; i < ROWS; i++) {
    ^~~
    VITIS_LOOP_1126_1: 
/home/e/Documents/research/byotee/OSDZU3_Ref_Design/OSDZU3_Ref_Design.runs/design_1_v_frmbuf_rd_1_0_synth_1/prj/sol/.autopilot/db/v_frmbuf_rd.pp.0.cpp:34173:5: note: FIX-IT applied suggested code changes
/home/e/Documents/research/byotee/OSDZU3_Ref_Design/OSDZU3_Ref_Design.runs/design_1_v_frmbuf_rd_1_0_synth_1/prj/sol/.autopilot/db/v_frmbuf_rd.pp.0.cpp:34374:2: warning: Added loop label VITIS_LOOP_232_1:   [xilinx-label-all-loops]
 for (int k = 0; k < N; k++) {
 ^~~
 VITIS_LOOP_232_1: 
/home/e/Documents/research/byotee/OSDZU3_Ref_Design/OSDZU3_Ref_Design.runs/design_1_v_frmbuf_rd_1_0_synth_1/prj/sol/.autopilot/db/v_frmbuf_rd.pp.0.cpp:34374:2: note: FIX-IT applied suggested code changes
/home/e/Documents/research/byotee/OSDZU3_Ref_Design/OSDZU3_Ref_Design.runs/design_1_v_frmbuf_rd_1_0_synth_1/prj/sol/.autopilot/db/v_frmbuf_rd.pp.0.cpp:34395:2: warning: Added loop label VITIS_LOOP_253_1:   [xilinx-label-all-loops]
 for (int k = 0; k < N; k++) {
 ^~~
 VITIS_LOOP_253_1: 
/home/e/Documents/research/byotee/OSDZU3_Ref_Design/OSDZU3_Ref_Design.runs/design_1_v_frmbuf_rd_1_0_synth_1/prj/sol/.autopilot/db/v_frmbuf_rd.pp.0.cpp:34395:2: note: FIX-IT applied suggested code changes
/home/e/Documents/research/byotee/OSDZU3_Ref_Design/OSDZU3_Ref_Design.runs/design_1_v_frmbuf_rd_1_0_synth_1/prj/sol/.autopilot/db/v_frmbuf_rd.pp.0.cpp:34405:5: warning: Added loop label VITIS_LOOP_263_1:   [xilinx-label-all-loops]
    for (int k = 0; k < N; k++) {
    ^~~
    VITIS_LOOP_263_1: 
/home/e/Documents/research/byotee/OSDZU3_Ref_Design/OSDZU3_Ref_Design.runs/design_1_v_frmbuf_rd_1_0_synth_1/prj/sol/.autopilot/db/v_frmbuf_rd.pp.0.cpp:34405:5: note: FIX-IT applied suggested code changes
/home/e/Documents/research/byotee/OSDZU3_Ref_Design/OSDZU3_Ref_Design.runs/design_1_v_frmbuf_rd_1_0_synth_1/prj/sol/.autopilot/db/v_frmbuf_rd.pp.0.cpp:34416:5: warning: Added loop label VITIS_LOOP_274_1:   [xilinx-label-all-loops]
    for (int k = 0; k < N; k++) {
    ^~~
    VITIS_LOOP_274_1: 
/home/e/Documents/research/byotee/OSDZU3_Ref_Design/OSDZU3_Ref_Design.runs/design_1_v_frmbuf_rd_1_0_synth_1/prj/sol/.autopilot/db/v_frmbuf_rd.pp.0.cpp:34416:5: note: FIX-IT applied suggested code changes
/home/e/Documents/research/byotee/OSDZU3_Ref_Design/OSDZU3_Ref_Design.runs/design_1_v_frmbuf_rd_1_0_synth_1/prj/sol/.autopilot/db/v_frmbuf_rd.pp.0.cpp:34427:5: warning: Added loop label VITIS_LOOP_285_1:   [xilinx-label-all-loops]
    for (int k = 0; k < N; k++) {
    ^~~
    VITIS_LOOP_285_1: 
/home/e/Documents/research/byotee/OSDZU3_Ref_Design/OSDZU3_Ref_Design.runs/design_1_v_frmbuf_rd_1_0_synth_1/prj/sol/.autopilot/db/v_frmbuf_rd.pp.0.cpp:34427:5: note: FIX-IT applied suggested code changes
/home/e/Documents/research/byotee/OSDZU3_Ref_Design/OSDZU3_Ref_Design.runs/design_1_v_frmbuf_rd_1_0_synth_1/prj/sol/.autopilot/db/v_frmbuf_rd.pp.0.cpp:34438:5: warning: Added loop label VITIS_LOOP_296_1:   [xilinx-label-all-loops]
    for (int k = 0; k < N; k++) {
    ^~~
    VITIS_LOOP_296_1: 
/home/e/Documents/research/byotee/OSDZU3_Ref_Design/OSDZU3_Ref_Design.runs/design_1_v_frmbuf_rd_1_0_synth_1/prj/sol/.autopilot/db/v_frmbuf_rd.pp.0.cpp:34438:5: note: FIX-IT applied suggested code changes
/home/e/Documents/research/byotee/OSDZU3_Ref_Design/OSDZU3_Ref_Design.runs/design_1_v_frmbuf_rd_1_0_synth_1/prj/sol/.autopilot/db/v_frmbuf_rd.pp.0.cpp:34450:5: warning: Added loop label VITIS_LOOP_308_1:   [xilinx-label-all-loops]
    for (int k = 0; k < N; k++) {
    ^~~
    VITIS_LOOP_308_1: 
/home/e/Documents/research/byotee/OSDZU3_Ref_Design/OSDZU3_Ref_Design.runs/design_1_v_frmbuf_rd_1_0_synth_1/prj/sol/.autopilot/db/v_frmbuf_rd.pp.0.cpp:34450:5: note: FIX-IT applied suggested code changes
/home/e/Documents/research/byotee/OSDZU3_Ref_Design/OSDZU3_Ref_Design.runs/design_1_v_frmbuf_rd_1_0_synth_1/prj/sol/.autopilot/db/v_frmbuf_rd.pp.0.cpp:34461:5: warning: Added loop label VITIS_LOOP_319_1:   [xilinx-label-all-loops]
    for (int k = 0; k < N; k++) {
    ^~~
    VITIS_LOOP_319_1: 
/home/e/Documents/research/byotee/OSDZU3_Ref_Design/OSDZU3_Ref_Design.runs/design_1_v_frmbuf_rd_1_0_synth_1/prj/sol/.autopilot/db/v_frmbuf_rd.pp.0.cpp:34461:5: note: FIX-IT applied suggested code changes
/home/e/Documents/research/byotee/OSDZU3_Ref_Design/OSDZU3_Ref_Design.runs/design_1_v_frmbuf_rd_1_0_synth_1/prj/sol/.autopilot/db/v_frmbuf_rd.pp.0.cpp:34473:5: warning: Added loop label VITIS_LOOP_331_1:   [xilinx-label-all-loops]
    for (int k = 0; k < N; k++) {
    ^~~
    VITIS_LOOP_331_1: 
/home/e/Documents/research/byotee/OSDZU3_Ref_Design/OSDZU3_Ref_Design.runs/design_1_v_frmbuf_rd_1_0_synth_1/prj/sol/.autopilot/db/v_frmbuf_rd.pp.0.cpp:34473:5: note: FIX-IT applied suggested code changes
/home/e/Documents/research/byotee/OSDZU3_Ref_Design/OSDZU3_Ref_Design.runs/design_1_v_frmbuf_rd_1_0_synth_1/prj/sol/.autopilot/db/v_frmbuf_rd.pp.0.cpp:34484:5: warning: Added loop label VITIS_LOOP_342_1:   [xilinx-label-all-loops]
    for (int k = 0; k < N; k++) {
    ^~~
    VITIS_LOOP_342_1: 
/home/e/Documents/research/byotee/OSDZU3_Ref_Design/OSDZU3_Ref_Design.runs/design_1_v_frmbuf_rd_1_0_synth_1/prj/sol/.autopilot/db/v_frmbuf_rd.pp.0.cpp:34484:5: note: FIX-IT applied suggested code changes
/home/e/Documents/research/byotee/OSDZU3_Ref_Design/OSDZU3_Ref_Design.runs/design_1_v_frmbuf_rd_1_0_synth_1/prj/sol/.autopilot/db/v_frmbuf_rd.pp.0.cpp:34761:2: warning: Added loop label VITIS_LOOP_619_1:   [xilinx-label-all-loops]
 for (i = 0; i < ((((T) & ((512 - 1) << 11)) >> 11) + 1); i++) {
 ^~~
 VITIS_LOOP_619_1: 
/home/e/Documents/research/byotee/OSDZU3_Ref_Design/OSDZU3_Ref_Design.runs/design_1_v_frmbuf_rd_1_0_synth_1/prj/sol/.autopilot/db/v_frmbuf_rd.pp.0.cpp:34761:2: note: FIX-IT applied suggested code changes
/home/e/Documents/research/byotee/OSDZU3_Ref_Design/OSDZU3_Ref_Design.runs/design_1_v_frmbuf_rd_1_0_synth_1/prj/sol/.autopilot/db/v_frmbuf_rd.pp.0.cpp:34838:2: warning: Added loop label VITIS_LOOP_696_1:   [xilinx-label-all-loops]
 for (i = 0; i < ((((T) & ((512 - 1) << 11)) >> 11) + 1); i++) {
 ^~~
 VITIS_LOOP_696_1: 
/home/e/Documents/research/byotee/OSDZU3_Ref_Design/OSDZU3_Ref_Design.runs/design_1_v_frmbuf_rd_1_0_synth_1/prj/sol/.autopilot/db/v_frmbuf_rd.pp.0.cpp:34838:2: note: FIX-IT applied suggested code changes
/home/e/Documents/research/byotee/OSDZU3_Ref_Design/OSDZU3_Ref_Design.runs/design_1_v_frmbuf_rd_1_0_synth_1/prj/sol/.autopilot/db/v_frmbuf_rd.pp.0.cpp:34862:2: warning: Added loop label VITIS_LOOP_720_1:   [xilinx-label-all-loops]
 for (i = 0; i < ((((T) & ((512 - 1) << 11)) >> 11) + 1); i++) {
 ^~~
 VITIS_LOOP_720_1: 
/home/e/Documents/research/byotee/OSDZU3_Ref_Design/OSDZU3_Ref_Design.runs/design_1_v_frmbuf_rd_1_0_synth_1/prj/sol/.autopilot/db/v_frmbuf_rd.pp.0.cpp:34862:2: note: FIX-IT applied suggested code changes
/home/e/Documents/research/byotee/OSDZU3_Ref_Design/OSDZU3_Ref_Design.runs/design_1_v_frmbuf_rd_1_0_synth_1/prj/sol/.autopilot/db/v_frmbuf_rd.pp.0.cpp:34885:5: warning: Added loop label VITIS_LOOP_743_1:   [xilinx-label-all-loops]
    for (HLS_CHANNEL_T i = 0; i < ((((T) & ((512 - 1) << 11)) >> 11) + 1); i++) {
    ^~~
    VITIS_LOOP_743_1: 
/home/e/Documents/research/byotee/OSDZU3_Ref_Design/OSDZU3_Ref_Design.runs/design_1_v_frmbuf_rd_1_0_synth_1/prj/sol/.autopilot/db/v_frmbuf_rd.pp.0.cpp:34885:5: note: FIX-IT applied suggested code changes
/home/e/Documents/research/byotee/OSDZU3_Ref_Design/OSDZU3_Ref_Design.runs/design_1_v_frmbuf_rd_1_0_synth_1/prj/sol/.autopilot/db/v_frmbuf_rd.pp.0.cpp:35015:25: warning: Added loop label VITIS_LOOP_208_1:   [xilinx-label-all-loops]
                        for(int k=0;k<num;k++)
                        ^~~
                        VITIS_LOOP_208_1: 
/home/e/Documents/research/byotee/OSDZU3_Ref_Design/OSDZU3_Ref_Design.runs/design_1_v_frmbuf_rd_1_0_synth_1/prj/sol/.autopilot/db/v_frmbuf_rd.pp.0.cpp:35015:25: note: FIX-IT applied suggested code changes
/home/e/Documents/research/byotee/OSDZU3_Ref_Design/OSDZU3_Ref_Design.runs/design_1_v_frmbuf_rd_1_0_synth_1/prj/sol/.autopilot/db/v_frmbuf_rd.pp.0.cpp:35151:9: warning: Added loop label VITIS_LOOP_189_1:   [xilinx-label-all-loops]
        for (HLS_SIZE_T col = 0; col < cols; col++) {
        ^~~
        VITIS_LOOP_189_1: 
/home/e/Documents/research/byotee/OSDZU3_Ref_Design/OSDZU3_Ref_Design.runs/design_1_v_frmbuf_rd_1_0_synth_1/prj/sol/.autopilot/db/v_frmbuf_rd.pp.0.cpp:35151:9: note: FIX-IT applied suggested code changes
/home/e/Documents/research/byotee/OSDZU3_Ref_Design/OSDZU3_Ref_Design.runs/design_1_v_frmbuf_rd_1_0_synth_1/prj/sol/.autopilot/db/v_frmbuf_rd.pp.0.cpp:35217:9: warning: Added loop label VITIS_LOOP_255_1:   [xilinx-label-all-loops]
        for (HLS_SIZE_T col = 0; col < cols; col++) {
        ^~~
        VITIS_LOOP_255_1: 
/home/e/Documents/research/byotee/OSDZU3_Ref_Design/OSDZU3_Ref_Design.runs/design_1_v_frmbuf_rd_1_0_synth_1/prj/sol/.autopilot/db/v_frmbuf_rd.pp.0.cpp:35217:9: note: FIX-IT applied suggested code changes
/home/e/Documents/research/byotee/OSDZU3_Ref_Design/OSDZU3_Ref_Design.runs/design_1_v_frmbuf_rd_1_0_synth_1/prj/sol/.autopilot/db/v_frmbuf_rd.pp.0.cpp:36121:5: warning: Added loop label VITIS_LOOP_1025_1:   [xilinx-label-all-loops]
    for (HLS_CHANNEL_T k = 0; k < ((((SRC_T) & ((512 - 1) << 11)) >> 11) + 1); k++) {
    ^~~
    VITIS_LOOP_1025_1: 
/home/e/Documents/research/byotee/OSDZU3_Ref_Design/OSDZU3_Ref_Design.runs/design_1_v_frmbuf_rd_1_0_synth_1/prj/sol/.autopilot/db/v_frmbuf_rd.pp.0.cpp:36121:5: note: FIX-IT applied suggested code changes
/home/e/Documents/research/byotee/OSDZU3_Ref_Design/OSDZU3_Ref_Design.runs/design_1_v_frmbuf_rd_1_0_synth_1/prj/sol/.autopilot/db/v_frmbuf_rd.pp.0.cpp:36180:13: warning: Added loop label VITIS_LOOP_1105_1:   [xilinx-label-all-loops]
            for (HLS_CHANNEL_T k = 0; k < ((((DST_T) & ((512 - 1) << 11)) >> 11) + 1); k++) {
            ^~~
            VITIS_LOOP_1105_1: 
/home/e/Documents/research/byotee/OSDZU3_Ref_Design/OSDZU3_Ref_Design.runs/design_1_v_frmbuf_rd_1_0_synth_1/prj/sol/.autopilot/db/v_frmbuf_rd.pp.0.cpp:36180:13: note: FIX-IT applied suggested code changes
/home/e/Documents/research/byotee/OSDZU3_Ref_Design/OSDZU3_Ref_Design.runs/design_1_v_frmbuf_rd_1_0_synth_1/prj/sol/.autopilot/db/v_frmbuf_rd.pp.0.cpp:36196:5: warning: Added loop label VITIS_LOOP_1121_1:   [xilinx-label-all-loops]
    for (HLS_CHANNEL_T k = 0; k < ((((SRC_T) & ((512 - 1) << 11)) >> 11) + 1); k++) {
    ^~~
    VITIS_LOOP_1121_1: 
/home/e/Documents/research/byotee/OSDZU3_Ref_Design/OSDZU3_Ref_Design.runs/design_1_v_frmbuf_rd_1_0_synth_1/prj/sol/.autopilot/db/v_frmbuf_rd.pp.0.cpp:36196:5: note: FIX-IT applied suggested code changes
/home/e/Documents/research/byotee/OSDZU3_Ref_Design/OSDZU3_Ref_Design.runs/design_1_v_frmbuf_rd_1_0_synth_1/prj/sol/.autopilot/db/v_frmbuf_rd.pp.0.cpp:36212:5: warning: Added loop label VITIS_LOOP_1137_1:   [xilinx-label-all-loops]
    for (HLS_CHANNEL_T k = 0; k < ((((SRC_T) & ((512 - 1) << 11)) >> 11) + 1); k++) {
    ^~~
    VITIS_LOOP_1137_1: 
/home/e/Documents/research/byotee/OSDZU3_Ref_Design/OSDZU3_Ref_Design.runs/design_1_v_frmbuf_rd_1_0_synth_1/prj/sol/.autopilot/db/v_frmbuf_rd.pp.0.cpp:36212:5: note: FIX-IT applied suggested code changes
/home/e/Documents/research/byotee/OSDZU3_Ref_Design/OSDZU3_Ref_Design.runs/design_1_v_frmbuf_rd_1_0_synth_1/prj/sol/.autopilot/db/v_frmbuf_rd.pp.0.cpp:36230:5: warning: Added loop label VITIS_LOOP_1155_1:   [xilinx-label-all-loops]
    for (HLS_CHANNEL_T k = 0; k < ((((SRC_T) & ((512 - 1) << 11)) >> 11) + 1); k++) {
    ^~~
    VITIS_LOOP_1155_1: 
/home/e/Documents/research/byotee/OSDZU3_Ref_Design/OSDZU3_Ref_Design.runs/design_1_v_frmbuf_rd_1_0_synth_1/prj/sol/.autopilot/db/v_frmbuf_rd.pp.0.cpp:36230:5: note: FIX-IT applied suggested code changes
/home/e/Documents/research/byotee/OSDZU3_Ref_Design/OSDZU3_Ref_Design.runs/design_1_v_frmbuf_rd_1_0_synth_1/prj/sol/.autopilot/db/v_frmbuf_rd.pp.0.cpp:36268:5: warning: Added loop label VITIS_LOOP_1193_1:   [xilinx-label-all-loops]
    for (HLS_CHANNEL_T k = 0; k < ((((SRC_T) & ((512 - 1) << 11)) >> 11) + 1); k++) {
    ^~~
    VITIS_LOOP_1193_1: 
/home/e/Documents/research/byotee/OSDZU3_Ref_Design/OSDZU3_Ref_Design.runs/design_1_v_frmbuf_rd_1_0_synth_1/prj/sol/.autopilot/db/v_frmbuf_rd.pp.0.cpp:36268:5: note: FIX-IT applied suggested code changes
/home/e/Documents/research/byotee/OSDZU3_Ref_Design/OSDZU3_Ref_Design.runs/design_1_v_frmbuf_rd_1_0_synth_1/prj/sol/.autopilot/db/v_frmbuf_rd.pp.0.cpp:36288:5: warning: Added loop label VITIS_LOOP_1213_1:   [xilinx-label-all-loops]
    for (HLS_CHANNEL_T k = 0; k < ((((SRC_T) & ((512 - 1) << 11)) >> 11) + 1); k++) {
    ^~~
    VITIS_LOOP_1213_1: 
/home/e/Documents/research/byotee/OSDZU3_Ref_Design/OSDZU3_Ref_Design.runs/design_1_v_frmbuf_rd_1_0_synth_1/prj/sol/.autopilot/db/v_frmbuf_rd.pp.0.cpp:36288:5: note: FIX-IT applied suggested code changes
/home/e/Documents/research/byotee/OSDZU3_Ref_Design/OSDZU3_Ref_Design.runs/design_1_v_frmbuf_rd_1_0_synth_1/prj/sol/.autopilot/db/v_frmbuf_rd.pp.0.cpp:36576:13: warning: Added loop label VITIS_LOOP_1508_1:   [xilinx-label-all-loops]
            for (HLS_CHANNEL_T k = 0; k < ((((SRC_T) & ((512 - 1) << 11)) >> 11) + 1); k++) {
            ^~~
            VITIS_LOOP_1508_1: 
/home/e/Documents/research/byotee/OSDZU3_Ref_Design/OSDZU3_Ref_Design.runs/design_1_v_frmbuf_rd_1_0_synth_1/prj/sol/.autopilot/db/v_frmbuf_rd.pp.0.cpp:36576:13: note: FIX-IT applied suggested code changes
/home/e/Documents/research/byotee/OSDZU3_Ref_Design/OSDZU3_Ref_Design.runs/design_1_v_frmbuf_rd_1_0_synth_1/prj/sol/.autopilot/db/v_frmbuf_rd.pp.0.cpp:37125:21: warning: Added loop label VITIS_LOOP_471_1:   [xilinx-label-all-loops]
                    for(int buf_row=0; buf_row<K_HEIGHT; buf_row++) {
                    ^~~
                    VITIS_LOOP_471_1: 
/home/e/Documents/research/byotee/OSDZU3_Ref_Design/OSDZU3_Ref_Design.runs/design_1_v_frmbuf_rd_1_0_synth_1/prj/sol/.autopilot/db/v_frmbuf_rd.pp.0.cpp:37125:21: note: FIX-IT applied suggested code changes
/home/e/Documents/research/byotee/OSDZU3_Ref_Design/OSDZU3_Ref_Design.runs/design_1_v_frmbuf_rd_1_0_synth_1/prj/sol/.autopilot/db/v_frmbuf_rd.pp.0.cpp:37138:29: warning: Added loop label VITIS_LOOP_484_2:   [xilinx-label-all-loops]
                            for(int buf_row=2*K_HEIGHT-1; buf_row>=0; buf_row--) {
                            ^~~
                            VITIS_LOOP_484_2: 
/home/e/Documents/research/byotee/OSDZU3_Ref_Design/OSDZU3_Ref_Design.runs/design_1_v_frmbuf_rd_1_0_synth_1/prj/sol/.autopilot/db/v_frmbuf_rd.pp.0.cpp:37138:29: note: FIX-IT applied suggested code changes
/home/e/Documents/research/byotee/OSDZU3_Ref_Design/OSDZU3_Ref_Design.runs/design_1_v_frmbuf_rd_1_0_synth_1/prj/sol/.autopilot/db/v_frmbuf_rd.pp.0.cpp:37147:29: warning: Added loop label VITIS_LOOP_493_3:   [xilinx-label-all-loops]
                            for(int buf_row=0; buf_row<K_HEIGHT; buf_row++) {
                            ^~~
                            VITIS_LOOP_493_3: 
/home/e/Documents/research/byotee/OSDZU3_Ref_Design/OSDZU3_Ref_Design.runs/design_1_v_frmbuf_rd_1_0_synth_1/prj/sol/.autopilot/db/v_frmbuf_rd.pp.0.cpp:37147:29: note: FIX-IT applied suggested code changes
/home/e/Documents/research/byotee/OSDZU3_Ref_Design/OSDZU3_Ref_Design.runs/design_1_v_frmbuf_rd_1_0_synth_1/prj/sol/.autopilot/db/v_frmbuf_rd.pp.0.cpp:37148:33: warning: Added loop label VITIS_LOOP_494_4:   [xilinx-label-all-loops]
                                for(int buf_col=K_WIDTH-1; buf_col>0; buf_col--) {
                                ^~~
                                VITIS_LOOP_494_4: 
/home/e/Documents/research/byotee/OSDZU3_Ref_Design/OSDZU3_Ref_Design.runs/design_1_v_frmbuf_rd_1_0_synth_1/prj/sol/.autopilot/db/v_frmbuf_rd.pp.0.cpp:37148:33: note: FIX-IT applied suggested code changes
/home/e/Documents/research/byotee/OSDZU3_Ref_Design/OSDZU3_Ref_Design.runs/design_1_v_frmbuf_rd_1_0_synth_1/prj/sol/.autopilot/db/v_frmbuf_rd.pp.0.cpp:37156:29: warning: Added loop label VITIS_LOOP_502_5:   [xilinx-label-all-loops]
                            for(int buf_row=2*K_HEIGHT-1; buf_row>0; buf_row--) {
                            ^~~
                            VITIS_LOOP_502_5: 
/home/e/Documents/research/byotee/OSDZU3_Ref_Design/OSDZU3_Ref_Design.runs/design_1_v_frmbuf_rd_1_0_synth_1/prj/sol/.autopilot/db/v_frmbuf_rd.pp.0.cpp:37156:29: note: FIX-IT applied suggested code changes
/home/e/Documents/research/byotee/OSDZU3_Ref_Design/OSDZU3_Ref_Design.runs/design_1_v_frmbuf_rd_1_0_synth_1/prj/sol/.autopilot/db/v_frmbuf_rd.pp.0.cpp:37170:21: warning: Added loop label VITIS_LOOP_516_6:   [xilinx-label-all-loops]
                    for(int buf_row=0; buf_row<K_HEIGHT; buf_row++){
                    ^~~
                    VITIS_LOOP_516_6: 
/home/e/Documents/research/byotee/OSDZU3_Ref_Design/OSDZU3_Ref_Design.runs/design_1_v_frmbuf_rd_1_0_synth_1/prj/sol/.autopilot/db/v_frmbuf_rd.pp.0.cpp:37170:21: note: FIX-IT applied suggested code changes
/home/e/Documents/research/byotee/OSDZU3_Ref_Design/OSDZU3_Ref_Design.runs/design_1_v_frmbuf_rd_1_0_synth_1/prj/sol/.autopilot/db/v_frmbuf_rd.pp.0.cpp:37306:25: warning: Added loop label VITIS_LOOP_652_1:   [xilinx-label-all-loops]
                        for(int buf_row=K_HEIGHT-1; buf_row>0; buf_row--) {
                        ^~~
                        VITIS_LOOP_652_1: 
/home/e/Documents/research/byotee/OSDZU3_Ref_Design/OSDZU3_Ref_Design.runs/design_1_v_frmbuf_rd_1_0_synth_1/prj/sol/.autopilot/db/v_frmbuf_rd.pp.0.cpp:37306:25: note: FIX-IT applied suggested code changes
/home/e/Documents/research/byotee/OSDZU3_Ref_Design/OSDZU3_Ref_Design.runs/design_1_v_frmbuf_rd_1_0_synth_1/prj/sol/.autopilot/db/v_frmbuf_rd.pp.0.cpp:37310:25: warning: Added loop label VITIS_LOOP_656_2:   [xilinx-label-all-loops]
                        for(int buf_row=K_HEIGHT-1; buf_row>=0; buf_row--) {
                        ^~~
                        VITIS_LOOP_656_2: 
/home/e/Documents/research/byotee/OSDZU3_Ref_Design/OSDZU3_Ref_Design.runs/design_1_v_frmbuf_rd_1_0_synth_1/prj/sol/.autopilot/db/v_frmbuf_rd.pp.0.cpp:37310:25: note: FIX-IT applied suggested code changes
/home/e/Documents/research/byotee/OSDZU3_Ref_Design/OSDZU3_Ref_Design.runs/design_1_v_frmbuf_rd_1_0_synth_1/prj/sol/.autopilot/db/v_frmbuf_rd.pp.0.cpp:37317:29: warning: Added loop label VITIS_LOOP_663_3:   [xilinx-label-all-loops]
                            for(int buf_row=K_HEIGHT-1; buf_row>0; buf_row--) {
                            ^~~
                            VITIS_LOOP_663_3: 
/home/e/Documents/research/byotee/OSDZU3_Ref_Design/OSDZU3_Ref_Design.runs/design_1_v_frmbuf_rd_1_0_synth_1/prj/sol/.autopilot/db/v_frmbuf_rd.pp.0.cpp:37317:29: note: FIX-IT applied suggested code changes
/home/e/Documents/research/byotee/OSDZU3_Ref_Design/OSDZU3_Ref_Design.runs/design_1_v_frmbuf_rd_1_0_synth_1/prj/sol/.autopilot/db/v_frmbuf_rd.pp.0.cpp:37334:25: warning: Added loop label VITIS_LOOP_680_4:   [xilinx-label-all-loops]
                        for(int buf_row=K_HEIGHT-1; buf_row>=0; buf_row--) {
                        ^~~
                        VITIS_LOOP_680_4: 
/home/e/Documents/research/byotee/OSDZU3_Ref_Design/OSDZU3_Ref_Design.runs/design_1_v_frmbuf_rd_1_0_synth_1/prj/sol/.autopilot/db/v_frmbuf_rd.pp.0.cpp:37334:25: note: FIX-IT applied suggested code changes
/home/e/Documents/research/byotee/OSDZU3_Ref_Design/OSDZU3_Ref_Design.runs/design_1_v_frmbuf_rd_1_0_synth_1/prj/sol/.autopilot/db/v_frmbuf_rd.pp.0.cpp:37335:29: warning: Added loop label VITIS_LOOP_681_5:   [xilinx-label-all-loops]
                            for(int buf_col=K_WIDTH-1; buf_col>0; buf_col--) {
                            ^~~
                            VITIS_LOOP_681_5: 
/home/e/Documents/research/byotee/OSDZU3_Ref_Design/OSDZU3_Ref_Design.runs/design_1_v_frmbuf_rd_1_0_synth_1/prj/sol/.autopilot/db/v_frmbuf_rd.pp.0.cpp:37335:29: note: FIX-IT applied suggested code changes
/home/e/Documents/research/byotee/OSDZU3_Ref_Design/OSDZU3_Ref_Design.runs/design_1_v_frmbuf_rd_1_0_synth_1/prj/sol/.autopilot/db/v_frmbuf_rd.pp.0.cpp:37437:17: warning: Added loop label VITIS_LOOP_783_1:   [xilinx-label-all-loops]
                for(int buf_row=0; buf_row<K_HEIGHT; buf_row++) {
                ^~~
                VITIS_LOOP_783_1: 
/home/e/Documents/research/byotee/OSDZU3_Ref_Design/OSDZU3_Ref_Design.runs/design_1_v_frmbuf_rd_1_0_synth_1/prj/sol/.autopilot/db/v_frmbuf_rd.pp.0.cpp:37437:17: note: FIX-IT applied suggested code changes
/home/e/Documents/research/byotee/OSDZU3_Ref_Design/OSDZU3_Ref_Design.runs/design_1_v_frmbuf_rd_1_0_synth_1/prj/sol/.autopilot/db/v_frmbuf_rd.pp.0.cpp:37447:21: warning: Added loop label VITIS_LOOP_793_2:   [xilinx-label-all-loops]
                    for(int buf_row=2*K_HEIGHT-1; buf_row>=0; buf_row--) {
                    ^~~
                    VITIS_LOOP_793_2: 
/home/e/Documents/research/byotee/OSDZU3_Ref_Design/OSDZU3_Ref_Design.runs/design_1_v_frmbuf_rd_1_0_synth_1/prj/sol/.autopilot/db/v_frmbuf_rd.pp.0.cpp:37447:21: note: FIX-IT applied suggested code changes
/home/e/Documents/research/byotee/OSDZU3_Ref_Design/OSDZU3_Ref_Design.runs/design_1_v_frmbuf_rd_1_0_synth_1/prj/sol/.autopilot/db/v_frmbuf_rd.pp.0.cpp:37454:21: warning: Added loop label VITIS_LOOP_800_3:   [xilinx-label-all-loops]
                    for(int buf_row=2*K_HEIGHT-1; buf_row>0; buf_row--) {
                    ^~~
                    VITIS_LOOP_800_3: 
/home/e/Documents/research/byotee/OSDZU3_Ref_Design/OSDZU3_Ref_Design.runs/design_1_v_frmbuf_rd_1_0_synth_1/prj/sol/.autopilot/db/v_frmbuf_rd.pp.0.cpp:37454:21: note: FIX-IT applied suggested code changes
/home/e/Documents/research/byotee/OSDZU3_Ref_Design/OSDZU3_Ref_Design.runs/design_1_v_frmbuf_rd_1_0_synth_1/prj/sol/.autopilot/db/v_frmbuf_rd.pp.0.cpp:37464:17: warning: Added loop label VITIS_LOOP_810_4:   [xilinx-label-all-loops]
                for(int buf_row=0; buf_row<K_HEIGHT; buf_row++){
                ^~~
                VITIS_LOOP_810_4: 
/home/e/Documents/research/byotee/OSDZU3_Ref_Design/OSDZU3_Ref_Design.runs/design_1_v_frmbuf_rd_1_0_synth_1/prj/sol/.autopilot/db/v_frmbuf_rd.pp.0.cpp:37464:17: note: FIX-IT applied suggested code changes
/home/e/Documents/research/byotee/OSDZU3_Ref_Design/OSDZU3_Ref_Design.runs/design_1_v_frmbuf_rd_1_0_synth_1/prj/sol/.autopilot/db/v_frmbuf_rd.pp.0.cpp:37590:17: warning: Added loop label VITIS_LOOP_936_1:   [xilinx-label-all-loops]
                for (int buf_col=K_WIDTH-1; buf_col>0; buf_col--) {
                ^~~
                VITIS_LOOP_936_1: 
/home/e/Documents/research/byotee/OSDZU3_Ref_Design/OSDZU3_Ref_Design.runs/design_1_v_frmbuf_rd_1_0_synth_1/prj/sol/.autopilot/db/v_frmbuf_rd.pp.0.cpp:37590:17: note: FIX-IT applied suggested code changes
/home/e/Documents/research/byotee/OSDZU3_Ref_Design/OSDZU3_Ref_Design.runs/design_1_v_frmbuf_rd_1_0_synth_1/prj/sol/.autopilot/db/v_frmbuf_rd.pp.0.cpp:37612:17: warning: Added loop label VITIS_LOOP_958_2:   [xilinx-label-all-loops]
                for (int buf_col=0; buf_col<2*K_WIDTH; buf_col++) {
                ^~~
                VITIS_LOOP_958_2: 
/home/e/Documents/research/byotee/OSDZU3_Ref_Design/OSDZU3_Ref_Design.runs/design_1_v_frmbuf_rd_1_0_synth_1/prj/sol/.autopilot/db/v_frmbuf_rd.pp.0.cpp:37612:17: note: FIX-IT applied suggested code changes
/home/e/Documents/research/byotee/OSDZU3_Ref_Design/OSDZU3_Ref_Design.runs/design_1_v_frmbuf_rd_1_0_synth_1/prj/sol/.autopilot/db/v_frmbuf_rd.pp.0.cpp:37618:17: warning: Added loop label VITIS_LOOP_964_3:   [xilinx-label-all-loops]
                for (int buf_col=0; buf_col<K_WIDTH; buf_col++) {
                ^~~
                VITIS_LOOP_964_3: 
/home/e/Documents/research/byotee/OSDZU3_Ref_Design/OSDZU3_Ref_Design.runs/design_1_v_frmbuf_rd_1_0_synth_1/prj/sol/.autopilot/db/v_frmbuf_rd.pp.0.cpp:37618:17: note: FIX-IT applied suggested code changes
/home/e/Documents/research/byotee/OSDZU3_Ref_Design/OSDZU3_Ref_Design.runs/design_1_v_frmbuf_rd_1_0_synth_1/prj/sol/.autopilot/db/v_frmbuf_rd.pp.0.cpp:37738:17: warning: Added loop label VITIS_LOOP_1084_1:   [xilinx-label-all-loops]
                for(int buf_col=K_WIDTH-1; buf_col>=1; buf_col--) {
                ^~~
                VITIS_LOOP_1084_1: 
/home/e/Documents/research/byotee/OSDZU3_Ref_Design/OSDZU3_Ref_Design.runs/design_1_v_frmbuf_rd_1_0_synth_1/prj/sol/.autopilot/db/v_frmbuf_rd.pp.0.cpp:37738:17: note: FIX-IT applied suggested code changes
/home/e/Documents/research/byotee/OSDZU3_Ref_Design/OSDZU3_Ref_Design.runs/design_1_v_frmbuf_rd_1_0_synth_1/prj/sol/.autopilot/db/v_frmbuf_rd.pp.0.cpp:37743:21: warning: Added loop label VITIS_LOOP_1089_2:   [xilinx-label-all-loops]
                    for(int buf_row= K_HEIGHT-1;buf_row >= 1;buf_row--) {
                    ^~~
                    VITIS_LOOP_1089_2: 
/home/e/Documents/research/byotee/OSDZU3_Ref_Design/OSDZU3_Ref_Design.runs/design_1_v_frmbuf_rd_1_0_synth_1/prj/sol/.autopilot/db/v_frmbuf_rd.pp.0.cpp:37743:21: note: FIX-IT applied suggested code changes
/home/e/Documents/research/byotee/OSDZU3_Ref_Design/OSDZU3_Ref_Design.runs/design_1_v_frmbuf_rd_1_0_synth_1/prj/sol/.autopilot/db/v_frmbuf_rd.pp.0.cpp:37771:17: warning: Added loop label VITIS_LOOP_1117_3:   [xilinx-label-all-loops]
                for (int buf_col=0; buf_col<K_WIDTH; buf_col++) {
                ^~~
                VITIS_LOOP_1117_3: 
/home/e/Documents/research/byotee/OSDZU3_Ref_Design/OSDZU3_Ref_Design.runs/design_1_v_frmbuf_rd_1_0_synth_1/prj/sol/.autopilot/db/v_frmbuf_rd.pp.0.cpp:37771:17: note: FIX-IT applied suggested code changes
/home/e/Documents/research/byotee/OSDZU3_Ref_Design/OSDZU3_Ref_Design.runs/design_1_v_frmbuf_rd_1_0_synth_1/prj/sol/.autopilot/db/v_frmbuf_rd.pp.0.cpp:38179:2: warning: Added loop label VITIS_LOOP_1525_1:   [xilinx-label-all-loops]
 for(int i=0; i<CN1; i++) {
 ^~~
 VITIS_LOOP_1525_1: 
/home/e/Documents/research/byotee/OSDZU3_Ref_Design/OSDZU3_Ref_Design.runs/design_1_v_frmbuf_rd_1_0_synth_1/prj/sol/.autopilot/db/v_frmbuf_rd.pp.0.cpp:38179:2: note: FIX-IT applied suggested code changes
/home/e/Documents/research/byotee/OSDZU3_Ref_Design/OSDZU3_Ref_Design.runs/design_1_v_frmbuf_rd_1_0_synth_1/prj/sol/.autopilot/db/v_frmbuf_rd.pp.0.cpp:38188:2: warning: Added loop label VITIS_LOOP_1534_1:   [xilinx-label-all-loops]
 for(int i=0; i<CN1; i++) {
 ^~~
 VITIS_LOOP_1534_1: 
/home/e/Documents/research/byotee/OSDZU3_Ref_Design/OSDZU3_Ref_Design.runs/design_1_v_frmbuf_rd_1_0_synth_1/prj/sol/.autopilot/db/v_frmbuf_rd.pp.0.cpp:38188:2: note: FIX-IT applied suggested code changes
/home/e/Documents/research/byotee/OSDZU3_Ref_Design/OSDZU3_Ref_Design.runs/design_1_v_frmbuf_rd_1_0_synth_1/prj/sol/.autopilot/db/v_frmbuf_rd.pp.0.cpp:38749:5: warning: Added loop label VITIS_LOOP_2095_1:   [xilinx-label-all-loops]
    for (i=0; i<NPHASES; i++) {
    ^~~
    VITIS_LOOP_2095_1: 
/home/e/Documents/research/byotee/OSDZU3_Ref_Design/OSDZU3_Ref_Design.runs/design_1_v_frmbuf_rd_1_0_synth_1/prj/sol/.autopilot/db/v_frmbuf_rd.pp.0.cpp:38749:5: note: FIX-IT applied suggested code changes
/home/e/Documents/research/byotee/OSDZU3_Ref_Design/OSDZU3_Ref_Design.runs/design_1_v_frmbuf_rd_1_0_synth_1/prj/sol/.autopilot/db/v_frmbuf_rd.pp.0.cpp:38756:5: warning: Added loop label VITIS_LOOP_2102_2:   [xilinx-label-all-loops]
    for (i = 0; i < NPHASES; i++) {
    ^~~
    VITIS_LOOP_2102_2: 
/home/e/Documents/research/byotee/OSDZU3_Ref_Design/OSDZU3_Ref_Design.runs/design_1_v_frmbuf_rd_1_0_synth_1/prj/sol/.autopilot/db/v_frmbuf_rd.pp.0.cpp:38756:5: note: FIX-IT applied suggested code changes
/home/e/Documents/research/byotee/OSDZU3_Ref_Design/OSDZU3_Ref_Design.runs/design_1_v_frmbuf_rd_1_0_synth_1/prj/sol/.autopilot/db/v_frmbuf_rd.pp.0.cpp:38757:9: warning: Added loop label VITIS_LOOP_2103_3:   [xilinx-label-all-loops]
        for (j = 0; j < NTAPS; j++) {
        ^~~
        VITIS_LOOP_2103_3: 
/home/e/Documents/research/byotee/OSDZU3_Ref_Design/OSDZU3_Ref_Design.runs/design_1_v_frmbuf_rd_1_0_synth_1/prj/sol/.autopilot/db/v_frmbuf_rd.pp.0.cpp:38757:9: note: FIX-IT applied suggested code changes
/home/e/Documents/research/byotee/OSDZU3_Ref_Design/OSDZU3_Ref_Design.runs/design_1_v_frmbuf_rd_1_0_synth_1/prj/sol/.autopilot/db/v_frmbuf_rd.pp.0.cpp:38900:27: warning: Added loop label VITIS_LOOP_2246_1:   [xilinx-label-all-loops]
                          for (int m = 0; m < ((((T) & ((512 - 1) << 11)) >> 11) + 1); m++)
                          ^~~
                          VITIS_LOOP_2246_1: 
/home/e/Documents/research/byotee/OSDZU3_Ref_Design/OSDZU3_Ref_Design.runs/design_1_v_frmbuf_rd_1_0_synth_1/prj/sol/.autopilot/db/v_frmbuf_rd.pp.0.cpp:38900:27: note: FIX-IT applied suggested code changes
/home/e/Documents/research/byotee/OSDZU3_Ref_Design/OSDZU3_Ref_Design.runs/design_1_v_frmbuf_rd_1_0_synth_1/prj/sol/.autopilot/db/v_frmbuf_rd.pp.0.cpp:38907:15: warning: Added loop label VITIS_LOOP_2253_2:   [xilinx-label-all-loops]
              for (int i = 0; i < NTAPS; i++) {
              ^~~
              VITIS_LOOP_2253_2: 
/home/e/Documents/research/byotee/OSDZU3_Ref_Design/OSDZU3_Ref_Design.runs/design_1_v_frmbuf_rd_1_0_synth_1/prj/sol/.autopilot/db/v_frmbuf_rd.pp.0.cpp:38907:15: note: FIX-IT applied suggested code changes
/home/e/Documents/research/byotee/OSDZU3_Ref_Design/OSDZU3_Ref_Design.runs/design_1_v_frmbuf_rd_1_0_synth_1/prj/sol/.autopilot/db/v_frmbuf_rd.pp.0.cpp:38913:23: warning: Added loop label VITIS_LOOP_2259_3:   [xilinx-label-all-loops]
                      for (int i = NTAPS - 1; i > 0; i--) {
                      ^~~
                      VITIS_LOOP_2259_3: 
/home/e/Documents/research/byotee/OSDZU3_Ref_Design/OSDZU3_Ref_Design.runs/design_1_v_frmbuf_rd_1_0_synth_1/prj/sol/.autopilot/db/v_frmbuf_rd.pp.0.cpp:38913:23: note: FIX-IT applied suggested code changes
/home/e/Documents/research/byotee/OSDZU3_Ref_Design/OSDZU3_Ref_Design.runs/design_1_v_frmbuf_rd_1_0_synth_1/prj/sol/.autopilot/db/v_frmbuf_rd.pp.0.cpp:38927:23: warning: Added loop label VITIS_LOOP_2273_4:   [xilinx-label-all-loops]
                      for (int i = NTAPS - 1; i >= 0; i--) {
                      ^~~
                      VITIS_LOOP_2273_4: 
/home/e/Documents/research/byotee/OSDZU3_Ref_Design/OSDZU3_Ref_Design.runs/design_1_v_frmbuf_rd_1_0_synth_1/prj/sol/.autopilot/db/v_frmbuf_rd.pp.0.cpp:38927:23: note: FIX-IT applied suggested code changes
/home/e/Documents/research/byotee/OSDZU3_Ref_Design/OSDZU3_Ref_Design.runs/design_1_v_frmbuf_rd_1_0_synth_1/prj/sol/.autopilot/db/v_frmbuf_rd.pp.0.cpp:38938:15: warning: Added loop label VITIS_LOOP_2284_5:   [xilinx-label-all-loops]
              for (int i = 0; i < NTAPS; i++) {
              ^~~
              VITIS_LOOP_2284_5: 
/home/e/Documents/research/byotee/OSDZU3_Ref_Design/OSDZU3_Ref_Design.runs/design_1_v_frmbuf_rd_1_0_synth_1/prj/sol/.autopilot/db/v_frmbuf_rd.pp.0.cpp:38938:15: note: FIX-IT applied suggested code changes
/home/e/Documents/research/byotee/OSDZU3_Ref_Design/OSDZU3_Ref_Design.runs/design_1_v_frmbuf_rd_1_0_synth_1/prj/sol/.autopilot/db/v_frmbuf_rd.pp.0.cpp:38983:5: warning: Added loop label VITIS_LOOP_2329_1:   [xilinx-label-all-loops]
    for(short i= 0;i<rows;i++) {
    ^~~
    VITIS_LOOP_2329_1: 
/home/e/Documents/research/byotee/OSDZU3_Ref_Design/OSDZU3_Ref_Design.runs/design_1_v_frmbuf_rd_1_0_synth_1/prj/sol/.autopilot/db/v_frmbuf_rd.pp.0.cpp:38983:5: note: FIX-IT applied suggested code changes
/home/e/Documents/research/byotee/OSDZU3_Ref_Design/OSDZU3_Ref_Design.runs/design_1_v_frmbuf_rd_1_0_synth_1/prj/sol/.autopilot/db/v_frmbuf_rd.pp.0.cpp:38984:9: warning: Added loop label VITIS_LOOP_2330_2:   [xilinx-label-all-loops]
        for(short j= 0;j<cols;j++) {
        ^~~
        VITIS_LOOP_2330_2: 
/home/e/Documents/research/byotee/OSDZU3_Ref_Design/OSDZU3_Ref_Design.runs/design_1_v_frmbuf_rd_1_0_synth_1/prj/sol/.autopilot/db/v_frmbuf_rd.pp.0.cpp:38984:9: note: FIX-IT applied suggested code changes
/home/e/Documents/research/byotee/OSDZU3_Ref_Design/OSDZU3_Ref_Design.runs/design_1_v_frmbuf_rd_1_0_synth_1/prj/sol/.autopilot/db/v_frmbuf_rd.pp.0.cpp:39064:17: warning: Added loop label VITIS_LOOP_2410_3:   [xilinx-label-all-loops]
                for(int r= 0;r<2;r++)
                ^~~
                VITIS_LOOP_2410_3: 
/home/e/Documents/research/byotee/OSDZU3_Ref_Design/OSDZU3_Ref_Design.runs/design_1_v_frmbuf_rd_1_0_synth_1/prj/sol/.autopilot/db/v_frmbuf_rd.pp.0.cpp:39064:17: note: FIX-IT applied suggested code changes
/home/e/Documents/research/byotee/OSDZU3_Ref_Design/OSDZU3_Ref_Design.runs/design_1_v_frmbuf_rd_1_0_synth_1/prj/sol/.autopilot/db/v_frmbuf_rd.pp.0.cpp:39088:21: warning: Added loop label VITIS_LOOP_2434_4:   [xilinx-label-all-loops]
                    for(int r= 0;r<2;r++)
                    ^~~
                    VITIS_LOOP_2434_4: 
/home/e/Documents/research/byotee/OSDZU3_Ref_Design/OSDZU3_Ref_Design.runs/design_1_v_frmbuf_rd_1_0_synth_1/prj/sol/.autopilot/db/v_frmbuf_rd.pp.0.cpp:39088:21: note: FIX-IT applied suggested code changes
/home/e/Documents/research/byotee/OSDZU3_Ref_Design/OSDZU3_Ref_Design.runs/design_1_v_frmbuf_rd_1_0_synth_1/prj/sol/.autopilot/db/v_frmbuf_rd.pp.0.cpp:39098:17: warning: Added loop label VITIS_LOOP_2444_5:   [xilinx-label-all-loops]
                for(int k=0;k<((((SRC_T) & ((512 - 1) << 11)) >> 11) + 1);k++)
                ^~~
                VITIS_LOOP_2444_5: 
/home/e/Documents/research/byotee/OSDZU3_Ref_Design/OSDZU3_Ref_Design.runs/design_1_v_frmbuf_rd_1_0_synth_1/prj/sol/.autopilot/db/v_frmbuf_rd.pp.0.cpp:39098:17: note: FIX-IT applied suggested code changes
/home/e/Documents/research/byotee/OSDZU3_Ref_Design/OSDZU3_Ref_Design.runs/design_1_v_frmbuf_rd_1_0_synth_1/prj/sol/.autopilot/db/v_frmbuf_rd.pp.0.cpp:39216:5: warning: Added loop label VITIS_LOOP_2562_1:   [xilinx-label-all-loops]
    for(int k=0; k<2; k++)
    ^~~
    VITIS_LOOP_2562_1: 
/home/e/Documents/research/byotee/OSDZU3_Ref_Design/OSDZU3_Ref_Design.runs/design_1_v_frmbuf_rd_1_0_synth_1/prj/sol/.autopilot/db/v_frmbuf_rd.pp.0.cpp:39216:5: note: FIX-IT applied suggested code changes
/home/e/Documents/research/byotee/OSDZU3_Ref_Design/OSDZU3_Ref_Design.runs/design_1_v_frmbuf_rd_1_0_synth_1/prj/sol/.autopilot/db/v_frmbuf_rd.pp.0.cpp:39233:13: warning: Added loop label VITIS_LOOP_2579_2:   [xilinx-label-all-loops]
            for(int i=0; i<SIZE; i++)
            ^~~
            VITIS_LOOP_2579_2: 
/home/e/Documents/research/byotee/OSDZU3_Ref_Design/OSDZU3_Ref_Design.runs/design_1_v_frmbuf_rd_1_0_synth_1/prj/sol/.autopilot/db/v_frmbuf_rd.pp.0.cpp:39233:13: note: FIX-IT applied suggested code changes
/home/e/Documents/research/byotee/OSDZU3_Ref_Design/OSDZU3_Ref_Design.runs/design_1_v_frmbuf_rd_1_0_synth_1/prj/sol/.autopilot/db/v_frmbuf_rd.pp.0.cpp:39236:13: warning: Added loop label VITIS_LOOP_2582_3:   [xilinx-label-all-loops]
            for(int i=0; i<SIZE-order-1; i++)
            ^~~
            VITIS_LOOP_2582_3: 
/home/e/Documents/research/byotee/OSDZU3_Ref_Design/OSDZU3_Ref_Design.runs/design_1_v_frmbuf_rd_1_0_synth_1/prj/sol/.autopilot/db/v_frmbuf_rd.pp.0.cpp:39236:13: note: FIX-IT applied suggested code changes
/home/e/Documents/research/byotee/OSDZU3_Ref_Design/OSDZU3_Ref_Design.runs/design_1_v_frmbuf_rd_1_0_synth_1/prj/sol/.autopilot/db/v_frmbuf_rd.pp.0.cpp:39239:17: warning: Added loop label VITIS_LOOP_2585_4:   [xilinx-label-all-loops]
                for(int j = 1; j <= SIZE; j++ )
                ^~~
                VITIS_LOOP_2585_4: 
/home/e/Documents/research/byotee/OSDZU3_Ref_Design/OSDZU3_Ref_Design.runs/design_1_v_frmbuf_rd_1_0_synth_1/prj/sol/.autopilot/db/v_frmbuf_rd.pp.0.cpp:39239:17: note: FIX-IT applied suggested code changes
/home/e/Documents/research/byotee/OSDZU3_Ref_Design/OSDZU3_Ref_Design.runs/design_1_v_frmbuf_rd_1_0_synth_1/prj/sol/.autopilot/db/v_frmbuf_rd.pp.0.cpp:39247:13: warning: Added loop label VITIS_LOOP_2593_5:   [xilinx-label-all-loops]
            for(int i = 0; i < order; i++ )
            ^~~
            VITIS_LOOP_2593_5: 
/home/e/Documents/research/byotee/OSDZU3_Ref_Design/OSDZU3_Ref_Design.runs/design_1_v_frmbuf_rd_1_0_synth_1/prj/sol/.autopilot/db/v_frmbuf_rd.pp.0.cpp:39247:13: note: FIX-IT applied suggested code changes
/home/e/Documents/research/byotee/OSDZU3_Ref_Design/OSDZU3_Ref_Design.runs/design_1_v_frmbuf_rd_1_0_synth_1/prj/sol/.autopilot/db/v_frmbuf_rd.pp.0.cpp:39250:17: warning: Added loop label VITIS_LOOP_2596_6:   [xilinx-label-all-loops]
                for(int j = 1; j <= SIZE; j++ )
                ^~~
                VITIS_LOOP_2596_6: 
/home/e/Documents/research/byotee/OSDZU3_Ref_Design/OSDZU3_Ref_Design.runs/design_1_v_frmbuf_rd_1_0_synth_1/prj/sol/.autopilot/db/v_frmbuf_rd.pp.0.cpp:39250:17: note: FIX-IT applied suggested code changes
/home/e/Documents/research/byotee/OSDZU3_Ref_Design/OSDZU3_Ref_Design.runs/design_1_v_frmbuf_rd_1_0_synth_1/prj/sol/.autopilot/db/v_frmbuf_rd.pp.0.cpp:39259:9: warning: Added loop label VITIS_LOOP_2605_7:   [xilinx-label-all-loops]
        for(int i=0; i<SIZE; i++) {
        ^~~
        VITIS_LOOP_2605_7: 
/home/e/Documents/research/byotee/OSDZU3_Ref_Design/OSDZU3_Ref_Design.runs/design_1_v_frmbuf_rd_1_0_synth_1/prj/sol/.autopilot/db/v_frmbuf_rd.pp.0.cpp:39259:9: note: FIX-IT applied suggested code changes
/home/e/Documents/research/byotee/OSDZU3_Ref_Design/OSDZU3_Ref_Design.runs/design_1_v_frmbuf_rd_1_0_synth_1/prj/sol/.autopilot/db/v_frmbuf_rd.pp.0.cpp:39267:5: warning: Added loop label VITIS_LOOP_2613_8:   [xilinx-label-all-loops]
    for(int i=0; i<SIZE; i++) {
    ^~~
    VITIS_LOOP_2613_8: 
/home/e/Documents/research/byotee/OSDZU3_Ref_Design/OSDZU3_Ref_Design.runs/design_1_v_frmbuf_rd_1_0_synth_1/prj/sol/.autopilot/db/v_frmbuf_rd.pp.0.cpp:39267:5: note: FIX-IT applied suggested code changes
/home/e/Documents/research/byotee/OSDZU3_Ref_Design/OSDZU3_Ref_Design.runs/design_1_v_frmbuf_rd_1_0_synth_1/prj/sol/.autopilot/db/v_frmbuf_rd.pp.0.cpp:39268:9: warning: Added loop label VITIS_LOOP_2614_9:   [xilinx-label-all-loops]
        for(int j=0; j<SIZE; j++) {
        ^~~
        VITIS_LOOP_2614_9: 
/home/e/Documents/research/byotee/OSDZU3_Ref_Design/OSDZU3_Ref_Design.runs/design_1_v_frmbuf_rd_1_0_synth_1/prj/sol/.autopilot/db/v_frmbuf_rd.pp.0.cpp:39268:9: note: FIX-IT applied suggested code changes
/home/e/Documents/research/byotee/OSDZU3_Ref_Design/OSDZU3_Ref_Design.runs/design_1_v_frmbuf_rd_1_0_synth_1/prj/sol/.autopilot/db/v_frmbuf_rd.pp.0.cpp:39318:6: warning: Added loop label VITIS_LOOP_2664_1:   [xilinx-label-all-loops]
     for (int i = 0; i < KH; i++) {
     ^~~
     VITIS_LOOP_2664_1: 
/home/e/Documents/research/byotee/OSDZU3_Ref_Design/OSDZU3_Ref_Design.runs/design_1_v_frmbuf_rd_1_0_synth_1/prj/sol/.autopilot/db/v_frmbuf_rd.pp.0.cpp:39318:6: note: FIX-IT applied suggested code changes
/home/e/Documents/research/byotee/OSDZU3_Ref_Design/OSDZU3_Ref_Design.runs/design_1_v_frmbuf_rd_1_0_synth_1/prj/sol/.autopilot/db/v_frmbuf_rd.pp.0.cpp:39319:13: warning: Added loop label VITIS_LOOP_2665_2:   [xilinx-label-all-loops]
            for (int j = 0; j < KW; j++) {
            ^~~
            VITIS_LOOP_2665_2: 
/home/e/Documents/research/byotee/OSDZU3_Ref_Design/OSDZU3_Ref_Design.runs/design_1_v_frmbuf_rd_1_0_synth_1/prj/sol/.autopilot/db/v_frmbuf_rd.pp.0.cpp:39319:13: note: FIX-IT applied suggested code changes
/home/e/Documents/research/byotee/OSDZU3_Ref_Design/OSDZU3_Ref_Design.runs/design_1_v_frmbuf_rd_1_0_synth_1/prj/sol/.autopilot/db/v_frmbuf_rd.pp.0.cpp:39327:6: warning: Added loop label VITIS_LOOP_2673_3:   [xilinx-label-all-loops]
     for (int i = 0; i < KH; i++) {
     ^~~
     VITIS_LOOP_2673_3: 
/home/e/Documents/research/byotee/OSDZU3_Ref_Design/OSDZU3_Ref_Design.runs/design_1_v_frmbuf_rd_1_0_synth_1/prj/sol/.autopilot/db/v_frmbuf_rd.pp.0.cpp:39327:6: note: FIX-IT applied suggested code changes
/home/e/Documents/research/byotee/OSDZU3_Ref_Design/OSDZU3_Ref_Design.runs/design_1_v_frmbuf_rd_1_0_synth_1/prj/sol/.autopilot/db/v_frmbuf_rd.pp.0.cpp:39328:10: warning: Added loop label VITIS_LOOP_2674_4:   [xilinx-label-all-loops]
         for (int j = 0; j < KW; j++) {
         ^~~
         VITIS_LOOP_2674_4: 
/home/e/Documents/research/byotee/OSDZU3_Ref_Design/OSDZU3_Ref_Design.runs/design_1_v_frmbuf_rd_1_0_synth_1/prj/sol/.autopilot/db/v_frmbuf_rd.pp.0.cpp:39328:10: note: FIX-IT applied suggested code changes
/home/e/Documents/research/byotee/OSDZU3_Ref_Design/OSDZU3_Ref_Design.runs/design_1_v_frmbuf_rd_1_0_synth_1/prj/sol/.autopilot/db/v_frmbuf_rd.pp.0.cpp:39370:5: warning: Added loop label VITIS_LOOP_2716_1:   [xilinx-label-all-loops]
    for (int i = 0; i < KW; i++) {
    ^~~
    VITIS_LOOP_2716_1: 
/home/e/Documents/research/byotee/OSDZU3_Ref_Design/OSDZU3_Ref_Design.runs/design_1_v_frmbuf_rd_1_0_synth_1/prj/sol/.autopilot/db/v_frmbuf_rd.pp.0.cpp:39370:5: note: FIX-IT applied suggested code changes
/home/e/Documents/research/byotee/OSDZU3_Ref_Design/OSDZU3_Ref_Design.runs/design_1_v_frmbuf_rd_1_0_synth_1/prj/sol/.autopilot/db/v_frmbuf_rd.pp.0.cpp:39374:5: warning: Added loop label VITIS_LOOP_2720_2:   [xilinx-label-all-loops]
    for (int i = 0; i < KH; i++) {
    ^~~
    VITIS_LOOP_2720_2: 
/home/e/Documents/research/byotee/OSDZU3_Ref_Design/OSDZU3_Ref_Design.runs/design_1_v_frmbuf_rd_1_0_synth_1/prj/sol/.autopilot/db/v_frmbuf_rd.pp.0.cpp:39374:5: note: FIX-IT applied suggested code changes
/home/e/Documents/research/byotee/OSDZU3_Ref_Design/OSDZU3_Ref_Design.runs/design_1_v_frmbuf_rd_1_0_synth_1/prj/sol/.autopilot/db/v_frmbuf_rd.pp.0.cpp:39428:5: warning: Added loop label VITIS_LOOP_2774_1:   [xilinx-label-all-loops]
    for(int i=0; i<5; i++)
    ^~~
    VITIS_LOOP_2774_1: 
/home/e/Documents/research/byotee/OSDZU3_Ref_Design/OSDZU3_Ref_Design.runs/design_1_v_frmbuf_rd_1_0_synth_1/prj/sol/.autopilot/db/v_frmbuf_rd.pp.0.cpp:39428:5: note: FIX-IT applied suggested code changes
/home/e/Documents/research/byotee/OSDZU3_Ref_Design/OSDZU3_Ref_Design.runs/design_1_v_frmbuf_rd_1_0_synth_1/prj/sol/.autopilot/db/v_frmbuf_rd.pp.0.cpp:39429:9: warning: Added loop label VITIS_LOOP_2775_2:   [xilinx-label-all-loops]
        for(int j=0; j<5; j++)
        ^~~
        VITIS_LOOP_2775_2: 
/home/e/Documents/research/byotee/OSDZU3_Ref_Design/OSDZU3_Ref_Design.runs/design_1_v_frmbuf_rd_1_0_synth_1/prj/sol/.autopilot/db/v_frmbuf_rd.pp.0.cpp:39429:9: note: FIX-IT applied suggested code changes
/home/e/Documents/research/byotee/OSDZU3_Ref_Design/OSDZU3_Ref_Design.runs/design_1_v_frmbuf_rd_1_0_synth_1/prj/sol/.autopilot/db/v_frmbuf_rd.pp.0.cpp:39488:25: warning: Added loop label VITIS_LOOP_2834_1:   [xilinx-label-all-loops]
                        for(int row= 0;row<K_HEIGHT;row++)
                        ^~~
                        VITIS_LOOP_2834_1: 
/home/e/Documents/research/byotee/OSDZU3_Ref_Design/OSDZU3_Ref_Design.runs/design_1_v_frmbuf_rd_1_0_synth_1/prj/sol/.autopilot/db/v_frmbuf_rd.pp.0.cpp:39488:25: note: FIX-IT applied suggested code changes
/home/e/Documents/research/byotee/OSDZU3_Ref_Design/OSDZU3_Ref_Design.runs/design_1_v_frmbuf_rd_1_0_synth_1/prj/sol/.autopilot/db/v_frmbuf_rd.pp.0.cpp:39489:29: warning: Added loop label VITIS_LOOP_2835_2:   [xilinx-label-all-loops]
                            for(int col= K_WIDTH-1;col>=1;col--)
                            ^~~
                            VITIS_LOOP_2835_2: 
/home/e/Documents/research/byotee/OSDZU3_Ref_Design/OSDZU3_Ref_Design.runs/design_1_v_frmbuf_rd_1_0_synth_1/prj/sol/.autopilot/db/v_frmbuf_rd.pp.0.cpp:39489:29: note: FIX-IT applied suggested code changes
/home/e/Documents/research/byotee/OSDZU3_Ref_Design/OSDZU3_Ref_Design.runs/design_1_v_frmbuf_rd_1_0_synth_1/prj/sol/.autopilot/db/v_frmbuf_rd.pp.0.cpp:39492:25: warning: Added loop label VITIS_LOOP_2838_3:   [xilinx-label-all-loops]
                        for(int buf_row = 0; buf_row < K_HEIGHT; buf_row++)
                        ^~~
                        VITIS_LOOP_2838_3: 
/home/e/Documents/research/byotee/OSDZU3_Ref_Design/OSDZU3_Ref_Design.runs/design_1_v_frmbuf_rd_1_0_synth_1/prj/sol/.autopilot/db/v_frmbuf_rd.pp.0.cpp:39492:25: note: FIX-IT applied suggested code changes
/home/e/Documents/research/byotee/OSDZU3_Ref_Design/OSDZU3_Ref_Design.runs/design_1_v_frmbuf_rd_1_0_synth_1/prj/sol/.autopilot/db/v_frmbuf_rd.pp.0.cpp:39504:33: warning: Added loop label VITIS_LOOP_2850_4:   [xilinx-label-all-loops]
                                for(int buf_row= K_HEIGHT-1;buf_row >= 1;buf_row--)
                                ^~~
                                VITIS_LOOP_2850_4: 
/home/e/Documents/research/byotee/OSDZU3_Ref_Design/OSDZU3_Ref_Design.runs/design_1_v_frmbuf_rd_1_0_synth_1/prj/sol/.autopilot/db/v_frmbuf_rd.pp.0.cpp:39504:33: note: FIX-IT applied suggested code changes
/home/e/Documents/research/byotee/OSDZU3_Ref_Design/OSDZU3_Ref_Design.runs/design_1_v_frmbuf_rd_1_0_synth_1/prj/sol/.autopilot/db/v_frmbuf_rd.pp.0.cpp:39515:37: warning: Added loop label VITIS_LOOP_2861_5:   [xilinx-label-all-loops]
                                    for(int buf_row= K_HEIGHT-1;buf_row >= 1;buf_row--)
                                    ^~~
                                    VITIS_LOOP_2861_5: 
/home/e/Documents/research/byotee/OSDZU3_Ref_Design/OSDZU3_Ref_Design.runs/design_1_v_frmbuf_rd_1_0_synth_1/prj/sol/.autopilot/db/v_frmbuf_rd.pp.0.cpp:39515:37: note: FIX-IT applied suggested code changes
/home/e/Documents/research/byotee/OSDZU3_Ref_Design/OSDZU3_Ref_Design.runs/design_1_v_frmbuf_rd_1_0_synth_1/prj/sol/.autopilot/db/v_frmbuf_rd.pp.0.cpp:39531:33: warning: Added loop label VITIS_LOOP_2877_6:   [xilinx-label-all-loops]
                                for(int buf_row = 0;buf_row < K_HEIGHT; buf_row++)
                                ^~~
                                VITIS_LOOP_2877_6: 
/home/e/Documents/research/byotee/OSDZU3_Ref_Design/OSDZU3_Ref_Design.runs/design_1_v_frmbuf_rd_1_0_synth_1/prj/sol/.autopilot/db/v_frmbuf_rd.pp.0.cpp:39531:33: note: FIX-IT applied suggested code changes
/home/e/Documents/research/byotee/OSDZU3_Ref_Design/OSDZU3_Ref_Design.runs/design_1_v_frmbuf_rd_1_0_synth_1/prj/sol/.autopilot/db/v_frmbuf_rd.pp.0.cpp:39537:33: warning: Added loop label VITIS_LOOP_2883_7:   [xilinx-label-all-loops]
                                for(int buf_row= 0;buf_row < K_HEIGHT; buf_row++)
                                ^~~
                                VITIS_LOOP_2883_7: 
/home/e/Documents/research/byotee/OSDZU3_Ref_Design/OSDZU3_Ref_Design.runs/design_1_v_frmbuf_rd_1_0_synth_1/prj/sol/.autopilot/db/v_frmbuf_rd.pp.0.cpp:39537:33: note: FIX-IT applied suggested code changes
/home/e/Documents/research/byotee/OSDZU3_Ref_Design/OSDZU3_Ref_Design.runs/design_1_v_frmbuf_rd_1_0_synth_1/prj/sol/.autopilot/db/v_frmbuf_rd.pp.0.cpp:39543:36: warning: Added loop label VITIS_LOOP_2889_8:   [xilinx-label-all-loops]
                                   for(int buf_row= K_HEIGHT-1;buf_row>0;buf_row--)
                                   ^~~
                                   VITIS_LOOP_2889_8: 
/home/e/Documents/research/byotee/OSDZU3_Ref_Design/OSDZU3_Ref_Design.runs/design_1_v_frmbuf_rd_1_0_synth_1/prj/sol/.autopilot/db/v_frmbuf_rd.pp.0.cpp:39543:36: note: FIX-IT applied suggested code changes
/home/e/Documents/research/byotee/OSDZU3_Ref_Design/OSDZU3_Ref_Design.runs/design_1_v_frmbuf_rd_1_0_synth_1/prj/sol/.autopilot/db/v_frmbuf_rd.pp.0.cpp:39555:29: warning: Added loop label VITIS_LOOP_2901_9:   [xilinx-label-all-loops]
                            for(int buf_row= 0;buf_row<K_HEIGHT;buf_row++)
                            ^~~
                            VITIS_LOOP_2901_9: 
/home/e/Documents/research/byotee/OSDZU3_Ref_Design/OSDZU3_Ref_Design.runs/design_1_v_frmbuf_rd_1_0_synth_1/prj/sol/.autopilot/db/v_frmbuf_rd.pp.0.cpp:39555:29: note: FIX-IT applied suggested code changes
/home/e/Documents/research/byotee/OSDZU3_Ref_Design/OSDZU3_Ref_Design.runs/design_1_v_frmbuf_rd_1_0_synth_1/prj/sol/.autopilot/db/v_frmbuf_rd.pp.0.cpp:39569:33: warning: Added loop label VITIS_LOOP_2915_10:   [xilinx-label-all-loops]
                                for(int buf_row= K_HEIGHT-1;buf_row>0;buf_row--)
                                ^~~
                                VITIS_LOOP_2915_10: 
/home/e/Documents/research/byotee/OSDZU3_Ref_Design/OSDZU3_Ref_Design.runs/design_1_v_frmbuf_rd_1_0_synth_1/prj/sol/.autopilot/db/v_frmbuf_rd.pp.0.cpp:39569:33: note: FIX-IT applied suggested code changes
/home/e/Documents/research/byotee/OSDZU3_Ref_Design/OSDZU3_Ref_Design.runs/design_1_v_frmbuf_rd_1_0_synth_1/prj/sol/.autopilot/db/v_frmbuf_rd.pp.0.cpp:39583:33: warning: Added loop label VITIS_LOOP_2929_11:   [xilinx-label-all-loops]
                                for(int m=0; m<K_HEIGHT; m++)
                                ^~~
                                VITIS_LOOP_2929_11: 
/home/e/Documents/research/byotee/OSDZU3_Ref_Design/OSDZU3_Ref_Design.runs/design_1_v_frmbuf_rd_1_0_synth_1/prj/sol/.autopilot/db/v_frmbuf_rd.pp.0.cpp:39583:33: note: FIX-IT applied suggested code changes
/home/e/Documents/research/byotee/OSDZU3_Ref_Design/OSDZU3_Ref_Design.runs/design_1_v_frmbuf_rd_1_0_synth_1/prj/sol/.autopilot/db/v_frmbuf_rd.pp.0.cpp:39584:37: warning: Added loop label VITIS_LOOP_2930_12:   [xilinx-label-all-loops]
                                    for(int n=0; n<K_WIDTH; n++)
                                    ^~~
                                    VITIS_LOOP_2930_12: 
/home/e/Documents/research/byotee/OSDZU3_Ref_Design/OSDZU3_Ref_Design.runs/design_1_v_frmbuf_rd_1_0_synth_1/prj/sol/.autopilot/db/v_frmbuf_rd.pp.0.cpp:39584:37: note: FIX-IT applied suggested code changes
/home/e/Documents/research/byotee/OSDZU3_Ref_Design/OSDZU3_Ref_Design.runs/design_1_v_frmbuf_rd_1_0_synth_1/prj/sol/.autopilot/db/v_frmbuf_rd.pp.0.cpp:39589:33: warning: Added loop label VITIS_LOOP_2935_13:   [xilinx-label-all-loops]
                                for(int m=0; m<K_HEIGHT; m++)
                                ^~~
                                VITIS_LOOP_2935_13: 
/home/e/Documents/research/byotee/OSDZU3_Ref_Design/OSDZU3_Ref_Design.runs/design_1_v_frmbuf_rd_1_0_synth_1/prj/sol/.autopilot/db/v_frmbuf_rd.pp.0.cpp:39589:33: note: FIX-IT applied suggested code changes
/home/e/Documents/research/byotee/OSDZU3_Ref_Design/OSDZU3_Ref_Design.runs/design_1_v_frmbuf_rd_1_0_synth_1/prj/sol/.autopilot/db/v_frmbuf_rd.pp.0.cpp:39590:37: warning: Added loop label VITIS_LOOP_2936_14:   [xilinx-label-all-loops]
                                    for(int n=1; n<K_WIDTH; n++)
                                    ^~~
                                    VITIS_LOOP_2936_14: 
/home/e/Documents/research/byotee/OSDZU3_Ref_Design/OSDZU3_Ref_Design.runs/design_1_v_frmbuf_rd_1_0_synth_1/prj/sol/.autopilot/db/v_frmbuf_rd.pp.0.cpp:39590:37: note: FIX-IT applied suggested code changes
/home/e/Documents/research/byotee/OSDZU3_Ref_Design/OSDZU3_Ref_Design.runs/design_1_v_frmbuf_rd_1_0_synth_1/prj/sol/.autopilot/db/v_frmbuf_rd.pp.0.cpp:39597:33: warning: Added loop label VITIS_LOOP_2943_15:   [xilinx-label-all-loops]
                                for(int m=0; m<K_HEIGHT-1; m++)
                                ^~~
                                VITIS_LOOP_2943_15: 
/home/e/Documents/research/byotee/OSDZU3_Ref_Design/OSDZU3_Ref_Design.runs/design_1_v_frmbuf_rd_1_0_synth_1/prj/sol/.autopilot/db/v_frmbuf_rd.pp.0.cpp:39597:33: note: FIX-IT applied suggested code changes
/home/e/Documents/research/byotee/OSDZU3_Ref_Design/OSDZU3_Ref_Design.runs/design_1_v_frmbuf_rd_1_0_synth_1/prj/sol/.autopilot/db/v_frmbuf_rd.pp.0.cpp:39598:37: warning: Added loop label VITIS_LOOP_2944_16:   [xilinx-label-all-loops]
                                    for(int n=0; n<K_WIDTH; n++)
                                    ^~~
                                    VITIS_LOOP_2944_16: 
/home/e/Documents/research/byotee/OSDZU3_Ref_Design/OSDZU3_Ref_Design.runs/design_1_v_frmbuf_rd_1_0_synth_1/prj/sol/.autopilot/db/v_frmbuf_rd.pp.0.cpp:39598:37: note: FIX-IT applied suggested code changes
/home/e/Documents/research/byotee/OSDZU3_Ref_Design/OSDZU3_Ref_Design.runs/design_1_v_frmbuf_rd_1_0_synth_1/prj/sol/.autopilot/db/v_frmbuf_rd.pp.0.cpp:39604:33: warning: Added loop label VITIS_LOOP_2950_17:   [xilinx-label-all-loops]
                                for(int m=0; m<K_HEIGHT-1; m++)
                                ^~~
                                VITIS_LOOP_2950_17: 
/home/e/Documents/research/byotee/OSDZU3_Ref_Design/OSDZU3_Ref_Design.runs/design_1_v_frmbuf_rd_1_0_synth_1/prj/sol/.autopilot/db/v_frmbuf_rd.pp.0.cpp:39604:33: note: FIX-IT applied suggested code changes
/home/e/Documents/research/byotee/OSDZU3_Ref_Design/OSDZU3_Ref_Design.runs/design_1_v_frmbuf_rd_1_0_synth_1/prj/sol/.autopilot/db/v_frmbuf_rd.pp.0.cpp:39605:37: warning: Added loop label VITIS_LOOP_2951_18:   [xilinx-label-all-loops]
                                    for(int n=1; n<K_WIDTH; n++)
                                    ^~~
                                    VITIS_LOOP_2951_18: 
/home/e/Documents/research/byotee/OSDZU3_Ref_Design/OSDZU3_Ref_Design.runs/design_1_v_frmbuf_rd_1_0_synth_1/prj/sol/.autopilot/db/v_frmbuf_rd.pp.0.cpp:39605:37: note: FIX-IT applied suggested code changes
/home/e/Documents/research/byotee/OSDZU3_Ref_Design/OSDZU3_Ref_Design.runs/design_1_v_frmbuf_rd_1_0_synth_1/prj/sol/.autopilot/db/v_frmbuf_rd.pp.0.cpp:39688:21: warning: Added loop label VITIS_LOOP_3034_1:   [xilinx-label-all-loops]
                    for(int row= 0;row<K_HEIGHT;row++)
                    ^~~
                    VITIS_LOOP_3034_1: 
/home/e/Documents/research/byotee/OSDZU3_Ref_Design/OSDZU3_Ref_Design.runs/design_1_v_frmbuf_rd_1_0_synth_1/prj/sol/.autopilot/db/v_frmbuf_rd.pp.0.cpp:39688:21: note: FIX-IT applied suggested code changes
/home/e/Documents/research/byotee/OSDZU3_Ref_Design/OSDZU3_Ref_Design.runs/design_1_v_frmbuf_rd_1_0_synth_1/prj/sol/.autopilot/db/v_frmbuf_rd.pp.0.cpp:39689:25: warning: Added loop label VITIS_LOOP_3035_2:   [xilinx-label-all-loops]
                        for(int col= K_WIDTH-1;col>=1;col--)
                        ^~~
                        VITIS_LOOP_3035_2: 
/home/e/Documents/research/byotee/OSDZU3_Ref_Design/OSDZU3_Ref_Design.runs/design_1_v_frmbuf_rd_1_0_synth_1/prj/sol/.autopilot/db/v_frmbuf_rd.pp.0.cpp:39689:25: note: FIX-IT applied suggested code changes
/home/e/Documents/research/byotee/OSDZU3_Ref_Design/OSDZU3_Ref_Design.runs/design_1_v_frmbuf_rd_1_0_synth_1/prj/sol/.autopilot/db/v_frmbuf_rd.pp.0.cpp:39692:21: warning: Added loop label VITIS_LOOP_3038_3:   [xilinx-label-all-loops]
                    for(int buf_row = 0; buf_row < K_HEIGHT; buf_row++)
                    ^~~
                    VITIS_LOOP_3038_3: 
/home/e/Documents/research/byotee/OSDZU3_Ref_Design/OSDZU3_Ref_Design.runs/design_1_v_frmbuf_rd_1_0_synth_1/prj/sol/.autopilot/db/v_frmbuf_rd.pp.0.cpp:39692:21: note: FIX-IT applied suggested code changes
/home/e/Documents/research/byotee/OSDZU3_Ref_Design/OSDZU3_Ref_Design.runs/design_1_v_frmbuf_rd_1_0_synth_1/prj/sol/.autopilot/db/v_frmbuf_rd.pp.0.cpp:39709:29: warning: Added loop label VITIS_LOOP_3055_4:   [xilinx-label-all-loops]
                            for(int buf_row= K_HEIGHT-1;buf_row >= 1;buf_row--)
                            ^~~
                            VITIS_LOOP_3055_4: 
/home/e/Documents/research/byotee/OSDZU3_Ref_Design/OSDZU3_Ref_Design.runs/design_1_v_frmbuf_rd_1_0_synth_1/prj/sol/.autopilot/db/v_frmbuf_rd.pp.0.cpp:39709:29: note: FIX-IT applied suggested code changes
/home/e/Documents/research/byotee/OSDZU3_Ref_Design/OSDZU3_Ref_Design.runs/design_1_v_frmbuf_rd_1_0_synth_1/prj/sol/.autopilot/db/v_frmbuf_rd.pp.0.cpp:39725:29: warning: Added loop label VITIS_LOOP_3071_5:   [xilinx-label-all-loops]
                            for(int buf_row = 0;buf_row < K_HEIGHT; buf_row++)
                            ^~~
                            VITIS_LOOP_3071_5: 
/home/e/Documents/research/byotee/OSDZU3_Ref_Design/OSDZU3_Ref_Design.runs/design_1_v_frmbuf_rd_1_0_synth_1/prj/sol/.autopilot/db/v_frmbuf_rd.pp.0.cpp:39725:29: note: FIX-IT applied suggested code changes
/home/e/Documents/research/byotee/OSDZU3_Ref_Design/OSDZU3_Ref_Design.runs/design_1_v_frmbuf_rd_1_0_synth_1/prj/sol/.autopilot/db/v_frmbuf_rd.pp.0.cpp:39732:29: warning: Added loop label VITIS_LOOP_3078_6:   [xilinx-label-all-loops]
                            for(int buf_row= 0;buf_row < K_HEIGHT; buf_row++)
                            ^~~
                            VITIS_LOOP_3078_6: 
/home/e/Documents/research/byotee/OSDZU3_Ref_Design/OSDZU3_Ref_Design.runs/design_1_v_frmbuf_rd_1_0_synth_1/prj/sol/.autopilot/db/v_frmbuf_rd.pp.0.cpp:39732:29: note: FIX-IT applied suggested code changes
/home/e/Documents/research/byotee/OSDZU3_Ref_Design/OSDZU3_Ref_Design.runs/design_1_v_frmbuf_rd_1_0_synth_1/prj/sol/.autopilot/db/v_frmbuf_rd.pp.0.cpp:39744:25: warning: Added loop label VITIS_LOOP_3090_7:   [xilinx-label-all-loops]
                        for(int buf_row= 0;buf_row<K_HEIGHT;buf_row++)
                        ^~~
                        VITIS_LOOP_3090_7: 
/home/e/Documents/research/byotee/OSDZU3_Ref_Design/OSDZU3_Ref_Design.runs/design_1_v_frmbuf_rd_1_0_synth_1/prj/sol/.autopilot/db/v_frmbuf_rd.pp.0.cpp:39744:25: note: FIX-IT applied suggested code changes
/home/e/Documents/research/byotee/OSDZU3_Ref_Design/OSDZU3_Ref_Design.runs/design_1_v_frmbuf_rd_1_0_synth_1/prj/sol/.autopilot/db/v_frmbuf_rd.pp.0.cpp:39763:29: warning: Added loop label VITIS_LOOP_3109_8:   [xilinx-label-all-loops]
                            for(int m=0; m<K_HEIGHT; m++)
                            ^~~
                            VITIS_LOOP_3109_8: 
/home/e/Documents/research/byotee/OSDZU3_Ref_Design/OSDZU3_Ref_Design.runs/design_1_v_frmbuf_rd_1_0_synth_1/prj/sol/.autopilot/db/v_frmbuf_rd.pp.0.cpp:39763:29: note: FIX-IT applied suggested code changes
/home/e/Documents/research/byotee/OSDZU3_Ref_Design/OSDZU3_Ref_Design.runs/design_1_v_frmbuf_rd_1_0_synth_1/prj/sol/.autopilot/db/v_frmbuf_rd.pp.0.cpp:39764:33: warning: Added loop label VITIS_LOOP_3110_9:   [xilinx-label-all-loops]
                                for(int n=0; n<K_WIDTH; n++)
                                ^~~
                                VITIS_LOOP_3110_9: 
/home/e/Documents/research/byotee/OSDZU3_Ref_Design/OSDZU3_Ref_Design.runs/design_1_v_frmbuf_rd_1_0_synth_1/prj/sol/.autopilot/db/v_frmbuf_rd.pp.0.cpp:39764:33: note: FIX-IT applied suggested code changes
/home/e/Documents/research/byotee/OSDZU3_Ref_Design/OSDZU3_Ref_Design.runs/design_1_v_frmbuf_rd_1_0_synth_1/prj/sol/.autopilot/db/v_frmbuf_rd.pp.0.cpp:39812:5: warning: Added loop label VITIS_LOOP_77_1:   [xilinx-label-all-loops]
    for(int i=0;i<NUM_STATES;i++) {
    ^~~
    VITIS_LOOP_77_1: 
/home/e/Documents/research/byotee/OSDZU3_Ref_Design/OSDZU3_Ref_Design.runs/design_1_v_frmbuf_rd_1_0_synth_1/prj/sol/.autopilot/db/v_frmbuf_rd.pp.0.cpp:39812:5: note: FIX-IT applied suggested code changes
/home/e/Documents/research/byotee/OSDZU3_Ref_Design/OSDZU3_Ref_Design.runs/design_1_v_frmbuf_rd_1_0_synth_1/prj/sol/.autopilot/db/v_frmbuf_rd.pp.0.cpp:39818:5: warning: Added loop label VITIS_LOOP_83_2:   [xilinx-label-all-loops]
    for(int i=0;i<N;i++)
    ^~~
    VITIS_LOOP_83_2: 
/home/e/Documents/research/byotee/OSDZU3_Ref_Design/OSDZU3_Ref_Design.runs/design_1_v_frmbuf_rd_1_0_synth_1/prj/sol/.autopilot/db/v_frmbuf_rd.pp.0.cpp:39818:5: note: FIX-IT applied suggested code changes
/home/e/Documents/research/byotee/OSDZU3_Ref_Design/OSDZU3_Ref_Design.runs/design_1_v_frmbuf_rd_1_0_synth_1/prj/sol/.autopilot/db/v_frmbuf_rd.pp.0.cpp:39839:13: warning: Added loop label VITIS_LOOP_104_3:   [xilinx-label-all-loops]
            for (int m=0; m<NUM_STATES; m++) {
            ^~~
            VITIS_LOOP_104_3: 
/home/e/Documents/research/byotee/OSDZU3_Ref_Design/OSDZU3_Ref_Design.runs/design_1_v_frmbuf_rd_1_0_synth_1/prj/sol/.autopilot/db/v_frmbuf_rd.pp.0.cpp:39839:13: note: FIX-IT applied suggested code changes
/home/e/Documents/research/byotee/OSDZU3_Ref_Design/OSDZU3_Ref_Design.runs/design_1_v_frmbuf_rd_1_0_synth_1/prj/sol/.autopilot/db/v_frmbuf_rd.pp.0.cpp:39851:13: warning: Added loop label VITIS_LOOP_116_4:   [xilinx-label-all-loops]
            for (int m=NUM_STATES-1; m>0; m--) {
            ^~~
            VITIS_LOOP_116_4: 
/home/e/Documents/research/byotee/OSDZU3_Ref_Design/OSDZU3_Ref_Design.runs/design_1_v_frmbuf_rd_1_0_synth_1/prj/sol/.autopilot/db/v_frmbuf_rd.pp.0.cpp:39851:13: note: FIX-IT applied suggested code changes
/home/e/Documents/research/byotee/OSDZU3_Ref_Design/OSDZU3_Ref_Design.runs/design_1_v_frmbuf_rd_1_0_synth_1/prj/sol/.autopilot/db/v_frmbuf_rd.pp.0.cpp:39891:5: warning: Added loop label VITIS_LOOP_156_5:   [xilinx-label-all-loops]
    for (int m=0; m<NUM_STATES/2; m++) {
    ^~~
    VITIS_LOOP_156_5: 
/home/e/Documents/research/byotee/OSDZU3_Ref_Design/OSDZU3_Ref_Design.runs/design_1_v_frmbuf_rd_1_0_synth_1/prj/sol/.autopilot/db/v_frmbuf_rd.pp.0.cpp:39891:5: note: FIX-IT applied suggested code changes
/home/e/Documents/research/byotee/OSDZU3_Ref_Design/OSDZU3_Ref_Design.runs/design_1_v_frmbuf_rd_1_0_synth_1/prj/sol/.autopilot/db/v_frmbuf_rd.pp.0.cpp:39950:5: warning: Added loop label VITIS_LOOP_69_1:   [xilinx-label-all-loops]
    for(int index=0;index<K;index++) {
    ^~~
    VITIS_LOOP_69_1: 
/home/e/Documents/research/byotee/OSDZU3_Ref_Design/OSDZU3_Ref_Design.runs/design_1_v_frmbuf_rd_1_0_synth_1/prj/sol/.autopilot/db/v_frmbuf_rd.pp.0.cpp:39950:5: note: FIX-IT applied suggested code changes
/home/e/Documents/research/byotee/OSDZU3_Ref_Design/OSDZU3_Ref_Design.runs/design_1_v_frmbuf_rd_1_0_synth_1/prj/sol/.autopilot/db/v_frmbuf_rd.pp.0.cpp:39999:9: warning: Added loop label VITIS_LOOP_118_1:   [xilinx-label-all-loops]
        for(int i=0;i<NUM-1;i++) {
        ^~~
        VITIS_LOOP_118_1: 
/home/e/Documents/research/byotee/OSDZU3_Ref_Design/OSDZU3_Ref_Design.runs/design_1_v_frmbuf_rd_1_0_synth_1/prj/sol/.autopilot/db/v_frmbuf_rd.pp.0.cpp:39999:9: note: FIX-IT applied suggested code changes
/home/e/Documents/research/byotee/OSDZU3_Ref_Design/OSDZU3_Ref_Design.runs/design_1_v_frmbuf_rd_1_0_synth_1/prj/sol/.autopilot/db/v_frmbuf_rd.pp.0.cpp:40003:9: warning: Added loop label VITIS_LOOP_122_2:   [xilinx-label-all-loops]
        for(int i=0;i<NUM-3;i++) {
        ^~~
        VITIS_LOOP_122_2: 
/home/e/Documents/research/byotee/OSDZU3_Ref_Design/OSDZU3_Ref_Design.runs/design_1_v_frmbuf_rd_1_0_synth_1/prj/sol/.autopilot/db/v_frmbuf_rd.pp.0.cpp:40003:9: note: FIX-IT applied suggested code changes
/home/e/Documents/research/byotee/OSDZU3_Ref_Design/OSDZU3_Ref_Design.runs/design_1_v_frmbuf_rd_1_0_synth_1/prj/sol/.autopilot/db/v_frmbuf_rd.pp.0.cpp:40008:9: warning: Added loop label VITIS_LOOP_127_3:   [xilinx-label-all-loops]
        for(int i=0;i<NUM-7;i++) {
        ^~~
        VITIS_LOOP_127_3: 
/home/e/Documents/research/byotee/OSDZU3_Ref_Design/OSDZU3_Ref_Design.runs/design_1_v_frmbuf_rd_1_0_synth_1/prj/sol/.autopilot/db/v_frmbuf_rd.pp.0.cpp:40008:9: note: FIX-IT applied suggested code changes
/home/e/Documents/research/byotee/OSDZU3_Ref_Design/OSDZU3_Ref_Design.runs/design_1_v_frmbuf_rd_1_0_synth_1/prj/sol/.autopilot/db/v_frmbuf_rd.pp.0.cpp:40019:5: warning: Added loop label VITIS_LOOP_138_4:   [xilinx-label-all-loops]
    for(int i=0;i<PSize;i+=2) {
    ^~~
    VITIS_LOOP_138_4: 
/home/e/Documents/research/byotee/OSDZU3_Ref_Design/OSDZU3_Ref_Design.runs/design_1_v_frmbuf_rd_1_0_synth_1/prj/sol/.autopilot/db/v_frmbuf_rd.pp.0.cpp:40019:5: note: FIX-IT applied suggested code changes
/home/e/Documents/research/byotee/OSDZU3_Ref_Design/OSDZU3_Ref_Design.runs/design_1_v_frmbuf_rd_1_0_synth_1/prj/sol/.autopilot/db/v_frmbuf_rd.pp.0.cpp:40024:13: warning: Added loop label VITIS_LOOP_143_5:   [xilinx-label-all-loops]
            for(int j=1;j<PSize/2+1;j++) {
            ^~~
            VITIS_LOOP_143_5: 
/home/e/Documents/research/byotee/OSDZU3_Ref_Design/OSDZU3_Ref_Design.runs/design_1_v_frmbuf_rd_1_0_synth_1/prj/sol/.autopilot/db/v_frmbuf_rd.pp.0.cpp:40024:13: note: FIX-IT applied suggested code changes
/home/e/Documents/research/byotee/OSDZU3_Ref_Design/OSDZU3_Ref_Design.runs/design_1_v_frmbuf_rd_1_0_synth_1/prj/sol/.autopilot/db/v_frmbuf_rd.pp.0.cpp:40032:5: warning: Added loop label VITIS_LOOP_151_6:   [xilinx-label-all-loops]
    for(int i=0;i<PSize;i+=2) {
    ^~~
    VITIS_LOOP_151_6: 
/home/e/Documents/research/byotee/OSDZU3_Ref_Design/OSDZU3_Ref_Design.runs/design_1_v_frmbuf_rd_1_0_synth_1/prj/sol/.autopilot/db/v_frmbuf_rd.pp.0.cpp:40032:5: note: FIX-IT applied suggested code changes
/home/e/Documents/research/byotee/OSDZU3_Ref_Design/OSDZU3_Ref_Design.runs/design_1_v_frmbuf_rd_1_0_synth_1/prj/sol/.autopilot/db/v_frmbuf_rd.pp.0.cpp:40037:13: warning: Added loop label VITIS_LOOP_156_7:   [xilinx-label-all-loops]
            for(int j=1;j<PSize/2+1;j++) {
            ^~~
            VITIS_LOOP_156_7: 
/home/e/Documents/research/byotee/OSDZU3_Ref_Design/OSDZU3_Ref_Design.runs/design_1_v_frmbuf_rd_1_0_synth_1/prj/sol/.autopilot/db/v_frmbuf_rd.pp.0.cpp:40037:13: note: FIX-IT applied suggested code changes
/home/e/Documents/research/byotee/OSDZU3_Ref_Design/OSDZU3_Ref_Design.runs/design_1_v_frmbuf_rd_1_0_synth_1/prj/sol/.autopilot/db/v_frmbuf_rd.pp.0.cpp:40063:5: warning: Added loop label VITIS_LOOP_182_1:   [xilinx-label-all-loops]
    for(int c=1;c<PSize+PSize/2+1;c++)
    ^~~
    VITIS_LOOP_182_1: 
/home/e/Documents/research/byotee/OSDZU3_Ref_Design/OSDZU3_Ref_Design.runs/design_1_v_frmbuf_rd_1_0_synth_1/prj/sol/.autopilot/db/v_frmbuf_rd.pp.0.cpp:40063:5: note: FIX-IT applied suggested code changes
/home/e/Documents/research/byotee/OSDZU3_Ref_Design/OSDZU3_Ref_Design.runs/design_1_v_frmbuf_rd_1_0_synth_1/prj/sol/.autopilot/db/v_frmbuf_rd.pp.0.cpp:40090:5: warning: Added loop label VITIS_LOOP_209_1:   [xilinx-label-all-loops]
    for(int k=0;k<3;k++) {
    ^~~
    VITIS_LOOP_209_1: 
/home/e/Documents/research/byotee/OSDZU3_Ref_Design/OSDZU3_Ref_Design.runs/design_1_v_frmbuf_rd_1_0_synth_1/prj/sol/.autopilot/db/v_frmbuf_rd.pp.0.cpp:40090:5: note: FIX-IT applied suggested code changes
/home/e/Documents/research/byotee/OSDZU3_Ref_Design/OSDZU3_Ref_Design.runs/design_1_v_frmbuf_rd_1_0_synth_1/prj/sol/.autopilot/db/v_frmbuf_rd.pp.0.cpp:40096:5: warning: Added loop label VITIS_LOOP_215_2:   [xilinx-label-all-loops]
    for(int k=0;k<3;k++) {
    ^~~
    VITIS_LOOP_215_2: 
/home/e/Documents/research/byotee/OSDZU3_Ref_Design/OSDZU3_Ref_Design.runs/design_1_v_frmbuf_rd_1_0_synth_1/prj/sol/.autopilot/db/v_frmbuf_rd.pp.0.cpp:40096:5: note: FIX-IT applied suggested code changes
/home/e/Documents/research/byotee/OSDZU3_Ref_Design/OSDZU3_Ref_Design.runs/design_1_v_frmbuf_rd_1_0_synth_1/prj/sol/.autopilot/db/v_frmbuf_rd.pp.0.cpp:40145:17: warning: Added loop label VITIS_LOOP_264_1:   [xilinx-label-all-loops]
                for(int r= 0;r<KERNEL_SIZE;r++) {
                ^~~
                VITIS_LOOP_264_1: 
/home/e/Documents/research/byotee/OSDZU3_Ref_Design/OSDZU3_Ref_Design.runs/design_1_v_frmbuf_rd_1_0_synth_1/prj/sol/.autopilot/db/v_frmbuf_rd.pp.0.cpp:40145:17: note: FIX-IT applied suggested code changes
/home/e/Documents/research/byotee/OSDZU3_Ref_Design/OSDZU3_Ref_Design.runs/design_1_v_frmbuf_rd_1_0_synth_1/prj/sol/.autopilot/db/v_frmbuf_rd.pp.0.cpp:40146:21: warning: Added loop label VITIS_LOOP_265_2:   [xilinx-label-all-loops]
                    for(int c=0;c<KERNEL_SIZE-1;c++) {
                    ^~~
                    VITIS_LOOP_265_2: 
/home/e/Documents/research/byotee/OSDZU3_Ref_Design/OSDZU3_Ref_Design.runs/design_1_v_frmbuf_rd_1_0_synth_1/prj/sol/.autopilot/db/v_frmbuf_rd.pp.0.cpp:40146:21: note: FIX-IT applied suggested code changes
/home/e/Documents/research/byotee/OSDZU3_Ref_Design/OSDZU3_Ref_Design.runs/design_1_v_frmbuf_rd_1_0_synth_1/prj/sol/.autopilot/db/v_frmbuf_rd.pp.0.cpp:40151:17: warning: Added loop label VITIS_LOOP_270_3:   [xilinx-label-all-loops]
                for(int buf_row= 1;buf_row< KERNEL_SIZE-1;buf_row++) {
                ^~~
                VITIS_LOOP_270_3: 
/home/e/Documents/research/byotee/OSDZU3_Ref_Design/OSDZU3_Ref_Design.runs/design_1_v_frmbuf_rd_1_0_synth_1/prj/sol/.autopilot/db/v_frmbuf_rd.pp.0.cpp:40151:17: note: FIX-IT applied suggested code changes
/home/e/Documents/research/byotee/OSDZU3_Ref_Design/OSDZU3_Ref_Design.runs/design_1_v_frmbuf_rd_1_0_synth_1/prj/sol/.autopilot/db/v_frmbuf_rd.pp.0.cpp:40161:13: warning: Added loop label VITIS_LOOP_280_4:   [xilinx-label-all-loops]
            for(int r= 0;r<3;r++)
            ^~~
            VITIS_LOOP_280_4: 
/home/e/Documents/research/byotee/OSDZU3_Ref_Design/OSDZU3_Ref_Design.runs/design_1_v_frmbuf_rd_1_0_synth_1/prj/sol/.autopilot/db/v_frmbuf_rd.pp.0.cpp:40161:13: note: FIX-IT applied suggested code changes
/home/e/Documents/research/byotee/OSDZU3_Ref_Design/OSDZU3_Ref_Design.runs/design_1_v_frmbuf_rd_1_0_synth_1/prj/sol/.autopilot/db/v_frmbuf_rd.pp.0.cpp:40163:17: warning: Added loop label VITIS_LOOP_282_5:   [xilinx-label-all-loops]
                for(int c=0;c<3-1;c++)
                ^~~
                VITIS_LOOP_282_5: 
/home/e/Documents/research/byotee/OSDZU3_Ref_Design/OSDZU3_Ref_Design.runs/design_1_v_frmbuf_rd_1_0_synth_1/prj/sol/.autopilot/db/v_frmbuf_rd.pp.0.cpp:40163:17: note: FIX-IT applied suggested code changes
/home/e/Documents/research/byotee/OSDZU3_Ref_Design/OSDZU3_Ref_Design.runs/design_1_v_frmbuf_rd_1_0_synth_1/prj/sol/.autopilot/db/v_frmbuf_rd.pp.0.cpp:40169:13: warning: Added loop label VITIS_LOOP_288_6:   [xilinx-label-all-loops]
            for(int buf_row= 1;buf_row< 3-1;buf_row++)
            ^~~
            VITIS_LOOP_288_6: 
/home/e/Documents/research/byotee/OSDZU3_Ref_Design/OSDZU3_Ref_Design.runs/design_1_v_frmbuf_rd_1_0_synth_1/prj/sol/.autopilot/db/v_frmbuf_rd.pp.0.cpp:40169:13: note: FIX-IT applied suggested code changes
/home/e/Documents/research/byotee/OSDZU3_Ref_Design/OSDZU3_Ref_Design.runs/design_1_v_frmbuf_rd_1_0_synth_1/prj/sol/.autopilot/db/v_frmbuf_rd.pp.0.cpp:40261:17: warning: Added loop label VITIS_LOOP_380_1:   [xilinx-label-all-loops]
                for(int r= 0;r<KERNEL_SIZE;r++) {
                ^~~
                VITIS_LOOP_380_1: 
/home/e/Documents/research/byotee/OSDZU3_Ref_Design/OSDZU3_Ref_Design.runs/design_1_v_frmbuf_rd_1_0_synth_1/prj/sol/.autopilot/db/v_frmbuf_rd.pp.0.cpp:40261:17: note: FIX-IT applied suggested code changes
/home/e/Documents/research/byotee/OSDZU3_Ref_Design/OSDZU3_Ref_Design.runs/design_1_v_frmbuf_rd_1_0_synth_1/prj/sol/.autopilot/db/v_frmbuf_rd.pp.0.cpp:40262:21: warning: Added loop label VITIS_LOOP_381_2:   [xilinx-label-all-loops]
                    for(int c=0;c<KERNEL_SIZE-1;c++) {
                    ^~~
                    VITIS_LOOP_381_2: 
/home/e/Documents/research/byotee/OSDZU3_Ref_Design/OSDZU3_Ref_Design.runs/design_1_v_frmbuf_rd_1_0_synth_1/prj/sol/.autopilot/db/v_frmbuf_rd.pp.0.cpp:40262:21: note: FIX-IT applied suggested code changes
/home/e/Documents/research/byotee/OSDZU3_Ref_Design/OSDZU3_Ref_Design.runs/design_1_v_frmbuf_rd_1_0_synth_1/prj/sol/.autopilot/db/v_frmbuf_rd.pp.0.cpp:40267:17: warning: Added loop label VITIS_LOOP_386_3:   [xilinx-label-all-loops]
                for(int buf_row= 1;buf_row< KERNEL_SIZE-1;buf_row++) {
                ^~~
                VITIS_LOOP_386_3: 
/home/e/Documents/research/byotee/OSDZU3_Ref_Design/OSDZU3_Ref_Design.runs/design_1_v_frmbuf_rd_1_0_synth_1/prj/sol/.autopilot/db/v_frmbuf_rd.pp.0.cpp:40267:17: note: FIX-IT applied suggested code changes
/home/e/Documents/research/byotee/OSDZU3_Ref_Design/OSDZU3_Ref_Design.runs/design_1_v_frmbuf_rd_1_0_synth_1/prj/sol/.autopilot/db/v_frmbuf_rd.pp.0.cpp:40277:13: warning: Added loop label VITIS_LOOP_396_4:   [xilinx-label-all-loops]
            for(int r= 0;r<3;r++)
            ^~~
            VITIS_LOOP_396_4: 
/home/e/Documents/research/byotee/OSDZU3_Ref_Design/OSDZU3_Ref_Design.runs/design_1_v_frmbuf_rd_1_0_synth_1/prj/sol/.autopilot/db/v_frmbuf_rd.pp.0.cpp:40277:13: note: FIX-IT applied suggested code changes
/home/e/Documents/research/byotee/OSDZU3_Ref_Design/OSDZU3_Ref_Design.runs/design_1_v_frmbuf_rd_1_0_synth_1/prj/sol/.autopilot/db/v_frmbuf_rd.pp.0.cpp:40279:17: warning: Added loop label VITIS_LOOP_398_5:   [xilinx-label-all-loops]
                for(int c=0;c<3-1;c++)
                ^~~
                VITIS_LOOP_398_5: 
/home/e/Documents/research/byotee/OSDZU3_Ref_Design/OSDZU3_Ref_Design.runs/design_1_v_frmbuf_rd_1_0_synth_1/prj/sol/.autopilot/db/v_frmbuf_rd.pp.0.cpp:40279:17: note: FIX-IT applied suggested code changes
/home/e/Documents/research/byotee/OSDZU3_Ref_Design/OSDZU3_Ref_Design.runs/design_1_v_frmbuf_rd_1_0_synth_1/prj/sol/.autopilot/db/v_frmbuf_rd.pp.0.cpp:40285:13: warning: Added loop label VITIS_LOOP_404_6:   [xilinx-label-all-loops]
            for(int buf_row= 1;buf_row< 3-1;buf_row++)
            ^~~
            VITIS_LOOP_404_6: 
/home/e/Documents/research/byotee/OSDZU3_Ref_Design/OSDZU3_Ref_Design.runs/design_1_v_frmbuf_rd_1_0_synth_1/prj/sol/.autopilot/db/v_frmbuf_rd.pp.0.cpp:40285:13: note: FIX-IT applied suggested code changes
/home/e/Documents/research/byotee/OSDZU3_Ref_Design/OSDZU3_Ref_Design.runs/design_1_v_frmbuf_rd_1_0_synth_1/prj/sol/.autopilot/db/v_frmbuf_rd.pp.0.cpp:40396:5: warning: Added loop label VITIS_LOOP_104_1:   [xilinx-label-all-loops]
    for (int i = 0; i < N; i++)
    ^~~
    VITIS_LOOP_104_1: 
/home/e/Documents/research/byotee/OSDZU3_Ref_Design/OSDZU3_Ref_Design.runs/design_1_v_frmbuf_rd_1_0_synth_1/prj/sol/.autopilot/db/v_frmbuf_rd.pp.0.cpp:40396:5: note: FIX-IT applied suggested code changes
/home/e/Documents/research/byotee/OSDZU3_Ref_Design/OSDZU3_Ref_Design.runs/design_1_v_frmbuf_rd_1_0_synth_1/prj/sol/.autopilot/db/v_frmbuf_rd.pp.0.cpp:40400:5: warning: Added loop label VITIS_LOOP_108_2:   [xilinx-label-all-loops]
    for (int i = 0; i < N; i++) {
    ^~~
    VITIS_LOOP_108_2: 
/home/e/Documents/research/byotee/OSDZU3_Ref_Design/OSDZU3_Ref_Design.runs/design_1_v_frmbuf_rd_1_0_synth_1/prj/sol/.autopilot/db/v_frmbuf_rd.pp.0.cpp:40400:5: note: FIX-IT applied suggested code changes
/home/e/Documents/research/byotee/OSDZU3_Ref_Design/OSDZU3_Ref_Design.runs/design_1_v_frmbuf_rd_1_0_synth_1/prj/sol/.autopilot/db/v_frmbuf_rd.pp.0.cpp:40402:9: warning: Added loop label VITIS_LOOP_110_3:   [xilinx-label-all-loops]
        for (int j = 0; j < N; j++) {
        ^~~
        VITIS_LOOP_110_3: 
/home/e/Documents/research/byotee/OSDZU3_Ref_Design/OSDZU3_Ref_Design.runs/design_1_v_frmbuf_rd_1_0_synth_1/prj/sol/.autopilot/db/v_frmbuf_rd.pp.0.cpp:40402:9: note: FIX-IT applied suggested code changes
/home/e/Documents/research/byotee/OSDZU3_Ref_Design/OSDZU3_Ref_Design.runs/design_1_v_frmbuf_rd_1_0_synth_1/prj/sol/.autopilot/db/v_frmbuf_rd.pp.0.cpp:40408:5: warning: Added loop label VITIS_LOOP_116_4:   [xilinx-label-all-loops]
    for (int j = 0; j < N; j++) {
    ^~~
    VITIS_LOOP_116_4: 
/home/e/Documents/research/byotee/OSDZU3_Ref_Design/OSDZU3_Ref_Design.runs/design_1_v_frmbuf_rd_1_0_synth_1/prj/sol/.autopilot/db/v_frmbuf_rd.pp.0.cpp:40408:5: note: FIX-IT applied suggested code changes
/home/e/Documents/research/byotee/OSDZU3_Ref_Design/OSDZU3_Ref_Design.runs/design_1_v_frmbuf_rd_1_0_synth_1/prj/sol/.autopilot/db/v_frmbuf_rd.pp.0.cpp:40409:9: warning: Added loop label VITIS_LOOP_117_5:   [xilinx-label-all-loops]
        for (int i = 0; i < j; i++) {
        ^~~
        VITIS_LOOP_117_5: 
/home/e/Documents/research/byotee/OSDZU3_Ref_Design/OSDZU3_Ref_Design.runs/design_1_v_frmbuf_rd_1_0_synth_1/prj/sol/.autopilot/db/v_frmbuf_rd.pp.0.cpp:40409:9: note: FIX-IT applied suggested code changes
/home/e/Documents/research/byotee/OSDZU3_Ref_Design/OSDZU3_Ref_Design.runs/design_1_v_frmbuf_rd_1_0_synth_1/prj/sol/.autopilot/db/v_frmbuf_rd.pp.0.cpp:40411:13: warning: Added loop label VITIS_LOOP_119_6:   [xilinx-label-all-loops]
            for (int k = 0; k < i; k++) sum -= A[i][k] * A[k][j];
            ^~~
            VITIS_LOOP_119_6: 
/home/e/Documents/research/byotee/OSDZU3_Ref_Design/OSDZU3_Ref_Design.runs/design_1_v_frmbuf_rd_1_0_synth_1/prj/sol/.autopilot/db/v_frmbuf_rd.pp.0.cpp:40411:13: note: FIX-IT applied suggested code changes
/home/e/Documents/research/byotee/OSDZU3_Ref_Design/OSDZU3_Ref_Design.runs/design_1_v_frmbuf_rd_1_0_synth_1/prj/sol/.autopilot/db/v_frmbuf_rd.pp.0.cpp:40415:9: warning: Added loop label VITIS_LOOP_123_7:   [xilinx-label-all-loops]
        for (int i = j; i < N; i++) {
        ^~~
        VITIS_LOOP_123_7: 
/home/e/Documents/research/byotee/OSDZU3_Ref_Design/OSDZU3_Ref_Design.runs/design_1_v_frmbuf_rd_1_0_synth_1/prj/sol/.autopilot/db/v_frmbuf_rd.pp.0.cpp:40415:9: note: FIX-IT applied suggested code changes
/home/e/Documents/research/byotee/OSDZU3_Ref_Design/OSDZU3_Ref_Design.runs/design_1_v_frmbuf_rd_1_0_synth_1/prj/sol/.autopilot/db/v_frmbuf_rd.pp.0.cpp:40417:13: warning: Added loop label VITIS_LOOP_125_8:   [xilinx-label-all-loops]
            for (int k = 0; k < j; k++) sum -= A[i][k] * A[k][j];
            ^~~
            VITIS_LOOP_125_8: 
/home/e/Documents/research/byotee/OSDZU3_Ref_Design/OSDZU3_Ref_Design.runs/design_1_v_frmbuf_rd_1_0_synth_1/prj/sol/.autopilot/db/v_frmbuf_rd.pp.0.cpp:40417:13: note: FIX-IT applied suggested code changes
/home/e/Documents/research/byotee/OSDZU3_Ref_Design/OSDZU3_Ref_Design.runs/design_1_v_frmbuf_rd_1_0_synth_1/prj/sol/.autopilot/db/v_frmbuf_rd.pp.0.cpp:40426:13: warning: Added loop label VITIS_LOOP_134_9:   [xilinx-label-all-loops]
            for (int i = 0; i < N; i++) {
            ^~~
            VITIS_LOOP_134_9: 
/home/e/Documents/research/byotee/OSDZU3_Ref_Design/OSDZU3_Ref_Design.runs/design_1_v_frmbuf_rd_1_0_synth_1/prj/sol/.autopilot/db/v_frmbuf_rd.pp.0.cpp:40426:13: note: FIX-IT applied suggested code changes
/home/e/Documents/research/byotee/OSDZU3_Ref_Design/OSDZU3_Ref_Design.runs/design_1_v_frmbuf_rd_1_0_synth_1/prj/sol/.autopilot/db/v_frmbuf_rd.pp.0.cpp:40438:13: warning: Added loop label VITIS_LOOP_146_10:   [xilinx-label-all-loops]
            for (int i = j + 1; i < N; i++) A[i][j] *= dum;
            ^~~
            VITIS_LOOP_146_10: 
/home/e/Documents/research/byotee/OSDZU3_Ref_Design/OSDZU3_Ref_Design.runs/design_1_v_frmbuf_rd_1_0_synth_1/prj/sol/.autopilot/db/v_frmbuf_rd.pp.0.cpp:40438:13: note: FIX-IT applied suggested code changes
/home/e/Documents/research/byotee/OSDZU3_Ref_Design/OSDZU3_Ref_Design.runs/design_1_v_frmbuf_rd_1_0_synth_1/prj/sol/.autopilot/db/v_frmbuf_rd.pp.0.cpp:40446:5: warning: Added loop label VITIS_LOOP_154_1:   [xilinx-label-all-loops]
    for (int i = 0; i < N; i++) {
    ^~~
    VITIS_LOOP_154_1: 
/home/e/Documents/research/byotee/OSDZU3_Ref_Design/OSDZU3_Ref_Design.runs/design_1_v_frmbuf_rd_1_0_synth_1/prj/sol/.autopilot/db/v_frmbuf_rd.pp.0.cpp:40446:5: note: FIX-IT applied suggested code changes
/home/e/Documents/research/byotee/OSDZU3_Ref_Design/OSDZU3_Ref_Design.runs/design_1_v_frmbuf_rd_1_0_synth_1/prj/sol/.autopilot/db/v_frmbuf_rd.pp.0.cpp:40455:13: warning: Added loop label VITIS_LOOP_163_2:   [xilinx-label-all-loops]
            for (int j = ii - 1; j < i; j++) sum -= A[i][j] * b[j];
            ^~~
            VITIS_LOOP_163_2: 
/home/e/Documents/research/byotee/OSDZU3_Ref_Design/OSDZU3_Ref_Design.runs/design_1_v_frmbuf_rd_1_0_synth_1/prj/sol/.autopilot/db/v_frmbuf_rd.pp.0.cpp:40455:13: note: FIX-IT applied suggested code changes
/home/e/Documents/research/byotee/OSDZU3_Ref_Design/OSDZU3_Ref_Design.runs/design_1_v_frmbuf_rd_1_0_synth_1/prj/sol/.autopilot/db/v_frmbuf_rd.pp.0.cpp:40460:5: warning: Added loop label VITIS_LOOP_168_3:   [xilinx-label-all-loops]
    for (int i = N - 1; i >= 0; i--) {
    ^~~
    VITIS_LOOP_168_3: 
/home/e/Documents/research/byotee/OSDZU3_Ref_Design/OSDZU3_Ref_Design.runs/design_1_v_frmbuf_rd_1_0_synth_1/prj/sol/.autopilot/db/v_frmbuf_rd.pp.0.cpp:40460:5: note: FIX-IT applied suggested code changes
/home/e/Documents/research/byotee/OSDZU3_Ref_Design/OSDZU3_Ref_Design.runs/design_1_v_frmbuf_rd_1_0_synth_1/prj/sol/.autopilot/db/v_frmbuf_rd.pp.0.cpp:40462:9: warning: Added loop label VITIS_LOOP_170_4:   [xilinx-label-all-loops]
        for (int j = i + 1; j < N; j++) sum -= A[i][j]*b[j];
        ^~~
        VITIS_LOOP_170_4: 
/home/e/Documents/research/byotee/OSDZU3_Ref_Design/OSDZU3_Ref_Design.runs/design_1_v_frmbuf_rd_1_0_synth_1/prj/sol/.autopilot/db/v_frmbuf_rd.pp.0.cpp:40462:9: note: FIX-IT applied suggested code changes
/home/e/Documents/research/byotee/OSDZU3_Ref_Design/OSDZU3_Ref_Design.runs/design_1_v_frmbuf_rd_1_0_synth_1/prj/sol/.autopilot/db/v_frmbuf_rd.pp.0.cpp:40473:5: warning: Added loop label VITIS_LOOP_181_1:   [xilinx-label-all-loops]
    for (int i = 0; i < N; i++) {
    ^~~
    VITIS_LOOP_181_1: 
/home/e/Documents/research/byotee/OSDZU3_Ref_Design/OSDZU3_Ref_Design.runs/design_1_v_frmbuf_rd_1_0_synth_1/prj/sol/.autopilot/db/v_frmbuf_rd.pp.0.cpp:40473:5: note: FIX-IT applied suggested code changes
/home/e/Documents/research/byotee/OSDZU3_Ref_Design/OSDZU3_Ref_Design.runs/design_1_v_frmbuf_rd_1_0_synth_1/prj/sol/.autopilot/db/v_frmbuf_rd.pp.0.cpp:40478:5: warning: Added loop label VITIS_LOOP_186_2:   [xilinx-label-all-loops]
    for (int i = 0; i < N; i++) {
    ^~~
    VITIS_LOOP_186_2: 
/home/e/Documents/research/byotee/OSDZU3_Ref_Design/OSDZU3_Ref_Design.runs/design_1_v_frmbuf_rd_1_0_synth_1/prj/sol/.autopilot/db/v_frmbuf_rd.pp.0.cpp:40478:5: note: FIX-IT applied suggested code changes
/home/e/Documents/research/byotee/OSDZU3_Ref_Design/OSDZU3_Ref_Design.runs/design_1_v_frmbuf_rd_1_0_synth_1/prj/sol/.autopilot/db/v_frmbuf_rd.pp.0.cpp:40479:9: warning: Added loop label VITIS_LOOP_187_3:   [xilinx-label-all-loops]
        for (int j = 0; j < N; j++) b[j] = 0;
        ^~~
        VITIS_LOOP_187_3: 
/home/e/Documents/research/byotee/OSDZU3_Ref_Design/OSDZU3_Ref_Design.runs/design_1_v_frmbuf_rd_1_0_synth_1/prj/sol/.autopilot/db/v_frmbuf_rd.pp.0.cpp:40479:9: note: FIX-IT applied suggested code changes
/home/e/Documents/research/byotee/OSDZU3_Ref_Design/OSDZU3_Ref_Design.runs/design_1_v_frmbuf_rd_1_0_synth_1/prj/sol/.autopilot/db/v_frmbuf_rd.pp.0.cpp:40482:9: warning: Added loop label VITIS_LOOP_190_4:   [xilinx-label-all-loops]
        for (int j = 0; j < N; j++) Ar[j][i] = b[j];
        ^~~
        VITIS_LOOP_190_4: 
/home/e/Documents/research/byotee/OSDZU3_Ref_Design/OSDZU3_Ref_Design.runs/design_1_v_frmbuf_rd_1_0_synth_1/prj/sol/.autopilot/db/v_frmbuf_rd.pp.0.cpp:40482:9: note: FIX-IT applied suggested code changes
/home/e/Documents/research/byotee/OSDZU3_Ref_Design/OSDZU3_Ref_Design.runs/design_1_v_frmbuf_rd_1_0_synth_1/prj/sol/.autopilot/db/v_frmbuf_rd.pp.0.cpp:40558:21: warning: Added loop label VITIS_LOOP_266_1:   [xilinx-label-all-loops]
                    for(int k=0;k<((((SRC_T) & ((512 - 1) << 11)) >> 11) + 1);k++) {
                    ^~~
                    VITIS_LOOP_266_1: 
/home/e/Documents/research/byotee/OSDZU3_Ref_Design/OSDZU3_Ref_Design.runs/design_1_v_frmbuf_rd_1_0_synth_1/prj/sol/.autopilot/db/v_frmbuf_rd.pp.0.cpp:40558:21: note: FIX-IT applied suggested code changes
/home/e/Documents/research/byotee/OSDZU3_Ref_Design/OSDZU3_Ref_Design.runs/design_1_v_frmbuf_rd_1_0_synth_1/prj/sol/.autopilot/db/v_frmbuf_rd.pp.0.cpp:40678:17: warning: Added loop label VITIS_LOOP_398_1:   [xilinx-label-all-loops]
                for(int k = 0; k < ((((DST_T) & ((512 - 1) << 11)) >> 11) + 1); k++) {
                ^~~
                VITIS_LOOP_398_1: 
/home/e/Documents/research/byotee/OSDZU3_Ref_Design/OSDZU3_Ref_Design.runs/design_1_v_frmbuf_rd_1_0_synth_1/prj/sol/.autopilot/db/v_frmbuf_rd.pp.0.cpp:40678:17: note: FIX-IT applied suggested code changes
/home/e/Documents/research/byotee/OSDZU3_Ref_Design/OSDZU3_Ref_Design.runs/design_1_v_frmbuf_rd_1_0_synth_1/prj/sol/.autopilot/db/v_frmbuf_rd.pp.0.cpp:41096:2: warning: Added loop label VITIS_LOOP_215_1:   [xilinx-label-all-loops]
 for(int row=2;row>=0;row--)
 ^~~
 VITIS_LOOP_215_1: 
/home/e/Documents/research/byotee/OSDZU3_Ref_Design/OSDZU3_Ref_Design.runs/design_1_v_frmbuf_rd_1_0_synth_1/prj/sol/.autopilot/db/v_frmbuf_rd.pp.0.cpp:41096:2: note: FIX-IT applied suggested code changes
/home/e/Documents/research/byotee/OSDZU3_Ref_Design/OSDZU3_Ref_Design.runs/design_1_v_frmbuf_rd_1_0_synth_1/prj/sol/.autopilot/db/v_frmbuf_rd.pp.0.cpp:41098:17: warning: Added loop label VITIS_LOOP_217_2:   [xilinx-label-all-loops]
                for(int col=2;col>=1;col--)
                ^~~
                VITIS_LOOP_217_2: 
/home/e/Documents/research/byotee/OSDZU3_Ref_Design/OSDZU3_Ref_Design.runs/design_1_v_frmbuf_rd_1_0_synth_1/prj/sol/.autopilot/db/v_frmbuf_rd.pp.0.cpp:41098:17: note: FIX-IT applied suggested code changes
/home/e/Documents/research/byotee/OSDZU3_Ref_Design/OSDZU3_Ref_Design.runs/design_1_v_frmbuf_rd_1_0_synth_1/prj/sol/.autopilot/db/v_frmbuf_rd.pp.0.cpp:41231:5: warning: Added loop label VITIS_LOOP_104_1:   [xilinx-label-all-loops]
    for(int i=0;i<KH;i++) {
    ^~~
    VITIS_LOOP_104_1: 
/home/e/Documents/research/byotee/OSDZU3_Ref_Design/OSDZU3_Ref_Design.runs/design_1_v_frmbuf_rd_1_0_synth_1/prj/sol/.autopilot/db/v_frmbuf_rd.pp.0.cpp:41231:5: note: FIX-IT applied suggested code changes
/home/e/Documents/research/byotee/OSDZU3_Ref_Design/OSDZU3_Ref_Design.runs/design_1_v_frmbuf_rd_1_0_synth_1/prj/sol/.autopilot/db/v_frmbuf_rd.pp.0.cpp:41232:9: warning: Added loop label VITIS_LOOP_105_2:   [xilinx-label-all-loops]
        for(int j=0;j<KW;j++) {
        ^~~
        VITIS_LOOP_105_2: 
/home/e/Documents/research/byotee/OSDZU3_Ref_Design/OSDZU3_Ref_Design.runs/design_1_v_frmbuf_rd_1_0_synth_1/prj/sol/.autopilot/db/v_frmbuf_rd.pp.0.cpp:41232:9: note: FIX-IT applied suggested code changes
/home/e/Documents/research/byotee/OSDZU3_Ref_Design/OSDZU3_Ref_Design.runs/design_1_v_frmbuf_rd_1_0_synth_1/prj/sol/.autopilot/db/v_frmbuf_rd.pp.0.cpp:41254:5: warning: Added loop label VITIS_LOOP_127_1:   [xilinx-label-all-loops]
    for(HLS_SIZE_T i=0;i<rows+ioffset;i++)
    ^~~
    VITIS_LOOP_127_1: 
/home/e/Documents/research/byotee/OSDZU3_Ref_Design/OSDZU3_Ref_Design.runs/design_1_v_frmbuf_rd_1_0_synth_1/prj/sol/.autopilot/db/v_frmbuf_rd.pp.0.cpp:41254:5: note: FIX-IT applied suggested code changes
/home/e/Documents/research/byotee/OSDZU3_Ref_Design/OSDZU3_Ref_Design.runs/design_1_v_frmbuf_rd_1_0_synth_1/prj/sol/.autopilot/db/v_frmbuf_rd.pp.0.cpp:41257:2: warning: Added loop label VITIS_LOOP_130_2:   [xilinx-label-all-loops]
 for(HLS_SIZE_T j=0;j<cols+joffset;j++)
 ^~~
 VITIS_LOOP_130_2: 
/home/e/Documents/research/byotee/OSDZU3_Ref_Design/OSDZU3_Ref_Design.runs/design_1_v_frmbuf_rd_1_0_synth_1/prj/sol/.autopilot/db/v_frmbuf_rd.pp.0.cpp:41257:2: note: FIX-IT applied suggested code changes
/home/e/Documents/research/byotee/OSDZU3_Ref_Design/OSDZU3_Ref_Design.runs/design_1_v_frmbuf_rd_1_0_synth_1/prj/sol/.autopilot/db/v_frmbuf_rd.pp.0.cpp:41264:13: warning: Added loop label VITIS_LOOP_137_3:   [xilinx-label-all-loops]
            for(int r= 0;r<KH;r++)
            ^~~
            VITIS_LOOP_137_3: 
/home/e/Documents/research/byotee/OSDZU3_Ref_Design/OSDZU3_Ref_Design.runs/design_1_v_frmbuf_rd_1_0_synth_1/prj/sol/.autopilot/db/v_frmbuf_rd.pp.0.cpp:41264:13: note: FIX-IT applied suggested code changes
/home/e/Documents/research/byotee/OSDZU3_Ref_Design/OSDZU3_Ref_Design.runs/design_1_v_frmbuf_rd_1_0_synth_1/prj/sol/.autopilot/db/v_frmbuf_rd.pp.0.cpp:41266:17: warning: Added loop label VITIS_LOOP_139_4:   [xilinx-label-all-loops]
                for(int c=0;c<KW-1;c++)
                ^~~
                VITIS_LOOP_139_4: 
/home/e/Documents/research/byotee/OSDZU3_Ref_Design/OSDZU3_Ref_Design.runs/design_1_v_frmbuf_rd_1_0_synth_1/prj/sol/.autopilot/db/v_frmbuf_rd.pp.0.cpp:41266:17: note: FIX-IT applied suggested code changes
/home/e/Documents/research/byotee/OSDZU3_Ref_Design/OSDZU3_Ref_Design.runs/design_1_v_frmbuf_rd_1_0_synth_1/prj/sol/.autopilot/db/v_frmbuf_rd.pp.0.cpp:41274:17: warning: Added loop label VITIS_LOOP_147_5:   [xilinx-label-all-loops]
                for(int buf_row= 1;buf_row< KH-1;buf_row++)
                ^~~
                VITIS_LOOP_147_5: 
/home/e/Documents/research/byotee/OSDZU3_Ref_Design/OSDZU3_Ref_Design.runs/design_1_v_frmbuf_rd_1_0_synth_1/prj/sol/.autopilot/db/v_frmbuf_rd.pp.0.cpp:41274:17: note: FIX-IT applied suggested code changes
/home/e/Documents/research/byotee/OSDZU3_Ref_Design/OSDZU3_Ref_Design.runs/design_1_v_frmbuf_rd_1_0_synth_1/prj/sol/.autopilot/db/v_frmbuf_rd.pp.0.cpp:41287:17: warning: Added loop label VITIS_LOOP_160_6:   [xilinx-label-all-loops]
                for(int i= 1;i< KW;i++)
                ^~~
                VITIS_LOOP_160_6: 
/home/e/Documents/research/byotee/OSDZU3_Ref_Design/OSDZU3_Ref_Design.runs/design_1_v_frmbuf_rd_1_0_synth_1/prj/sol/.autopilot/db/v_frmbuf_rd.pp.0.cpp:41287:17: note: FIX-IT applied suggested code changes
/home/e/Documents/research/byotee/OSDZU3_Ref_Design/OSDZU3_Ref_Design.runs/design_1_v_frmbuf_rd_1_0_synth_1/prj/sol/.autopilot/db/v_frmbuf_rd.pp.0.cpp:41323:5: warning: Added loop label VITIS_LOOP_196_1:   [xilinx-label-all-loops]
    for(HLS_SIZE_T i=0;i<rows;i++)
    ^~~
    VITIS_LOOP_196_1: 
/home/e/Documents/research/byotee/OSDZU3_Ref_Design/OSDZU3_Ref_Design.runs/design_1_v_frmbuf_rd_1_0_synth_1/prj/sol/.autopilot/db/v_frmbuf_rd.pp.0.cpp:41323:5: note: FIX-IT applied suggested code changes
/home/e/Documents/research/byotee/OSDZU3_Ref_Design/OSDZU3_Ref_Design.runs/design_1_v_frmbuf_rd_1_0_synth_1/prj/sol/.autopilot/db/v_frmbuf_rd.pp.0.cpp:41326:2: warning: Added loop label VITIS_LOOP_199_2:   [xilinx-label-all-loops]
 for(HLS_SIZE_T j=0;j<cols;j++)
 ^~~
 VITIS_LOOP_199_2: 
/home/e/Documents/research/byotee/OSDZU3_Ref_Design/OSDZU3_Ref_Design.runs/design_1_v_frmbuf_rd_1_0_synth_1/prj/sol/.autopilot/db/v_frmbuf_rd.pp.0.cpp:41326:2: note: FIX-IT applied suggested code changes
/home/e/Documents/research/byotee/OSDZU3_Ref_Design/OSDZU3_Ref_Design.runs/design_1_v_frmbuf_rd_1_0_synth_1/prj/sol/.autopilot/db/v_frmbuf_rd.pp.0.cpp:41555:9: warning: Added loop label VITIS_LOOP_148_1:   [xilinx-label-all-loops]
        for(int i=0;i<STAGE;i++)
        ^~~
        VITIS_LOOP_148_1: 
/home/e/Documents/research/byotee/OSDZU3_Ref_Design/OSDZU3_Ref_Design.runs/design_1_v_frmbuf_rd_1_0_synth_1/prj/sol/.autopilot/db/v_frmbuf_rd.pp.0.cpp:41555:9: note: FIX-IT applied suggested code changes
/home/e/Documents/research/byotee/OSDZU3_Ref_Design/OSDZU3_Ref_Design.runs/design_1_v_frmbuf_rd_1_0_synth_1/prj/sol/.autopilot/db/v_frmbuf_rd.pp.0.cpp:41563:9: warning: Added loop label VITIS_LOOP_156_2:   [xilinx-label-all-loops]
        for(int i=0;i<CLASSIFIER_ALL;i++)
        ^~~
        VITIS_LOOP_156_2: 
/home/e/Documents/research/byotee/OSDZU3_Ref_Design/OSDZU3_Ref_Design.runs/design_1_v_frmbuf_rd_1_0_synth_1/prj/sol/.autopilot/db/v_frmbuf_rd.pp.0.cpp:41563:9: note: FIX-IT applied suggested code changes
/home/e/Documents/research/byotee/OSDZU3_Ref_Design/OSDZU3_Ref_Design.runs/design_1_v_frmbuf_rd_1_0_synth_1/prj/sol/.autopilot/db/v_frmbuf_rd.pp.0.cpp:41566:16: warning: Added loop label VITIS_LOOP_159_3:   [xilinx-label-all-loops]
               for(int j=0;j<FEATURE_MAX;j++)
               ^~~
               VITIS_LOOP_159_3: 
/home/e/Documents/research/byotee/OSDZU3_Ref_Design/OSDZU3_Ref_Design.runs/design_1_v_frmbuf_rd_1_0_synth_1/prj/sol/.autopilot/db/v_frmbuf_rd.pp.0.cpp:41566:16: note: FIX-IT applied suggested code changes
/home/e/Documents/research/byotee/OSDZU3_Ref_Design/OSDZU3_Ref_Design.runs/design_1_v_frmbuf_rd_1_0_synth_1/prj/sol/.autopilot/db/v_frmbuf_rd.pp.0.cpp:41574:23: warning: Added loop label VITIS_LOOP_167_4:   [xilinx-label-all-loops]
                      for(int n=0;n<3;n++)
                      ^~~
                      VITIS_LOOP_167_4: 
/home/e/Documents/research/byotee/OSDZU3_Ref_Design/OSDZU3_Ref_Design.runs/design_1_v_frmbuf_rd_1_0_synth_1/prj/sol/.autopilot/db/v_frmbuf_rd.pp.0.cpp:41574:23: note: FIX-IT applied suggested code changes
/home/e/Documents/research/byotee/OSDZU3_Ref_Design/OSDZU3_Ref_Design.runs/design_1_v_frmbuf_rd_1_0_synth_1/prj/sol/.autopilot/db/v_frmbuf_rd.pp.0.cpp:41597:5: warning: Added loop label VITIS_LOOP_190_1:   [xilinx-label-all-loops]
    for(int j=0;j<COLS;j++)
    ^~~
    VITIS_LOOP_190_1: 
/home/e/Documents/research/byotee/OSDZU3_Ref_Design/OSDZU3_Ref_Design.runs/design_1_v_frmbuf_rd_1_0_synth_1/prj/sol/.autopilot/db/v_frmbuf_rd.pp.0.cpp:41597:5: note: FIX-IT applied suggested code changes
/home/e/Documents/research/byotee/OSDZU3_Ref_Design/OSDZU3_Ref_Design.runs/design_1_v_frmbuf_rd_1_0_synth_1/prj/sol/.autopilot/db/v_frmbuf_rd.pp.0.cpp:41600:9: warning: Added loop label VITIS_LOOP_193_2:   [xilinx-label-all-loops]
        for(int i=0;i<ROWS;i++)
        ^~~
        VITIS_LOOP_193_2: 
/home/e/Documents/research/byotee/OSDZU3_Ref_Design/OSDZU3_Ref_Design.runs/design_1_v_frmbuf_rd_1_0_synth_1/prj/sol/.autopilot/db/v_frmbuf_rd.pp.0.cpp:41600:9: note: FIX-IT applied suggested code changes
/home/e/Documents/research/byotee/OSDZU3_Ref_Design/OSDZU3_Ref_Design.runs/design_1_v_frmbuf_rd_1_0_synth_1/prj/sol/.autopilot/db/v_frmbuf_rd.pp.0.cpp:41617:5: warning: Added loop label VITIS_LOOP_210_1:   [xilinx-label-all-loops]
    for(m=0;m<FEATURE_MAX;m++)
    ^~~
    VITIS_LOOP_210_1: 
/home/e/Documents/research/byotee/OSDZU3_Ref_Design/OSDZU3_Ref_Design.runs/design_1_v_frmbuf_rd_1_0_synth_1/prj/sol/.autopilot/db/v_frmbuf_rd.pp.0.cpp:41617:5: note: FIX-IT applied suggested code changes
/home/e/Documents/research/byotee/OSDZU3_Ref_Design/OSDZU3_Ref_Design.runs/design_1_v_frmbuf_rd_1_0_synth_1/prj/sol/.autopilot/db/v_frmbuf_rd.pp.0.cpp:41624:13: warning: Added loop label VITIS_LOOP_217_2:   [xilinx-label-all-loops]
            for(int j=1;j<3;j++)
            ^~~
            VITIS_LOOP_217_2: 
/home/e/Documents/research/byotee/OSDZU3_Ref_Design/OSDZU3_Ref_Design.runs/design_1_v_frmbuf_rd_1_0_synth_1/prj/sol/.autopilot/db/v_frmbuf_rd.pp.0.cpp:41624:13: note: FIX-IT applied suggested code changes
/home/e/Documents/research/byotee/OSDZU3_Ref_Design/OSDZU3_Ref_Design.runs/design_1_v_frmbuf_rd_1_0_synth_1/prj/sol/.autopilot/db/v_frmbuf_rd.pp.0.cpp:41653:5: warning: Added loop label VITIS_LOOP_246_1:   [xilinx-label-all-loops]
    for (int i=0;i<CLASSIFIER_ALL;i++)
    ^~~
    VITIS_LOOP_246_1: 
/home/e/Documents/research/byotee/OSDZU3_Ref_Design/OSDZU3_Ref_Design.runs/design_1_v_frmbuf_rd_1_0_synth_1/prj/sol/.autopilot/db/v_frmbuf_rd.pp.0.cpp:41653:5: note: FIX-IT applied suggested code changes
/home/e/Documents/research/byotee/OSDZU3_Ref_Design/OSDZU3_Ref_Design.runs/design_1_v_frmbuf_rd_1_0_synth_1/prj/sol/.autopilot/db/v_frmbuf_rd.pp.0.cpp:41701:5: warning: Added loop label VITIS_LOOP_294_1:   [xilinx-label-all-loops]
    for(int i=0;i<rows;i++)
    ^~~
    VITIS_LOOP_294_1: 
/home/e/Documents/research/byotee/OSDZU3_Ref_Design/OSDZU3_Ref_Design.runs/design_1_v_frmbuf_rd_1_0_synth_1/prj/sol/.autopilot/db/v_frmbuf_rd.pp.0.cpp:41701:5: note: FIX-IT applied suggested code changes
/home/e/Documents/research/byotee/OSDZU3_Ref_Design/OSDZU3_Ref_Design.runs/design_1_v_frmbuf_rd_1_0_synth_1/prj/sol/.autopilot/db/v_frmbuf_rd.pp.0.cpp:41703:9: warning: Added loop label VITIS_LOOP_296_2:   [xilinx-label-all-loops]
        for(int j=0;j<cols;j++)
        ^~~
        VITIS_LOOP_296_2: 
/home/e/Documents/research/byotee/OSDZU3_Ref_Design/OSDZU3_Ref_Design.runs/design_1_v_frmbuf_rd_1_0_synth_1/prj/sol/.autopilot/db/v_frmbuf_rd.pp.0.cpp:41703:9: note: FIX-IT applied suggested code changes
/home/e/Documents/research/byotee/OSDZU3_Ref_Design/OSDZU3_Ref_Design.runs/design_1_v_frmbuf_rd_1_0_synth_1/prj/sol/.autopilot/db/v_frmbuf_rd.pp.0.cpp:41716:13: warning: Added loop label VITIS_LOOP_309_3:   [xilinx-label-all-loops]
            for(int buf_row= 1;buf_row<K_H;buf_row++)
            ^~~
            VITIS_LOOP_309_3: 
/home/e/Documents/research/byotee/OSDZU3_Ref_Design/OSDZU3_Ref_Design.runs/design_1_v_frmbuf_rd_1_0_synth_1/prj/sol/.autopilot/db/v_frmbuf_rd.pp.0.cpp:41716:13: note: FIX-IT applied suggested code changes
/home/e/Documents/research/byotee/OSDZU3_Ref_Design/OSDZU3_Ref_Design.runs/design_1_v_frmbuf_rd_1_0_synth_1/prj/sol/.autopilot/db/v_frmbuf_rd.pp.0.cpp:41816:9: warning: Added loop label VITIS_LOOP_430_1:   [xilinx-label-all-loops]
        for(int i=0;i<m;i++)
        ^~~
        VITIS_LOOP_430_1: 
/home/e/Documents/research/byotee/OSDZU3_Ref_Design/OSDZU3_Ref_Design.runs/design_1_v_frmbuf_rd_1_0_synth_1/prj/sol/.autopilot/db/v_frmbuf_rd.pp.0.cpp:41816:9: note: FIX-IT applied suggested code changes
/home/e/Documents/research/byotee/OSDZU3_Ref_Design/OSDZU3_Ref_Design.runs/design_1_v_frmbuf_rd_1_0_synth_1/prj/sol/.autopilot/db/v_frmbuf_rd.pp.0.cpp:41818:17: warning: Added loop label VITIS_LOOP_432_2:   [xilinx-label-all-loops]
                for(int j=0;j<num;j++)
                ^~~
                VITIS_LOOP_432_2: 
/home/e/Documents/research/byotee/OSDZU3_Ref_Design/OSDZU3_Ref_Design.runs/design_1_v_frmbuf_rd_1_0_synth_1/prj/sol/.autopilot/db/v_frmbuf_rd.pp.0.cpp:41818:17: note: FIX-IT applied suggested code changes
/home/e/Documents/research/byotee/OSDZU3_Ref_Design/OSDZU3_Ref_Design.runs/design_1_v_frmbuf_rd_1_0_synth_1/prj/sol/.autopilot/db/v_frmbuf_rd.pp.0.cpp:41826:9: warning: Added loop label VITIS_LOOP_440_3:   [xilinx-label-all-loops]
        for(int i=0;i<num;i++)
        ^~~
        VITIS_LOOP_440_3: 
/home/e/Documents/research/byotee/OSDZU3_Ref_Design/OSDZU3_Ref_Design.runs/design_1_v_frmbuf_rd_1_0_synth_1/prj/sol/.autopilot/db/v_frmbuf_rd.pp.0.cpp:41826:9: note: FIX-IT applied suggested code changes
/home/e/Documents/research/byotee/OSDZU3_Ref_Design/OSDZU3_Ref_Design.runs/design_1_v_frmbuf_rd_1_0_synth_1/prj/sol/.autopilot/db/v_frmbuf_rd.pp.0.cpp:41855:5: warning: Added loop label VITIS_LOOP_469_1:   [xilinx-label-all-loops]
    for(int i=0;i<rows;i++)
    ^~~
    VITIS_LOOP_469_1: 
/home/e/Documents/research/byotee/OSDZU3_Ref_Design/OSDZU3_Ref_Design.runs/design_1_v_frmbuf_rd_1_0_synth_1/prj/sol/.autopilot/db/v_frmbuf_rd.pp.0.cpp:41855:5: note: FIX-IT applied suggested code changes
/home/e/Documents/research/byotee/OSDZU3_Ref_Design/OSDZU3_Ref_Design.runs/design_1_v_frmbuf_rd_1_0_synth_1/prj/sol/.autopilot/db/v_frmbuf_rd.pp.0.cpp:41860:9: warning: Added loop label VITIS_LOOP_474_2:   [xilinx-label-all-loops]
        for(int j=0;j<cols;j++)
        ^~~
        VITIS_LOOP_474_2: 
/home/e/Documents/research/byotee/OSDZU3_Ref_Design/OSDZU3_Ref_Design.runs/design_1_v_frmbuf_rd_1_0_synth_1/prj/sol/.autopilot/db/v_frmbuf_rd.pp.0.cpp:41860:9: note: FIX-IT applied suggested code changes
/home/e/Documents/research/byotee/OSDZU3_Ref_Design/OSDZU3_Ref_Design.runs/design_1_v_frmbuf_rd_1_0_synth_1/prj/sol/.autopilot/db/v_frmbuf_rd.pp.0.cpp:42022:13: warning: Added loop label VITIS_LOOP_189_1:   [xilinx-label-all-loops]
            for (int i = 0; i< PWSIZE; i++) {
            ^~~
            VITIS_LOOP_189_1: 
/home/e/Documents/research/byotee/OSDZU3_Ref_Design/OSDZU3_Ref_Design.runs/design_1_v_frmbuf_rd_1_0_synth_1/prj/sol/.autopilot/db/v_frmbuf_rd.pp.0.cpp:42022:13: note: FIX-IT applied suggested code changes
/home/e/Documents/research/byotee/OSDZU3_Ref_Design/OSDZU3_Ref_Design.runs/design_1_v_frmbuf_rd_1_0_synth_1/prj/sol/.autopilot/db/v_frmbuf_rd.pp.0.cpp:42028:13: warning: Added loop label VITIS_LOOP_195_2:   [xilinx-label-all-loops]
            for (int i = 0; i < PWSIZE; i++) {
            ^~~
            VITIS_LOOP_195_2: 
/home/e/Documents/research/byotee/OSDZU3_Ref_Design/OSDZU3_Ref_Design.runs/design_1_v_frmbuf_rd_1_0_synth_1/prj/sol/.autopilot/db/v_frmbuf_rd.pp.0.cpp:42028:13: note: FIX-IT applied suggested code changes
/home/e/Documents/research/byotee/OSDZU3_Ref_Design/OSDZU3_Ref_Design.runs/design_1_v_frmbuf_rd_1_0_synth_1/prj/sol/.autopilot/db/v_frmbuf_rd.pp.0.cpp:42032:13: warning: Added loop label VITIS_LOOP_199_3:   [xilinx-label-all-loops]
            for (int j = PWSIZE-1; j > 0; j--) {
            ^~~
            VITIS_LOOP_199_3: 
/home/e/Documents/research/byotee/OSDZU3_Ref_Design/OSDZU3_Ref_Design.runs/design_1_v_frmbuf_rd_1_0_synth_1/prj/sol/.autopilot/db/v_frmbuf_rd.pp.0.cpp:42032:13: note: FIX-IT applied suggested code changes
/home/e/Documents/research/byotee/OSDZU3_Ref_Design/OSDZU3_Ref_Design.runs/design_1_v_frmbuf_rd_1_0_synth_1/prj/sol/.autopilot/db/v_frmbuf_rd.pp.0.cpp:42063:5: warning: Added loop label VITIS_LOOP_230_1:   [xilinx-label-all-loops]
    for (HLS_SIZE_T i = 0; i < rows; i++) {
    ^~~
    VITIS_LOOP_230_1: 
/home/e/Documents/research/byotee/OSDZU3_Ref_Design/OSDZU3_Ref_Design.runs/design_1_v_frmbuf_rd_1_0_synth_1/prj/sol/.autopilot/db/v_frmbuf_rd.pp.0.cpp:42063:5: note: FIX-IT applied suggested code changes
/home/e/Documents/research/byotee/OSDZU3_Ref_Design/OSDZU3_Ref_Design.runs/design_1_v_frmbuf_rd_1_0_synth_1/prj/sol/.autopilot/db/v_frmbuf_rd.pp.0.cpp:42064:9: warning: Added loop label VITIS_LOOP_231_2:   [xilinx-label-all-loops]
        for (HLS_SIZE_T j = 0; j < cols; j++) {
        ^~~
        VITIS_LOOP_231_2: 
/home/e/Documents/research/byotee/OSDZU3_Ref_Design/OSDZU3_Ref_Design.runs/design_1_v_frmbuf_rd_1_0_synth_1/prj/sol/.autopilot/db/v_frmbuf_rd.pp.0.cpp:42064:9: note: FIX-IT applied suggested code changes
/home/e/Documents/research/byotee/OSDZU3_Ref_Design/OSDZU3_Ref_Design.runs/design_1_v_frmbuf_rd_1_0_synth_1/prj/sol/.autopilot/db/v_frmbuf_rd.pp.0.cpp:42067:13: warning: Added loop label VITIS_LOOP_234_3:   [xilinx-label-all-loops]
            for (HLS_SIZE_T k = 0; k < ((((SRC_T) & ((512 - 1) << 11)) >> 11) + 1); k++) {
            ^~~
            VITIS_LOOP_234_3: 
/home/e/Documents/research/byotee/OSDZU3_Ref_Design/OSDZU3_Ref_Design.runs/design_1_v_frmbuf_rd_1_0_synth_1/prj/sol/.autopilot/db/v_frmbuf_rd.pp.0.cpp:42067:13: note: FIX-IT applied suggested code changes
/home/e/Documents/research/byotee/OSDZU3_Ref_Design/OSDZU3_Ref_Design.runs/design_1_v_frmbuf_rd_1_0_synth_1/prj/sol/.autopilot/db/v_frmbuf_rd.pp.0.cpp:42103:5: warning: Added loop label VITIS_LOOP_270_1:   [xilinx-label-all-loops]
    for (int i = 0; i < WSIZE; i++) {
    ^~~
    VITIS_LOOP_270_1: 
/home/e/Documents/research/byotee/OSDZU3_Ref_Design/OSDZU3_Ref_Design.runs/design_1_v_frmbuf_rd_1_0_synth_1/prj/sol/.autopilot/db/v_frmbuf_rd.pp.0.cpp:42103:5: note: FIX-IT applied suggested code changes
/home/e/Documents/research/byotee/OSDZU3_Ref_Design/OSDZU3_Ref_Design.runs/design_1_v_frmbuf_rd_1_0_synth_1/prj/sol/.autopilot/db/v_frmbuf_rd.pp.0.cpp:42121:5: warning: Added loop label VITIS_LOOP_288_1:   [xilinx-label-all-loops]
    for (int i = 0; i < WSIZE; i++) {
    ^~~
    VITIS_LOOP_288_1: 
/home/e/Documents/research/byotee/OSDZU3_Ref_Design/OSDZU3_Ref_Design.runs/design_1_v_frmbuf_rd_1_0_synth_1/prj/sol/.autopilot/db/v_frmbuf_rd.pp.0.cpp:42121:5: note: FIX-IT applied suggested code changes
/home/e/Documents/research/byotee/OSDZU3_Ref_Design/OSDZU3_Ref_Design.runs/design_1_v_frmbuf_rd_1_0_synth_1/prj/sol/.autopilot/db/v_frmbuf_rd.pp.0.cpp:42129:5: warning: Added loop label VITIS_LOOP_296_2:   [xilinx-label-all-loops]
    for (int j = WSIZE-1; j > 0; j--) {
    ^~~
    VITIS_LOOP_296_2: 
/home/e/Documents/research/byotee/OSDZU3_Ref_Design/OSDZU3_Ref_Design.runs/design_1_v_frmbuf_rd_1_0_synth_1/prj/sol/.autopilot/db/v_frmbuf_rd.pp.0.cpp:42129:5: note: FIX-IT applied suggested code changes
/home/e/Documents/research/byotee/OSDZU3_Ref_Design/OSDZU3_Ref_Design.runs/design_1_v_frmbuf_rd_1_0_synth_1/prj/sol/.autopilot/db/v_frmbuf_rd.pp.0.cpp:42147:9: warning: Added loop label VITIS_LOOP_314_1:   [xilinx-label-all-loops]
        for(int i = 0; i < SIZE/2; i++) {
        ^~~
        VITIS_LOOP_314_1: 
/home/e/Documents/research/byotee/OSDZU3_Ref_Design/OSDZU3_Ref_Design.runs/design_1_v_frmbuf_rd_1_0_synth_1/prj/sol/.autopilot/db/v_frmbuf_rd.pp.0.cpp:42147:9: note: FIX-IT applied suggested code changes
/home/e/Documents/research/byotee/OSDZU3_Ref_Design/OSDZU3_Ref_Design.runs/design_1_v_frmbuf_rd_1_0_synth_1/prj/sol/.autopilot/db/v_frmbuf_rd.pp.0.cpp:42150:9: warning: Added loop label VITIS_LOOP_317_2:   [xilinx-label-all-loops]
        for(int i = 0; i < SIZE-SIZE/2; i++) {
        ^~~
        VITIS_LOOP_317_2: 
/home/e/Documents/research/byotee/OSDZU3_Ref_Design/OSDZU3_Ref_Design.runs/design_1_v_frmbuf_rd_1_0_synth_1/prj/sol/.autopilot/db/v_frmbuf_rd.pp.0.cpp:42150:9: note: FIX-IT applied suggested code changes
/home/e/Documents/research/byotee/OSDZU3_Ref_Design/OSDZU3_Ref_Design.runs/design_1_v_frmbuf_rd_1_0_synth_1/prj/sol/.autopilot/db/v_frmbuf_rd.pp.0.cpp:42254:25: warning: Added loop label VITIS_LOOP_421_1:   [xilinx-label-all-loops]
                        for (int i = 0; i < WSIZE; i++) {
                        ^~~
                        VITIS_LOOP_421_1: 
/home/e/Documents/research/byotee/OSDZU3_Ref_Design/OSDZU3_Ref_Design.runs/design_1_v_frmbuf_rd_1_0_synth_1/prj/sol/.autopilot/db/v_frmbuf_rd.pp.0.cpp:42254:25: note: FIX-IT applied suggested code changes
/home/e/Documents/research/byotee/OSDZU3_Ref_Design/OSDZU3_Ref_Design.runs/design_1_v_frmbuf_rd_1_0_synth_1/prj/sol/.autopilot/db/v_frmbuf_rd.pp.0.cpp:42639:58: error: Invalid Directive: for current device, fifo + bram is invalid combination for BIND_STORAGE's option 'type + impl' [clang-diagnostic-error]
#pragma HLS bind_storage variable=bytePlanes.plane0 type=fifo impl=bram
                                                         ^
/home/e/Documents/research/byotee/OSDZU3_Ref_Design/OSDZU3_Ref_Design.runs/design_1_v_frmbuf_rd_1_0_synth_1/prj/sol/.autopilot/db/v_frmbuf_rd.pp.0.cpp:42643:58: error: Invalid Directive: for current device, fifo + bram is invalid combination for BIND_STORAGE's option 'type + impl' [clang-diagnostic-error]
#pragma HLS bind_storage variable=bytePlanes.plane1 type=fifo impl=bram
                                                         ^
/home/e/Documents/research/byotee/OSDZU3_Ref_Design/OSDZU3_Ref_Design.runs/design_1_v_frmbuf_rd_1_0_synth_1/prj/sol/.autopilot/db/v_frmbuf_rd.pp.0.cpp:42783:2: warning: Added loop label VITIS_LOOP_367_1:   [xilinx-label-all-loops]
 for (int i = 0; i < (3 * 1); i++)
 ^~~
 VITIS_LOOP_367_1: 
/home/e/Documents/research/byotee/OSDZU3_Ref_Design/OSDZU3_Ref_Design.runs/design_1_v_frmbuf_rd_1_0_synth_1/prj/sol/.autopilot/db/v_frmbuf_rd.pp.0.cpp:42783:2: note: FIX-IT applied suggested code changes
/home/e/Documents/research/byotee/OSDZU3_Ref_Design/OSDZU3_Ref_Design.runs/design_1_v_frmbuf_rd_1_0_synth_1/prj/sol/.autopilot/db/v_frmbuf_rd.pp.0.cpp:42790:2: warning: Added loop label VITIS_LOOP_374_2:   [xilinx-label-all-loops]
 for (; i < rows; i++)
 ^~~
 VITIS_LOOP_374_2: 
/home/e/Documents/research/byotee/OSDZU3_Ref_Design/OSDZU3_Ref_Design.runs/design_1_v_frmbuf_rd_1_0_synth_1/prj/sol/.autopilot/db/v_frmbuf_rd.pp.0.cpp:42790:2: note: FIX-IT applied suggested code changes
/home/e/Documents/research/byotee/OSDZU3_Ref_Design/OSDZU3_Ref_Design.runs/design_1_v_frmbuf_rd_1_0_synth_1/prj/sol/.autopilot/db/v_frmbuf_rd.pp.0.cpp:42792:3: warning: Added loop label VITIS_LOOP_376_3:   [xilinx-label-all-loops]
  for (int j = 0; j < cols / 1; j++)
  ^~~
  VITIS_LOOP_376_3: 
/home/e/Documents/research/byotee/OSDZU3_Ref_Design/OSDZU3_Ref_Design.runs/design_1_v_frmbuf_rd_1_0_synth_1/prj/sol/.autopilot/db/v_frmbuf_rd.pp.0.cpp:42792:3: note: FIX-IT applied suggested code changes
/home/e/Documents/research/byotee/OSDZU3_Ref_Design/OSDZU3_Ref_Design.runs/design_1_v_frmbuf_rd_1_0_synth_1/prj/sol/.autopilot/db/v_frmbuf_rd.pp.0.cpp:42819:4: warning: Added loop label VITIS_LOOP_403_4:   [xilinx-label-all-loops]
   for (int l = 0; l < 1; l++)
   ^~~
   VITIS_LOOP_403_4: 
/home/e/Documents/research/byotee/OSDZU3_Ref_Design/OSDZU3_Ref_Design.runs/design_1_v_frmbuf_rd_1_0_synth_1/prj/sol/.autopilot/db/v_frmbuf_rd.pp.0.cpp:42819:4: note: FIX-IT applied suggested code changes
/home/e/Documents/research/byotee/OSDZU3_Ref_Design/OSDZU3_Ref_Design.runs/design_1_v_frmbuf_rd_1_0_synth_1/prj/sol/.autopilot/db/v_frmbuf_rd.pp.0.cpp:42821:5: warning: Added loop label VITIS_LOOP_405_5:   [xilinx-label-all-loops]
    for (int k = 0; k < 3; k++)
    ^~~
    VITIS_LOOP_405_5: 
/home/e/Documents/research/byotee/OSDZU3_Ref_Design/OSDZU3_Ref_Design.runs/design_1_v_frmbuf_rd_1_0_synth_1/prj/sol/.autopilot/db/v_frmbuf_rd.pp.0.cpp:42821:5: note: FIX-IT applied suggested code changes
/home/e/Documents/research/byotee/OSDZU3_Ref_Design/OSDZU3_Ref_Design.runs/design_1_v_frmbuf_rd_1_0_synth_1/prj/sol/.autopilot/db/v_frmbuf_rd.pp.0.cpp:42857:2: warning: Added loop label VITIS_LOOP_548_1:   [xilinx-label-all-loops]
 for (int x = 0; x < (WidthInBytes+(64/8)-1)/(64/8); x++)
 ^~~
 VITIS_LOOP_548_1: 
/home/e/Documents/research/byotee/OSDZU3_Ref_Design/OSDZU3_Ref_Design.runs/design_1_v_frmbuf_rd_1_0_synth_1/prj/sol/.autopilot/db/v_frmbuf_rd.pp.0.cpp:42857:2: note: FIX-IT applied suggested code changes
/home/e/Documents/research/byotee/OSDZU3_Ref_Design/OSDZU3_Ref_Design.runs/design_1_v_frmbuf_rd_1_0_synth_1/prj/sol/.autopilot/db/v_frmbuf_rd.pp.0.cpp:42869:13: warning: Added loop label VITIS_LOOP_560_2:   [xilinx-label-all-loops]
            for (int x = 0; x < (WidthInBytes+(64/8)-1)/(64/8); x++)
            ^~~
            VITIS_LOOP_560_2: 
/home/e/Documents/research/byotee/OSDZU3_Ref_Design/OSDZU3_Ref_Design.runs/design_1_v_frmbuf_rd_1_0_synth_1/prj/sol/.autopilot/db/v_frmbuf_rd.pp.0.cpp:42869:13: note: FIX-IT applied suggested code changes
/home/e/Documents/research/byotee/OSDZU3_Ref_Design/OSDZU3_Ref_Design.runs/design_1_v_frmbuf_rd_1_0_synth_1/prj/sol/.autopilot/db/v_frmbuf_rd.pp.0.cpp:42920:2: warning: Added loop label VITIS_LOOP_954_1:   [xilinx-label-all-loops]
 for (int x = 0; x < loopWidth; x++)
 ^~~
 VITIS_LOOP_954_1: 
/home/e/Documents/research/byotee/OSDZU3_Ref_Design/OSDZU3_Ref_Design.runs/design_1_v_frmbuf_rd_1_0_synth_1/prj/sol/.autopilot/db/v_frmbuf_rd.pp.0.cpp:42920:2: note: FIX-IT applied suggested code changes
/home/e/Documents/research/byotee/OSDZU3_Ref_Design/OSDZU3_Ref_Design.runs/design_1_v_frmbuf_rd_1_0_synth_1/prj/sol/.autopilot/db/v_frmbuf_rd.pp.0.cpp:42932:5: warning: Added loop label VITIS_LOOP_966_2:   [xilinx-label-all-loops]
    for (int i = 0; i < 4 * (64 / 32) / 1; i++)
    ^~~
    VITIS_LOOP_966_2: 
/home/e/Documents/research/byotee/OSDZU3_Ref_Design/OSDZU3_Ref_Design.runs/design_1_v_frmbuf_rd_1_0_synth_1/prj/sol/.autopilot/db/v_frmbuf_rd.pp.0.cpp:42932:5: note: FIX-IT applied suggested code changes
/home/e/Documents/research/byotee/OSDZU3_Ref_Design/OSDZU3_Ref_Design.runs/design_1_v_frmbuf_rd_1_0_synth_1/prj/sol/.autopilot/db/v_frmbuf_rd.pp.0.cpp:42934:6: warning: Added loop label VITIS_LOOP_968_3:   [xilinx-label-all-loops]
     for (int k = 0; k < 1; k++)
     ^~~
     VITIS_LOOP_968_3: 
/home/e/Documents/research/byotee/OSDZU3_Ref_Design/OSDZU3_Ref_Design.runs/design_1_v_frmbuf_rd_1_0_synth_1/prj/sol/.autopilot/db/v_frmbuf_rd.pp.0.cpp:42934:6: note: FIX-IT applied suggested code changes
/home/e/Documents/research/byotee/OSDZU3_Ref_Design/OSDZU3_Ref_Design.runs/design_1_v_frmbuf_rd_1_0_synth_1/prj/sol/.autopilot/db/v_frmbuf_rd.pp.0.cpp:42977:2: warning: Added loop label VITIS_LOOP_1157_4:   [xilinx-label-all-loops]
 for (int x = 0; x < loopWidth; x++)
 ^~~
 VITIS_LOOP_1157_4: 
/home/e/Documents/research/byotee/OSDZU3_Ref_Design/OSDZU3_Ref_Design.runs/design_1_v_frmbuf_rd_1_0_synth_1/prj/sol/.autopilot/db/v_frmbuf_rd.pp.0.cpp:42977:2: note: FIX-IT applied suggested code changes
/home/e/Documents/research/byotee/OSDZU3_Ref_Design/OSDZU3_Ref_Design.runs/design_1_v_frmbuf_rd_1_0_synth_1/prj/sol/.autopilot/db/v_frmbuf_rd.pp.0.cpp:42984:5: warning: Added loop label VITIS_LOOP_1164_5:   [xilinx-label-all-loops]
    for (int i = 0; i < 2 * (64 / 32) / 1; i++)
    ^~~
    VITIS_LOOP_1164_5: 
/home/e/Documents/research/byotee/OSDZU3_Ref_Design/OSDZU3_Ref_Design.runs/design_1_v_frmbuf_rd_1_0_synth_1/prj/sol/.autopilot/db/v_frmbuf_rd.pp.0.cpp:42984:5: note: FIX-IT applied suggested code changes
/home/e/Documents/research/byotee/OSDZU3_Ref_Design/OSDZU3_Ref_Design.runs/design_1_v_frmbuf_rd_1_0_synth_1/prj/sol/.autopilot/db/v_frmbuf_rd.pp.0.cpp:42986:6: warning: Added loop label VITIS_LOOP_1166_6:   [xilinx-label-all-loops]
     for (int k = 0; k < 1; k++)
     ^~~
     VITIS_LOOP_1166_6: 
/home/e/Documents/research/byotee/OSDZU3_Ref_Design/OSDZU3_Ref_Design.runs/design_1_v_frmbuf_rd_1_0_synth_1/prj/sol/.autopilot/db/v_frmbuf_rd.pp.0.cpp:42986:6: note: FIX-IT applied suggested code changes
/home/e/Documents/research/byotee/OSDZU3_Ref_Design/OSDZU3_Ref_Design.runs/design_1_v_frmbuf_rd_1_0_synth_1/prj/sol/.autopilot/db/v_frmbuf_rd.pp.0.cpp:43017:2: warning: Added loop label VITIS_LOOP_1197_7:   [xilinx-label-all-loops]
 for (int x = 0; x < loopWidth; x++)
 ^~~
 VITIS_LOOP_1197_7: 
/home/e/Documents/research/byotee/OSDZU3_Ref_Design/OSDZU3_Ref_Design.runs/design_1_v_frmbuf_rd_1_0_synth_1/prj/sol/.autopilot/db/v_frmbuf_rd.pp.0.cpp:43017:2: note: FIX-IT applied suggested code changes
/home/e/Documents/research/byotee/OSDZU3_Ref_Design/OSDZU3_Ref_Design.runs/design_1_v_frmbuf_rd_1_0_synth_1/prj/sol/.autopilot/db/v_frmbuf_rd.pp.0.cpp:43024:5: warning: Added loop label VITIS_LOOP_1204_8:   [xilinx-label-all-loops]
    for (int i = 0; i < 2 * (64 / 32) / 1; i++)
    ^~~
    VITIS_LOOP_1204_8: 
/home/e/Documents/research/byotee/OSDZU3_Ref_Design/OSDZU3_Ref_Design.runs/design_1_v_frmbuf_rd_1_0_synth_1/prj/sol/.autopilot/db/v_frmbuf_rd.pp.0.cpp:43024:5: note: FIX-IT applied suggested code changes
/home/e/Documents/research/byotee/OSDZU3_Ref_Design/OSDZU3_Ref_Design.runs/design_1_v_frmbuf_rd_1_0_synth_1/prj/sol/.autopilot/db/v_frmbuf_rd.pp.0.cpp:43026:6: warning: Added loop label VITIS_LOOP_1206_9:   [xilinx-label-all-loops]
     for (int k = 0; k < 1; k++)
     ^~~
     VITIS_LOOP_1206_9: 
/home/e/Documents/research/byotee/OSDZU3_Ref_Design/OSDZU3_Ref_Design.runs/design_1_v_frmbuf_rd_1_0_synth_1/prj/sol/.autopilot/db/v_frmbuf_rd.pp.0.cpp:43026:6: note: FIX-IT applied suggested code changes
