

================================================================
== Synthesis Summary Report of 'v_frmbuf_rd'
================================================================
+ General Information: 
    * Date:           Sat Sep  6 13:58:47 2025
    * Version:        2025.1 (Build 6135595 on May 21 2025)
    * Project:        prj
    * Solution:       sol (Vivado IP Flow Target)
    * Product family: zynquplus
    * Target device:  xczu3eg-sfvc784-1-e
    

+ Performance & Resource Estimates: 
    
    PS: '+' for module; 'o' for loop; '*' for dataflow
    +---------------------------------------------------------+------+------+----------+-----------+----------+----------+------+----------+---------+----+-----------+-----------+-----+
    |                         Modules                         | Issue|      |        Latency       | Iteration|          | Trip |          |         |    |           |           |     |
    |                         & Loops                         | Type | Slack| (cycles) |    (ns)   |  Latency | Interval | Count| Pipelined|  BRAM   | DSP|     FF    |    LUT    | URAM|
    +---------------------------------------------------------+------+------+----------+-----------+----------+----------+------+----------+---------+----+-----------+-----------+-----+
    |+ v_frmbuf_rd                                            |     -|  0.00|  49775265|  2.489e+08|         -|  49775266|     -|        no|  12 (2%)|   -|  2855 (2%)|  5167 (7%)|    -|
    | + FrmbufRdHlsDataFlow*                                  |     -|  0.00|  49775261|  2.489e+08|         -|  49775042|     -|  dataflow|   8 (1%)|   -|  1704 (1%)|  3863 (5%)|    -|
    |  + AXIMMvideo2Bytes                                     |     -|  0.00|  12929761|  6.465e+07|         -|  12929761|     -|        no|        -|   -|  687 (~0%)|  2006 (2%)|    -|
    |   o loop_AXIMMvideo2Bytes_2planes                       |     -|  3.65|  12929760|  6.465e+07|      5986|         -|  2160|        no|        -|   -|          -|          -|    -|
    |    + AXIMMvideo2Bytes_Pipeline_VITIS_LOOP_548_1         |     -|  0.00|      2883|  1.442e+04|         -|      2881|     -|    rewind|        -|   -|   81 (~0%)|   96 (~0%)|    -|
    |     o VITIS_LOOP_548_1                                  |     -|  3.65|      2881|  1.440e+04|         3|         1|  2880|       yes|        -|   -|          -|          -|    -|
    |    + AXIMMvideo2Bytes_Pipeline_VITIS_LOOP_560_2         |     -|  0.00|      2883|  1.442e+04|         -|      2881|     -|    rewind|        -|   -|   81 (~0%)|   96 (~0%)|    -|
    |     o VITIS_LOOP_560_2                                  |     -|  3.65|      2881|  1.440e+04|         3|         1|  2880|       yes|        -|   -|          -|          -|    -|
    |  + Bytes2MultiPixStream                                 |     -|  0.00|  49775041|  2.489e+08|         -|  49775041|     -|        no|        -|   -|  420 (~0%)|  1207 (1%)|    -|
    |   o loop_Y_UV8_Y_UV8_420                                |     -|  3.65|  49775040|  2.489e+08|     23044|         -|  2160|        no|        -|   -|          -|          -|    -|
    |    + Bytes2MultiPixStream_Pipeline_VITIS_LOOP_954_1     |     -|  0.00|     23042|  1.152e+05|         -|     23041|     -|    rewind|        -|   -|  144 (~0%)|  322 (~0%)|    -|
    |     o VITIS_LOOP_954_1                                  |     -|  3.65|     23040|  1.152e+05|         9|         8|  2880|       yes|        -|   -|          -|          -|    -|
    |   o loop_YUYV8                                          |     -|  3.65|  24891840|  1.245e+08|     11524|         -|  2160|        no|        -|   -|          -|          -|    -|
    |    + Bytes2MultiPixStream_Pipeline_VITIS_LOOP_1157_4    |     -|  0.00|     11522|  5.761e+04|         -|     11521|     -|    rewind|        -|   -|   71 (~0%)|  210 (~0%)|    -|
    |     o VITIS_LOOP_1157_4                                 |     -|  3.65|     11520|  5.760e+04|         5|         4|  2880|       yes|        -|   -|          -|          -|    -|
    |   o loop_UYVY8                                          |     -|  3.65|  24891840|  1.245e+08|     11524|         -|  2160|        no|        -|   -|          -|          -|    -|
    |    + Bytes2MultiPixStream_Pipeline_VITIS_LOOP_1197_7    |     -|  0.00|     11522|  5.761e+04|         -|     11521|     -|    rewind|        -|   -|   71 (~0%)|  210 (~0%)|    -|
    |     o VITIS_LOOP_1197_7                                 |     -|  3.65|     11520|  5.760e+04|         5|         4|  2880|       yes|        -|   -|          -|          -|    -|
    |  + MultiPixStream2AXIvideo                              |     -|  0.72|   8305209|  4.153e+07|         -|   8305209|     -|        no|        -|   -|  170 (~0%)|  449 (~0%)|    -|
    |   + MultiPixStream2AXIvideo_Pipeline_VITIS_LOOP_367_1   |     -|  1.50|         6|     30.000|         -|         4|     -|    rewind|        -|   -|   17 (~0%)|   69 (~0%)|    -|
    |    o VITIS_LOOP_367_1                                   |     -|  3.65|         4|     20.000|         2|         1|     3|       yes|        -|   -|          -|          -|    -|
    |   + reg_unsigned_short_s                                |     -|  3.65|         1|      5.000|         -|         1|     -|       yes|        -|   -|   14 (~0%)|    2 (~0%)|    -|
    |   + reg_unsigned_short_s                                |     -|  3.65|         1|      5.000|         -|         1|     -|       yes|        -|   -|   14 (~0%)|    2 (~0%)|    -|
    |   o VITIS_LOOP_374_2                                    |     -|  3.65|   8305200|  4.153e+07|      3845|         -|  2160|        no|        -|   -|          -|          -|    -|
    |    + MultiPixStream2AXIvideo_Pipeline_VITIS_LOOP_376_3  |     -|  0.72|      3843|  1.922e+04|         -|      3841|     -|    rewind|        -|   -|   19 (~0%)|  160 (~0%)|    -|
    |     o VITIS_LOOP_376_3                                  |     -|  3.65|      3841|  1.920e+04|         2|         1|  3840|       yes|        -|   -|          -|          -|    -|
    +---------------------------------------------------------+------+------+----------+-----------+----------+----------+------+----------+---------+----+-----------+-----------+-----+


================================================================
== HW Interfaces
================================================================
* M_AXI
+----------------+------------+------------+---------------+---------+--------+----------+-----------+--------------+--------------+-------------+-------------+-------------------+
| Interface      | Read/Write | Data Width | Address Width | Latency | Offset | Register | Max Widen | Max Read     | Max Write    | Num Read    | Num Write   | Resource Estimate |
|                |            | (SW->HW)   |               |         |        |          | Bitwidth  | Burst Length | Burst Length | Outstanding | Outstanding |                   |
+----------------+------------+------------+---------------+---------+--------+----------+-----------+--------------+--------------+-------------+-------------+-------------------+
| m_axi_mm_video | READ_ONLY  | 64 -> 64   | 32            | 100     | slave  | 0        | 0         | 16           | 16           | 4           | 16          | BRAM=4            |
+----------------+------------+------------+---------------+---------+--------+----------+-----------+--------------+--------------+-------------+-------------+-------------------+

* S_AXILITE Interfaces
+------------+------------+---------------+--------+----------+
| Interface  | Data Width | Address Width | Offset | Register |
+------------+------------+---------------+--------+----------+
| s_axi_CTRL | 32         | 7             | 16     | 0        |
+------------+------------+---------------+--------+----------+

* S_AXILITE Registers
+------------+--------------+--------+-------+--------+----------------------------------+----------------------------------------------------------------------+
| Interface  | Register     | Offset | Width | Access | Description                      | Bit Fields                                                           |
+------------+--------------+--------+-------+--------+----------------------------------+----------------------------------------------------------------------+
| s_axi_CTRL | CTRL         | 0x00   | 32    | RW     | Control signals                  | 0=AP_START 1=AP_DONE 2=AP_IDLE 3=AP_READY 7=AUTO_RESTART 9=INTERRUPT |
| s_axi_CTRL | GIER         | 0x04   | 32    | RW     | Global Interrupt Enable Register | 0=Enable                                                             |
| s_axi_CTRL | IP_IER       | 0x08   | 32    | RW     | IP Interrupt Enable Register     | 0=CHAN0_INT_EN 1=CHAN1_INT_EN                                        |
| s_axi_CTRL | IP_ISR       | 0x0c   | 32    | RW     | IP Interrupt Status Register     | 0=CHAN0_INT_ST 1=CHAN1_INT_ST                                        |
| s_axi_CTRL | width        | 0x10   | 32    | W      | Data signal of width             |                                                                      |
| s_axi_CTRL | height       | 0x18   | 32    | W      | Data signal of height            |                                                                      |
| s_axi_CTRL | stride       | 0x20   | 32    | W      | Data signal of stride            |                                                                      |
| s_axi_CTRL | video_format | 0x28   | 32    | W      | Data signal of video_format      |                                                                      |
| s_axi_CTRL | frm_buffer   | 0x30   | 32    | W      | Data signal of frm_buffer        |                                                                      |
| s_axi_CTRL | frm_buffer2  | 0x3c   | 32    | W      | Data signal of frm_buffer2       |                                                                      |
| s_axi_CTRL | frm_buffer3  | 0x74   | 32    | W      | Data signal of frm_buffer3       |                                                                      |
+------------+--------------+--------+-------+--------+----------------------------------+----------------------------------------------------------------------+

* AXIS
+--------------+-----------+---------------+-------+-------+-----+-------+-------+--------+-------+-------+--------+
| Interface    | Direction | Register Mode | TDATA | TDEST | TID | TKEEP | TLAST | TREADY | TSTRB | TUSER | TVALID |
+--------------+-----------+---------------+-------+-------+-----+-------+-------+--------+-------+-------+--------+
| m_axis_video | out       | both          | 24    | 1     | 1   | 3     | 1     | 1      | 3     | 1     | 1      |
+--------------+-----------+---------------+-------+-------+-----+-------+-------+--------+-------+-------+--------+

* TOP LEVEL CONTROL
+-----------+------------+-----------+
| Interface | Type       | Ports     |
+-----------+------------+-----------+
| ap_clk    | clock      | ap_clk    |
| ap_rst_n  | reset      | ap_rst_n  |
| interrupt | interrupt  | interrupt |
| ap_ctrl   | ap_ctrl_hs |           |
+-----------+------------+-----------+


================================================================
== SW I/O Information
================================================================
* Top Function Arguments
+--------------+-----------+---------------------------------------------------------+
| Argument     | Direction | Datatype                                                |
+--------------+-----------+---------------------------------------------------------+
| width        | in        | unsigned short                                          |
| height       | in        | unsigned short                                          |
| stride       | in        | unsigned short                                          |
| video_format | in        | unsigned short                                          |
| frm_buffer   | in        | ap_uint<64>*                                            |
| frm_buffer2  | in        | ap_uint<64>*                                            |
| frm_buffer3  | in        | ap_uint<64>*                                            |
| m_axis_video | out       | stream<hls::axis<ap_uint<24>, 1, 1, 1, '8', false>, 0>& |
+--------------+-----------+---------------------------------------------------------+

* SW-to-HW Mapping
+--------------+----------------+-----------+----------+----------------------------------------+
| Argument     | HW Interface   | HW Type   | HW Usage | HW Info                                |
+--------------+----------------+-----------+----------+----------------------------------------+
| width        | s_axi_CTRL     | register  |          | name=width offset=0x10 range=32        |
| height       | s_axi_CTRL     | register  |          | name=height offset=0x18 range=32       |
| stride       | s_axi_CTRL     | register  |          | name=stride offset=0x20 range=32       |
| video_format | s_axi_CTRL     | register  |          | name=video_format offset=0x28 range=32 |
| frm_buffer   | m_axi_mm_video | interface |          | channel=0                              |
| frm_buffer   | s_axi_CTRL     | register  | offset   | name=frm_buffer offset=0x30 range=32   |
| frm_buffer2  | m_axi_mm_video | interface |          | channel=0                              |
| frm_buffer2  | s_axi_CTRL     | register  | offset   | name=frm_buffer2 offset=0x3c range=32  |
| frm_buffer3  | m_axi_mm_video | interface |          | channel=0                              |
| frm_buffer3  | s_axi_CTRL     | register  | offset   | name=frm_buffer3 offset=0x74 range=32  |
| m_axis_video | m_axis_video   | interface |          |                                        |
+--------------+----------------+-----------+----------+----------------------------------------+


================================================================
== M_AXI Burst Information
================================================================
 Note: All burst requests might be further partitioned into multiple requests during RTL generation based on max_read_burst_length or max_write_burst_length settings.

* Inferred Burst Summary
+----------------+-----------+----------+-------+------------------+----------------------------------------------------------------------------------------------------------------------------------------------------------+
| HW Interface   | Direction | Length   | Width | Loop             | Loop Location                                                                                                                                            |
+----------------+-----------+----------+-------+------------------+----------------------------------------------------------------------------------------------------------------------------------------------------------+
| m_axi_mm_video | read      | variable | 64    | VITIS_LOOP_548_1 | /home/e/Documents/research/byotee/OSDZU3_Ref_Design/OSDZU3_Ref_Design.runs/design_1_v_frmbuf_rd_1_0_synth_1/prj/sol/.autopilot/db/v_frmbuf_rd.cpp:548:20 |
| m_axi_mm_video | read      | variable | 64    | VITIS_LOOP_560_2 | /home/e/Documents/research/byotee/OSDZU3_Ref_Design/OSDZU3_Ref_Design.runs/design_1_v_frmbuf_rd_1_0_synth_1/prj/sol/.autopilot/db/v_frmbuf_rd.cpp:560:31 |
+----------------+-----------+----------+-------+------------------+----------------------------------------------------------------------------------------------------------------------------------------------------------+

* All M_AXI Variable Accesses
+----------------+----------+----------------------------------------------------------------------------------------------------------------------------------------------------------+-----------+--------------+----------+-------------------------------+----------------------------------------------------------------------------------------------------------------------------------------------------------+------------+-------------------------------------------------------------------------------------------------------+
| HW Interface   | Variable | Access Location                                                                                                                                          | Direction | Burst Status | Length   | Loop                          | Loop Location                                                                                                                                            | Resolution | Problem                                                                                               |
+----------------+----------+----------------------------------------------------------------------------------------------------------------------------------------------------------+-----------+--------------+----------+-------------------------------+----------------------------------------------------------------------------------------------------------------------------------------------------------+------------+-------------------------------------------------------------------------------------------------------+
| m_axi_mm_video | srcImg   | /home/e/Documents/research/byotee/OSDZU3_Ref_Design/OSDZU3_Ref_Design.runs/design_1_v_frmbuf_rd_1_0_synth_1/prj/sol/.autopilot/db/v_frmbuf_rd.cpp:552:23 | read      | Widen Fail   |          | VITIS_LOOP_548_1              | /home/e/Documents/research/byotee/OSDZU3_Ref_Design/OSDZU3_Ref_Design.runs/design_1_v_frmbuf_rd_1_0_synth_1/prj/sol/.autopilot/db/v_frmbuf_rd.cpp:548:20 | 214-353    | Could not widen since type i64 size is greater than or equal to the max_widen_bitwidth threshold of 0 |
| m_axi_mm_video | srcImg   | /home/e/Documents/research/byotee/OSDZU3_Ref_Design/OSDZU3_Ref_Design.runs/design_1_v_frmbuf_rd_1_0_synth_1/prj/sol/.autopilot/db/v_frmbuf_rd.cpp:552:23 | read      | Fail         |          | loop_AXIMMvideo2Bytes_2planes | /home/e/Documents/research/byotee/OSDZU3_Ref_Design/OSDZU3_Ref_Design.runs/design_1_v_frmbuf_rd_1_0_synth_1/prj/sol/.autopilot/db/v_frmbuf_rd.cpp:543:2  | 214-230    | Stride is incompatible                                                                                |
| m_axi_mm_video | srcImg   | /home/e/Documents/research/byotee/OSDZU3_Ref_Design/OSDZU3_Ref_Design.runs/design_1_v_frmbuf_rd_1_0_synth_1/prj/sol/.autopilot/db/v_frmbuf_rd.cpp:552:23 | read      | Inferred     | variable | VITIS_LOOP_548_1              | /home/e/Documents/research/byotee/OSDZU3_Ref_Design/OSDZU3_Ref_Design.runs/design_1_v_frmbuf_rd_1_0_synth_1/prj/sol/.autopilot/db/v_frmbuf_rd.cpp:548:20 |            |                                                                                                       |
| m_axi_mm_video | srcImg2  | /home/e/Documents/research/byotee/OSDZU3_Ref_Design/OSDZU3_Ref_Design.runs/design_1_v_frmbuf_rd_1_0_synth_1/prj/sol/.autopilot/db/v_frmbuf_rd.cpp:564:23 | read      | Widen Fail   |          | VITIS_LOOP_560_2              | /home/e/Documents/research/byotee/OSDZU3_Ref_Design/OSDZU3_Ref_Design.runs/design_1_v_frmbuf_rd_1_0_synth_1/prj/sol/.autopilot/db/v_frmbuf_rd.cpp:560:31 | 214-353    | Could not widen since type i64 size is greater than or equal to the max_widen_bitwidth threshold of 0 |
| m_axi_mm_video | srcImg2  | /home/e/Documents/research/byotee/OSDZU3_Ref_Design/OSDZU3_Ref_Design.runs/design_1_v_frmbuf_rd_1_0_synth_1/prj/sol/.autopilot/db/v_frmbuf_rd.cpp:564:23 | read      | Fail         |          | loop_AXIMMvideo2Bytes_2planes | /home/e/Documents/research/byotee/OSDZU3_Ref_Design/OSDZU3_Ref_Design.runs/design_1_v_frmbuf_rd_1_0_synth_1/prj/sol/.autopilot/db/v_frmbuf_rd.cpp:543:2  | 214-232    | Access call is in the conditional branch                                                              |
| m_axi_mm_video | srcImg2  | /home/e/Documents/research/byotee/OSDZU3_Ref_Design/OSDZU3_Ref_Design.runs/design_1_v_frmbuf_rd_1_0_synth_1/prj/sol/.autopilot/db/v_frmbuf_rd.cpp:564:23 | read      | Inferred     | variable | VITIS_LOOP_560_2              | /home/e/Documents/research/byotee/OSDZU3_Ref_Design/OSDZU3_Ref_Design.runs/design_1_v_frmbuf_rd_1_0_synth_1/prj/sol/.autopilot/db/v_frmbuf_rd.cpp:560:31 |            |                                                                                                       |
+----------------+----------+----------------------------------------------------------------------------------------------------------------------------------------------------------+-----------+--------------+----------+-------------------------------+----------------------------------------------------------------------------------------------------------------------------------------------------------+------------+-------------------------------------------------------------------------------------------------------+

    * Resolution URL: docs.xilinx.com/access/sources/dita/topic?Doc_Version=2025.1%20English&url=ug1448-hls-guidance&resourceid=XXX-YYY.html (replace XXX-YYY with column value)

================================================================
== Bind Op Report
================================================================
+--------------------------------------------------------+-----+--------+---------------+-----------+------------------------+---------+
| Name                                                   | DSP | Pragma | Variable      | Op        | Impl                   | Latency |
+--------------------------------------------------------+-----+--------+---------------+-----------+------------------------+---------+
| + v_frmbuf_rd                                          | 0   |        |               |           |                        |         |
|   mul_15s_3ns_15_1_1_U108                              |     |        | WidthInBytes  | mul       | auto                   | 0       |
|  + FrmbufRdHlsDataFlow                                 | 0   |        |               |           |                        |         |
|   + AXIMMvideo2Bytes                                   | 0   |        |               |           |                        |         |
|     sub_fu_228_p2                                      |     |        | sub           | add       | fabric                 | 0       |
|     cmp61_fu_262_p2                                    |     |        | cmp61         | seteq     | auto                   | 0       |
|     cmp39_fu_268_p2                                    |     |        | cmp39         | seteq     | auto                   | 0       |
|     p_off_fu_274_p2                                    |     |        | p_off         | add       | fabric                 | 0       |
|     empty_fu_328_p2                                    |     |        | empty         | seteq     | auto                   | 0       |
|     empty_114_fu_334_p2                                |     |        | empty_114     | seteq     | auto                   | 0       |
|     tmp_fu_340_p2                                      |     |        | tmp           | or        | auto                   | 0       |
|     tmp1_fu_346_p2                                     |     |        | tmp1          | or        | auto                   | 0       |
|     spec_select22_fu_352_p2                            |     |        | spec_select22 | or        | auto                   | 0       |
|     icmp6_fu_372_p2                                    |     |        | icmp6         | setne     | auto                   | 0       |
|     cmp43_fu_378_p2                                    |     |        | cmp43         | and       | auto                   | 0       |
|     icmp_ln543_fu_402_p2                               |     |        | icmp_ln543    | seteq     | auto                   | 0       |
|     y_10_fu_407_p2                                     |     |        | y_10          | add       | fabric                 | 0       |
|     add_ln548_fu_432_p2                                |     |        | add_ln548     | add       | fabric                 | 0       |
|     add_ln556_fu_447_p2                                |     |        | add_ln556     | add       | fabric                 | 0       |
|     empty_116_fu_474_p2                                |     |        | empty_116     | seteq     | auto                   | 0       |
|     empty_117_fu_479_p2                                |     |        | empty_117     | or        | auto                   | 0       |
|     empty_118_fu_484_p2                                |     |        | empty_118     | seteq     | auto                   | 0       |
|     empty_119_fu_489_p2                                |     |        | empty_119     | or        | auto                   | 0       |
|     empty_120_fu_495_p2                                |     |        | empty_120     | seteq     | auto                   | 0       |
|     empty_121_fu_500_p2                                |     |        | empty_121     | or        | auto                   | 0       |
|     empty_122_fu_506_p2                                |     |        | empty_122     | seteq     | auto                   | 0       |
|     empty_123_fu_511_p2                                |     |        | empty_123     | or        | auto                   | 0       |
|     empty_124_fu_517_p2                                |     |        | empty_124     | seteq     | auto                   | 0       |
|     empty_125_fu_522_p2                                |     |        | empty_125     | or        | auto                   | 0       |
|     add_ln560_fu_537_p2                                |     |        | add_ln560     | add       | fabric                 | 0       |
|     offsetUV_1_fu_564_p2                               |     |        | offsetUV_1    | add       | fabric                 | 0       |
|    + AXIMMvideo2Bytes_Pipeline_VITIS_LOOP_548_1        | 0   |        |               |           |                        |         |
|      icmp_ln548_fu_112_p2                              |     |        | icmp_ln548    | seteq     | auto                   | 0       |
|      add_ln548_fu_118_p2                               |     |        | add_ln548     | add       | fabric                 | 0       |
|    + AXIMMvideo2Bytes_Pipeline_VITIS_LOOP_560_2        | 0   |        |               |           |                        |         |
|      icmp_ln560_fu_112_p2                              |     |        | icmp_ln560    | seteq     | auto                   | 0       |
|      add_ln560_fu_118_p2                               |     |        | add_ln560     | add       | fabric                 | 0       |
|   + Bytes2MultiPixStream                               | 0   |        |               |           |                        |         |
|     grp_fu_213_p2                                      |     |        | add_ln1184    | add       | fabric                 | 0       |
|     grp_fu_239_p2                                      |     |        | icmp_ln1187   | seteq     | auto                   | 0       |
|     remainPix_5_fu_296_p3                              |     |        | remainPix_5   | select    | auto_sel               | 0       |
|     sub286_fu_304_p2                                   |     |        | sub286        | add       | fabric                 | 0       |
|     icmp12_fu_320_p2                                   |     |        | icmp12        | setne     | auto                   | 0       |
|     cmp290_2_fu_326_p2                                 |     |        | cmp290_2      | setgt     | auto                   | 0       |
|     icmp_ln1190_fu_482_p2                              |     |        | icmp_ln1190   | seteq     | auto                   | 0       |
|     y_8_fu_487_p2                                      |     |        | y_8           | add       | fabric                 | 0       |
|     grp_fu_213_p2                                      |     |        | add_ln1144    | add       | fabric                 | 0       |
|     grp_fu_239_p2                                      |     |        | icmp_ln1147   | seteq     | auto                   | 0       |
|     remainPix_3_fu_345_p3                              |     |        | remainPix_3   | select    | auto_sel               | 0       |
|     sub193_fu_353_p2                                   |     |        | sub193        | add       | fabric                 | 0       |
|     icmp9_fu_369_p2                                    |     |        | icmp9         | setne     | auto                   | 0       |
|     cmp197_2_fu_375_p2                                 |     |        | cmp197_2      | setgt     | auto                   | 0       |
|     icmp_ln1150_fu_501_p2                              |     |        | icmp_ln1150   | seteq     | auto                   | 0       |
|     y_6_fu_506_p2                                      |     |        | y_6           | add       | fabric                 | 0       |
|     grp_fu_213_p2                                      |     |        | add_ln941     | add       | fabric                 | 0       |
|     icmp_ln944_fu_398_p2                               |     |        | icmp_ln944    | seteq     | auto                   | 0       |
|     remainPix_1_fu_404_p3                              |     |        | remainPix_1   | select    | auto_sel               | 0       |
|     sub79_fu_412_p2                                    |     |        | sub79         | add       | fabric                 | 0       |
|     icmp3_fu_428_p2                                    |     |        | icmp3         | setne     | auto                   | 0       |
|     cmp83_2_fu_434_p2                                  |     |        | cmp83_2       | setgt     | auto                   | 0       |
|     icmp6_fu_450_p2                                    |     |        | icmp6         | setne     | auto                   | 0       |
|     cmp83_4_fu_456_p2                                  |     |        | cmp83_4       | setgt     | auto                   | 0       |
|     cmp83_5_fu_462_p2                                  |     |        | cmp83_5       | setgt     | auto                   | 0       |
|     cmp83_6_fu_468_p2                                  |     |        | cmp83_6       | setgt     | auto                   | 0       |
|     icmp_ln947_fu_520_p2                               |     |        | icmp_ln947    | seteq     | auto                   | 0       |
|     y_4_fu_525_p2                                      |     |        | y_4           | add       | fabric                 | 0       |
|    + Bytes2MultiPixStream_Pipeline_VITIS_LOOP_1197_7   | 0   |        |               |           |                        |         |
|      icmp_ln1197_fu_147_p2                             |     |        | icmp_ln1197   | seteq     | auto                   | 0       |
|      x_3_fu_153_p2                                     |     |        | x_3           | add       | fabric                 | 0       |
|      cmp287_fu_159_p2                                  |     |        | cmp287        | setlt     | auto                   | 0       |
|      or_ln1213_fu_165_p2                               |     |        | or_ln1213     | or        | auto                   | 0       |
|      or_ln1213_1_fu_171_p2                             |     |        | or_ln1213_1   | or        | auto                   | 0       |
|      or_ln1213_2_fu_177_p2                             |     |        | or_ln1213_2   | or        | auto                   | 0       |
|    + Bytes2MultiPixStream_Pipeline_VITIS_LOOP_1157_4   | 0   |        |               |           |                        |         |
|      icmp_ln1157_fu_135_p2                             |     |        | icmp_ln1157   | seteq     | auto                   | 0       |
|      x_4_fu_141_p2                                     |     |        | x_4           | add       | fabric                 | 0       |
|      cmp194_fu_147_p2                                  |     |        | cmp194        | setlt     | auto                   | 0       |
|      or_ln1173_fu_153_p2                               |     |        | or_ln1173     | or        | auto                   | 0       |
|      or_ln1173_1_fu_159_p2                             |     |        | or_ln1173_1   | or        | auto                   | 0       |
|      or_ln1173_2_fu_165_p2                             |     |        | or_ln1173_2   | or        | auto                   | 0       |
|    + Bytes2MultiPixStream_Pipeline_VITIS_LOOP_954_1    | 0   |        |               |           |                        |         |
|      icmp_ln954_fu_229_p2                              |     |        | icmp_ln954    | seteq     | auto                   | 0       |
|      x_2_fu_235_p2                                     |     |        | x_2           | add       | fabric                 | 0       |
|      icmp_ln962_fu_245_p2                              |     |        | icmp_ln962    | seteq     | auto                   | 0       |
|      and_ln962_fu_251_p2                               |     |        | and_ln962     | and       | auto                   | 0       |
|      cmp80_fu_257_p2                                   |     |        | cmp80         | setlt     | auto                   | 0       |
|      or_ln975_fu_263_p2                                |     |        | or_ln975      | or        | auto                   | 0       |
|      or_ln975_1_fu_269_p2                              |     |        | or_ln975_1    | or        | auto                   | 0       |
|      or_ln975_2_fu_275_p2                              |     |        | or_ln975_2    | or        | auto                   | 0       |
|      or_ln975_3_fu_281_p2                              |     |        | or_ln975_3    | or        | auto                   | 0       |
|      or_ln975_4_fu_287_p2                              |     |        | or_ln975_4    | or        | auto                   | 0       |
|      or_ln975_5_fu_293_p2                              |     |        | or_ln975_5    | or        | auto                   | 0       |
|      or_ln975_6_fu_299_p2                              |     |        | or_ln975_6    | or        | auto                   | 0       |
|   + MultiPixStream2AXIvideo                            | 0   |        |               |           |                        |         |
|     sub_ln367_fu_181_p2                                |     |        | sub_ln367     | sub       | fabric                 | 0       |
|     sub_fu_218_p2                                      |     |        | sub           | add       | fabric                 | 0       |
|     icmp_ln374_fu_224_p2                               |     |        | icmp_ln374    | seteq     | auto                   | 0       |
|     icmp_ln374_1_fu_233_p2                             |     |        | icmp_ln374_1  | seteq     | auto                   | 0       |
|     i_2_fu_238_p2                                      |     |        | i_2           | add       | fabric                 | 0       |
|     and_ln374_fu_244_p2                                |     |        | and_ln374     | and       | auto                   | 0       |
|    + MultiPixStream2AXIvideo_Pipeline_VITIS_LOOP_367_1 | 0   |        |               |           |                        |         |
|      icmp_ln367_fu_102_p2                              |     |        | icmp_ln367    | seteq     | auto                   | 0       |
|      add_ln367_fu_108_p2                               |     |        | add_ln367     | add       | fabric                 | 0       |
|      add_ln369_fu_118_p2                               |     |        | add_ln369     | add       | fabric                 | 0       |
|    + MultiPixStream2AXIvideo_Pipeline_VITIS_LOOP_376_3 | 0   |        |               |           |                        |         |
|      icmp_ln376_fu_201_p2                              |     |        | icmp_ln376    | seteq     | auto                   | 0       |
|      j_2_fu_207_p2                                     |     |        | j_2           | add       | fabric                 | 0       |
|      axi_last_fu_217_p2                                |     |        | axi_last      | seteq     | auto                   | 0       |
|      sparsemux_7_2_8_1_1_U58                           |     |        | tmp_4         | sparsemux | onehotencoding_realdef | 0       |
|      sparsemux_7_2_8_1_1_U59                           |     |        | tmp_5         | sparsemux | onehotencoding_realdef | 0       |
|      sparsemux_7_2_8_1_1_U60                           |     |        | tmp_6         | sparsemux | onehotencoding_realdef | 0       |
+--------------------------------------------------------+-----+--------+---------------+-----------+------------------------+---------+


================================================================
== Storage Report
================================================================
+--------------------------------------------------------+--------------+-----------+------+------+--------+-------------------+------+---------+------------------+
| Name                                                   | Usage        | Type      | BRAM | URAM | Pragma | Variable          | Impl | Latency | Bitwidth, Depth, |
|                                                        |              |           |      |      |        |                   |      |         | Banks            |
+--------------------------------------------------------+--------------+-----------+------+------+--------+-------------------+------+---------+------------------+
| + v_frmbuf_rd                                          |              |           | 12   | 0    |        |                   |      |         |                  |
|   CTRL_s_axi_U                                         | interface    | s_axilite |      |      |        |                   |      |         |                  |
|   mm_video_m_axi_U                                     | interface    | m_axi     | 4    |      |        |                   |      |         |                  |
|   BYTES_PER_PIXEL_U                                    | rom_1p       |           |      |      |        | BYTES_PER_PIXEL   | auto | 1       | 3, 45, 1         |
|   MEMORY2LIVE_U                                        | rom_1p       |           |      |      |        | MEMORY2LIVE       | auto | 1       | 3, 45, 1         |
|  + FrmbufRdHlsDataFlow                                 |              |           | 8    | 0    |        |                   |      |         |                  |
|    bytePlanes_plane0_U                                 | fifo channel | stream    | 4    |      |        | bytePlanes_plane0 | bram | 0       | 64, 961, 1       |
|    bytePlanes_plane1_U                                 | fifo channel | stream    | 4    |      |        | bytePlanes_plane1 | bram | 0       | 64, 961, 1       |
|    img_U                                               | fifo channel | stream    |      |      |        | img               | srl  | 0       | 24, 2, 1         |
|   + MultiPixStream2AXIvideo                            |              |           | 0    | 0    |        |                   |      |         |                  |
|    + MultiPixStream2AXIvideo_Pipeline_VITIS_LOOP_367_1 |              |           | 0    | 0    |        |                   |      |         |                  |
|      mapComp_U                                         | rom_1p       |           |      |      |        | mapComp           | auto | 1       | 2, 12, 1         |
+--------------------------------------------------------+--------------+-----------+------+------+--------+-------------------+------+---------+------------------+


================================================================
== Pragma Report
================================================================
* Valid Pragma Syntax
+----------------------+-----------------------------------------------------------------------------------------------------------------------------------------------------------------------+----------------------------------------------------------------------------------------------------------------------------------------------------------------------------------+
| Type                 | Options                                                                                                                                                               | Location                                                                                                                                                                         |
+----------------------+-----------------------------------------------------------------------------------------------------------------------------------------------------------------------+----------------------------------------------------------------------------------------------------------------------------------------------------------------------------------+
| INLINE               |                                                                                                                                                                       | ../../OSDZU3_Ref_Design.gen/sources_1/bd/design_1/ip/design_1_v_frmbuf_rd_1_0/src/hls/hls_axi_io.h:61 in axigetbitfields                                                         |
| INLINE               |                                                                                                                                                                       | ../../OSDZU3_Ref_Design.gen/sources_1/bd/design_1/ip/design_1_v_frmbuf_rd_1_0/src/hls/hls_axi_io.h:68 in axigetbitfields                                                         |
| INLINE               |                                                                                                                                                                       | ../../OSDZU3_Ref_Design.gen/sources_1/bd/design_1/ip/design_1_v_frmbuf_rd_1_0/src/hls/hls_axi_io.h:76 in axigetbitfields                                                         |
| INLINE               |                                                                                                                                                                       | ../../OSDZU3_Ref_Design.gen/sources_1/bd/design_1/ip/design_1_v_frmbuf_rd_1_0/src/hls/hls_axi_io.h:84 in axigetbitfields                                                         |
| INLINE               |                                                                                                                                                                       | ../../OSDZU3_Ref_Design.gen/sources_1/bd/design_1/ip/design_1_v_frmbuf_rd_1_0/src/hls/hls_axi_io.h:90 in axisetbitfields                                                         |
| INLINE               |                                                                                                                                                                       | ../../OSDZU3_Ref_Design.gen/sources_1/bd/design_1/ip/design_1_v_frmbuf_rd_1_0/src/hls/hls_axi_io.h:97 in axisetbitfields                                                         |
| INLINE               |                                                                                                                                                                       | ../../OSDZU3_Ref_Design.gen/sources_1/bd/design_1/ip/design_1_v_frmbuf_rd_1_0/src/hls/hls_axi_io.h:105 in axisetbitfields                                                        |
| INLINE               |                                                                                                                                                                       | ../../OSDZU3_Ref_Design.gen/sources_1/bd/design_1/ip/design_1_v_frmbuf_rd_1_0/src/hls/hls_axi_io.h:113 in axisetbitfields                                                        |
| INLINE               |                                                                                                                                                                       | ../../OSDZU3_Ref_Design.gen/sources_1/bd/design_1/ip/design_1_v_frmbuf_rd_1_0/src/hls/hls_video_arithm.h:131 in apply                                                            |
| INLINE               |                                                                                                                                                                       | ../../OSDZU3_Ref_Design.gen/sources_1/bd/design_1/ip/design_1_v_frmbuf_rd_1_0/src/hls/hls_video_arithm.h:145 in apply                                                            |
| INLINE               |                                                                                                                                                                       | ../../OSDZU3_Ref_Design.gen/sources_1/bd/design_1/ip/design_1_v_frmbuf_rd_1_0/src/hls/hls_video_arithm.h:159 in apply                                                            |
| INLINE               |                                                                                                                                                                       | ../../OSDZU3_Ref_Design.gen/sources_1/bd/design_1/ip/design_1_v_frmbuf_rd_1_0/src/hls/hls_video_arithm.h:171 in kernel_and_apply                                                 |
| INLINE               |                                                                                                                                                                       | ../../OSDZU3_Ref_Design.gen/sources_1/bd/design_1/ip/design_1_v_frmbuf_rd_1_0/src/hls/hls_video_arithm.h:177 in kernel_and_apply                                                 |
| INLINE               |                                                                                                                                                                       | ../../OSDZU3_Ref_Design.gen/sources_1/bd/design_1/ip/design_1_v_frmbuf_rd_1_0/src/hls/hls_video_arithm.h:189 in apply                                                            |
| INLINE               |                                                                                                                                                                       | ../../OSDZU3_Ref_Design.gen/sources_1/bd/design_1/ip/design_1_v_frmbuf_rd_1_0/src/hls/hls_video_arithm.h:198 in apply                                                            |
| INLINE               |                                                                                                                                                                       | ../../OSDZU3_Ref_Design.gen/sources_1/bd/design_1/ip/design_1_v_frmbuf_rd_1_0/src/hls/hls_video_arithm.h:207 in apply                                                            |
| INLINE               |                                                                                                                                                                       | ../../OSDZU3_Ref_Design.gen/sources_1/bd/design_1/ip/design_1_v_frmbuf_rd_1_0/src/hls/hls_video_arithm.h:216 in apply                                                            |
| INLINE               |                                                                                                                                                                       | ../../OSDZU3_Ref_Design.gen/sources_1/bd/design_1/ip/design_1_v_frmbuf_rd_1_0/src/hls/hls_video_arithm.h:230 in apply                                                            |
| INLINE               |                                                                                                                                                                       | ../../OSDZU3_Ref_Design.gen/sources_1/bd/design_1/ip/design_1_v_frmbuf_rd_1_0/src/hls/hls_video_arithm.h:241 in apply                                                            |
| INLINE               |                                                                                                                                                                       | ../../OSDZU3_Ref_Design.gen/sources_1/bd/design_1/ip/design_1_v_frmbuf_rd_1_0/src/hls/hls_video_arithm.h:252 in apply                                                            |
| INLINE               |                                                                                                                                                                       | ../../OSDZU3_Ref_Design.gen/sources_1/bd/design_1/ip/design_1_v_frmbuf_rd_1_0/src/hls/hls_video_arithm.h:263 in apply                                                            |
| INLINE               |                                                                                                                                                                       | ../../OSDZU3_Ref_Design.gen/sources_1/bd/design_1/ip/design_1_v_frmbuf_rd_1_0/src/hls/hls_video_arithm.h:276 in apply                                                            |
| INLINE               |                                                                                                                                                                       | ../../OSDZU3_Ref_Design.gen/sources_1/bd/design_1/ip/design_1_v_frmbuf_rd_1_0/src/hls/hls_video_arithm.h:288 in apply                                                            |
| INLINE               |                                                                                                                                                                       | ../../OSDZU3_Ref_Design.gen/sources_1/bd/design_1/ip/design_1_v_frmbuf_rd_1_0/src/hls/hls_video_arithm.h:304 in apply                                                            |
| INLINE               |                                                                                                                                                                       | ../../OSDZU3_Ref_Design.gen/sources_1/bd/design_1/ip/design_1_v_frmbuf_rd_1_0/src/hls/hls_video_arithm.h:334 in apply                                                            |
| INLINE               |                                                                                                                                                                       | ../../OSDZU3_Ref_Design.gen/sources_1/bd/design_1/ip/design_1_v_frmbuf_rd_1_0/src/hls/hls_video_arithm.h:343 in apply                                                            |
| LOOP_FLATTEN         | off                                                                                                                                                                   | ../../OSDZU3_Ref_Design.gen/sources_1/bd/design_1/ip/design_1_v_frmbuf_rd_1_0/src/hls/hls_video_arithm.h:370 in arithm_pro                                                       |
| PIPELINE             | ii=1                                                                                                                                                                  | ../../OSDZU3_Ref_Design.gen/sources_1/bd/design_1/ip/design_1_v_frmbuf_rd_1_0/src/hls/hls_video_arithm.h:371 in arithm_pro                                                       |
| LOOP_FLATTEN         | off                                                                                                                                                                   | ../../OSDZU3_Ref_Design.gen/sources_1/bd/design_1/ip/design_1_v_frmbuf_rd_1_0/src/hls/hls_video_arithm.h:402 in arithm_pro                                                       |
| PIPELINE             | ii=1                                                                                                                                                                  | ../../OSDZU3_Ref_Design.gen/sources_1/bd/design_1/ip/design_1_v_frmbuf_rd_1_0/src/hls/hls_video_arithm.h:403 in arithm_pro                                                       |
| LOOP_FLATTEN         | off                                                                                                                                                                   | ../../OSDZU3_Ref_Design.gen/sources_1/bd/design_1/ip/design_1_v_frmbuf_rd_1_0/src/hls/hls_video_arithm.h:442 in arithm_pro                                                       |
| PIPELINE             | ii=1                                                                                                                                                                  | ../../OSDZU3_Ref_Design.gen/sources_1/bd/design_1/ip/design_1_v_frmbuf_rd_1_0/src/hls/hls_video_arithm.h:443 in arithm_pro                                                       |
| LOOP_FLATTEN         | off                                                                                                                                                                   | ../../OSDZU3_Ref_Design.gen/sources_1/bd/design_1/ip/design_1_v_frmbuf_rd_1_0/src/hls/hls_video_arithm.h:474 in arithm_pro                                                       |
| PIPELINE             | ii=1                                                                                                                                                                  | ../../OSDZU3_Ref_Design.gen/sources_1/bd/design_1/ip/design_1_v_frmbuf_rd_1_0/src/hls/hls_video_arithm.h:475 in arithm_pro                                                       |
| LOOP_FLATTEN         | off                                                                                                                                                                   | ../../OSDZU3_Ref_Design.gen/sources_1/bd/design_1/ip/design_1_v_frmbuf_rd_1_0/src/hls/hls_video_arithm.h:506 in arithm_pro                                                       |
| PIPELINE             | ii=1                                                                                                                                                                  | ../../OSDZU3_Ref_Design.gen/sources_1/bd/design_1/ip/design_1_v_frmbuf_rd_1_0/src/hls/hls_video_arithm.h:507 in arithm_pro                                                       |
| UNROLL               |                                                                                                                                                                       | ../../OSDZU3_Ref_Design.gen/sources_1/bd/design_1/ip/design_1_v_frmbuf_rd_1_0/src/hls/hls_video_arithm.h:538 in arithm_pro                                                       |
| LOOP_FLATTEN         | off                                                                                                                                                                   | ../../OSDZU3_Ref_Design.gen/sources_1/bd/design_1/ip/design_1_v_frmbuf_rd_1_0/src/hls/hls_video_arithm.h:545 in arithm_pro                                                       |
| PIPELINE             | ii=1                                                                                                                                                                  | ../../OSDZU3_Ref_Design.gen/sources_1/bd/design_1/ip/design_1_v_frmbuf_rd_1_0/src/hls/hls_video_arithm.h:546 in arithm_pro                                                       |
| UNROLL               |                                                                                                                                                                       | ../../OSDZU3_Ref_Design.gen/sources_1/bd/design_1/ip/design_1_v_frmbuf_rd_1_0/src/hls/hls_video_arithm.h:570 in arithm_pro                                                       |
| LOOP_FLATTEN         | off                                                                                                                                                                   | ../../OSDZU3_Ref_Design.gen/sources_1/bd/design_1/ip/design_1_v_frmbuf_rd_1_0/src/hls/hls_video_arithm.h:579 in arithm_pro                                                       |
| PIPELINE             | ii=1                                                                                                                                                                  | ../../OSDZU3_Ref_Design.gen/sources_1/bd/design_1/ip/design_1_v_frmbuf_rd_1_0/src/hls/hls_video_arithm.h:580 in arithm_pro                                                       |
| ARRAY_PARTITION      | variable=dst_buffer complete dim=1                                                                                                                                    | ../../OSDZU3_Ref_Design.gen/sources_1/bd/design_1/ip/design_1_v_frmbuf_rd_1_0/src/hls/hls_video_arithm.h:602 in reduce_opr, dst_buffer                                           |
| ARRAY_PARTITION      | variable=dst_buffer complete dim=2                                                                                                                                    | ../../OSDZU3_Ref_Design.gen/sources_1/bd/design_1/ip/design_1_v_frmbuf_rd_1_0/src/hls/hls_video_arithm.h:603 in reduce_opr, dst_buffer                                           |
| UNROLL               |                                                                                                                                                                       | ../../OSDZU3_Ref_Design.gen/sources_1/bd/design_1/ip/design_1_v_frmbuf_rd_1_0/src/hls/hls_video_arithm.h:610 in reduce_opr                                                       |
| LOOP_FLATTEN         | off                                                                                                                                                                   | ../../OSDZU3_Ref_Design.gen/sources_1/bd/design_1/ip/design_1_v_frmbuf_rd_1_0/src/hls/hls_video_arithm.h:615 in reduce_opr                                                       |
| PIPELINE             | ii=1                                                                                                                                                                  | ../../OSDZU3_Ref_Design.gen/sources_1/bd/design_1/ip/design_1_v_frmbuf_rd_1_0/src/hls/hls_video_arithm.h:616 in reduce_opr                                                       |
| UNROLL               |                                                                                                                                                                       | ../../OSDZU3_Ref_Design.gen/sources_1/bd/design_1/ip/design_1_v_frmbuf_rd_1_0/src/hls/hls_video_arithm.h:719 in mins                                                             |
| UNROLL               |                                                                                                                                                                       | ../../OSDZU3_Ref_Design.gen/sources_1/bd/design_1/ip/design_1_v_frmbuf_rd_1_0/src/hls/hls_video_arithm.h:739 in maxs                                                             |
| UNROLL               |                                                                                                                                                                       | ../../OSDZU3_Ref_Design.gen/sources_1/bd/design_1/ip/design_1_v_frmbuf_rd_1_0/src/hls/hls_video_arithm.h:943 in zero                                                             |
| UNROLL               |                                                                                                                                                                       | ../../OSDZU3_Ref_Design.gen/sources_1/bd/design_1/ip/design_1_v_frmbuf_rd_1_0/src/hls/hls_video_arithm.h:955 in zero                                                             |
| UNROLL               |                                                                                                                                                                       | ../../OSDZU3_Ref_Design.gen/sources_1/bd/design_1/ip/design_1_v_frmbuf_rd_1_0/src/hls/hls_video_arithm.h:1026 in cmps                                                            |
| LOOP_FLATTEN         | off                                                                                                                                                                   | ../../OSDZU3_Ref_Design.gen/sources_1/bd/design_1/ip/design_1_v_frmbuf_rd_1_0/src/hls/hls_video_arithm.h:1102 in range                                                           |
| PIPELINE             | ii=1                                                                                                                                                                  | ../../OSDZU3_Ref_Design.gen/sources_1/bd/design_1/ip/design_1_v_frmbuf_rd_1_0/src/hls/hls_video_arithm.h:1103 in range                                                           |
| UNROLL               |                                                                                                                                                                       | ../../OSDZU3_Ref_Design.gen/sources_1/bd/design_1/ip/design_1_v_frmbuf_rd_1_0/src/hls/hls_video_arithm.h:1122 in sum                                                             |
| UNROLL               |                                                                                                                                                                       | ../../OSDZU3_Ref_Design.gen/sources_1/bd/design_1/ip/design_1_v_frmbuf_rd_1_0/src/hls/hls_video_arithm.h:1138 in avg                                                             |
| UNROLL               |                                                                                                                                                                       | ../../OSDZU3_Ref_Design.gen/sources_1/bd/design_1/ip/design_1_v_frmbuf_rd_1_0/src/hls/hls_video_arithm.h:1156 in avg                                                             |
| INLINE               |                                                                                                                                                                       | ../../OSDZU3_Ref_Design.gen/sources_1/bd/design_1/ip/design_1_v_frmbuf_rd_1_0/src/hls/hls_video_arithm.h:1233 in get_max_min                                                     |
| LOOP_FLATTEN         | off                                                                                                                                                                   | ../../OSDZU3_Ref_Design.gen/sources_1/bd/design_1/ip/design_1_v_frmbuf_rd_1_0/src/hls/hls_video_arithm.h:1248 in get_max_min                                                     |
| PIPELINE             | ii=1                                                                                                                                                                  | ../../OSDZU3_Ref_Design.gen/sources_1/bd/design_1/ip/design_1_v_frmbuf_rd_1_0/src/hls/hls_video_arithm.h:1249 in get_max_min                                                     |
| INLINE               |                                                                                                                                                                       | ../../OSDZU3_Ref_Design.gen/sources_1/bd/design_1/ip/design_1_v_frmbuf_rd_1_0/src/hls/hls_video_arithm.h:1276 in get_max_min                                                     |
| LOOP_FLATTEN         | off                                                                                                                                                                   | ../../OSDZU3_Ref_Design.gen/sources_1/bd/design_1/ip/design_1_v_frmbuf_rd_1_0/src/hls/hls_video_arithm.h:1292 in get_max_min                                                     |
| PIPELINE             | ii=1                                                                                                                                                                  | ../../OSDZU3_Ref_Design.gen/sources_1/bd/design_1/ip/design_1_v_frmbuf_rd_1_0/src/hls/hls_video_arithm.h:1293 in get_max_min                                                     |
| INLINE               |                                                                                                                                                                       | ../../OSDZU3_Ref_Design.gen/sources_1/bd/design_1/ip/design_1_v_frmbuf_rd_1_0/src/hls/hls_video_arithm.h:1328 in get_max_min                                                     |
| LOOP_FLATTEN         | off                                                                                                                                                                   | ../../OSDZU3_Ref_Design.gen/sources_1/bd/design_1/ip/design_1_v_frmbuf_rd_1_0/src/hls/hls_video_arithm.h:1343 in get_max_min                                                     |
| PIPELINE             | ii=1                                                                                                                                                                  | ../../OSDZU3_Ref_Design.gen/sources_1/bd/design_1/ip/design_1_v_frmbuf_rd_1_0/src/hls/hls_video_arithm.h:1344 in get_max_min                                                     |
| INLINE               |                                                                                                                                                                       | ../../OSDZU3_Ref_Design.gen/sources_1/bd/design_1/ip/design_1_v_frmbuf_rd_1_0/src/hls/hls_video_arithm.h:1393 in get_max_min                                                     |
| LOOP_FLATTEN         | off                                                                                                                                                                   | ../../OSDZU3_Ref_Design.gen/sources_1/bd/design_1/ip/design_1_v_frmbuf_rd_1_0/src/hls/hls_video_arithm.h:1409 in get_max_min                                                     |
| PIPELINE             | ii=1                                                                                                                                                                  | ../../OSDZU3_Ref_Design.gen/sources_1/bd/design_1/ip/design_1_v_frmbuf_rd_1_0/src/hls/hls_video_arithm.h:1410 in get_max_min                                                     |
| LOOP_FLATTEN         | off                                                                                                                                                                   | ../../OSDZU3_Ref_Design.gen/sources_1/bd/design_1/ip/design_1_v_frmbuf_rd_1_0/src/hls/hls_video_arithm.h:1505 in threshold                                                       |
| PIPELINE             | ii=1                                                                                                                                                                  | ../../OSDZU3_Ref_Design.gen/sources_1/bd/design_1/ip/design_1_v_frmbuf_rd_1_0/src/hls/hls_video_arithm.h:1506 in threshold                                                       |
| LOOP_FLATTEN         | off                                                                                                                                                                   | ../../OSDZU3_Ref_Design.gen/sources_1/bd/design_1/ip/design_1_v_frmbuf_rd_1_0/src/hls/hls_video_arithm.h:1546 in consume                                                         |
| PIPELINE             | ii=1                                                                                                                                                                  | ../../OSDZU3_Ref_Design.gen/sources_1/bd/design_1/ip/design_1_v_frmbuf_rd_1_0/src/hls/hls_video_arithm.h:1547 in consume                                                         |
| LOOP_FLATTEN         | off                                                                                                                                                                   | ../../OSDZU3_Ref_Design.gen/sources_1/bd/design_1/ip/design_1_v_frmbuf_rd_1_0/src/hls/hls_video_arithm.h:1573 in duplicate                                                       |
| PIPELINE             | ii=1                                                                                                                                                                  | ../../OSDZU3_Ref_Design.gen/sources_1/bd/design_1/ip/design_1_v_frmbuf_rd_1_0/src/hls/hls_video_arithm.h:1574 in duplicate                                                       |
| LOOP_FLATTEN         | off                                                                                                                                                                   | ../../OSDZU3_Ref_Design.gen/sources_1/bd/design_1/ip/design_1_v_frmbuf_rd_1_0/src/hls/hls_video_arithm.h:1604 in split                                                           |
| PIPELINE             | ii=1                                                                                                                                                                  | ../../OSDZU3_Ref_Design.gen/sources_1/bd/design_1/ip/design_1_v_frmbuf_rd_1_0/src/hls/hls_video_arithm.h:1605 in split                                                           |
| LOOP_FLATTEN         | off                                                                                                                                                                   | ../../OSDZU3_Ref_Design.gen/sources_1/bd/design_1/ip/design_1_v_frmbuf_rd_1_0/src/hls/hls_video_arithm.h:1637 in split                                                           |
| PIPELINE             | ii=1                                                                                                                                                                  | ../../OSDZU3_Ref_Design.gen/sources_1/bd/design_1/ip/design_1_v_frmbuf_rd_1_0/src/hls/hls_video_arithm.h:1638 in split                                                           |
| LOOP_FLATTEN         | off                                                                                                                                                                   | ../../OSDZU3_Ref_Design.gen/sources_1/bd/design_1/ip/design_1_v_frmbuf_rd_1_0/src/hls/hls_video_arithm.h:1673 in split                                                           |
| PIPELINE             | ii=1                                                                                                                                                                  | ../../OSDZU3_Ref_Design.gen/sources_1/bd/design_1/ip/design_1_v_frmbuf_rd_1_0/src/hls/hls_video_arithm.h:1674 in split                                                           |
| LOOP_FLATTEN         | off                                                                                                                                                                   | ../../OSDZU3_Ref_Design.gen/sources_1/bd/design_1/ip/design_1_v_frmbuf_rd_1_0/src/hls/hls_video_arithm.h:1706 in merge                                                           |
| PIPELINE             | ii=1                                                                                                                                                                  | ../../OSDZU3_Ref_Design.gen/sources_1/bd/design_1/ip/design_1_v_frmbuf_rd_1_0/src/hls/hls_video_arithm.h:1707 in merge                                                           |
| LOOP_FLATTEN         | off                                                                                                                                                                   | ../../OSDZU3_Ref_Design.gen/sources_1/bd/design_1/ip/design_1_v_frmbuf_rd_1_0/src/hls/hls_video_arithm.h:1739 in merge                                                           |
| PIPELINE             | ii=1                                                                                                                                                                  | ../../OSDZU3_Ref_Design.gen/sources_1/bd/design_1/ip/design_1_v_frmbuf_rd_1_0/src/hls/hls_video_arithm.h:1740 in merge                                                           |
| LOOP_FLATTEN         | off                                                                                                                                                                   | ../../OSDZU3_Ref_Design.gen/sources_1/bd/design_1/ip/design_1_v_frmbuf_rd_1_0/src/hls/hls_video_arithm.h:1775 in merge                                                           |
| PIPELINE             | ii=1                                                                                                                                                                  | ../../OSDZU3_Ref_Design.gen/sources_1/bd/design_1/ip/design_1_v_frmbuf_rd_1_0/src/hls/hls_video_arithm.h:1776 in merge                                                           |
| INLINE               |                                                                                                                                                                       | ../../OSDZU3_Ref_Design.gen/sources_1/bd/design_1/ip/design_1_v_frmbuf_rd_1_0/src/hls/hls_video_core.h:197 in scalar<n, t>                                                       |
| ARRAY_PARTITION      | variable=val dim=1 complete                                                                                                                                           | ../../OSDZU3_Ref_Design.gen/sources_1/bd/design_1/ip/design_1_v_frmbuf_rd_1_0/src/hls/hls_video_core.h:198 in scalar<n, t>, val                                                  |
| INLINE               |                                                                                                                                                                       | ../../OSDZU3_Ref_Design.gen/sources_1/bd/design_1/ip/design_1_v_frmbuf_rd_1_0/src/hls/hls_video_core.h:202 in scalar<n, t>                                                       |
| ARRAY_PARTITION      | variable=val dim=1 complete                                                                                                                                           | ../../OSDZU3_Ref_Design.gen/sources_1/bd/design_1/ip/design_1_v_frmbuf_rd_1_0/src/hls/hls_video_core.h:203 in scalar<n, t>, val                                                  |
| INLINE               |                                                                                                                                                                       | ../../OSDZU3_Ref_Design.gen/sources_1/bd/design_1/ip/design_1_v_frmbuf_rd_1_0/src/hls/hls_video_core.h:208 in scalar<n, t>                                                       |
| ARRAY_PARTITION      | variable=val dim=1 complete                                                                                                                                           | ../../OSDZU3_Ref_Design.gen/sources_1/bd/design_1/ip/design_1_v_frmbuf_rd_1_0/src/hls/hls_video_core.h:209 in scalar<n, t>, val                                                  |
| INLINE               |                                                                                                                                                                       | ../../OSDZU3_Ref_Design.gen/sources_1/bd/design_1/ip/design_1_v_frmbuf_rd_1_0/src/hls/hls_video_core.h:214 in scalar<n, t>                                                       |
| ARRAY_PARTITION      | variable=val dim=1 complete                                                                                                                                           | ../../OSDZU3_Ref_Design.gen/sources_1/bd/design_1/ip/design_1_v_frmbuf_rd_1_0/src/hls/hls_video_core.h:215 in scalar<n, t>, val                                                  |
| INLINE               |                                                                                                                                                                       | ../../OSDZU3_Ref_Design.gen/sources_1/bd/design_1/ip/design_1_v_frmbuf_rd_1_0/src/hls/hls_video_core.h:220 in scalar<n, t>                                                       |
| ARRAY_PARTITION      | variable=val dim=1 complete                                                                                                                                           | ../../OSDZU3_Ref_Design.gen/sources_1/bd/design_1/ip/design_1_v_frmbuf_rd_1_0/src/hls/hls_video_core.h:221 in scalar<n, t>, val                                                  |
| INLINE               |                                                                                                                                                                       | ../../OSDZU3_Ref_Design.gen/sources_1/bd/design_1/ip/design_1_v_frmbuf_rd_1_0/src/hls/hls_video_core.h:231 in operator=                                                          |
| UNROLL               |                                                                                                                                                                       | ../../OSDZU3_Ref_Design.gen/sources_1/bd/design_1/ip/design_1_v_frmbuf_rd_1_0/src/hls/hls_video_core.h:233 in operator=                                                          |
| INLINE               |                                                                                                                                                                       | ../../OSDZU3_Ref_Design.gen/sources_1/bd/design_1/ip/design_1_v_frmbuf_rd_1_0/src/hls/hls_video_core.h:252 in operator=                                                          |
| UNROLL               |                                                                                                                                                                       | ../../OSDZU3_Ref_Design.gen/sources_1/bd/design_1/ip/design_1_v_frmbuf_rd_1_0/src/hls/hls_video_core.h:254 in operator=                                                          |
| INLINE               |                                                                                                                                                                       | ../../OSDZU3_Ref_Design.gen/sources_1/bd/design_1/ip/design_1_v_frmbuf_rd_1_0/src/hls/hls_video_core.h:261 in operator+                                                          |
| UNROLL               |                                                                                                                                                                       | ../../OSDZU3_Ref_Design.gen/sources_1/bd/design_1/ip/design_1_v_frmbuf_rd_1_0/src/hls/hls_video_core.h:264 in operator+                                                          |
| INLINE               |                                                                                                                                                                       | ../../OSDZU3_Ref_Design.gen/sources_1/bd/design_1/ip/design_1_v_frmbuf_rd_1_0/src/hls/hls_video_core.h:272 in operator+                                                          |
| UNROLL               |                                                                                                                                                                       | ../../OSDZU3_Ref_Design.gen/sources_1/bd/design_1/ip/design_1_v_frmbuf_rd_1_0/src/hls/hls_video_core.h:275 in operator+                                                          |
| INLINE               |                                                                                                                                                                       | ../../OSDZU3_Ref_Design.gen/sources_1/bd/design_1/ip/design_1_v_frmbuf_rd_1_0/src/hls/hls_video_core.h:283 in operator-                                                          |
| UNROLL               |                                                                                                                                                                       | ../../OSDZU3_Ref_Design.gen/sources_1/bd/design_1/ip/design_1_v_frmbuf_rd_1_0/src/hls/hls_video_core.h:286 in operator-                                                          |
| INLINE               |                                                                                                                                                                       | ../../OSDZU3_Ref_Design.gen/sources_1/bd/design_1/ip/design_1_v_frmbuf_rd_1_0/src/hls/hls_video_core.h:294 in operator-                                                          |
| UNROLL               |                                                                                                                                                                       | ../../OSDZU3_Ref_Design.gen/sources_1/bd/design_1/ip/design_1_v_frmbuf_rd_1_0/src/hls/hls_video_core.h:297 in operator-                                                          |
| INLINE               |                                                                                                                                                                       | ../../OSDZU3_Ref_Design.gen/sources_1/bd/design_1/ip/design_1_v_frmbuf_rd_1_0/src/hls/hls_video_core.h:306 in operator*                                                          |
| UNROLL               |                                                                                                                                                                       | ../../OSDZU3_Ref_Design.gen/sources_1/bd/design_1/ip/design_1_v_frmbuf_rd_1_0/src/hls/hls_video_core.h:309 in operator*                                                          |
| INLINE               |                                                                                                                                                                       | ../../OSDZU3_Ref_Design.gen/sources_1/bd/design_1/ip/design_1_v_frmbuf_rd_1_0/src/hls/hls_video_core.h:317 in operator*                                                          |
| UNROLL               |                                                                                                                                                                       | ../../OSDZU3_Ref_Design.gen/sources_1/bd/design_1/ip/design_1_v_frmbuf_rd_1_0/src/hls/hls_video_core.h:320 in operator*                                                          |
| INLINE               |                                                                                                                                                                       | ../../OSDZU3_Ref_Design.gen/sources_1/bd/design_1/ip/design_1_v_frmbuf_rd_1_0/src/hls/hls_video_core.h:329 in operator/                                                          |
| UNROLL               |                                                                                                                                                                       | ../../OSDZU3_Ref_Design.gen/sources_1/bd/design_1/ip/design_1_v_frmbuf_rd_1_0/src/hls/hls_video_core.h:332 in operator/                                                          |
| INLINE               |                                                                                                                                                                       | ../../OSDZU3_Ref_Design.gen/sources_1/bd/design_1/ip/design_1_v_frmbuf_rd_1_0/src/hls/hls_video_core.h:340 in operator/                                                          |
| UNROLL               |                                                                                                                                                                       | ../../OSDZU3_Ref_Design.gen/sources_1/bd/design_1/ip/design_1_v_frmbuf_rd_1_0/src/hls/hls_video_core.h:343 in operator/                                                          |
| INLINE               |                                                                                                                                                                       | ../../OSDZU3_Ref_Design.gen/sources_1/bd/design_1/ip/design_1_v_frmbuf_rd_1_0/src/hls/hls_video_core.h:355 in scalar_to_yuv422_8                                                 |
| INLINE               |                                                                                                                                                                       | ../../OSDZU3_Ref_Design.gen/sources_1/bd/design_1/ip/design_1_v_frmbuf_rd_1_0/src/hls/hls_video_core.h:363 in yuv422_8_to_scalar                                                 |
| INLINE               |                                                                                                                                                                       | ../../OSDZU3_Ref_Design.gen/sources_1/bd/design_1/ip/design_1_v_frmbuf_rd_1_0/src/hls/hls_video_core.h:373 in scalar_to_yuv444_8                                                 |
| INLINE               |                                                                                                                                                                       | ../../OSDZU3_Ref_Design.gen/sources_1/bd/design_1/ip/design_1_v_frmbuf_rd_1_0/src/hls/hls_video_core.h:382 in yuv444_8_to_scalar                                                 |
| INLINE               |                                                                                                                                                                       | ../../OSDZU3_Ref_Design.gen/sources_1/bd/design_1/ip/design_1_v_frmbuf_rd_1_0/src/hls/hls_video_core.h:393 in scalar_to_rgb_8                                                    |
| INLINE               |                                                                                                                                                                       | ../../OSDZU3_Ref_Design.gen/sources_1/bd/design_1/ip/design_1_v_frmbuf_rd_1_0/src/hls/hls_video_core.h:402 in rgb_8_to_scalar                                                    |
| INLINE               |                                                                                                                                                                       | ../../OSDZU3_Ref_Design.gen/sources_1/bd/design_1/ip/design_1_v_frmbuf_rd_1_0/src/hls/hls_video_core.h:413 in scalar_to_yuva422_8                                                |
| INLINE               |                                                                                                                                                                       | ../../OSDZU3_Ref_Design.gen/sources_1/bd/design_1/ip/design_1_v_frmbuf_rd_1_0/src/hls/hls_video_core.h:422 in yuva422_8_to_scalar                                                |
| INLINE               |                                                                                                                                                                       | ../../OSDZU3_Ref_Design.gen/sources_1/bd/design_1/ip/design_1_v_frmbuf_rd_1_0/src/hls/hls_video_core.h:433 in scalar_to_yuva444_8                                                |
| INLINE               |                                                                                                                                                                       | ../../OSDZU3_Ref_Design.gen/sources_1/bd/design_1/ip/design_1_v_frmbuf_rd_1_0/src/hls/hls_video_core.h:443 in yuva444_8_to_scalar                                                |
| INLINE               |                                                                                                                                                                       | ../../OSDZU3_Ref_Design.gen/sources_1/bd/design_1/ip/design_1_v_frmbuf_rd_1_0/src/hls/hls_video_core.h:455 in scalar_to_rgba_8                                                   |
| INLINE               |                                                                                                                                                                       | ../../OSDZU3_Ref_Design.gen/sources_1/bd/design_1/ip/design_1_v_frmbuf_rd_1_0/src/hls/hls_video_core.h:465 in rgba_8_to_scalar                                                   |
| INLINE               |                                                                                                                                                                       | ../../OSDZU3_Ref_Design.gen/sources_1/bd/design_1/ip/design_1_v_frmbuf_rd_1_0/src/hls/hls_video_core.h:477 in scalar_to_yuva420_8                                                |
| INLINE               |                                                                                                                                                                       | ../../OSDZU3_Ref_Design.gen/sources_1/bd/design_1/ip/design_1_v_frmbuf_rd_1_0/src/hls/hls_video_core.h:485 in yuva420_8_to_scalar                                                |
| INLINE               |                                                                                                                                                                       | ../../OSDZU3_Ref_Design.gen/sources_1/bd/design_1/ip/design_1_v_frmbuf_rd_1_0/src/hls/hls_video_core.h:495 in scalar_to_yuvd422_8                                                |
| INLINE               |                                                                                                                                                                       | ../../OSDZU3_Ref_Design.gen/sources_1/bd/design_1/ip/design_1_v_frmbuf_rd_1_0/src/hls/hls_video_core.h:504 in yuvd422_8_to_scalar                                                |
| INLINE               |                                                                                                                                                                       | ../../OSDZU3_Ref_Design.gen/sources_1/bd/design_1/ip/design_1_v_frmbuf_rd_1_0/src/hls/hls_video_core.h:515 in scalar_to_yuvd444_8                                                |
| INLINE               |                                                                                                                                                                       | ../../OSDZU3_Ref_Design.gen/sources_1/bd/design_1/ip/design_1_v_frmbuf_rd_1_0/src/hls/hls_video_core.h:525 in yuvd444_8_to_scalar                                                |
| INLINE               |                                                                                                                                                                       | ../../OSDZU3_Ref_Design.gen/sources_1/bd/design_1/ip/design_1_v_frmbuf_rd_1_0/src/hls/hls_video_core.h:537 in scalar_to_rgbd_8                                                   |
| INLINE               |                                                                                                                                                                       | ../../OSDZU3_Ref_Design.gen/sources_1/bd/design_1/ip/design_1_v_frmbuf_rd_1_0/src/hls/hls_video_core.h:547 in rgbd_8_to_scalar                                                   |
| INLINE               |                                                                                                                                                                       | ../../OSDZU3_Ref_Design.gen/sources_1/bd/design_1/ip/design_1_v_frmbuf_rd_1_0/src/hls/hls_video_core.h:559 in scalar_to_bayer_8                                                  |
| INLINE               |                                                                                                                                                                       | ../../OSDZU3_Ref_Design.gen/sources_1/bd/design_1/ip/design_1_v_frmbuf_rd_1_0/src/hls/hls_video_core.h:566 in bayer_8_to_scalar                                                  |
| INLINE               |                                                                                                                                                                       | ../../OSDZU3_Ref_Design.gen/sources_1/bd/design_1/ip/design_1_v_frmbuf_rd_1_0/src/hls/hls_video_core.h:575 in scalar_to_luma_8                                                   |
| INLINE               |                                                                                                                                                                       | ../../OSDZU3_Ref_Design.gen/sources_1/bd/design_1/ip/design_1_v_frmbuf_rd_1_0/src/hls/hls_video_core.h:582 in luma_8_to_scalar                                                   |
| INLINE               |                                                                                                                                                                       | ../../OSDZU3_Ref_Design.gen/sources_1/bd/design_1/ip/design_1_v_frmbuf_rd_1_0/src/hls/hls_video_core.h:604 in read                                                               |
| INLINE               |                                                                                                                                                                       | ../../OSDZU3_Ref_Design.gen/sources_1/bd/design_1/ip/design_1_v_frmbuf_rd_1_0/src/hls/hls_video_core.h:611 in write                                                              |
| AGGREGATE            | variable=data_stream                                                                                                                                                  | ../../OSDZU3_Ref_Design.gen/sources_1/bd/design_1/ip/design_1_v_frmbuf_rd_1_0/src/hls/hls_video_core.h:612 in write, data_stream                                                 |
| PROTOCOL             | floating                                                                                                                                                              | ../../OSDZU3_Ref_Design.gen/sources_1/bd/design_1/ip/design_1_v_frmbuf_rd_1_0/src/hls/hls_video_core.h:618 in write                                                              |
| UNROLL               |                                                                                                                                                                       | ../../OSDZU3_Ref_Design.gen/sources_1/bd/design_1/ip/design_1_v_frmbuf_rd_1_0/src/hls/hls_video_core.h:620 in write                                                              |
| INLINE               |                                                                                                                                                                       | ../../OSDZU3_Ref_Design.gen/sources_1/bd/design_1/ip/design_1_v_frmbuf_rd_1_0/src/hls/hls_video_core.h:629 in operator>>                                                         |
| INLINE               |                                                                                                                                                                       | ../../OSDZU3_Ref_Design.gen/sources_1/bd/design_1/ip/design_1_v_frmbuf_rd_1_0/src/hls/hls_video_core.h:636 in operator<<                                                         |
| INLINE               |                                                                                                                                                                       | ../../OSDZU3_Ref_Design.gen/sources_1/bd/design_1/ip/design_1_v_frmbuf_rd_1_0/src/hls/hls_video_core.h:654 in mat<rows, cols, t>                                                 |
| INLINE               |                                                                                                                                                                       | ../../OSDZU3_Ref_Design.gen/sources_1/bd/design_1/ip/design_1_v_frmbuf_rd_1_0/src/hls/hls_video_core.h:660 in mat<rows, cols, t>                                                 |
| INLINE               |                                                                                                                                                                       | ../../OSDZU3_Ref_Design.gen/sources_1/bd/design_1/ip/design_1_v_frmbuf_rd_1_0/src/hls/hls_video_core.h:666 in mat<rows, cols, t>                                                 |
| INLINE               |                                                                                                                                                                       | ../../OSDZU3_Ref_Design.gen/sources_1/bd/design_1/ip/design_1_v_frmbuf_rd_1_0/src/hls/hls_video_core.h:672 in init                                                               |
| INLINE               |                                                                                                                                                                       | ../../OSDZU3_Ref_Design.gen/sources_1/bd/design_1/ip/design_1_v_frmbuf_rd_1_0/src/hls/hls_video_core.h:681 in assignto                                                           |
| INLINE               |                                                                                                                                                                       | ../../OSDZU3_Ref_Design.gen/sources_1/bd/design_1/ip/design_1_v_frmbuf_rd_1_0/src/hls/hls_video_core.h:688 in read                                                               |
| PROTOCOL             | floating                                                                                                                                                              | ../../OSDZU3_Ref_Design.gen/sources_1/bd/design_1/ip/design_1_v_frmbuf_rd_1_0/src/hls/hls_video_core.h:695 in read                                                               |
| UNROLL               |                                                                                                                                                                       | ../../OSDZU3_Ref_Design.gen/sources_1/bd/design_1/ip/design_1_v_frmbuf_rd_1_0/src/hls/hls_video_core.h:697 in read                                                               |
| INLINE               |                                                                                                                                                                       | ../../OSDZU3_Ref_Design.gen/sources_1/bd/design_1/ip/design_1_v_frmbuf_rd_1_0/src/hls/hls_video_core.h:706 in read                                                               |
| INLINE               |                                                                                                                                                                       | ../../OSDZU3_Ref_Design.gen/sources_1/bd/design_1/ip/design_1_v_frmbuf_rd_1_0/src/hls/hls_video_core.h:712 in write                                                              |
| AGGREGATE            | variable=data_stream                                                                                                                                                  | ../../OSDZU3_Ref_Design.gen/sources_1/bd/design_1/ip/design_1_v_frmbuf_rd_1_0/src/hls/hls_video_core.h:713 in write, data_stream                                                 |
| PROTOCOL             | floating                                                                                                                                                              | ../../OSDZU3_Ref_Design.gen/sources_1/bd/design_1/ip/design_1_v_frmbuf_rd_1_0/src/hls/hls_video_core.h:719 in write                                                              |
| UNROLL               |                                                                                                                                                                       | ../../OSDZU3_Ref_Design.gen/sources_1/bd/design_1/ip/design_1_v_frmbuf_rd_1_0/src/hls/hls_video_core.h:721 in write                                                              |
| INLINE               |                                                                                                                                                                       | ../../OSDZU3_Ref_Design.gen/sources_1/bd/design_1/ip/design_1_v_frmbuf_rd_1_0/src/hls/hls_video_core.h:729 in operator>>                                                         |
| INLINE               |                                                                                                                                                                       | ../../OSDZU3_Ref_Design.gen/sources_1/bd/design_1/ip/design_1_v_frmbuf_rd_1_0/src/hls/hls_video_core.h:735 in operator<<                                                         |
| INLINE               |                                                                                                                                                                       | ../../OSDZU3_Ref_Design.gen/sources_1/bd/design_1/ip/design_1_v_frmbuf_rd_1_0/src/hls/hls_video_core.h:741 in empty                                                              |
| UNROLL               |                                                                                                                                                                       | ../../OSDZU3_Ref_Design.gen/sources_1/bd/design_1/ip/design_1_v_frmbuf_rd_1_0/src/hls/hls_video_core.h:744 in empty                                                              |
| INLINE               |                                                                                                                                                                       | ../../OSDZU3_Ref_Design.gen/sources_1/bd/design_1/ip/design_1_v_frmbuf_rd_1_0/src/hls/hls_video_core.h:756 in type                                                               |
| INLINE               |                                                                                                                                                                       | ../../OSDZU3_Ref_Design.gen/sources_1/bd/design_1/ip/design_1_v_frmbuf_rd_1_0/src/hls/hls_video_core.h:762 in depth                                                              |
| INLINE               |                                                                                                                                                                       | ../../OSDZU3_Ref_Design.gen/sources_1/bd/design_1/ip/design_1_v_frmbuf_rd_1_0/src/hls/hls_video_core.h:767 in channels                                                           |
| INLINE               |                                                                                                                                                                       | ../../OSDZU3_Ref_Design.gen/sources_1/bd/design_1/ip/design_1_v_frmbuf_rd_1_0/src/hls/hls_video_fast.h:63 in fast_pixel_diff                                                     |
| INLINE               |                                                                                                                                                                       | ../../OSDZU3_Ref_Design.gen/sources_1/bd/design_1/ip/design_1_v_frmbuf_rd_1_0/src/hls/hls_video_fast.h:105 in corescore                                                          |
| ARRAY_PARTITION      | variable=flag_d_min2 dim=0                                                                                                                                            | ../../OSDZU3_Ref_Design.gen/sources_1/bd/design_1/ip/design_1_v_frmbuf_rd_1_0/src/hls/hls_video_fast.h:113 in corescore, flag_d_min2                                             |
| ARRAY_PARTITION      | variable=flag_d_max2 dim=0                                                                                                                                            | ../../OSDZU3_Ref_Design.gen/sources_1/bd/design_1/ip/design_1_v_frmbuf_rd_1_0/src/hls/hls_video_fast.h:114 in corescore, flag_d_max2                                             |
| ARRAY_PARTITION      | variable=flag_d_min4 dim=0                                                                                                                                            | ../../OSDZU3_Ref_Design.gen/sources_1/bd/design_1/ip/design_1_v_frmbuf_rd_1_0/src/hls/hls_video_fast.h:115 in corescore, flag_d_min4                                             |
| ARRAY_PARTITION      | variable=flag_d_max4 dim=0                                                                                                                                            | ../../OSDZU3_Ref_Design.gen/sources_1/bd/design_1/ip/design_1_v_frmbuf_rd_1_0/src/hls/hls_video_fast.h:116 in corescore, flag_d_max4                                             |
| ARRAY_PARTITION      | variable=flag_val dim=0                                                                                                                                               | ../../OSDZU3_Ref_Design.gen/sources_1/bd/design_1/ip/design_1_v_frmbuf_rd_1_0/src/hls/hls_video_fast.h:174 in fast_judge, flag_val                                               |
| ARRAY_PARTITION      | variable=flag_d dim=0                                                                                                                                                 | ../../OSDZU3_Ref_Design.gen/sources_1/bd/design_1/ip/design_1_v_frmbuf_rd_1_0/src/hls/hls_video_fast.h:175 in fast_judge, flag_d                                                 |
| INLINE               |                                                                                                                                                                       | ../../OSDZU3_Ref_Design.gen/sources_1/bd/design_1/ip/design_1_v_frmbuf_rd_1_0/src/hls/hls_video_fast.h:177 in fast_judge                                                         |
| INLINE               |                                                                                                                                                                       | ../../OSDZU3_Ref_Design.gen/sources_1/bd/design_1/ip/design_1_v_frmbuf_rd_1_0/src/hls/hls_video_fast.h:207 in fast_nonmax                                                        |
| ARRAY_PARTITION      | variable=flag_val dim=0                                                                                                                                               | ../../OSDZU3_Ref_Design.gen/sources_1/bd/design_1/ip/design_1_v_frmbuf_rd_1_0/src/hls/hls_video_fast.h:249 in fast_t_opr, flag_val                                               |
| ARRAY_PARTITION      | variable=flag_d dim=0                                                                                                                                                 | ../../OSDZU3_Ref_Design.gen/sources_1/bd/design_1/ip/design_1_v_frmbuf_rd_1_0/src/hls/hls_video_fast.h:250 in fast_t_opr, flag_d                                                 |
| LOOP_FLATTEN         | off                                                                                                                                                                   | ../../OSDZU3_Ref_Design.gen/sources_1/bd/design_1/ip/design_1_v_frmbuf_rd_1_0/src/hls/hls_video_fast.h:260 in fast_t_opr                                                         |
| PIPELINE             | ii=1                                                                                                                                                                  | ../../OSDZU3_Ref_Design.gen/sources_1/bd/design_1/ip/design_1_v_frmbuf_rd_1_0/src/hls/hls_video_fast.h:261 in fast_t_opr                                                         |
| INLINE               |                                                                                                                                                                       | ../../OSDZU3_Ref_Design.gen/sources_1/bd/design_1/ip/design_1_v_frmbuf_rd_1_0/src/hls/hls_video_fast.h:338 in fastx                                                              |
| ARRAY_PARTITION      | variable=flag_val dim=0                                                                                                                                               | ../../OSDZU3_Ref_Design.gen/sources_1/bd/design_1/ip/design_1_v_frmbuf_rd_1_0/src/hls/hls_video_fast.h:366 in fast_t_opr, flag_val                                               |
| ARRAY_PARTITION      | variable=flag_d dim=0                                                                                                                                                 | ../../OSDZU3_Ref_Design.gen/sources_1/bd/design_1/ip/design_1_v_frmbuf_rd_1_0/src/hls/hls_video_fast.h:367 in fast_t_opr, flag_d                                                 |
| LOOP_FLATTEN         | off                                                                                                                                                                   | ../../OSDZU3_Ref_Design.gen/sources_1/bd/design_1/ip/design_1_v_frmbuf_rd_1_0/src/hls/hls_video_fast.h:377 in fast_t_opr                                                         |
| PIPELINE             | ii=1                                                                                                                                                                  | ../../OSDZU3_Ref_Design.gen/sources_1/bd/design_1/ip/design_1_v_frmbuf_rd_1_0/src/hls/hls_video_fast.h:378 in fast_t_opr                                                         |
| INLINE               |                                                                                                                                                                       | ../../OSDZU3_Ref_Design.gen/sources_1/bd/design_1/ip/design_1_v_frmbuf_rd_1_0/src/hls/hls_video_fast.h:460 in fastx                                                              |
| LOOP_FLATTEN         | off                                                                                                                                                                   | ../../OSDZU3_Ref_Design.gen/sources_1/bd/design_1/ip/design_1_v_frmbuf_rd_1_0/src/hls/hls_video_fast.h:488 in paintmask                                                          |
| PIPELINE             | ii=1                                                                                                                                                                  | ../../OSDZU3_Ref_Design.gen/sources_1/bd/design_1/ip/design_1_v_frmbuf_rd_1_0/src/hls/hls_video_fast.h:489 in paintmask                                                          |
| ARRAY_PARTITION      | variable=rect complete dim=1                                                                                                                                          | ../../OSDZU3_Ref_Design.gen/sources_1/bd/design_1/ip/design_1_v_frmbuf_rd_1_0/src/hls/hls_video_haar.h:73 in haarfeature, rect                                                   |
| ARRAY_PARTITION      | variable=haar_feature complete dim=1                                                                                                                                  | ../../OSDZU3_Ref_Design.gen/sources_1/bd/design_1/ip/design_1_v_frmbuf_rd_1_0/src/hls/hls_video_haar.h:84 in haarclassifier<feature_max>, haar_feature                           |
| ARRAY_PARTITION      | variable=classifier complete dim=1                                                                                                                                    | ../../OSDZU3_Ref_Design.gen/sources_1/bd/design_1/ip/design_1_v_frmbuf_rd_1_0/src/hls/hls_video_haar.h:99 in haarstageclassifier<stage, classifier_all, feature_max>, classifier |
| INLINE               |                                                                                                                                                                       | ../../OSDZU3_Ref_Design.gen/sources_1/bd/design_1/ip/design_1_v_frmbuf_rd_1_0/src/hls/hls_video_haar.h:188 in intergral_win                                                      |
| INLINE               | off                                                                                                                                                                   | ../../OSDZU3_Ref_Design.gen/sources_1/bd/design_1/ip/design_1_v_frmbuf_rd_1_0/src/hls/hls_video_haar.h:205 in icvevalhidhaarclassifier                                           |
| FUNCTION_INSTANTIATE | variable=classifier                                                                                                                                                   | ../../OSDZU3_Ref_Design.gen/sources_1/bd/design_1/ip/design_1_v_frmbuf_rd_1_0/src/hls/hls_video_haar.h:206 in icvevalhidhaarclassifier, classifier                               |
| INLINE               |                                                                                                                                                                       | ../../OSDZU3_Ref_Design.gen/sources_1/bd/design_1/ip/design_1_v_frmbuf_rd_1_0/src/hls/hls_video_haar.h:241 in runhaarclassifiercascade                                           |
| LOOP_FLATTEN         | off                                                                                                                                                                   | ../../OSDZU3_Ref_Design.gen/sources_1/bd/design_1/ip/design_1_v_frmbuf_rd_1_0/src/hls/hls_video_haar.h:298 in haarclassifierobject_opr                                           |
| PIPELINE             |                                                                                                                                                                       | ../../OSDZU3_Ref_Design.gen/sources_1/bd/design_1/ip/design_1_v_frmbuf_rd_1_0/src/hls/hls_video_haar.h:299 in haarclassifierobject_opr                                           |
| DEPENDENCE           | array inter false                                                                                                                                                     | ../../OSDZU3_Ref_Design.gen/sources_1/bd/design_1/ip/design_1_v_frmbuf_rd_1_0/src/hls/hls_video_haar.h:300 in haarclassifierobject_opr                                           |
| EXPRESSION_BALANCE   | off                                                                                                                                                                   | ../../OSDZU3_Ref_Design.gen/sources_1/bd/design_1/ip/design_1_v_frmbuf_rd_1_0/src/hls/hls_video_haar.h:303 in haarclassifierobject_opr                                           |
| INLINE               |                                                                                                                                                                       | ../../OSDZU3_Ref_Design.gen/sources_1/bd/design_1/ip/design_1_v_frmbuf_rd_1_0/src/hls/hls_video_haar.h:412 in haarclassifierobject                                               |
| PIPELINE             |                                                                                                                                                                       | ../../OSDZU3_Ref_Design.gen/sources_1/bd/design_1/ip/design_1_v_frmbuf_rd_1_0/src/hls/hls_video_haar.h:476 in combin_mask                                                        |
| INLINE               |                                                                                                                                                                       | ../../OSDZU3_Ref_Design.gen/sources_1/bd/design_1/ip/design_1_v_frmbuf_rd_1_0/src/hls/hls_video_haar.h:517 in haarclassifierobject_group                                         |
| INLINE               |                                                                                                                                                                       | ../../OSDZU3_Ref_Design.gen/sources_1/bd/design_1/ip/design_1_v_frmbuf_rd_1_0/src/hls/hls_video_harris.h:102 in ismax                                                            |
| LOOP_TRIPCOUNT       | MAX=ROWS                                                                                                                                                              | ../../OSDZU3_Ref_Design.gen/sources_1/bd/design_1/ip/design_1_v_frmbuf_rd_1_0/src/hls/hls_video_harris.h:129 in findmax                                                          |
| DEPENDENCE           | ARRAY INTER FALSE                                                                                                                                                     | ../../OSDZU3_Ref_Design.gen/sources_1/bd/design_1/ip/design_1_v_frmbuf_rd_1_0/src/hls/hls_video_harris.h:132 in findmax                                                          |
| LOOP_TRIPCOUNT       | MAX=COLS                                                                                                                                                              | ../../OSDZU3_Ref_Design.gen/sources_1/bd/design_1/ip/design_1_v_frmbuf_rd_1_0/src/hls/hls_video_harris.h:133 in findmax                                                          |
| LOOP_FLATTEN         | off                                                                                                                                                                   | ../../OSDZU3_Ref_Design.gen/sources_1/bd/design_1/ip/design_1_v_frmbuf_rd_1_0/src/hls/hls_video_harris.h:134 in findmax                                                          |
| PIPELINE             | ii=1                                                                                                                                                                  | ../../OSDZU3_Ref_Design.gen/sources_1/bd/design_1/ip/design_1_v_frmbuf_rd_1_0/src/hls/hls_video_harris.h:135 in findmax                                                          |
| LOOP_TRIPCOUNT       | MAX=ROWS                                                                                                                                                              | ../../OSDZU3_Ref_Design.gen/sources_1/bd/design_1/ip/design_1_v_frmbuf_rd_1_0/src/hls/hls_video_harris.h:198 in calcim                                                           |
| DEPENDENCE           | ARRAY INTER FALSE                                                                                                                                                     | ../../OSDZU3_Ref_Design.gen/sources_1/bd/design_1/ip/design_1_v_frmbuf_rd_1_0/src/hls/hls_video_harris.h:201 in calcim                                                           |
| LOOP_TRIPCOUNT       | MAX=COLS                                                                                                                                                              | ../../OSDZU3_Ref_Design.gen/sources_1/bd/design_1/ip/design_1_v_frmbuf_rd_1_0/src/hls/hls_video_harris.h:202 in calcim                                                           |
| LOOP_FLATTEN         | off                                                                                                                                                                   | ../../OSDZU3_Ref_Design.gen/sources_1/bd/design_1/ip/design_1_v_frmbuf_rd_1_0/src/hls/hls_video_harris.h:203 in calcim                                                           |
| PIPELINE             | ii=1                                                                                                                                                                  | ../../OSDZU3_Ref_Design.gen/sources_1/bd/design_1/ip/design_1_v_frmbuf_rd_1_0/src/hls/hls_video_harris.h:204 in calcim                                                           |
| INLINE               |                                                                                                                                                                       | ../../OSDZU3_Ref_Design.gen/sources_1/bd/design_1/ip/design_1_v_frmbuf_rd_1_0/src/hls/hls_video_harris.h:228 in harris_opr                                                       |
| DATAFLOW             |                                                                                                                                                                       | ../../OSDZU3_Ref_Design.gen/sources_1/bd/design_1/ip/design_1_v_frmbuf_rd_1_0/src/hls/hls_video_harris.h:229 in harris_opr                                                       |
| INLINE               |                                                                                                                                                                       | ../../OSDZU3_Ref_Design.gen/sources_1/bd/design_1/ip/design_1_v_frmbuf_rd_1_0/src/hls/hls_video_harris.h:284 in cornerharris                                                     |
| INLINE               |                                                                                                                                                                       | ../../OSDZU3_Ref_Design.gen/sources_1/bd/design_1/ip/design_1_v_frmbuf_rd_1_0/src/hls/hls_video_harris.h:325 in harris                                                           |
| UNROLL               |                                                                                                                                                                       | ../../OSDZU3_Ref_Design.gen/sources_1/bd/design_1/ip/design_1_v_frmbuf_rd_1_0/src/hls/hls_video_histogram.h:78 in equalize                                                       |
| PIPELINE             |                                                                                                                                                                       | ../../OSDZU3_Ref_Design.gen/sources_1/bd/design_1/ip/design_1_v_frmbuf_rd_1_0/src/hls/hls_video_histogram.h:94 in equalize                                                       |
| LOOP_FLATTEN         | OFF                                                                                                                                                                   | ../../OSDZU3_Ref_Design.gen/sources_1/bd/design_1/ip/design_1_v_frmbuf_rd_1_0/src/hls/hls_video_histogram.h:95 in equalize                                                       |
| DEPENDENCE           | array inter false                                                                                                                                                     | ../../OSDZU3_Ref_Design.gen/sources_1/bd/design_1/ip/design_1_v_frmbuf_rd_1_0/src/hls/hls_video_histogram.h:96 in equalize                                                       |
| LATENCY              | min=0 max=1                                                                                                                                                           | ../../OSDZU3_Ref_Design.gen/sources_1/bd/design_1/ip/design_1_v_frmbuf_rd_1_0/src/hls/hls_video_histogram.h:112 in equalize                                                      |
| PIPELINE             |                                                                                                                                                                       | ../../OSDZU3_Ref_Design.gen/sources_1/bd/design_1/ip/design_1_v_frmbuf_rd_1_0/src/hls/hls_video_histogram.h:157 in equalize                                                      |
| PIPELINE             |                                                                                                                                                                       | ../../OSDZU3_Ref_Design.gen/sources_1/bd/design_1/ip/design_1_v_frmbuf_rd_1_0/src/hls/hls_video_histogram.h:168 in equalize                                                      |
| INLINE               |                                                                                                                                                                       | ../../OSDZU3_Ref_Design.gen/sources_1/bd/design_1/ip/design_1_v_frmbuf_rd_1_0/src/hls/hls_video_histogram.h:192 in equalizehist                                                  |
| ARRAY_PARTITION      | variable=addr complete dim=0                                                                                                                                          | ../../OSDZU3_Ref_Design.gen/sources_1/bd/design_1/ip/design_1_v_frmbuf_rd_1_0/src/hls/hls_video_hough.h:118 in houghpolar, addr                                                  |
| ARRAY_PARTITION      | variable=accbuf complete dim=0                                                                                                                                        | ../../OSDZU3_Ref_Design.gen/sources_1/bd/design_1/ip/design_1_v_frmbuf_rd_1_0/src/hls/hls_video_hough.h:119 in houghpolar, accbuf                                                |
| ARRAY_PARTITION      | variable=sinval complete dim=0                                                                                                                                        | ../../OSDZU3_Ref_Design.gen/sources_1/bd/design_1/ip/design_1_v_frmbuf_rd_1_0/src/hls/hls_video_hough.h:125 in houghpolar, sinval                                                |
| ARRAY_PARTITION      | variable=cosval complete dim=0                                                                                                                                        | ../../OSDZU3_Ref_Design.gen/sources_1/bd/design_1/ip/design_1_v_frmbuf_rd_1_0/src/hls/hls_video_hough.h:126 in houghpolar, cosval                                                |
| PIPELINE             |                                                                                                                                                                       | ../../OSDZU3_Ref_Design.gen/sources_1/bd/design_1/ip/design_1_v_frmbuf_rd_1_0/src/hls/hls_video_hough.h:131 in houghpolar                                                        |
| PIPELINE             |                                                                                                                                                                       | ../../OSDZU3_Ref_Design.gen/sources_1/bd/design_1/ip/design_1_v_frmbuf_rd_1_0/src/hls/hls_video_hough.h:149 in houghpolar                                                        |
| DEPENDENCE           | array inter false                                                                                                                                                     | ../../OSDZU3_Ref_Design.gen/sources_1/bd/design_1/ip/design_1_v_frmbuf_rd_1_0/src/hls/hls_video_hough.h:150 in houghpolar                                                        |
| ARRAY_PARTITION      | variable=&accum_buf complete dim=1                                                                                                                                    | ../../OSDZU3_Ref_Design.gen/sources_1/bd/design_1/ip/design_1_v_frmbuf_rd_1_0/src/hls/hls_video_hough.h:192 in sort_insert, &accum_buf                                           |
| ARRAY_PARTITION      | variable=lines_val complete dim=1                                                                                                                                     | ../../OSDZU3_Ref_Design.gen/sources_1/bd/design_1/ip/design_1_v_frmbuf_rd_1_0/src/hls/hls_video_hough.h:193 in sort_insert, lines_val                                            |
| ARRAY_PARTITION      | variable=lines complete dim=0                                                                                                                                         | ../../OSDZU3_Ref_Design.gen/sources_1/bd/design_1/ip/design_1_v_frmbuf_rd_1_0/src/hls/hls_video_hough.h:194 in sort_insert, lines                                                |
| ARRAY_PARTITION      | variable=&accum_win complete dim=0                                                                                                                                    | ../../OSDZU3_Ref_Design.gen/sources_1/bd/design_1/ip/design_1_v_frmbuf_rd_1_0/src/hls/hls_video_hough.h:195 in sort_insert, &accum_win                                           |
| ARRAY_PARTITION      | variable=lines_flag complete dim=0                                                                                                                                    | ../../OSDZU3_Ref_Design.gen/sources_1/bd/design_1/ip/design_1_v_frmbuf_rd_1_0/src/hls/hls_video_hough.h:196 in sort_insert, lines_flag                                           |
| DEPENDENCE           | array intra false                                                                                                                                                     | ../../OSDZU3_Ref_Design.gen/sources_1/bd/design_1/ip/design_1_v_frmbuf_rd_1_0/src/hls/hls_video_hough.h:212 in sort_insert                                                       |
| DEPENDENCE           | array inter false                                                                                                                                                     | ../../OSDZU3_Ref_Design.gen/sources_1/bd/design_1/ip/design_1_v_frmbuf_rd_1_0/src/hls/hls_video_hough.h:213 in sort_insert                                                       |
| PIPELINE             |                                                                                                                                                                       | ../../OSDZU3_Ref_Design.gen/sources_1/bd/design_1/ip/design_1_v_frmbuf_rd_1_0/src/hls/hls_video_hough.h:214 in sort_insert                                                       |
| ARRAY_PARTITION      | variable=_accum complete dim=1                                                                                                                                        | ../../OSDZU3_Ref_Design.gen/sources_1/bd/design_1/ip/design_1_v_frmbuf_rd_1_0/src/hls/hls_video_hough.h:334 in houghlines2, _accum                                               |
| INLINE               |                                                                                                                                                                       | ../../OSDZU3_Ref_Design.gen/sources_1/bd/design_1/ip/design_1_v_frmbuf_rd_1_0/src/hls/hls_video_imgbase.h:129 in borderinterpolate                                               |
| INLINE               |                                                                                                                                                                       | ../../OSDZU3_Ref_Design.gen/sources_1/bd/design_1/ip/design_1_v_frmbuf_rd_1_0/src/hls/hls_video_imgbase.h:175 in normalizeanchor                                                 |
| LOOP_TRIPCOUNT       | min=20 max=2000                                                                                                                                                       | ../../OSDZU3_Ref_Design.gen/sources_1/bd/design_1/ip/design_1_v_frmbuf_rd_1_0/src/hls/hls_video_imgbase.h:202 in duplicateimagen                                                 |
| LOOP_TRIPCOUNT       | min=20 max=2000                                                                                                                                                       | ../../OSDZU3_Ref_Design.gen/sources_1/bd/design_1/ip/design_1_v_frmbuf_rd_1_0/src/hls/hls_video_imgbase.h:204 in duplicateimagen                                                 |
| PIPELINE             |                                                                                                                                                                       | ../../OSDZU3_Ref_Design.gen/sources_1/bd/design_1/ip/design_1_v_frmbuf_rd_1_0/src/hls/hls_video_imgbase.h:206 in duplicateimagen                                                 |
| INLINE               |                                                                                                                                                                       | ../../OSDZU3_Ref_Design.gen/sources_1/bd/design_1/ip/design_1_v_frmbuf_rd_1_0/src/hls/hls_video_imgproc.h:166 in apply                                                           |
| INLINE               |                                                                                                                                                                       | ../../OSDZU3_Ref_Design.gen/sources_1/bd/design_1/ip/design_1_v_frmbuf_rd_1_0/src/hls/hls_video_imgproc.h:192 in apply                                                           |
| INLINE               |                                                                                                                                                                       | ../../OSDZU3_Ref_Design.gen/sources_1/bd/design_1/ip/design_1_v_frmbuf_rd_1_0/src/hls/hls_video_imgproc.h:294 in apply                                                           |
| INLINE               |                                                                                                                                                                       | ../../OSDZU3_Ref_Design.gen/sources_1/bd/design_1/ip/design_1_v_frmbuf_rd_1_0/src/hls/hls_video_imgproc.h:316 in apply                                                           |
| INLINE               |                                                                                                                                                                       | ../../OSDZU3_Ref_Design.gen/sources_1/bd/design_1/ip/design_1_v_frmbuf_rd_1_0/src/hls/hls_video_imgproc.h:330 in getstructuringelement                                           |
| INLINE               |                                                                                                                                                                       | ../../OSDZU3_Ref_Design.gen/sources_1/bd/design_1/ip/design_1_v_frmbuf_rd_1_0/src/hls/hls_video_imgproc.h:387 in fill_pixelkernel                                                |
| INLINE               |                                                                                                                                                                       | ../../OSDZU3_Ref_Design.gen/sources_1/bd/design_1/ip/design_1_v_frmbuf_rd_1_0/src/hls/hls_video_imgproc.h:410 in filter                                                          |
| ARRAY_PARTITION      | variable=col_buf complete dim=0                                                                                                                                       | ../../OSDZU3_Ref_Design.gen/sources_1/bd/design_1/ip/design_1_v_frmbuf_rd_1_0/src/hls/hls_video_imgproc.h:427 in filter, col_buf                                                 |
| ARRAY_PARTITION      | variable=&kernel complete dim=0                                                                                                                                       | ../../OSDZU3_Ref_Design.gen/sources_1/bd/design_1/ip/design_1_v_frmbuf_rd_1_0/src/hls/hls_video_imgproc.h:428 in filter, &kernel                                                 |
| ARRAY_PARTITION      | variable=src_kernel_win complete dim=0                                                                                                                                | ../../OSDZU3_Ref_Design.gen/sources_1/bd/design_1/ip/design_1_v_frmbuf_rd_1_0/src/hls/hls_video_imgproc.h:429 in filter, src_kernel_win                                          |
| ARRAY_PARTITION      | variable=k_buf complete dim=1                                                                                                                                         | ../../OSDZU3_Ref_Design.gen/sources_1/bd/design_1/ip/design_1_v_frmbuf_rd_1_0/src/hls/hls_video_imgproc.h:430 in filter, k_buf                                                   |
| ARRAY_PARTITION      | variable=right_border_buf complete dim=0                                                                                                                              | ../../OSDZU3_Ref_Design.gen/sources_1/bd/design_1/ip/design_1_v_frmbuf_rd_1_0/src/hls/hls_video_imgproc.h:431 in filter, right_border_buf                                        |
| DEPENDENCE           | array inter false                                                                                                                                                     | ../../OSDZU3_Ref_Design.gen/sources_1/bd/design_1/ip/design_1_v_frmbuf_rd_1_0/src/hls/hls_video_imgproc.h:461 in filter                                                          |
| LOOP_FLATTEN         | OFF                                                                                                                                                                   | ../../OSDZU3_Ref_Design.gen/sources_1/bd/design_1/ip/design_1_v_frmbuf_rd_1_0/src/hls/hls_video_imgproc.h:462 in filter                                                          |
| PIPELINE             |                                                                                                                                                                       | ../../OSDZU3_Ref_Design.gen/sources_1/bd/design_1/ip/design_1_v_frmbuf_rd_1_0/src/hls/hls_video_imgproc.h:463 in filter                                                          |
| INLINE               |                                                                                                                                                                       | ../../OSDZU3_Ref_Design.gen/sources_1/bd/design_1/ip/design_1_v_frmbuf_rd_1_0/src/hls/hls_video_imgproc.h:541 in get_parameters                                                  |
| INLINE               |                                                                                                                                                                       | ../../OSDZU3_Ref_Design.gen/sources_1/bd/design_1/ip/design_1_v_frmbuf_rd_1_0/src/hls/hls_video_imgproc.h:603 in filter                                                          |
| ARRAY_PARTITION      | variable=&kernel complete dim=0                                                                                                                                       | ../../OSDZU3_Ref_Design.gen/sources_1/bd/design_1/ip/design_1_v_frmbuf_rd_1_0/src/hls/hls_video_imgproc.h:612 in filter, &kernel                                                 |
| ARRAY_PARTITION      | variable=src_kernel_win complete dim=0                                                                                                                                | ../../OSDZU3_Ref_Design.gen/sources_1/bd/design_1/ip/design_1_v_frmbuf_rd_1_0/src/hls/hls_video_imgproc.h:613 in filter, src_kernel_win                                          |
| ARRAY_PARTITION      | variable=k_buf complete dim=1                                                                                                                                         | ../../OSDZU3_Ref_Design.gen/sources_1/bd/design_1/ip/design_1_v_frmbuf_rd_1_0/src/hls/hls_video_imgproc.h:614 in filter, k_buf                                                   |
| ARRAY_PARTITION      | variable=col_buf complete dim=0                                                                                                                                       | ../../OSDZU3_Ref_Design.gen/sources_1/bd/design_1/ip/design_1_v_frmbuf_rd_1_0/src/hls/hls_video_imgproc.h:615 in filter, col_buf                                                 |
| LOOP_FLATTEN         | OFF                                                                                                                                                                   | ../../OSDZU3_Ref_Design.gen/sources_1/bd/design_1/ip/design_1_v_frmbuf_rd_1_0/src/hls/hls_video_imgproc.h:642 in filter                                                          |
| PIPELINE             |                                                                                                                                                                       | ../../OSDZU3_Ref_Design.gen/sources_1/bd/design_1/ip/design_1_v_frmbuf_rd_1_0/src/hls/hls_video_imgproc.h:643 in filter                                                          |
| ARRAY_PARTITION      | variable=col_buf complete dim=0                                                                                                                                       | ../../OSDZU3_Ref_Design.gen/sources_1/bd/design_1/ip/design_1_v_frmbuf_rd_1_0/src/hls/hls_video_imgproc.h:730 in column_filter, col_buf                                          |
| ARRAY_PARTITION      | variable=&kernelY complete dim=0                                                                                                                                      | ../../OSDZU3_Ref_Design.gen/sources_1/bd/design_1/ip/design_1_v_frmbuf_rd_1_0/src/hls/hls_video_imgproc.h:731 in column_filter, &kernelY                                         |
| ARRAY_PARTITION      | variable=src_kernel_winY complete dim=0                                                                                                                               | ../../OSDZU3_Ref_Design.gen/sources_1/bd/design_1/ip/design_1_v_frmbuf_rd_1_0/src/hls/hls_video_imgproc.h:732 in column_filter, src_kernel_winY                                  |
| ARRAY_PARTITION      | variable=k_buf complete dim=1                                                                                                                                         | ../../OSDZU3_Ref_Design.gen/sources_1/bd/design_1/ip/design_1_v_frmbuf_rd_1_0/src/hls/hls_video_imgproc.h:733 in column_filter, k_buf                                            |
| DEPENDENCE           | array inter false                                                                                                                                                     | ../../OSDZU3_Ref_Design.gen/sources_1/bd/design_1/ip/design_1_v_frmbuf_rd_1_0/src/hls/hls_video_imgproc.h:776 in column_filter                                                   |
| LOOP_FLATTEN         | OFF                                                                                                                                                                   | ../../OSDZU3_Ref_Design.gen/sources_1/bd/design_1/ip/design_1_v_frmbuf_rd_1_0/src/hls/hls_video_imgproc.h:777 in column_filter                                                   |
| PIPELINE             |                                                                                                                                                                       | ../../OSDZU3_Ref_Design.gen/sources_1/bd/design_1/ip/design_1_v_frmbuf_rd_1_0/src/hls/hls_video_imgproc.h:778 in column_filter                                                   |
| ARRAY_PARTITION      | variable=&kernelX complete dim=0                                                                                                                                      | ../../OSDZU3_Ref_Design.gen/sources_1/bd/design_1/ip/design_1_v_frmbuf_rd_1_0/src/hls/hls_video_imgproc.h:864 in row_filter, &kernelX                                            |
| ARRAY_PARTITION      | variable=src_kernel_winX complete dim=0                                                                                                                               | ../../OSDZU3_Ref_Design.gen/sources_1/bd/design_1/ip/design_1_v_frmbuf_rd_1_0/src/hls/hls_video_imgproc.h:865 in row_filter, src_kernel_winX                                     |
| ARRAY_PARTITION      | variable=src_kernel_winX_temp complete dim=0                                                                                                                          | ../../OSDZU3_Ref_Design.gen/sources_1/bd/design_1/ip/design_1_v_frmbuf_rd_1_0/src/hls/hls_video_imgproc.h:866 in row_filter, src_kernel_winX_temp                                |
| ARRAY_PARTITION      | variable=row_buf complete dim=0                                                                                                                                       | ../../OSDZU3_Ref_Design.gen/sources_1/bd/design_1/ip/design_1_v_frmbuf_rd_1_0/src/hls/hls_video_imgproc.h:867 in row_filter, row_buf                                             |
| ARRAY_PARTITION      | variable=l_border_buf complete dim=1                                                                                                                                  | ../../OSDZU3_Ref_Design.gen/sources_1/bd/design_1/ip/design_1_v_frmbuf_rd_1_0/src/hls/hls_video_imgproc.h:868 in row_filter, l_border_buf                                        |
| ARRAY_PARTITION      | variable=r_border_buf complete dim=1                                                                                                                                  | ../../OSDZU3_Ref_Design.gen/sources_1/bd/design_1/ip/design_1_v_frmbuf_rd_1_0/src/hls/hls_video_imgproc.h:869 in row_filter, r_border_buf                                        |
| DEPENDENCE           | array inter false                                                                                                                                                     | ../../OSDZU3_Ref_Design.gen/sources_1/bd/design_1/ip/design_1_v_frmbuf_rd_1_0/src/hls/hls_video_imgproc.h:925 in row_filter                                                      |
| LOOP_FLATTEN         | OFF                                                                                                                                                                   | ../../OSDZU3_Ref_Design.gen/sources_1/bd/design_1/ip/design_1_v_frmbuf_rd_1_0/src/hls/hls_video_imgproc.h:926 in row_filter                                                      |
| PIPELINE             |                                                                                                                                                                       | ../../OSDZU3_Ref_Design.gen/sources_1/bd/design_1/ip/design_1_v_frmbuf_rd_1_0/src/hls/hls_video_imgproc.h:927 in row_filter                                                      |
| INLINE               |                                                                                                                                                                       | ../../OSDZU3_Ref_Design.gen/sources_1/bd/design_1/ip/design_1_v_frmbuf_rd_1_0/src/hls/hls_video_imgproc.h:993 in filter                                                          |
| DATAFLOW             |                                                                                                                                                                       | ../../OSDZU3_Ref_Design.gen/sources_1/bd/design_1/ip/design_1_v_frmbuf_rd_1_0/src/hls/hls_video_imgproc.h:994 in filter                                                          |
| INLINE               |                                                                                                                                                                       | ../../OSDZU3_Ref_Design.gen/sources_1/bd/design_1/ip/design_1_v_frmbuf_rd_1_0/src/hls/hls_video_imgproc.h:1016 in filter                                                         |
| INLINE               |                                                                                                                                                                       | ../../OSDZU3_Ref_Design.gen/sources_1/bd/design_1/ip/design_1_v_frmbuf_rd_1_0/src/hls/hls_video_imgproc.h:1037 in filter                                                         |
| ARRAY_PARTITION      | variable=&kernelX complete dim=0                                                                                                                                      | ../../OSDZU3_Ref_Design.gen/sources_1/bd/design_1/ip/design_1_v_frmbuf_rd_1_0/src/hls/hls_video_imgproc.h:1048 in filter, &kernelX                                               |
| ARRAY_PARTITION      | variable=&kernelY complete dim=0                                                                                                                                      | ../../OSDZU3_Ref_Design.gen/sources_1/bd/design_1/ip/design_1_v_frmbuf_rd_1_0/src/hls/hls_video_imgproc.h:1049 in filter, &kernelY                                               |
| ARRAY_PARTITION      | variable=src_kernel_winX complete dim=0                                                                                                                               | ../../OSDZU3_Ref_Design.gen/sources_1/bd/design_1/ip/design_1_v_frmbuf_rd_1_0/src/hls/hls_video_imgproc.h:1050 in filter, src_kernel_winX                                        |
| ARRAY_PARTITION      | variable=src_kernel_winX_temp complete dim=0                                                                                                                          | ../../OSDZU3_Ref_Design.gen/sources_1/bd/design_1/ip/design_1_v_frmbuf_rd_1_0/src/hls/hls_video_imgproc.h:1051 in filter, src_kernel_winX_temp                                   |
| ARRAY_PARTITION      | variable=src_kernel_winY complete dim=0                                                                                                                               | ../../OSDZU3_Ref_Design.gen/sources_1/bd/design_1/ip/design_1_v_frmbuf_rd_1_0/src/hls/hls_video_imgproc.h:1052 in filter, src_kernel_winY                                        |
| ARRAY_PARTITION      | variable=k_buf complete dim=1                                                                                                                                         | ../../OSDZU3_Ref_Design.gen/sources_1/bd/design_1/ip/design_1_v_frmbuf_rd_1_0/src/hls/hls_video_imgproc.h:1053 in filter, k_buf                                                  |
| LOOP_FLATTEN         | OFF                                                                                                                                                                   | ../../OSDZU3_Ref_Design.gen/sources_1/bd/design_1/ip/design_1_v_frmbuf_rd_1_0/src/hls/hls_video_imgproc.h:1074 in filter                                                         |
| PIPELINE             |                                                                                                                                                                       | ../../OSDZU3_Ref_Design.gen/sources_1/bd/design_1/ip/design_1_v_frmbuf_rd_1_0/src/hls/hls_video_imgproc.h:1075 in filter                                                         |
| INLINE               |                                                                                                                                                                       | ../../OSDZU3_Ref_Design.gen/sources_1/bd/design_1/ip/design_1_v_frmbuf_rd_1_0/src/hls/hls_video_imgproc.h:1144 in filter                                                         |
| DATAFLOW             |                                                                                                                                                                       | ../../OSDZU3_Ref_Design.gen/sources_1/bd/design_1/ip/design_1_v_frmbuf_rd_1_0/src/hls/hls_video_imgproc.h:1171 in filter_opr_iter                                                |
| ARRAY_PARTITION      | dim=1 type=complete variable=internal                                                                                                                                 | ../../OSDZU3_Ref_Design.gen/sources_1/bd/design_1/ip/design_1_v_frmbuf_rd_1_0/src/hls/hls_video_imgproc.h:1173 in filter_opr_iter, internal                                      |
| UNROLL               |                                                                                                                                                                       | ../../OSDZU3_Ref_Design.gen/sources_1/bd/design_1/ip/design_1_v_frmbuf_rd_1_0/src/hls/hls_video_imgproc.h:1177 in filter_opr_iter                                                |
| INLINE               |                                                                                                                                                                       | ../../OSDZU3_Ref_Design.gen/sources_1/bd/design_1/ip/design_1_v_frmbuf_rd_1_0/src/hls/hls_video_imgproc.h:1188 in morp_opr                                                       |
| INLINE               |                                                                                                                                                                       | ../../OSDZU3_Ref_Design.gen/sources_1/bd/design_1/ip/design_1_v_frmbuf_rd_1_0/src/hls/hls_video_imgproc.h:1210 in morp_opr                                                       |
| INLINE               |                                                                                                                                                                       | ../../OSDZU3_Ref_Design.gen/sources_1/bd/design_1/ip/design_1_v_frmbuf_rd_1_0/src/hls/hls_video_imgproc.h:1255 in erode                                                          |
| INLINE               |                                                                                                                                                                       | ../../OSDZU3_Ref_Design.gen/sources_1/bd/design_1/ip/design_1_v_frmbuf_rd_1_0/src/hls/hls_video_imgproc.h:1282 in dilate                                                         |
| INLINE               |                                                                                                                                                                       | ../../OSDZU3_Ref_Design.gen/sources_1/bd/design_1/ip/design_1_v_frmbuf_rd_1_0/src/hls/hls_video_imgproc.h:1507 in convert                                                        |
| INLINE               |                                                                                                                                                                       | ../../OSDZU3_Ref_Design.gen/sources_1/bd/design_1/ip/design_1_v_frmbuf_rd_1_0/src/hls/hls_video_imgproc.h:1523 in max                                                            |
| INLINE               |                                                                                                                                                                       | ../../OSDZU3_Ref_Design.gen/sources_1/bd/design_1/ip/design_1_v_frmbuf_rd_1_0/src/hls/hls_video_imgproc.h:1532 in min                                                            |
| INLINE               |                                                                                                                                                                       | ../../OSDZU3_Ref_Design.gen/sources_1/bd/design_1/ip/design_1_v_frmbuf_rd_1_0/src/hls/hls_video_imgproc.h:1569 in apply                                                          |
| INLINE               |                                                                                                                                                                       | ../../OSDZU3_Ref_Design.gen/sources_1/bd/design_1/ip/design_1_v_frmbuf_rd_1_0/src/hls/hls_video_imgproc.h:1580 in apply                                                          |
| INLINE               |                                                                                                                                                                       | ../../OSDZU3_Ref_Design.gen/sources_1/bd/design_1/ip/design_1_v_frmbuf_rd_1_0/src/hls/hls_video_imgproc.h:1721 in apply                                                          |
| INLINE               |                                                                                                                                                                       | ../../OSDZU3_Ref_Design.gen/sources_1/bd/design_1/ip/design_1_v_frmbuf_rd_1_0/src/hls/hls_video_imgproc.h:1786 in apply                                                          |
| ARRAY_PARTITION      | variable=tab dim=0 complete                                                                                                                                           | ../../OSDZU3_Ref_Design.gen/sources_1/bd/design_1/ip/design_1_v_frmbuf_rd_1_0/src/hls/hls_video_imgproc.h:1797 in apply, tab                                                     |
| INLINE               |                                                                                                                                                                       | ../../OSDZU3_Ref_Design.gen/sources_1/bd/design_1/ip/design_1_v_frmbuf_rd_1_0/src/hls/hls_video_imgproc.h:1836 in apply                                                          |
| INLINE               |                                                                                                                                                                       | ../../OSDZU3_Ref_Design.gen/sources_1/bd/design_1/ip/design_1_v_frmbuf_rd_1_0/src/hls/hls_video_imgproc.h:1919 in apply                                                          |
| ARRAY_PARTITION      | variable=tab dim=0 complete                                                                                                                                           | ../../OSDZU3_Ref_Design.gen/sources_1/bd/design_1/ip/design_1_v_frmbuf_rd_1_0/src/hls/hls_video_imgproc.h:1930 in apply, tab                                                     |
| LOOP_FLATTEN         | OFF                                                                                                                                                                   | ../../OSDZU3_Ref_Design.gen/sources_1/bd/design_1/ip/design_1_v_frmbuf_rd_1_0/src/hls/hls_video_imgproc.h:1985 in cvtcolor                                                       |
| PIPELINE             |                                                                                                                                                                       | ../../OSDZU3_Ref_Design.gen/sources_1/bd/design_1/ip/design_1_v_frmbuf_rd_1_0/src/hls/hls_video_imgproc.h:1986 in cvtcolor                                                       |
| LOOP_FLATTEN         | OFF                                                                                                                                                                   | ../../OSDZU3_Ref_Design.gen/sources_1/bd/design_1/ip/design_1_v_frmbuf_rd_1_0/src/hls/hls_video_imgproc.h:2012 in integral                                                       |
| PIPELINE             |                                                                                                                                                                       | ../../OSDZU3_Ref_Design.gen/sources_1/bd/design_1/ip/design_1_v_frmbuf_rd_1_0/src/hls/hls_video_imgproc.h:2013 in integral                                                       |
| LOOP_FLATTEN         | OFF                                                                                                                                                                   | ../../OSDZU3_Ref_Design.gen/sources_1/bd/design_1/ip/design_1_v_frmbuf_rd_1_0/src/hls/hls_video_imgproc.h:2052 in integral                                                       |
| PIPELINE             |                                                                                                                                                                       | ../../OSDZU3_Ref_Design.gen/sources_1/bd/design_1/ip/design_1_v_frmbuf_rd_1_0/src/hls/hls_video_imgproc.h:2053 in integral                                                       |
| INLINE               | off                                                                                                                                                                   | ../../OSDZU3_Ref_Design.gen/sources_1/bd/design_1/ip/design_1_v_frmbuf_rd_1_0/src/hls/hls_video_imgproc.h:2089 in init_scale_coefficients                                        |
| INLINE               |                                                                                                                                                                       | ../../OSDZU3_Ref_Design.gen/sources_1/bd/design_1/ip/design_1_v_frmbuf_rd_1_0/src/hls/hls_video_imgproc.h:2120 in scale_operator                                                 |
| ARRAY_PARTITION      | variable= temp_in dim=0 complete                                                                                                                                      | ../../OSDZU3_Ref_Design.gen/sources_1/bd/design_1/ip/design_1_v_frmbuf_rd_1_0/src/hls/hls_video_imgproc.h:2160 in resize_opr_bicubic                                             |
| ARRAY_PARTITION      | variable= temp_out dim=0 complete                                                                                                                                     | ../../OSDZU3_Ref_Design.gen/sources_1/bd/design_1/ip/design_1_v_frmbuf_rd_1_0/src/hls/hls_video_imgproc.h:2161 in resize_opr_bicubic                                             |
| ARRAY_PARTITION      | variable= h_fir dim=0 complete                                                                                                                                        | ../../OSDZU3_Ref_Design.gen/sources_1/bd/design_1/ip/design_1_v_frmbuf_rd_1_0/src/hls/hls_video_imgproc.h:2162 in resize_opr_bicubic                                             |
| ARRAY_PARTITION      | variable= v_fir dim=0 complete                                                                                                                                        | ../../OSDZU3_Ref_Design.gen/sources_1/bd/design_1/ip/design_1_v_frmbuf_rd_1_0/src/hls/hls_video_imgproc.h:2163 in resize_opr_bicubic                                             |
| ARRAY_PARTITION      | variable=hcoeffs dim=2 complete                                                                                                                                       | ../../OSDZU3_Ref_Design.gen/sources_1/bd/design_1/ip/design_1_v_frmbuf_rd_1_0/src/hls/hls_video_imgproc.h:2164 in resize_opr_bicubic, hcoeffs                                    |
| ARRAY_PARTITION      | variable=vcoeffs dim=2 complete                                                                                                                                       | ../../OSDZU3_Ref_Design.gen/sources_1/bd/design_1/ip/design_1_v_frmbuf_rd_1_0/src/hls/hls_video_imgproc.h:2165 in resize_opr_bicubic, vcoeffs                                    |
| PIPELINE             |                                                                                                                                                                       | ../../OSDZU3_Ref_Design.gen/sources_1/bd/design_1/ip/design_1_v_frmbuf_rd_1_0/src/hls/hls_video_imgproc.h:2187 in resize_opr_bicubic                                             |
| LOOP_FLATTEN         | off                                                                                                                                                                   | ../../OSDZU3_Ref_Design.gen/sources_1/bd/design_1/ip/design_1_v_frmbuf_rd_1_0/src/hls/hls_video_imgproc.h:2188 in resize_opr_bicubic                                             |
| DEPENDENCE           | array inter false                                                                                                                                                     | ../../OSDZU3_Ref_Design.gen/sources_1/bd/design_1/ip/design_1_v_frmbuf_rd_1_0/src/hls/hls_video_imgproc.h:2189 in resize_opr_bicubic                                             |
| LOOP_FLATTEN         | OFF                                                                                                                                                                   | ../../OSDZU3_Ref_Design.gen/sources_1/bd/design_1/ip/design_1_v_frmbuf_rd_1_0/src/hls/hls_video_imgproc.h:2331 in resize_opr_linear                                              |
| DEPENDENCE           | array inter false                                                                                                                                                     | ../../OSDZU3_Ref_Design.gen/sources_1/bd/design_1/ip/design_1_v_frmbuf_rd_1_0/src/hls/hls_video_imgproc.h:2332 in resize_opr_linear                                              |
| PIPELINE             |                                                                                                                                                                       | ../../OSDZU3_Ref_Design.gen/sources_1/bd/design_1/ip/design_1_v_frmbuf_rd_1_0/src/hls/hls_video_imgproc.h:2333 in resize_opr_linear                                              |
| LOOP_FLATTEN         | OFF                                                                                                                                                                   | ../../OSDZU3_Ref_Design.gen/sources_1/bd/design_1/ip/design_1_v_frmbuf_rd_1_0/src/hls/hls_video_imgproc.h:2515 in convertscale                                                   |
| PIPELINE             |                                                                                                                                                                       | ../../OSDZU3_Ref_Design.gen/sources_1/bd/design_1/ip/design_1_v_frmbuf_rd_1_0/src/hls/hls_video_imgproc.h:2516 in convertscale                                                   |
| LOOP_FLATTEN         | OFF                                                                                                                                                                   | ../../OSDZU3_Ref_Design.gen/sources_1/bd/design_1/ip/design_1_v_frmbuf_rd_1_0/src/hls/hls_video_imgproc.h:2544 in convertscaleabs                                                |
| PIPELINE             |                                                                                                                                                                       | ../../OSDZU3_Ref_Design.gen/sources_1/bd/design_1/ip/design_1_v_frmbuf_rd_1_0/src/hls/hls_video_imgproc.h:2545 in convertscaleabs                                                |
| INLINE               | off                                                                                                                                                                   | ../../OSDZU3_Ref_Design.gen/sources_1/bd/design_1/ip/design_1_v_frmbuf_rd_1_0/src/hls/hls_video_imgproc.h:2653 in getgaussiankernel                                              |
| INLINE               |                                                                                                                                                                       | ../../OSDZU3_Ref_Design.gen/sources_1/bd/design_1/ip/design_1_v_frmbuf_rd_1_0/src/hls/hls_video_imgproc.h:2790 in pyrup_opr                                                      |
| ARRAY_PARTITION      | variable=col_buf complete dim=0                                                                                                                                       | ../../OSDZU3_Ref_Design.gen/sources_1/bd/design_1/ip/design_1_v_frmbuf_rd_1_0/src/hls/hls_video_imgproc.h:2801 in pyrup_opr, col_buf                                             |
| ARRAY_PARTITION      | variable=&kernel complete dim=0                                                                                                                                       | ../../OSDZU3_Ref_Design.gen/sources_1/bd/design_1/ip/design_1_v_frmbuf_rd_1_0/src/hls/hls_video_imgproc.h:2802 in pyrup_opr, &kernel                                             |
| ARRAY_PARTITION      | variable=src_kernel_win complete dim=0                                                                                                                                | ../../OSDZU3_Ref_Design.gen/sources_1/bd/design_1/ip/design_1_v_frmbuf_rd_1_0/src/hls/hls_video_imgproc.h:2803 in pyrup_opr, src_kernel_win                                      |
| ARRAY_PARTITION      | variable=k_buf complete dim=1                                                                                                                                         | ../../OSDZU3_Ref_Design.gen/sources_1/bd/design_1/ip/design_1_v_frmbuf_rd_1_0/src/hls/hls_video_imgproc.h:2804 in pyrup_opr, k_buf                                               |
| ARRAY_PARTITION      | variable=right_border_buf complete dim=0                                                                                                                              | ../../OSDZU3_Ref_Design.gen/sources_1/bd/design_1/ip/design_1_v_frmbuf_rd_1_0/src/hls/hls_video_imgproc.h:2805 in pyrup_opr, right_border_buf                                    |
| LOOP_FLATTEN         | OFF                                                                                                                                                                   | ../../OSDZU3_Ref_Design.gen/sources_1/bd/design_1/ip/design_1_v_frmbuf_rd_1_0/src/hls/hls_video_imgproc.h:2817 in pyrup_opr                                                      |
| DEPENDENCE           | array inter false                                                                                                                                                     | ../../OSDZU3_Ref_Design.gen/sources_1/bd/design_1/ip/design_1_v_frmbuf_rd_1_0/src/hls/hls_video_imgproc.h:2818 in pyrup_opr                                                      |
| PIPELINE             |                                                                                                                                                                       | ../../OSDZU3_Ref_Design.gen/sources_1/bd/design_1/ip/design_1_v_frmbuf_rd_1_0/src/hls/hls_video_imgproc.h:2819 in pyrup_opr                                                      |
| INLINE               |                                                                                                                                                                       | ../../OSDZU3_Ref_Design.gen/sources_1/bd/design_1/ip/design_1_v_frmbuf_rd_1_0/src/hls/hls_video_imgproc.h:2986 in pyrdown_opr                                                    |
| ARRAY_PARTITION      | variable=col_buf complete dim=0                                                                                                                                       | ../../OSDZU3_Ref_Design.gen/sources_1/bd/design_1/ip/design_1_v_frmbuf_rd_1_0/src/hls/hls_video_imgproc.h:2997 in pyrdown_opr, col_buf                                           |
| ARRAY_PARTITION      | variable=&kernel complete dim=0                                                                                                                                       | ../../OSDZU3_Ref_Design.gen/sources_1/bd/design_1/ip/design_1_v_frmbuf_rd_1_0/src/hls/hls_video_imgproc.h:2998 in pyrdown_opr, &kernel                                           |
| ARRAY_PARTITION      | variable=src_kernel_win complete dim=0                                                                                                                                | ../../OSDZU3_Ref_Design.gen/sources_1/bd/design_1/ip/design_1_v_frmbuf_rd_1_0/src/hls/hls_video_imgproc.h:2999 in pyrdown_opr, src_kernel_win                                    |
| ARRAY_PARTITION      | variable=k_buf complete dim=1                                                                                                                                         | ../../OSDZU3_Ref_Design.gen/sources_1/bd/design_1/ip/design_1_v_frmbuf_rd_1_0/src/hls/hls_video_imgproc.h:3000 in pyrdown_opr, k_buf                                             |
| ARRAY_PARTITION      | variable=right_border_buf complete dim=0                                                                                                                              | ../../OSDZU3_Ref_Design.gen/sources_1/bd/design_1/ip/design_1_v_frmbuf_rd_1_0/src/hls/hls_video_imgproc.h:3001 in pyrdown_opr, right_border_buf                                  |
| LOOP_FLATTEN         | OFF                                                                                                                                                                   | ../../OSDZU3_Ref_Design.gen/sources_1/bd/design_1/ip/design_1_v_frmbuf_rd_1_0/src/hls/hls_video_imgproc.h:3018 in pyrdown_opr                                                    |
| DEPENDENCE           | array inter false                                                                                                                                                     | ../../OSDZU3_Ref_Design.gen/sources_1/bd/design_1/ip/design_1_v_frmbuf_rd_1_0/src/hls/hls_video_imgproc.h:3019 in pyrdown_opr                                                    |
| PIPELINE             |                                                                                                                                                                       | ../../OSDZU3_Ref_Design.gen/sources_1/bd/design_1/ip/design_1_v_frmbuf_rd_1_0/src/hls/hls_video_imgproc.h:3020 in pyrdown_opr                                                    |
| PIPELINE             | ii=1                                                                                                                                                                  | ../../OSDZU3_Ref_Design.gen/sources_1/bd/design_1/ip/design_1_v_frmbuf_rd_1_0/src/hls/hls_video_io.h:80 in axivideo2mat                                                          |
| LOOP_TRIPCOUNT       | avg=0 max=0                                                                                                                                                           | ../../OSDZU3_Ref_Design.gen/sources_1/bd/design_1/ip/design_1_v_frmbuf_rd_1_0/src/hls/hls_video_io.h:81 in axivideo2mat                                                          |
| LOOP_FLATTEN         | off                                                                                                                                                                   | ../../OSDZU3_Ref_Design.gen/sources_1/bd/design_1/ip/design_1_v_frmbuf_rd_1_0/src/hls/hls_video_io.h:88 in axivideo2mat                                                          |
| PIPELINE             | ii=1                                                                                                                                                                  | ../../OSDZU3_Ref_Design.gen/sources_1/bd/design_1/ip/design_1_v_frmbuf_rd_1_0/src/hls/hls_video_io.h:89 in axivideo2mat                                                          |
| PIPELINE             | ii=1                                                                                                                                                                  | ../../OSDZU3_Ref_Design.gen/sources_1/bd/design_1/ip/design_1_v_frmbuf_rd_1_0/src/hls/hls_video_io.h:111 in axivideo2mat                                                         |
| LOOP_TRIPCOUNT       | avg=0 max=0                                                                                                                                                           | ../../OSDZU3_Ref_Design.gen/sources_1/bd/design_1/ip/design_1_v_frmbuf_rd_1_0/src/hls/hls_video_io.h:112 in axivideo2mat                                                         |
| LOOP_FLATTEN         | off                                                                                                                                                                   | ../../OSDZU3_Ref_Design.gen/sources_1/bd/design_1/ip/design_1_v_frmbuf_rd_1_0/src/hls/hls_video_io.h:141 in mat2axivideo                                                         |
| PIPELINE             | ii=1                                                                                                                                                                  | ../../OSDZU3_Ref_Design.gen/sources_1/bd/design_1/ip/design_1_v_frmbuf_rd_1_0/src/hls/hls_video_io.h:142 in mat2axivideo                                                         |
| LOOP_FLATTEN         | off                                                                                                                                                                   | ../../OSDZU3_Ref_Design.gen/sources_1/bd/design_1/ip/design_1_v_frmbuf_rd_1_0/src/hls/hls_video_io.h:190 in array2mat                                                            |
| PIPELINE             | ii=1                                                                                                                                                                  | ../../OSDZU3_Ref_Design.gen/sources_1/bd/design_1/ip/design_1_v_frmbuf_rd_1_0/src/hls/hls_video_io.h:191 in array2mat                                                            |
| UNROLL               |                                                                                                                                                                       | ../../OSDZU3_Ref_Design.gen/sources_1/bd/design_1/ip/design_1_v_frmbuf_rd_1_0/src/hls/hls_video_io.h:197 in array2mat                                                            |
| LOOP_FLATTEN         | off                                                                                                                                                                   | ../../OSDZU3_Ref_Design.gen/sources_1/bd/design_1/ip/design_1_v_frmbuf_rd_1_0/src/hls/hls_video_io.h:256 in mat2array                                                            |
| PIPELINE             | ii=1                                                                                                                                                                  | ../../OSDZU3_Ref_Design.gen/sources_1/bd/design_1/ip/design_1_v_frmbuf_rd_1_0/src/hls/hls_video_io.h:257 in mat2array                                                            |
| UNROLL               |                                                                                                                                                                       | ../../OSDZU3_Ref_Design.gen/sources_1/bd/design_1/ip/design_1_v_frmbuf_rd_1_0/src/hls/hls_video_io.h:262 in mat2array                                                            |
| ARRAY_PARTITION      | variable=val dim=1 complete                                                                                                                                           | ../../OSDZU3_Ref_Design.gen/sources_1/bd/design_1/ip/design_1_v_frmbuf_rd_1_0/src/hls/hls_video_mem.h:66 in window<rows, cols, t>, val                                           |
| ARRAY_PARTITION      | variable=val dim=2 complete                                                                                                                                           | ../../OSDZU3_Ref_Design.gen/sources_1/bd/design_1/ip/design_1_v_frmbuf_rd_1_0/src/hls/hls_video_mem.h:67 in window<rows, cols, t>, val                                           |
| INLINE               |                                                                                                                                                                       | ../../OSDZU3_Ref_Design.gen/sources_1/bd/design_1/ip/design_1_v_frmbuf_rd_1_0/src/hls/hls_video_mem.h:128 in shift_pixels_left                                                   |
| UNROLL               |                                                                                                                                                                       | ../../OSDZU3_Ref_Design.gen/sources_1/bd/design_1/ip/design_1_v_frmbuf_rd_1_0/src/hls/hls_video_mem.h:138 in shift_pixels_left                                                   |
| UNROLL               |                                                                                                                                                                       | ../../OSDZU3_Ref_Design.gen/sources_1/bd/design_1/ip/design_1_v_frmbuf_rd_1_0/src/hls/hls_video_mem.h:140 in shift_pixels_left                                                   |
| INLINE               |                                                                                                                                                                       | ../../OSDZU3_Ref_Design.gen/sources_1/bd/design_1/ip/design_1_v_frmbuf_rd_1_0/src/hls/hls_video_mem.h:166 in shift_pixels_right                                                  |
| UNROLL               |                                                                                                                                                                       | ../../OSDZU3_Ref_Design.gen/sources_1/bd/design_1/ip/design_1_v_frmbuf_rd_1_0/src/hls/hls_video_mem.h:176 in shift_pixels_right                                                  |
| UNROLL               |                                                                                                                                                                       | ../../OSDZU3_Ref_Design.gen/sources_1/bd/design_1/ip/design_1_v_frmbuf_rd_1_0/src/hls/hls_video_mem.h:178 in shift_pixels_right                                                  |
| INLINE               |                                                                                                                                                                       | ../../OSDZU3_Ref_Design.gen/sources_1/bd/design_1/ip/design_1_v_frmbuf_rd_1_0/src/hls/hls_video_mem.h:204 in shift_pixels_up                                                     |
| UNROLL               |                                                                                                                                                                       | ../../OSDZU3_Ref_Design.gen/sources_1/bd/design_1/ip/design_1_v_frmbuf_rd_1_0/src/hls/hls_video_mem.h:214 in shift_pixels_up                                                     |
| UNROLL               |                                                                                                                                                                       | ../../OSDZU3_Ref_Design.gen/sources_1/bd/design_1/ip/design_1_v_frmbuf_rd_1_0/src/hls/hls_video_mem.h:216 in shift_pixels_up                                                     |
| INLINE               |                                                                                                                                                                       | ../../OSDZU3_Ref_Design.gen/sources_1/bd/design_1/ip/design_1_v_frmbuf_rd_1_0/src/hls/hls_video_mem.h:242 in shift_pixels_down                                                   |
| UNROLL               |                                                                                                                                                                       | ../../OSDZU3_Ref_Design.gen/sources_1/bd/design_1/ip/design_1_v_frmbuf_rd_1_0/src/hls/hls_video_mem.h:252 in shift_pixels_down                                                   |
| UNROLL               |                                                                                                                                                                       | ../../OSDZU3_Ref_Design.gen/sources_1/bd/design_1/ip/design_1_v_frmbuf_rd_1_0/src/hls/hls_video_mem.h:254 in shift_pixels_down                                                   |
| INLINE               |                                                                                                                                                                       | ../../OSDZU3_Ref_Design.gen/sources_1/bd/design_1/ip/design_1_v_frmbuf_rd_1_0/src/hls/hls_video_mem.h:279 in insert_pixel                                                        |
| INLINE               |                                                                                                                                                                       | ../../OSDZU3_Ref_Design.gen/sources_1/bd/design_1/ip/design_1_v_frmbuf_rd_1_0/src/hls/hls_video_mem.h:311 in insert_row                                                          |
| UNROLL               |                                                                                                                                                                       | ../../OSDZU3_Ref_Design.gen/sources_1/bd/design_1/ip/design_1_v_frmbuf_rd_1_0/src/hls/hls_video_mem.h:321 in insert_row                                                          |
| INLINE               |                                                                                                                                                                       | ../../OSDZU3_Ref_Design.gen/sources_1/bd/design_1/ip/design_1_v_frmbuf_rd_1_0/src/hls/hls_video_mem.h:346 in insert_top_row                                                      |
| INLINE               |                                                                                                                                                                       | ../../OSDZU3_Ref_Design.gen/sources_1/bd/design_1/ip/design_1_v_frmbuf_rd_1_0/src/hls/hls_video_mem.h:377 in insert_bottom_row                                                   |
| INLINE               |                                                                                                                                                                       | ../../OSDZU3_Ref_Design.gen/sources_1/bd/design_1/ip/design_1_v_frmbuf_rd_1_0/src/hls/hls_video_mem.h:408 in insert_col                                                          |
| UNROLL               |                                                                                                                                                                       | ../../OSDZU3_Ref_Design.gen/sources_1/bd/design_1/ip/design_1_v_frmbuf_rd_1_0/src/hls/hls_video_mem.h:418 in insert_col                                                          |
| INLINE               |                                                                                                                                                                       | ../../OSDZU3_Ref_Design.gen/sources_1/bd/design_1/ip/design_1_v_frmbuf_rd_1_0/src/hls/hls_video_mem.h:443 in insert_left_col                                                     |
| INLINE               |                                                                                                                                                                       | ../../OSDZU3_Ref_Design.gen/sources_1/bd/design_1/ip/design_1_v_frmbuf_rd_1_0/src/hls/hls_video_mem.h:474 in insert_right_col                                                    |
| INLINE               |                                                                                                                                                                       | ../../OSDZU3_Ref_Design.gen/sources_1/bd/design_1/ip/design_1_v_frmbuf_rd_1_0/src/hls/hls_video_mem.h:505 in getval                                                              |
| INLINE               |                                                                                                                                                                       | ../../OSDZU3_Ref_Design.gen/sources_1/bd/design_1/ip/design_1_v_frmbuf_rd_1_0/src/hls/hls_video_mem.h:514 in operator()                                                          |
| INLINE               |                                                                                                                                                                       | ../../OSDZU3_Ref_Design.gen/sources_1/bd/design_1/ip/design_1_v_frmbuf_rd_1_0/src/hls/hls_video_mem.h:546 in shift_left                                                          |
| INLINE               |                                                                                                                                                                       | ../../OSDZU3_Ref_Design.gen/sources_1/bd/design_1/ip/design_1_v_frmbuf_rd_1_0/src/hls/hls_video_mem.h:556 in shift_right                                                         |
| INLINE               |                                                                                                                                                                       | ../../OSDZU3_Ref_Design.gen/sources_1/bd/design_1/ip/design_1_v_frmbuf_rd_1_0/src/hls/hls_video_mem.h:566 in shift_up                                                            |
| INLINE               |                                                                                                                                                                       | ../../OSDZU3_Ref_Design.gen/sources_1/bd/design_1/ip/design_1_v_frmbuf_rd_1_0/src/hls/hls_video_mem.h:576 in shift_down                                                          |
| INLINE               |                                                                                                                                                                       | ../../OSDZU3_Ref_Design.gen/sources_1/bd/design_1/ip/design_1_v_frmbuf_rd_1_0/src/hls/hls_video_mem.h:586 in insert                                                              |
| INLINE               |                                                                                                                                                                       | ../../OSDZU3_Ref_Design.gen/sources_1/bd/design_1/ip/design_1_v_frmbuf_rd_1_0/src/hls/hls_video_mem.h:596 in insert_top                                                          |
| INLINE               |                                                                                                                                                                       | ../../OSDZU3_Ref_Design.gen/sources_1/bd/design_1/ip/design_1_v_frmbuf_rd_1_0/src/hls/hls_video_mem.h:606 in insert_bottom                                                       |
| INLINE               |                                                                                                                                                                       | ../../OSDZU3_Ref_Design.gen/sources_1/bd/design_1/ip/design_1_v_frmbuf_rd_1_0/src/hls/hls_video_mem.h:616 in insert_left                                                         |
| INLINE               |                                                                                                                                                                       | ../../OSDZU3_Ref_Design.gen/sources_1/bd/design_1/ip/design_1_v_frmbuf_rd_1_0/src/hls/hls_video_mem.h:626 in insert_right                                                        |
| INLINE               |                                                                                                                                                                       | ../../OSDZU3_Ref_Design.gen/sources_1/bd/design_1/ip/design_1_v_frmbuf_rd_1_0/src/hls/hls_video_mem.h:638 in linebuffer<rows, cols, type-parameter-0-2, 0>                       |
| ARRAY_PARTITION      | variable=val dim=1 complete                                                                                                                                           | ../../OSDZU3_Ref_Design.gen/sources_1/bd/design_1/ip/design_1_v_frmbuf_rd_1_0/src/hls/hls_video_mem.h:639 in linebuffer<rows, cols, type-parameter-0-2, 0>, val                  |
| DEPENDENCE           | variable=val inter false                                                                                                                                              | ../../OSDZU3_Ref_Design.gen/sources_1/bd/design_1/ip/design_1_v_frmbuf_rd_1_0/src/hls/hls_video_mem.h:640 in linebuffer<rows, cols, type-parameter-0-2, 0>, val                  |
| DEPENDENCE           | variable=val intra false                                                                                                                                              | ../../OSDZU3_Ref_Design.gen/sources_1/bd/design_1/ip/design_1_v_frmbuf_rd_1_0/src/hls/hls_video_mem.h:641 in linebuffer<rows, cols, type-parameter-0-2, 0>, val                  |
| INLINE               |                                                                                                                                                                       | ../../OSDZU3_Ref_Design.gen/sources_1/bd/design_1/ip/design_1_v_frmbuf_rd_1_0/src/hls/hls_video_mem.h:692 in shift_pixels_down                                                   |
| UNROLL               |                                                                                                                                                                       | ../../OSDZU3_Ref_Design.gen/sources_1/bd/design_1/ip/design_1_v_frmbuf_rd_1_0/src/hls/hls_video_mem.h:703 in shift_pixels_down                                                   |
| INLINE               |                                                                                                                                                                       | ../../OSDZU3_Ref_Design.gen/sources_1/bd/design_1/ip/design_1_v_frmbuf_rd_1_0/src/hls/hls_video_mem.h:732 in shift_pixels_up                                                     |
| UNROLL               |                                                                                                                                                                       | ../../OSDZU3_Ref_Design.gen/sources_1/bd/design_1/ip/design_1_v_frmbuf_rd_1_0/src/hls/hls_video_mem.h:743 in shift_pixels_up                                                     |
| INLINE               |                                                                                                                                                                       | ../../OSDZU3_Ref_Design.gen/sources_1/bd/design_1/ip/design_1_v_frmbuf_rd_1_0/src/hls/hls_video_mem.h:771 in insert_bottom_row                                                   |
| INLINE               |                                                                                                                                                                       | ../../OSDZU3_Ref_Design.gen/sources_1/bd/design_1/ip/design_1_v_frmbuf_rd_1_0/src/hls/hls_video_mem.h:803 in insert_top_row                                                      |
| INLINE               |                                                                                                                                                                       | ../../OSDZU3_Ref_Design.gen/sources_1/bd/design_1/ip/design_1_v_frmbuf_rd_1_0/src/hls/hls_video_mem.h:835 in get_col                                                             |
| UNROLL               |                                                                                                                                                                       | ../../OSDZU3_Ref_Design.gen/sources_1/bd/design_1/ip/design_1_v_frmbuf_rd_1_0/src/hls/hls_video_mem.h:839 in get_col                                                             |
| INLINE               |                                                                                                                                                                       | ../../OSDZU3_Ref_Design.gen/sources_1/bd/design_1/ip/design_1_v_frmbuf_rd_1_0/src/hls/hls_video_mem.h:848 in getval                                                              |
| INLINE               |                                                                                                                                                                       | ../../OSDZU3_Ref_Design.gen/sources_1/bd/design_1/ip/design_1_v_frmbuf_rd_1_0/src/hls/hls_video_mem.h:857 in operator()                                                          |
| INLINE               |                                                                                                                                                                       | ../../OSDZU3_Ref_Design.gen/sources_1/bd/design_1/ip/design_1_v_frmbuf_rd_1_0/src/hls/hls_video_mem.h:867 in shift_down                                                          |
| INLINE               |                                                                                                                                                                       | ../../OSDZU3_Ref_Design.gen/sources_1/bd/design_1/ip/design_1_v_frmbuf_rd_1_0/src/hls/hls_video_mem.h:877 in shift_up                                                            |
| INLINE               |                                                                                                                                                                       | ../../OSDZU3_Ref_Design.gen/sources_1/bd/design_1/ip/design_1_v_frmbuf_rd_1_0/src/hls/hls_video_mem.h:887 in insert_bottom                                                       |
| INLINE               |                                                                                                                                                                       | ../../OSDZU3_Ref_Design.gen/sources_1/bd/design_1/ip/design_1_v_frmbuf_rd_1_0/src/hls/hls_video_mem.h:897 in insert_top                                                          |
| ARRAY_RESHAPE        | variable=val dim=1                                                                                                                                                    | ../../OSDZU3_Ref_Design.gen/sources_1/bd/design_1/ip/design_1_v_frmbuf_rd_1_0/src/hls/hls_video_mem.h:926 in linebuffer<rows, cols, type-parameter-0-2, 1>, val                  |
| DEPENDENCE           | variable=val inter false                                                                                                                                              | ../../OSDZU3_Ref_Design.gen/sources_1/bd/design_1/ip/design_1_v_frmbuf_rd_1_0/src/hls/hls_video_mem.h:927 in linebuffer<rows, cols, type-parameter-0-2, 1>, val                  |
| DEPENDENCE           | variable=val intra false                                                                                                                                              | ../../OSDZU3_Ref_Design.gen/sources_1/bd/design_1/ip/design_1_v_frmbuf_rd_1_0/src/hls/hls_video_mem.h:928 in linebuffer<rows, cols, type-parameter-0-2, 1>, val                  |
| INLINE               |                                                                                                                                                                       | ../../OSDZU3_Ref_Design.gen/sources_1/bd/design_1/ip/design_1_v_frmbuf_rd_1_0/src/hls/hls_video_mem.h:980 in shift_pixels_down                                                   |
| UNROLL               |                                                                                                                                                                       | ../../OSDZU3_Ref_Design.gen/sources_1/bd/design_1/ip/design_1_v_frmbuf_rd_1_0/src/hls/hls_video_mem.h:991 in shift_pixels_down                                                   |
| INLINE               |                                                                                                                                                                       | ../../OSDZU3_Ref_Design.gen/sources_1/bd/design_1/ip/design_1_v_frmbuf_rd_1_0/src/hls/hls_video_mem.h:1020 in shift_pixels_up                                                    |
| UNROLL               |                                                                                                                                                                       | ../../OSDZU3_Ref_Design.gen/sources_1/bd/design_1/ip/design_1_v_frmbuf_rd_1_0/src/hls/hls_video_mem.h:1031 in shift_pixels_up                                                    |
| INLINE               |                                                                                                                                                                       | ../../OSDZU3_Ref_Design.gen/sources_1/bd/design_1/ip/design_1_v_frmbuf_rd_1_0/src/hls/hls_video_mem.h:1059 in insert_bottom_row                                                  |
| INLINE               |                                                                                                                                                                       | ../../OSDZU3_Ref_Design.gen/sources_1/bd/design_1/ip/design_1_v_frmbuf_rd_1_0/src/hls/hls_video_mem.h:1091 in insert_top_row                                                     |
| INLINE               |                                                                                                                                                                       | ../../OSDZU3_Ref_Design.gen/sources_1/bd/design_1/ip/design_1_v_frmbuf_rd_1_0/src/hls/hls_video_mem.h:1123 in get_col                                                            |
| UNROLL               |                                                                                                                                                                       | ../../OSDZU3_Ref_Design.gen/sources_1/bd/design_1/ip/design_1_v_frmbuf_rd_1_0/src/hls/hls_video_mem.h:1127 in get_col                                                            |
| INLINE               |                                                                                                                                                                       | ../../OSDZU3_Ref_Design.gen/sources_1/bd/design_1/ip/design_1_v_frmbuf_rd_1_0/src/hls/hls_video_mem.h:1136 in getval                                                             |
| INLINE               |                                                                                                                                                                       | ../../OSDZU3_Ref_Design.gen/sources_1/bd/design_1/ip/design_1_v_frmbuf_rd_1_0/src/hls/hls_video_mem.h:1145 in operator()                                                         |
| INLINE               |                                                                                                                                                                       | ../../OSDZU3_Ref_Design.gen/sources_1/bd/design_1/ip/design_1_v_frmbuf_rd_1_0/src/hls/hls_video_mem.h:1155 in shift_down                                                         |
| INLINE               |                                                                                                                                                                       | ../../OSDZU3_Ref_Design.gen/sources_1/bd/design_1/ip/design_1_v_frmbuf_rd_1_0/src/hls/hls_video_mem.h:1165 in shift_up                                                           |
| INLINE               |                                                                                                                                                                       | ../../OSDZU3_Ref_Design.gen/sources_1/bd/design_1/ip/design_1_v_frmbuf_rd_1_0/src/hls/hls_video_mem.h:1175 in insert_bottom                                                      |
| INLINE               |                                                                                                                                                                       | ../../OSDZU3_Ref_Design.gen/sources_1/bd/design_1/ip/design_1_v_frmbuf_rd_1_0/src/hls/hls_video_mem.h:1185 in insert_top                                                         |
| ARRAY_PARTITION      | variable=tmp complete dim=0                                                                                                                                           | ../../OSDZU3_Ref_Design.gen/sources_1/bd/design_1/ip/design_1_v_frmbuf_rd_1_0/src/hls/hls_video_stereobm.h:167 in prefilternorm, tmp                                             |
| ARRAY_PARTITION      | variable=tmp complete dim=0                                                                                                                                           | ../../OSDZU3_Ref_Design.gen/sources_1/bd/design_1/ip/design_1_v_frmbuf_rd_1_0/src/hls/hls_video_stereobm.h:169 in prefilternorm, tmp                                             |
| LOOP_FLATTEN         | off                                                                                                                                                                   | ../../OSDZU3_Ref_Design.gen/sources_1/bd/design_1/ip/design_1_v_frmbuf_rd_1_0/src/hls/hls_video_stereobm.h:181 in prefilternorm                                                  |
| PIPELINE             | ii=1                                                                                                                                                                  | ../../OSDZU3_Ref_Design.gen/sources_1/bd/design_1/ip/design_1_v_frmbuf_rd_1_0/src/hls/hls_video_stereobm.h:182 in prefilternorm                                                  |
| PIPELINE             | ii=1                                                                                                                                                                  | ../../OSDZU3_Ref_Design.gen/sources_1/bd/design_1/ip/design_1_v_frmbuf_rd_1_0/src/hls/hls_video_stereobm.h:232 in clip                                                           |
| INLINE               |                                                                                                                                                                       | ../../OSDZU3_Ref_Design.gen/sources_1/bd/design_1/ip/design_1_v_frmbuf_rd_1_0/src/hls/hls_video_stereobm.h:245 in absdiff                                                        |
| INLINE               |                                                                                                                                                                       | ../../OSDZU3_Ref_Design.gen/sources_1/bd/design_1/ip/design_1_v_frmbuf_rd_1_0/src/hls/hls_video_stereobm.h:268 in updatetexture                                                  |
| INLINE               |                                                                                                                                                                       | ../../OSDZU3_Ref_Design.gen/sources_1/bd/design_1/ip/design_1_v_frmbuf_rd_1_0/src/hls/hls_video_stereobm.h:285 in sad_compute_inc                                                |
| INLINE               |                                                                                                                                                                       | ../../OSDZU3_Ref_Design.gen/sources_1/bd/design_1/ip/design_1_v_frmbuf_rd_1_0/src/hls/hls_video_stereobm.h:310 in find                                                           |
| ARRAY_PARTITION      | variable=a complete dim=0                                                                                                                                             | ../../OSDZU3_Ref_Design.gen/sources_1/bd/design_1/ip/design_1_v_frmbuf_rd_1_0/src/hls/hls_video_stereobm.h:311 in find, a                                                        |
| INLINE               |                                                                                                                                                                       | ../../OSDZU3_Ref_Design.gen/sources_1/bd/design_1/ip/design_1_v_frmbuf_rd_1_0/src/hls/hls_video_stereobm.h:339 in find                                                           |
| ARRAY_PARTITION      | variable=a complete dim=0                                                                                                                                             | ../../OSDZU3_Ref_Design.gen/sources_1/bd/design_1/ip/design_1_v_frmbuf_rd_1_0/src/hls/hls_video_stereobm.h:340 in find, a                                                        |
| INLINE               |                                                                                                                                                                       | ../../OSDZU3_Ref_Design.gen/sources_1/bd/design_1/ip/design_1_v_frmbuf_rd_1_0/src/hls/hls_video_stereobm.h:351 in find                                                           |
| ARRAY_PARTITION      | variable=a complete dim=0                                                                                                                                             | ../../OSDZU3_Ref_Design.gen/sources_1/bd/design_1/ip/design_1_v_frmbuf_rd_1_0/src/hls/hls_video_stereobm.h:352 in find, a                                                        |
| ARRAY_PARTITION      | variable=l_tmp complete dim=0                                                                                                                                         | ../../OSDZU3_Ref_Design.gen/sources_1/bd/design_1/ip/design_1_v_frmbuf_rd_1_0/src/hls/hls_video_stereobm.h:390 in sadblockmatching, l_tmp                                        |
| ARRAY_PARTITION      | variable=r_tmp complete dim=0                                                                                                                                         | ../../OSDZU3_Ref_Design.gen/sources_1/bd/design_1/ip/design_1_v_frmbuf_rd_1_0/src/hls/hls_video_stereobm.h:392 in sadblockmatching, r_tmp                                        |
| ARRAY_PARTITION      | variable=sad complete dim=0                                                                                                                                           | ../../OSDZU3_Ref_Design.gen/sources_1/bd/design_1/ip/design_1_v_frmbuf_rd_1_0/src/hls/hls_video_stereobm.h:395 in sadblockmatching, sad                                          |
| ARRAY_PARTITION      | variable=sad_cols complete dim=0                                                                                                                                      | ../../OSDZU3_Ref_Design.gen/sources_1/bd/design_1/ip/design_1_v_frmbuf_rd_1_0/src/hls/hls_video_stereobm.h:397 in sadblockmatching, sad_cols                                     |
| LOOP_FLATTEN         | off                                                                                                                                                                   | ../../OSDZU3_Ref_Design.gen/sources_1/bd/design_1/ip/design_1_v_frmbuf_rd_1_0/src/hls/hls_video_stereobm.h:414 in sadblockmatching                                               |
| PIPELINE             | ii=1                                                                                                                                                                  | ../../OSDZU3_Ref_Design.gen/sources_1/bd/design_1/ip/design_1_v_frmbuf_rd_1_0/src/hls/hls_video_stereobm.h:415 in sadblockmatching                                               |
| UNROLL               |                                                                                                                                                                       | ../../OSDZU3_Ref_Design.gen/sources_1/bd/design_1/ip/design_1_v_frmbuf_rd_1_0/src/hls/hls_video_stereobm.h:419 in sadblockmatching                                               |
| UNROLL               |                                                                                                                                                                       | ../../OSDZU3_Ref_Design.gen/sources_1/bd/design_1/ip/design_1_v_frmbuf_rd_1_0/src/hls/hls_video_stereobm.h:422 in sadblockmatching                                               |
| DATAFLOW             |                                                                                                                                                                       | ../../OSDZU3_Ref_Design.gen/sources_1/bd/design_1/ip/design_1_v_frmbuf_rd_1_0/src/hls/hls_video_stereobm.h:578 in findstereocorrespondencebm                                     |
| LOOP_FLATTEN         | OFF                                                                                                                                                                   | ../../OSDZU3_Ref_Design.gen/sources_1/bd/design_1/ip/design_1_v_frmbuf_rd_1_0/src/hls/hls_video_undistort.h:243 in remap_nearest                                                 |
| PIPELINE             | ii=1                                                                                                                                                                  | ../../OSDZU3_Ref_Design.gen/sources_1/bd/design_1/ip/design_1_v_frmbuf_rd_1_0/src/hls/hls_video_undistort.h:246 in remap_nearest                                                 |
| DEPENDENCE           | array inter false                                                                                                                                                     | ../../OSDZU3_Ref_Design.gen/sources_1/bd/design_1/ip/design_1_v_frmbuf_rd_1_0/src/hls/hls_video_undistort.h:247 in remap_nearest                                                 |
| ARRAY_PARTITION      | complete variable=buf dim=2                                                                                                                                           | ../../OSDZU3_Ref_Design.gen/sources_1/bd/design_1/ip/design_1_v_frmbuf_rd_1_0/src/hls/hls_video_undistort.h:288 in remap_linear, buf                                             |
| ARRAY_PARTITION      | complete variable=buf dim=4                                                                                                                                           | ../../OSDZU3_Ref_Design.gen/sources_1/bd/design_1/ip/design_1_v_frmbuf_rd_1_0/src/hls/hls_video_undistort.h:289 in remap_linear, buf                                             |
| LOOP_FLATTEN         | OFF                                                                                                                                                                   | ../../OSDZU3_Ref_Design.gen/sources_1/bd/design_1/ip/design_1_v_frmbuf_rd_1_0/src/hls/hls_video_undistort.h:303 in remap_linear                                                  |
| PIPELINE             | ii=1                                                                                                                                                                  | ../../OSDZU3_Ref_Design.gen/sources_1/bd/design_1/ip/design_1_v_frmbuf_rd_1_0/src/hls/hls_video_undistort.h:306 in remap_linear                                                  |
| DEPENDENCE           | array inter false                                                                                                                                                     | ../../OSDZU3_Ref_Design.gen/sources_1/bd/design_1/ip/design_1_v_frmbuf_rd_1_0/src/hls/hls_video_undistort.h:307 in remap_linear                                                  |
| ARRAY_PARTITION      | variable=distCoeffs complete                                                                                                                                          | ../../OSDZU3_Ref_Design.gen/sources_1/bd/design_1/ip/design_1_v_frmbuf_rd_1_0/src/hls/hls_video_undistort.h:687 in initundistortrectifymapinverse, distCoeffs                    |
| PIPELINE             | ii=1                                                                                                                                                                  | ../../OSDZU3_Ref_Design.gen/sources_1/bd/design_1/ip/design_1_v_frmbuf_rd_1_0/src/hls/hls_video_undistort.h:701 in initundistortrectifymapinverse                                |
| STREAM               | depth=PLANE_STREAM_DEPTH0 variable=bytePlanes.plane0                                                                                                                  | prj/sol/.autopilot/db/v_frmbuf_rd.cpp:96 in frmbufrdhlsdataflow, bytePlanes.plane0                                                                                               |
| BIND_STORAGE         | variable=bytePlanes.plane0 type=fifo impl=bram                                                                                                                        | prj/sol/.autopilot/db/v_frmbuf_rd.cpp:97 in frmbufrdhlsdataflow, bytePlanes.plane0                                                                                               |
| STREAM               | depth=PLANE_STREAM_DEPTH1 variable=bytePlanes.plane1                                                                                                                  | prj/sol/.autopilot/db/v_frmbuf_rd.cpp:100 in frmbufrdhlsdataflow, bytePlanes.plane1                                                                                              |
| BIND_STORAGE         | variable=bytePlanes.plane1 type=fifo impl=bram                                                                                                                        | prj/sol/.autopilot/db/v_frmbuf_rd.cpp:101 in frmbufrdhlsdataflow, bytePlanes.plane1                                                                                              |
| DATAFLOW             |                                                                                                                                                                       | prj/sol/.autopilot/db/v_frmbuf_rd.cpp:108 in frmbufrdhlsdataflow                                                                                                                 |
| INTERFACE            | axis port=m_axis_video register                                                                                                                                       | prj/sol/.autopilot/db/v_frmbuf_rd.cpp:149 in v_frmbuf_rd, m_axis_video                                                                                                           |
| INTERFACE            | s_axilite port=width bundle=CTRL offset=0x0010                                                                                                                        | prj/sol/.autopilot/db/v_frmbuf_rd.cpp:151 in v_frmbuf_rd, width                                                                                                                  |
| INTERFACE            | s_axilite port=height bundle=CTRL offset=0x0018                                                                                                                       | prj/sol/.autopilot/db/v_frmbuf_rd.cpp:152 in v_frmbuf_rd, height                                                                                                                 |
| INTERFACE            | s_axilite port=stride bundle=CTRL offset=0x0020                                                                                                                       | prj/sol/.autopilot/db/v_frmbuf_rd.cpp:153 in v_frmbuf_rd, stride                                                                                                                 |
| INTERFACE            | s_axilite port=video_format bundle=CTRL offset=0x0028                                                                                                                 | prj/sol/.autopilot/db/v_frmbuf_rd.cpp:154 in v_frmbuf_rd, video_format                                                                                                           |
| INTERFACE            | s_axilite port=return bundle=CTRL                                                                                                                                     | prj/sol/.autopilot/db/v_frmbuf_rd.cpp:161 in v_frmbuf_rd, return                                                                                                                 |
| STABLE               | variable=width                                                                                                                                                        | prj/sol/.autopilot/db/v_frmbuf_rd.cpp:163 in v_frmbuf_rd, width                                                                                                                  |
| STABLE               | variable=height                                                                                                                                                       | prj/sol/.autopilot/db/v_frmbuf_rd.cpp:164 in v_frmbuf_rd, height                                                                                                                 |
| STABLE               | variable=stride                                                                                                                                                       | prj/sol/.autopilot/db/v_frmbuf_rd.cpp:165 in v_frmbuf_rd, stride                                                                                                                 |
| STABLE               | variable=video_format                                                                                                                                                 | prj/sol/.autopilot/db/v_frmbuf_rd.cpp:166 in v_frmbuf_rd, video_format                                                                                                           |
| INTERFACE            | m_axi port=frm_buffer offset=slave bundle=mm_video latency=100 num_read_outstanding=NUM_READ_OUTSTANDING max_read_burst_length=MAX_READ_BURST_LENGTH depth=1920*1080  | prj/sol/.autopilot/db/v_frmbuf_rd.cpp:176 in v_frmbuf_rd, frm_buffer                                                                                                             |
| INTERFACE            | s_axilite port=frm_buffer bundle=CTRL offset=0x0030                                                                                                                   | prj/sol/.autopilot/db/v_frmbuf_rd.cpp:177 in v_frmbuf_rd, frm_buffer                                                                                                             |
| INTERFACE            | m_axi port=frm_buffer2 offset=slave bundle=mm_video latency=100 num_read_outstanding=NUM_READ_OUTSTANDING max_read_burst_length=MAX_READ_BURST_LENGTH depth=1920*1080 | prj/sol/.autopilot/db/v_frmbuf_rd.cpp:179 in v_frmbuf_rd, frm_buffer2                                                                                                            |
| INTERFACE            | s_axilite port=frm_buffer2 bundle=CTRL offset=0x003C                                                                                                                  | prj/sol/.autopilot/db/v_frmbuf_rd.cpp:180 in v_frmbuf_rd, frm_buffer2                                                                                                            |
| INTERFACE            | m_axi port=frm_buffer3 offset=slave bundle=mm_video latency=100 num_read_outstanding=NUM_READ_OUTSTANDING max_read_burst_length=MAX_READ_BURST_LENGTH depth=1920*1080 | prj/sol/.autopilot/db/v_frmbuf_rd.cpp:182 in v_frmbuf_rd, frm_buffer3                                                                                                            |
| INTERFACE            | s_axilite port=frm_buffer3 bundle=CTRL offset=0x0074                                                                                                                  | prj/sol/.autopilot/db/v_frmbuf_rd.cpp:183 in v_frmbuf_rd, frm_buffer3                                                                                                            |
| ARRAY_PARTITION      | variable=map complete dim=0                                                                                                                                           | prj/sol/.autopilot/db/v_frmbuf_rd.cpp:366 in multipixstream2axivideo, map                                                                                                        |
| LOOP_FLATTEN         | off                                                                                                                                                                   | prj/sol/.autopilot/db/v_frmbuf_rd.cpp:378 in multipixstream2axivideo                                                                                                             |
| PIPELINE             | ii=1                                                                                                                                                                  | prj/sol/.autopilot/db/v_frmbuf_rd.cpp:379 in multipixstream2axivideo                                                                                                             |
| LOOP_TRIPCOUNT       | max=4320                                                                                                                                                              | prj/sol/.autopilot/db/v_frmbuf_rd.cpp:545 in aximmvideo2bytes                                                                                                                    |
| LOOP_FLATTEN         | off                                                                                                                                                                   | prj/sol/.autopilot/db/v_frmbuf_rd.cpp:547 in aximmvideo2bytes                                                                                                                    |
| PIPELINE             | ii=1                                                                                                                                                                  | prj/sol/.autopilot/db/v_frmbuf_rd.cpp:550 in aximmvideo2bytes                                                                                                                    |
| PIPELINE             | ii=1                                                                                                                                                                  | prj/sol/.autopilot/db/v_frmbuf_rd.cpp:562 in aximmvideo2bytes                                                                                                                    |
| LOOP_TRIPCOUNT       | max=4320                                                                                                                                                              | prj/sol/.autopilot/db/v_frmbuf_rd.cpp:949 in bytes2multipixstream                                                                                                                |
| LOOP_FLATTEN         | off                                                                                                                                                                   | prj/sol/.autopilot/db/v_frmbuf_rd.cpp:953 in bytes2multipixstream                                                                                                                |
| PIPELINE             | ii=8                                                                                                                                                                  | prj/sol/.autopilot/db/v_frmbuf_rd.cpp:956 in bytes2multipixstream                                                                                                                |
| LOOP_TRIPCOUNT       | max=4320                                                                                                                                                              | prj/sol/.autopilot/db/v_frmbuf_rd.cpp:1152 in bytes2multipixstream                                                                                                               |
| LOOP_FLATTEN         | off                                                                                                                                                                   | prj/sol/.autopilot/db/v_frmbuf_rd.cpp:1156 in bytes2multipixstream                                                                                                               |
| PIPELINE             | ii=4                                                                                                                                                                  | prj/sol/.autopilot/db/v_frmbuf_rd.cpp:1159 in bytes2multipixstream                                                                                                               |
| LOOP_TRIPCOUNT       | max=4320                                                                                                                                                              | prj/sol/.autopilot/db/v_frmbuf_rd.cpp:1192 in bytes2multipixstream                                                                                                               |
| LOOP_FLATTEN         | off                                                                                                                                                                   | prj/sol/.autopilot/db/v_frmbuf_rd.cpp:1196 in bytes2multipixstream                                                                                                               |
| PIPELINE             | ii=4                                                                                                                                                                  | prj/sol/.autopilot/db/v_frmbuf_rd.cpp:1199 in bytes2multipixstream                                                                                                               |
+----------------------+-----------------------------------------------------------------------------------------------------------------------------------------------------------------------+----------------------------------------------------------------------------------------------------------------------------------------------------------------------------------+


