==============================================================
Vitis HLS - High-Level Synthesis from C, C++ and OpenCL v2025.1 (64-bit)
Tool Version Limit: 2025.05
Copyright 1986-2022 Xilinx, Inc. All Rights Reserved.
Copyright 2022-2025 Advanced Micro Devices, Inc. All Rights Reserved.

==============================================================
INFO: [HLS 200-1505] Using default flow_target 'vivado'
INFO: [HLS 200-1510] Running: set_part xczu3eg-sfvc784-1-e 
INFO: [HLS 200-1611] Setting target device to 'xczu3eg-sfvc784-1-e'
INFO: [HLS 200-1510] Running: add_files -cflags  -I /home/e/Documents/research/byotee/OSDZU3_Ref_Design/OSDZU3_Ref_Design.gen/sources_1/bd/design_1/ip/design_1_v_mix_0_0/src/hls -I /home/e/Documents/research/byotee/OSDZU3_Ref_Design/OSDZU3_Ref_Design.gen/sources_1/bd/design_1/ip/design_1_v_mix_0_0/src  /home/e/Documents/research/byotee/OSDZU3_Ref_Design/OSDZU3_Ref_Design.gen/sources_1/bd/design_1/ip/design_1_v_mix_0_0/src/v_mix_config.h 
INFO: [HLS 200-10] Adding design file '/home/e/Documents/research/byotee/OSDZU3_Ref_Design/OSDZU3_Ref_Design.gen/sources_1/bd/design_1/ip/design_1_v_mix_0_0/src/v_mix_config.h' to the project
INFO: [HLS 200-1510] Running: add_files -cflags  -I /home/e/Documents/research/byotee/OSDZU3_Ref_Design/OSDZU3_Ref_Design.gen/sources_1/bd/design_1/ip/design_1_v_mix_0_0/src/hls -I /home/e/Documents/research/byotee/OSDZU3_Ref_Design/OSDZU3_Ref_Design.gen/sources_1/bd/design_1/ip/design_1_v_mix_0_0/src  /home/e/Documents/research/byotee/OSDZU3_Ref_Design/OSDZU3_Ref_Design.gen/sources_1/bd/design_1/ip/design_1_v_mix_0_0/src/v_mix.cpp 
INFO: [HLS 200-10] Adding design file '/home/e/Documents/research/byotee/OSDZU3_Ref_Design/OSDZU3_Ref_Design.gen/sources_1/bd/design_1/ip/design_1_v_mix_0_0/src/v_mix.cpp' to the project
INFO: [HLS 200-1510] Running: add_files -cflags  -I /home/e/Documents/research/byotee/OSDZU3_Ref_Design/OSDZU3_Ref_Design.gen/sources_1/bd/design_1/ip/design_1_v_mix_0_0/src/hls -I /home/e/Documents/research/byotee/OSDZU3_Ref_Design/OSDZU3_Ref_Design.gen/sources_1/bd/design_1/ip/design_1_v_mix_0_0/src  /home/e/Documents/research/byotee/OSDZU3_Ref_Design/OSDZU3_Ref_Design.gen/sources_1/bd/design_1/ip/design_1_v_mix_0_0/src/v_mix.h 
INFO: [HLS 200-10] Adding design file '/home/e/Documents/research/byotee/OSDZU3_Ref_Design/OSDZU3_Ref_Design.gen/sources_1/bd/design_1/ip/design_1_v_mix_0_0/src/v_mix.h' to the project
INFO: [HLS 200-1510] Running: add_files -cflags  -I /home/e/Documents/research/byotee/OSDZU3_Ref_Design/OSDZU3_Ref_Design.gen/sources_1/bd/design_1/ip/design_1_v_mix_0_0/src/hls -I /home/e/Documents/research/byotee/OSDZU3_Ref_Design/OSDZU3_Ref_Design.gen/sources_1/bd/design_1/ip/design_1_v_mix_0_0/src  /home/e/Documents/research/byotee/OSDZU3_Ref_Design/OSDZU3_Ref_Design.gen/sources_1/bd/design_1/ip/design_1_v_mix_0_0/src/v_dma.cpp 
INFO: [HLS 200-10] Adding design file '/home/e/Documents/research/byotee/OSDZU3_Ref_Design/OSDZU3_Ref_Design.gen/sources_1/bd/design_1/ip/design_1_v_mix_0_0/src/v_dma.cpp' to the project
INFO: [HLS 200-1510] Running: add_files -cflags  -I /home/e/Documents/research/byotee/OSDZU3_Ref_Design/OSDZU3_Ref_Design.gen/sources_1/bd/design_1/ip/design_1_v_mix_0_0/src/hls -I /home/e/Documents/research/byotee/OSDZU3_Ref_Design/OSDZU3_Ref_Design.gen/sources_1/bd/design_1/ip/design_1_v_mix_0_0/src  /home/e/Documents/research/byotee/OSDZU3_Ref_Design/OSDZU3_Ref_Design.gen/sources_1/bd/design_1/ip/design_1_v_mix_0_0/src/v_dma.h 
INFO: [HLS 200-10] Adding design file '/home/e/Documents/research/byotee/OSDZU3_Ref_Design/OSDZU3_Ref_Design.gen/sources_1/bd/design_1/ip/design_1_v_mix_0_0/src/v_dma.h' to the project
INFO: [HLS 200-1510] Running: add_files -cflags  -I /home/e/Documents/research/byotee/OSDZU3_Ref_Design/OSDZU3_Ref_Design.gen/sources_1/bd/design_1/ip/design_1_v_mix_0_0/src/hls -I /home/e/Documents/research/byotee/OSDZU3_Ref_Design/OSDZU3_Ref_Design.gen/sources_1/bd/design_1/ip/design_1_v_mix_0_0/src  /home/e/Documents/research/byotee/OSDZU3_Ref_Design/OSDZU3_Ref_Design.gen/sources_1/bd/design_1/ip/design_1_v_mix_0_0/src/v_csc.cpp 
INFO: [HLS 200-10] Adding design file '/home/e/Documents/research/byotee/OSDZU3_Ref_Design/OSDZU3_Ref_Design.gen/sources_1/bd/design_1/ip/design_1_v_mix_0_0/src/v_csc.cpp' to the project
INFO: [HLS 200-1510] Running: add_files -cflags  -I /home/e/Documents/research/byotee/OSDZU3_Ref_Design/OSDZU3_Ref_Design.gen/sources_1/bd/design_1/ip/design_1_v_mix_0_0/src/hls -I /home/e/Documents/research/byotee/OSDZU3_Ref_Design/OSDZU3_Ref_Design.gen/sources_1/bd/design_1/ip/design_1_v_mix_0_0/src  /home/e/Documents/research/byotee/OSDZU3_Ref_Design/OSDZU3_Ref_Design.gen/sources_1/bd/design_1/ip/design_1_v_mix_0_0/src/v_csc.h 
INFO: [HLS 200-10] Adding design file '/home/e/Documents/research/byotee/OSDZU3_Ref_Design/OSDZU3_Ref_Design.gen/sources_1/bd/design_1/ip/design_1_v_mix_0_0/src/v_csc.h' to the project
INFO: [HLS 200-1510] Running: add_files -cflags  -I /home/e/Documents/research/byotee/OSDZU3_Ref_Design/OSDZU3_Ref_Design.gen/sources_1/bd/design_1/ip/design_1_v_mix_0_0/src/hls -I /home/e/Documents/research/byotee/OSDZU3_Ref_Design/OSDZU3_Ref_Design.gen/sources_1/bd/design_1/ip/design_1_v_mix_0_0/src  /home/e/Documents/research/byotee/OSDZU3_Ref_Design/OSDZU3_Ref_Design.gen/sources_1/bd/design_1/ip/design_1_v_mix_0_0/src/hls_video.h 
INFO: [HLS 200-10] Adding design file '/home/e/Documents/research/byotee/OSDZU3_Ref_Design/OSDZU3_Ref_Design.gen/sources_1/bd/design_1/ip/design_1_v_mix_0_0/src/hls_video.h' to the project
INFO: [HLS 200-1510] Running: add_files -cflags  -I /home/e/Documents/research/byotee/OSDZU3_Ref_Design/OSDZU3_Ref_Design.gen/sources_1/bd/design_1/ip/design_1_v_mix_0_0/src/hls -I /home/e/Documents/research/byotee/OSDZU3_Ref_Design/OSDZU3_Ref_Design.gen/sources_1/bd/design_1/ip/design_1_v_mix_0_0/src  /home/e/Documents/research/byotee/OSDZU3_Ref_Design/OSDZU3_Ref_Design.gen/sources_1/bd/design_1/ip/design_1_v_mix_0_0/src/hls_opencv.h 
INFO: [HLS 200-10] Adding design file '/home/e/Documents/research/byotee/OSDZU3_Ref_Design/OSDZU3_Ref_Design.gen/sources_1/bd/design_1/ip/design_1_v_mix_0_0/src/hls_opencv.h' to the project
INFO: [HLS 200-1510] Running: add_files -cflags  -I /home/e/Documents/research/byotee/OSDZU3_Ref_Design/OSDZU3_Ref_Design.gen/sources_1/bd/design_1/ip/design_1_v_mix_0_0/src/hls -I /home/e/Documents/research/byotee/OSDZU3_Ref_Design/OSDZU3_Ref_Design.gen/sources_1/bd/design_1/ip/design_1_v_mix_0_0/src  /home/e/Documents/research/byotee/OSDZU3_Ref_Design/OSDZU3_Ref_Design.gen/sources_1/bd/design_1/ip/design_1_v_mix_0_0/src/hls/hls_axi_io.h 
INFO: [HLS 200-10] Adding design file '/home/e/Documents/research/byotee/OSDZU3_Ref_Design/OSDZU3_Ref_Design.gen/sources_1/bd/design_1/ip/design_1_v_mix_0_0/src/hls/hls_axi_io.h' to the project
INFO: [HLS 200-1510] Running: add_files -cflags  -I /home/e/Documents/research/byotee/OSDZU3_Ref_Design/OSDZU3_Ref_Design.gen/sources_1/bd/design_1/ip/design_1_v_mix_0_0/src/hls -I /home/e/Documents/research/byotee/OSDZU3_Ref_Design/OSDZU3_Ref_Design.gen/sources_1/bd/design_1/ip/design_1_v_mix_0_0/src  /home/e/Documents/research/byotee/OSDZU3_Ref_Design/OSDZU3_Ref_Design.gen/sources_1/bd/design_1/ip/design_1_v_mix_0_0/src/hls/hls_video_arithm.h 
INFO: [HLS 200-10] Adding design file '/home/e/Documents/research/byotee/OSDZU3_Ref_Design/OSDZU3_Ref_Design.gen/sources_1/bd/design_1/ip/design_1_v_mix_0_0/src/hls/hls_video_arithm.h' to the project
INFO: [HLS 200-1510] Running: add_files -cflags  -I /home/e/Documents/research/byotee/OSDZU3_Ref_Design/OSDZU3_Ref_Design.gen/sources_1/bd/design_1/ip/design_1_v_mix_0_0/src/hls -I /home/e/Documents/research/byotee/OSDZU3_Ref_Design/OSDZU3_Ref_Design.gen/sources_1/bd/design_1/ip/design_1_v_mix_0_0/src  /home/e/Documents/research/byotee/OSDZU3_Ref_Design/OSDZU3_Ref_Design.gen/sources_1/bd/design_1/ip/design_1_v_mix_0_0/src/hls/hls_video_core.h 
INFO: [HLS 200-10] Adding design file '/home/e/Documents/research/byotee/OSDZU3_Ref_Design/OSDZU3_Ref_Design.gen/sources_1/bd/design_1/ip/design_1_v_mix_0_0/src/hls/hls_video_core.h' to the project
INFO: [HLS 200-1510] Running: add_files -cflags  -I /home/e/Documents/research/byotee/OSDZU3_Ref_Design/OSDZU3_Ref_Design.gen/sources_1/bd/design_1/ip/design_1_v_mix_0_0/src/hls -I /home/e/Documents/research/byotee/OSDZU3_Ref_Design/OSDZU3_Ref_Design.gen/sources_1/bd/design_1/ip/design_1_v_mix_0_0/src  /home/e/Documents/research/byotee/OSDZU3_Ref_Design/OSDZU3_Ref_Design.gen/sources_1/bd/design_1/ip/design_1_v_mix_0_0/src/hls/hls_video_fast.h 
INFO: [HLS 200-10] Adding design file '/home/e/Documents/research/byotee/OSDZU3_Ref_Design/OSDZU3_Ref_Design.gen/sources_1/bd/design_1/ip/design_1_v_mix_0_0/src/hls/hls_video_fast.h' to the project
INFO: [HLS 200-1510] Running: add_files -cflags  -I /home/e/Documents/research/byotee/OSDZU3_Ref_Design/OSDZU3_Ref_Design.gen/sources_1/bd/design_1/ip/design_1_v_mix_0_0/src/hls -I /home/e/Documents/research/byotee/OSDZU3_Ref_Design/OSDZU3_Ref_Design.gen/sources_1/bd/design_1/ip/design_1_v_mix_0_0/src  /home/e/Documents/research/byotee/OSDZU3_Ref_Design/OSDZU3_Ref_Design.gen/sources_1/bd/design_1/ip/design_1_v_mix_0_0/src/hls/hls_video_haar.h 
INFO: [HLS 200-10] Adding design file '/home/e/Documents/research/byotee/OSDZU3_Ref_Design/OSDZU3_Ref_Design.gen/sources_1/bd/design_1/ip/design_1_v_mix_0_0/src/hls/hls_video_haar.h' to the project
INFO: [HLS 200-1510] Running: add_files -cflags  -I /home/e/Documents/research/byotee/OSDZU3_Ref_Design/OSDZU3_Ref_Design.gen/sources_1/bd/design_1/ip/design_1_v_mix_0_0/src/hls -I /home/e/Documents/research/byotee/OSDZU3_Ref_Design/OSDZU3_Ref_Design.gen/sources_1/bd/design_1/ip/design_1_v_mix_0_0/src  /home/e/Documents/research/byotee/OSDZU3_Ref_Design/OSDZU3_Ref_Design.gen/sources_1/bd/design_1/ip/design_1_v_mix_0_0/src/hls/hls_video_harris.h 
INFO: [HLS 200-10] Adding design file '/home/e/Documents/research/byotee/OSDZU3_Ref_Design/OSDZU3_Ref_Design.gen/sources_1/bd/design_1/ip/design_1_v_mix_0_0/src/hls/hls_video_harris.h' to the project
INFO: [HLS 200-1510] Running: add_files -cflags  -I /home/e/Documents/research/byotee/OSDZU3_Ref_Design/OSDZU3_Ref_Design.gen/sources_1/bd/design_1/ip/design_1_v_mix_0_0/src/hls -I /home/e/Documents/research/byotee/OSDZU3_Ref_Design/OSDZU3_Ref_Design.gen/sources_1/bd/design_1/ip/design_1_v_mix_0_0/src  /home/e/Documents/research/byotee/OSDZU3_Ref_Design/OSDZU3_Ref_Design.gen/sources_1/bd/design_1/ip/design_1_v_mix_0_0/src/hls/hls_video_histogram.h 
INFO: [HLS 200-10] Adding design file '/home/e/Documents/research/byotee/OSDZU3_Ref_Design/OSDZU3_Ref_Design.gen/sources_1/bd/design_1/ip/design_1_v_mix_0_0/src/hls/hls_video_histogram.h' to the project
INFO: [HLS 200-1510] Running: add_files -cflags  -I /home/e/Documents/research/byotee/OSDZU3_Ref_Design/OSDZU3_Ref_Design.gen/sources_1/bd/design_1/ip/design_1_v_mix_0_0/src/hls -I /home/e/Documents/research/byotee/OSDZU3_Ref_Design/OSDZU3_Ref_Design.gen/sources_1/bd/design_1/ip/design_1_v_mix_0_0/src  /home/e/Documents/research/byotee/OSDZU3_Ref_Design/OSDZU3_Ref_Design.gen/sources_1/bd/design_1/ip/design_1_v_mix_0_0/src/hls/hls_video_hough.h 
INFO: [HLS 200-10] Adding design file '/home/e/Documents/research/byotee/OSDZU3_Ref_Design/OSDZU3_Ref_Design.gen/sources_1/bd/design_1/ip/design_1_v_mix_0_0/src/hls/hls_video_hough.h' to the project
INFO: [HLS 200-1510] Running: add_files -cflags  -I /home/e/Documents/research/byotee/OSDZU3_Ref_Design/OSDZU3_Ref_Design.gen/sources_1/bd/design_1/ip/design_1_v_mix_0_0/src/hls -I /home/e/Documents/research/byotee/OSDZU3_Ref_Design/OSDZU3_Ref_Design.gen/sources_1/bd/design_1/ip/design_1_v_mix_0_0/src  /home/e/Documents/research/byotee/OSDZU3_Ref_Design/OSDZU3_Ref_Design.gen/sources_1/bd/design_1/ip/design_1_v_mix_0_0/src/hls/hls_video_imgbase.h 
INFO: [HLS 200-10] Adding design file '/home/e/Documents/research/byotee/OSDZU3_Ref_Design/OSDZU3_Ref_Design.gen/sources_1/bd/design_1/ip/design_1_v_mix_0_0/src/hls/hls_video_imgbase.h' to the project
INFO: [HLS 200-1510] Running: add_files -cflags  -I /home/e/Documents/research/byotee/OSDZU3_Ref_Design/OSDZU3_Ref_Design.gen/sources_1/bd/design_1/ip/design_1_v_mix_0_0/src/hls -I /home/e/Documents/research/byotee/OSDZU3_Ref_Design/OSDZU3_Ref_Design.gen/sources_1/bd/design_1/ip/design_1_v_mix_0_0/src  /home/e/Documents/research/byotee/OSDZU3_Ref_Design/OSDZU3_Ref_Design.gen/sources_1/bd/design_1/ip/design_1_v_mix_0_0/src/hls/hls_video_imgproc.h 
INFO: [HLS 200-10] Adding design file '/home/e/Documents/research/byotee/OSDZU3_Ref_Design/OSDZU3_Ref_Design.gen/sources_1/bd/design_1/ip/design_1_v_mix_0_0/src/hls/hls_video_imgproc.h' to the project
INFO: [HLS 200-1510] Running: add_files -cflags  -I /home/e/Documents/research/byotee/OSDZU3_Ref_Design/OSDZU3_Ref_Design.gen/sources_1/bd/design_1/ip/design_1_v_mix_0_0/src/hls -I /home/e/Documents/research/byotee/OSDZU3_Ref_Design/OSDZU3_Ref_Design.gen/sources_1/bd/design_1/ip/design_1_v_mix_0_0/src  /home/e/Documents/research/byotee/OSDZU3_Ref_Design/OSDZU3_Ref_Design.gen/sources_1/bd/design_1/ip/design_1_v_mix_0_0/src/hls/hls_video_io.h 
INFO: [HLS 200-10] Adding design file '/home/e/Documents/research/byotee/OSDZU3_Ref_Design/OSDZU3_Ref_Design.gen/sources_1/bd/design_1/ip/design_1_v_mix_0_0/src/hls/hls_video_io.h' to the project
INFO: [HLS 200-1510] Running: add_files -cflags  -I /home/e/Documents/research/byotee/OSDZU3_Ref_Design/OSDZU3_Ref_Design.gen/sources_1/bd/design_1/ip/design_1_v_mix_0_0/src/hls -I /home/e/Documents/research/byotee/OSDZU3_Ref_Design/OSDZU3_Ref_Design.gen/sources_1/bd/design_1/ip/design_1_v_mix_0_0/src  /home/e/Documents/research/byotee/OSDZU3_Ref_Design/OSDZU3_Ref_Design.gen/sources_1/bd/design_1/ip/design_1_v_mix_0_0/src/hls/hls_video_mem.h 
INFO: [HLS 200-10] Adding design file '/home/e/Documents/research/byotee/OSDZU3_Ref_Design/OSDZU3_Ref_Design.gen/sources_1/bd/design_1/ip/design_1_v_mix_0_0/src/hls/hls_video_mem.h' to the project
INFO: [HLS 200-1510] Running: add_files -cflags  -I /home/e/Documents/research/byotee/OSDZU3_Ref_Design/OSDZU3_Ref_Design.gen/sources_1/bd/design_1/ip/design_1_v_mix_0_0/src/hls -I /home/e/Documents/research/byotee/OSDZU3_Ref_Design/OSDZU3_Ref_Design.gen/sources_1/bd/design_1/ip/design_1_v_mix_0_0/src  /home/e/Documents/research/byotee/OSDZU3_Ref_Design/OSDZU3_Ref_Design.gen/sources_1/bd/design_1/ip/design_1_v_mix_0_0/src/hls/hls_video_stereobm.h 
INFO: [HLS 200-10] Adding design file '/home/e/Documents/research/byotee/OSDZU3_Ref_Design/OSDZU3_Ref_Design.gen/sources_1/bd/design_1/ip/design_1_v_mix_0_0/src/hls/hls_video_stereobm.h' to the project
INFO: [HLS 200-1510] Running: add_files -cflags  -I /home/e/Documents/research/byotee/OSDZU3_Ref_Design/OSDZU3_Ref_Design.gen/sources_1/bd/design_1/ip/design_1_v_mix_0_0/src/hls -I /home/e/Documents/research/byotee/OSDZU3_Ref_Design/OSDZU3_Ref_Design.gen/sources_1/bd/design_1/ip/design_1_v_mix_0_0/src  /home/e/Documents/research/byotee/OSDZU3_Ref_Design/OSDZU3_Ref_Design.gen/sources_1/bd/design_1/ip/design_1_v_mix_0_0/src/hls/hls_video_types.h 
INFO: [HLS 200-10] Adding design file '/home/e/Documents/research/byotee/OSDZU3_Ref_Design/OSDZU3_Ref_Design.gen/sources_1/bd/design_1/ip/design_1_v_mix_0_0/src/hls/hls_video_types.h' to the project
INFO: [HLS 200-1510] Running: add_files -cflags  -I /home/e/Documents/research/byotee/OSDZU3_Ref_Design/OSDZU3_Ref_Design.gen/sources_1/bd/design_1/ip/design_1_v_mix_0_0/src/hls -I /home/e/Documents/research/byotee/OSDZU3_Ref_Design/OSDZU3_Ref_Design.gen/sources_1/bd/design_1/ip/design_1_v_mix_0_0/src  /home/e/Documents/research/byotee/OSDZU3_Ref_Design/OSDZU3_Ref_Design.gen/sources_1/bd/design_1/ip/design_1_v_mix_0_0/src/hls/hls_video_undistort.h 
INFO: [HLS 200-10] Adding design file '/home/e/Documents/research/byotee/OSDZU3_Ref_Design/OSDZU3_Ref_Design.gen/sources_1/bd/design_1/ip/design_1_v_mix_0_0/src/hls/hls_video_undistort.h' to the project
INFO: [HLS 200-1510] Running: create_clock -period 5 -name ap_clk 
INFO: [SYN 201-201] Setting up clock 'ap_clk' with a period of 5ns.
INFO: [HLS 200-1510] Running: config_interface -m_axi_flush_mode 
INFO: [HLS 200-1510] Running: config_interface -m_axi_conservative_mode 
INFO: [HLS 200-1510] Running: config_interface -m_axi_addr64=false 
INFO: [HLS 200-1510] Running: config_rtl -module_prefix design_1_v_mix_0_0_ 
INFO: [HLS 200-1510] Running: config_export -vendor xilinx.com -library ip -version 5.3 
INFO: [HLS 200-1510] Running: csynth_design 
INFO: [HLS 200-111] Finished File checks and directory preparation: CPU user time: 0.12 seconds. CPU system time: 0.07 seconds. Elapsed time: 0.17 seconds; current allocated memory: 247.645 MB.
INFO: [HLS 200-10] Analyzing design file '/home/e/Documents/research/byotee/OSDZU3_Ref_Design/OSDZU3_Ref_Design.gen/sources_1/bd/design_1/ip/design_1_v_mix_0_0/src/v_csc.cpp' ... 
WARNING: [HLS 207-1016] unknown warning group '-Wmisleading-indentation', ignored (/tools/Xilinx/2025.1/Vitis/common/technology/autopilot/etc/hls_sqrt_apfixed.h:16:34)
WARNING: [HLS 207-5539] 'Resource pragma' is deprecated, use 'bind_op/bind_storage pragma' instead (/home/e/Documents/research/byotee/OSDZU3_Ref_Design/OSDZU3_Ref_Design.runs/design_1_v_mix_0_0_synth_1/prj/sol/.autopilot/db/v_csc.cpp:967:9)
WARNING: [HLS 207-5544] extra token before variable expression is ignored (/home/e/Documents/research/byotee/OSDZU3_Ref_Design/OSDZU3_Ref_Design.runs/design_1_v_mix_0_0_synth_1/prj/sol/.autopilot/db/v_csc.cpp:967:31)
WARNING: [HLS 207-5539] 'Resource pragma' is deprecated, use 'bind_op/bind_storage pragma' instead (/home/e/Documents/research/byotee/OSDZU3_Ref_Design/OSDZU3_Ref_Design.runs/design_1_v_mix_0_0_synth_1/prj/sol/.autopilot/db/v_csc.cpp:1109:9)
WARNING: [HLS 207-5544] extra token before variable expression is ignored (/home/e/Documents/research/byotee/OSDZU3_Ref_Design/OSDZU3_Ref_Design.runs/design_1_v_mix_0_0_synth_1/prj/sol/.autopilot/db/v_csc.cpp:1109:31)
INFO: [HLS 200-10] Analyzing design file '/home/e/Documents/research/byotee/OSDZU3_Ref_Design/OSDZU3_Ref_Design.gen/sources_1/bd/design_1/ip/design_1_v_mix_0_0/src/v_dma.cpp' ... 
WARNING: [HLS 207-1016] unknown warning group '-Wmisleading-indentation', ignored (/tools/Xilinx/2025.1/Vitis/common/technology/autopilot/etc/hls_sqrt_apfixed.h:16:34)
WARNING: [HLS 207-5292] unused parameter 'videoFormat' (/home/e/Documents/research/byotee/OSDZU3_Ref_Design/OSDZU3_Ref_Design.runs/design_1_v_mix_0_0_synth_1/prj/sol/.autopilot/db/v_dma.cpp:56:11)
WARNING: [HLS 207-5292] unused parameter 'srcImg2' (/home/e/Documents/research/byotee/OSDZU3_Ref_Design/OSDZU3_Ref_Design.runs/design_1_v_mix_0_0_synth_1/prj/sol/.autopilot/db/v_dma.cpp:58:14)
WARNING: [HLS 207-5292] unused parameter 'videoFormat' (/home/e/Documents/research/byotee/OSDZU3_Ref_Design/OSDZU3_Ref_Design.runs/design_1_v_mix_0_0_synth_1/prj/sol/.autopilot/db/v_dma.cpp:130:11)
INFO: [HLS 200-10] Analyzing design file '/home/e/Documents/research/byotee/OSDZU3_Ref_Design/OSDZU3_Ref_Design.gen/sources_1/bd/design_1/ip/design_1_v_mix_0_0/src/v_mix.cpp' ... 
WARNING: [HLS 207-1016] unknown warning group '-Wmisleading-indentation', ignored (/tools/Xilinx/2025.1/Vitis/common/technology/autopilot/etc/hls_sqrt_apfixed.h:16:34)
WARNING: [HLS 207-5292] unused parameter 'layerScaleFactor' (/home/e/Documents/research/byotee/OSDZU3_Ref_Design/OSDZU3_Ref_Design.runs/design_1_v_mix_0_0_synth_1/prj/sol/.autopilot/db/v_mix.cpp:94:29)
WARNING: [HLS 207-5292] unused parameter 'layerScaleFactor' (/home/e/Documents/research/byotee/OSDZU3_Ref_Design/OSDZU3_Ref_Design.runs/design_1_v_mix_0_0_synth_1/prj/sol/.autopilot/db/v_mix.cpp:190:29)
WARNING: [HLS 207-5292] unused parameter 'srclayerAlpha' (/home/e/Documents/research/byotee/OSDZU3_Ref_Design/OSDZU3_Ref_Design.runs/design_1_v_mix_0_0_synth_1/prj/sol/.autopilot/db/v_mix.cpp:362:56)
WARNING: [HLS 207-5292] unused parameter 'srclayerAlpha' (/home/e/Documents/research/byotee/OSDZU3_Ref_Design/OSDZU3_Ref_Design.runs/design_1_v_mix_0_0_synth_1/prj/sol/.autopilot/db/v_mix.cpp:436:56)
WARNING: [HLS 207-5292] unused parameter 'layerVideoFormat' (/home/e/Documents/research/byotee/OSDZU3_Ref_Design/OSDZU3_Ref_Design.runs/design_1_v_mix_0_0_synth_1/prj/sol/.autopilot/db/v_mix.cpp:2235:6)
INFO: [HLS 200-111] Finished Source Code Analysis and Preprocessing: CPU user time: 42.4 seconds. CPU system time: 3.34 seconds. Elapsed time: 45.76 seconds; current allocated memory: 289.469 MB.
INFO: [HLS 200-777] Using interface defaults for 'Vivado' flow target.
INFO: [HLS 200-1995] There were 6,365 instructions in the design after the 'Compile/Link' phase of compilation. See the Design Size Report for more details (/home/e/Documents/research/byotee/OSDZU3_Ref_Design/OSDZU3_Ref_Design.runs/design_1_v_mix_0_0_synth_1/prj/sol/syn/report/csynth_design_size.rpt:2)
INFO: [HLS 200-1995] There were 3,194 instructions in the design after the 'Unroll/Inline (step 1)' phase of compilation. See the Design Size Report for more details (/home/e/Documents/research/byotee/OSDZU3_Ref_Design/OSDZU3_Ref_Design.runs/design_1_v_mix_0_0_synth_1/prj/sol/syn/report/csynth_design_size.rpt:2)
INFO: [HLS 200-1995] There were 2,121 instructions in the design after the 'Unroll/Inline (step 2)' phase of compilation. See the Design Size Report for more details (/home/e/Documents/research/byotee/OSDZU3_Ref_Design/OSDZU3_Ref_Design.runs/design_1_v_mix_0_0_synth_1/prj/sol/syn/report/csynth_design_size.rpt:2)
INFO: [HLS 200-1995] There were 2,179 instructions in the design after the 'Unroll/Inline (step 3)' phase of compilation. See the Design Size Report for more details (/home/e/Documents/research/byotee/OSDZU3_Ref_Design/OSDZU3_Ref_Design.runs/design_1_v_mix_0_0_synth_1/prj/sol/syn/report/csynth_design_size.rpt:2)
INFO: [HLS 200-1995] There were 2,175 instructions in the design after the 'Unroll/Inline (step 4)' phase of compilation. See the Design Size Report for more details (/home/e/Documents/research/byotee/OSDZU3_Ref_Design/OSDZU3_Ref_Design.runs/design_1_v_mix_0_0_synth_1/prj/sol/syn/report/csynth_design_size.rpt:2)
INFO: [HLS 200-1995] There were 1,637 instructions in the design after the 'Array/Struct (step 1)' phase of compilation. See the Design Size Report for more details (/home/e/Documents/research/byotee/OSDZU3_Ref_Design/OSDZU3_Ref_Design.runs/design_1_v_mix_0_0_synth_1/prj/sol/syn/report/csynth_design_size.rpt:2)
INFO: [HLS 200-1995] There were 1,585 instructions in the design after the 'Array/Struct (step 2)' phase of compilation. See the Design Size Report for more details (/home/e/Documents/research/byotee/OSDZU3_Ref_Design/OSDZU3_Ref_Design.runs/design_1_v_mix_0_0_synth_1/prj/sol/syn/report/csynth_design_size.rpt:2)
INFO: [HLS 200-1995] There were 1,615 instructions in the design after the 'Array/Struct (step 3)' phase of compilation. See the Design Size Report for more details (/home/e/Documents/research/byotee/OSDZU3_Ref_Design/OSDZU3_Ref_Design.runs/design_1_v_mix_0_0_synth_1/prj/sol/syn/report/csynth_design_size.rpt:2)
INFO: [HLS 200-1995] There were 2,009 instructions in the design after the 'Array/Struct (step 4)' phase of compilation. See the Design Size Report for more details (/home/e/Documents/research/byotee/OSDZU3_Ref_Design/OSDZU3_Ref_Design.runs/design_1_v_mix_0_0_synth_1/prj/sol/syn/report/csynth_design_size.rpt:2)
INFO: [HLS 200-1995] There were 2,391 instructions in the design after the 'Array/Struct (step 5)' phase of compilation. See the Design Size Report for more details (/home/e/Documents/research/byotee/OSDZU3_Ref_Design/OSDZU3_Ref_Design.runs/design_1_v_mix_0_0_synth_1/prj/sol/syn/report/csynth_design_size.rpt:2)
INFO: [HLS 200-1995] There were 2,318 instructions in the design after the 'Performance (step 1)' phase of compilation. See the Design Size Report for more details (/home/e/Documents/research/byotee/OSDZU3_Ref_Design/OSDZU3_Ref_Design.runs/design_1_v_mix_0_0_synth_1/prj/sol/syn/report/csynth_design_size.rpt:2)
INFO: [HLS 200-1995] There were 2,219 instructions in the design after the 'Performance (step 2)' phase of compilation. See the Design Size Report for more details (/home/e/Documents/research/byotee/OSDZU3_Ref_Design/OSDZU3_Ref_Design.runs/design_1_v_mix_0_0_synth_1/prj/sol/syn/report/csynth_design_size.rpt:2)
INFO: [HLS 200-1995] There were 1,992 instructions in the design after the 'Performance (step 3)' phase of compilation. See the Design Size Report for more details (/home/e/Documents/research/byotee/OSDZU3_Ref_Design/OSDZU3_Ref_Design.runs/design_1_v_mix_0_0_synth_1/prj/sol/syn/report/csynth_design_size.rpt:2)
INFO: [HLS 200-1995] There were 1,992 instructions in the design after the 'Performance (step 4)' phase of compilation. See the Design Size Report for more details (/home/e/Documents/research/byotee/OSDZU3_Ref_Design/OSDZU3_Ref_Design.runs/design_1_v_mix_0_0_synth_1/prj/sol/syn/report/csynth_design_size.rpt:2)
INFO: [HLS 200-1995] There were 1,905 instructions in the design after the 'HW Transforms (step 1)' phase of compilation. See the Design Size Report for more details (/home/e/Documents/research/byotee/OSDZU3_Ref_Design/OSDZU3_Ref_Design.runs/design_1_v_mix_0_0_synth_1/prj/sol/syn/report/csynth_design_size.rpt:2)
INFO: [HLS 200-1995] There were 1,778 instructions in the design after the 'HW Transforms (step 2)' phase of compilation. See the Design Size Report for more details (/home/e/Documents/research/byotee/OSDZU3_Ref_Design/OSDZU3_Ref_Design.runs/design_1_v_mix_0_0_synth_1/prj/sol/syn/report/csynth_design_size.rpt:2)
INFO: [HLS 214-131] Inlining function 'void hls::AXIGetBitFields<24, ap_uint<8> >(ap_uint<24>, int, int, ap_uint<8>&)' into 'void hls::AXIGetBitFields<24, ap_uint<8> >(hls::axis<ap_uint<24>, 1ul, 1ul, 1ul, (unsigned char)56, false>, int, int, ap_uint<8>&)' (/home/e/Documents/research/byotee/OSDZU3_Ref_Design/OSDZU3_Ref_Design.gen/sources_1/bd/design_1/ip/design_1_v_mix_0_0/src/hls/hls_axi_io.h:85:2)
INFO: [HLS 214-131] Inlining function 'hls::Scalar<3, ap_uint<8> >::Scalar()' into 'AXIvideo2MultiPixStream(hls::stream<hls::axis<ap_uint<24>, 1ul, 1ul, 1ul, (unsigned char)56, false>, 0>&, hls::stream<hls::Scalar<3, ap_uint<8> >, 0>&, unsigned short, unsigned short, bool, unsigned char)' (/home/e/Documents/research/byotee/OSDZU3_Ref_Design/OSDZU3_Ref_Design.runs/design_1_v_mix_0_0_synth_1/prj/sol/.autopilot/db/v_mix.cpp:3363:18)
INFO: [HLS 214-131] Inlining function 'void hls::AXIGetBitFields<24, ap_uint<8> >(hls::axis<ap_uint<24>, 1ul, 1ul, 1ul, (unsigned char)56, false>, int, int, ap_uint<8>&)' into 'AXIvideo2MultiPixStream(hls::stream<hls::axis<ap_uint<24>, 1ul, 1ul, 1ul, (unsigned char)56, false>, 0>&, hls::stream<hls::Scalar<3, ap_uint<8> >, 0>&, unsigned short, unsigned short, bool, unsigned char)' (/home/e/Documents/research/byotee/OSDZU3_Ref_Design/OSDZU3_Ref_Design.runs/design_1_v_mix_0_0_synth_1/prj/sol/.autopilot/db/v_mix.cpp:3419:7)
INFO: [HLS 214-131] Inlining function 'hls::Scalar<3, ap_uint<8> >::Scalar()' into 'void v_mix_420_to_422<false>(hls::stream<hls::Scalar<3, ap_uint<8> >, 0>&, unsigned short, unsigned short, bool, hls::stream<hls::Scalar<3, ap_uint<8> >, 0>&)' (/home/e/Documents/research/byotee/OSDZU3_Ref_Design/OSDZU3_Ref_Design.runs/design_1_v_mix_0_0_synth_1/prj/sol/.autopilot/db/v_csc.cpp:67:18)
INFO: [HLS 214-131] Inlining function 'hls::Scalar<3, ap_uint<8> >::Scalar()' into 'void v_mix_422_to_444<false>(hls::stream<hls::Scalar<3, ap_uint<8> >, 0>&, unsigned short, unsigned short, bool, hls::stream<hls::Scalar<3, ap_uint<8> >, 0>&)' (/home/e/Documents/research/byotee/OSDZU3_Ref_Design/OSDZU3_Ref_Design.runs/design_1_v_mix_0_0_synth_1/prj/sol/.autopilot/db/v_csc.cpp:96:18)
INFO: [HLS 214-131] Inlining function 'hls::Scalar<3, ap_uint<8> >::Scalar()' into 'void v_mix_yuv2rgb<false>(hls::stream<hls::Scalar<3, ap_uint<8> >, 0>&, unsigned short, unsigned short, bool, hls::stream<hls::Scalar<3, ap_uint<8> >, 0>&)' (/home/e/Documents/research/byotee/OSDZU3_Ref_Design/OSDZU3_Ref_Design.runs/design_1_v_mix_0_0_synth_1/prj/sol/.autopilot/db/v_csc.cpp:888:18)
INFO: [HLS 214-131] Inlining function 'hls::Scalar<3, ap_uint<8> >::Scalar()' into 'void v_mix_422_to_444<true>(hls::stream<hls::Scalar<3, ap_uint<8> >, 0>&, unsigned short, unsigned short, bool, hls::stream<hls::Scalar<3, ap_uint<8> >, 0>&)' (/home/e/Documents/research/byotee/OSDZU3_Ref_Design/OSDZU3_Ref_Design.runs/design_1_v_mix_0_0_synth_1/prj/sol/.autopilot/db/v_csc.cpp:141:18)
INFO: [HLS 214-131] Inlining function 'hls::Scalar<1, ap_uint<8> >::Scalar()' into 'void v_mix_422_to_444<true>(hls::stream<hls::Scalar<3, ap_uint<8> >, 0>&, unsigned short, unsigned short, bool, hls::stream<hls::Scalar<3, ap_uint<8> >, 0>&)' (/home/e/Documents/research/byotee/OSDZU3_Ref_Design/OSDZU3_Ref_Design.runs/design_1_v_mix_0_0_synth_1/prj/sol/.autopilot/db/v_csc.cpp:150:37)
INFO: [HLS 214-131] Inlining function 'hls::Scalar<3, ap_uint<8> >::Scalar()' into 'void v_mix_yuv2rgb<true>(hls::stream<hls::Scalar<3, ap_uint<8> >, 0>&, unsigned short, unsigned short, bool, hls::stream<hls::Scalar<3, ap_uint<8> >, 0>&)' (/home/e/Documents/research/byotee/OSDZU3_Ref_Design/OSDZU3_Ref_Design.runs/design_1_v_mix_0_0_synth_1/prj/sol/.autopilot/db/v_csc.cpp:931:18)
INFO: [HLS 214-131] Inlining function 'hls::Scalar<3, ap_uint<8> >::Scalar()' into 'void v_mix_upsample<false>(hls::stream<hls::Scalar<3, ap_uint<8> >, 0>&, unsigned short, unsigned short, bool, unsigned char&, hls::stream<hls::Scalar<3, ap_uint<8> >, 0>&)' (/home/e/Documents/research/byotee/OSDZU3_Ref_Design/OSDZU3_Ref_Design.runs/design_1_v_mix_0_0_synth_1/prj/sol/.autopilot/db/v_mix.cpp:98:18)
INFO: [HLS 214-131] Inlining function 'hls::Scalar<3, ap_uint<8> >::Scalar()' into 'void v_mix_core_alpha<false, false>(hls::stream<hls::Scalar<3, ap_uint<8> >, 0>&, hls::stream<hls::Scalar<3, ap_uint<8> >, 0>&, hls::stream<hls::Scalar<1, unsigned char>, 0>&, mix_hw_struct&, unsigned char, hls::stream<hls::Scalar<3, ap_uint<8> >, 0>&)' (/home/e/Documents/research/byotee/OSDZU3_Ref_Design/OSDZU3_Ref_Design.runs/design_1_v_mix_0_0_synth_1/prj/sol/.autopilot/db/v_mix.cpp:441:18)
INFO: [HLS 214-131] Inlining function 'hls::Scalar<3, ap_uint<8> >::Scalar()' into 'void v_mix_core_alpha<true, false>(hls::stream<hls::Scalar<3, ap_uint<8> >, 0>&, hls::stream<hls::Scalar<3, ap_uint<8> >, 0>&, hls::stream<hls::Scalar<1, unsigned char>, 0>&, mix_hw_struct&, unsigned char, hls::stream<hls::Scalar<3, ap_uint<8> >, 0>&)' (/home/e/Documents/research/byotee/OSDZU3_Ref_Design/OSDZU3_Ref_Design.runs/design_1_v_mix_0_0_synth_1/prj/sol/.autopilot/db/v_mix.cpp:367:18)
INFO: [HLS 214-131] Inlining function 'hls::Scalar<3, ap_uint<8> >::Scalar()' into 'void v_mix_rgb2yuv<false>(hls::stream<hls::Scalar<3, ap_uint<8> >, 0>&, unsigned short&, unsigned short&, hls::stream<hls::Scalar<3, ap_uint<8> >, 0>&)' (/home/e/Documents/research/byotee/OSDZU3_Ref_Design/OSDZU3_Ref_Design.runs/design_1_v_mix_0_0_synth_1/prj/sol/.autopilot/db/v_csc.cpp:1035:18)
INFO: [HLS 214-131] Inlining function 'hls::Scalar<3, ap_uint<8> >::Scalar()' into 'void v_mix_444_to_422<false>(hls::stream<hls::Scalar<3, ap_uint<8> >, 0>&, unsigned short&, unsigned short&, hls::stream<hls::Scalar<3, ap_uint<8> >, 0>&)' (/home/e/Documents/research/byotee/OSDZU3_Ref_Design/OSDZU3_Ref_Design.runs/design_1_v_mix_0_0_synth_1/prj/sol/.autopilot/db/v_csc.cpp:711:18)
INFO: [HLS 214-131] Inlining function 'hls::Scalar<3, ap_uint<8> >::Scalar()' into 'void v_mix_422_to_420<false>(hls::stream<hls::Scalar<3, ap_uint<8> >, 0>&, unsigned short&, unsigned short&, hls::stream<hls::Scalar<3, ap_uint<8> >, 0>&)' (/home/e/Documents/research/byotee/OSDZU3_Ref_Design/OSDZU3_Ref_Design.runs/design_1_v_mix_0_0_synth_1/prj/sol/.autopilot/db/v_csc.cpp:501:18)
INFO: [HLS 214-131] Inlining function 'hls::Scalar<3, ap_uint<8> >::Scalar()' into 'MultiPixStream2AXIvideo(hls::stream<hls::Scalar<3, ap_uint<8> >, 0>&, hls::stream<hls::axis<ap_uint<24>, 1ul, 1ul, 1ul, (unsigned char)56, false>, 0>&, unsigned short, unsigned short, unsigned char)' (/home/e/Documents/research/byotee/OSDZU3_Ref_Design/OSDZU3_Ref_Design.runs/design_1_v_mix_0_0_synth_1/prj/sol/.autopilot/db/v_mix.cpp:3462:18)
INFO: [HLS 214-377] Adding 'pix' into disaggregation list because there's array-partition pragma applied on the struct field (/home/e/Documents/research/byotee/OSDZU3_Ref_Design/OSDZU3_Ref_Design.gen/sources_1/bd/design_1/ip/design_1_v_mix_0_0/src/hls/hls_video_core.h:198:9)
INFO: [HLS 214-377] Adding 'srcpix' into disaggregation list because there's array-partition pragma applied on the struct field (/home/e/Documents/research/byotee/OSDZU3_Ref_Design/OSDZU3_Ref_Design.gen/sources_1/bd/design_1/ip/design_1_v_mix_0_0/src/hls/hls_video_core.h:198:9)
INFO: [HLS 214-377] Adding 'dstpix' into disaggregation list because there's array-partition pragma applied on the struct field (/home/e/Documents/research/byotee/OSDZU3_Ref_Design/OSDZU3_Ref_Design.gen/sources_1/bd/design_1/ip/design_1_v_mix_0_0/src/hls/hls_video_core.h:198:9)
INFO: [HLS 214-377] Adding 'bkgpix' into disaggregation list because there's array-partition pragma applied on the struct field (/home/e/Documents/research/byotee/OSDZU3_Ref_Design/OSDZU3_Ref_Design.gen/sources_1/bd/design_1/ip/design_1_v_mix_0_0/src/hls/hls_video_core.h:198:9)
INFO: [HLS 214-377] Adding 'lyrpix' into disaggregation list because there's array-partition pragma applied on the struct field (/home/e/Documents/research/byotee/OSDZU3_Ref_Design/OSDZU3_Ref_Design.gen/sources_1/bd/design_1/ip/design_1_v_mix_0_0/src/hls/hls_video_core.h:198:9)
INFO: [HLS 214-377] Adding 'outpix' into disaggregation list because there's array-partition pragma applied on the struct field (/home/e/Documents/research/byotee/OSDZU3_Ref_Design/OSDZU3_Ref_Design.gen/sources_1/bd/design_1/ip/design_1_v_mix_0_0/src/hls/hls_video_core.h:198:9)
INFO: [HLS 214-377] Adding 'mpix_y' into disaggregation list because there's array-partition pragma applied on the struct field (/home/e/Documents/research/byotee/OSDZU3_Ref_Design/OSDZU3_Ref_Design.gen/sources_1/bd/design_1/ip/design_1_v_mix_0_0/src/hls/hls_video_core.h:198:9)
INFO: [HLS 214-377] Adding 'mpix_cb' into disaggregation list because there's array-partition pragma applied on the struct field (/home/e/Documents/research/byotee/OSDZU3_Ref_Design/OSDZU3_Ref_Design.gen/sources_1/bd/design_1/ip/design_1_v_mix_0_0/src/hls/hls_video_core.h:198:9)
INFO: [HLS 214-377] Adding 'mpix_cr' into disaggregation list because there's array-partition pragma applied on the struct field (/home/e/Documents/research/byotee/OSDZU3_Ref_Design/OSDZU3_Ref_Design.gen/sources_1/bd/design_1/ip/design_1_v_mix_0_0/src/hls/hls_video_core.h:198:9)
INFO: [HLS 214-377] Adding 'pixbuf_y' into disaggregation list because there's array-partition pragma applied on the struct field (/home/e/Documents/research/byotee/OSDZU3_Ref_Design/OSDZU3_Ref_Design.gen/sources_1/bd/design_1/ip/design_1_v_mix_0_0/src/hls/hls_video_core.h:198:9)
INFO: [HLS 214-377] Adding 'pixbuf_cb' into disaggregation list because there's array-partition pragma applied on the struct field (/home/e/Documents/research/byotee/OSDZU3_Ref_Design/OSDZU3_Ref_Design.gen/sources_1/bd/design_1/ip/design_1_v_mix_0_0/src/hls/hls_video_core.h:198:9)
INFO: [HLS 214-377] Adding 'pixbuf_cr' into disaggregation list because there's array-partition pragma applied on the struct field (/home/e/Documents/research/byotee/OSDZU3_Ref_Design/OSDZU3_Ref_Design.gen/sources_1/bd/design_1/ip/design_1_v_mix_0_0/src/hls/hls_video_core.h:198:9)
INFO: [HLS 214-377] Adding 'inpix' into disaggregation list because there's array-partition pragma applied on the struct field (/home/e/Documents/research/byotee/OSDZU3_Ref_Design/OSDZU3_Ref_Design.gen/sources_1/bd/design_1/ip/design_1_v_mix_0_0/src/hls/hls_video_core.h:198:9)
INFO: [HLS 214-377] Adding 'HwReg' into disaggregation list because there's array-partition pragma applied on the struct field (/home/e/Documents/research/byotee/OSDZU3_Ref_Design/OSDZU3_Ref_Design.runs/design_1_v_mix_0_0_synth_1/prj/sol/.autopilot/db/v_mix.cpp:2821:9)
INFO: [HLS 214-377] Adding 'HwReg' into disaggregation list because there's array-partition pragma applied on the struct field (/home/e/Documents/research/byotee/OSDZU3_Ref_Design/OSDZU3_Ref_Design.runs/design_1_v_mix_0_0_synth_1/prj/sol/.autopilot/db/v_mix.cpp:2820:9)
INFO: [HLS 214-377] Adding 'HwReg' into disaggregation list because there's array-partition pragma applied on the struct field (/home/e/Documents/research/byotee/OSDZU3_Ref_Design/OSDZU3_Ref_Design.runs/design_1_v_mix_0_0_synth_1/prj/sol/.autopilot/db/v_mix.cpp:2819:9)
INFO: [HLS 214-377] Adding 'HwReg' into disaggregation list because there's array-partition pragma applied on the struct field (/home/e/Documents/research/byotee/OSDZU3_Ref_Design/OSDZU3_Ref_Design.runs/design_1_v_mix_0_0_synth_1/prj/sol/.autopilot/db/v_mix.cpp:2818:9)
INFO: [HLS 214-377] Adding 'HwReg' into disaggregation list because there's array-partition pragma applied on the struct field (/home/e/Documents/research/byotee/OSDZU3_Ref_Design/OSDZU3_Ref_Design.runs/design_1_v_mix_0_0_synth_1/prj/sol/.autopilot/db/v_mix.cpp:2817:9)
INFO: [HLS 214-377] Adding 'HwReg' into disaggregation list because there's array-partition pragma applied on the struct field (/home/e/Documents/research/byotee/OSDZU3_Ref_Design/OSDZU3_Ref_Design.runs/design_1_v_mix_0_0_synth_1/prj/sol/.autopilot/db/v_mix.cpp:2816:9)
INFO: [HLS 214-377] Adding 'HwReg' into disaggregation list because there's array-partition pragma applied on the struct field (/home/e/Documents/research/byotee/OSDZU3_Ref_Design/OSDZU3_Ref_Design.runs/design_1_v_mix_0_0_synth_1/prj/sol/.autopilot/db/v_mix.cpp:2815:9)
INFO: [HLS 214-377] Adding 'HwReg' into disaggregation list because there's array-partition pragma applied on the struct field (/home/e/Documents/research/byotee/OSDZU3_Ref_Design/OSDZU3_Ref_Design.runs/design_1_v_mix_0_0_synth_1/prj/sol/.autopilot/db/v_mix.cpp:2814:9)
INFO: [HLS 214-210] Disaggregating variable 'pix' (/home/e/Documents/research/byotee/OSDZU3_Ref_Design/OSDZU3_Ref_Design.runs/design_1_v_mix_0_0_synth_1/prj/sol/.autopilot/db/v_mix.cpp:3363:18)
INFO: [HLS 214-210] Disaggregating variable 'srcpix' (/home/e/Documents/research/byotee/OSDZU3_Ref_Design/OSDZU3_Ref_Design.runs/design_1_v_mix_0_0_synth_1/prj/sol/.autopilot/db/v_csc.cpp:67:18)
INFO: [HLS 214-210] Disaggregating variable 'srcpix' (/home/e/Documents/research/byotee/OSDZU3_Ref_Design/OSDZU3_Ref_Design.runs/design_1_v_mix_0_0_synth_1/prj/sol/.autopilot/db/v_csc.cpp:96:18)
INFO: [HLS 214-210] Disaggregating variable 'srcpix' (/home/e/Documents/research/byotee/OSDZU3_Ref_Design/OSDZU3_Ref_Design.runs/design_1_v_mix_0_0_synth_1/prj/sol/.autopilot/db/v_csc.cpp:888:18)
INFO: [HLS 214-210] Disaggregating variable 'pixbuf_cr' (/home/e/Documents/research/byotee/OSDZU3_Ref_Design/OSDZU3_Ref_Design.runs/design_1_v_mix_0_0_synth_1/prj/sol/.autopilot/db/v_csc.cpp:150:37)
INFO: [HLS 214-210] Disaggregating variable 'pixbuf_cb' (/home/e/Documents/research/byotee/OSDZU3_Ref_Design/OSDZU3_Ref_Design.runs/design_1_v_mix_0_0_synth_1/prj/sol/.autopilot/db/v_csc.cpp:150:10)
INFO: [HLS 214-210] Disaggregating variable 'pixbuf_y' (/home/e/Documents/research/byotee/OSDZU3_Ref_Design/OSDZU3_Ref_Design.runs/design_1_v_mix_0_0_synth_1/prj/sol/.autopilot/db/v_csc.cpp:149:10)
INFO: [HLS 214-210] Disaggregating variable 'mpix_cr' (/home/e/Documents/research/byotee/OSDZU3_Ref_Design/OSDZU3_Ref_Design.runs/design_1_v_mix_0_0_synth_1/prj/sol/.autopilot/db/v_csc.cpp:144:25)
INFO: [HLS 214-210] Disaggregating variable 'mpix_cb' (/home/e/Documents/research/byotee/OSDZU3_Ref_Design/OSDZU3_Ref_Design.runs/design_1_v_mix_0_0_synth_1/prj/sol/.autopilot/db/v_csc.cpp:144:16)
INFO: [HLS 214-210] Disaggregating variable 'mpix_y' (/home/e/Documents/research/byotee/OSDZU3_Ref_Design/OSDZU3_Ref_Design.runs/design_1_v_mix_0_0_synth_1/prj/sol/.autopilot/db/v_csc.cpp:143:16)
INFO: [HLS 214-210] Disaggregating variable 'outpix' (/home/e/Documents/research/byotee/OSDZU3_Ref_Design/OSDZU3_Ref_Design.runs/design_1_v_mix_0_0_synth_1/prj/sol/.autopilot/db/v_csc.cpp:142:18)
INFO: [HLS 214-210] Disaggregating variable 'inpix' (/home/e/Documents/research/byotee/OSDZU3_Ref_Design/OSDZU3_Ref_Design.runs/design_1_v_mix_0_0_synth_1/prj/sol/.autopilot/db/v_csc.cpp:141:18)
INFO: [HLS 214-210] Disaggregating variable 'dstpix' (/home/e/Documents/research/byotee/OSDZU3_Ref_Design/OSDZU3_Ref_Design.runs/design_1_v_mix_0_0_synth_1/prj/sol/.autopilot/db/v_csc.cpp:932:18)
INFO: [HLS 214-210] Disaggregating variable 'srcpix' (/home/e/Documents/research/byotee/OSDZU3_Ref_Design/OSDZU3_Ref_Design.runs/design_1_v_mix_0_0_synth_1/prj/sol/.autopilot/db/v_csc.cpp:931:18)
INFO: [HLS 214-210] Disaggregating variable 'srcpix' (/home/e/Documents/research/byotee/OSDZU3_Ref_Design/OSDZU3_Ref_Design.runs/design_1_v_mix_0_0_synth_1/prj/sol/.autopilot/db/v_mix.cpp:98:18)
INFO: [HLS 214-210] Disaggregating variable 'bkgpix' (/home/e/Documents/research/byotee/OSDZU3_Ref_Design/OSDZU3_Ref_Design.runs/design_1_v_mix_0_0_synth_1/prj/sol/.autopilot/db/v_mix.cpp:444:18)
INFO: [HLS 214-210] Disaggregating variable 'dstpix' (/home/e/Documents/research/byotee/OSDZU3_Ref_Design/OSDZU3_Ref_Design.runs/design_1_v_mix_0_0_synth_1/prj/sol/.autopilot/db/v_mix.cpp:443:18)
INFO: [HLS 214-210] Disaggregating variable 'srcpix' (/home/e/Documents/research/byotee/OSDZU3_Ref_Design/OSDZU3_Ref_Design.runs/design_1_v_mix_0_0_synth_1/prj/sol/.autopilot/db/v_mix.cpp:441:18)
INFO: [HLS 214-210] Disaggregating variable 'bkgpix' (/home/e/Documents/research/byotee/OSDZU3_Ref_Design/OSDZU3_Ref_Design.runs/design_1_v_mix_0_0_synth_1/prj/sol/.autopilot/db/v_mix.cpp:370:18)
INFO: [HLS 214-210] Disaggregating variable 'dstpix' (/home/e/Documents/research/byotee/OSDZU3_Ref_Design/OSDZU3_Ref_Design.runs/design_1_v_mix_0_0_synth_1/prj/sol/.autopilot/db/v_mix.cpp:369:18)
INFO: [HLS 214-210] Disaggregating variable 'lyrpix' (/home/e/Documents/research/byotee/OSDZU3_Ref_Design/OSDZU3_Ref_Design.runs/design_1_v_mix_0_0_synth_1/prj/sol/.autopilot/db/v_mix.cpp:368:18)
INFO: [HLS 214-210] Disaggregating variable 'srcpix' (/home/e/Documents/research/byotee/OSDZU3_Ref_Design/OSDZU3_Ref_Design.runs/design_1_v_mix_0_0_synth_1/prj/sol/.autopilot/db/v_mix.cpp:367:18)
INFO: [HLS 214-210] Disaggregating variable 'srcpix' (/home/e/Documents/research/byotee/OSDZU3_Ref_Design/OSDZU3_Ref_Design.runs/design_1_v_mix_0_0_synth_1/prj/sol/.autopilot/db/v_csc.cpp:1035:18)
INFO: [HLS 214-210] Disaggregating variable 'srcpix' (/home/e/Documents/research/byotee/OSDZU3_Ref_Design/OSDZU3_Ref_Design.runs/design_1_v_mix_0_0_synth_1/prj/sol/.autopilot/db/v_csc.cpp:711:18)
INFO: [HLS 214-210] Disaggregating variable 'srcpix' (/home/e/Documents/research/byotee/OSDZU3_Ref_Design/OSDZU3_Ref_Design.runs/design_1_v_mix_0_0_synth_1/prj/sol/.autopilot/db/v_csc.cpp:501:18)
INFO: [HLS 214-210] Disaggregating variable 'pix' (/home/e/Documents/research/byotee/OSDZU3_Ref_Design/OSDZU3_Ref_Design.runs/design_1_v_mix_0_0_synth_1/prj/sol/.autopilot/db/v_mix.cpp:3462:18)
INFO: [HLS 214-210] Disaggregating variable 'HwReg' (/home/e/Documents/research/byotee/OSDZU3_Ref_Design/OSDZU3_Ref_Design.runs/design_1_v_mix_0_0_synth_1/prj/sol/.autopilot/db/v_mix.cpp:2813:22)
INFO: [HLS 214-291] Loop 'VITIS_LOOP_3543_4' is marked as complete unroll implied by the pipeline pragma (/home/e/Documents/research/byotee/OSDZU3_Ref_Design/OSDZU3_Ref_Design.runs/design_1_v_mix_0_0_synth_1/prj/sol/.autopilot/db/v_mix.cpp:3543:23)
INFO: [HLS 214-291] Loop 'VITIS_LOOP_3545_5' is marked as complete unroll implied by the pipeline pragma (/home/e/Documents/research/byotee/OSDZU3_Ref_Design/OSDZU3_Ref_Design.runs/design_1_v_mix_0_0_synth_1/prj/sol/.autopilot/db/v_mix.cpp:3545:24)
INFO: [HLS 214-291] Loop 'VITIS_LOOP_419_4' is marked as complete unroll implied by the pipeline pragma (/home/e/Documents/research/byotee/OSDZU3_Ref_Design/OSDZU3_Ref_Design.runs/design_1_v_mix_0_0_synth_1/prj/sol/.autopilot/db/v_mix.cpp:419:22)
INFO: [HLS 214-291] Loop 'VITIS_LOOP_421_5' is marked as complete unroll implied by the pipeline pragma (/home/e/Documents/research/byotee/OSDZU3_Ref_Design/OSDZU3_Ref_Design.runs/design_1_v_mix_0_0_synth_1/prj/sol/.autopilot/db/v_mix.cpp:421:23)
INFO: [HLS 214-291] Loop 'VITIS_LOOP_486_4' is marked as complete unroll implied by the pipeline pragma (/home/e/Documents/research/byotee/OSDZU3_Ref_Design/OSDZU3_Ref_Design.runs/design_1_v_mix_0_0_synth_1/prj/sol/.autopilot/db/v_mix.cpp:486:22)
INFO: [HLS 214-291] Loop 'VITIS_LOOP_488_5' is marked as complete unroll implied by the pipeline pragma (/home/e/Documents/research/byotee/OSDZU3_Ref_Design/OSDZU3_Ref_Design.runs/design_1_v_mix_0_0_synth_1/prj/sol/.autopilot/db/v_mix.cpp:488:23)
INFO: [HLS 214-291] Loop 'VITIS_LOOP_950_3' is marked as complete unroll implied by the pipeline pragma (/home/e/Documents/research/byotee/OSDZU3_Ref_Design/OSDZU3_Ref_Design.runs/design_1_v_mix_0_0_synth_1/prj/sol/.autopilot/db/v_csc.cpp:950:23)
INFO: [HLS 214-291] Loop 'VITIS_LOOP_174_3' is marked as complete unroll implied by the pipeline pragma (/home/e/Documents/research/byotee/OSDZU3_Ref_Design/OSDZU3_Ref_Design.runs/design_1_v_mix_0_0_synth_1/prj/sol/.autopilot/db/v_csc.cpp:174:24)
INFO: [HLS 214-291] Loop 'VITIS_LOOP_190_4' is marked as complete unroll implied by the pipeline pragma (/home/e/Documents/research/byotee/OSDZU3_Ref_Design/OSDZU3_Ref_Design.runs/design_1_v_mix_0_0_synth_1/prj/sol/.autopilot/db/v_csc.cpp:190:20)
INFO: [HLS 214-291] Loop 'VITIS_LOOP_195_5' is marked as complete unroll implied by the pipeline pragma (/home/e/Documents/research/byotee/OSDZU3_Ref_Design/OSDZU3_Ref_Design.runs/design_1_v_mix_0_0_synth_1/prj/sol/.autopilot/db/v_csc.cpp:195:23)
INFO: [HLS 214-291] Loop 'VITIS_LOOP_211_6' is marked as complete unroll implied by the pipeline pragma (/home/e/Documents/research/byotee/OSDZU3_Ref_Design/OSDZU3_Ref_Design.runs/design_1_v_mix_0_0_synth_1/prj/sol/.autopilot/db/v_csc.cpp:211:23)
INFO: [HLS 214-291] Loop 'VITIS_LOOP_225_7' is marked as complete unroll implied by the pipeline pragma (/home/e/Documents/research/byotee/OSDZU3_Ref_Design/OSDZU3_Ref_Design.runs/design_1_v_mix_0_0_synth_1/prj/sol/.autopilot/db/v_csc.cpp:225:25)
INFO: [HLS 214-291] Loop 'VITIS_LOOP_244_8' is marked as complete unroll implied by the pipeline pragma (/home/e/Documents/research/byotee/OSDZU3_Ref_Design/OSDZU3_Ref_Design.runs/design_1_v_mix_0_0_synth_1/prj/sol/.autopilot/db/v_csc.cpp:244:25)
INFO: [HLS 214-291] Loop 'VITIS_LOOP_252_9' is marked as complete unroll implied by the pipeline pragma (/home/e/Documents/research/byotee/OSDZU3_Ref_Design/OSDZU3_Ref_Design.runs/design_1_v_mix_0_0_synth_1/prj/sol/.autopilot/db/v_csc.cpp:252:23)
INFO: [HLS 214-291] Loop 'VITIS_LOOP_3409_1' is marked as complete unroll implied by the pipeline pragma (/home/e/Documents/research/byotee/OSDZU3_Ref_Design/OSDZU3_Ref_Design.runs/design_1_v_mix_0_0_synth_1/prj/sol/.autopilot/db/v_mix.cpp:3409:24)
INFO: [HLS 214-291] Loop 'VITIS_LOOP_3411_2' is marked as complete unroll implied by the pipeline pragma (/home/e/Documents/research/byotee/OSDZU3_Ref_Design/OSDZU3_Ref_Design.runs/design_1_v_mix_0_0_synth_1/prj/sol/.autopilot/db/v_mix.cpp:3411:25)
INFO: [HLS 214-186] Unrolling loop 'VITIS_LOOP_3543_4' (/home/e/Documents/research/byotee/OSDZU3_Ref_Design/OSDZU3_Ref_Design.runs/design_1_v_mix_0_0_synth_1/prj/sol/.autopilot/db/v_mix.cpp:3543:23) in function 'MultiPixStream2AXIvideo' completely with a factor of 1 (/home/e/Documents/research/byotee/OSDZU3_Ref_Design/OSDZU3_Ref_Design.runs/design_1_v_mix_0_0_synth_1/prj/sol/.autopilot/db/v_mix.cpp:3460:0)
INFO: [HLS 214-186] Unrolling loop 'VITIS_LOOP_3545_5' (/home/e/Documents/research/byotee/OSDZU3_Ref_Design/OSDZU3_Ref_Design.runs/design_1_v_mix_0_0_synth_1/prj/sol/.autopilot/db/v_mix.cpp:3545:24) in function 'MultiPixStream2AXIvideo' completely with a factor of 3 (/home/e/Documents/research/byotee/OSDZU3_Ref_Design/OSDZU3_Ref_Design.runs/design_1_v_mix_0_0_synth_1/prj/sol/.autopilot/db/v_mix.cpp:3460:0)
INFO: [HLS 214-186] Unrolling loop 'VITIS_LOOP_419_4' (/home/e/Documents/research/byotee/OSDZU3_Ref_Design/OSDZU3_Ref_Design.runs/design_1_v_mix_0_0_synth_1/prj/sol/.autopilot/db/v_mix.cpp:419:22) in function 'v_mix_core_alpha<true, false>' completely with a factor of 1 (/home/e/Documents/research/byotee/OSDZU3_Ref_Design/OSDZU3_Ref_Design.runs/design_1_v_mix_0_0_synth_1/prj/sol/.autopilot/db/v_mix.cpp:364:0)
INFO: [HLS 214-186] Unrolling loop 'VITIS_LOOP_421_5' (/home/e/Documents/research/byotee/OSDZU3_Ref_Design/OSDZU3_Ref_Design.runs/design_1_v_mix_0_0_synth_1/prj/sol/.autopilot/db/v_mix.cpp:421:23) in function 'v_mix_core_alpha<true, false>' completely with a factor of 3 (/home/e/Documents/research/byotee/OSDZU3_Ref_Design/OSDZU3_Ref_Design.runs/design_1_v_mix_0_0_synth_1/prj/sol/.autopilot/db/v_mix.cpp:364:0)
INFO: [HLS 214-186] Unrolling loop 'VITIS_LOOP_486_4' (/home/e/Documents/research/byotee/OSDZU3_Ref_Design/OSDZU3_Ref_Design.runs/design_1_v_mix_0_0_synth_1/prj/sol/.autopilot/db/v_mix.cpp:486:22) in function 'v_mix_core_alpha<false, false>' completely with a factor of 1 (/home/e/Documents/research/byotee/OSDZU3_Ref_Design/OSDZU3_Ref_Design.runs/design_1_v_mix_0_0_synth_1/prj/sol/.autopilot/db/v_mix.cpp:438:0)
INFO: [HLS 214-186] Unrolling loop 'VITIS_LOOP_488_5' (/home/e/Documents/research/byotee/OSDZU3_Ref_Design/OSDZU3_Ref_Design.runs/design_1_v_mix_0_0_synth_1/prj/sol/.autopilot/db/v_mix.cpp:488:23) in function 'v_mix_core_alpha<false, false>' completely with a factor of 3 (/home/e/Documents/research/byotee/OSDZU3_Ref_Design/OSDZU3_Ref_Design.runs/design_1_v_mix_0_0_synth_1/prj/sol/.autopilot/db/v_mix.cpp:438:0)
INFO: [HLS 214-186] Unrolling loop 'VITIS_LOOP_950_3' (/home/e/Documents/research/byotee/OSDZU3_Ref_Design/OSDZU3_Ref_Design.runs/design_1_v_mix_0_0_synth_1/prj/sol/.autopilot/db/v_csc.cpp:950:23) in function 'v_mix_yuv2rgb<true>' completely with a factor of 1 (/home/e/Documents/research/byotee/OSDZU3_Ref_Design/OSDZU3_Ref_Design.runs/design_1_v_mix_0_0_synth_1/prj/sol/.autopilot/db/v_csc.cpp:928:0)
INFO: [HLS 214-186] Unrolling loop 'VITIS_LOOP_174_3' (/home/e/Documents/research/byotee/OSDZU3_Ref_Design/OSDZU3_Ref_Design.runs/design_1_v_mix_0_0_synth_1/prj/sol/.autopilot/db/v_csc.cpp:174:24) in function 'v_mix_422_to_444<true>' completely with a factor of 1 (/home/e/Documents/research/byotee/OSDZU3_Ref_Design/OSDZU3_Ref_Design.runs/design_1_v_mix_0_0_synth_1/prj/sol/.autopilot/db/v_csc.cpp:129:0)
INFO: [HLS 214-186] Unrolling loop 'VITIS_LOOP_190_4' (/home/e/Documents/research/byotee/OSDZU3_Ref_Design/OSDZU3_Ref_Design.runs/design_1_v_mix_0_0_synth_1/prj/sol/.autopilot/db/v_csc.cpp:190:20) in function 'v_mix_422_to_444<true>' completely with a factor of 5 (/home/e/Documents/research/byotee/OSDZU3_Ref_Design/OSDZU3_Ref_Design.runs/design_1_v_mix_0_0_synth_1/prj/sol/.autopilot/db/v_csc.cpp:129:0)
INFO: [HLS 214-186] Unrolling loop 'VITIS_LOOP_195_5' (/home/e/Documents/research/byotee/OSDZU3_Ref_Design/OSDZU3_Ref_Design.runs/design_1_v_mix_0_0_synth_1/prj/sol/.autopilot/db/v_csc.cpp:195:23) in function 'v_mix_422_to_444<true>' completely with a factor of 1 (/home/e/Documents/research/byotee/OSDZU3_Ref_Design/OSDZU3_Ref_Design.runs/design_1_v_mix_0_0_synth_1/prj/sol/.autopilot/db/v_csc.cpp:129:0)
INFO: [HLS 214-186] Unrolling loop 'VITIS_LOOP_211_6' (/home/e/Documents/research/byotee/OSDZU3_Ref_Design/OSDZU3_Ref_Design.runs/design_1_v_mix_0_0_synth_1/prj/sol/.autopilot/db/v_csc.cpp:211:23) in function 'v_mix_422_to_444<true>' completely with a factor of 1 (/home/e/Documents/research/byotee/OSDZU3_Ref_Design/OSDZU3_Ref_Design.runs/design_1_v_mix_0_0_synth_1/prj/sol/.autopilot/db/v_csc.cpp:129:0)
INFO: [HLS 214-186] Unrolling loop 'VITIS_LOOP_244_8' (/home/e/Documents/research/byotee/OSDZU3_Ref_Design/OSDZU3_Ref_Design.runs/design_1_v_mix_0_0_synth_1/prj/sol/.autopilot/db/v_csc.cpp:244:25) in function 'v_mix_422_to_444<true>' completely with a factor of 4 (/home/e/Documents/research/byotee/OSDZU3_Ref_Design/OSDZU3_Ref_Design.runs/design_1_v_mix_0_0_synth_1/prj/sol/.autopilot/db/v_csc.cpp:129:0)
INFO: [HLS 214-186] Unrolling loop 'VITIS_LOOP_225_7' (/home/e/Documents/research/byotee/OSDZU3_Ref_Design/OSDZU3_Ref_Design.runs/design_1_v_mix_0_0_synth_1/prj/sol/.autopilot/db/v_csc.cpp:225:25) in function 'v_mix_422_to_444<true>' completely with a factor of 3 (/home/e/Documents/research/byotee/OSDZU3_Ref_Design/OSDZU3_Ref_Design.runs/design_1_v_mix_0_0_synth_1/prj/sol/.autopilot/db/v_csc.cpp:129:0)
INFO: [HLS 214-186] Unrolling loop 'VITIS_LOOP_252_9' (/home/e/Documents/research/byotee/OSDZU3_Ref_Design/OSDZU3_Ref_Design.runs/design_1_v_mix_0_0_synth_1/prj/sol/.autopilot/db/v_csc.cpp:252:23) in function 'v_mix_422_to_444<true>' completely with a factor of 1 (/home/e/Documents/research/byotee/OSDZU3_Ref_Design/OSDZU3_Ref_Design.runs/design_1_v_mix_0_0_synth_1/prj/sol/.autopilot/db/v_csc.cpp:129:0)
INFO: [HLS 214-186] Unrolling loop 'VITIS_LOOP_3409_1' (/home/e/Documents/research/byotee/OSDZU3_Ref_Design/OSDZU3_Ref_Design.runs/design_1_v_mix_0_0_synth_1/prj/sol/.autopilot/db/v_mix.cpp:3409:24) in function 'AXIvideo2MultiPixStream' completely with a factor of 1 (/home/e/Documents/research/byotee/OSDZU3_Ref_Design/OSDZU3_Ref_Design.runs/design_1_v_mix_0_0_synth_1/prj/sol/.autopilot/db/v_mix.cpp:3360:0)
INFO: [HLS 214-186] Unrolling loop 'VITIS_LOOP_3411_2' (/home/e/Documents/research/byotee/OSDZU3_Ref_Design/OSDZU3_Ref_Design.runs/design_1_v_mix_0_0_synth_1/prj/sol/.autopilot/db/v_mix.cpp:3411:25) in function 'AXIvideo2MultiPixStream' completely with a factor of 3 (/home/e/Documents/research/byotee/OSDZU3_Ref_Design/OSDZU3_Ref_Design.runs/design_1_v_mix_0_0_synth_1/prj/sol/.autopilot/db/v_mix.cpp:3360:0)
INFO: [HLS 214-248] Applying array_partition to 'HwReg.layerEnableFlag': Complete partitioning on dimension 1. (/home/e/Documents/research/byotee/OSDZU3_Ref_Design/OSDZU3_Ref_Design.runs/design_1_v_mix_0_0_synth_1/prj/sol/.autopilot/db/v_mix.cpp:2813:22)
INFO: [HLS 214-248] Applying array_partition to 'HwReg.layerAlpha': Complete partitioning on dimension 1. (/home/e/Documents/research/byotee/OSDZU3_Ref_Design/OSDZU3_Ref_Design.runs/design_1_v_mix_0_0_synth_1/prj/sol/.autopilot/db/v_mix.cpp:2813:22)
INFO: [HLS 214-248] Applying array_partition to 'HwReg.layerStartX': Complete partitioning on dimension 1. (/home/e/Documents/research/byotee/OSDZU3_Ref_Design/OSDZU3_Ref_Design.runs/design_1_v_mix_0_0_synth_1/prj/sol/.autopilot/db/v_mix.cpp:2813:22)
INFO: [HLS 214-248] Applying array_partition to 'HwReg.layerStartY': Complete partitioning on dimension 1. (/home/e/Documents/research/byotee/OSDZU3_Ref_Design/OSDZU3_Ref_Design.runs/design_1_v_mix_0_0_synth_1/prj/sol/.autopilot/db/v_mix.cpp:2813:22)
INFO: [HLS 214-248] Applying array_partition to 'HwReg.layerWidth': Complete partitioning on dimension 1. (/home/e/Documents/research/byotee/OSDZU3_Ref_Design/OSDZU3_Ref_Design.runs/design_1_v_mix_0_0_synth_1/prj/sol/.autopilot/db/v_mix.cpp:2813:22)
INFO: [HLS 214-248] Applying array_partition to 'HwReg.layerHeight': Complete partitioning on dimension 1. (/home/e/Documents/research/byotee/OSDZU3_Ref_Design/OSDZU3_Ref_Design.runs/design_1_v_mix_0_0_synth_1/prj/sol/.autopilot/db/v_mix.cpp:2813:22)
INFO: [HLS 214-248] Applying array_partition to 'HwReg.layerScaleFactor': Complete partitioning on dimension 1. (/home/e/Documents/research/byotee/OSDZU3_Ref_Design/OSDZU3_Ref_Design.runs/design_1_v_mix_0_0_synth_1/prj/sol/.autopilot/db/v_mix.cpp:2813:22)
INFO: [HLS 214-248] Applying array_partition to 'HwReg.layerStride': Complete partitioning on dimension 1. (/home/e/Documents/research/byotee/OSDZU3_Ref_Design/OSDZU3_Ref_Design.runs/design_1_v_mix_0_0_synth_1/prj/sol/.autopilot/db/v_mix.cpp:2813:22)
INFO: [HLS 214-248] Applying array_partition to 'layerAlpha': Complete partitioning on dimension 1. (/home/e/Documents/research/byotee/OSDZU3_Ref_Design/OSDZU3_Ref_Design.runs/design_1_v_mix_0_0_synth_1/prj/sol/.autopilot/db/v_mix.cpp:2273:0)
INFO: [HLS 214-248] Applying array_partition to 'layerStartX': Complete partitioning on dimension 1. (/home/e/Documents/research/byotee/OSDZU3_Ref_Design/OSDZU3_Ref_Design.runs/design_1_v_mix_0_0_synth_1/prj/sol/.autopilot/db/v_mix.cpp:2273:0)
INFO: [HLS 214-248] Applying array_partition to 'layerStartY': Complete partitioning on dimension 1. (/home/e/Documents/research/byotee/OSDZU3_Ref_Design/OSDZU3_Ref_Design.runs/design_1_v_mix_0_0_synth_1/prj/sol/.autopilot/db/v_mix.cpp:2273:0)
INFO: [HLS 214-248] Applying array_partition to 'layerWidth': Complete partitioning on dimension 1. (/home/e/Documents/research/byotee/OSDZU3_Ref_Design/OSDZU3_Ref_Design.runs/design_1_v_mix_0_0_synth_1/prj/sol/.autopilot/db/v_mix.cpp:2273:0)
INFO: [HLS 214-248] Applying array_partition to 'layerHeight': Complete partitioning on dimension 1. (/home/e/Documents/research/byotee/OSDZU3_Ref_Design/OSDZU3_Ref_Design.runs/design_1_v_mix_0_0_synth_1/prj/sol/.autopilot/db/v_mix.cpp:2273:0)
INFO: [HLS 214-248] Applying array_partition to 'layerScaleFactor': Complete partitioning on dimension 1. (/home/e/Documents/research/byotee/OSDZU3_Ref_Design/OSDZU3_Ref_Design.runs/design_1_v_mix_0_0_synth_1/prj/sol/.autopilot/db/v_mix.cpp:2273:0)
INFO: [HLS 214-248] Applying array_partition to 'layerStride': Complete partitioning on dimension 1. (/home/e/Documents/research/byotee/OSDZU3_Ref_Design/OSDZU3_Ref_Design.runs/design_1_v_mix_0_0_synth_1/prj/sol/.autopilot/db/v_mix.cpp:2273:0)
INFO: [HLS 214-241] Aggregating fifo (hls::stream) variable 'srcLayer0' with compact=bit mode in 24-bits (/home/e/Documents/research/byotee/OSDZU3_Ref_Design/OSDZU3_Ref_Design.runs/design_1_v_mix_0_0_synth_1/prj/sol/.autopilot/db/v_mix.cpp:619:24)
INFO: [HLS 214-241] Aggregating fifo (hls::stream) variable 'srcLayer0Yuv422' with compact=bit mode in 24-bits (/home/e/Documents/research/byotee/OSDZU3_Ref_Design/OSDZU3_Ref_Design.runs/design_1_v_mix_0_0_synth_1/prj/sol/.autopilot/db/v_mix.cpp:620:24)
INFO: [HLS 214-241] Aggregating fifo (hls::stream) variable 'srcLayer0Yuv' with compact=bit mode in 24-bits (/home/e/Documents/research/byotee/OSDZU3_Ref_Design/OSDZU3_Ref_Design.runs/design_1_v_mix_0_0_synth_1/prj/sol/.autopilot/db/v_mix.cpp:621:24)
INFO: [HLS 214-241] Aggregating fifo (hls::stream) variable 'outLayer0' with compact=bit mode in 24-bits (/home/e/Documents/research/byotee/OSDZU3_Ref_Design/OSDZU3_Ref_Design.runs/design_1_v_mix_0_0_synth_1/prj/sol/.autopilot/db/v_mix.cpp:622:24)
INFO: [HLS 214-241] Aggregating fifo (hls::stream) variable 'outYuv' with compact=bit mode in 24-bits (/home/e/Documents/research/byotee/OSDZU3_Ref_Design/OSDZU3_Ref_Design.runs/design_1_v_mix_0_0_synth_1/prj/sol/.autopilot/db/v_mix.cpp:623:24)
INFO: [HLS 214-241] Aggregating fifo (hls::stream) variable 'out422' with compact=bit mode in 24-bits (/home/e/Documents/research/byotee/OSDZU3_Ref_Design/OSDZU3_Ref_Design.runs/design_1_v_mix_0_0_synth_1/prj/sol/.autopilot/db/v_mix.cpp:624:24)
INFO: [HLS 214-241] Aggregating fifo (hls::stream) variable 'out420' with compact=bit mode in 24-bits (/home/e/Documents/research/byotee/OSDZU3_Ref_Design/OSDZU3_Ref_Design.runs/design_1_v_mix_0_0_synth_1/prj/sol/.autopilot/db/v_mix.cpp:625:24)
INFO: [HLS 214-241] Aggregating fifo (hls::stream) variable 'srcLayer1' with compact=bit mode in 24-bits (/home/e/Documents/research/byotee/OSDZU3_Ref_Design/OSDZU3_Ref_Design.runs/design_1_v_mix_0_0_synth_1/prj/sol/.autopilot/db/v_mix.cpp:651:24)
INFO: [HLS 214-241] Aggregating fifo (hls::stream) variable 'srcLayer1x' with compact=bit mode in 24-bits (/home/e/Documents/research/byotee/OSDZU3_Ref_Design/OSDZU3_Ref_Design.runs/design_1_v_mix_0_0_synth_1/prj/sol/.autopilot/db/v_mix.cpp:652:24)
INFO: [HLS 214-241] Aggregating fifo (hls::stream) variable 'outLayer1' with compact=bit mode in 24-bits (/home/e/Documents/research/byotee/OSDZU3_Ref_Design/OSDZU3_Ref_Design.runs/design_1_v_mix_0_0_synth_1/prj/sol/.autopilot/db/v_mix.cpp:655:24)
INFO: [HLS 214-241] Aggregating fifo (hls::stream) variable 'srcLayer1Yuv' with compact=bit mode in 24-bits (/home/e/Documents/research/byotee/OSDZU3_Ref_Design/OSDZU3_Ref_Design.runs/design_1_v_mix_0_0_synth_1/prj/sol/.autopilot/db/v_mix.cpp:656:24)
INFO: [HLS 214-241] Aggregating fifo (hls::stream) variable 'srcLayer1Yuv422' with compact=bit mode in 24-bits (/home/e/Documents/research/byotee/OSDZU3_Ref_Design/OSDZU3_Ref_Design.runs/design_1_v_mix_0_0_synth_1/prj/sol/.autopilot/db/v_mix.cpp:657:24)
INFO: [HLS 214-241] Aggregating fifo (hls::stream) variable 'srcLayer1Rgb' with compact=bit mode in 24-bits (/home/e/Documents/research/byotee/OSDZU3_Ref_Design/OSDZU3_Ref_Design.runs/design_1_v_mix_0_0_synth_1/prj/sol/.autopilot/db/v_mix.cpp:658:24)
INFO: [HLS 214-241] Aggregating fifo (hls::stream) variable 'srcLayer2' with compact=bit mode in 24-bits (/home/e/Documents/research/byotee/OSDZU3_Ref_Design/OSDZU3_Ref_Design.runs/design_1_v_mix_0_0_synth_1/prj/sol/.autopilot/db/v_mix.cpp:735:24)
INFO: [HLS 214-241] Aggregating fifo (hls::stream) variable 'srcLayer2x' with compact=bit mode in 24-bits (/home/e/Documents/research/byotee/OSDZU3_Ref_Design/OSDZU3_Ref_Design.runs/design_1_v_mix_0_0_synth_1/prj/sol/.autopilot/db/v_mix.cpp:736:24)
INFO: [HLS 214-241] Aggregating fifo (hls::stream) variable 'outLayer2' with compact=bit mode in 24-bits (/home/e/Documents/research/byotee/OSDZU3_Ref_Design/OSDZU3_Ref_Design.runs/design_1_v_mix_0_0_synth_1/prj/sol/.autopilot/db/v_mix.cpp:739:24)
INFO: [HLS 214-241] Aggregating fifo (hls::stream) variable 'srcLayer2Yuv' with compact=bit mode in 24-bits (/home/e/Documents/research/byotee/OSDZU3_Ref_Design/OSDZU3_Ref_Design.runs/design_1_v_mix_0_0_synth_1/prj/sol/.autopilot/db/v_mix.cpp:740:24)
INFO: [HLS 214-241] Aggregating fifo (hls::stream) variable 'srcLayer2Yuv422' with compact=bit mode in 24-bits (/home/e/Documents/research/byotee/OSDZU3_Ref_Design/OSDZU3_Ref_Design.runs/design_1_v_mix_0_0_synth_1/prj/sol/.autopilot/db/v_mix.cpp:741:24)
INFO: [HLS 214-241] Aggregating fifo (hls::stream) variable 'srcLayer2Rgb' with compact=bit mode in 24-bits (/home/e/Documents/research/byotee/OSDZU3_Ref_Design/OSDZU3_Ref_Design.runs/design_1_v_mix_0_0_synth_1/prj/sol/.autopilot/db/v_mix.cpp:742:24)
INFO: [HLS 214-376] automatically set the pipeline for Loop< VITIS_LOOP_2912_1> at /home/e/Documents/research/byotee/OSDZU3_Ref_Design/OSDZU3_Ref_Design.runs/design_1_v_mix_0_0_synth_1/prj/sol/.autopilot/db/v_mix.cpp:2912:21 
WARNING: [HLS 214-373] Impl=dsp_slice in bind_op is deprecated. Consider using a different operation implementation. (/home/e/Documents/research/byotee/OSDZU3_Ref_Design/OSDZU3_Ref_Design.runs/design_1_v_mix_0_0_synth_1/prj/sol/.autopilot/db/v_csc.cpp:967:9)
INFO: [HLS 200-111] Finished Compiling Optimization and Transform: CPU user time: 2.63 seconds. CPU system time: 0.66 seconds. Elapsed time: 7.2 seconds; current allocated memory: 300.492 MB.
INFO: [HLS 200-111] Finished Checking Pragmas: CPU user time: 0 seconds. CPU system time: 0 seconds. Elapsed time: 0 seconds; current allocated memory: 300.492 MB.
INFO: [HLS 200-10] Starting code transformations ...
INFO: [HLS 200-111] Finished Standard Transforms: CPU user time: 0.04 seconds. CPU system time: 0 seconds. Elapsed time: 0.04 seconds; current allocated memory: 301.926 MB.
INFO: [HLS 200-10] Checking synthesizability ...
WARNING: [SYNCHK 200-23] /home/e/Documents/research/byotee/OSDZU3_Ref_Design/OSDZU3_Ref_Design.runs/design_1_v_mix_0_0_synth_1/prj/sol/.autopilot/db/v_mix.cpp:2922: variable-indexed range selection may cause suboptimal QoR.
INFO: [SYNCHK 200-10] 0 error(s), 1 warning(s).
INFO: [HLS 200-111] Finished Checking Synthesizability: CPU user time: 0.06 seconds. CPU system time: 0.01 seconds. Elapsed time: 0.07 seconds; current allocated memory: 304.977 MB.
WARNING: [XFORM 203-561] Updating loop upper bound from 65535 to 3840 for loop 'VITIS_LOOP_941_2' (/home/e/Documents/research/byotee/OSDZU3_Ref_Design/OSDZU3_Ref_Design.runs/design_1_v_mix_0_0_synth_1/prj/sol/.autopilot/db/v_csc.cpp:930:9) in function 'v_mix_yuv2rgb<true>'.
WARNING: [XFORM 203-561] Ignored invalid trip count directive (MAX (= 3840) < AVE (= 32767)) for loop 'VITIS_LOOP_941_2' (/home/e/Documents/research/byotee/OSDZU3_Ref_Design/OSDZU3_Ref_Design.runs/design_1_v_mix_0_0_synth_1/prj/sol/.autopilot/db/v_csc.cpp:930:9) in function 'v_mix_yuv2rgb<true>'.
WARNING: [XFORM 203-561] Updating loop upper bound from 65535 to 2160 for loop 'VITIS_LOOP_939_1' (/home/e/Documents/research/byotee/OSDZU3_Ref_Design/OSDZU3_Ref_Design.runs/design_1_v_mix_0_0_synth_1/prj/sol/.autopilot/db/v_csc.cpp:930:6) in function 'v_mix_yuv2rgb<true>'.
WARNING: [XFORM 203-561] Ignored invalid trip count directive (MAX (= 2160) < AVE (= 32767)) for loop 'VITIS_LOOP_939_1' (/home/e/Documents/research/byotee/OSDZU3_Ref_Design/OSDZU3_Ref_Design.runs/design_1_v_mix_0_0_synth_1/prj/sol/.autopilot/db/v_csc.cpp:930:6) in function 'v_mix_yuv2rgb<true>'.
WARNING: [XFORM 203-561] Updating loop upper bound from 65535 to 3840 for loop 'VITIS_LOOP_897_2' (/home/e/Documents/research/byotee/OSDZU3_Ref_Design/OSDZU3_Ref_Design.runs/design_1_v_mix_0_0_synth_1/prj/sol/.autopilot/db/v_csc.cpp:887:9) in function 'v_mix_yuv2rgb<false>.4'.
WARNING: [XFORM 203-561] Updating loop lower bound from 0 to 64 for loop 'VITIS_LOOP_897_2' (/home/e/Documents/research/byotee/OSDZU3_Ref_Design/OSDZU3_Ref_Design.runs/design_1_v_mix_0_0_synth_1/prj/sol/.autopilot/db/v_csc.cpp:887:9) in function 'v_mix_yuv2rgb<false>.4'.
WARNING: [XFORM 203-561] Ignored invalid trip count directive (MAX (= 3840) < AVE (= 32767)) for loop 'VITIS_LOOP_897_2' (/home/e/Documents/research/byotee/OSDZU3_Ref_Design/OSDZU3_Ref_Design.runs/design_1_v_mix_0_0_synth_1/prj/sol/.autopilot/db/v_csc.cpp:887:9) in function 'v_mix_yuv2rgb<false>.4'.
WARNING: [XFORM 203-561] Updating loop upper bound from 65535 to 2160 for loop 'VITIS_LOOP_895_1' (/home/e/Documents/research/byotee/OSDZU3_Ref_Design/OSDZU3_Ref_Design.runs/design_1_v_mix_0_0_synth_1/prj/sol/.autopilot/db/v_csc.cpp:887:6) in function 'v_mix_yuv2rgb<false>.4'.
WARNING: [XFORM 203-561] Updating loop lower bound from 0 to 64 for loop 'VITIS_LOOP_895_1' (/home/e/Documents/research/byotee/OSDZU3_Ref_Design/OSDZU3_Ref_Design.runs/design_1_v_mix_0_0_synth_1/prj/sol/.autopilot/db/v_csc.cpp:887:6) in function 'v_mix_yuv2rgb<false>.4'.
WARNING: [XFORM 203-561] Ignored invalid trip count directive (MAX (= 2160) < AVE (= 32767)) for loop 'VITIS_LOOP_895_1' (/home/e/Documents/research/byotee/OSDZU3_Ref_Design/OSDZU3_Ref_Design.runs/design_1_v_mix_0_0_synth_1/prj/sol/.autopilot/db/v_csc.cpp:887:6) in function 'v_mix_yuv2rgb<false>.4'.
WARNING: [XFORM 203-561] Updating loop upper bound from 65535 to 3840 for loop 'VITIS_LOOP_897_2' (/home/e/Documents/research/byotee/OSDZU3_Ref_Design/OSDZU3_Ref_Design.runs/design_1_v_mix_0_0_synth_1/prj/sol/.autopilot/db/v_csc.cpp:887:9) in function 'v_mix_yuv2rgb<false>'.
WARNING: [XFORM 203-561] Ignored invalid trip count directive (MAX (= 3840) < AVE (= 32767)) for loop 'VITIS_LOOP_897_2' (/home/e/Documents/research/byotee/OSDZU3_Ref_Design/OSDZU3_Ref_Design.runs/design_1_v_mix_0_0_synth_1/prj/sol/.autopilot/db/v_csc.cpp:887:9) in function 'v_mix_yuv2rgb<false>'.
WARNING: [XFORM 203-561] Updating loop upper bound from 65535 to 2160 for loop 'VITIS_LOOP_895_1' (/home/e/Documents/research/byotee/OSDZU3_Ref_Design/OSDZU3_Ref_Design.runs/design_1_v_mix_0_0_synth_1/prj/sol/.autopilot/db/v_csc.cpp:887:6) in function 'v_mix_yuv2rgb<false>'.
WARNING: [XFORM 203-561] Ignored invalid trip count directive (MAX (= 2160) < AVE (= 32767)) for loop 'VITIS_LOOP_895_1' (/home/e/Documents/research/byotee/OSDZU3_Ref_Design/OSDZU3_Ref_Design.runs/design_1_v_mix_0_0_synth_1/prj/sol/.autopilot/db/v_csc.cpp:887:6) in function 'v_mix_yuv2rgb<false>'.
WARNING: [XFORM 203-561] Updating loop upper bound from 65535 to 3840 for loop 'VITIS_LOOP_107_2' (/home/e/Documents/research/byotee/OSDZU3_Ref_Design/OSDZU3_Ref_Design.runs/design_1_v_mix_0_0_synth_1/prj/sol/.autopilot/db/v_mix.cpp:97:9) in function 'v_mix_upsample<false>.7'.
WARNING: [XFORM 203-561] Ignored invalid trip count directive (MAX (= 3840) < AVE (= 32767)) for loop 'VITIS_LOOP_107_2' (/home/e/Documents/research/byotee/OSDZU3_Ref_Design/OSDZU3_Ref_Design.runs/design_1_v_mix_0_0_synth_1/prj/sol/.autopilot/db/v_mix.cpp:97:9) in function 'v_mix_upsample<false>.7'.
WARNING: [XFORM 203-561] Updating loop upper bound from 65535 to 2160 for loop 'VITIS_LOOP_105_1' (/home/e/Documents/research/byotee/OSDZU3_Ref_Design/OSDZU3_Ref_Design.runs/design_1_v_mix_0_0_synth_1/prj/sol/.autopilot/db/v_mix.cpp:97:6) in function 'v_mix_upsample<false>.7'.
WARNING: [XFORM 203-561] Ignored invalid trip count directive (MAX (= 2160) < AVE (= 32767)) for loop 'VITIS_LOOP_105_1' (/home/e/Documents/research/byotee/OSDZU3_Ref_Design/OSDZU3_Ref_Design.runs/design_1_v_mix_0_0_synth_1/prj/sol/.autopilot/db/v_mix.cpp:97:6) in function 'v_mix_upsample<false>.7'.
WARNING: [XFORM 203-561] Updating loop upper bound from 65535 to 3840 for loop 'VITIS_LOOP_107_2' (/home/e/Documents/research/byotee/OSDZU3_Ref_Design/OSDZU3_Ref_Design.runs/design_1_v_mix_0_0_synth_1/prj/sol/.autopilot/db/v_mix.cpp:97:9) in function 'v_mix_upsample<false>'.
WARNING: [XFORM 203-561] Ignored invalid trip count directive (MAX (= 3840) < AVE (= 32767)) for loop 'VITIS_LOOP_107_2' (/home/e/Documents/research/byotee/OSDZU3_Ref_Design/OSDZU3_Ref_Design.runs/design_1_v_mix_0_0_synth_1/prj/sol/.autopilot/db/v_mix.cpp:97:9) in function 'v_mix_upsample<false>'.
WARNING: [XFORM 203-561] Updating loop upper bound from 65535 to 2160 for loop 'VITIS_LOOP_105_1' (/home/e/Documents/research/byotee/OSDZU3_Ref_Design/OSDZU3_Ref_Design.runs/design_1_v_mix_0_0_synth_1/prj/sol/.autopilot/db/v_mix.cpp:97:6) in function 'v_mix_upsample<false>'.
WARNING: [XFORM 203-561] Ignored invalid trip count directive (MAX (= 2160) < AVE (= 32767)) for loop 'VITIS_LOOP_105_1' (/home/e/Documents/research/byotee/OSDZU3_Ref_Design/OSDZU3_Ref_Design.runs/design_1_v_mix_0_0_synth_1/prj/sol/.autopilot/db/v_mix.cpp:97:6) in function 'v_mix_upsample<false>'.
WARNING: [XFORM 203-561] Updating loop upper bound from 65535 to 3840 for loop 'VITIS_LOOP_1042_2' (/home/e/Documents/research/byotee/OSDZU3_Ref_Design/OSDZU3_Ref_Design.runs/design_1_v_mix_0_0_synth_1/prj/sol/.autopilot/db/v_csc.cpp:1034:9) in function 'v_mix_rgb2yuv<false>'.
WARNING: [XFORM 203-561] Updating loop lower bound from 0 to 64 for loop 'VITIS_LOOP_1042_2' (/home/e/Documents/research/byotee/OSDZU3_Ref_Design/OSDZU3_Ref_Design.runs/design_1_v_mix_0_0_synth_1/prj/sol/.autopilot/db/v_csc.cpp:1034:9) in function 'v_mix_rgb2yuv<false>'.
WARNING: [XFORM 203-561] Ignored invalid trip count directive (MAX (= 3840) < AVE (= 32767)) for loop 'VITIS_LOOP_1042_2' (/home/e/Documents/research/byotee/OSDZU3_Ref_Design/OSDZU3_Ref_Design.runs/design_1_v_mix_0_0_synth_1/prj/sol/.autopilot/db/v_csc.cpp:1034:9) in function 'v_mix_rgb2yuv<false>'.
WARNING: [XFORM 203-561] Updating loop upper bound from 65535 to 2160 for loop 'VITIS_LOOP_1040_1' (/home/e/Documents/research/byotee/OSDZU3_Ref_Design/OSDZU3_Ref_Design.runs/design_1_v_mix_0_0_synth_1/prj/sol/.autopilot/db/v_csc.cpp:1034:6) in function 'v_mix_rgb2yuv<false>'.
WARNING: [XFORM 203-561] Updating loop lower bound from 0 to 64 for loop 'VITIS_LOOP_1040_1' (/home/e/Documents/research/byotee/OSDZU3_Ref_Design/OSDZU3_Ref_Design.runs/design_1_v_mix_0_0_synth_1/prj/sol/.autopilot/db/v_csc.cpp:1034:6) in function 'v_mix_rgb2yuv<false>'.
WARNING: [XFORM 203-561] Ignored invalid trip count directive (MAX (= 2160) < AVE (= 32767)) for loop 'VITIS_LOOP_1040_1' (/home/e/Documents/research/byotee/OSDZU3_Ref_Design/OSDZU3_Ref_Design.runs/design_1_v_mix_0_0_synth_1/prj/sol/.autopilot/db/v_csc.cpp:1034:6) in function 'v_mix_rgb2yuv<false>'.
WARNING: [XFORM 203-561] Updating loop upper bound from 65535 to 3840 for loop 'VITIS_LOOP_395_3' (/home/e/Documents/research/byotee/OSDZU3_Ref_Design/OSDZU3_Ref_Design.runs/design_1_v_mix_0_0_synth_1/prj/sol/.autopilot/db/v_mix.cpp:366:9) in function 'v_mix_core_alpha<true, false>'.
WARNING: [XFORM 203-561] Updating loop lower bound from 0 to 64 for loop 'VITIS_LOOP_395_3' (/home/e/Documents/research/byotee/OSDZU3_Ref_Design/OSDZU3_Ref_Design.runs/design_1_v_mix_0_0_synth_1/prj/sol/.autopilot/db/v_mix.cpp:366:9) in function 'v_mix_core_alpha<true, false>'.
WARNING: [XFORM 203-561] Ignored invalid trip count directive (MAX (= 3840) < AVE (= 32767)) for loop 'VITIS_LOOP_395_3' (/home/e/Documents/research/byotee/OSDZU3_Ref_Design/OSDZU3_Ref_Design.runs/design_1_v_mix_0_0_synth_1/prj/sol/.autopilot/db/v_mix.cpp:366:9) in function 'v_mix_core_alpha<true, false>'.
WARNING: [XFORM 203-561] Updating loop upper bound from 65535 to 2160 for loop 'VITIS_LOOP_393_2' (/home/e/Documents/research/byotee/OSDZU3_Ref_Design/OSDZU3_Ref_Design.runs/design_1_v_mix_0_0_synth_1/prj/sol/.autopilot/db/v_mix.cpp:366:6) in function 'v_mix_core_alpha<true, false>'.
WARNING: [XFORM 203-561] Updating loop lower bound from 0 to 64 for loop 'VITIS_LOOP_393_2' (/home/e/Documents/research/byotee/OSDZU3_Ref_Design/OSDZU3_Ref_Design.runs/design_1_v_mix_0_0_synth_1/prj/sol/.autopilot/db/v_mix.cpp:366:6) in function 'v_mix_core_alpha<true, false>'.
WARNING: [XFORM 203-561] Ignored invalid trip count directive (MAX (= 2160) < AVE (= 32767)) for loop 'VITIS_LOOP_393_2' (/home/e/Documents/research/byotee/OSDZU3_Ref_Design/OSDZU3_Ref_Design.runs/design_1_v_mix_0_0_synth_1/prj/sol/.autopilot/db/v_mix.cpp:366:6) in function 'v_mix_core_alpha<true, false>'.
WARNING: [XFORM 203-561] Updating loop upper bound from 65535 to 3840 for loop 'VITIS_LOOP_465_3' (/home/e/Documents/research/byotee/OSDZU3_Ref_Design/OSDZU3_Ref_Design.runs/design_1_v_mix_0_0_synth_1/prj/sol/.autopilot/db/v_mix.cpp:440:9) in function 'v_mix_core_alpha<false, false>'.
WARNING: [XFORM 203-561] Updating loop lower bound from 0 to 64 for loop 'VITIS_LOOP_465_3' (/home/e/Documents/research/byotee/OSDZU3_Ref_Design/OSDZU3_Ref_Design.runs/design_1_v_mix_0_0_synth_1/prj/sol/.autopilot/db/v_mix.cpp:440:9) in function 'v_mix_core_alpha<false, false>'.
WARNING: [XFORM 203-561] Ignored invalid trip count directive (MAX (= 3840) < AVE (= 32767)) for loop 'VITIS_LOOP_465_3' (/home/e/Documents/research/byotee/OSDZU3_Ref_Design/OSDZU3_Ref_Design.runs/design_1_v_mix_0_0_synth_1/prj/sol/.autopilot/db/v_mix.cpp:440:9) in function 'v_mix_core_alpha<false, false>'.
WARNING: [XFORM 203-561] Updating loop upper bound from 65535 to 2160 for loop 'VITIS_LOOP_463_2' (/home/e/Documents/research/byotee/OSDZU3_Ref_Design/OSDZU3_Ref_Design.runs/design_1_v_mix_0_0_synth_1/prj/sol/.autopilot/db/v_mix.cpp:440:6) in function 'v_mix_core_alpha<false, false>'.
WARNING: [XFORM 203-561] Updating loop lower bound from 0 to 64 for loop 'VITIS_LOOP_463_2' (/home/e/Documents/research/byotee/OSDZU3_Ref_Design/OSDZU3_Ref_Design.runs/design_1_v_mix_0_0_synth_1/prj/sol/.autopilot/db/v_mix.cpp:440:6) in function 'v_mix_core_alpha<false, false>'.
WARNING: [XFORM 203-561] Ignored invalid trip count directive (MAX (= 2160) < AVE (= 32767)) for loop 'VITIS_LOOP_463_2' (/home/e/Documents/research/byotee/OSDZU3_Ref_Design/OSDZU3_Ref_Design.runs/design_1_v_mix_0_0_synth_1/prj/sol/.autopilot/db/v_mix.cpp:440:6) in function 'v_mix_core_alpha<false, false>'.
WARNING: [XFORM 203-561] Updating loop upper bound from 65535 to 3840 for loop 'VITIS_LOOP_718_2' (/home/e/Documents/research/byotee/OSDZU3_Ref_Design/OSDZU3_Ref_Design.runs/design_1_v_mix_0_0_synth_1/prj/sol/.autopilot/db/v_csc.cpp:709:9) in function 'v_mix_444_to_422<false>'.
WARNING: [XFORM 203-561] Updating loop lower bound from 0 to 64 for loop 'VITIS_LOOP_718_2' (/home/e/Documents/research/byotee/OSDZU3_Ref_Design/OSDZU3_Ref_Design.runs/design_1_v_mix_0_0_synth_1/prj/sol/.autopilot/db/v_csc.cpp:709:9) in function 'v_mix_444_to_422<false>'.
WARNING: [XFORM 203-561] Ignored invalid trip count directive (MAX (= 3840) < AVE (= 32767)) for loop 'VITIS_LOOP_718_2' (/home/e/Documents/research/byotee/OSDZU3_Ref_Design/OSDZU3_Ref_Design.runs/design_1_v_mix_0_0_synth_1/prj/sol/.autopilot/db/v_csc.cpp:709:9) in function 'v_mix_444_to_422<false>'.
WARNING: [XFORM 203-561] Updating loop upper bound from 65535 to 2160 for loop 'VITIS_LOOP_716_1' (/home/e/Documents/research/byotee/OSDZU3_Ref_Design/OSDZU3_Ref_Design.runs/design_1_v_mix_0_0_synth_1/prj/sol/.autopilot/db/v_csc.cpp:709:6) in function 'v_mix_444_to_422<false>'.
WARNING: [XFORM 203-561] Updating loop lower bound from 0 to 64 for loop 'VITIS_LOOP_716_1' (/home/e/Documents/research/byotee/OSDZU3_Ref_Design/OSDZU3_Ref_Design.runs/design_1_v_mix_0_0_synth_1/prj/sol/.autopilot/db/v_csc.cpp:709:6) in function 'v_mix_444_to_422<false>'.
WARNING: [XFORM 203-561] Ignored invalid trip count directive (MAX (= 2160) < AVE (= 32767)) for loop 'VITIS_LOOP_716_1' (/home/e/Documents/research/byotee/OSDZU3_Ref_Design/OSDZU3_Ref_Design.runs/design_1_v_mix_0_0_synth_1/prj/sol/.autopilot/db/v_csc.cpp:709:6) in function 'v_mix_444_to_422<false>'.
WARNING: [XFORM 203-561] Updating loop upper bound from 65535 to 32767 for loop 'VITIS_LOOP_159_1' (/home/e/Documents/research/byotee/OSDZU3_Ref_Design/OSDZU3_Ref_Design.runs/design_1_v_mix_0_0_synth_1/prj/sol/.autopilot/db/v_csc.cpp:131:6) in function 'v_mix_422_to_444<true>'.
WARNING: [XFORM 203-561] Updating loop upper bound from 65535 to 3840 for loop 'VITIS_LOOP_105_2' (/home/e/Documents/research/byotee/OSDZU3_Ref_Design/OSDZU3_Ref_Design.runs/design_1_v_mix_0_0_synth_1/prj/sol/.autopilot/db/v_csc.cpp:95:9) in function 'v_mix_422_to_444<false>.3'.
WARNING: [XFORM 203-561] Updating loop lower bound from 0 to 64 for loop 'VITIS_LOOP_105_2' (/home/e/Documents/research/byotee/OSDZU3_Ref_Design/OSDZU3_Ref_Design.runs/design_1_v_mix_0_0_synth_1/prj/sol/.autopilot/db/v_csc.cpp:95:9) in function 'v_mix_422_to_444<false>.3'.
WARNING: [XFORM 203-561] Ignored invalid trip count directive (MAX (= 3840) < AVE (= 32767)) for loop 'VITIS_LOOP_105_2' (/home/e/Documents/research/byotee/OSDZU3_Ref_Design/OSDZU3_Ref_Design.runs/design_1_v_mix_0_0_synth_1/prj/sol/.autopilot/db/v_csc.cpp:95:9) in function 'v_mix_422_to_444<false>.3'.
WARNING: [XFORM 203-561] Updating loop upper bound from 65535 to 2160 for loop 'VITIS_LOOP_103_1' (/home/e/Documents/research/byotee/OSDZU3_Ref_Design/OSDZU3_Ref_Design.runs/design_1_v_mix_0_0_synth_1/prj/sol/.autopilot/db/v_csc.cpp:95:6) in function 'v_mix_422_to_444<false>.3'.
WARNING: [XFORM 203-561] Updating loop lower bound from 0 to 64 for loop 'VITIS_LOOP_103_1' (/home/e/Documents/research/byotee/OSDZU3_Ref_Design/OSDZU3_Ref_Design.runs/design_1_v_mix_0_0_synth_1/prj/sol/.autopilot/db/v_csc.cpp:95:6) in function 'v_mix_422_to_444<false>.3'.
WARNING: [XFORM 203-561] Ignored invalid trip count directive (MAX (= 2160) < AVE (= 32767)) for loop 'VITIS_LOOP_103_1' (/home/e/Documents/research/byotee/OSDZU3_Ref_Design/OSDZU3_Ref_Design.runs/design_1_v_mix_0_0_synth_1/prj/sol/.autopilot/db/v_csc.cpp:95:6) in function 'v_mix_422_to_444<false>.3'.
WARNING: [XFORM 203-561] Updating loop upper bound from 65535 to 3840 for loop 'VITIS_LOOP_105_2' (/home/e/Documents/research/byotee/OSDZU3_Ref_Design/OSDZU3_Ref_Design.runs/design_1_v_mix_0_0_synth_1/prj/sol/.autopilot/db/v_csc.cpp:95:9) in function 'v_mix_422_to_444<false>'.
WARNING: [XFORM 203-561] Ignored invalid trip count directive (MAX (= 3840) < AVE (= 32767)) for loop 'VITIS_LOOP_105_2' (/home/e/Documents/research/byotee/OSDZU3_Ref_Design/OSDZU3_Ref_Design.runs/design_1_v_mix_0_0_synth_1/prj/sol/.autopilot/db/v_csc.cpp:95:9) in function 'v_mix_422_to_444<false>'.
WARNING: [XFORM 203-561] Updating loop upper bound from 65535 to 2160 for loop 'VITIS_LOOP_103_1' (/home/e/Documents/research/byotee/OSDZU3_Ref_Design/OSDZU3_Ref_Design.runs/design_1_v_mix_0_0_synth_1/prj/sol/.autopilot/db/v_csc.cpp:95:6) in function 'v_mix_422_to_444<false>'.
WARNING: [XFORM 203-561] Ignored invalid trip count directive (MAX (= 2160) < AVE (= 32767)) for loop 'VITIS_LOOP_103_1' (/home/e/Documents/research/byotee/OSDZU3_Ref_Design/OSDZU3_Ref_Design.runs/design_1_v_mix_0_0_synth_1/prj/sol/.autopilot/db/v_csc.cpp:95:6) in function 'v_mix_422_to_444<false>'.
WARNING: [XFORM 203-561] Updating loop upper bound from 65535 to 3840 for loop 'VITIS_LOOP_508_2' (/home/e/Documents/research/byotee/OSDZU3_Ref_Design/OSDZU3_Ref_Design.runs/design_1_v_mix_0_0_synth_1/prj/sol/.autopilot/db/v_csc.cpp:500:9) in function 'v_mix_422_to_420<false>'.
WARNING: [XFORM 203-561] Updating loop lower bound from 0 to 64 for loop 'VITIS_LOOP_508_2' (/home/e/Documents/research/byotee/OSDZU3_Ref_Design/OSDZU3_Ref_Design.runs/design_1_v_mix_0_0_synth_1/prj/sol/.autopilot/db/v_csc.cpp:500:9) in function 'v_mix_422_to_420<false>'.
WARNING: [XFORM 203-561] Ignored invalid trip count directive (MAX (= 3840) < AVE (= 32767)) for loop 'VITIS_LOOP_508_2' (/home/e/Documents/research/byotee/OSDZU3_Ref_Design/OSDZU3_Ref_Design.runs/design_1_v_mix_0_0_synth_1/prj/sol/.autopilot/db/v_csc.cpp:500:9) in function 'v_mix_422_to_420<false>'.
WARNING: [XFORM 203-561] Updating loop upper bound from 65535 to 2160 for loop 'VITIS_LOOP_506_1' (/home/e/Documents/research/byotee/OSDZU3_Ref_Design/OSDZU3_Ref_Design.runs/design_1_v_mix_0_0_synth_1/prj/sol/.autopilot/db/v_csc.cpp:500:6) in function 'v_mix_422_to_420<false>'.
WARNING: [XFORM 203-561] Updating loop lower bound from 0 to 64 for loop 'VITIS_LOOP_506_1' (/home/e/Documents/research/byotee/OSDZU3_Ref_Design/OSDZU3_Ref_Design.runs/design_1_v_mix_0_0_synth_1/prj/sol/.autopilot/db/v_csc.cpp:500:6) in function 'v_mix_422_to_420<false>'.
WARNING: [XFORM 203-561] Ignored invalid trip count directive (MAX (= 2160) < AVE (= 32767)) for loop 'VITIS_LOOP_506_1' (/home/e/Documents/research/byotee/OSDZU3_Ref_Design/OSDZU3_Ref_Design.runs/design_1_v_mix_0_0_synth_1/prj/sol/.autopilot/db/v_csc.cpp:500:6) in function 'v_mix_422_to_420<false>'.
WARNING: [XFORM 203-561] Updating loop upper bound from 65535 to 3840 for loop 'VITIS_LOOP_76_2' (/home/e/Documents/research/byotee/OSDZU3_Ref_Design/OSDZU3_Ref_Design.runs/design_1_v_mix_0_0_synth_1/prj/sol/.autopilot/db/v_csc.cpp:66:9) in function 'v_mix_420_to_422<false>.6'.
WARNING: [XFORM 203-561] Ignored invalid trip count directive (MAX (= 3840) < AVE (= 32767)) for loop 'VITIS_LOOP_76_2' (/home/e/Documents/research/byotee/OSDZU3_Ref_Design/OSDZU3_Ref_Design.runs/design_1_v_mix_0_0_synth_1/prj/sol/.autopilot/db/v_csc.cpp:66:9) in function 'v_mix_420_to_422<false>.6'.
WARNING: [XFORM 203-561] Updating loop upper bound from 65535 to 2160 for loop 'VITIS_LOOP_74_1' (/home/e/Documents/research/byotee/OSDZU3_Ref_Design/OSDZU3_Ref_Design.runs/design_1_v_mix_0_0_synth_1/prj/sol/.autopilot/db/v_csc.cpp:66:6) in function 'v_mix_420_to_422<false>.6'.
WARNING: [XFORM 203-561] Ignored invalid trip count directive (MAX (= 2160) < AVE (= 32767)) for loop 'VITIS_LOOP_74_1' (/home/e/Documents/research/byotee/OSDZU3_Ref_Design/OSDZU3_Ref_Design.runs/design_1_v_mix_0_0_synth_1/prj/sol/.autopilot/db/v_csc.cpp:66:6) in function 'v_mix_420_to_422<false>.6'.
WARNING: [XFORM 203-561] Updating loop upper bound from 65535 to 3840 for loop 'VITIS_LOOP_76_2' (/home/e/Documents/research/byotee/OSDZU3_Ref_Design/OSDZU3_Ref_Design.runs/design_1_v_mix_0_0_synth_1/prj/sol/.autopilot/db/v_csc.cpp:66:9) in function 'v_mix_420_to_422<false>.2'.
WARNING: [XFORM 203-561] Updating loop lower bound from 0 to 64 for loop 'VITIS_LOOP_76_2' (/home/e/Documents/research/byotee/OSDZU3_Ref_Design/OSDZU3_Ref_Design.runs/design_1_v_mix_0_0_synth_1/prj/sol/.autopilot/db/v_csc.cpp:66:9) in function 'v_mix_420_to_422<false>.2'.
WARNING: [XFORM 203-561] Ignored invalid trip count directive (MAX (= 3840) < AVE (= 32767)) for loop 'VITIS_LOOP_76_2' (/home/e/Documents/research/byotee/OSDZU3_Ref_Design/OSDZU3_Ref_Design.runs/design_1_v_mix_0_0_synth_1/prj/sol/.autopilot/db/v_csc.cpp:66:9) in function 'v_mix_420_to_422<false>.2'.
WARNING: [XFORM 203-561] Updating loop upper bound from 65535 to 2160 for loop 'VITIS_LOOP_74_1' (/home/e/Documents/research/byotee/OSDZU3_Ref_Design/OSDZU3_Ref_Design.runs/design_1_v_mix_0_0_synth_1/prj/sol/.autopilot/db/v_csc.cpp:66:6) in function 'v_mix_420_to_422<false>.2'.
WARNING: [XFORM 203-561] Updating loop lower bound from 0 to 64 for loop 'VITIS_LOOP_74_1' (/home/e/Documents/research/byotee/OSDZU3_Ref_Design/OSDZU3_Ref_Design.runs/design_1_v_mix_0_0_synth_1/prj/sol/.autopilot/db/v_csc.cpp:66:6) in function 'v_mix_420_to_422<false>.2'.
WARNING: [XFORM 203-561] Ignored invalid trip count directive (MAX (= 2160) < AVE (= 32767)) for loop 'VITIS_LOOP_74_1' (/home/e/Documents/research/byotee/OSDZU3_Ref_Design/OSDZU3_Ref_Design.runs/design_1_v_mix_0_0_synth_1/prj/sol/.autopilot/db/v_csc.cpp:66:6) in function 'v_mix_420_to_422<false>.2'.
WARNING: [XFORM 203-561] Updating loop upper bound from 65535 to 3840 for loop 'VITIS_LOOP_76_2' (/home/e/Documents/research/byotee/OSDZU3_Ref_Design/OSDZU3_Ref_Design.runs/design_1_v_mix_0_0_synth_1/prj/sol/.autopilot/db/v_csc.cpp:66:9) in function 'v_mix_420_to_422<false>'.
WARNING: [XFORM 203-561] Ignored invalid trip count directive (MAX (= 3840) < AVE (= 32767)) for loop 'VITIS_LOOP_76_2' (/home/e/Documents/research/byotee/OSDZU3_Ref_Design/OSDZU3_Ref_Design.runs/design_1_v_mix_0_0_synth_1/prj/sol/.autopilot/db/v_csc.cpp:66:9) in function 'v_mix_420_to_422<false>'.
WARNING: [XFORM 203-561] Updating loop upper bound from 65535 to 2160 for loop 'VITIS_LOOP_74_1' (/home/e/Documents/research/byotee/OSDZU3_Ref_Design/OSDZU3_Ref_Design.runs/design_1_v_mix_0_0_synth_1/prj/sol/.autopilot/db/v_csc.cpp:66:6) in function 'v_mix_420_to_422<false>'.
WARNING: [XFORM 203-561] Ignored invalid trip count directive (MAX (= 2160) < AVE (= 32767)) for loop 'VITIS_LOOP_74_1' (/home/e/Documents/research/byotee/OSDZU3_Ref_Design/OSDZU3_Ref_Design.runs/design_1_v_mix_0_0_synth_1/prj/sol/.autopilot/db/v_csc.cpp:66:6) in function 'v_mix_420_to_422<false>'.
WARNING: [XFORM 203-561] Updating loop upper bound from 65535 to 3840 for loop 'VITIS_LOOP_3519_3' (/home/e/Documents/research/byotee/OSDZU3_Ref_Design/OSDZU3_Ref_Design.runs/design_1_v_mix_0_0_synth_1/prj/sol/.autopilot/db/v_mix.cpp:3516:7) in function 'MultiPixStream2AXIvideo'.
WARNING: [XFORM 203-561] Ignored invalid trip count directive (MAX (= 3840) < AVE (= 32767)) for loop 'VITIS_LOOP_3519_3' (/home/e/Documents/research/byotee/OSDZU3_Ref_Design/OSDZU3_Ref_Design.runs/design_1_v_mix_0_0_synth_1/prj/sol/.autopilot/db/v_mix.cpp:3516:7) in function 'MultiPixStream2AXIvideo'.
WARNING: [XFORM 203-561] Updating loop upper bound from 65535 to 2160 for loop 'VITIS_LOOP_3517_2' (/home/e/Documents/research/byotee/OSDZU3_Ref_Design/OSDZU3_Ref_Design.runs/design_1_v_mix_0_0_synth_1/prj/sol/.autopilot/db/v_mix.cpp:3516:7) in function 'MultiPixStream2AXIvideo'.
WARNING: [XFORM 203-561] Ignored invalid trip count directive (MAX (= 2160) < AVE (= 32767)) for loop 'VITIS_LOOP_3517_2' (/home/e/Documents/research/byotee/OSDZU3_Ref_Design/OSDZU3_Ref_Design.runs/design_1_v_mix_0_0_synth_1/prj/sol/.autopilot/db/v_mix.cpp:3516:7) in function 'MultiPixStream2AXIvideo'.
WARNING: [XFORM 203-561] Updating loop upper bound from 65535 to 3840 for loop 'loop_width' (/home/e/Documents/research/byotee/OSDZU3_Ref_Design/OSDZU3_Ref_Design.runs/design_1_v_mix_0_0_synth_1/prj/sol/.autopilot/db/v_mix.cpp:3362:30) in function 'AXIvideo2MultiPixStream.5'.
WARNING: [XFORM 203-561] Ignored invalid trip count directive (MAX (= 3840) < AVE (= 32767)) for loop 'loop_width' (/home/e/Documents/research/byotee/OSDZU3_Ref_Design/OSDZU3_Ref_Design.runs/design_1_v_mix_0_0_synth_1/prj/sol/.autopilot/db/v_mix.cpp:3362:30) in function 'AXIvideo2MultiPixStream.5'.
WARNING: [XFORM 203-561] Updating loop upper bound from 65535 to 2160 for loop 'loop_height' (/home/e/Documents/research/byotee/OSDZU3_Ref_Design/OSDZU3_Ref_Design.runs/design_1_v_mix_0_0_synth_1/prj/sol/.autopilot/db/v_mix.cpp:3362:30) in function 'AXIvideo2MultiPixStream.5'.
WARNING: [XFORM 203-561] Ignored invalid trip count directive (MAX (= 2160) < AVE (= 32767)) for loop 'loop_height' (/home/e/Documents/research/byotee/OSDZU3_Ref_Design/OSDZU3_Ref_Design.runs/design_1_v_mix_0_0_synth_1/prj/sol/.autopilot/db/v_mix.cpp:3362:30) in function 'AXIvideo2MultiPixStream.5'.
WARNING: [XFORM 203-561] Updating loop upper bound from 65535 to 3840 for loop 'loop_width' (/home/e/Documents/research/byotee/OSDZU3_Ref_Design/OSDZU3_Ref_Design.runs/design_1_v_mix_0_0_synth_1/prj/sol/.autopilot/db/v_mix.cpp:3362:30) in function 'AXIvideo2MultiPixStream.1'.
WARNING: [XFORM 203-561] Ignored invalid trip count directive (MAX (= 3840) < AVE (= 32767)) for loop 'loop_width' (/home/e/Documents/research/byotee/OSDZU3_Ref_Design/OSDZU3_Ref_Design.runs/design_1_v_mix_0_0_synth_1/prj/sol/.autopilot/db/v_mix.cpp:3362:30) in function 'AXIvideo2MultiPixStream.1'.
WARNING: [XFORM 203-561] Updating loop upper bound from 65535 to 2160 for loop 'loop_height' (/home/e/Documents/research/byotee/OSDZU3_Ref_Design/OSDZU3_Ref_Design.runs/design_1_v_mix_0_0_synth_1/prj/sol/.autopilot/db/v_mix.cpp:3362:30) in function 'AXIvideo2MultiPixStream.1'.
WARNING: [XFORM 203-561] Ignored invalid trip count directive (MAX (= 2160) < AVE (= 32767)) for loop 'loop_height' (/home/e/Documents/research/byotee/OSDZU3_Ref_Design/OSDZU3_Ref_Design.runs/design_1_v_mix_0_0_synth_1/prj/sol/.autopilot/db/v_mix.cpp:3362:30) in function 'AXIvideo2MultiPixStream.1'.
WARNING: [XFORM 203-561] Updating loop upper bound from 65535 to 3840 for loop 'loop_width' (/home/e/Documents/research/byotee/OSDZU3_Ref_Design/OSDZU3_Ref_Design.runs/design_1_v_mix_0_0_synth_1/prj/sol/.autopilot/db/v_mix.cpp:3362:30) in function 'AXIvideo2MultiPixStream'.
WARNING: [XFORM 203-561] Ignored invalid trip count directive (MAX (= 3840) < AVE (= 32767)) for loop 'loop_width' (/home/e/Documents/research/byotee/OSDZU3_Ref_Design/OSDZU3_Ref_Design.runs/design_1_v_mix_0_0_synth_1/prj/sol/.autopilot/db/v_mix.cpp:3362:30) in function 'AXIvideo2MultiPixStream'.
WARNING: [XFORM 203-561] Updating loop upper bound from 65535 to 2160 for loop 'loop_height' (/home/e/Documents/research/byotee/OSDZU3_Ref_Design/OSDZU3_Ref_Design.runs/design_1_v_mix_0_0_synth_1/prj/sol/.autopilot/db/v_mix.cpp:3362:30) in function 'AXIvideo2MultiPixStream'.
WARNING: [XFORM 203-561] Ignored invalid trip count directive (MAX (= 2160) < AVE (= 32767)) for loop 'loop_height' (/home/e/Documents/research/byotee/OSDZU3_Ref_Design/OSDZU3_Ref_Design.runs/design_1_v_mix_0_0_synth_1/prj/sol/.autopilot/db/v_mix.cpp:3362:30) in function 'AXIvideo2MultiPixStream'.
WARNING: [HLS 200-805] An internal stream 'srcLayer0' with default size can result in deadlock. Please consider resizing the stream using the directive 'set_directive_stream' or the 'HLS stream' pragma.
WARNING: [HLS 200-805] An internal stream 'srcLayer0Yuv422' with default size can result in deadlock. Please consider resizing the stream using the directive 'set_directive_stream' or the 'HLS stream' pragma.
WARNING: [HLS 200-805] An internal stream 'srcLayer0Yuv' with default size can result in deadlock. Please consider resizing the stream using the directive 'set_directive_stream' or the 'HLS stream' pragma.
WARNING: [HLS 200-805] An internal stream 'outLayer0' with default size can result in deadlock. Please consider resizing the stream using the directive 'set_directive_stream' or the 'HLS stream' pragma.
WARNING: [HLS 200-805] An internal stream 'outYuv' with default size can result in deadlock. Please consider resizing the stream using the directive 'set_directive_stream' or the 'HLS stream' pragma.
WARNING: [HLS 200-805] An internal stream 'out422' with default size can result in deadlock. Please consider resizing the stream using the directive 'set_directive_stream' or the 'HLS stream' pragma.
WARNING: [HLS 200-805] An internal stream 'out420' with default size can result in deadlock. Please consider resizing the stream using the directive 'set_directive_stream' or the 'HLS stream' pragma.
WARNING: [HLS 200-805] An internal stream 'srcLayer1' with default size can result in deadlock. Please consider resizing the stream using the directive 'set_directive_stream' or the 'HLS stream' pragma.
WARNING: [HLS 200-805] An internal stream 'srcLayer1x' with default size can result in deadlock. Please consider resizing the stream using the directive 'set_directive_stream' or the 'HLS stream' pragma.
WARNING: [HLS 200-805] An internal stream 'outLayer1' with default size can result in deadlock. Please consider resizing the stream using the directive 'set_directive_stream' or the 'HLS stream' pragma.
WARNING: [HLS 200-805] An internal stream 'srcLayer1Yuv' with default size can result in deadlock. Please consider resizing the stream using the directive 'set_directive_stream' or the 'HLS stream' pragma.
WARNING: [HLS 200-805] An internal stream 'srcLayer1Yuv422' with default size can result in deadlock. Please consider resizing the stream using the directive 'set_directive_stream' or the 'HLS stream' pragma.
WARNING: [HLS 200-805] An internal stream 'srcLayer1Rgb' with default size can result in deadlock. Please consider resizing the stream using the directive 'set_directive_stream' or the 'HLS stream' pragma.
WARNING: [HLS 200-805] An internal stream 'srcLayer2' with default size can result in deadlock. Please consider resizing the stream using the directive 'set_directive_stream' or the 'HLS stream' pragma.
WARNING: [HLS 200-805] An internal stream 'srcLayer2x' with default size can result in deadlock. Please consider resizing the stream using the directive 'set_directive_stream' or the 'HLS stream' pragma.
WARNING: [HLS 200-805] An internal stream 'outLayer2' with default size can result in deadlock. Please consider resizing the stream using the directive 'set_directive_stream' or the 'HLS stream' pragma.
WARNING: [HLS 200-805] An internal stream 'srcLayer2Yuv' with default size can result in deadlock. Please consider resizing the stream using the directive 'set_directive_stream' or the 'HLS stream' pragma.
WARNING: [HLS 200-805] An internal stream 'srcLayer2Yuv422' with default size can result in deadlock. Please consider resizing the stream using the directive 'set_directive_stream' or the 'HLS stream' pragma.
WARNING: [HLS 200-805] An internal stream 'srcLayer2Rgb' with default size can result in deadlock. Please consider resizing the stream using the directive 'set_directive_stream' or the 'HLS stream' pragma.
INFO: [HLS 200-1947] Automatically inferred stable function argument 'HwReg_layerEnable.val16' of dataflow function 'VMixHlsDataFlowFunction' (/home/e/Documents/research/byotee/OSDZU3_Ref_Design/OSDZU3_Ref_Design.runs/design_1_v_mix_0_0_synth_1/prj/sol/.autopilot/db/v_mix.cpp:630:1).
INFO: [HLS 200-1947] Automatically inferred stable function argument 'HwReg_layerEnableFlag_0.val' of dataflow function 'VMixHlsDataFlowFunction' (/home/e/Documents/research/byotee/OSDZU3_Ref_Design/OSDZU3_Ref_Design.runs/design_1_v_mix_0_0_synth_1/prj/sol/.autopilot/db/v_mix.cpp:630:1).
INFO: [HLS 200-1947] Automatically inferred stable function argument 'HwReg_layerEnableFlag_1.val' of dataflow function 'VMixHlsDataFlowFunction' (/home/e/Documents/research/byotee/OSDZU3_Ref_Design/OSDZU3_Ref_Design.runs/design_1_v_mix_0_0_synth_1/prj/sol/.autopilot/db/v_mix.cpp:630:1).
INFO: [HLS 200-1947] Automatically inferred stable function argument 'HwReg_layerEnableFlag_2.val' of dataflow function 'VMixHlsDataFlowFunction' (/home/e/Documents/research/byotee/OSDZU3_Ref_Design/OSDZU3_Ref_Design.runs/design_1_v_mix_0_0_synth_1/prj/sol/.autopilot/db/v_mix.cpp:630:1).
INFO: [HLS 200-1947] Automatically inferred stable function argument 'HwReg_layerAlpha_2.val17' of dataflow function 'VMixHlsDataFlowFunction' (/home/e/Documents/research/byotee/OSDZU3_Ref_Design/OSDZU3_Ref_Design.runs/design_1_v_mix_0_0_synth_1/prj/sol/.autopilot/db/v_mix.cpp:630:1).
INFO: [HLS 200-1947] Automatically inferred stable function argument 'HwReg_layerStartX_1.val18' of dataflow function 'VMixHlsDataFlowFunction' (/home/e/Documents/research/byotee/OSDZU3_Ref_Design/OSDZU3_Ref_Design.runs/design_1_v_mix_0_0_synth_1/prj/sol/.autopilot/db/v_mix.cpp:630:1).
INFO: [HLS 200-1947] Automatically inferred stable function argument 'HwReg_layerStartX_2.val19' of dataflow function 'VMixHlsDataFlowFunction' (/home/e/Documents/research/byotee/OSDZU3_Ref_Design/OSDZU3_Ref_Design.runs/design_1_v_mix_0_0_synth_1/prj/sol/.autopilot/db/v_mix.cpp:630:1).
INFO: [HLS 200-1947] Automatically inferred stable function argument 'HwReg_layerStartY_1.val20' of dataflow function 'VMixHlsDataFlowFunction' (/home/e/Documents/research/byotee/OSDZU3_Ref_Design/OSDZU3_Ref_Design.runs/design_1_v_mix_0_0_synth_1/prj/sol/.autopilot/db/v_mix.cpp:630:1).
INFO: [HLS 200-1947] Automatically inferred stable function argument 'HwReg_layerStartY_2.val21' of dataflow function 'VMixHlsDataFlowFunction' (/home/e/Documents/research/byotee/OSDZU3_Ref_Design/OSDZU3_Ref_Design.runs/design_1_v_mix_0_0_synth_1/prj/sol/.autopilot/db/v_mix.cpp:630:1).
INFO: [HLS 200-1947] Automatically inferred stable function argument 'HwReg_layerWidth_1.val' of dataflow function 'VMixHlsDataFlowFunction' (/home/e/Documents/research/byotee/OSDZU3_Ref_Design/OSDZU3_Ref_Design.runs/design_1_v_mix_0_0_synth_1/prj/sol/.autopilot/db/v_mix.cpp:630:1).
INFO: [HLS 200-1947] Automatically inferred stable function argument 'HwReg_layerWidth_2.val' of dataflow function 'VMixHlsDataFlowFunction' (/home/e/Documents/research/byotee/OSDZU3_Ref_Design/OSDZU3_Ref_Design.runs/design_1_v_mix_0_0_synth_1/prj/sol/.autopilot/db/v_mix.cpp:630:1).
INFO: [HLS 200-1947] Automatically inferred stable function argument 'HwReg_layerHeight_1.val' of dataflow function 'VMixHlsDataFlowFunction' (/home/e/Documents/research/byotee/OSDZU3_Ref_Design/OSDZU3_Ref_Design.runs/design_1_v_mix_0_0_synth_1/prj/sol/.autopilot/db/v_mix.cpp:630:1).
INFO: [HLS 200-1947] Automatically inferred stable function argument 'HwReg_layerHeight_2.val' of dataflow function 'VMixHlsDataFlowFunction' (/home/e/Documents/research/byotee/OSDZU3_Ref_Design/OSDZU3_Ref_Design.runs/design_1_v_mix_0_0_synth_1/prj/sol/.autopilot/db/v_mix.cpp:630:1).
INFO: [HLS 200-1947] Automatically inferred stable function argument 'HwReg_layerScaleFactor_1.val26' of dataflow function 'VMixHlsDataFlowFunction' (/home/e/Documents/research/byotee/OSDZU3_Ref_Design/OSDZU3_Ref_Design.runs/design_1_v_mix_0_0_synth_1/prj/sol/.autopilot/db/v_mix.cpp:630:1).
INFO: [HLS 200-1947] Automatically inferred stable function argument 'HwReg_layerScaleFactor_2.val27' of dataflow function 'VMixHlsDataFlowFunction' (/home/e/Documents/research/byotee/OSDZU3_Ref_Design/OSDZU3_Ref_Design.runs/design_1_v_mix_0_0_synth_1/prj/sol/.autopilot/db/v_mix.cpp:630:1).
INFO: [XFORM 203-712] Applying dataflow to function 'VMixHlsDataFlowFunction' (/home/e/Documents/research/byotee/OSDZU3_Ref_Design/OSDZU3_Ref_Design.runs/design_1_v_mix_0_0_synth_1/prj/sol/.autopilot/db/v_mix.cpp:630:1), detected/extracted 20 process function(s): 
	 'AXIvideo2MultiPixStream.1'
	 'v_mix_420_to_422<false>.2'
	 'v_mix_422_to_444<false>.3'
	 'v_mix_yuv2rgb<false>.4'
	 'AXIvideo2MultiPixStream.5'
	 'v_mix_420_to_422<false>.6'
	 'v_mix_422_to_444<true>'
	 'v_mix_yuv2rgb<true>'
	 'v_mix_upsample<false>.7'
	 'v_mix_core_alpha<false, false>'
	 'AXIvideo2MultiPixStream'
	 'v_mix_420_to_422<false>'
	 'v_mix_422_to_444<false>'
	 'v_mix_yuv2rgb<false>'
	 'v_mix_upsample<false>'
	 'v_mix_core_alpha<true, false>'
	 'v_mix_rgb2yuv<false>'
	 'v_mix_444_to_422<false>'
	 'v_mix_422_to_420<false>'
	 'MultiPixStream2AXIvideo'.
WARNING: [XFORM 203-561] Updating loop upper bound from 65535 to 32767 for loop 'VITIS_LOOP_161_2' (/home/e/Documents/research/byotee/OSDZU3_Ref_Design/OSDZU3_Ref_Design.runs/design_1_v_mix_0_0_synth_1/prj/sol/.autopilot/db/v_csc.cpp:131:9) in function 'v_mix_422_to_444<true>'.
INFO: [XFORM 203-401] Performing if-conversion on hyperblock to (/home/e/Documents/research/byotee/OSDZU3_Ref_Design/OSDZU3_Ref_Design.runs/design_1_v_mix_0_0_synth_1/prj/sol/.autopilot/db/v_csc.cpp:281:22) in function 'v_mix_422_to_444<true>'... converting 3 basic blocks.
INFO: [XFORM 203-11] Balancing expressions in function 'v_mix_core_alpha<true, false>' (/home/e/Documents/research/byotee/OSDZU3_Ref_Design/OSDZU3_Ref_Design.runs/design_1_v_mix_0_0_synth_1/prj/sol/.autopilot/db/v_mix.cpp:371:5)...3 expression(s) balanced.
INFO: [XFORM 203-11] Balancing expressions in function 'v_mix_core_alpha<false, false>' (/home/e/Documents/research/byotee/OSDZU3_Ref_Design/OSDZU3_Ref_Design.runs/design_1_v_mix_0_0_synth_1/prj/sol/.autopilot/db/v_mix.cpp:445:5)...3 expression(s) balanced.
INFO: [HLS 200-111] Finished Loop, function and other optimizations: CPU user time: 0.25 seconds. CPU system time: 0.01 seconds. Elapsed time: 0.25 seconds; current allocated memory: 329.656 MB.
INFO: [HLS 200-111] Finished Architecture Synthesis: CPU user time: 0.29 seconds. CPU system time: 0.1 seconds. Elapsed time: 0.4 seconds; current allocated memory: 807.066 MB.
INFO: [HLS 200-10] Starting hardware synthesis ...
INFO: [HLS 200-10] Synthesizing 'v_mix' ...
WARNING: [SYN 201-103] Legalizing function name 'reg<unsigned short>1' to 'reg_unsigned_short_1'.
WARNING: [SYN 201-103] Legalizing function name 'AXIvideo2MultiPixStream.1_Pipeline_loop_wait_for_start' to 'AXIvideo2MultiPixStream_1_Pipeline_loop_wait_for_start'.
WARNING: [SYN 201-103] Legalizing function name 'AXIvideo2MultiPixStream.1_Pipeline_loop_width' to 'AXIvideo2MultiPixStream_1_Pipeline_loop_width'.
WARNING: [SYN 201-103] Legalizing function name 'AXIvideo2MultiPixStream.1_Pipeline_loop_wait_for_eol' to 'AXIvideo2MultiPixStream_1_Pipeline_loop_wait_for_eol'.
WARNING: [SYN 201-103] Legalizing function name 'AXIvideo2MultiPixStream.1' to 'AXIvideo2MultiPixStream_1'.
WARNING: [SYN 201-103] Legalizing function name 'v_mix_420_to_422<false>.2_Pipeline_VITIS_LOOP_76_2' to 'v_mix_420_to_422_false_2_Pipeline_VITIS_LOOP_76_2'.
WARNING: [SYN 201-103] Legalizing function name 'v_mix_420_to_422<false>.2' to 'v_mix_420_to_422_false_2'.
WARNING: [SYN 201-103] Legalizing function name 'v_mix_422_to_444<false>.3_Pipeline_VITIS_LOOP_105_2' to 'v_mix_422_to_444_false_3_Pipeline_VITIS_LOOP_105_2'.
WARNING: [SYN 201-103] Legalizing function name 'v_mix_422_to_444<false>.3' to 'v_mix_422_to_444_false_3'.
WARNING: [SYN 201-103] Legalizing function name 'v_mix_yuv2rgb<false>.4_Pipeline_VITIS_LOOP_897_2' to 'v_mix_yuv2rgb_false_4_Pipeline_VITIS_LOOP_897_2'.
WARNING: [SYN 201-103] Legalizing function name 'v_mix_yuv2rgb<false>.4' to 'v_mix_yuv2rgb_false_4'.
WARNING: [SYN 201-103] Legalizing function name 'reg<unsigned short>' to 'reg_unsigned_short_s'.
WARNING: [SYN 201-103] Legalizing function name 'AXIvideo2MultiPixStream.5_Pipeline_loop_wait_for_start' to 'AXIvideo2MultiPixStream_5_Pipeline_loop_wait_for_start'.
WARNING: [SYN 201-103] Legalizing function name 'AXIvideo2MultiPixStream.5_Pipeline_loop_width' to 'AXIvideo2MultiPixStream_5_Pipeline_loop_width'.
WARNING: [SYN 201-103] Legalizing function name 'AXIvideo2MultiPixStream.5_Pipeline_loop_wait_for_eol' to 'AXIvideo2MultiPixStream_5_Pipeline_loop_wait_for_eol'.
WARNING: [SYN 201-103] Legalizing function name 'AXIvideo2MultiPixStream.5' to 'AXIvideo2MultiPixStream_5'.
WARNING: [SYN 201-103] Legalizing function name 'v_mix_420_to_422<false>.6_Pipeline_VITIS_LOOP_76_2' to 'v_mix_420_to_422_false_6_Pipeline_VITIS_LOOP_76_2'.
WARNING: [SYN 201-103] Legalizing function name 'v_mix_420_to_422<false>.6' to 'v_mix_420_to_422_false_6'.
WARNING: [SYN 201-103] Legalizing function name 'v_mix_422_to_444<true>_Pipeline_VITIS_LOOP_161_2' to 'v_mix_422_to_444_true_Pipeline_VITIS_LOOP_161_2'.
WARNING: [SYN 201-103] Legalizing function name 'v_mix_422_to_444<true>' to 'v_mix_422_to_444_true_s'.
WARNING: [SYN 201-103] Legalizing function name 'v_mix_yuv2rgb<true>_Pipeline_VITIS_LOOP_941_2' to 'v_mix_yuv2rgb_true_Pipeline_VITIS_LOOP_941_2'.
WARNING: [SYN 201-103] Legalizing function name 'v_mix_yuv2rgb<true>' to 'v_mix_yuv2rgb_true_s'.
WARNING: [SYN 201-103] Legalizing function name 'v_mix_upsample<false>.7_Pipeline_VITIS_LOOP_107_2' to 'v_mix_upsample_false_7_Pipeline_VITIS_LOOP_107_2'.
WARNING: [SYN 201-103] Legalizing function name 'v_mix_upsample<false>.7' to 'v_mix_upsample_false_7'.
WARNING: [SYN 201-103] Legalizing function name 'v_mix_core_alpha<false, false>_Pipeline_VITIS_LOOP_465_3' to 'v_mix_core_alpha_false_false_Pipeline_VITIS_LOOP_465_3'.
WARNING: [SYN 201-103] Legalizing function name 'v_mix_core_alpha<false, false>' to 'v_mix_core_alpha_false_false_s'.
WARNING: [SYN 201-103] Legalizing function name 'v_mix_420_to_422<false>_Pipeline_VITIS_LOOP_76_2' to 'v_mix_420_to_422_false_Pipeline_VITIS_LOOP_76_2'.
WARNING: [SYN 201-103] Legalizing function name 'v_mix_420_to_422<false>' to 'v_mix_420_to_422_false_s'.
WARNING: [SYN 201-103] Legalizing function name 'v_mix_422_to_444<false>_Pipeline_VITIS_LOOP_105_2' to 'v_mix_422_to_444_false_Pipeline_VITIS_LOOP_105_2'.
WARNING: [SYN 201-103] Legalizing function name 'v_mix_422_to_444<false>' to 'v_mix_422_to_444_false_s'.
WARNING: [SYN 201-103] Legalizing function name 'v_mix_yuv2rgb<false>_Pipeline_VITIS_LOOP_897_2' to 'v_mix_yuv2rgb_false_Pipeline_VITIS_LOOP_897_2'.
WARNING: [SYN 201-103] Legalizing function name 'v_mix_yuv2rgb<false>' to 'v_mix_yuv2rgb_false_s'.
WARNING: [SYN 201-103] Legalizing function name 'v_mix_upsample<false>_Pipeline_VITIS_LOOP_107_2' to 'v_mix_upsample_false_Pipeline_VITIS_LOOP_107_2'.
WARNING: [SYN 201-103] Legalizing function name 'v_mix_upsample<false>' to 'v_mix_upsample_false_s'.
WARNING: [SYN 201-103] Legalizing function name 'reg<unsigned short>12' to 'reg_unsigned_short_12'.
WARNING: [SYN 201-103] Legalizing function name 'v_mix_core_alpha<true, false>_Pipeline_VITIS_LOOP_395_3' to 'v_mix_core_alpha_true_false_Pipeline_VITIS_LOOP_395_3'.
WARNING: [SYN 201-103] Legalizing function name 'v_mix_core_alpha<true, false>' to 'v_mix_core_alpha_true_false_s'.
WARNING: [SYN 201-103] Legalizing function name 'v_mix_rgb2yuv<false>_Pipeline_VITIS_LOOP_1042_2' to 'v_mix_rgb2yuv_false_Pipeline_VITIS_LOOP_1042_2'.
WARNING: [SYN 201-103] Legalizing function name 'v_mix_rgb2yuv<false>' to 'v_mix_rgb2yuv_false_s'.
WARNING: [SYN 201-103] Legalizing function name 'v_mix_444_to_422<false>_Pipeline_VITIS_LOOP_718_2' to 'v_mix_444_to_422_false_Pipeline_VITIS_LOOP_718_2'.
WARNING: [SYN 201-103] Legalizing function name 'v_mix_444_to_422<false>' to 'v_mix_444_to_422_false_s'.
WARNING: [SYN 201-103] Legalizing function name 'v_mix_422_to_420<false>_Pipeline_VITIS_LOOP_508_2' to 'v_mix_422_to_420_false_Pipeline_VITIS_LOOP_508_2'.
WARNING: [SYN 201-103] Legalizing function name 'v_mix_422_to_420<false>' to 'v_mix_422_to_420_false_s'.
INFO: [HLS 200-10] ----------------------------------------------------------------
INFO: [HLS 200-42] -- Implementing module 'reg_unsigned_short_1' 
INFO: [HLS 200-10] ----------------------------------------------------------------
INFO: [SCHED 204-11] Starting scheduling ...
INFO: [SCHED 204-61] Pipelining function 'reg<unsigned short>1'.
INFO: [HLS 200-1470] Pipelining result : Target II = 1, Final II = 1, Depth = 2, function 'reg<unsigned short>1'
INFO: [SCHED 204-11] Finished scheduling.
INFO: [HLS 200-111] Finished Scheduling: CPU user time: 0.05 seconds. CPU system time: 0.03 seconds. Elapsed time: 0.09 seconds; current allocated memory: 807.691 MB.
INFO: [BIND 205-100] Starting micro-architecture generation ...
INFO: [BIND 205-101] Performing variable lifetime analysis.
INFO: [BIND 205-101] Exploring resource sharing.
INFO: [BIND 205-101] Binding ...
INFO: [BIND 205-100] Finished micro-architecture generation.
INFO: [HLS 200-111] Finished Binding: CPU user time: 0.01 seconds. CPU system time: 0.01 seconds. Elapsed time: 0.01 seconds; current allocated memory: 807.691 MB.
INFO: [HLS 200-10] ----------------------------------------------------------------
INFO: [HLS 200-42] -- Implementing module 'AXIvideo2MultiPixStream_1_Pipeline_loop_wait_for_start' 
INFO: [HLS 200-10] ----------------------------------------------------------------
INFO: [SCHED 204-11] Starting scheduling ...
INFO: [SCHED 204-61] Pipelining loop 'loop_wait_for_start'.
INFO: [HLS 200-1470] Pipelining result : Target II = 1, Final II = 1, Depth = 1, loop 'loop_wait_for_start'
INFO: [SCHED 204-11] Finished scheduling.
INFO: [HLS 200-111] Finished Scheduling: CPU user time: 0.02 seconds. CPU system time: 0 seconds. Elapsed time: 0.02 seconds; current allocated memory: 808.965 MB.
INFO: [BIND 205-100] Starting micro-architecture generation ...
INFO: [BIND 205-101] Performing variable lifetime analysis.
INFO: [BIND 205-101] Exploring resource sharing.
INFO: [BIND 205-101] Binding ...
INFO: [BIND 205-100] Finished micro-architecture generation.
INFO: [HLS 200-111] Finished Binding: CPU user time: 0.01 seconds. CPU system time: 0 seconds. Elapsed time: 0.01 seconds; current allocated memory: 808.965 MB.
INFO: [HLS 200-10] ----------------------------------------------------------------
INFO: [HLS 200-42] -- Implementing module 'AXIvideo2MultiPixStream_1_Pipeline_loop_width' 
INFO: [HLS 200-10] ----------------------------------------------------------------
INFO: [SCHED 204-11] Starting scheduling ...
INFO: [SCHED 204-61] Pipelining loop 'loop_width'.
INFO: [HLS 200-1470] Pipelining result : Target II = 1, Final II = 1, Depth = 3, loop 'loop_width'
INFO: [SCHED 204-11] Finished scheduling.
INFO: [HLS 200-111] Finished Scheduling: CPU user time: 0.02 seconds. CPU system time: 0 seconds. Elapsed time: 0.02 seconds; current allocated memory: 809.453 MB.
INFO: [BIND 205-100] Starting micro-architecture generation ...
INFO: [BIND 205-101] Performing variable lifetime analysis.
INFO: [BIND 205-101] Exploring resource sharing.
INFO: [BIND 205-101] Binding ...
INFO: [BIND 205-100] Finished micro-architecture generation.
INFO: [HLS 200-111] Finished Binding: CPU user time: 0.01 seconds. CPU system time: 0 seconds. Elapsed time: 0.01 seconds; current allocated memory: 809.453 MB.
INFO: [HLS 200-10] ----------------------------------------------------------------
INFO: [HLS 200-42] -- Implementing module 'AXIvideo2MultiPixStream_1_Pipeline_loop_wait_for_eol' 
INFO: [HLS 200-10] ----------------------------------------------------------------
INFO: [SCHED 204-11] Starting scheduling ...
INFO: [SCHED 204-61] Pipelining loop 'loop_wait_for_eol'.
INFO: [HLS 200-1470] Pipelining result : Target II = 1, Final II = 1, Depth = 1, loop 'loop_wait_for_eol'
INFO: [SCHED 204-11] Finished scheduling.
INFO: [HLS 200-111] Finished Scheduling: CPU user time: 0.01 seconds. CPU system time: 0 seconds. Elapsed time: 0.02 seconds; current allocated memory: 809.707 MB.
INFO: [BIND 205-100] Starting micro-architecture generation ...
INFO: [BIND 205-101] Performing variable lifetime analysis.
INFO: [BIND 205-101] Exploring resource sharing.
INFO: [BIND 205-101] Binding ...
INFO: [BIND 205-100] Finished micro-architecture generation.
INFO: [HLS 200-111] Finished Binding: CPU user time: 0.01 seconds. CPU system time: 0 seconds. Elapsed time: 0.01 seconds; current allocated memory: 809.707 MB.
INFO: [HLS 200-10] ----------------------------------------------------------------
INFO: [HLS 200-42] -- Implementing module 'AXIvideo2MultiPixStream_1' 
INFO: [HLS 200-10] ----------------------------------------------------------------
INFO: [SCHED 204-11] Starting scheduling ...
INFO: [SCHED 204-11] Finished scheduling.
INFO: [HLS 200-111] Finished Scheduling: CPU user time: 0.02 seconds. CPU system time: 0 seconds. Elapsed time: 0.01 seconds; current allocated memory: 810.195 MB.
INFO: [BIND 205-100] Starting micro-architecture generation ...
INFO: [BIND 205-101] Performing variable lifetime analysis.
INFO: [BIND 205-101] Exploring resource sharing.
INFO: [BIND 205-101] Binding ...
INFO: [BIND 205-100] Finished micro-architecture generation.
INFO: [HLS 200-111] Finished Binding: CPU user time: 0.01 seconds. CPU system time: 0 seconds. Elapsed time: 0.01 seconds; current allocated memory: 810.195 MB.
INFO: [HLS 200-10] ----------------------------------------------------------------
INFO: [HLS 200-42] -- Implementing module 'v_mix_420_to_422_false_2_Pipeline_VITIS_LOOP_76_2' 
INFO: [HLS 200-10] ----------------------------------------------------------------
INFO: [SCHED 204-11] Starting scheduling ...
INFO: [SCHED 204-61] Pipelining loop 'VITIS_LOOP_76_2'.
INFO: [HLS 200-1470] Pipelining result : Target II = NA, Final II = 1, Depth = 2, loop 'VITIS_LOOP_76_2'
INFO: [SCHED 204-11] Finished scheduling.
INFO: [HLS 200-111] Finished Scheduling: CPU user time: 0.01 seconds. CPU system time: 0 seconds. Elapsed time: 0.02 seconds; current allocated memory: 810.504 MB.
INFO: [BIND 205-100] Starting micro-architecture generation ...
INFO: [BIND 205-101] Performing variable lifetime analysis.
INFO: [BIND 205-101] Exploring resource sharing.
INFO: [BIND 205-101] Binding ...
INFO: [BIND 205-100] Finished micro-architecture generation.
INFO: [HLS 200-111] Finished Binding: CPU user time: 0.01 seconds. CPU system time: 0 seconds. Elapsed time: 0.01 seconds; current allocated memory: 810.504 MB.
INFO: [HLS 200-10] ----------------------------------------------------------------
INFO: [HLS 200-42] -- Implementing module 'v_mix_420_to_422_false_2' 
INFO: [HLS 200-10] ----------------------------------------------------------------
INFO: [SCHED 204-11] Starting scheduling ...
INFO: [SCHED 204-11] Finished scheduling.
INFO: [HLS 200-111] Finished Scheduling: CPU user time: 0.01 seconds. CPU system time: 0.01 seconds. Elapsed time: 0.01 seconds; current allocated memory: 810.738 MB.
INFO: [BIND 205-100] Starting micro-architecture generation ...
INFO: [BIND 205-101] Performing variable lifetime analysis.
INFO: [BIND 205-101] Exploring resource sharing.
INFO: [BIND 205-101] Binding ...
INFO: [BIND 205-100] Finished micro-architecture generation.
INFO: [HLS 200-111] Finished Binding: CPU user time: 0.01 seconds. CPU system time: 0 seconds. Elapsed time: 0.01 seconds; current allocated memory: 810.738 MB.
INFO: [HLS 200-10] ----------------------------------------------------------------
INFO: [HLS 200-42] -- Implementing module 'v_mix_422_to_444_false_3_Pipeline_VITIS_LOOP_105_2' 
INFO: [HLS 200-10] ----------------------------------------------------------------
INFO: [SCHED 204-11] Starting scheduling ...
INFO: [SCHED 204-61] Pipelining loop 'VITIS_LOOP_105_2'.
INFO: [HLS 200-1470] Pipelining result : Target II = NA, Final II = 1, Depth = 2, loop 'VITIS_LOOP_105_2'
INFO: [SCHED 204-11] Finished scheduling.
INFO: [HLS 200-111] Finished Scheduling: CPU user time: 0.01 seconds. CPU system time: 0 seconds. Elapsed time: 0.01 seconds; current allocated memory: 810.977 MB.
INFO: [BIND 205-100] Starting micro-architecture generation ...
INFO: [BIND 205-101] Performing variable lifetime analysis.
INFO: [BIND 205-101] Exploring resource sharing.
INFO: [BIND 205-101] Binding ...
INFO: [BIND 205-100] Finished micro-architecture generation.
INFO: [HLS 200-111] Finished Binding: CPU user time: 0.01 seconds. CPU system time: 0 seconds. Elapsed time: 0.01 seconds; current allocated memory: 810.977 MB.
INFO: [HLS 200-10] ----------------------------------------------------------------
INFO: [HLS 200-42] -- Implementing module 'v_mix_422_to_444_false_3' 
INFO: [HLS 200-10] ----------------------------------------------------------------
INFO: [SCHED 204-11] Starting scheduling ...
INFO: [SCHED 204-11] Finished scheduling.
INFO: [HLS 200-111] Finished Scheduling: CPU user time: 0.02 seconds. CPU system time: 0 seconds. Elapsed time: 0.01 seconds; current allocated memory: 811.242 MB.
INFO: [BIND 205-100] Starting micro-architecture generation ...
INFO: [BIND 205-101] Performing variable lifetime analysis.
INFO: [BIND 205-101] Exploring resource sharing.
INFO: [BIND 205-101] Binding ...
INFO: [BIND 205-100] Finished micro-architecture generation.
INFO: [HLS 200-111] Finished Binding: CPU user time: 0.01 seconds. CPU system time: 0 seconds. Elapsed time: 0.02 seconds; current allocated memory: 811.242 MB.
INFO: [HLS 200-10] ----------------------------------------------------------------
INFO: [HLS 200-42] -- Implementing module 'v_mix_yuv2rgb_false_4_Pipeline_VITIS_LOOP_897_2' 
INFO: [HLS 200-10] ----------------------------------------------------------------
INFO: [SCHED 204-11] Starting scheduling ...
INFO: [SCHED 204-61] Pipelining loop 'VITIS_LOOP_897_2'.
INFO: [HLS 200-1470] Pipelining result : Target II = NA, Final II = 1, Depth = 2, loop 'VITIS_LOOP_897_2'
INFO: [SCHED 204-11] Finished scheduling.
INFO: [HLS 200-111] Finished Scheduling: CPU user time: 0.01 seconds. CPU system time: 0 seconds. Elapsed time: 0.01 seconds; current allocated memory: 811.449 MB.
INFO: [BIND 205-100] Starting micro-architecture generation ...
INFO: [BIND 205-101] Performing variable lifetime analysis.
INFO: [BIND 205-101] Exploring resource sharing.
INFO: [BIND 205-101] Binding ...
INFO: [BIND 205-100] Finished micro-architecture generation.
INFO: [HLS 200-111] Finished Binding: CPU user time: 0.01 seconds. CPU system time: 0 seconds. Elapsed time: 0.01 seconds; current allocated memory: 811.449 MB.
INFO: [HLS 200-10] ----------------------------------------------------------------
INFO: [HLS 200-42] -- Implementing module 'v_mix_yuv2rgb_false_4' 
INFO: [HLS 200-10] ----------------------------------------------------------------
INFO: [SCHED 204-11] Starting scheduling ...
INFO: [SCHED 204-11] Finished scheduling.
INFO: [HLS 200-111] Finished Scheduling: CPU user time: 0.02 seconds. CPU system time: 0 seconds. Elapsed time: 0.02 seconds; current allocated memory: 811.684 MB.
INFO: [BIND 205-100] Starting micro-architecture generation ...
INFO: [BIND 205-101] Performing variable lifetime analysis.
INFO: [BIND 205-101] Exploring resource sharing.
INFO: [BIND 205-101] Binding ...
INFO: [BIND 205-100] Finished micro-architecture generation.
INFO: [HLS 200-111] Finished Binding: CPU user time: 0.01 seconds. CPU system time: 0.01 seconds. Elapsed time: 0.01 seconds; current allocated memory: 811.684 MB.
INFO: [HLS 200-10] ----------------------------------------------------------------
INFO: [HLS 200-42] -- Implementing module 'reg_unsigned_short_s' 
INFO: [HLS 200-10] ----------------------------------------------------------------
INFO: [SCHED 204-11] Starting scheduling ...
INFO: [SCHED 204-61] Pipelining function 'reg<unsigned short>'.
INFO: [HLS 200-1470] Pipelining result : Target II = 1, Final II = 1, Depth = 2, function 'reg<unsigned short>'
INFO: [SCHED 204-11] Finished scheduling.
INFO: [HLS 200-111] Finished Scheduling: CPU user time: 0.01 seconds. CPU system time: 0 seconds. Elapsed time: 0.01 seconds; current allocated memory: 811.684 MB.
INFO: [BIND 205-100] Starting micro-architecture generation ...
INFO: [BIND 205-101] Performing variable lifetime analysis.
INFO: [BIND 205-101] Exploring resource sharing.
INFO: [BIND 205-101] Binding ...
INFO: [BIND 205-100] Finished micro-architecture generation.
INFO: [HLS 200-111] Finished Binding: CPU user time: 0.01 seconds. CPU system time: 0 seconds. Elapsed time: 0.01 seconds; current allocated memory: 811.684 MB.
INFO: [HLS 200-10] ----------------------------------------------------------------
INFO: [HLS 200-42] -- Implementing module 'AXIvideo2MultiPixStream_5_Pipeline_loop_wait_for_start' 
INFO: [HLS 200-10] ----------------------------------------------------------------
INFO: [SCHED 204-11] Starting scheduling ...
INFO: [SCHED 204-61] Pipelining loop 'loop_wait_for_start'.
INFO: [HLS 200-1470] Pipelining result : Target II = 1, Final II = 1, Depth = 1, loop 'loop_wait_for_start'
INFO: [SCHED 204-11] Finished scheduling.
INFO: [HLS 200-111] Finished Scheduling: CPU user time: 0.01 seconds. CPU system time: 0 seconds. Elapsed time: 0.02 seconds; current allocated memory: 812.047 MB.
INFO: [BIND 205-100] Starting micro-architecture generation ...
INFO: [BIND 205-101] Performing variable lifetime analysis.
INFO: [BIND 205-101] Exploring resource sharing.
INFO: [BIND 205-101] Binding ...
INFO: [BIND 205-100] Finished micro-architecture generation.
INFO: [HLS 200-111] Finished Binding: CPU user time: 0.01 seconds. CPU system time: 0 seconds. Elapsed time: 0.01 seconds; current allocated memory: 812.047 MB.
INFO: [HLS 200-10] ----------------------------------------------------------------
INFO: [HLS 200-42] -- Implementing module 'AXIvideo2MultiPixStream_5_Pipeline_loop_width' 
INFO: [HLS 200-10] ----------------------------------------------------------------
INFO: [SCHED 204-11] Starting scheduling ...
INFO: [SCHED 204-61] Pipelining loop 'loop_width'.
INFO: [HLS 200-1470] Pipelining result : Target II = 1, Final II = 1, Depth = 3, loop 'loop_width'
INFO: [SCHED 204-11] Finished scheduling.
INFO: [HLS 200-111] Finished Scheduling: CPU user time: 0.02 seconds. CPU system time: 0 seconds. Elapsed time: 0.02 seconds; current allocated memory: 812.547 MB.
INFO: [BIND 205-100] Starting micro-architecture generation ...
INFO: [BIND 205-101] Performing variable lifetime analysis.
INFO: [BIND 205-101] Exploring resource sharing.
INFO: [BIND 205-101] Binding ...
INFO: [BIND 205-100] Finished micro-architecture generation.
INFO: [HLS 200-111] Finished Binding: CPU user time: 0.01 seconds. CPU system time: 0.01 seconds. Elapsed time: 0.01 seconds; current allocated memory: 812.547 MB.
INFO: [HLS 200-10] ----------------------------------------------------------------
INFO: [HLS 200-42] -- Implementing module 'AXIvideo2MultiPixStream_5_Pipeline_loop_wait_for_eol' 
INFO: [HLS 200-10] ----------------------------------------------------------------
INFO: [SCHED 204-11] Starting scheduling ...
INFO: [SCHED 204-61] Pipelining loop 'loop_wait_for_eol'.
INFO: [HLS 200-1470] Pipelining result : Target II = 1, Final II = 1, Depth = 1, loop 'loop_wait_for_eol'
INFO: [SCHED 204-11] Finished scheduling.
INFO: [HLS 200-111] Finished Scheduling: CPU user time: 0.02 seconds. CPU system time: 0 seconds. Elapsed time: 0.02 seconds; current allocated memory: 812.801 MB.
INFO: [BIND 205-100] Starting micro-architecture generation ...
INFO: [BIND 205-101] Performing variable lifetime analysis.
INFO: [BIND 205-101] Exploring resource sharing.
INFO: [BIND 205-101] Binding ...
INFO: [BIND 205-100] Finished micro-architecture generation.
INFO: [HLS 200-111] Finished Binding: CPU user time: 0.01 seconds. CPU system time: 0 seconds. Elapsed time: 0.01 seconds; current allocated memory: 812.801 MB.
INFO: [HLS 200-10] ----------------------------------------------------------------
INFO: [HLS 200-42] -- Implementing module 'AXIvideo2MultiPixStream_5' 
INFO: [HLS 200-10] ----------------------------------------------------------------
INFO: [SCHED 204-11] Starting scheduling ...
INFO: [SCHED 204-11] Finished scheduling.
INFO: [HLS 200-111] Finished Scheduling: CPU user time: 0.02 seconds. CPU system time: 0 seconds. Elapsed time: 0.02 seconds; current allocated memory: 813.289 MB.
INFO: [BIND 205-100] Starting micro-architecture generation ...
INFO: [BIND 205-101] Performing variable lifetime analysis.
INFO: [BIND 205-101] Exploring resource sharing.
INFO: [BIND 205-101] Binding ...
INFO: [BIND 205-100] Finished micro-architecture generation.
INFO: [HLS 200-111] Finished Binding: CPU user time: 0.01 seconds. CPU system time: 0 seconds. Elapsed time: 0.01 seconds; current allocated memory: 813.289 MB.
INFO: [HLS 200-10] ----------------------------------------------------------------
INFO: [HLS 200-42] -- Implementing module 'v_mix_420_to_422_false_6_Pipeline_VITIS_LOOP_76_2' 
INFO: [HLS 200-10] ----------------------------------------------------------------
INFO: [SCHED 204-11] Starting scheduling ...
INFO: [SCHED 204-61] Pipelining loop 'VITIS_LOOP_76_2'.
INFO: [HLS 200-1470] Pipelining result : Target II = NA, Final II = 1, Depth = 2, loop 'VITIS_LOOP_76_2'
INFO: [SCHED 204-11] Finished scheduling.
INFO: [HLS 200-111] Finished Scheduling: CPU user time: 0.01 seconds. CPU system time: 0 seconds. Elapsed time: 0.02 seconds; current allocated memory: 813.605 MB.
INFO: [BIND 205-100] Starting micro-architecture generation ...
INFO: [BIND 205-101] Performing variable lifetime analysis.
INFO: [BIND 205-101] Exploring resource sharing.
INFO: [BIND 205-101] Binding ...
INFO: [BIND 205-100] Finished micro-architecture generation.
INFO: [HLS 200-111] Finished Binding: CPU user time: 0.01 seconds. CPU system time: 0 seconds. Elapsed time: 0.01 seconds; current allocated memory: 813.605 MB.
INFO: [HLS 200-10] ----------------------------------------------------------------
INFO: [HLS 200-42] -- Implementing module 'v_mix_420_to_422_false_6' 
INFO: [HLS 200-10] ----------------------------------------------------------------
INFO: [SCHED 204-11] Starting scheduling ...
INFO: [SCHED 204-11] Finished scheduling.
INFO: [HLS 200-111] Finished Scheduling: CPU user time: 0.02 seconds. CPU system time: 0 seconds. Elapsed time: 0.01 seconds; current allocated memory: 813.836 MB.
INFO: [BIND 205-100] Starting micro-architecture generation ...
INFO: [BIND 205-101] Performing variable lifetime analysis.
INFO: [BIND 205-101] Exploring resource sharing.
INFO: [BIND 205-101] Binding ...
INFO: [BIND 205-100] Finished micro-architecture generation.
INFO: [HLS 200-111] Finished Binding: CPU user time: 0 seconds. CPU system time: 0 seconds. Elapsed time: 0.01 seconds; current allocated memory: 813.836 MB.
INFO: [HLS 200-10] ----------------------------------------------------------------
INFO: [HLS 200-42] -- Implementing module 'v_mix_422_to_444_true_Pipeline_VITIS_LOOP_161_2' 
INFO: [HLS 200-10] ----------------------------------------------------------------
INFO: [SCHED 204-11] Starting scheduling ...
INFO: [SCHED 204-61] Pipelining loop 'VITIS_LOOP_161_2'.
INFO: [HLS 200-1470] Pipelining result : Target II = 1, Final II = 1, Depth = 4, loop 'VITIS_LOOP_161_2'
INFO: [SCHED 204-11] Finished scheduling.
INFO: [HLS 200-111] Finished Scheduling: CPU user time: 0.04 seconds. CPU system time: 0 seconds. Elapsed time: 0.04 seconds; current allocated memory: 815.164 MB.
INFO: [BIND 205-100] Starting micro-architecture generation ...
INFO: [BIND 205-101] Performing variable lifetime analysis.
INFO: [BIND 205-101] Exploring resource sharing.
INFO: [BIND 205-101] Binding ...
INFO: [BIND 205-100] Finished micro-architecture generation.
INFO: [HLS 200-111] Finished Binding: CPU user time: 0.01 seconds. CPU system time: 0 seconds. Elapsed time: 0.01 seconds; current allocated memory: 815.164 MB.
INFO: [HLS 200-10] ----------------------------------------------------------------
INFO: [HLS 200-42] -- Implementing module 'v_mix_422_to_444_true_s' 
INFO: [HLS 200-10] ----------------------------------------------------------------
INFO: [SCHED 204-11] Starting scheduling ...
INFO: [SCHED 204-11] Finished scheduling.
INFO: [HLS 200-111] Finished Scheduling: CPU user time: 0.02 seconds. CPU system time: 0.01 seconds. Elapsed time: 0.03 seconds; current allocated memory: 815.176 MB.
INFO: [BIND 205-100] Starting micro-architecture generation ...
INFO: [BIND 205-101] Performing variable lifetime analysis.
INFO: [BIND 205-101] Exploring resource sharing.
INFO: [BIND 205-101] Binding ...
INFO: [BIND 205-100] Finished micro-architecture generation.
INFO: [HLS 200-111] Finished Binding: CPU user time: 0.02 seconds. CPU system time: 0 seconds. Elapsed time: 0.01 seconds; current allocated memory: 815.176 MB.
INFO: [HLS 200-10] ----------------------------------------------------------------
INFO: [HLS 200-42] -- Implementing module 'v_mix_yuv2rgb_true_Pipeline_VITIS_LOOP_941_2' 
INFO: [HLS 200-10] ----------------------------------------------------------------
INFO: [SCHED 204-11] Starting scheduling ...
INFO: [HLS 200-486] Changing DSP latency (root=add_ln970) to 3 in order to utilize available DSP registers.
WARNING: [SYN 201-303] Cannot apply core 'DSP48' on 'mul' operation 20 bit ('Cr_mul', /home/e/Documents/research/byotee/OSDZU3_Ref_Design/OSDZU3_Ref_Design.runs/design_1_v_mix_0_0_synth_1/prj/sol/.autopilot/db/v_csc.cpp:968->/home/e/Documents/research/byotee/OSDZU3_Ref_Design/OSDZU3_Ref_Design.runs/design_1_v_mix_0_0_synth_1/prj/sol/.autopilot/db/v_mix.cpp:715->/home/e/Documents/research/byotee/OSDZU3_Ref_Design/OSDZU3_Ref_Design.runs/design_1_v_mix_0_0_synth_1/prj/sol/.autopilot/db/v_mix.cpp:715) due to incompatible operation.
INFO: [SCHED 204-61] Pipelining loop 'VITIS_LOOP_941_2'.
INFO: [HLS 200-1470] Pipelining result : Target II = NA, Final II = 1, Depth = 6, loop 'VITIS_LOOP_941_2'
INFO: [SCHED 204-11] Finished scheduling.
INFO: [HLS 200-111] Finished Scheduling: CPU user time: 0.03 seconds. CPU system time: 0 seconds. Elapsed time: 0.04 seconds; current allocated memory: 815.820 MB.
INFO: [BIND 205-100] Starting micro-architecture generation ...
INFO: [BIND 205-101] Performing variable lifetime analysis.
INFO: [BIND 205-101] Exploring resource sharing.
INFO: [BIND 205-101] Binding ...
INFO: [BIND 205-100] Finished micro-architecture generation.
INFO: [HLS 200-111] Finished Binding: CPU user time: 0.01 seconds. CPU system time: 0 seconds. Elapsed time: 0.01 seconds; current allocated memory: 815.820 MB.
INFO: [HLS 200-10] ----------------------------------------------------------------
INFO: [HLS 200-42] -- Implementing module 'v_mix_yuv2rgb_true_s' 
INFO: [HLS 200-10] ----------------------------------------------------------------
INFO: [SCHED 204-11] Starting scheduling ...
INFO: [SCHED 204-11] Finished scheduling.
INFO: [HLS 200-111] Finished Scheduling: CPU user time: 0.02 seconds. CPU system time: 0 seconds. Elapsed time: 0.02 seconds; current allocated memory: 816.137 MB.
INFO: [BIND 205-100] Starting micro-architecture generation ...
INFO: [BIND 205-101] Performing variable lifetime analysis.
INFO: [BIND 205-101] Exploring resource sharing.
INFO: [BIND 205-101] Binding ...
INFO: [BIND 205-100] Finished micro-architecture generation.
INFO: [HLS 200-111] Finished Binding: CPU user time: 0.01 seconds. CPU system time: 0.01 seconds. Elapsed time: 0.01 seconds; current allocated memory: 816.137 MB.
INFO: [HLS 200-10] ----------------------------------------------------------------
INFO: [HLS 200-42] -- Implementing module 'v_mix_upsample_false_7_Pipeline_VITIS_LOOP_107_2' 
INFO: [HLS 200-10] ----------------------------------------------------------------
INFO: [SCHED 204-11] Starting scheduling ...
INFO: [SCHED 204-61] Pipelining loop 'VITIS_LOOP_107_2'.
INFO: [HLS 200-1470] Pipelining result : Target II = NA, Final II = 1, Depth = 2, loop 'VITIS_LOOP_107_2'
INFO: [SCHED 204-11] Finished scheduling.
INFO: [HLS 200-111] Finished Scheduling: CPU user time: 0.02 seconds. CPU system time: 0 seconds. Elapsed time: 0.02 seconds; current allocated memory: 816.348 MB.
INFO: [BIND 205-100] Starting micro-architecture generation ...
INFO: [BIND 205-101] Performing variable lifetime analysis.
INFO: [BIND 205-101] Exploring resource sharing.
INFO: [BIND 205-101] Binding ...
INFO: [BIND 205-100] Finished micro-architecture generation.
INFO: [HLS 200-111] Finished Binding: CPU user time: 0.01 seconds. CPU system time: 0 seconds. Elapsed time: 0.01 seconds; current allocated memory: 816.348 MB.
INFO: [HLS 200-10] ----------------------------------------------------------------
INFO: [HLS 200-42] -- Implementing module 'v_mix_upsample_false_7' 
INFO: [HLS 200-10] ----------------------------------------------------------------
INFO: [SCHED 204-11] Starting scheduling ...
INFO: [SCHED 204-11] Finished scheduling.
INFO: [HLS 200-111] Finished Scheduling: CPU user time: 0.01 seconds. CPU system time: 0 seconds. Elapsed time: 0.01 seconds; current allocated memory: 816.621 MB.
INFO: [BIND 205-100] Starting micro-architecture generation ...
INFO: [BIND 205-101] Performing variable lifetime analysis.
INFO: [BIND 205-101] Exploring resource sharing.
INFO: [BIND 205-101] Binding ...
INFO: [BIND 205-100] Finished micro-architecture generation.
INFO: [HLS 200-111] Finished Binding: CPU user time: 0.01 seconds. CPU system time: 0 seconds. Elapsed time: 0.02 seconds; current allocated memory: 816.621 MB.
INFO: [HLS 200-10] ----------------------------------------------------------------
INFO: [HLS 200-42] -- Implementing module 'v_mix_core_alpha_false_false_Pipeline_VITIS_LOOP_465_3' 
INFO: [HLS 200-10] ----------------------------------------------------------------
INFO: [SCHED 204-11] Starting scheduling ...
INFO: [SCHED 204-61] Pipelining loop 'VITIS_LOOP_465_3'.
INFO: [HLS 200-1470] Pipelining result : Target II = NA, Final II = 1, Depth = 3, loop 'VITIS_LOOP_465_3'
INFO: [SCHED 204-11] Finished scheduling.
INFO: [HLS 200-111] Finished Scheduling: CPU user time: 0.03 seconds. CPU system time: 0 seconds. Elapsed time: 0.02 seconds; current allocated memory: 817.250 MB.
INFO: [BIND 205-100] Starting micro-architecture generation ...
INFO: [BIND 205-101] Performing variable lifetime analysis.
INFO: [BIND 205-101] Exploring resource sharing.
INFO: [BIND 205-101] Binding ...
INFO: [BIND 205-100] Finished micro-architecture generation.
INFO: [HLS 200-111] Finished Binding: CPU user time: 0.01 seconds. CPU system time: 0 seconds. Elapsed time: 0.02 seconds; current allocated memory: 817.250 MB.
INFO: [HLS 200-10] ----------------------------------------------------------------
INFO: [HLS 200-42] -- Implementing module 'v_mix_core_alpha_false_false_s' 
INFO: [HLS 200-10] ----------------------------------------------------------------
INFO: [SCHED 204-11] Starting scheduling ...
INFO: [SCHED 204-11] Finished scheduling.
INFO: [HLS 200-111] Finished Scheduling: CPU user time: 0.02 seconds. CPU system time: 0 seconds. Elapsed time: 0.02 seconds; current allocated memory: 817.648 MB.
INFO: [BIND 205-100] Starting micro-architecture generation ...
INFO: [BIND 205-101] Performing variable lifetime analysis.
INFO: [BIND 205-101] Exploring resource sharing.
INFO: [BIND 205-101] Binding ...
INFO: [BIND 205-100] Finished micro-architecture generation.
INFO: [HLS 200-111] Finished Binding: CPU user time: 0.01 seconds. CPU system time: 0 seconds. Elapsed time: 0.01 seconds; current allocated memory: 817.648 MB.
INFO: [HLS 200-10] ----------------------------------------------------------------
INFO: [HLS 200-42] -- Implementing module 'AXIvideo2MultiPixStream_Pipeline_loop_wait_for_start' 
INFO: [HLS 200-10] ----------------------------------------------------------------
INFO: [SCHED 204-11] Starting scheduling ...
INFO: [SCHED 204-61] Pipelining loop 'loop_wait_for_start'.
INFO: [HLS 200-1470] Pipelining result : Target II = 1, Final II = 1, Depth = 1, loop 'loop_wait_for_start'
INFO: [SCHED 204-11] Finished scheduling.
INFO: [HLS 200-111] Finished Scheduling: CPU user time: 0.02 seconds. CPU system time: 0.01 seconds. Elapsed time: 0.02 seconds; current allocated memory: 817.918 MB.
INFO: [BIND 205-100] Starting micro-architecture generation ...
INFO: [BIND 205-101] Performing variable lifetime analysis.
INFO: [BIND 205-101] Exploring resource sharing.
INFO: [BIND 205-101] Binding ...
INFO: [BIND 205-100] Finished micro-architecture generation.
INFO: [HLS 200-111] Finished Binding: CPU user time: 0.01 seconds. CPU system time: 0 seconds. Elapsed time: 0.01 seconds; current allocated memory: 817.918 MB.
INFO: [HLS 200-10] ----------------------------------------------------------------
INFO: [HLS 200-42] -- Implementing module 'AXIvideo2MultiPixStream_Pipeline_loop_width' 
INFO: [HLS 200-10] ----------------------------------------------------------------
INFO: [SCHED 204-11] Starting scheduling ...
INFO: [SCHED 204-61] Pipelining loop 'loop_width'.
INFO: [HLS 200-1470] Pipelining result : Target II = 1, Final II = 1, Depth = 3, loop 'loop_width'
INFO: [SCHED 204-11] Finished scheduling.
INFO: [HLS 200-111] Finished Scheduling: CPU user time: 0.02 seconds. CPU system time: 0 seconds. Elapsed time: 0.02 seconds; current allocated memory: 818.418 MB.
INFO: [BIND 205-100] Starting micro-architecture generation ...
INFO: [BIND 205-101] Performing variable lifetime analysis.
INFO: [BIND 205-101] Exploring resource sharing.
INFO: [BIND 205-101] Binding ...
INFO: [BIND 205-100] Finished micro-architecture generation.
INFO: [HLS 200-111] Finished Binding: CPU user time: 0.01 seconds. CPU system time: 0 seconds. Elapsed time: 0.02 seconds; current allocated memory: 818.418 MB.
INFO: [HLS 200-10] ----------------------------------------------------------------
INFO: [HLS 200-42] -- Implementing module 'AXIvideo2MultiPixStream_Pipeline_loop_wait_for_eol' 
INFO: [HLS 200-10] ----------------------------------------------------------------
INFO: [SCHED 204-11] Starting scheduling ...
INFO: [SCHED 204-61] Pipelining loop 'loop_wait_for_eol'.
INFO: [HLS 200-1470] Pipelining result : Target II = 1, Final II = 1, Depth = 1, loop 'loop_wait_for_eol'
INFO: [SCHED 204-11] Finished scheduling.
INFO: [HLS 200-111] Finished Scheduling: CPU user time: 0.02 seconds. CPU system time: 0 seconds. Elapsed time: 0.01 seconds; current allocated memory: 818.672 MB.
INFO: [BIND 205-100] Starting micro-architecture generation ...
INFO: [BIND 205-101] Performing variable lifetime analysis.
INFO: [BIND 205-101] Exploring resource sharing.
INFO: [BIND 205-101] Binding ...
INFO: [BIND 205-100] Finished micro-architecture generation.
INFO: [HLS 200-111] Finished Binding: CPU user time: 0.01 seconds. CPU system time: 0 seconds. Elapsed time: 0.02 seconds; current allocated memory: 818.672 MB.
INFO: [HLS 200-10] ----------------------------------------------------------------
INFO: [HLS 200-42] -- Implementing module 'AXIvideo2MultiPixStream' 
INFO: [HLS 200-10] ----------------------------------------------------------------
INFO: [SCHED 204-11] Starting scheduling ...
INFO: [SCHED 204-11] Finished scheduling.
INFO: [HLS 200-111] Finished Scheduling: CPU user time: 0.02 seconds. CPU system time: 0 seconds. Elapsed time: 0.01 seconds; current allocated memory: 819.160 MB.
INFO: [BIND 205-100] Starting micro-architecture generation ...
INFO: [BIND 205-101] Performing variable lifetime analysis.
INFO: [BIND 205-101] Exploring resource sharing.
INFO: [BIND 205-101] Binding ...
INFO: [BIND 205-100] Finished micro-architecture generation.
INFO: [HLS 200-111] Finished Binding: CPU user time: 0.01 seconds. CPU system time: 0 seconds. Elapsed time: 0.02 seconds; current allocated memory: 819.160 MB.
INFO: [HLS 200-10] ----------------------------------------------------------------
INFO: [HLS 200-42] -- Implementing module 'v_mix_420_to_422_false_Pipeline_VITIS_LOOP_76_2' 
INFO: [HLS 200-10] ----------------------------------------------------------------
INFO: [SCHED 204-11] Starting scheduling ...
INFO: [SCHED 204-61] Pipelining loop 'VITIS_LOOP_76_2'.
INFO: [HLS 200-1470] Pipelining result : Target II = NA, Final II = 1, Depth = 2, loop 'VITIS_LOOP_76_2'
INFO: [SCHED 204-11] Finished scheduling.
INFO: [HLS 200-111] Finished Scheduling: CPU user time: 0.02 seconds. CPU system time: 0 seconds. Elapsed time: 0.02 seconds; current allocated memory: 819.441 MB.
INFO: [BIND 205-100] Starting micro-architecture generation ...
INFO: [BIND 205-101] Performing variable lifetime analysis.
INFO: [BIND 205-101] Exploring resource sharing.
INFO: [BIND 205-101] Binding ...
INFO: [BIND 205-100] Finished micro-architecture generation.
INFO: [HLS 200-111] Finished Binding: CPU user time: 0.01 seconds. CPU system time: 0 seconds. Elapsed time: 0.01 seconds; current allocated memory: 819.441 MB.
INFO: [HLS 200-10] ----------------------------------------------------------------
INFO: [HLS 200-42] -- Implementing module 'v_mix_420_to_422_false_s' 
INFO: [HLS 200-10] ----------------------------------------------------------------
INFO: [SCHED 204-11] Starting scheduling ...
INFO: [SCHED 204-11] Finished scheduling.
INFO: [HLS 200-111] Finished Scheduling: CPU user time: 0.01 seconds. CPU system time: 0 seconds. Elapsed time: 0.01 seconds; current allocated memory: 819.738 MB.
INFO: [BIND 205-100] Starting micro-architecture generation ...
INFO: [BIND 205-101] Performing variable lifetime analysis.
INFO: [BIND 205-101] Exploring resource sharing.
INFO: [BIND 205-101] Binding ...
INFO: [BIND 205-100] Finished micro-architecture generation.
INFO: [HLS 200-111] Finished Binding: CPU user time: 0.02 seconds. CPU system time: 0 seconds. Elapsed time: 0.02 seconds; current allocated memory: 819.738 MB.
INFO: [HLS 200-10] ----------------------------------------------------------------
INFO: [HLS 200-42] -- Implementing module 'v_mix_422_to_444_false_Pipeline_VITIS_LOOP_105_2' 
INFO: [HLS 200-10] ----------------------------------------------------------------
INFO: [SCHED 204-11] Starting scheduling ...
INFO: [SCHED 204-61] Pipelining loop 'VITIS_LOOP_105_2'.
INFO: [HLS 200-1470] Pipelining result : Target II = NA, Final II = 1, Depth = 2, loop 'VITIS_LOOP_105_2'
INFO: [SCHED 204-11] Finished scheduling.
INFO: [HLS 200-111] Finished Scheduling: CPU user time: 0.01 seconds. CPU system time: 0 seconds. Elapsed time: 0.01 seconds; current allocated memory: 819.949 MB.
INFO: [BIND 205-100] Starting micro-architecture generation ...
INFO: [BIND 205-101] Performing variable lifetime analysis.
INFO: [BIND 205-101] Exploring resource sharing.
INFO: [BIND 205-101] Binding ...
INFO: [BIND 205-100] Finished micro-architecture generation.
INFO: [HLS 200-111] Finished Binding: CPU user time: 0.01 seconds. CPU system time: 0 seconds. Elapsed time: 0.01 seconds; current allocated memory: 819.949 MB.
INFO: [HLS 200-10] ----------------------------------------------------------------
INFO: [HLS 200-42] -- Implementing module 'v_mix_422_to_444_false_s' 
INFO: [HLS 200-10] ----------------------------------------------------------------
INFO: [SCHED 204-11] Starting scheduling ...
INFO: [SCHED 204-11] Finished scheduling.
INFO: [HLS 200-111] Finished Scheduling: CPU user time: 0.02 seconds. CPU system time: 0.01 seconds. Elapsed time: 0.02 seconds; current allocated memory: 820.188 MB.
INFO: [BIND 205-100] Starting micro-architecture generation ...
INFO: [BIND 205-101] Performing variable lifetime analysis.
INFO: [BIND 205-101] Exploring resource sharing.
INFO: [BIND 205-101] Binding ...
INFO: [BIND 205-100] Finished micro-architecture generation.
INFO: [HLS 200-111] Finished Binding: CPU user time: 0.01 seconds. CPU system time: 0 seconds. Elapsed time: 0.01 seconds; current allocated memory: 820.188 MB.
INFO: [HLS 200-10] ----------------------------------------------------------------
INFO: [HLS 200-42] -- Implementing module 'v_mix_yuv2rgb_false_Pipeline_VITIS_LOOP_897_2' 
INFO: [HLS 200-10] ----------------------------------------------------------------
INFO: [SCHED 204-11] Starting scheduling ...
INFO: [SCHED 204-61] Pipelining loop 'VITIS_LOOP_897_2'.
INFO: [HLS 200-1470] Pipelining result : Target II = NA, Final II = 1, Depth = 2, loop 'VITIS_LOOP_897_2'
INFO: [SCHED 204-11] Finished scheduling.
INFO: [HLS 200-111] Finished Scheduling: CPU user time: 0.01 seconds. CPU system time: 0 seconds. Elapsed time: 0.02 seconds; current allocated memory: 820.398 MB.
INFO: [BIND 205-100] Starting micro-architecture generation ...
INFO: [BIND 205-101] Performing variable lifetime analysis.
INFO: [BIND 205-101] Exploring resource sharing.
INFO: [BIND 205-101] Binding ...
INFO: [BIND 205-100] Finished micro-architecture generation.
INFO: [HLS 200-111] Finished Binding: CPU user time: 0.01 seconds. CPU system time: 0 seconds. Elapsed time: 0.01 seconds; current allocated memory: 820.398 MB.
INFO: [HLS 200-10] ----------------------------------------------------------------
INFO: [HLS 200-42] -- Implementing module 'v_mix_yuv2rgb_false_s' 
INFO: [HLS 200-10] ----------------------------------------------------------------
INFO: [SCHED 204-11] Starting scheduling ...
INFO: [SCHED 204-11] Finished scheduling.
INFO: [HLS 200-111] Finished Scheduling: CPU user time: 0.02 seconds. CPU system time: 0 seconds. Elapsed time: 0.02 seconds; current allocated memory: 820.668 MB.
INFO: [BIND 205-100] Starting micro-architecture generation ...
INFO: [BIND 205-101] Performing variable lifetime analysis.
INFO: [BIND 205-101] Exploring resource sharing.
INFO: [BIND 205-101] Binding ...
INFO: [BIND 205-100] Finished micro-architecture generation.
INFO: [HLS 200-111] Finished Binding: CPU user time: 0.01 seconds. CPU system time: 0 seconds. Elapsed time: 0.01 seconds; current allocated memory: 820.668 MB.
INFO: [HLS 200-10] ----------------------------------------------------------------
INFO: [HLS 200-42] -- Implementing module 'v_mix_upsample_false_Pipeline_VITIS_LOOP_107_2' 
INFO: [HLS 200-10] ----------------------------------------------------------------
INFO: [SCHED 204-11] Starting scheduling ...
INFO: [SCHED 204-61] Pipelining loop 'VITIS_LOOP_107_2'.
INFO: [HLS 200-1470] Pipelining result : Target II = NA, Final II = 1, Depth = 2, loop 'VITIS_LOOP_107_2'
INFO: [SCHED 204-11] Finished scheduling.
INFO: [HLS 200-111] Finished Scheduling: CPU user time: 0.02 seconds. CPU system time: 0.01 seconds. Elapsed time: 0.02 seconds; current allocated memory: 820.883 MB.
INFO: [BIND 205-100] Starting micro-architecture generation ...
INFO: [BIND 205-101] Performing variable lifetime analysis.
INFO: [BIND 205-101] Exploring resource sharing.
INFO: [BIND 205-101] Binding ...
INFO: [BIND 205-100] Finished micro-architecture generation.
INFO: [HLS 200-111] Finished Binding: CPU user time: 0.01 seconds. CPU system time: 0 seconds. Elapsed time: 0.01 seconds; current allocated memory: 820.883 MB.
INFO: [HLS 200-10] ----------------------------------------------------------------
INFO: [HLS 200-42] -- Implementing module 'v_mix_upsample_false_s' 
INFO: [HLS 200-10] ----------------------------------------------------------------
INFO: [SCHED 204-11] Starting scheduling ...
INFO: [SCHED 204-11] Finished scheduling.
INFO: [HLS 200-111] Finished Scheduling: CPU user time: 0.01 seconds. CPU system time: 0 seconds. Elapsed time: 0.02 seconds; current allocated memory: 821.039 MB.
INFO: [BIND 205-100] Starting micro-architecture generation ...
INFO: [BIND 205-101] Performing variable lifetime analysis.
INFO: [BIND 205-101] Exploring resource sharing.
INFO: [BIND 205-101] Binding ...
INFO: [BIND 205-100] Finished micro-architecture generation.
INFO: [HLS 200-111] Finished Binding: CPU user time: 0.01 seconds. CPU system time: 0 seconds. Elapsed time: 0.01 seconds; current allocated memory: 821.039 MB.
INFO: [HLS 200-10] ----------------------------------------------------------------
INFO: [HLS 200-42] -- Implementing module 'reg_unsigned_short_12' 
INFO: [HLS 200-10] ----------------------------------------------------------------
INFO: [SCHED 204-11] Starting scheduling ...
INFO: [SCHED 204-61] Pipelining function 'reg<unsigned short>12'.
INFO: [HLS 200-1470] Pipelining result : Target II = 1, Final II = 1, Depth = 2, function 'reg<unsigned short>12'
INFO: [SCHED 204-11] Finished scheduling.
INFO: [HLS 200-111] Finished Scheduling: CPU user time: 0.01 seconds. CPU system time: 0.01 seconds. Elapsed time: 0.01 seconds; current allocated memory: 821.039 MB.
INFO: [BIND 205-100] Starting micro-architecture generation ...
INFO: [BIND 205-101] Performing variable lifetime analysis.
INFO: [BIND 205-101] Exploring resource sharing.
INFO: [BIND 205-101] Binding ...
INFO: [BIND 205-100] Finished micro-architecture generation.
INFO: [HLS 200-111] Finished Binding: CPU user time: 0.01 seconds. CPU system time: 0 seconds. Elapsed time: 0.01 seconds; current allocated memory: 821.039 MB.
INFO: [HLS 200-10] ----------------------------------------------------------------
INFO: [HLS 200-42] -- Implementing module 'v_mix_core_alpha_true_false_Pipeline_VITIS_LOOP_395_3' 
INFO: [HLS 200-10] ----------------------------------------------------------------
INFO: [SCHED 204-11] Starting scheduling ...
INFO: [HLS 200-486] Changing DSP latency (root=add_ln427_2) to 3 in order to utilize available DSP registers.
INFO: [HLS 200-486] Changing DSP latency (root=add_ln427_1) to 3 in order to utilize available DSP registers.
INFO: [HLS 200-486] Changing DSP latency (root=add_ln427) to 3 in order to utilize available DSP registers.
INFO: [SCHED 204-61] Pipelining loop 'VITIS_LOOP_395_3'.
INFO: [HLS 200-1470] Pipelining result : Target II = NA, Final II = 1, Depth = 6, loop 'VITIS_LOOP_395_3'
INFO: [SCHED 204-11] Finished scheduling.
INFO: [HLS 200-111] Finished Scheduling: CPU user time: 0.02 seconds. CPU system time: 0 seconds. Elapsed time: 0.03 seconds; current allocated memory: 822.227 MB.
INFO: [BIND 205-100] Starting micro-architecture generation ...
INFO: [BIND 205-101] Performing variable lifetime analysis.
INFO: [BIND 205-101] Exploring resource sharing.
INFO: [BIND 205-101] Binding ...
INFO: [BIND 205-100] Finished micro-architecture generation.
INFO: [HLS 200-111] Finished Binding: CPU user time: 0.02 seconds. CPU system time: 0 seconds. Elapsed time: 0.01 seconds; current allocated memory: 822.227 MB.
INFO: [HLS 200-10] ----------------------------------------------------------------
INFO: [HLS 200-42] -- Implementing module 'v_mix_core_alpha_true_false_s' 
INFO: [HLS 200-10] ----------------------------------------------------------------
INFO: [SCHED 204-11] Starting scheduling ...
INFO: [SCHED 204-11] Finished scheduling.
INFO: [HLS 200-111] Finished Scheduling: CPU user time: 0.02 seconds. CPU system time: 0 seconds. Elapsed time: 0.03 seconds; current allocated memory: 822.562 MB.
INFO: [BIND 205-100] Starting micro-architecture generation ...
INFO: [BIND 205-101] Performing variable lifetime analysis.
INFO: [BIND 205-101] Exploring resource sharing.
INFO: [BIND 205-101] Binding ...
INFO: [BIND 205-100] Finished micro-architecture generation.
INFO: [HLS 200-111] Finished Binding: CPU user time: 0.01 seconds. CPU system time: 0 seconds. Elapsed time: 0.01 seconds; current allocated memory: 822.562 MB.
INFO: [HLS 200-10] ----------------------------------------------------------------
INFO: [HLS 200-42] -- Implementing module 'v_mix_rgb2yuv_false_Pipeline_VITIS_LOOP_1042_2' 
INFO: [HLS 200-10] ----------------------------------------------------------------
INFO: [SCHED 204-11] Starting scheduling ...
INFO: [SCHED 204-61] Pipelining loop 'VITIS_LOOP_1042_2'.
INFO: [HLS 200-1470] Pipelining result : Target II = NA, Final II = 1, Depth = 2, loop 'VITIS_LOOP_1042_2'
INFO: [SCHED 204-11] Finished scheduling.
INFO: [HLS 200-111] Finished Scheduling: CPU user time: 0.02 seconds. CPU system time: 0 seconds. Elapsed time: 0.02 seconds; current allocated memory: 822.809 MB.
INFO: [BIND 205-100] Starting micro-architecture generation ...
INFO: [BIND 205-101] Performing variable lifetime analysis.
INFO: [BIND 205-101] Exploring resource sharing.
INFO: [BIND 205-101] Binding ...
INFO: [BIND 205-100] Finished micro-architecture generation.
INFO: [HLS 200-111] Finished Binding: CPU user time: 0.01 seconds. CPU system time: 0 seconds. Elapsed time: 0.01 seconds; current allocated memory: 822.809 MB.
INFO: [HLS 200-10] ----------------------------------------------------------------
INFO: [HLS 200-42] -- Implementing module 'v_mix_rgb2yuv_false_s' 
INFO: [HLS 200-10] ----------------------------------------------------------------
INFO: [SCHED 204-11] Starting scheduling ...
INFO: [SCHED 204-11] Finished scheduling.
INFO: [HLS 200-111] Finished Scheduling: CPU user time: 0.01 seconds. CPU system time: 0.01 seconds. Elapsed time: 0.01 seconds; current allocated memory: 823.039 MB.
INFO: [BIND 205-100] Starting micro-architecture generation ...
INFO: [BIND 205-101] Performing variable lifetime analysis.
INFO: [BIND 205-101] Exploring resource sharing.
INFO: [BIND 205-101] Binding ...
INFO: [BIND 205-100] Finished micro-architecture generation.
INFO: [HLS 200-111] Finished Binding: CPU user time: 0.01 seconds. CPU system time: 0 seconds. Elapsed time: 0.01 seconds; current allocated memory: 823.039 MB.
INFO: [HLS 200-10] ----------------------------------------------------------------
INFO: [HLS 200-42] -- Implementing module 'v_mix_444_to_422_false_Pipeline_VITIS_LOOP_718_2' 
INFO: [HLS 200-10] ----------------------------------------------------------------
INFO: [SCHED 204-11] Starting scheduling ...
INFO: [SCHED 204-61] Pipelining loop 'VITIS_LOOP_718_2'.
INFO: [HLS 200-1470] Pipelining result : Target II = NA, Final II = 1, Depth = 2, loop 'VITIS_LOOP_718_2'
INFO: [SCHED 204-11] Finished scheduling.
INFO: [HLS 200-111] Finished Scheduling: CPU user time: 0.02 seconds. CPU system time: 0 seconds. Elapsed time: 0.02 seconds; current allocated memory: 823.281 MB.
INFO: [BIND 205-100] Starting micro-architecture generation ...
INFO: [BIND 205-101] Performing variable lifetime analysis.
INFO: [BIND 205-101] Exploring resource sharing.
INFO: [BIND 205-101] Binding ...
INFO: [BIND 205-100] Finished micro-architecture generation.
INFO: [HLS 200-111] Finished Binding: CPU user time: 0.01 seconds. CPU system time: 0 seconds. Elapsed time: 0.01 seconds; current allocated memory: 823.281 MB.
INFO: [HLS 200-10] ----------------------------------------------------------------
INFO: [HLS 200-42] -- Implementing module 'v_mix_444_to_422_false_s' 
INFO: [HLS 200-10] ----------------------------------------------------------------
INFO: [SCHED 204-11] Starting scheduling ...
INFO: [SCHED 204-11] Finished scheduling.
INFO: [HLS 200-111] Finished Scheduling: CPU user time: 0.01 seconds. CPU system time: 0 seconds. Elapsed time: 0.01 seconds; current allocated memory: 823.484 MB.
INFO: [BIND 205-100] Starting micro-architecture generation ...
INFO: [BIND 205-101] Performing variable lifetime analysis.
INFO: [BIND 205-101] Exploring resource sharing.
INFO: [BIND 205-101] Binding ...
INFO: [BIND 205-100] Finished micro-architecture generation.
INFO: [HLS 200-111] Finished Binding: CPU user time: 0.01 seconds. CPU system time: 0 seconds. Elapsed time: 0.01 seconds; current allocated memory: 823.484 MB.
INFO: [HLS 200-10] ----------------------------------------------------------------
INFO: [HLS 200-42] -- Implementing module 'v_mix_422_to_420_false_Pipeline_VITIS_LOOP_508_2' 
INFO: [HLS 200-10] ----------------------------------------------------------------
INFO: [SCHED 204-11] Starting scheduling ...
INFO: [SCHED 204-61] Pipelining loop 'VITIS_LOOP_508_2'.
INFO: [HLS 200-1470] Pipelining result : Target II = NA, Final II = 1, Depth = 2, loop 'VITIS_LOOP_508_2'
INFO: [SCHED 204-11] Finished scheduling.
INFO: [HLS 200-111] Finished Scheduling: CPU user time: 0.01 seconds. CPU system time: 0 seconds. Elapsed time: 0.02 seconds; current allocated memory: 823.695 MB.
INFO: [BIND 205-100] Starting micro-architecture generation ...
INFO: [BIND 205-101] Performing variable lifetime analysis.
INFO: [BIND 205-101] Exploring resource sharing.
INFO: [BIND 205-101] Binding ...
INFO: [BIND 205-100] Finished micro-architecture generation.
INFO: [HLS 200-111] Finished Binding: CPU user time: 0.01 seconds. CPU system time: 0 seconds. Elapsed time: 0.01 seconds; current allocated memory: 823.695 MB.
INFO: [HLS 200-10] ----------------------------------------------------------------
INFO: [HLS 200-42] -- Implementing module 'v_mix_422_to_420_false_s' 
INFO: [HLS 200-10] ----------------------------------------------------------------
INFO: [SCHED 204-11] Starting scheduling ...
INFO: [SCHED 204-11] Finished scheduling.
INFO: [HLS 200-111] Finished Scheduling: CPU user time: 0.02 seconds. CPU system time: 0 seconds. Elapsed time: 0.01 seconds; current allocated memory: 823.930 MB.
INFO: [BIND 205-100] Starting micro-architecture generation ...
INFO: [BIND 205-101] Performing variable lifetime analysis.
INFO: [BIND 205-101] Exploring resource sharing.
INFO: [BIND 205-101] Binding ...
INFO: [BIND 205-100] Finished micro-architecture generation.
INFO: [HLS 200-111] Finished Binding: CPU user time: 0.01 seconds. CPU system time: 0 seconds. Elapsed time: 0.02 seconds; current allocated memory: 823.930 MB.
INFO: [HLS 200-10] ----------------------------------------------------------------
INFO: [HLS 200-42] -- Implementing module 'MultiPixStream2AXIvideo_Pipeline_VITIS_LOOP_3519_3' 
INFO: [HLS 200-10] ----------------------------------------------------------------
INFO: [SCHED 204-11] Starting scheduling ...
INFO: [SCHED 204-61] Pipelining loop 'VITIS_LOOP_3519_3'.
INFO: [HLS 200-1470] Pipelining result : Target II = 1, Final II = 1, Depth = 2, loop 'VITIS_LOOP_3519_3'
INFO: [SCHED 204-11] Finished scheduling.
INFO: [HLS 200-111] Finished Scheduling: CPU user time: 0.02 seconds. CPU system time: 0 seconds. Elapsed time: 0.02 seconds; current allocated memory: 824.219 MB.
INFO: [BIND 205-100] Starting micro-architecture generation ...
INFO: [BIND 205-101] Performing variable lifetime analysis.
INFO: [BIND 205-101] Exploring resource sharing.
INFO: [BIND 205-101] Binding ...
INFO: [BIND 205-100] Finished micro-architecture generation.
INFO: [HLS 200-111] Finished Binding: CPU user time: 0.01 seconds. CPU system time: 0 seconds. Elapsed time: 0.01 seconds; current allocated memory: 824.219 MB.
INFO: [HLS 200-10] ----------------------------------------------------------------
INFO: [HLS 200-42] -- Implementing module 'MultiPixStream2AXIvideo' 
INFO: [HLS 200-10] ----------------------------------------------------------------
INFO: [SCHED 204-11] Starting scheduling ...
INFO: [SCHED 204-11] Finished scheduling.
INFO: [HLS 200-111] Finished Scheduling: CPU user time: 0.02 seconds. CPU system time: 0 seconds. Elapsed time: 0.02 seconds; current allocated memory: 824.496 MB.
INFO: [BIND 205-100] Starting micro-architecture generation ...
INFO: [BIND 205-101] Performing variable lifetime analysis.
INFO: [BIND 205-101] Exploring resource sharing.
INFO: [BIND 205-101] Binding ...
INFO: [BIND 205-100] Finished micro-architecture generation.
INFO: [HLS 200-111] Finished Binding: CPU user time: 0.01 seconds. CPU system time: 0 seconds. Elapsed time: 0.01 seconds; current allocated memory: 824.496 MB.
INFO: [HLS 200-10] ----------------------------------------------------------------
INFO: [HLS 200-42] -- Implementing module 'VMixHlsDataFlowFunction' 
INFO: [HLS 200-10] ----------------------------------------------------------------
INFO: [SCHED 204-11] Starting scheduling ...
INFO: [SCHED 204-11] Finished scheduling.
WARNING: [HLS 200-1020] Increasing the depth of FIFO start_for_v_mix_core_alpha_false_false_U0 (from v_mix_yuv2rgb_false_4_U0 to v_mix_core_alpha_false_false_U0) to 3 to improve performance and/or avoid deadlocks.
WARNING: [HLS 200-1018] Consider increasing the depth of FIFO outLayer0 (from v_mix_yuv2rgb_false_4_U0 to v_mix_core_alpha_false_false_U0) to 3 to improve performance and/or avoid deadlocks.
WARNING: [HLS 200-1018] Consider increasing the depth of FIFO srcLayer2x (from v_mix_upsample_false_U0 to v_mix_core_alpha_true_false_U0) to 3 to improve performance and/or avoid deadlocks.
INFO: [HLS 200-111] Finished Scheduling: CPU user time: 0.04 seconds. CPU system time: 0 seconds. Elapsed time: 0.03 seconds; current allocated memory: 825.578 MB.
INFO: [BIND 205-100] Starting micro-architecture generation ...
INFO: [BIND 205-101] Performing variable lifetime analysis.
INFO: [BIND 205-101] Exploring resource sharing.
INFO: [BIND 205-101] Binding ...
INFO: [BIND 205-100] Finished micro-architecture generation.
INFO: [HLS 200-111] Finished Binding: CPU user time: 0.02 seconds. CPU system time: 0 seconds. Elapsed time: 0.02 seconds; current allocated memory: 825.578 MB.
INFO: [HLS 200-10] ----------------------------------------------------------------
INFO: [HLS 200-42] -- Implementing module 'v_mix' 
INFO: [HLS 200-10] ----------------------------------------------------------------
INFO: [SCHED 204-11] Starting scheduling ...
INFO: [SCHED 204-61] Pipelining loop 'VITIS_LOOP_2912_1'.
INFO: [HLS 200-1470] Pipelining result : Target II = NA, Final II = 1, Depth = 1, loop 'VITIS_LOOP_2912_1'
INFO: [SCHED 204-11] Finished scheduling.
INFO: [HLS 200-111] Finished Scheduling: CPU user time: 0.05 seconds. CPU system time: 0.01 seconds. Elapsed time: 0.06 seconds; current allocated memory: 827.438 MB.
INFO: [BIND 205-100] Starting micro-architecture generation ...
INFO: [BIND 205-101] Performing variable lifetime analysis.
INFO: [BIND 205-101] Exploring resource sharing.
INFO: [BIND 205-101] Binding ...
INFO: [BIND 205-100] Finished micro-architecture generation.
INFO: [HLS 200-111] Finished Binding: CPU user time: 0.02 seconds. CPU system time: 0 seconds. Elapsed time: 0.03 seconds; current allocated memory: 827.438 MB.
INFO: [HLS 200-10] ----------------------------------------------------------------
INFO: [HLS 200-10] -- Generating RTL for module 'reg_unsigned_short_1' 
INFO: [HLS 200-10] ----------------------------------------------------------------
INFO: [HLS 200-1030] Apply Unified Pipeline Control on module 'reg_unsigned_short_1' pipeline 'reg<unsigned short>1' pipeline type 'function pipeline'
INFO: [RTGEN 206-100] Finished creating RTL model for 'reg_unsigned_short_1'.
INFO: [HLS 200-111] Finished Creating RTL model: CPU user time: 0.05 seconds. CPU system time: 0 seconds. Elapsed time: 0.05 seconds; current allocated memory: 827.438 MB.
INFO: [HLS 200-10] ----------------------------------------------------------------
INFO: [HLS 200-10] -- Generating RTL for module 'AXIvideo2MultiPixStream_1_Pipeline_loop_wait_for_start' 
INFO: [HLS 200-10] ----------------------------------------------------------------
INFO: [RTGEN 206-100] Finished creating RTL model for 'AXIvideo2MultiPixStream_1_Pipeline_loop_wait_for_start'.
INFO: [HLS 200-111] Finished Creating RTL model: CPU user time: 0.04 seconds. CPU system time: 0 seconds. Elapsed time: 0.04 seconds; current allocated memory: 827.438 MB.
INFO: [HLS 200-10] ----------------------------------------------------------------
INFO: [HLS 200-10] -- Generating RTL for module 'AXIvideo2MultiPixStream_1_Pipeline_loop_width' 
INFO: [HLS 200-10] ----------------------------------------------------------------
INFO: [HLS 200-1030] Apply Unified Pipeline Control on module 'AXIvideo2MultiPixStream_1_Pipeline_loop_width' pipeline 'loop_width' pipeline type 'loop pipeline'
INFO: [RTGEN 206-100] Finished creating RTL model for 'AXIvideo2MultiPixStream_1_Pipeline_loop_width'.
INFO: [HLS 200-111] Finished Creating RTL model: CPU user time: 0.04 seconds. CPU system time: 0.01 seconds. Elapsed time: 0.04 seconds; current allocated memory: 828.309 MB.
INFO: [HLS 200-10] ----------------------------------------------------------------
INFO: [HLS 200-10] -- Generating RTL for module 'AXIvideo2MultiPixStream_1_Pipeline_loop_wait_for_eol' 
INFO: [HLS 200-10] ----------------------------------------------------------------
INFO: [RTGEN 206-100] Finished creating RTL model for 'AXIvideo2MultiPixStream_1_Pipeline_loop_wait_for_eol'.
INFO: [HLS 200-111] Finished Creating RTL model: CPU user time: 0.04 seconds. CPU system time: 0 seconds. Elapsed time: 0.05 seconds; current allocated memory: 829.484 MB.
INFO: [HLS 200-10] ----------------------------------------------------------------
INFO: [HLS 200-10] -- Generating RTL for module 'AXIvideo2MultiPixStream_1' 
INFO: [HLS 200-10] ----------------------------------------------------------------
INFO: [RTGEN 206-100] Finished creating RTL model for 'AXIvideo2MultiPixStream_1'.
INFO: [HLS 200-111] Finished Creating RTL model: CPU user time: 0.05 seconds. CPU system time: 0 seconds. Elapsed time: 0.05 seconds; current allocated memory: 830.438 MB.
INFO: [HLS 200-10] ----------------------------------------------------------------
INFO: [HLS 200-10] -- Generating RTL for module 'v_mix_420_to_422_false_2_Pipeline_VITIS_LOOP_76_2' 
INFO: [HLS 200-10] ----------------------------------------------------------------
INFO: [HLS 200-1030] Apply Unified Pipeline Control on module 'v_mix_420_to_422_false_2_Pipeline_VITIS_LOOP_76_2' pipeline 'VITIS_LOOP_76_2' pipeline type 'loop pipeline'
INFO: [RTGEN 206-100] Finished creating RTL model for 'v_mix_420_to_422_false_2_Pipeline_VITIS_LOOP_76_2'.
INFO: [HLS 200-111] Finished Creating RTL model: CPU user time: 0.03 seconds. CPU system time: 0.01 seconds. Elapsed time: 0.03 seconds; current allocated memory: 831.770 MB.
INFO: [HLS 200-10] ----------------------------------------------------------------
INFO: [HLS 200-10] -- Generating RTL for module 'v_mix_420_to_422_false_2' 
INFO: [HLS 200-10] ----------------------------------------------------------------
INFO: [RTGEN 206-100] Finished creating RTL model for 'v_mix_420_to_422_false_2'.
INFO: [HLS 200-111] Finished Creating RTL model: CPU user time: 0.04 seconds. CPU system time: 0 seconds. Elapsed time: 0.04 seconds; current allocated memory: 832.211 MB.
INFO: [HLS 200-10] ----------------------------------------------------------------
INFO: [HLS 200-10] -- Generating RTL for module 'v_mix_422_to_444_false_3_Pipeline_VITIS_LOOP_105_2' 
INFO: [HLS 200-10] ----------------------------------------------------------------
INFO: [HLS 200-1030] Apply Unified Pipeline Control on module 'v_mix_422_to_444_false_3_Pipeline_VITIS_LOOP_105_2' pipeline 'VITIS_LOOP_105_2' pipeline type 'loop pipeline'
INFO: [RTGEN 206-100] Finished creating RTL model for 'v_mix_422_to_444_false_3_Pipeline_VITIS_LOOP_105_2'.
INFO: [HLS 200-111] Finished Creating RTL model: CPU user time: 0.03 seconds. CPU system time: 0 seconds. Elapsed time: 0.03 seconds; current allocated memory: 832.918 MB.
INFO: [HLS 200-10] ----------------------------------------------------------------
INFO: [HLS 200-10] -- Generating RTL for module 'v_mix_422_to_444_false_3' 
INFO: [HLS 200-10] ----------------------------------------------------------------
INFO: [RTGEN 206-100] Finished creating RTL model for 'v_mix_422_to_444_false_3'.
INFO: [HLS 200-111] Finished Creating RTL model: CPU user time: 0.02 seconds. CPU system time: 0 seconds. Elapsed time: 0.04 seconds; current allocated memory: 833.535 MB.
INFO: [HLS 200-10] ----------------------------------------------------------------
INFO: [HLS 200-10] -- Generating RTL for module 'v_mix_yuv2rgb_false_4_Pipeline_VITIS_LOOP_897_2' 
INFO: [HLS 200-10] ----------------------------------------------------------------
INFO: [HLS 200-1030] Apply Unified Pipeline Control on module 'v_mix_yuv2rgb_false_4_Pipeline_VITIS_LOOP_897_2' pipeline 'VITIS_LOOP_897_2' pipeline type 'loop pipeline'
INFO: [RTGEN 206-100] Finished creating RTL model for 'v_mix_yuv2rgb_false_4_Pipeline_VITIS_LOOP_897_2'.
INFO: [HLS 200-111] Finished Creating RTL model: CPU user time: 0.03 seconds. CPU system time: 0.01 seconds. Elapsed time: 0.03 seconds; current allocated memory: 834.211 MB.
INFO: [HLS 200-10] ----------------------------------------------------------------
INFO: [HLS 200-10] -- Generating RTL for module 'v_mix_yuv2rgb_false_4' 
INFO: [HLS 200-10] ----------------------------------------------------------------
INFO: [RTGEN 206-100] Finished creating RTL model for 'v_mix_yuv2rgb_false_4'.
INFO: [HLS 200-111] Finished Creating RTL model: CPU user time: 0.03 seconds. CPU system time: 0 seconds. Elapsed time: 0.03 seconds; current allocated memory: 834.891 MB.
INFO: [HLS 200-10] ----------------------------------------------------------------
INFO: [HLS 200-10] -- Generating RTL for module 'reg_unsigned_short_s' 
INFO: [HLS 200-10] ----------------------------------------------------------------
INFO: [HLS 200-1030] Apply Unified Pipeline Control on module 'reg_unsigned_short_s' pipeline 'reg<unsigned short>' pipeline type 'function pipeline'
INFO: [RTGEN 206-100] Finished creating RTL model for 'reg_unsigned_short_s'.
INFO: [HLS 200-111] Finished Creating RTL model: CPU user time: 0.04 seconds. CPU system time: 0.01 seconds. Elapsed time: 0.03 seconds; current allocated memory: 835.465 MB.
INFO: [HLS 200-10] ----------------------------------------------------------------
INFO: [HLS 200-10] -- Generating RTL for module 'AXIvideo2MultiPixStream_5_Pipeline_loop_wait_for_start' 
INFO: [HLS 200-10] ----------------------------------------------------------------
INFO: [RTGEN 206-100] Finished creating RTL model for 'AXIvideo2MultiPixStream_5_Pipeline_loop_wait_for_start'.
INFO: [HLS 200-111] Finished Creating RTL model: CPU user time: 0.03 seconds. CPU system time: 0 seconds. Elapsed time: 0.04 seconds; current allocated memory: 835.852 MB.
INFO: [HLS 200-10] ----------------------------------------------------------------
INFO: [HLS 200-10] -- Generating RTL for module 'AXIvideo2MultiPixStream_5_Pipeline_loop_width' 
INFO: [HLS 200-10] ----------------------------------------------------------------
INFO: [HLS 200-1030] Apply Unified Pipeline Control on module 'AXIvideo2MultiPixStream_5_Pipeline_loop_width' pipeline 'loop_width' pipeline type 'loop pipeline'
INFO: [RTGEN 206-100] Finished creating RTL model for 'AXIvideo2MultiPixStream_5_Pipeline_loop_width'.
INFO: [HLS 200-111] Finished Creating RTL model: CPU user time: 0.03 seconds. CPU system time: 0.01 seconds. Elapsed time: 0.04 seconds; current allocated memory: 836.730 MB.
INFO: [HLS 200-10] ----------------------------------------------------------------
INFO: [HLS 200-10] -- Generating RTL for module 'AXIvideo2MultiPixStream_5_Pipeline_loop_wait_for_eol' 
INFO: [HLS 200-10] ----------------------------------------------------------------
INFO: [RTGEN 206-100] Finished creating RTL model for 'AXIvideo2MultiPixStream_5_Pipeline_loop_wait_for_eol'.
INFO: [HLS 200-111] Finished Creating RTL model: CPU user time: 0.03 seconds. CPU system time: 0.01 seconds. Elapsed time: 0.04 seconds; current allocated memory: 837.875 MB.
INFO: [HLS 200-10] ----------------------------------------------------------------
INFO: [HLS 200-10] -- Generating RTL for module 'AXIvideo2MultiPixStream_5' 
INFO: [HLS 200-10] ----------------------------------------------------------------
INFO: [RTGEN 206-100] Finished creating RTL model for 'AXIvideo2MultiPixStream_5'.
INFO: [HLS 200-111] Finished Creating RTL model: CPU user time: 0.04 seconds. CPU system time: 0 seconds. Elapsed time: 0.04 seconds; current allocated memory: 838.852 MB.
INFO: [HLS 200-10] ----------------------------------------------------------------
INFO: [HLS 200-10] -- Generating RTL for module 'v_mix_420_to_422_false_6_Pipeline_VITIS_LOOP_76_2' 
INFO: [HLS 200-10] ----------------------------------------------------------------
INFO: [HLS 200-1030] Apply Unified Pipeline Control on module 'v_mix_420_to_422_false_6_Pipeline_VITIS_LOOP_76_2' pipeline 'VITIS_LOOP_76_2' pipeline type 'loop pipeline'
INFO: [RTGEN 206-100] Finished creating RTL model for 'v_mix_420_to_422_false_6_Pipeline_VITIS_LOOP_76_2'.
INFO: [HLS 200-111] Finished Creating RTL model: CPU user time: 0.05 seconds. CPU system time: 0.01 seconds. Elapsed time: 0.05 seconds; current allocated memory: 840.219 MB.
INFO: [HLS 200-10] ----------------------------------------------------------------
INFO: [HLS 200-10] -- Generating RTL for module 'v_mix_420_to_422_false_6' 
INFO: [HLS 200-10] ----------------------------------------------------------------
INFO: [RTGEN 206-100] Finished creating RTL model for 'v_mix_420_to_422_false_6'.
INFO: [HLS 200-111] Finished Creating RTL model: CPU user time: 0.04 seconds. CPU system time: 0 seconds. Elapsed time: 0.04 seconds; current allocated memory: 840.699 MB.
INFO: [HLS 200-10] ----------------------------------------------------------------
INFO: [HLS 200-10] -- Generating RTL for module 'v_mix_422_to_444_true_Pipeline_VITIS_LOOP_161_2' 
INFO: [HLS 200-10] ----------------------------------------------------------------
INFO: [HLS 200-1030] Apply Unified Pipeline Control on module 'v_mix_422_to_444_true_Pipeline_VITIS_LOOP_161_2' pipeline 'VITIS_LOOP_161_2' pipeline type 'loop pipeline'
INFO: [RTGEN 206-100] Finished creating RTL model for 'v_mix_422_to_444_true_Pipeline_VITIS_LOOP_161_2'.
INFO: [HLS 200-111] Finished Creating RTL model: CPU user time: 0.04 seconds. CPU system time: 0 seconds. Elapsed time: 0.04 seconds; current allocated memory: 842.164 MB.
INFO: [HLS 200-10] ----------------------------------------------------------------
INFO: [HLS 200-10] -- Generating RTL for module 'v_mix_422_to_444_true_s' 
INFO: [HLS 200-10] ----------------------------------------------------------------
INFO: [RTGEN 206-100] Finished creating RTL model for 'v_mix_422_to_444_true_s'.
INFO: [HLS 200-111] Finished Creating RTL model: CPU user time: 0.04 seconds. CPU system time: 0.01 seconds. Elapsed time: 0.06 seconds; current allocated memory: 844.805 MB.
INFO: [HLS 200-10] ----------------------------------------------------------------
INFO: [HLS 200-10] -- Generating RTL for module 'v_mix_yuv2rgb_true_Pipeline_VITIS_LOOP_941_2' 
INFO: [HLS 200-10] ----------------------------------------------------------------
INFO: [HLS 200-1030] Apply Unified Pipeline Control on module 'v_mix_yuv2rgb_true_Pipeline_VITIS_LOOP_941_2' pipeline 'VITIS_LOOP_941_2' pipeline type 'loop pipeline'
INFO: [RTGEN 206-100] Generating core module 'mac_muladd_9ns_8s_18s_18_4_1': 1 instance(s).
INFO: [RTGEN 206-100] Generating core module 'mul_8s_11ns_18_1_1': 1 instance(s).
INFO: [RTGEN 206-100] Generating core module 'mul_8s_12ns_20_1_1': 1 instance(s).
INFO: [RTGEN 206-100] Generating core module 'mul_8s_13ns_21_1_1': 1 instance(s).
INFO: [RTGEN 206-100] Finished creating RTL model for 'v_mix_yuv2rgb_true_Pipeline_VITIS_LOOP_941_2'.
INFO: [HLS 200-111] Finished Creating RTL model: CPU user time: 0.05 seconds. CPU system time: 0.01 seconds. Elapsed time: 0.05 seconds; current allocated memory: 846.039 MB.
INFO: [HLS 200-10] ----------------------------------------------------------------
INFO: [HLS 200-10] -- Generating RTL for module 'v_mix_yuv2rgb_true_s' 
INFO: [HLS 200-10] ----------------------------------------------------------------
INFO: [RTGEN 206-100] Finished creating RTL model for 'v_mix_yuv2rgb_true_s'.
INFO: [HLS 200-111] Finished Creating RTL model: CPU user time: 0.04 seconds. CPU system time: 0 seconds. Elapsed time: 0.06 seconds; current allocated memory: 848.168 MB.
INFO: [HLS 200-10] ----------------------------------------------------------------
INFO: [HLS 200-10] -- Generating RTL for module 'v_mix_upsample_false_7_Pipeline_VITIS_LOOP_107_2' 
INFO: [HLS 200-10] ----------------------------------------------------------------
INFO: [HLS 200-1030] Apply Unified Pipeline Control on module 'v_mix_upsample_false_7_Pipeline_VITIS_LOOP_107_2' pipeline 'VITIS_LOOP_107_2' pipeline type 'loop pipeline'
INFO: [RTGEN 206-100] Finished creating RTL model for 'v_mix_upsample_false_7_Pipeline_VITIS_LOOP_107_2'.
INFO: [HLS 200-111] Finished Creating RTL model: CPU user time: 0.04 seconds. CPU system time: 0.01 seconds. Elapsed time: 0.04 seconds; current allocated memory: 848.578 MB.
INFO: [HLS 200-10] ----------------------------------------------------------------
INFO: [HLS 200-10] -- Generating RTL for module 'v_mix_upsample_false_7' 
INFO: [HLS 200-10] ----------------------------------------------------------------
INFO: [RTGEN 206-100] Finished creating RTL model for 'v_mix_upsample_false_7'.
INFO: [HLS 200-111] Finished Creating RTL model: CPU user time: 0.04 seconds. CPU system time: 0 seconds. Elapsed time: 0.04 seconds; current allocated memory: 849.223 MB.
INFO: [HLS 200-10] ----------------------------------------------------------------
INFO: [HLS 200-10] -- Generating RTL for module 'v_mix_core_alpha_false_false_Pipeline_VITIS_LOOP_465_3' 
INFO: [HLS 200-10] ----------------------------------------------------------------
INFO: [HLS 200-1030] Apply Unified Pipeline Control on module 'v_mix_core_alpha_false_false_Pipeline_VITIS_LOOP_465_3' pipeline 'VITIS_LOOP_465_3' pipeline type 'loop pipeline'
INFO: [RTGEN 206-100] Finished creating RTL model for 'v_mix_core_alpha_false_false_Pipeline_VITIS_LOOP_465_3'.
INFO: [HLS 200-111] Finished Creating RTL model: CPU user time: 0.04 seconds. CPU system time: 0.01 seconds. Elapsed time: 0.04 seconds; current allocated memory: 849.930 MB.
INFO: [HLS 200-10] ----------------------------------------------------------------
INFO: [HLS 200-10] -- Generating RTL for module 'v_mix_core_alpha_false_false_s' 
INFO: [HLS 200-10] ----------------------------------------------------------------
INFO: [RTGEN 206-100] Finished creating RTL model for 'v_mix_core_alpha_false_false_s'.
INFO: [HLS 200-111] Finished Creating RTL model: CPU user time: 0.04 seconds. CPU system time: 0.01 seconds. Elapsed time: 0.05 seconds; current allocated memory: 851.582 MB.
INFO: [HLS 200-10] ----------------------------------------------------------------
INFO: [HLS 200-10] -- Generating RTL for module 'AXIvideo2MultiPixStream_Pipeline_loop_wait_for_start' 
INFO: [HLS 200-10] ----------------------------------------------------------------
INFO: [RTGEN 206-100] Finished creating RTL model for 'AXIvideo2MultiPixStream_Pipeline_loop_wait_for_start'.
INFO: [HLS 200-111] Finished Creating RTL model: CPU user time: 0.04 seconds. CPU system time: 0 seconds. Elapsed time: 0.04 seconds; current allocated memory: 852.980 MB.
INFO: [HLS 200-10] ----------------------------------------------------------------
INFO: [HLS 200-10] -- Generating RTL for module 'AXIvideo2MultiPixStream_Pipeline_loop_width' 
INFO: [HLS 200-10] ----------------------------------------------------------------
INFO: [HLS 200-1030] Apply Unified Pipeline Control on module 'AXIvideo2MultiPixStream_Pipeline_loop_width' pipeline 'loop_width' pipeline type 'loop pipeline'
INFO: [RTGEN 206-100] Finished creating RTL model for 'AXIvideo2MultiPixStream_Pipeline_loop_width'.
INFO: [HLS 200-111] Finished Creating RTL model: CPU user time: 0.02 seconds. CPU system time: 0.01 seconds. Elapsed time: 0.04 seconds; current allocated memory: 853.695 MB.
INFO: [HLS 200-10] ----------------------------------------------------------------
INFO: [HLS 200-10] -- Generating RTL for module 'AXIvideo2MultiPixStream_Pipeline_loop_wait_for_eol' 
INFO: [HLS 200-10] ----------------------------------------------------------------
INFO: [RTGEN 206-100] Finished creating RTL model for 'AXIvideo2MultiPixStream_Pipeline_loop_wait_for_eol'.
INFO: [HLS 200-111] Finished Creating RTL model: CPU user time: 0.04 seconds. CPU system time: 0 seconds. Elapsed time: 0.04 seconds; current allocated memory: 854.918 MB.
INFO: [HLS 200-10] ----------------------------------------------------------------
INFO: [HLS 200-10] -- Generating RTL for module 'AXIvideo2MultiPixStream' 
INFO: [HLS 200-10] ----------------------------------------------------------------
INFO: [RTGEN 206-100] Finished creating RTL model for 'AXIvideo2MultiPixStream'.
INFO: [HLS 200-111] Finished Creating RTL model: CPU user time: 0.04 seconds. CPU system time: 0.01 seconds. Elapsed time: 0.04 seconds; current allocated memory: 855.633 MB.
INFO: [HLS 200-10] ----------------------------------------------------------------
INFO: [HLS 200-10] -- Generating RTL for module 'v_mix_420_to_422_false_Pipeline_VITIS_LOOP_76_2' 
INFO: [HLS 200-10] ----------------------------------------------------------------
INFO: [HLS 200-1030] Apply Unified Pipeline Control on module 'v_mix_420_to_422_false_Pipeline_VITIS_LOOP_76_2' pipeline 'VITIS_LOOP_76_2' pipeline type 'loop pipeline'
INFO: [RTGEN 206-100] Finished creating RTL model for 'v_mix_420_to_422_false_Pipeline_VITIS_LOOP_76_2'.
INFO: [HLS 200-111] Finished Creating RTL model: CPU user time: 0.03 seconds. CPU system time: 0 seconds. Elapsed time: 0.04 seconds; current allocated memory: 857.348 MB.
INFO: [HLS 200-10] ----------------------------------------------------------------
INFO: [HLS 200-10] -- Generating RTL for module 'v_mix_420_to_422_false_s' 
INFO: [HLS 200-10] ----------------------------------------------------------------
INFO: [RTGEN 206-100] Finished creating RTL model for 'v_mix_420_to_422_false_s'.
INFO: [HLS 200-111] Finished Creating RTL model: CPU user time: 0.03 seconds. CPU system time: 0.01 seconds. Elapsed time: 0.04 seconds; current allocated memory: 858.105 MB.
INFO: [HLS 200-10] ----------------------------------------------------------------
INFO: [HLS 200-10] -- Generating RTL for module 'v_mix_422_to_444_false_Pipeline_VITIS_LOOP_105_2' 
INFO: [HLS 200-10] ----------------------------------------------------------------
INFO: [HLS 200-1030] Apply Unified Pipeline Control on module 'v_mix_422_to_444_false_Pipeline_VITIS_LOOP_105_2' pipeline 'VITIS_LOOP_105_2' pipeline type 'loop pipeline'
INFO: [RTGEN 206-100] Finished creating RTL model for 'v_mix_422_to_444_false_Pipeline_VITIS_LOOP_105_2'.
INFO: [HLS 200-111] Finished Creating RTL model: CPU user time: 0.04 seconds. CPU system time: 0 seconds. Elapsed time: 0.03 seconds; current allocated memory: 858.875 MB.
INFO: [HLS 200-10] ----------------------------------------------------------------
INFO: [HLS 200-10] -- Generating RTL for module 'v_mix_422_to_444_false_s' 
INFO: [HLS 200-10] ----------------------------------------------------------------
INFO: [RTGEN 206-100] Finished creating RTL model for 'v_mix_422_to_444_false_s'.
INFO: [HLS 200-111] Finished Creating RTL model: CPU user time: 0.02 seconds. CPU system time: 0 seconds. Elapsed time: 0.03 seconds; current allocated memory: 859.547 MB.
INFO: [HLS 200-10] ----------------------------------------------------------------
INFO: [HLS 200-10] -- Generating RTL for module 'v_mix_yuv2rgb_false_Pipeline_VITIS_LOOP_897_2' 
INFO: [HLS 200-10] ----------------------------------------------------------------
INFO: [HLS 200-1030] Apply Unified Pipeline Control on module 'v_mix_yuv2rgb_false_Pipeline_VITIS_LOOP_897_2' pipeline 'VITIS_LOOP_897_2' pipeline type 'loop pipeline'
INFO: [RTGEN 206-100] Finished creating RTL model for 'v_mix_yuv2rgb_false_Pipeline_VITIS_LOOP_897_2'.
INFO: [HLS 200-111] Finished Creating RTL model: CPU user time: 0.04 seconds. CPU system time: 0 seconds. Elapsed time: 0.04 seconds; current allocated memory: 860.340 MB.
INFO: [HLS 200-10] ----------------------------------------------------------------
INFO: [HLS 200-10] -- Generating RTL for module 'v_mix_yuv2rgb_false_s' 
INFO: [HLS 200-10] ----------------------------------------------------------------
INFO: [RTGEN 206-100] Finished creating RTL model for 'v_mix_yuv2rgb_false_s'.
INFO: [HLS 200-111] Finished Creating RTL model: CPU user time: 0.04 seconds. CPU system time: 0.01 seconds. Elapsed time: 0.04 seconds; current allocated memory: 861.012 MB.
INFO: [HLS 200-10] ----------------------------------------------------------------
INFO: [HLS 200-10] -- Generating RTL for module 'v_mix_upsample_false_Pipeline_VITIS_LOOP_107_2' 
INFO: [HLS 200-10] ----------------------------------------------------------------
INFO: [HLS 200-1030] Apply Unified Pipeline Control on module 'v_mix_upsample_false_Pipeline_VITIS_LOOP_107_2' pipeline 'VITIS_LOOP_107_2' pipeline type 'loop pipeline'
INFO: [RTGEN 206-100] Finished creating RTL model for 'v_mix_upsample_false_Pipeline_VITIS_LOOP_107_2'.
INFO: [HLS 200-111] Finished Creating RTL model: CPU user time: 0.04 seconds. CPU system time: 0 seconds. Elapsed time: 0.05 seconds; current allocated memory: 861.758 MB.
INFO: [HLS 200-10] ----------------------------------------------------------------
INFO: [HLS 200-10] -- Generating RTL for module 'v_mix_upsample_false_s' 
INFO: [HLS 200-10] ----------------------------------------------------------------
INFO: [RTGEN 206-100] Finished creating RTL model for 'v_mix_upsample_false_s'.
INFO: [HLS 200-111] Finished Creating RTL model: CPU user time: 0.03 seconds. CPU system time: 0 seconds. Elapsed time: 0.03 seconds; current allocated memory: 862.445 MB.
INFO: [HLS 200-10] ----------------------------------------------------------------
INFO: [HLS 200-10] -- Generating RTL for module 'reg_unsigned_short_12' 
INFO: [HLS 200-10] ----------------------------------------------------------------
INFO: [HLS 200-1030] Apply Unified Pipeline Control on module 'reg_unsigned_short_12' pipeline 'reg<unsigned short>12' pipeline type 'function pipeline'
INFO: [RTGEN 206-100] Finished creating RTL model for 'reg_unsigned_short_12'.
INFO: [HLS 200-111] Finished Creating RTL model: CPU user time: 0.03 seconds. CPU system time: 0.01 seconds. Elapsed time: 0.04 seconds; current allocated memory: 863.203 MB.
INFO: [HLS 200-10] ----------------------------------------------------------------
INFO: [HLS 200-10] -- Generating RTL for module 'v_mix_core_alpha_true_false_Pipeline_VITIS_LOOP_395_3' 
INFO: [HLS 200-10] ----------------------------------------------------------------
INFO: [HLS 200-1030] Apply Unified Pipeline Control on module 'v_mix_core_alpha_true_false_Pipeline_VITIS_LOOP_395_3' pipeline 'VITIS_LOOP_395_3' pipeline type 'loop pipeline'
INFO: [RTGEN 206-100] Generating core module 'mac_muladd_9ns_9s_16ns_16_4_1': 2 instance(s).
INFO: [RTGEN 206-100] Generating core module 'mac_muladd_9s_9ns_16ns_16_4_1': 1 instance(s).
INFO: [RTGEN 206-100] Finished creating RTL model for 'v_mix_core_alpha_true_false_Pipeline_VITIS_LOOP_395_3'.
INFO: [HLS 200-111] Finished Creating RTL model: CPU user time: 0.04 seconds. CPU system time: 0 seconds. Elapsed time: 0.04 seconds; current allocated memory: 863.539 MB.
INFO: [HLS 200-10] ----------------------------------------------------------------
INFO: [HLS 200-10] -- Generating RTL for module 'v_mix_core_alpha_true_false_s' 
INFO: [HLS 200-10] ----------------------------------------------------------------
INFO: [RTGEN 206-100] Finished creating RTL model for 'v_mix_core_alpha_true_false_s'.
INFO: [HLS 200-111] Finished Creating RTL model: CPU user time: 0.05 seconds. CPU system time: 0 seconds. Elapsed time: 0.05 seconds; current allocated memory: 865.617 MB.
INFO: [HLS 200-10] ----------------------------------------------------------------
INFO: [HLS 200-10] -- Generating RTL for module 'v_mix_rgb2yuv_false_Pipeline_VITIS_LOOP_1042_2' 
INFO: [HLS 200-10] ----------------------------------------------------------------
INFO: [HLS 200-1030] Apply Unified Pipeline Control on module 'v_mix_rgb2yuv_false_Pipeline_VITIS_LOOP_1042_2' pipeline 'VITIS_LOOP_1042_2' pipeline type 'loop pipeline'
INFO: [RTGEN 206-100] Finished creating RTL model for 'v_mix_rgb2yuv_false_Pipeline_VITIS_LOOP_1042_2'.
INFO: [HLS 200-111] Finished Creating RTL model: CPU user time: 0.04 seconds. CPU system time: 0.01 seconds. Elapsed time: 0.05 seconds; current allocated memory: 867.207 MB.
INFO: [HLS 200-10] ----------------------------------------------------------------
INFO: [HLS 200-10] -- Generating RTL for module 'v_mix_rgb2yuv_false_s' 
INFO: [HLS 200-10] ----------------------------------------------------------------
INFO: [RTGEN 206-100] Finished creating RTL model for 'v_mix_rgb2yuv_false_s'.
INFO: [HLS 200-111] Finished Creating RTL model: CPU user time: 0.03 seconds. CPU system time: 0.01 seconds. Elapsed time: 0.04 seconds; current allocated memory: 867.859 MB.
INFO: [HLS 200-10] ----------------------------------------------------------------
INFO: [HLS 200-10] -- Generating RTL for module 'v_mix_444_to_422_false_Pipeline_VITIS_LOOP_718_2' 
INFO: [HLS 200-10] ----------------------------------------------------------------
INFO: [HLS 200-1030] Apply Unified Pipeline Control on module 'v_mix_444_to_422_false_Pipeline_VITIS_LOOP_718_2' pipeline 'VITIS_LOOP_718_2' pipeline type 'loop pipeline'
INFO: [RTGEN 206-100] Finished creating RTL model for 'v_mix_444_to_422_false_Pipeline_VITIS_LOOP_718_2'.
INFO: [HLS 200-111] Finished Creating RTL model: CPU user time: 0.04 seconds. CPU system time: 0 seconds. Elapsed time: 0.04 seconds; current allocated memory: 868.574 MB.
INFO: [HLS 200-10] ----------------------------------------------------------------
INFO: [HLS 200-10] -- Generating RTL for module 'v_mix_444_to_422_false_s' 
INFO: [HLS 200-10] ----------------------------------------------------------------
INFO: [RTGEN 206-100] Finished creating RTL model for 'v_mix_444_to_422_false_s'.
INFO: [HLS 200-111] Finished Creating RTL model: CPU user time: 0.04 seconds. CPU system time: 0 seconds. Elapsed time: 0.04 seconds; current allocated memory: 869.250 MB.
INFO: [HLS 200-10] ----------------------------------------------------------------
INFO: [HLS 200-10] -- Generating RTL for module 'v_mix_422_to_420_false_Pipeline_VITIS_LOOP_508_2' 
INFO: [HLS 200-10] ----------------------------------------------------------------
INFO: [HLS 200-1030] Apply Unified Pipeline Control on module 'v_mix_422_to_420_false_Pipeline_VITIS_LOOP_508_2' pipeline 'VITIS_LOOP_508_2' pipeline type 'loop pipeline'
INFO: [RTGEN 206-100] Finished creating RTL model for 'v_mix_422_to_420_false_Pipeline_VITIS_LOOP_508_2'.
INFO: [HLS 200-111] Finished Creating RTL model: CPU user time: 0.03 seconds. CPU system time: 0.01 seconds. Elapsed time: 0.04 seconds; current allocated memory: 869.934 MB.
INFO: [HLS 200-10] ----------------------------------------------------------------
INFO: [HLS 200-10] -- Generating RTL for module 'v_mix_422_to_420_false_s' 
INFO: [HLS 200-10] ----------------------------------------------------------------
INFO: [RTGEN 206-100] Finished creating RTL model for 'v_mix_422_to_420_false_s'.
INFO: [HLS 200-111] Finished Creating RTL model: CPU user time: 0.04 seconds. CPU system time: 0 seconds. Elapsed time: 0.04 seconds; current allocated memory: 870.621 MB.
INFO: [HLS 200-10] ----------------------------------------------------------------
INFO: [HLS 200-10] -- Generating RTL for module 'MultiPixStream2AXIvideo_Pipeline_VITIS_LOOP_3519_3' 
INFO: [HLS 200-10] ----------------------------------------------------------------
INFO: [HLS 200-1030] Apply Unified Pipeline Control on module 'MultiPixStream2AXIvideo_Pipeline_VITIS_LOOP_3519_3' pipeline 'VITIS_LOOP_3519_3' pipeline type 'loop pipeline'
INFO: [RTGEN 206-100] Finished creating RTL model for 'MultiPixStream2AXIvideo_Pipeline_VITIS_LOOP_3519_3'.
INFO: [HLS 200-111] Finished Creating RTL model: CPU user time: 0.04 seconds. CPU system time: 0.01 seconds. Elapsed time: 0.04 seconds; current allocated memory: 871.309 MB.
INFO: [HLS 200-10] ----------------------------------------------------------------
INFO: [HLS 200-10] -- Generating RTL for module 'MultiPixStream2AXIvideo' 
INFO: [HLS 200-10] ----------------------------------------------------------------
INFO: [RTGEN 206-100] Finished creating RTL model for 'MultiPixStream2AXIvideo'.
INFO: [HLS 200-111] Finished Creating RTL model: CPU user time: 0.04 seconds. CPU system time: 0 seconds. Elapsed time: 0.04 seconds; current allocated memory: 872.246 MB.
INFO: [HLS 200-10] ----------------------------------------------------------------
INFO: [HLS 200-10] -- Generating RTL for module 'VMixHlsDataFlowFunction' 
INFO: [HLS 200-10] ----------------------------------------------------------------
INFO: [RTGEN 206-100] Finished creating RTL model for 'VMixHlsDataFlowFunction'.
INFO: [RTMG 210-285] Implementing FIFO 'srcLayer0_U(design_1_v_mix_0_0_fifo_w24_d2_S)' using Shift Registers.
INFO: [RTMG 210-285] Implementing FIFO 'srcLayer0Yuv422_U(design_1_v_mix_0_0_fifo_w24_d2_S)' using Shift Registers.
INFO: [RTMG 210-285] Implementing FIFO 'srcLayer0Yuv_U(design_1_v_mix_0_0_fifo_w24_d2_S)' using Shift Registers.
INFO: [RTMG 210-285] Implementing FIFO 'outLayer0_U(design_1_v_mix_0_0_fifo_w24_d2_S)' using Shift Registers.
INFO: [RTMG 210-285] Implementing FIFO 'srcLayer1_U(design_1_v_mix_0_0_fifo_w24_d2_S)' using Shift Registers.
INFO: [RTMG 210-285] Implementing FIFO 'srcLayer1Yuv422_U(design_1_v_mix_0_0_fifo_w24_d2_S)' using Shift Registers.
INFO: [RTMG 210-285] Implementing FIFO 'srcLayer1Yuv_U(design_1_v_mix_0_0_fifo_w24_d2_S)' using Shift Registers.
INFO: [RTMG 210-285] Implementing FIFO 'srcLayer1Rgb_U(design_1_v_mix_0_0_fifo_w24_d2_S)' using Shift Registers.
INFO: [RTMG 210-285] Implementing FIFO 'srcLayer1x_U(design_1_v_mix_0_0_fifo_w24_d2_S)' using Shift Registers.
INFO: [RTMG 210-285] Implementing FIFO 'outLayer1_U(design_1_v_mix_0_0_fifo_w24_d2_S)' using Shift Registers.
INFO: [RTMG 210-285] Implementing FIFO 'srcLayer2_U(design_1_v_mix_0_0_fifo_w24_d2_S)' using Shift Registers.
INFO: [RTMG 210-285] Implementing FIFO 'srcLayer2Yuv422_U(design_1_v_mix_0_0_fifo_w24_d2_S)' using Shift Registers.
INFO: [RTMG 210-285] Implementing FIFO 'srcLayer2Yuv_U(design_1_v_mix_0_0_fifo_w24_d2_S)' using Shift Registers.
INFO: [RTMG 210-285] Implementing FIFO 'srcLayer2Rgb_U(design_1_v_mix_0_0_fifo_w24_d2_S)' using Shift Registers.
INFO: [RTMG 210-285] Implementing FIFO 'srcLayer2x_U(design_1_v_mix_0_0_fifo_w24_d2_S)' using Shift Registers.
INFO: [RTMG 210-285] Implementing FIFO 'outLayer2_U(design_1_v_mix_0_0_fifo_w24_d2_S)' using Shift Registers.
INFO: [RTMG 210-285] Implementing FIFO 'outYuv_U(design_1_v_mix_0_0_fifo_w24_d2_S)' using Shift Registers.
INFO: [RTMG 210-285] Implementing FIFO 'out422_U(design_1_v_mix_0_0_fifo_w24_d2_S)' using Shift Registers.
INFO: [RTMG 210-285] Implementing FIFO 'out420_U(design_1_v_mix_0_0_fifo_w24_d2_S)' using Shift Registers.
INFO: [RTMG 210-285] Implementing FIFO 'start_for_v_mix_420_to_422_false_2_U0_U(design_1_v_mix_0_0_start_for_v_mix_420_to_422_false_2_U0)' using Shift Registers.
INFO: [RTMG 210-285] Implementing FIFO 'start_for_v_mix_422_to_444_false_3_U0_U(design_1_v_mix_0_0_start_for_v_mix_422_to_444_false_3_U0)' using Shift Registers.
INFO: [RTMG 210-285] Implementing FIFO 'start_for_v_mix_yuv2rgb_false_4_U0_U(design_1_v_mix_0_0_start_for_v_mix_yuv2rgb_false_4_U0)' using Shift Registers.
INFO: [RTMG 210-285] Implementing FIFO 'start_for_v_mix_core_alpha_false_false_U0_U(design_1_v_mix_0_0_start_for_v_mix_core_alpha_false_false_U0)' using Shift Registers.
INFO: [RTMG 210-285] Implementing FIFO 'start_for_v_mix_420_to_422_false_6_U0_U(design_1_v_mix_0_0_start_for_v_mix_420_to_422_false_6_U0)' using Shift Registers.
INFO: [RTMG 210-285] Implementing FIFO 'start_for_v_mix_422_to_444_true_U0_U(design_1_v_mix_0_0_start_for_v_mix_422_to_444_true_U0)' using Shift Registers.
INFO: [RTMG 210-285] Implementing FIFO 'start_for_v_mix_yuv2rgb_true_U0_U(design_1_v_mix_0_0_start_for_v_mix_yuv2rgb_true_U0)' using Shift Registers.
INFO: [RTMG 210-285] Implementing FIFO 'start_for_v_mix_upsample_false_7_U0_U(design_1_v_mix_0_0_start_for_v_mix_upsample_false_7_U0)' using Shift Registers.
INFO: [RTMG 210-285] Implementing FIFO 'start_for_v_mix_core_alpha_true_false_U0_U(design_1_v_mix_0_0_start_for_v_mix_core_alpha_true_false_U0)' using Shift Registers.
INFO: [RTMG 210-285] Implementing FIFO 'start_for_v_mix_420_to_422_false_U0_U(design_1_v_mix_0_0_start_for_v_mix_420_to_422_false_U0)' using Shift Registers.
INFO: [RTMG 210-285] Implementing FIFO 'start_for_v_mix_422_to_444_false_U0_U(design_1_v_mix_0_0_start_for_v_mix_422_to_444_false_U0)' using Shift Registers.
INFO: [RTMG 210-285] Implementing FIFO 'start_for_v_mix_yuv2rgb_false_U0_U(design_1_v_mix_0_0_start_for_v_mix_yuv2rgb_false_U0)' using Shift Registers.
INFO: [RTMG 210-285] Implementing FIFO 'start_for_v_mix_upsample_false_U0_U(design_1_v_mix_0_0_start_for_v_mix_upsample_false_U0)' using Shift Registers.
INFO: [RTMG 210-285] Implementing FIFO 'start_for_v_mix_rgb2yuv_false_U0_U(design_1_v_mix_0_0_start_for_v_mix_rgb2yuv_false_U0)' using Shift Registers.
INFO: [RTMG 210-285] Implementing FIFO 'start_for_v_mix_444_to_422_false_U0_U(design_1_v_mix_0_0_start_for_v_mix_444_to_422_false_U0)' using Shift Registers.
INFO: [RTMG 210-285] Implementing FIFO 'start_for_v_mix_422_to_420_false_U0_U(design_1_v_mix_0_0_start_for_v_mix_422_to_420_false_U0)' using Shift Registers.
INFO: [RTMG 210-285] Implementing FIFO 'start_for_MultiPixStream2AXIvideo_U0_U(design_1_v_mix_0_0_start_for_MultiPixStream2AXIvideo_U0)' using Shift Registers.
INFO: [HLS 200-111] Finished Creating RTL model: CPU user time: 0.06 seconds. CPU system time: 0.01 seconds. Elapsed time: 0.07 seconds; current allocated memory: 875.168 MB.
INFO: [HLS 200-10] ----------------------------------------------------------------
INFO: [HLS 200-10] -- Generating RTL for module 'v_mix' 
INFO: [HLS 200-10] ----------------------------------------------------------------
WARNING: [RTGEN 206-101] Design contains AXI ports. Reset is fixed to synchronous and active low.
INFO: [RTGEN 206-500] Setting interface mode on port 'v_mix/s_axis_video_V_data_V' to 'axis' (register, both mode).
INFO: [RTGEN 206-500] Setting interface mode on port 'v_mix/s_axis_video_V_keep_V' to 'axis' (register, both mode).
INFO: [RTGEN 206-500] Setting interface mode on port 'v_mix/s_axis_video_V_strb_V' to 'axis' (register, both mode).
INFO: [RTGEN 206-500] Setting interface mode on port 'v_mix/s_axis_video_V_user_V' to 'axis' (register, both mode).
INFO: [RTGEN 206-500] Setting interface mode on port 'v_mix/s_axis_video_V_last_V' to 'axis' (register, both mode).
INFO: [RTGEN 206-500] Setting interface mode on port 'v_mix/s_axis_video_V_id_V' to 'axis' (register, both mode).
INFO: [RTGEN 206-500] Setting interface mode on port 'v_mix/s_axis_video_V_dest_V' to 'axis' (register, both mode).
INFO: [RTGEN 206-500] Setting interface mode on port 'v_mix/s_axis_video1_V_data_V' to 'axis' (register, both mode).
INFO: [RTGEN 206-500] Setting interface mode on port 'v_mix/s_axis_video1_V_keep_V' to 'axis' (register, both mode).
INFO: [RTGEN 206-500] Setting interface mode on port 'v_mix/s_axis_video1_V_strb_V' to 'axis' (register, both mode).
INFO: [RTGEN 206-500] Setting interface mode on port 'v_mix/s_axis_video1_V_user_V' to 'axis' (register, both mode).
INFO: [RTGEN 206-500] Setting interface mode on port 'v_mix/s_axis_video1_V_last_V' to 'axis' (register, both mode).
INFO: [RTGEN 206-500] Setting interface mode on port 'v_mix/s_axis_video1_V_id_V' to 'axis' (register, both mode).
INFO: [RTGEN 206-500] Setting interface mode on port 'v_mix/s_axis_video1_V_dest_V' to 'axis' (register, both mode).
INFO: [RTGEN 206-500] Setting interface mode on port 'v_mix/s_axis_video2_V_data_V' to 'axis' (register, both mode).
INFO: [RTGEN 206-500] Setting interface mode on port 'v_mix/s_axis_video2_V_keep_V' to 'axis' (register, both mode).
INFO: [RTGEN 206-500] Setting interface mode on port 'v_mix/s_axis_video2_V_strb_V' to 'axis' (register, both mode).
INFO: [RTGEN 206-500] Setting interface mode on port 'v_mix/s_axis_video2_V_user_V' to 'axis' (register, both mode).
INFO: [RTGEN 206-500] Setting interface mode on port 'v_mix/s_axis_video2_V_last_V' to 'axis' (register, both mode).
INFO: [RTGEN 206-500] Setting interface mode on port 'v_mix/s_axis_video2_V_id_V' to 'axis' (register, both mode).
INFO: [RTGEN 206-500] Setting interface mode on port 'v_mix/s_axis_video2_V_dest_V' to 'axis' (register, both mode).
INFO: [RTGEN 206-500] Setting interface mode on port 'v_mix/width' to 's_axilite & ap_none'.
INFO: [RTGEN 206-500] Setting interface mode on port 'v_mix/height' to 's_axilite & ap_none'.
INFO: [RTGEN 206-500] Setting interface mode on port 'v_mix/video_format' to 's_axilite & ap_none'.
INFO: [RTGEN 206-500] Setting interface mode on port 'v_mix/background_Y_R' to 's_axilite & ap_none'.
INFO: [RTGEN 206-500] Setting interface mode on port 'v_mix/background_U_G' to 's_axilite & ap_none'.
INFO: [RTGEN 206-500] Setting interface mode on port 'v_mix/background_V_B' to 's_axilite & ap_none'.
INFO: [RTGEN 206-500] Setting interface mode on port 'v_mix/layerEnable' to 's_axilite & ap_none'.
INFO: [RTGEN 206-500] Setting interface mode on port 'v_mix/layerAlpha_0' to 'ap_none'.
INFO: [RTGEN 206-500] Setting interface mode on port 'v_mix/layerAlpha_1' to 's_axilite & ap_none'.
INFO: [RTGEN 206-500] Setting interface mode on port 'v_mix/layerAlpha_2' to 's_axilite & ap_none'.
INFO: [RTGEN 206-500] Setting interface mode on port 'v_mix/layerStartX_0' to 'ap_none'.
INFO: [RTGEN 206-500] Setting interface mode on port 'v_mix/layerStartX_1' to 's_axilite & ap_none'.
INFO: [RTGEN 206-500] Setting interface mode on port 'v_mix/layerStartX_2' to 's_axilite & ap_none'.
INFO: [RTGEN 206-500] Setting interface mode on port 'v_mix/layerStartY_0' to 'ap_none'.
INFO: [RTGEN 206-500] Setting interface mode on port 'v_mix/layerStartY_1' to 's_axilite & ap_none'.
INFO: [RTGEN 206-500] Setting interface mode on port 'v_mix/layerStartY_2' to 's_axilite & ap_none'.
INFO: [RTGEN 206-500] Setting interface mode on port 'v_mix/layerWidth_0' to 'ap_none'.
INFO: [RTGEN 206-500] Setting interface mode on port 'v_mix/layerWidth_1' to 's_axilite & ap_none'.
INFO: [RTGEN 206-500] Setting interface mode on port 'v_mix/layerWidth_2' to 's_axilite & ap_none'.
INFO: [RTGEN 206-500] Setting interface mode on port 'v_mix/layerHeight_0' to 'ap_none'.
INFO: [RTGEN 206-500] Setting interface mode on port 'v_mix/layerHeight_1' to 's_axilite & ap_none'.
INFO: [RTGEN 206-500] Setting interface mode on port 'v_mix/layerHeight_2' to 's_axilite & ap_none'.
INFO: [RTGEN 206-500] Setting interface mode on port 'v_mix/layerScaleFactor_0' to 'ap_none'.
INFO: [RTGEN 206-500] Setting interface mode on port 'v_mix/layerScaleFactor_1' to 's_axilite & ap_none'.
INFO: [RTGEN 206-500] Setting interface mode on port 'v_mix/layerScaleFactor_2' to 's_axilite & ap_none'.
INFO: [RTGEN 206-500] Setting interface mode on port 'v_mix/layerVideoFormat' to 'ap_memory'.
INFO: [RTGEN 206-500] Setting interface mode on port 'v_mix/layerStride_0' to 'ap_none'.
INFO: [RTGEN 206-500] Setting interface mode on port 'v_mix/layerStride_1' to 's_axilite & ap_none'.
INFO: [RTGEN 206-500] Setting interface mode on port 'v_mix/layerStride_2' to 's_axilite & ap_none'.
INFO: [RTGEN 206-500] Setting interface mode on port 'v_mix/reserve' to 's_axilite & ap_none'.
INFO: [RTGEN 206-500] Setting interface mode on port 'v_mix/K11' to 'ap_none'.
INFO: [RTGEN 206-500] Setting interface mode on port 'v_mix/K12' to 'ap_none'.
INFO: [RTGEN 206-500] Setting interface mode on port 'v_mix/K13' to 'ap_none'.
INFO: [RTGEN 206-500] Setting interface mode on port 'v_mix/K21' to 'ap_none'.
INFO: [RTGEN 206-500] Setting interface mode on port 'v_mix/K22' to 'ap_none'.
INFO: [RTGEN 206-500] Setting interface mode on port 'v_mix/K23' to 'ap_none'.
INFO: [RTGEN 206-500] Setting interface mode on port 'v_mix/K31' to 'ap_none'.
INFO: [RTGEN 206-500] Setting interface mode on port 'v_mix/K32' to 'ap_none'.
INFO: [RTGEN 206-500] Setting interface mode on port 'v_mix/K33' to 'ap_none'.
INFO: [RTGEN 206-500] Setting interface mode on port 'v_mix/ROffset' to 'ap_none'.
INFO: [RTGEN 206-500] Setting interface mode on port 'v_mix/GOffset' to 'ap_none'.
INFO: [RTGEN 206-500] Setting interface mode on port 'v_mix/BOffset' to 'ap_none'.
INFO: [RTGEN 206-500] Setting interface mode on port 'v_mix/K11_2' to 'ap_none'.
INFO: [RTGEN 206-500] Setting interface mode on port 'v_mix/K12_2' to 'ap_none'.
INFO: [RTGEN 206-500] Setting interface mode on port 'v_mix/K13_2' to 'ap_none'.
INFO: [RTGEN 206-500] Setting interface mode on port 'v_mix/K21_2' to 'ap_none'.
INFO: [RTGEN 206-500] Setting interface mode on port 'v_mix/K22_2' to 'ap_none'.
INFO: [RTGEN 206-500] Setting interface mode on port 'v_mix/K23_2' to 'ap_none'.
INFO: [RTGEN 206-500] Setting interface mode on port 'v_mix/K31_2' to 'ap_none'.
INFO: [RTGEN 206-500] Setting interface mode on port 'v_mix/K32_2' to 'ap_none'.
INFO: [RTGEN 206-500] Setting interface mode on port 'v_mix/K33_2' to 'ap_none'.
INFO: [RTGEN 206-500] Setting interface mode on port 'v_mix/YOffset' to 'ap_none'.
INFO: [RTGEN 206-500] Setting interface mode on port 'v_mix/UOffset' to 'ap_none'.
INFO: [RTGEN 206-500] Setting interface mode on port 'v_mix/VOffset' to 'ap_none'.
INFO: [RTGEN 206-500] Setting interface mode on port 'v_mix/m_axis_video_V_data_V' to 'axis' (register, both mode).
INFO: [RTGEN 206-500] Setting interface mode on port 'v_mix/m_axis_video_V_keep_V' to 'axis' (register, both mode).
INFO: [RTGEN 206-500] Setting interface mode on port 'v_mix/m_axis_video_V_strb_V' to 'axis' (register, both mode).
INFO: [RTGEN 206-500] Setting interface mode on port 'v_mix/m_axis_video_V_user_V' to 'axis' (register, both mode).
INFO: [RTGEN 206-500] Setting interface mode on port 'v_mix/m_axis_video_V_last_V' to 'axis' (register, both mode).
INFO: [RTGEN 206-500] Setting interface mode on port 'v_mix/m_axis_video_V_id_V' to 'axis' (register, both mode).
INFO: [RTGEN 206-500] Setting interface mode on port 'v_mix/m_axis_video_V_dest_V' to 'axis' (register, both mode).
INFO: [RTGEN 206-500] Setting interface mode on function 'v_mix' to 's_axilite & ap_ctrl_hs'.
INFO: [RTGEN 206-100] Bundling port 'width', 'height', 'video_format', 'background_Y_R', 'background_U_G', 'background_V_B', 'layerEnable', 'layerAlpha_1', 'layerStartX_1', 'layerStartY_1', 'layerWidth_1', 'layerStride_1', 'layerHeight_1', 'layerScaleFactor_1', 'layerAlpha_2', 'layerStartX_2', 'layerStartY_2', 'layerWidth_2', 'layerStride_2', 'layerHeight_2', 'layerScaleFactor_2', 'reserve' and 'return' to AXI-Lite port CTRL.
WARNING: [RTGEN 206-101] Port 'v_mix/layerVideoFormat_address0' has no fanin or fanout and is left dangling.
               Please use C simulation to confirm this function argument can be read from or written to.
WARNING: [RTGEN 206-101] Setting dangling out port 'v_mix/layerVideoFormat_address0' to 0.
WARNING: [RTGEN 206-101] Port 'v_mix/layerVideoFormat_ce0' has no fanin or fanout and is left dangling.
               Please use C simulation to confirm this function argument can be read from or written to.
WARNING: [RTGEN 206-101] Setting dangling out port 'v_mix/layerVideoFormat_ce0' to 0.
WARNING: [RTGEN 206-101] Port 'v_mix/layerVideoFormat_we0' has no fanin or fanout and is left dangling.
               Please use C simulation to confirm this function argument can be read from or written to.
WARNING: [RTGEN 206-101] Setting dangling out port 'v_mix/layerVideoFormat_we0' to 0.
WARNING: [RTGEN 206-101] Port 'v_mix/layerVideoFormat_d0' has no fanin or fanout and is left dangling.
               Please use C simulation to confirm this function argument can be read from or written to.
WARNING: [RTGEN 206-101] Setting dangling out port 'v_mix/layerVideoFormat_d0' to 0.
WARNING: [RTGEN 206-101] Port 'v_mix/layerVideoFormat_q0' has no fanin or fanout and is left dangling.
               Please use C simulation to confirm this function argument can be read from or written to.
WARNING: [RTGEN 206-101] Port 'v_mix/layerVideoFormat_address1' has no fanin or fanout and is left dangling.
               Please use C simulation to confirm this function argument can be read from or written to.
WARNING: [RTGEN 206-101] Setting dangling out port 'v_mix/layerVideoFormat_address1' to 0.
WARNING: [RTGEN 206-101] Port 'v_mix/layerVideoFormat_ce1' has no fanin or fanout and is left dangling.
               Please use C simulation to confirm this function argument can be read from or written to.
WARNING: [RTGEN 206-101] Setting dangling out port 'v_mix/layerVideoFormat_ce1' to 0.
WARNING: [RTGEN 206-101] Port 'v_mix/layerVideoFormat_we1' has no fanin or fanout and is left dangling.
               Please use C simulation to confirm this function argument can be read from or written to.
WARNING: [RTGEN 206-101] Setting dangling out port 'v_mix/layerVideoFormat_we1' to 0.
WARNING: [RTGEN 206-101] Port 'v_mix/layerVideoFormat_d1' has no fanin or fanout and is left dangling.
               Please use C simulation to confirm this function argument can be read from or written to.
WARNING: [RTGEN 206-101] Setting dangling out port 'v_mix/layerVideoFormat_d1' to 0.
WARNING: [RTGEN 206-101] Port 'v_mix/layerVideoFormat_q1' has no fanin or fanout and is left dangling.
               Please use C simulation to confirm this function argument can be read from or written to.
WARNING: [RTGEN 206-101] Port 'v_mix/layerStride_0' has no fanin or fanout and is left dangling.
               Please use C simulation to confirm this function argument can be read from or written to.
WARNING: [RTGEN 206-101] Port 'v_mix/K11' has no fanin or fanout and is left dangling.
               Please use C simulation to confirm this function argument can be read from or written to.
WARNING: [RTGEN 206-101] Port 'v_mix/K12' has no fanin or fanout and is left dangling.
               Please use C simulation to confirm this function argument can be read from or written to.
WARNING: [RTGEN 206-101] Port 'v_mix/K13' has no fanin or fanout and is left dangling.
               Please use C simulation to confirm this function argument can be read from or written to.
WARNING: [RTGEN 206-101] Port 'v_mix/K21' has no fanin or fanout and is left dangling.
               Please use C simulation to confirm this function argument can be read from or written to.
WARNING: [RTGEN 206-101] Port 'v_mix/K22' has no fanin or fanout and is left dangling.
               Please use C simulation to confirm this function argument can be read from or written to.
WARNING: [RTGEN 206-101] Port 'v_mix/K23' has no fanin or fanout and is left dangling.
               Please use C simulation to confirm this function argument can be read from or written to.
WARNING: [RTGEN 206-101] Port 'v_mix/K31' has no fanin or fanout and is left dangling.
               Please use C simulation to confirm this function argument can be read from or written to.
WARNING: [RTGEN 206-101] Port 'v_mix/K32' has no fanin or fanout and is left dangling.
               Please use C simulation to confirm this function argument can be read from or written to.
WARNING: [RTGEN 206-101] Port 'v_mix/K33' has no fanin or fanout and is left dangling.
               Please use C simulation to confirm this function argument can be read from or written to.
WARNING: [RTGEN 206-101] Port 'v_mix/ROffset' has no fanin or fanout and is left dangling.
               Please use C simulation to confirm this function argument can be read from or written to.
WARNING: [RTGEN 206-101] Port 'v_mix/GOffset' has no fanin or fanout and is left dangling.
               Please use C simulation to confirm this function argument can be read from or written to.
WARNING: [RTGEN 206-101] Port 'v_mix/BOffset' has no fanin or fanout and is left dangling.
               Please use C simulation to confirm this function argument can be read from or written to.
WARNING: [RTGEN 206-101] Port 'v_mix/K11_2' has no fanin or fanout and is left dangling.
               Please use C simulation to confirm this function argument can be read from or written to.
WARNING: [RTGEN 206-101] Port 'v_mix/K12_2' has no fanin or fanout and is left dangling.
               Please use C simulation to confirm this function argument can be read from or written to.
WARNING: [RTGEN 206-101] Port 'v_mix/K13_2' has no fanin or fanout and is left dangling.
               Please use C simulation to confirm this function argument can be read from or written to.
WARNING: [RTGEN 206-101] Port 'v_mix/K21_2' has no fanin or fanout and is left dangling.
               Please use C simulation to confirm this function argument can be read from or written to.
WARNING: [RTGEN 206-101] Port 'v_mix/K22_2' has no fanin or fanout and is left dangling.
               Please use C simulation to confirm this function argument can be read from or written to.
WARNING: [RTGEN 206-101] Port 'v_mix/K23_2' has no fanin or fanout and is left dangling.
               Please use C simulation to confirm this function argument can be read from or written to.
WARNING: [RTGEN 206-101] Port 'v_mix/K31_2' has no fanin or fanout and is left dangling.
               Please use C simulation to confirm this function argument can be read from or written to.
WARNING: [RTGEN 206-101] Port 'v_mix/K32_2' has no fanin or fanout and is left dangling.
               Please use C simulation to confirm this function argument can be read from or written to.
WARNING: [RTGEN 206-101] Port 'v_mix/K33_2' has no fanin or fanout and is left dangling.
               Please use C simulation to confirm this function argument can be read from or written to.
WARNING: [RTGEN 206-101] Port 'v_mix/YOffset' has no fanin or fanout and is left dangling.
               Please use C simulation to confirm this function argument can be read from or written to.
WARNING: [RTGEN 206-101] Port 'v_mix/UOffset' has no fanin or fanout and is left dangling.
               Please use C simulation to confirm this function argument can be read from or written to.
WARNING: [RTGEN 206-101] Port 'v_mix/VOffset' has no fanin or fanout and is left dangling.
               Please use C simulation to confirm this function argument can be read from or written to.
INFO: [RTGEN 206-100] Generating core module 'bitselect_1ns_32ns_2ns_1_1_1': 1 instance(s).
INFO: [RTGEN 206-100] Generating core module 'sparsemux_7_2_16_1_1': 5 instance(s).
INFO: [RTGEN 206-100] Generating core module 'sparsemux_7_2_8_1_1': 1 instance(s).
INFO: [RTGEN 206-100] Finished creating RTL model for 'v_mix'.
INFO: [HLS 200-111] Finished Creating RTL model: CPU user time: 0.08 seconds. CPU system time: 0.01 seconds. Elapsed time: 0.09 seconds; current allocated memory: 879.035 MB.
INFO: [HLS 200-111] Finished Generating all RTL models: CPU user time: 0.26 seconds. CPU system time: 0.07 seconds. Elapsed time: 0.33 seconds; current allocated memory: 884.668 MB.
INFO: [HLS 200-111] Finished Updating report files: CPU user time: 5.42 seconds. CPU system time: 0.08 seconds. Elapsed time: 5.5 seconds; current allocated memory: 914.027 MB.
INFO: [VHDL 208-304] Generating VHDL RTL for v_mix with prefix design_1_v_mix_0_0_.
INFO: [VLOG 209-307] Generating Verilog RTL for v_mix with prefix design_1_v_mix_0_0_.
INFO: [HLS 200-790] **** Loop Constraint Status: All loop constraints were satisfied.
INFO: [HLS 200-789] **** Estimated Fmax: 273.97 MHz
INFO: [HLS 200-2161] Finished Command csynth_design Elapsed time: 00:01:03; Allocated memory: 667.156 MB.
INFO: [HLS 200-1510] Running: export_design -format ip_catalog 
INFO: [IMPL 213-8] Exporting RTL as a Vivado IP.
INFO: [HLS 200-802] Generated output file prj/sol/impl/export.zip
INFO: [HLS 200-2161] Finished Command export_design Elapsed time: 00:00:30; Allocated memory: 13.398 MB.
